ISO-10303-21;
HEADER;
/* Generated by software containing ST-Developer
 * from STEP Tools, Inc. (www.steptools.com) 
 */
/* OPTION: using custom schema-name function */

FILE_DESCRIPTION(
/* description */ (''),
/* implementation_level */ '2;1');

FILE_NAME(
/* name */ 'V2-D10000001281811_A001.stp',
/* time_stamp */ '2026-02-12T13:53:44+01:00',
/* author */ (''),
/* organization */ (''),
/* preprocessor_version */ 'ST-DEVELOPER v20',
/* originating_system */ 'SIEMENS PLM Software NX2312.8501',
/* authorisation */ '');

FILE_SCHEMA (('AUTOMOTIVE_DESIGN { 1 0 10303 214 3 1 1 1 }'));
ENDSEC;

DATA;
#10=CONTEXT_DEPENDENT_SHAPE_REPRESENTATION(#20,#51);
#11=CONTEXT_DEPENDENT_SHAPE_REPRESENTATION(#21,#53);
#12=CONTEXT_DEPENDENT_SHAPE_REPRESENTATION(#22,#54);
#13=CONTEXT_DEPENDENT_SHAPE_REPRESENTATION(#23,#55);
#14=CONTEXT_DEPENDENT_SHAPE_REPRESENTATION(#24,#56);
#15=NEXT_ASSEMBLY_USAGE_OCCURRENCE('1001',' ','D10000001282297',#61,#57,
$);
#16=NEXT_ASSEMBLY_USAGE_OCCURRENCE('1002',' ','D10000001282911',#62,#60,
$);
#17=NEXT_ASSEMBLY_USAGE_OCCURRENCE('1003',' ','D10000001281828',#62,#61,
$);
#18=NEXT_ASSEMBLY_USAGE_OCCURRENCE('1004',' ','D10000001281843',#62,#59,
$);
#19=NEXT_ASSEMBLY_USAGE_OCCURRENCE('1005',' ','D10000001281836',#62,#58,
$);
#20=(
REPRESENTATION_RELATIONSHIP(' ',' ',#95,#99)
REPRESENTATION_RELATIONSHIP_WITH_TRANSFORMATION(#25)
SHAPE_REPRESENTATION_RELATIONSHIP()
);
#21=(
REPRESENTATION_RELATIONSHIP(' ',' ',#98,#100)
REPRESENTATION_RELATIONSHIP_WITH_TRANSFORMATION(#26)
SHAPE_REPRESENTATION_RELATIONSHIP()
);
#22=(
REPRESENTATION_RELATIONSHIP(' ',' ',#99,#100)
REPRESENTATION_RELATIONSHIP_WITH_TRANSFORMATION(#27)
SHAPE_REPRESENTATION_RELATIONSHIP()
);
#23=(
REPRESENTATION_RELATIONSHIP(' ',' ',#97,#100)
REPRESENTATION_RELATIONSHIP_WITH_TRANSFORMATION(#28)
SHAPE_REPRESENTATION_RELATIONSHIP()
);
#24=(
REPRESENTATION_RELATIONSHIP(' ',' ',#96,#100)
REPRESENTATION_RELATIONSHIP_WITH_TRANSFORMATION(#29)
SHAPE_REPRESENTATION_RELATIONSHIP()
);
#25=ITEM_DEFINED_TRANSFORMATION(' ',' ',#4580,#4869);
#26=ITEM_DEFINED_TRANSFORMATION(' ',' ',#4580,#4870);
#27=ITEM_DEFINED_TRANSFORMATION(' ',' ',#4580,#4871);
#28=ITEM_DEFINED_TRANSFORMATION(' ',' ',#4580,#4872);
#29=ITEM_DEFINED_TRANSFORMATION(' ',' ',#4580,#4873);
#30=SHAPE_REPRESENTATION_RELATIONSHIP('MODEL',
'relationship between Inlet_test-D10000001282297_A001-MODEL and Inlet_
test-D10000001282297_A001-MODEL',#95,#35);
#31=SHAPE_REPRESENTATION_RELATIONSHIP('MODEL',
'relationship between Tip_B-D10000001281836_A001-MODEL and Tip_B-D1000
0001281836_A001-MODEL',#96,#36);
#32=SHAPE_REPRESENTATION_RELATIONSHIP('MODEL',
'relationship between Sweeps_neg-D10000001281843_A001-MODEL and Sweeps
_neg-D10000001281843_A001-MODEL',#97,#37);
#33=SHAPE_REPRESENTATION_RELATIONSHIP('MODEL',
'relationship between 350um-D10000001282911_A001-MODEL and 350um-D1000
0001282911_A001-MODEL',#98,#38);
#34=SHAPE_REPRESENTATION_RELATIONSHIP('MODEL',
'relationship between Sweeps_V-D10000001281828_A001_MODEL-MODEL and Sw
eeps_V-D10000001281828_A001_MODEL-MODEL',#99,#39);
#35=ADVANCED_BREP_SHAPE_REPRESENTATION(
'Inlet_test-D10000001282297_A001-MODEL',(#2072),#9468);
#36=ADVANCED_BREP_SHAPE_REPRESENTATION(
'Tip_B-D10000001281836_A001-MODEL',(#2076),#9467);
#37=ADVANCED_BREP_SHAPE_REPRESENTATION(
'Sweeps_neg-D10000001281843_A001-MODEL',(#2075),#9466);
#38=ADVANCED_BREP_SHAPE_REPRESENTATION(
'350um-D10000001282911_A001-MODEL',(#2070,#2071),#9464);
#39=ADVANCED_BREP_SHAPE_REPRESENTATION(
'Sweeps_V-D10000001281828_A001_MODEL-MODEL',(#2073,#2074),#9465);
#40=SHAPE_DEFINITION_REPRESENTATION(#46,#95);
#41=SHAPE_DEFINITION_REPRESENTATION(#47,#96);
#42=SHAPE_DEFINITION_REPRESENTATION(#48,#97);
#43=SHAPE_DEFINITION_REPRESENTATION(#49,#98);
#44=SHAPE_DEFINITION_REPRESENTATION(#50,#99);
#45=SHAPE_DEFINITION_REPRESENTATION(#52,#100);
#46=PRODUCT_DEFINITION_SHAPE('','',#57);
#47=PRODUCT_DEFINITION_SHAPE('','',#58);
#48=PRODUCT_DEFINITION_SHAPE('','',#59);
#49=PRODUCT_DEFINITION_SHAPE('','',#60);
#50=PRODUCT_DEFINITION_SHAPE('','',#61);
#51=PRODUCT_DEFINITION_SHAPE(' ','NAUO PRDDFN',#15);
#52=PRODUCT_DEFINITION_SHAPE('','',#62);
#53=PRODUCT_DEFINITION_SHAPE(' ','NAUO PRDDFN',#16);
#54=PRODUCT_DEFINITION_SHAPE(' ','NAUO PRDDFN',#17);
#55=PRODUCT_DEFINITION_SHAPE(' ','NAUO PRDDFN',#18);
#56=PRODUCT_DEFINITION_SHAPE(' ','NAUO PRDDFN',#19);
#57=PRODUCT_DEFINITION(' ','',#69,#63);
#58=PRODUCT_DEFINITION(' ','',#70,#64);
#59=PRODUCT_DEFINITION(' ','',#71,#65);
#60=PRODUCT_DEFINITION(' ','',#72,#66);
#61=PRODUCT_DEFINITION(' ','',#73,#67);
#62=PRODUCT_DEFINITION(' ','',#74,#68);
#63=PRODUCT_DEFINITION_CONTEXT('part definition',#94,'design');
#64=PRODUCT_DEFINITION_CONTEXT('part definition',#94,'design');
#65=PRODUCT_DEFINITION_CONTEXT('part definition',#94,'design');
#66=PRODUCT_DEFINITION_CONTEXT('part definition',#94,'design');
#67=PRODUCT_DEFINITION_CONTEXT('part definition',#94,'design');
#68=PRODUCT_DEFINITION_CONTEXT('part definition',#94,'design');
#69=PRODUCT_DEFINITION_FORMATION_WITH_SPECIFIED_SOURCE(' ',' ',#81,
 .NOT_KNOWN.);
#70=PRODUCT_DEFINITION_FORMATION_WITH_SPECIFIED_SOURCE(' ',' ',#82,
 .NOT_KNOWN.);
#71=PRODUCT_DEFINITION_FORMATION_WITH_SPECIFIED_SOURCE(' ',' ',#83,
 .NOT_KNOWN.);
#72=PRODUCT_DEFINITION_FORMATION_WITH_SPECIFIED_SOURCE(' ',' ',#84,
 .NOT_KNOWN.);
#73=PRODUCT_DEFINITION_FORMATION_WITH_SPECIFIED_SOURCE(' ',' ',#85,
 .NOT_KNOWN.);
#74=PRODUCT_DEFINITION_FORMATION_WITH_SPECIFIED_SOURCE(' ',' ',#86,
 .NOT_KNOWN.);
#75=PRODUCT_RELATED_PRODUCT_CATEGORY('part','',(#81));
#76=PRODUCT_RELATED_PRODUCT_CATEGORY('part','',(#82));
#77=PRODUCT_RELATED_PRODUCT_CATEGORY('part','',(#83));
#78=PRODUCT_RELATED_PRODUCT_CATEGORY('part','',(#84));
#79=PRODUCT_RELATED_PRODUCT_CATEGORY('part','',(#85));
#80=PRODUCT_RELATED_PRODUCT_CATEGORY('part','',(#86));
#81=PRODUCT('Inlet_test-D10000001282297_A001',
'Inlet_test-D10000001282297_A001',' ',(#87));
#82=PRODUCT('Tip_B-D10000001281836_A001','Tip_B-D10000001281836_A001',
' ',(#88));
#83=PRODUCT('Sweeps_neg-D10000001281843_A001',
'Sweeps_neg-D10000001281843_A001',' ',(#89));
#84=PRODUCT('350um-D10000001282911_A001','350um-D10000001282911_A001',
' ',(#90));
#85=PRODUCT('Sweeps_V-D10000001281828_A001_MODEL',
'Sweeps_V-D10000001281828_A001_MODEL',' ',(#91));
#86=PRODUCT('V-D10000001281811_A001','V-D10000001281811_A001',' ',(#92));
#87=PRODUCT_CONTEXT(' ',#94,'mechanical');
#88=PRODUCT_CONTEXT(' ',#94,'mechanical');
#89=PRODUCT_CONTEXT(' ',#94,'mechanical');
#90=PRODUCT_CONTEXT(' ',#94,'mechanical');
#91=PRODUCT_CONTEXT(' ',#94,'mechanical');
#92=PRODUCT_CONTEXT(' ',#94,'mechanical');
#93=APPLICATION_PROTOCOL_DEFINITION('international standard',
'automotive_design',2010,#94);
#94=APPLICATION_CONTEXT(
'core data for automotive mechanical design processes');
#95=SHAPE_REPRESENTATION('Inlet_test-D10000001282297_A001-MODEL',(#4580),
#9468);
#96=SHAPE_REPRESENTATION('Tip_B-D10000001281836_A001-MODEL',(#4580),#9467);
#97=SHAPE_REPRESENTATION('Sweeps_neg-D10000001281843_A001-MODEL',(#4580),
#9466);
#98=SHAPE_REPRESENTATION('350um-D10000001282911_A001-MODEL',(#4580),#9464);
#99=SHAPE_REPRESENTATION('Sweeps_V-D10000001281828_A001_MODEL-MODEL',(#4580,
#4869),#9465);
#100=SHAPE_REPRESENTATION('V-D10000001281811_A001-none',(#4580,#4870,#4871,
#4872,#4873),#9463);
#101=(
BOUNDED_CURVE()
B_SPLINE_CURVE(2,(#8366,#8367,#8368),.UNSPECIFIED.,.F.,.F.)
B_SPLINE_CURVE_WITH_KNOTS((3,3),(0.,1.),.UNSPECIFIED.)
CURVE()
GEOMETRIC_REPRESENTATION_ITEM()
RATIONAL_B_SPLINE_CURVE((0.999269886078599,0.635941423119773,0.991421787990945))
REPRESENTATION_ITEM('')
);
#102=B_SPLINE_SURFACE_WITH_KNOTS('',3,3,((#6710,#6711,#6712,#6713,#6714,
#6715,#6716),(#6717,#6718,#6719,#6720,#6721,#6722,#6723),(#6724,#6725,#6726,
#6727,#6728,#6729,#6730),(#6731,#6732,#6733,#6734,#6735,#6736,#6737),(#6738,
#6739,#6740,#6741,#6742,#6743,#6744),(#6745,#6746,#6747,#6748,#6749,#6750,
#6751),(#6752,#6753,#6754,#6755,#6756,#6757,#6758),(#6759,#6760,#6761,#6762,
#6763,#6764,#6765),(#6766,#6767,#6768,#6769,#6770,#6771,#6772),(#6773,#6774,
#6775,#6776,#6777,#6778,#6779),(#6780,#6781,#6782,#6783,#6784,#6785,#6786),
(#6787,#6788,#6789,#6790,#6791,#6792,#6793),(#6794,#6795,#6796,#6797,#6798,
#6799,#6800),(#6801,#6802,#6803,#6804,#6805,#6806,#6807),(#6808,#6809,#6810,
#6811,#6812,#6813,#6814),(#6815,#6816,#6817,#6818,#6819,#6820,#6821),(#6822,
#6823,#6824,#6825,#6826,#6827,#6828),(#6829,#6830,#6831,#6832,#6833,#6834,
#6835),(#6836,#6837,#6838,#6839,#6840,#6841,#6842),(#6843,#6844,#6845,#6846,
#6847,#6848,#6849),(#6850,#6851,#6852,#6853,#6854,#6855,#6856),(#6857,#6858,
#6859,#6860,#6861,#6862,#6863),(#6864,#6865,#6866,#6867,#6868,#6869,#6870),
(#6871,#6872,#6873,#6874,#6875,#6876,#6877),(#6878,#6879,#6880,#6881,#6882,
#6883,#6884),(#6885,#6886,#6887,#6888,#6889,#6890,#6891),(#6892,#6893,#6894,
#6895,#6896,#6897,#6898),(#6899,#6900,#6901,#6902,#6903,#6904,#6905),(#6906,
#6907,#6908,#6909,#6910,#6911,#6912),(#6913,#6914,#6915,#6916,#6917,#6918,
#6919),(#6920,#6921,#6922,#6923,#6924,#6925,#6926),(#6927,#6928,#6929,#6930,
#6931,#6932,#6933),(#6934,#6935,#6936,#6937,#6938,#6939,#6940),(#6941,#6942,
#6943,#6944,#6945,#6946,#6947),(#6948,#6949,#6950,#6951,#6952,#6953,#6954),
(#6955,#6956,#6957,#6958,#6959,#6960,#6961),(#6962,#6963,#6964,#6965,#6966,
#6967,#6968),(#6969,#6970,#6971,#6972,#6973,#6974,#6975),(#6976,#6977,#6978,
#6979,#6980,#6981,#6982),(#6983,#6984,#6985,#6986,#6987,#6988,#6989),(#6990,
#6991,#6992,#6993,#6994,#6995,#6996),(#6997,#6998,#6999,#7000,#7001,#7002,
#7003),(#7004,#7005,#7006,#7007,#7008,#7009,#7010),(#7011,#7012,#7013,#7014,
#7015,#7016,#7017),(#7018,#7019,#7020,#7021,#7022,#7023,#7024),(#7025,#7026,
#7027,#7028,#7029,#7030,#7031),(#7032,#7033,#7034,#7035,#7036,#7037,#7038),
(#7039,#7040,#7041,#7042,#7043,#7044,#7045),(#7046,#7047,#7048,#7049,#7050,
#7051,#7052),(#7053,#7054,#7055,#7056,#7057,#7058,#7059),(#7060,#7061,#7062,
#7063,#7064,#7065,#7066),(#7067,#7068,#7069,#7070,#7071,#7072,#7073),(#7074,
#7075,#7076,#7077,#7078,#7079,#7080),(#7081,#7082,#7083,#7084,#7085,#7086,
#7087),(#7088,#7089,#7090,#7091,#7092,#7093,#7094),(#7095,#7096,#7097,#7098,
#7099,#7100,#7101),(#7102,#7103,#7104,#7105,#7106,#7107,#7108),(#7109,#7110,
#7111,#7112,#7113,#7114,#7115),(#7116,#7117,#7118,#7119,#7120,#7121,#7122),
(#7123,#7124,#7125,#7126,#7127,#7128,#7129),(#7130,#7131,#7132,#7133,#7134,
#7135,#7136),(#7137,#7138,#7139,#7140,#7141,#7142,#7143),(#7144,#7145,#7146,
#7147,#7148,#7149,#7150),(#7151,#7152,#7153,#7154,#7155,#7156,#7157),(#7158,
#7159,#7160,#7161,#7162,#7163,#7164),(#7165,#7166,#7167,#7168,#7169,#7170,
#7171)),.UNSPECIFIED.,.T.,.F.,.F.,(1,3,2,2,2,2,2,2,2,2,2,2,2,2,2,2,2,2,
2,2,2,2,2,2,2,2,2,2,2,2,2,2,2,3,1),(4,3,4),(-0.03125,0.,0.03125,0.0625,
0.09375,0.125,0.15625,0.1875,0.21875,0.25,0.28125,0.3125,0.34375,0.375,
0.40625,0.4375,0.46875,0.5,0.53125,0.5625,0.59375,0.625,0.65625,0.6875,
0.71875,0.75,0.78125,0.8125,0.84375,0.875,0.90625,0.9375,0.96875,1.,1.03125),
(0.,0.983096958801052,1.),.UNSPECIFIED.);
#103=B_SPLINE_SURFACE_WITH_KNOTS('',3,3,((#7248,#7249,#7250,#7251),(#7252,
#7253,#7254,#7255),(#7256,#7257,#7258,#7259),(#7260,#7261,#7262,#7263),
(#7264,#7265,#7266,#7267),(#7268,#7269,#7270,#7271),(#7272,#7273,#7274,
#7275),(#7276,#7277,#7278,#7279),(#7280,#7281,#7282,#7283),(#7284,#7285,
#7286,#7287),(#7288,#7289,#7290,#7291),(#7292,#7293,#7294,#7295),(#7296,
#7297,#7298,#7299),(#7300,#7301,#7302,#7303),(#7304,#7305,#7306,#7307),
(#7308,#7309,#7310,#7311),(#7312,#7313,#7314,#7315),(#7316,#7317,#7318,
#7319),(#7320,#7321,#7322,#7323),(#7324,#7325,#7326,#7327),(#7328,#7329,
#7330,#7331),(#7332,#7333,#7334,#7335),(#7336,#7337,#7338,#7339),(#7340,
#7341,#7342,#7343),(#7344,#7345,#7346,#7347),(#7348,#7349,#7350,#7351),
(#7352,#7353,#7354,#7355),(#7356,#7357,#7358,#7359),(#7360,#7361,#7362,
#7363),(#7364,#7365,#7366,#7367),(#7368,#7369,#7370,#7371),(#7372,#7373,
#7374,#7375),(#7376,#7377,#7378,#7379),(#7380,#7381,#7382,#7383),(#7384,
#7385,#7386,#7387),(#7388,#7389,#7390,#7391),(#7392,#7393,#7394,#7395),
(#7396,#7397,#7398,#7399),(#7400,#7401,#7402,#7403),(#7404,#7405,#7406,
#7407),(#7408,#7409,#7410,#7411),(#7412,#7413,#7414,#7415),(#7416,#7417,
#7418,#7419),(#7420,#7421,#7422,#7423),(#7424,#7425,#7426,#7427),(#7428,
#7429,#7430,#7431),(#7432,#7433,#7434,#7435),(#7436,#7437,#7438,#7439),
(#7440,#7441,#7442,#7443),(#7444,#7445,#7446,#7447),(#7448,#7449,#7450,
#7451),(#7452,#7453,#7454,#7455),(#7456,#7457,#7458,#7459),(#7460,#7461,
#7462,#7463),(#7464,#7465,#7466,#7467),(#7468,#7469,#7470,#7471),(#7472,
#7473,#7474,#7475),(#7476,#7477,#7478,#7479),(#7480,#7481,#7482,#7483),
(#7484,#7485,#7486,#7487),(#7488,#7489,#7490,#7491),(#7492,#7493,#7494,
#7495),(#7496,#7497,#7498,#7499),(#7500,#7501,#7502,#7503),(#7504,#7505,
#7506,#7507),(#7508,#7509,#7510,#7511),(#7512,#7513,#7514,#7515),(#7516,
#7517,#7518,#7519),(#7520,#7521,#7522,#7523),(#7524,#7525,#7526,#7527),
(#7528,#7529,#7530,#7531)),.UNSPECIFIED.,.F.,.F.,.F.,(4,2,2,2,2,2,2,2,2,
2,2,2,2,2,2,2,2,2,2,2,2,2,2,2,2,2,2,2,2,2,2,2,2,3,4),(4,4),(0.,0.00592885375397407,
0.0394661653342264,0.0730034769144817,0.106540788494735,0.140078100074988,
0.173615411655242,0.207152723235495,0.240690034815749,0.274227346396003,
0.302448928096443,0.330670509796881,0.358892091497321,0.387113673197759,
0.415335254898199,0.443556836598638,0.471778418299078,0.499999999999517,
0.528221581699956,0.556443163400396,0.584664745100834,0.612886326801274,
0.641107908501712,0.669329490202152,0.697551071902591,0.72577265360303,
0.759309965183284,0.792847276763538,0.826384588343792,0.859921899924044,
0.893459211504298,0.926996523084552,0.960533834664805,0.994071146245059,
1.),(0.,1.),.UNSPECIFIED.);
#104=B_SPLINE_SURFACE_WITH_KNOTS('',3,3,((#7612,#7613,#7614,#7615),(#7616,
#7617,#7618,#7619),(#7620,#7621,#7622,#7623),(#7624,#7625,#7626,#7627)),
 .UNSPECIFIED.,.F.,.F.,.F.,(4,4),(4,4),(0.,1.),(0.,1.),.UNSPECIFIED.);
#105=B_SPLINE_SURFACE_WITH_KNOTS('',3,3,((#7796,#7797,#7798,#7799),(#7800,
#7801,#7802,#7803),(#7804,#7805,#7806,#7807),(#7808,#7809,#7810,#7811)),
 .UNSPECIFIED.,.F.,.F.,.F.,(4,4),(4,4),(0.,1.),(0.,1.),.UNSPECIFIED.);
#106=B_SPLINE_SURFACE_WITH_KNOTS('',3,3,((#7827,#7828,#7829,#7830),(#7831,
#7832,#7833,#7834),(#7835,#7836,#7837,#7838),(#7839,#7840,#7841,#7842)),
 .UNSPECIFIED.,.F.,.F.,.F.,(4,4),(4,4),(0.,1.),(0.,1.),.UNSPECIFIED.);
#107=B_SPLINE_SURFACE_WITH_KNOTS('',3,3,((#8079,#8080,#8081,#8082,#8083,
#8084,#8085,#8086,#8087,#8088,#8089,#8090,#8091),(#8092,#8093,#8094,#8095,
#8096,#8097,#8098,#8099,#8100,#8101,#8102,#8103,#8104),(#8105,#8106,#8107,
#8108,#8109,#8110,#8111,#8112,#8113,#8114,#8115,#8116,#8117),(#8118,#8119,
#8120,#8121,#8122,#8123,#8124,#8125,#8126,#8127,#8128,#8129,#8130)),
 .UNSPECIFIED.,.F.,.F.,.F.,(4,4),(4,3,3,3,4),(0.,1.),(0.,0.249999876256151,
0.499999752512302,0.749999628768454,1.),.UNSPECIFIED.);
#108=B_SPLINE_SURFACE_WITH_KNOTS('',3,3,((#8247,#8248,#8249,#8250,#8251,
#8252,#8253,#8254,#8255,#8256,#8257,#8258,#8259),(#8260,#8261,#8262,#8263,
#8264,#8265,#8266,#8267,#8268,#8269,#8270,#8271,#8272),(#8273,#8274,#8275,
#8276,#8277,#8278,#8279,#8280,#8281,#8282,#8283,#8284,#8285),(#8286,#8287,
#8288,#8289,#8290,#8291,#8292,#8293,#8294,#8295,#8296,#8297,#8298)),
 .UNSPECIFIED.,.F.,.F.,.F.,(4,4),(4,3,3,3,4),(0.,1.),(0.,0.250000371232704,
0.500000247488469,0.750000123744235,1.),.UNSPECIFIED.);
#109=B_SPLINE_SURFACE_WITH_KNOTS('',3,3,((#8453,#8454,#8455,#8456,#8457,
#8458,#8459,#8460,#8461,#8462,#8463,#8464,#8465),(#8466,#8467,#8468,#8469,
#8470,#8471,#8472,#8473,#8474,#8475,#8476,#8477,#8478),(#8479,#8480,#8481,
#8482,#8483,#8484,#8485,#8486,#8487,#8488,#8489,#8490,#8491),(#8492,#8493,
#8494,#8495,#8496,#8497,#8498,#8499,#8500,#8501,#8502,#8503,#8504)),
 .UNSPECIFIED.,.F.,.F.,.F.,(4,4),(4,3,3,3,4),(0.,1.),(0.,0.250000371232704,
0.500000247488469,0.750000123744235,1.),.UNSPECIFIED.);
#110=B_SPLINE_SURFACE_WITH_KNOTS('',3,3,((#8728,#8729,#8730,#8731),(#8732,
#8733,#8734,#8735),(#8736,#8737,#8738,#8739),(#8740,#8741,#8742,#8743)),
 .UNSPECIFIED.,.F.,.F.,.F.,(4,4),(4,4),(0.,1.),(0.,1.),.UNSPECIFIED.);
#111=B_SPLINE_SURFACE_WITH_KNOTS('',3,3,((#8764,#8765,#8766,#8767),(#8768,
#8769,#8770,#8771),(#8772,#8773,#8774,#8775),(#8776,#8777,#8778,#8779)),
 .UNSPECIFIED.,.F.,.F.,.F.,(4,4),(4,4),(0.,1.),(0.,1.),.UNSPECIFIED.);
#112=B_SPLINE_SURFACE_WITH_KNOTS('',3,3,((#8820,#8821,#8822,#8823),(#8824,
#8825,#8826,#8827),(#8828,#8829,#8830,#8831),(#8832,#8833,#8834,#8835)),
 .UNSPECIFIED.,.F.,.F.,.F.,(4,4),(4,4),(0.,1.),(0.,1.),.UNSPECIFIED.);
#113=B_SPLINE_SURFACE_WITH_KNOTS('',3,3,((#8918,#8919,#8920,#8921),(#8922,
#8923,#8924,#8925),(#8926,#8927,#8928,#8929),(#8930,#8931,#8932,#8933)),
 .UNSPECIFIED.,.F.,.F.,.F.,(4,4),(4,4),(0.,1.),(0.,1.),.UNSPECIFIED.);
#114=B_SPLINE_SURFACE_WITH_KNOTS('',3,3,((#9129,#9130,#9131,#9132),(#9133,
#9134,#9135,#9136),(#9137,#9138,#9139,#9140),(#9141,#9142,#9143,#9144),
(#9145,#9146,#9147,#9148),(#9149,#9150,#9151,#9152),(#9153,#9154,#9155,
#9156),(#9157,#9158,#9159,#9160),(#9161,#9162,#9163,#9164),(#9165,#9166,
#9167,#9168),(#9169,#9170,#9171,#9172),(#9173,#9174,#9175,#9176),(#9177,
#9178,#9179,#9180),(#9181,#9182,#9183,#9184),(#9185,#9186,#9187,#9188),
(#9189,#9190,#9191,#9192),(#9193,#9194,#9195,#9196),(#9197,#9198,#9199,
#9200),(#9201,#9202,#9203,#9204),(#9205,#9206,#9207,#9208),(#9209,#9210,
#9211,#9212),(#9213,#9214,#9215,#9216),(#9217,#9218,#9219,#9220),(#9221,
#9222,#9223,#9224),(#9225,#9226,#9227,#9228),(#9229,#9230,#9231,#9232),
(#9233,#9234,#9235,#9236),(#9237,#9238,#9239,#9240),(#9241,#9242,#9243,
#9244),(#9245,#9246,#9247,#9248),(#9249,#9250,#9251,#9252),(#9253,#9254,
#9255,#9256),(#9257,#9258,#9259,#9260),(#9261,#9262,#9263,#9264),(#9265,
#9266,#9267,#9268),(#9269,#9270,#9271,#9272),(#9273,#9274,#9275,#9276),
(#9277,#9278,#9279,#9280),(#9281,#9282,#9283,#9284),(#9285,#9286,#9287,
#9288),(#9289,#9290,#9291,#9292),(#9293,#9294,#9295,#9296),(#9297,#9298,
#9299,#9300),(#9301,#9302,#9303,#9304),(#9305,#9306,#9307,#9308),(#9309,
#9310,#9311,#9312),(#9313,#9314,#9315,#9316),(#9317,#9318,#9319,#9320),
(#9321,#9322,#9323,#9324),(#9325,#9326,#9327,#9328),(#9329,#9330,#9331,
#9332),(#9333,#9334,#9335,#9336),(#9337,#9338,#9339,#9340),(#9341,#9342,
#9343,#9344),(#9345,#9346,#9347,#9348),(#9349,#9350,#9351,#9352),(#9353,
#9354,#9355,#9356),(#9357,#9358,#9359,#9360),(#9361,#9362,#9363,#9364),
(#9365,#9366,#9367,#9368),(#9369,#9370,#9371,#9372),(#9373,#9374,#9375,
#9376),(#9377,#9378,#9379,#9380),(#9381,#9382,#9383,#9384),(#9385,#9386,
#9387,#9388),(#9389,#9390,#9391,#9392),(#9393,#9394,#9395,#9396),(#9397,
#9398,#9399,#9400),(#9401,#9402,#9403,#9404),(#9405,#9406,#9407,#9408),
(#9409,#9410,#9411,#9412),(#9413,#9414,#9415,#9416),(#9417,#9418,#9419,
#9420),(#9421,#9422,#9423,#9424),(#9425,#9426,#9427,#9428),(#9429,#9430,
#9431,#9432),(#9433,#9434,#9435,#9436),(#9437,#9438,#9439,#9440)),
 .UNSPECIFIED.,.T.,.F.,.F.,(1,3,2,2,2,2,2,2,2,2,2,2,2,2,2,2,2,2,2,2,2,2,
2,2,2,2,2,2,2,2,2,2,2,2,2,2,2,2,2,3,1),(4,4),(-0.03125,0.,0.03125,0.0625,
0.09375,0.125,0.15625,0.1875,0.21875,0.25,0.28125,0.3125,0.34375,0.375,
0.40625,0.421875,0.4375,0.453125,0.46875,0.484375,0.5,0.515625,0.53125,
0.546875,0.5625,0.578125,0.59375,0.625,0.65625,0.6875,0.71875,0.75,0.78125,
0.8125,0.84375,0.875,0.90625,0.9375,0.96875,1.,1.03125),(0.,1.),
 .UNSPECIFIED.);
#115=(
BOUNDED_SURFACE()
B_SPLINE_SURFACE(3,2,((#6321,#6322,#6323),(#6324,#6325,#6326),(#6327,#6328,
#6329),(#6330,#6331,#6332)),.UNSPECIFIED.,.F.,.F.,.F.)
B_SPLINE_SURFACE_WITH_KNOTS((4,4),(3,3),(0.,1.),(0.,1.),.UNSPECIFIED.)
GEOMETRIC_REPRESENTATION_ITEM()
RATIONAL_B_SPLINE_SURFACE(((1.,1.,1.),(1.,1.00057665309177,1.),(1.,0.810829833513549,
1.),(1.,0.707106781186547,1.)))
REPRESENTATION_ITEM('')
SURFACE()
);
#116=(
BOUNDED_SURFACE()
B_SPLINE_SURFACE(3,2,((#6333,#6334,#6335),(#6336,#6337,#6338),(#6339,#6340,
#6341),(#6342,#6343,#6344)),.UNSPECIFIED.,.F.,.F.,.F.)
B_SPLINE_SURFACE_WITH_KNOTS((4,4),(3,3),(0.,1.),(0.,1.),.UNSPECIFIED.)
GEOMETRIC_REPRESENTATION_ITEM()
RATIONAL_B_SPLINE_SURFACE(((1.,1.,1.),(1.,1.00057665309177,1.),(1.,0.810829833513548,
1.),(1.,0.707106781186547,1.)))
REPRESENTATION_ITEM('')
SURFACE()
);
#117=(
BOUNDED_SURFACE()
B_SPLINE_SURFACE(3,2,((#6346,#6347,#6348),(#6349,#6350,#6351),(#6352,#6353,
#6354),(#6355,#6356,#6357)),.UNSPECIFIED.,.F.,.F.,.F.)
B_SPLINE_SURFACE_WITH_KNOTS((4,4),(3,3),(0.,1.),(0.,1.),.UNSPECIFIED.)
GEOMETRIC_REPRESENTATION_ITEM()
RATIONAL_B_SPLINE_SURFACE(((1.,1.,1.),(1.,0.980098019291164,1.),(1.,0.749603566320033,
1.),(1.,0.707106781186548,1.)))
REPRESENTATION_ITEM('')
SURFACE()
);
#118=(
BOUNDED_SURFACE()
B_SPLINE_SURFACE(3,2,((#6379,#6380,#6381),(#6382,#6383,#6384),(#6385,#6386,
#6387),(#6388,#6389,#6390)),.UNSPECIFIED.,.F.,.F.,.F.)
B_SPLINE_SURFACE_WITH_KNOTS((4,4),(3,3),(0.,1.),(0.,1.),.UNSPECIFIED.)
GEOMETRIC_REPRESENTATION_ITEM()
RATIONAL_B_SPLINE_SURFACE(((1.,1.,1.),(1.,0.980098019291164,1.),(1.,0.749603566320033,
1.),(1.,0.707106781186548,1.)))
REPRESENTATION_ITEM('')
SURFACE()
);
#119=(
BOUNDED_SURFACE()
B_SPLINE_SURFACE(3,2,((#6392,#6393,#6394),(#6395,#6396,#6397),(#6398,#6399,
#6400),(#6401,#6402,#6403)),.UNSPECIFIED.,.F.,.F.,.F.)
B_SPLINE_SURFACE_WITH_KNOTS((4,4),(3,3),(0.,1.),(0.,1.),.UNSPECIFIED.)
GEOMETRIC_REPRESENTATION_ITEM()
RATIONAL_B_SPLINE_SURFACE(((1.,0.707106781186548,1.),(1.,0.707106781186548,
1.),(1.,0.707106781186548,1.),(1.,0.707106781186548,1.)))
REPRESENTATION_ITEM('')
SURFACE()
);
#120=(
BOUNDED_SURFACE()
B_SPLINE_SURFACE(3,2,((#6425,#6426,#6427),(#6428,#6429,#6430),(#6431,#6432,
#6433),(#6434,#6435,#6436),(#6437,#6438,#6439),(#6440,#6441,#6442),(#6443,
#6444,#6445),(#6446,#6447,#6448),(#6449,#6450,#6451),(#6452,#6453,#6454)),
 .UNSPECIFIED.,.F.,.F.,.F.)
B_SPLINE_SURFACE_WITH_KNOTS((4,2,2,2,4),(3,3),(0.,0.25,0.5,0.75,1.),(0.,
1.),.UNSPECIFIED.)
GEOMETRIC_REPRESENTATION_ITEM()
RATIONAL_B_SPLINE_SURFACE(((1.,0.707106781186548,1.),(1.,0.782878552668444,
1.),(1.,0.858832265340343,1.),(1.,0.951524274791695,1.),(1.,0.99580916876334,
1.),(1.,0.992227233910539,1.),(1.,0.94996135513911,1.),(1.,0.857173094336074,
1.),(1.,0.780897174849062,1.),(1.,0.707106781186547,1.)))
REPRESENTATION_ITEM('')
SURFACE()
);
#121=(
BOUNDED_SURFACE()
B_SPLINE_SURFACE(3,2,((#6455,#6456,#6457),(#6458,#6459,#6460),(#6461,#6462,
#6463),(#6464,#6465,#6466)),.UNSPECIFIED.,.F.,.F.,.F.)
B_SPLINE_SURFACE_WITH_KNOTS((4,4),(3,3),(0.,1.),(0.,1.),.UNSPECIFIED.)
GEOMETRIC_REPRESENTATION_ITEM()
RATIONAL_B_SPLINE_SURFACE(((1.,0.707106781186548,1.),(1.,0.707106781186548,
1.),(1.,0.707106781186547,1.),(1.,0.707106781186547,1.)))
REPRESENTATION_ITEM('')
SURFACE()
);
#122=(
BOUNDED_SURFACE()
B_SPLINE_SURFACE(3,2,((#6502,#6503,#6504),(#6505,#6506,#6507),(#6508,#6509,
#6510),(#6511,#6512,#6513)),.UNSPECIFIED.,.F.,.F.,.F.)
B_SPLINE_SURFACE_WITH_KNOTS((4,4),(3,3),(0.,1.),(0.,1.),.UNSPECIFIED.)
GEOMETRIC_REPRESENTATION_ITEM()
RATIONAL_B_SPLINE_SURFACE(((1.,0.501292501792785,1.),(1.,0.500324002035395,
1.),(1.,0.64181835143549,1.),(1.,0.737277336736376,1.)))
REPRESENTATION_ITEM('')
SURFACE()
);
#123=(
BOUNDED_SURFACE()
B_SPLINE_SURFACE(3,2,((#6518,#6519,#6520),(#6521,#6522,#6523),(#6524,#6525,
#6526),(#6527,#6528,#6529)),.UNSPECIFIED.,.F.,.F.,.F.)
B_SPLINE_SURFACE_WITH_KNOTS((4,4),(3,3),(0.,1.),(0.,1.),.UNSPECIFIED.)
GEOMETRIC_REPRESENTATION_ITEM()
RATIONAL_B_SPLINE_SURFACE(((1.,0.737277336808924,1.),(1.,0.64084502844155,
1.),(1.,0.500245292684476,1.),(1.,0.501292501792785,1.)))
REPRESENTATION_ITEM('')
SURFACE()
);
#124=(
BOUNDED_SURFACE()
B_SPLINE_SURFACE(3,2,((#7930,#7931,#7932),(#7933,#7934,#7935),(#7936,#7937,
#7938),(#7939,#7940,#7941),(#7942,#7943,#7944),(#7945,#7946,#7947),(#7948,
#7949,#7950),(#7951,#7952,#7953),(#7954,#7955,#7956),(#7957,#7958,#7959),
(#7960,#7961,#7962),(#7963,#7964,#7965),(#7966,#7967,#7968),(#7969,#7970,
#7971),(#7972,#7973,#7974),(#7975,#7976,#7977),(#7978,#7979,#7980),(#7981,
#7982,#7983)),.UNSPECIFIED.,.F.,.F.,.F.)
B_SPLINE_SURFACE_WITH_KNOTS((4,2,2,2,2,2,2,2,4),(3,3),(0.,0.125,0.25,0.375,
0.5,0.625,0.75,0.875,1.),(0.,1.),.UNSPECIFIED.)
GEOMETRIC_REPRESENTATION_ITEM()
RATIONAL_B_SPLINE_SURFACE(((1.,1.,1.),(1.,0.999999536083674,1.),(1.,0.999473632370461,
1.),(1.,0.997473162969222,1.),(1.,0.995971152251012,1.),(1.,0.992285580339929,
1.),(1.,0.990105225309555,1.),(1.,0.985324591031344,1.),(1.,0.982729111590997,
1.),(1.,0.977743913766801,1.),(1.,0.975331036936804,1.),(1.,0.97103104384725,
1.),(1.,0.969213741780288,1.),(1.,0.966572126315767,1.),(1.,0.965743482303184,
1.),(1.,0.96533019321709,1.),(1.,0.965721195603867,1.),(1.,0.966714240927692,
1.)))
REPRESENTATION_ITEM('')
SURFACE()
);
#125=(
BOUNDED_SURFACE()
B_SPLINE_SURFACE(3,2,((#8215,#8216,#8217),(#8218,#8219,#8220),(#8221,#8222,
#8223),(#8224,#8225,#8226)),.UNSPECIFIED.,.F.,.F.,.F.)
B_SPLINE_SURFACE_WITH_KNOTS((4,4),(3,3),(0.,1.),(0.,1.),.UNSPECIFIED.)
GEOMETRIC_REPRESENTATION_ITEM()
RATIONAL_B_SPLINE_SURFACE(((1.,0.678069320765386,1.),(1.,0.659578979711494,
1.),(1.,0.64146548594282,1.),(1.,0.62371764567708,1.)))
REPRESENTATION_ITEM('')
SURFACE()
);
#126=(
BOUNDED_SURFACE()
B_SPLINE_SURFACE(3,2,((#8374,#8375,#8376),(#8377,#8378,#8379),(#8380,#8381,
#8382),(#8383,#8384,#8385),(#8386,#8387,#8388),(#8389,#8390,#8391),(#8392,
#8393,#8394),(#8395,#8396,#8397),(#8398,#8399,#8400),(#8401,#8402,#8403),
(#8404,#8405,#8406),(#8407,#8408,#8409),(#8410,#8411,#8412),(#8413,#8414,
#8415),(#8416,#8417,#8418),(#8419,#8420,#8421),(#8422,#8423,#8424),(#8425,
#8426,#8427)),.UNSPECIFIED.,.F.,.F.,.F.)
B_SPLINE_SURFACE_WITH_KNOTS((4,2,2,2,2,2,2,2,4),(3,3),(0.,0.125,0.25,0.375,
0.5,0.625,0.75,0.875,1.),(0.,1.),.UNSPECIFIED.)
GEOMETRIC_REPRESENTATION_ITEM()
RATIONAL_B_SPLINE_SURFACE(((1.00000010210874,0.779208228395022,1.),(1.00000010176867,
0.779943573912962,1.),(1.00000010208966,0.779249482081751,1.),(1.000000104046,
0.775019237314501,1.),(1.000000105646,0.771559541799444,1.),(1.00000010992599,
0.762304834839269,1.),(1.00000011265039,0.756413807647335,1.),(1.00000011885135,
0.743005341793549,1.),(1.00000012231541,0.735514940281767,1.),(1.00000012977129,
0.719392930668254,1.),(1.00000013379508,0.71069221915328,1.),(1.00000014183459,
0.693308218108157,1.),(1.00000014588573,0.684548356364732,1.),(1.00000015381639,
0.667399742193971,1.),(1.00000015766074,0.659087023428256,1.),(1.00000016463185,
0.644013254909644,1.),(1.00000016779771,0.637167649930457,1.),(1.00000017053704,
0.631244331336266,1.)))
REPRESENTATION_ITEM('')
SURFACE()
);
#127=(
BOUNDED_SURFACE()
B_SPLINE_SURFACE(3,2,((#8525,#8526,#8527),(#8528,#8529,#8530),(#8531,#8532,
#8533),(#8534,#8535,#8536)),.UNSPECIFIED.,.F.,.F.,.F.)
B_SPLINE_SURFACE_WITH_KNOTS((4,4),(3,3),(0.,1.),(0.,1.),.UNSPECIFIED.)
GEOMETRIC_REPRESENTATION_ITEM()
RATIONAL_B_SPLINE_SURFACE(((1.,0.678069321443754,1.),(1.,0.659578963229483,
1.),(1.,0.641465488733873,1.),(1.,0.623717645884125,1.)))
REPRESENTATION_ITEM('')
SURFACE()
);
#128=(
BOUNDED_SURFACE()
B_SPLINE_SURFACE(3,2,((#8562,#8563,#8564),(#8565,#8566,#8567),(#8568,#8569,
#8570),(#8571,#8572,#8573),(#8574,#8575,#8576),(#8577,#8578,#8579),(#8580,
#8581,#8582),(#8583,#8584,#8585),(#8586,#8587,#8588),(#8589,#8590,#8591),
(#8592,#8593,#8594),(#8595,#8596,#8597),(#8598,#8599,#8600),(#8601,#8602,
#8603),(#8604,#8605,#8606),(#8607,#8608,#8609),(#8610,#8611,#8612),(#8613,
#8614,#8615)),.UNSPECIFIED.,.F.,.F.,.F.)
B_SPLINE_SURFACE_WITH_KNOTS((4,2,2,2,2,2,2,2,4),(3,3),(0.,0.125,0.25,0.375,
0.5,0.625,0.75,0.875,1.),(0.,1.),.UNSPECIFIED.)
GEOMETRIC_REPRESENTATION_ITEM()
RATIONAL_B_SPLINE_SURFACE(((1.,0.779208200726573,1.00000015744567),(1.,
0.779943546335771,1.0000001569213),(1.,0.77924945441966,1.00000015741625),
(1.,0.775019209119921,1.00000016043282),(1.,0.771559513173152,1.00000016289991),
(1.,0.762304805051924,1.00000016949941),(1.,0.756413777121887,1.00000017370027),
(1.,0.743005309588871,1.00000018326179),(1.,0.735514907138822,1.00000018860317),
(1.,0.719392895503155,1.0000002000997),(1.,0.710692182899683,1.00000020630414),
(1.,0.693308179674262,1.0000002187006),(1.,0.68454831683283,1.00000022494722),
(1.,0.667399700515459,1.00000023717582),(1.,0.659086980706597,1.00000024310359),
(1.,0.644013210299542,1.00000025385263),(1.,0.637167604462044,1.0000002587342),
(1.,0.63124428512577,1.00000026295809)))
REPRESENTATION_ITEM('')
SURFACE()
);
#129=(
BOUNDED_SURFACE()
B_SPLINE_SURFACE(3,2,((#8633,#8634,#8635),(#8636,#8637,#8638),(#8639,#8640,
#8641),(#8642,#8643,#8644),(#8645,#8646,#8647),(#8648,#8649,#8650),(#8651,
#8652,#8653),(#8654,#8655,#8656),(#8657,#8658,#8659),(#8660,#8661,#8662),
(#8663,#8664,#8665),(#8666,#8667,#8668)),.UNSPECIFIED.,.F.,.F.,.F.)
B_SPLINE_SURFACE_WITH_KNOTS((4,2,2,2,2,4),(3,3),(0.,0.25,0.5,0.625,0.75,
1.),(0.,1.),.UNSPECIFIED.)
GEOMETRIC_REPRESENTATION_ITEM()
RATIONAL_B_SPLINE_SURFACE(((1.00012226852347,0.707170982199236,1.00013027353534),
(1.0001234789493,0.704272052869836,1.00013156320866),(1.00012255242852,
0.706491039099715,1.00013057602787),(1.0001178024356,0.717867113023444,
1.00012551504935),(1.0001139478131,0.727098804778987,1.00012140806183),
(1.00010807245433,0.741170092220061,1.00011514803892),(1.00010606568661,
0.745976233687601,1.00011300988661),(1.00010239041371,0.75477838915992,
1.00010909399084),(1.00010071415213,0.758792979496386,1.00010730798316),
(1.00009647130616,0.768954453457241,1.00010278735488),(1.00009478909231,
0.772983299278438,1.00010099500523),(1.00009482237259,0.772903594128729,
1.00010103046439)))
REPRESENTATION_ITEM('')
SURFACE()
);
#130=(
BOUNDED_SURFACE()
B_SPLINE_SURFACE(3,2,((#8800,#8801,#8802),(#8803,#8804,#8805),(#8806,#8807,
#8808),(#8809,#8810,#8811)),.UNSPECIFIED.,.F.,.F.,.F.)
B_SPLINE_SURFACE_WITH_KNOTS((4,4),(3,3),(0.,1.),(0.,1.),.UNSPECIFIED.)
GEOMETRIC_REPRESENTATION_ITEM()
RATIONAL_B_SPLINE_SURFACE(((1.,0.651425854938333,1.),(1.,0.682579928185453,
1.),(1.,0.711669564789515,1.),(1.,0.738990016381854,1.)))
REPRESENTATION_ITEM('')
SURFACE()
);
#131=(
BOUNDED_SURFACE()
B_SPLINE_SURFACE(3,2,((#8862,#8863,#8864),(#8865,#8866,#8867),(#8868,#8869,
#8870),(#8871,#8872,#8873),(#8874,#8875,#8876),(#8877,#8878,#8879),(#8880,
#8881,#8882),(#8883,#8884,#8885),(#8886,#8887,#8888),(#8889,#8890,#8891),
(#8892,#8893,#8894),(#8895,#8896,#8897)),.UNSPECIFIED.,.F.,.F.,.F.)
B_SPLINE_SURFACE_WITH_KNOTS((4,2,2,2,2,4),(3,3),(0.,0.25,0.5,0.625,0.75,
1.),(0.,1.),.UNSPECIFIED.)
GEOMETRIC_REPRESENTATION_ITEM()
RATIONAL_B_SPLINE_SURFACE(((1.00012226852168,0.707170982200703,1.00013027353419),
(1.0001234789475,0.70427205287121,1.0001315632075),(1.00012255242673,0.706491039101331,
1.00013057602672),(1.00011780243388,0.717867113024712,1.00012551504825),
(1.00011394781144,0.727098804781083,1.00012140806076),(1.00010807245275,
0.741170092220991,1.0001151480379),(1.00010606568506,0.745976233687409,
1.00011300988561),(1.00010239041222,0.754778389162614,1.00010909398988),
(1.00010071415066,0.758792979497447,1.00010730798221),(1.00009647130475,
0.768954453458691,1.00010278735398),(1.00009478909093,0.772983299279355,
1.00010099500434),(1.0000948223712,0.772903594129868,1.0001010304635)))
REPRESENTATION_ITEM('')
SURFACE()
);
#132=(
BOUNDED_SURFACE()
B_SPLINE_SURFACE(3,2,((#8987,#8988,#8989),(#8990,#8991,#8992),(#8993,#8994,
#8995),(#8996,#8997,#8998),(#8999,#9000,#9001),(#9002,#9003,#9004),(#9005,
#9006,#9007),(#9008,#9009,#9010),(#9011,#9012,#9013),(#9014,#9015,#9016),
(#9017,#9018,#9019),(#9020,#9021,#9022)),.UNSPECIFIED.,.F.,.F.,.F.)
B_SPLINE_SURFACE_WITH_KNOTS((4,2,2,2,2,4),(3,3),(0.,0.25,0.5,0.625,0.75,
1.),(0.,1.),.UNSPECIFIED.)
GEOMETRIC_REPRESENTATION_ITEM()
RATIONAL_B_SPLINE_SURFACE(((1.00000201105139,0.707296247651712,1.),(1.00000203096027,
0.704398558416294,1.),(1.00000201572101,0.706616595416932,1.),(1.00000193759396,
0.717987802918712,1.),(1.0000018741938,0.727215545573126,1.),(1.00000177755692,
0.741280813642287,1.),(1.00000174454995,0.746084899155086,1.),(1.0000016840997,
0.75488328926915,1.),(1.00000165652884,0.758896162258287,1.),(1.00000158674325,
0.769053289373955,1.),(1.00000155907449,0.773080411751565,1.),(1.00000155962188,
0.77300074069655,1.)))
REPRESENTATION_ITEM('')
SURFACE()
);
#133=OVER_RIDING_STYLED_ITEM('',(#1004),#2152,#996);
#134=OVER_RIDING_STYLED_ITEM('',(#1005),#2153,#996);
#135=OVER_RIDING_STYLED_ITEM('',(#1006),#2154,#996);
#136=OVER_RIDING_STYLED_ITEM('',(#1007),#2155,#996);
#137=OVER_RIDING_STYLED_ITEM('',(#1008),#2156,#996);
#138=OVER_RIDING_STYLED_ITEM('',(#1009),#2157,#996);
#139=OVER_RIDING_STYLED_ITEM('',(#1010),#2158,#996);
#140=OVER_RIDING_STYLED_ITEM('',(#1011),#2159,#996);
#141=OVER_RIDING_STYLED_ITEM('',(#1012),#2160,#996);
#142=OVER_RIDING_STYLED_ITEM('',(#1013),#2161,#996);
#143=OVER_RIDING_STYLED_ITEM('',(#1014),#2162,#996);
#144=OVER_RIDING_STYLED_ITEM('',(#1015),#2163,#996);
#145=OVER_RIDING_STYLED_ITEM('',(#1016),#2164,#996);
#146=OVER_RIDING_STYLED_ITEM('',(#1017),#2165,#996);
#147=OVER_RIDING_STYLED_ITEM('',(#1018),#2166,#996);
#148=OVER_RIDING_STYLED_ITEM('',(#1019),#2167,#996);
#149=OVER_RIDING_STYLED_ITEM('',(#1020),#2168,#996);
#150=OVER_RIDING_STYLED_ITEM('',(#1021),#2169,#996);
#151=OVER_RIDING_STYLED_ITEM('',(#1022),#2170,#996);
#152=OVER_RIDING_STYLED_ITEM('',(#1023),#2171,#996);
#153=OVER_RIDING_STYLED_ITEM('',(#1024),#2172,#996);
#154=OVER_RIDING_STYLED_ITEM('',(#1025),#2173,#996);
#155=OVER_RIDING_STYLED_ITEM('',(#1026),#2174,#996);
#156=OVER_RIDING_STYLED_ITEM('',(#1027),#2175,#996);
#157=OVER_RIDING_STYLED_ITEM('',(#1028),#2176,#996);
#158=OVER_RIDING_STYLED_ITEM('',(#1029),#2177,#996);
#159=OVER_RIDING_STYLED_ITEM('',(#1030),#2178,#996);
#160=OVER_RIDING_STYLED_ITEM('',(#1031),#2179,#996);
#161=OVER_RIDING_STYLED_ITEM('',(#1032),#2180,#996);
#162=OVER_RIDING_STYLED_ITEM('',(#1033),#2181,#996);
#163=OVER_RIDING_STYLED_ITEM('',(#1034),#2182,#996);
#164=OVER_RIDING_STYLED_ITEM('',(#1035),#2183,#996);
#165=OVER_RIDING_STYLED_ITEM('',(#1036),#2184,#996);
#166=OVER_RIDING_STYLED_ITEM('',(#1038),#2185,#997);
#167=OVER_RIDING_STYLED_ITEM('',(#1039),#2186,#997);
#168=OVER_RIDING_STYLED_ITEM('',(#1040),#2187,#997);
#169=OVER_RIDING_STYLED_ITEM('',(#1041),#2188,#997);
#170=OVER_RIDING_STYLED_ITEM('',(#1043),#2189,#998);
#171=OVER_RIDING_STYLED_ITEM('',(#1044),#2190,#998);
#172=OVER_RIDING_STYLED_ITEM('',(#1045),#2191,#998);
#173=OVER_RIDING_STYLED_ITEM('',(#1046),#2192,#998);
#174=OVER_RIDING_STYLED_ITEM('',(#1047),#2193,#998);
#175=OVER_RIDING_STYLED_ITEM('',(#1048),#2194,#998);
#176=OVER_RIDING_STYLED_ITEM('',(#1049),#2195,#998);
#177=OVER_RIDING_STYLED_ITEM('',(#1050),#2196,#998);
#178=OVER_RIDING_STYLED_ITEM('',(#1051),#2197,#998);
#179=OVER_RIDING_STYLED_ITEM('',(#1052),#2198,#998);
#180=OVER_RIDING_STYLED_ITEM('',(#1053),#2199,#998);
#181=OVER_RIDING_STYLED_ITEM('',(#1054),#2200,#998);
#182=OVER_RIDING_STYLED_ITEM('',(#1055),#2201,#998);
#183=OVER_RIDING_STYLED_ITEM('',(#1056),#2202,#998);
#184=OVER_RIDING_STYLED_ITEM('',(#1057),#2203,#998);
#185=OVER_RIDING_STYLED_ITEM('',(#1058),#2204,#998);
#186=OVER_RIDING_STYLED_ITEM('',(#1059),#2205,#998);
#187=OVER_RIDING_STYLED_ITEM('',(#1060),#2206,#998);
#188=OVER_RIDING_STYLED_ITEM('',(#1061),#2207,#998);
#189=OVER_RIDING_STYLED_ITEM('',(#1062),#2208,#998);
#190=OVER_RIDING_STYLED_ITEM('',(#1063),#2209,#998);
#191=OVER_RIDING_STYLED_ITEM('',(#1064),#2210,#998);
#192=OVER_RIDING_STYLED_ITEM('',(#1065),#2211,#998);
#193=OVER_RIDING_STYLED_ITEM('',(#1068),#2246,#1000);
#194=OVER_RIDING_STYLED_ITEM('',(#1069),#2247,#1000);
#195=OVER_RIDING_STYLED_ITEM('',(#1070),#2248,#1000);
#196=OVER_RIDING_STYLED_ITEM('',(#1071),#2249,#1000);
#197=OVER_RIDING_STYLED_ITEM('',(#1072),#2250,#1000);
#198=OVER_RIDING_STYLED_ITEM('',(#1073),#2251,#1000);
#199=OVER_RIDING_STYLED_ITEM('',(#1074),#2252,#1000);
#200=OVER_RIDING_STYLED_ITEM('',(#1075),#2253,#1000);
#201=OVER_RIDING_STYLED_ITEM('',(#1076),#2254,#1000);
#202=OVER_RIDING_STYLED_ITEM('',(#1077),#2255,#1000);
#203=OVER_RIDING_STYLED_ITEM('',(#1078),#2256,#1000);
#204=OVER_RIDING_STYLED_ITEM('',(#1079),#2257,#1000);
#205=OVER_RIDING_STYLED_ITEM('',(#1080),#2258,#1000);
#206=OVER_RIDING_STYLED_ITEM('',(#1081),#2259,#1000);
#207=OVER_RIDING_STYLED_ITEM('',(#1082),#2260,#1000);
#208=OVER_RIDING_STYLED_ITEM('',(#1083),#2261,#1000);
#209=OVER_RIDING_STYLED_ITEM('',(#1084),#2262,#1000);
#210=OVER_RIDING_STYLED_ITEM('',(#1085),#2263,#1000);
#211=OVER_RIDING_STYLED_ITEM('',(#1086),#2264,#1000);
#212=OVER_RIDING_STYLED_ITEM('',(#1087),#2265,#1000);
#213=OVER_RIDING_STYLED_ITEM('',(#1088),#2266,#1000);
#214=OVER_RIDING_STYLED_ITEM('',(#1089),#2267,#1000);
#215=OVER_RIDING_STYLED_ITEM('',(#1090),#2268,#1000);
#216=OVER_RIDING_STYLED_ITEM('',(#1091),#2269,#1000);
#217=OVER_RIDING_STYLED_ITEM('',(#1092),#2270,#1000);
#218=OVER_RIDING_STYLED_ITEM('',(#1093),#2271,#1000);
#219=OVER_RIDING_STYLED_ITEM('',(#1094),#2272,#1000);
#220=OVER_RIDING_STYLED_ITEM('',(#1095),#2273,#1000);
#221=OVER_RIDING_STYLED_ITEM('',(#1096),#2274,#1000);
#222=OVER_RIDING_STYLED_ITEM('',(#1097),#2275,#1000);
#223=OVER_RIDING_STYLED_ITEM('',(#1098),#2276,#1000);
#224=OVER_RIDING_STYLED_ITEM('',(#1099),#2277,#1000);
#225=OVER_RIDING_STYLED_ITEM('',(#1100),#2278,#1000);
#226=OVER_RIDING_STYLED_ITEM('',(#1101),#2279,#1000);
#227=OVER_RIDING_STYLED_ITEM('',(#1102),#2280,#1000);
#228=OVER_RIDING_STYLED_ITEM('',(#1103),#2281,#1000);
#229=OVER_RIDING_STYLED_ITEM('',(#1104),#2282,#1000);
#230=OVER_RIDING_STYLED_ITEM('',(#1105),#2283,#1000);
#231=OVER_RIDING_STYLED_ITEM('',(#1106),#2284,#1000);
#232=OVER_RIDING_STYLED_ITEM('',(#1107),#2285,#1000);
#233=OVER_RIDING_STYLED_ITEM('',(#1108),#2286,#1000);
#234=OVER_RIDING_STYLED_ITEM('',(#1109),#2287,#1000);
#235=OVER_RIDING_STYLED_ITEM('',(#1110),#2288,#1000);
#236=OVER_RIDING_STYLED_ITEM('',(#1111),#2289,#1000);
#237=OVER_RIDING_STYLED_ITEM('',(#1112),#2290,#1000);
#238=OVER_RIDING_STYLED_ITEM('',(#1113),#2291,#1000);
#239=OVER_RIDING_STYLED_ITEM('',(#1114),#2292,#1000);
#240=OVER_RIDING_STYLED_ITEM('',(#1115),#2293,#1000);
#241=OVER_RIDING_STYLED_ITEM('',(#1116),#2294,#1000);
#242=OVER_RIDING_STYLED_ITEM('',(#1117),#2295,#1000);
#243=OVER_RIDING_STYLED_ITEM('',(#1118),#2296,#1000);
#244=OVER_RIDING_STYLED_ITEM('',(#1119),#2297,#1000);
#245=OVER_RIDING_STYLED_ITEM('',(#1120),#2298,#1000);
#246=OVER_RIDING_STYLED_ITEM('',(#1121),#2299,#1000);
#247=OVER_RIDING_STYLED_ITEM('',(#1122),#2300,#1000);
#248=OVER_RIDING_STYLED_ITEM('',(#1123),#2301,#1000);
#249=OVER_RIDING_STYLED_ITEM('',(#1124),#2302,#1000);
#250=OVER_RIDING_STYLED_ITEM('',(#1125),#2303,#1000);
#251=OVER_RIDING_STYLED_ITEM('',(#1126),#2304,#1000);
#252=OVER_RIDING_STYLED_ITEM('',(#1127),#2305,#1000);
#253=OVER_RIDING_STYLED_ITEM('',(#1128),#2306,#1000);
#254=OVER_RIDING_STYLED_ITEM('',(#1129),#2307,#1000);
#255=OVER_RIDING_STYLED_ITEM('',(#1130),#2308,#1000);
#256=OVER_RIDING_STYLED_ITEM('',(#1131),#2309,#1000);
#257=OVER_RIDING_STYLED_ITEM('',(#1132),#2310,#1000);
#258=OVER_RIDING_STYLED_ITEM('',(#1133),#2311,#1000);
#259=OVER_RIDING_STYLED_ITEM('',(#1134),#2312,#1000);
#260=OVER_RIDING_STYLED_ITEM('',(#1135),#2313,#1000);
#261=OVER_RIDING_STYLED_ITEM('',(#1136),#2314,#1000);
#262=OVER_RIDING_STYLED_ITEM('',(#1137),#2315,#1000);
#263=OVER_RIDING_STYLED_ITEM('',(#1138),#2316,#1000);
#264=OVER_RIDING_STYLED_ITEM('',(#1139),#2317,#1000);
#265=OVER_RIDING_STYLED_ITEM('',(#1140),#2318,#1000);
#266=OVER_RIDING_STYLED_ITEM('',(#1141),#2319,#1000);
#267=OVER_RIDING_STYLED_ITEM('',(#1142),#2320,#1000);
#268=OVER_RIDING_STYLED_ITEM('',(#1143),#2321,#1000);
#269=OVER_RIDING_STYLED_ITEM('',(#1144),#2322,#1000);
#270=OVER_RIDING_STYLED_ITEM('',(#1145),#2323,#1000);
#271=OVER_RIDING_STYLED_ITEM('',(#1146),#2324,#1000);
#272=OVER_RIDING_STYLED_ITEM('',(#1147),#2325,#1000);
#273=OVER_RIDING_STYLED_ITEM('',(#1148),#2326,#1000);
#274=OVER_RIDING_STYLED_ITEM('',(#1149),#2327,#1000);
#275=OVER_RIDING_STYLED_ITEM('',(#1150),#2328,#1000);
#276=OVER_RIDING_STYLED_ITEM('',(#1151),#2329,#1000);
#277=OVER_RIDING_STYLED_ITEM('',(#1152),#2330,#1000);
#278=OVER_RIDING_STYLED_ITEM('',(#1153),#2331,#1000);
#279=OVER_RIDING_STYLED_ITEM('',(#1154),#2332,#1000);
#280=OVER_RIDING_STYLED_ITEM('',(#1155),#2333,#1000);
#281=OVER_RIDING_STYLED_ITEM('',(#1156),#2334,#1000);
#282=OVER_RIDING_STYLED_ITEM('',(#1157),#2335,#1000);
#283=OVER_RIDING_STYLED_ITEM('',(#1158),#2336,#1000);
#284=OVER_RIDING_STYLED_ITEM('',(#1159),#2337,#1000);
#285=OVER_RIDING_STYLED_ITEM('',(#1160),#2338,#1000);
#286=OVER_RIDING_STYLED_ITEM('',(#1161),#2339,#1000);
#287=OVER_RIDING_STYLED_ITEM('',(#1162),#2340,#1000);
#288=OVER_RIDING_STYLED_ITEM('',(#1163),#2341,#1000);
#289=OVER_RIDING_STYLED_ITEM('',(#1164),#2342,#1000);
#290=OVER_RIDING_STYLED_ITEM('',(#1165),#2343,#1000);
#291=OVER_RIDING_STYLED_ITEM('',(#1166),#2344,#1000);
#292=OVER_RIDING_STYLED_ITEM('',(#1167),#2345,#1000);
#293=OVER_RIDING_STYLED_ITEM('',(#1168),#2346,#1000);
#294=OVER_RIDING_STYLED_ITEM('',(#1169),#2347,#1000);
#295=OVER_RIDING_STYLED_ITEM('',(#1170),#2348,#1000);
#296=OVER_RIDING_STYLED_ITEM('',(#1171),#2349,#1000);
#297=OVER_RIDING_STYLED_ITEM('',(#1172),#2350,#1000);
#298=OVER_RIDING_STYLED_ITEM('',(#1173),#2351,#1000);
#299=OVER_RIDING_STYLED_ITEM('',(#1174),#2352,#1000);
#300=OVER_RIDING_STYLED_ITEM('',(#1175),#2353,#1000);
#301=OVER_RIDING_STYLED_ITEM('',(#1176),#2354,#1000);
#302=OVER_RIDING_STYLED_ITEM('',(#1177),#2355,#1000);
#303=OVER_RIDING_STYLED_ITEM('',(#1178),#2356,#1000);
#304=DRAUGHTING_PRE_DEFINED_COLOUR('black');
#305=SURFACE_OF_LINEAR_EXTRUSION('',#369,#879);
#306=SURFACE_OF_LINEAR_EXTRUSION('',#390,#955);
#307=CONICAL_SURFACE('',#4625,0.177834620444898,45.6233649548857);
#308=CONICAL_SURFACE('',#4627,0.173694030590332,44.3766350436245);
#309=CONICAL_SURFACE('',#4629,0.178859410145377,56.5558264494561);
#310=CONICAL_SURFACE('',#4633,0.177832063258012,45.710325732243);
#311=CONICAL_SURFACE('',#4635,0.173688569593445,44.3468669981685);
#312=CONICAL_SURFACE('',#4636,0.178856506335404,56.6427872270975);
#313=CONICAL_SURFACE('',#4640,0.177834620444895,45.6233649548849);
#314=CONICAL_SURFACE('',#4642,0.17369403059033,44.3766350436269);
#315=CONICAL_SURFACE('',#4644,0.178859410145375,56.5558264494549);
#316=CONICAL_SURFACE('',#4648,0.17783206325801,45.7103257322415);
#317=CONICAL_SURFACE('',#4650,0.173688569593444,44.3468669981693);
#318=CONICAL_SURFACE('',#4651,0.178856506335402,56.6427872270959);
#319=CONICAL_SURFACE('',#4652,0.125,14.0362434679266);
#320=CONICAL_SURFACE('',#4738,0.0906210322340734,5.);
#321=CONICAL_SURFACE('',#4828,0.0700000000000001,25.);
#322=CONICAL_SURFACE('',#4836,0.15141,25.);
#323=CONICAL_SURFACE('',#4837,0.175,12.3936724036546);
#324=CONICAL_SURFACE('',#4851,0.0699999999999998,80.4900000000002);
#325=CONICAL_SURFACE('',#4852,0.0699999999999998,80.4900000000002);
#326=CONICAL_SURFACE('',#4853,0.0699999999999998,80.4900000000002);
#327=CONICAL_SURFACE('',#4854,0.175,12.3936724036546);
#328=CONICAL_SURFACE('',#4855,0.175,12.3936724036546);
#329=CONICAL_SURFACE('',#4862,0.07,13.64416494028);
#330=CONICAL_SURFACE('',#4865,0.125,12.6497885768797);
#331=CONICAL_SURFACE('',#4867,0.125,30.9637565320735);
#332=CONICAL_SURFACE('',#4868,0.05,2.15325139589439);
#333=TOROIDAL_SURFACE('',#4617,0.20300000000001,0.01585);
#334=TOROIDAL_SURFACE('',#4663,0.0499999999999785,0.01);
#335=TOROIDAL_SURFACE('',#4716,0.075,0.05);
#336=TOROIDAL_SURFACE('',#4727,0.225,0.1);
#337=TOROIDAL_SURFACE('',#4728,0.145,0.02);
#338=TOROIDAL_SURFACE('',#4745,0.0984720140213588,0.01);
#339=TOROIDAL_SURFACE('',#4747,0.097845109451689,0.01);
#340=TOROIDAL_SURFACE('',#4760,0.049826680980159,0.019778356103938);
#341=TOROIDAL_SURFACE('',#4766,0.039600966880951,0.019822610777013);
#342=TOROIDAL_SURFACE('',#4773,0.039600966880951,0.019822610777013);
#343=TOROIDAL_SURFACE('',#4774,0.039600966880951,0.019822610777013);
#344=TOROIDAL_SURFACE('',#4779,0.039600966880951,0.019822610777013);
#345=TOROIDAL_SURFACE('',#4785,0.036125738516769,0.019778356103938);
#346=TOROIDAL_SURFACE('',#4790,0.12419245837458,0.025);
#347=TOROIDAL_SURFACE('',#4792,0.0361257386069179,0.019778356103938);
#348=TOROIDAL_SURFACE('',#4793,0.0361257385815788,0.019778356103938);
#349=TOROIDAL_SURFACE('',#4796,0.12419245837458,0.025);
#350=TOROIDAL_SURFACE('',#4798,0.0361257385421186,0.019778356103938);
#351=TOROIDAL_SURFACE('',#4801,0.12419245837458,0.025);
#352=TOROIDAL_SURFACE('',#4805,0.543517310442729,0.523738954338791);
#353=TOROIDAL_SURFACE('',#4806,0.538543281501728,0.51876492539779);
#354=TOROIDAL_SURFACE('',#4811,0.538543281501728,0.51876492539779);
#355=TOROIDAL_SURFACE('',#4812,0.54351653785647,0.523738181752532);
#356=ELLIPSE('',#4608,0.204705078915113,0.183);
#357=ELLIPSE('',#4609,0.204705078915113,0.183);
#358=ELLIPSE('',#4695,0.0353553390593274,0.025);
#359=ELLIPSE('',#4762,0.0286834113217773,0.019778356103938);
#360=ELLIPSE('',#4764,0.0643132899811483,0.01);
#361=ELLIPSE('',#4780,0.0286834113459906,0.019778356103938);
#362=ELLIPSE('',#4781,0.12720111513056,0.019778356103938);
#363=B_SPLINE_CURVE_WITH_KNOTS('',3,(#5652,#5653,#5654,#5655),
 .UNSPECIFIED.,.F.,.F.,(4,4),(0.,1.),.UNSPECIFIED.);
#364=B_SPLINE_CURVE_WITH_KNOTS('',3,(#5657,#5658,#5659,#5660,#5661,#5662),
 .UNSPECIFIED.,.F.,.F.,(4,2,4),(0.,0.5,1.),.UNSPECIFIED.);
#365=B_SPLINE_CURVE_WITH_KNOTS('',3,(#5690,#5691,#5692,#5693),
 .UNSPECIFIED.,.F.,.F.,(4,4),(0.,1.),.UNSPECIFIED.);
#366=B_SPLINE_CURVE_WITH_KNOTS('',3,(#5704,#5705,#5706,#5707,#5708,#5709),
 .UNSPECIFIED.,.F.,.F.,(4,2,4),(0.,0.5,1.),.UNSPECIFIED.);
#367=B_SPLINE_CURVE_WITH_KNOTS('',3,(#5712,#5713,#5714,#5715),
 .UNSPECIFIED.,.F.,.F.,(4,4),(0.,1.),.UNSPECIFIED.);
#368=B_SPLINE_CURVE_WITH_KNOTS('',3,(#5776,#5777,#5778,#5779),
 .UNSPECIFIED.,.F.,.F.,(4,4),(0.,1.),.UNSPECIFIED.);
#369=B_SPLINE_CURVE_WITH_KNOTS('',3,(#5780,#5781,#5782,#5783),
 .UNSPECIFIED.,.F.,.F.,(4,4),(0.,1.),.UNSPECIFIED.);
#370=B_SPLINE_CURVE_WITH_KNOTS('',3,(#5811,#5812,#5813,#5814,#5815,#5816,
#5817,#5818,#5819,#5820),.UNSPECIFIED.,.T.,.F.,(2,2,2,2,2,2,2),(-0.25,0.,
0.25,0.5,0.75,1.,1.25),.UNSPECIFIED.);
#371=B_SPLINE_CURVE_WITH_KNOTS('',3,(#5857,#5858,#5859,#5860),
 .UNSPECIFIED.,.F.,.F.,(4,4),(0.,1.),.UNSPECIFIED.);
#372=B_SPLINE_CURVE_WITH_KNOTS('',3,(#5976,#5977,#5978,#5979,#5980,#5981,
#5982,#5983,#5984,#5985),.UNSPECIFIED.,.F.,.F.,(4,3,3,4),(0.,0.13525237674112,
0.583830518661722,1.),.UNSPECIFIED.);
#373=B_SPLINE_CURVE_WITH_KNOTS('',3,(#5996,#5997,#5998,#5999,#6000,#6001,
#6002,#6003,#6004,#6005),.UNSPECIFIED.,.F.,.F.,(4,3,3,4),(0.,0.21127073532844,
0.603803410047524,1.),.UNSPECIFIED.);
#374=B_SPLINE_CURVE_WITH_KNOTS('',3,(#6038,#6039,#6040,#6041,#6042,#6043,
#6044,#6045,#6046,#6047,#6048,#6049,#6050,#6051,#6052,#6053,#6054,#6055,
#6056,#6057,#6058,#6059,#6060,#6061,#6062,#6063,#6064,#6065,#6066,#6067,
#6068,#6069,#6070,#6071,#6072,#6073,#6074,#6075,#6076,#6077),
 .UNSPECIFIED.,.F.,.F.,(4,3,3,3,3,3,3,3,3,3,3,3,3,4),(0.,0.0985645209184938,
0.167787688754998,0.292551030590667,0.421645256849744,0.461874268648508,
0.485581959035165,0.506654518306433,0.527114970731157,0.570178096434234,
0.629079175447722,0.73995850990507,0.890113301560195,1.),.UNSPECIFIED.);
#375=B_SPLINE_CURVE_WITH_KNOTS('',3,(#6079,#6080,#6081,#6082,#6083,#6084,
#6085,#6086,#6087,#6088,#6089,#6090,#6091,#6092,#6093,#6094,#6095,#6096,
#6097,#6098,#6099,#6100),.UNSPECIFIED.,.F.,.F.,(4,3,3,3,3,3,3,4),(0.,0.000286514206195774,
0.0515184401838935,0.102748140008814,0.205141829616402,0.569142098375986,
0.789109190084465,1.),.UNSPECIFIED.);
#376=B_SPLINE_CURVE_WITH_KNOTS('',3,(#6104,#6105,#6106,#6107,#6108,#6109,
#6110),.UNSPECIFIED.,.F.,.F.,(4,3,4),(0.,0.496207860911574,1.),
 .UNSPECIFIED.);
#377=B_SPLINE_CURVE_WITH_KNOTS('',3,(#6111,#6112,#6113,#6114,#6115,#6116,
#6117,#6118,#6119,#6120,#6121,#6122,#6123),.UNSPECIFIED.,.F.,.F.,(4,3,3,
3,4),(0.,0.000375781194275793,0.409366131237277,0.756273922925713,1.),
 .UNSPECIFIED.);
#378=B_SPLINE_CURVE_WITH_KNOTS('',3,(#6125,#6126,#6127,#6128,#6129,#6130,
#6131),.UNSPECIFIED.,.F.,.F.,(4,3,4),(0.,0.503792139088424,1.),
 .UNSPECIFIED.);
#379=B_SPLINE_CURVE_WITH_KNOTS('',3,(#6135,#6136,#6137,#6138,#6139,#6140,
#6141,#6142,#6143,#6144,#6145,#6146,#6147,#6148,#6149,#6150,#6151,#6152,
#6153,#6154,#6155,#6156),.UNSPECIFIED.,.F.,.F.,(4,3,3,3,3,3,3,4),(0.,0.210890809915535,
0.430857901624014,0.794858170383597,0.897251859991184,0.948481559816105,
0.999713485793804,1.),.UNSPECIFIED.);
#380=B_SPLINE_CURVE_WITH_KNOTS('',3,(#6157,#6158,#6159,#6160,#6161,#6162,
#6163,#6164,#6165,#6166,#6167,#6168,#6169),.UNSPECIFIED.,.F.,.F.,(4,3,3,
3,4),(0.,0.243726077074288,0.590633868762726,0.999624218805696,1.),
 .UNSPECIFIED.);
#381=B_SPLINE_CURVE_WITH_KNOTS('',3,(#6171,#6172,#6173,#6174,#6175,#6176,
#6177,#6178,#6179,#6180,#6181,#6182,#6183,#6184,#6185,#6186,#6187,#6188,
#6189,#6190,#6191,#6192),.UNSPECIFIED.,.F.,.F.,(4,3,3,3,3,3,3,4),(0.,0.172939788787316,
0.369055533933007,0.751487672614086,0.873898122513152,0.936550718792165,
0.999700409455863,1.),.UNSPECIFIED.);
#382=B_SPLINE_CURVE_WITH_KNOTS('',3,(#6193,#6194,#6195,#6196,#6197,#6198,
#6199,#6200,#6201,#6202,#6203,#6204,#6205,#6206,#6207,#6208,#6209,#6210,
#6211,#6212,#6213,#6214),.UNSPECIFIED.,.F.,.F.,(4,3,3,3,3,3,3,4),(0.,0.000299590544154989,
0.0634492812078381,0.126101877486852,0.248512327385916,0.630944466066994,
0.827060211212684,1.),.UNSPECIFIED.);
#383=B_SPLINE_CURVE_WITH_KNOTS('',3,(#6216,#6217,#6218,#6219,#6220,#6221,
#6222,#6223,#6224,#6225,#6226,#6227,#6228,#6229,#6230,#6231),
 .UNSPECIFIED.,.F.,.F.,(4,3,3,3,3,4),(0.,0.17033062213631,0.498564294240321,
0.881050201166219,0.999475080827842,1.),.UNSPECIFIED.);
#384=B_SPLINE_CURVE_WITH_KNOTS('',3,(#6232,#6233,#6234,#6235,#6236,#6237,
#6238,#6239,#6240,#6241,#6242,#6243,#6244,#6245,#6246,#6247),
 .UNSPECIFIED.,.F.,.F.,(4,3,3,3,3,4),(0.,0.000524919172184782,0.118949798833781,
0.501435705759679,0.82966937786369,1.),.UNSPECIFIED.);
#385=B_SPLINE_CURVE_WITH_KNOTS('',3,(#6249,#6250,#6251,#6252,#6253,#6254,
#6255),.UNSPECIFIED.,.F.,.F.,(4,3,4),(0.,0.516959022213766,1.),
 .UNSPECIFIED.);
#386=B_SPLINE_CURVE_WITH_KNOTS('',3,(#6258,#6259,#6260,#6261,#6262,#6263,
#6264,#6265,#6266,#6267,#6268,#6269,#6270,#6271,#6272,#6273,#6274,#6275,
#6276,#6277,#6278,#6279,#6280,#6281,#6282,#6283,#6284,#6285,#6286,#6287,
#6288),.UNSPECIFIED.,.F.,.F.,(4,3,3,3,3,3,3,3,3,3,4),(0.,0.0945175383209858,
0.405308979875365,0.469497782025889,0.495650726164372,0.500830226985023,
0.521570479017755,0.553342925471416,0.615604101083267,0.846308148422862,
1.),.UNSPECIFIED.);
#387=B_SPLINE_CURVE_WITH_KNOTS('',3,(#6290,#6291,#6292,#6293,#6294,#6295,
#6296),.UNSPECIFIED.,.F.,.F.,(4,3,4),(0.,0.53893837054109,1.),
 .UNSPECIFIED.);
#388=B_SPLINE_CURVE_WITH_KNOTS('',3,(#6298,#6299,#6300,#6301,#6302,#6303,
#6304,#6305,#6306,#6307),.UNSPECIFIED.,.F.,.F.,(4,3,3,4),(0.,0.0601663414458986,
0.510830071606424,1.),.UNSPECIFIED.);
#389=B_SPLINE_CURVE_WITH_KNOTS('',3,(#6308,#6309,#6310,#6311,#6312,#6313,
#6314),.UNSPECIFIED.,.F.,.F.,(4,3,4),(0.,0.488397920791226,1.),
 .UNSPECIFIED.);
#390=B_SPLINE_CURVE_WITH_KNOTS('',2,(#6315,#6316,#6317,#6318,#6319,#6320),
 .UNSPECIFIED.,.F.,.F.,(3,1,1,1,3),(0.,0.396638914994276,0.606362092611993,
0.765043798520073,1.),.UNSPECIFIED.);
#391=B_SPLINE_CURVE_WITH_KNOTS('',3,(#6358,#6359,#6360,#6361,#6362,#6363,
#6364,#6365,#6366,#6367,#6368,#6369,#6370,#6371,#6372,#6373,#6374,#6375,
#6376),.UNSPECIFIED.,.F.,.F.,(4,3,3,3,3,3,4),(0.,0.0226758141221936,0.140312458674284,
0.355234351769837,0.570156236739707,0.785078118261917,1.),.UNSPECIFIED.);
#392=B_SPLINE_CURVE_WITH_KNOTS('',3,(#6404,#6405,#6406,#6407,#6408,#6409,
#6410,#6411,#6412,#6413,#6414,#6415,#6416,#6417,#6418,#6419,#6420,#6421,
#6422),.UNSPECIFIED.,.F.,.F.,(4,3,3,3,3,3,4),(0.,0.214921881756288,0.429843763296701,
0.644765648284775,0.859687541398532,0.977324185962947,1.),.UNSPECIFIED.);
#393=B_SPLINE_CURVE_WITH_KNOTS('',3,(#6470,#6471,#6472,#6473,#6474,#6475,
#6476,#6477,#6478,#6479),.UNSPECIFIED.,.F.,.F.,(4,3,3,4),(0.,0.428922851210099,
0.871772522182407,1.),.UNSPECIFIED.);
#394=B_SPLINE_CURVE_WITH_KNOTS('',3,(#6483,#6484,#6485,#6486,#6487,#6488,
#6489,#6490,#6491,#6492),.UNSPECIFIED.,.F.,.F.,(4,3,3,4),(0.,0.38237524548689,
0.780405890318392,1.),.UNSPECIFIED.);
#395=B_SPLINE_CURVE_WITH_KNOTS('',3,(#6530,#6531,#6532,#6533,#6534,#6535,
#6536,#6537,#6538,#6539,#6540,#6541,#6542,#6543,#6544,#6545,#6546,#6547),
 .UNSPECIFIED.,.F.,.F.,(4,2,2,2,2,2,2,2,4),(0.,0.125,0.25,0.375,0.5,0.625,
0.75,0.875,1.),.UNSPECIFIED.);
#396=B_SPLINE_CURVE_WITH_KNOTS('',3,(#6550,#6551,#6552,#6553,#6554,#6555,
#6556,#6557,#6558,#6559,#6560,#6561,#6562,#6563),.UNSPECIFIED.,.F.,.F.,
(4,2,2,2,2,2,4),(0.,0.166666666666667,0.333333333333333,0.5,0.666666666666667,
0.833333333333333,1.),.UNSPECIFIED.);
#397=B_SPLINE_CURVE_WITH_KNOTS('',3,(#6565,#6566,#6567,#6568,#6569,#6570,
#6571,#6572,#6573,#6574),.UNSPECIFIED.,.F.,.F.,(4,2,2,2,4),(0.,0.25,0.5,
0.75,1.),.UNSPECIFIED.);
#398=B_SPLINE_CURVE_WITH_KNOTS('',3,(#6576,#6577,#6578,#6579,#6580,#6581,
#6582,#6583,#6584,#6585,#6586,#6587,#6588,#6589,#6590,#6591,#6592,#6593,
#6594,#6595,#6596,#6597,#6598,#6599,#6600,#6601,#6602,#6603,#6604,#6605),
 .UNSPECIFIED.,.F.,.F.,(4,2,2,2,2,2,2,2,2,2,2,2,2,2,4),(0.,0.0714285714285714,
0.142857142857143,0.214285714285714,0.285714285714286,0.357142857142857,
0.428571428571429,0.5,0.571428571428571,0.642857142857143,0.714285714285714,
0.785714285714286,0.857142857142857,0.928571428571429,1.),.UNSPECIFIED.);
#399=B_SPLINE_CURVE_WITH_KNOTS('',3,(#6606,#6607,#6608,#6609),
 .UNSPECIFIED.,.F.,.F.,(4,4),(0.,1.),.UNSPECIFIED.);
#400=B_SPLINE_CURVE_WITH_KNOTS('',3,(#6612,#6613,#6614,#6615),
 .UNSPECIFIED.,.F.,.F.,(4,4),(0.,1.),.UNSPECIFIED.);
#401=B_SPLINE_CURVE_WITH_KNOTS('',3,(#6617,#6618,#6619,#6620),
 .UNSPECIFIED.,.F.,.F.,(4,4),(0.,1.),.UNSPECIFIED.);
#402=B_SPLINE_CURVE_WITH_KNOTS('',3,(#6622,#6623,#6624,#6625),
 .UNSPECIFIED.,.F.,.F.,(4,4),(0.,1.),.UNSPECIFIED.);
#403=B_SPLINE_CURVE_WITH_KNOTS('',3,(#6627,#6628,#6629,#6630),
 .UNSPECIFIED.,.F.,.F.,(4,4),(0.,1.),.UNSPECIFIED.);
#404=B_SPLINE_CURVE_WITH_KNOTS('',3,(#6632,#6633,#6634,#6635),
 .UNSPECIFIED.,.F.,.F.,(4,4),(0.,1.),.UNSPECIFIED.);
#405=B_SPLINE_CURVE_WITH_KNOTS('',3,(#6637,#6638,#6639,#6640),
 .UNSPECIFIED.,.F.,.F.,(4,4),(0.,1.),.UNSPECIFIED.);
#406=B_SPLINE_CURVE_WITH_KNOTS('',3,(#6642,#6643,#6644,#6645),
 .UNSPECIFIED.,.F.,.F.,(4,4),(0.,1.),.UNSPECIFIED.);
#407=B_SPLINE_CURVE_WITH_KNOTS('',3,(#6647,#6648,#6649,#6650),
 .UNSPECIFIED.,.F.,.F.,(4,4),(0.,1.),.UNSPECIFIED.);
#408=B_SPLINE_CURVE_WITH_KNOTS('',3,(#6651,#6652,#6653,#6654,#6655,#6656,
#6657,#6658,#6659,#6660,#6661,#6662,#6663,#6664,#6665,#6666,#6667,#6668,
#6669,#6670,#6671,#6672,#6673,#6674,#6675,#6676,#6677,#6678,#6679,#6680,
#6681,#6682,#6683,#6684,#6685,#6686,#6687,#6688,#6689,#6690,#6691,#6692,
#6693,#6694,#6695,#6696,#6697,#6698,#6699,#6700,#6701,#6702,#6703,#6704,
#6705,#6706,#6707,#6708),.UNSPECIFIED.,.T.,.F.,(1,3,3,3,3,3,3,3,3,3,3,3,
3,3,3,3,3,3,3,3,3,1),(-0.0517330035750552,0.,0.0338881482052523,0.0863145375453845,
0.138866048272171,0.192543230546191,0.247268079570554,0.302345700943074,
0.357010748703992,0.410969031910734,0.464319745767675,0.517284900028315,
0.570092617322137,0.622960072923836,0.67610554939186,0.729752032109474,
0.784072874010704,0.839013575693862,0.894027731938751,0.948266996424945,
1.,1.03388814820525),.UNSPECIFIED.);
#409=B_SPLINE_CURVE_WITH_KNOTS('',3,(#7177,#7178,#7179,#7180,#7181,#7182),
 .UNSPECIFIED.,.F.,.F.,(4,2,4),(0.,0.5,1.),.UNSPECIFIED.);
#410=B_SPLINE_CURVE_WITH_KNOTS('',3,(#7199,#7200,#7201,#7202),
 .UNSPECIFIED.,.F.,.F.,(4,4),(0.,1.),.UNSPECIFIED.);
#411=B_SPLINE_CURVE_WITH_KNOTS('',3,(#7204,#7205,#7206,#7207),
 .UNSPECIFIED.,.F.,.F.,(4,4),(0.,1.),.UNSPECIFIED.);
#412=B_SPLINE_CURVE_WITH_KNOTS('',3,(#7211,#7212,#7213,#7214),
 .UNSPECIFIED.,.F.,.F.,(4,4),(0.,1.),.UNSPECIFIED.);
#413=B_SPLINE_CURVE_WITH_KNOTS('',3,(#7216,#7217,#7218,#7219),
 .UNSPECIFIED.,.F.,.F.,(4,4),(0.,1.),.UNSPECIFIED.);
#414=B_SPLINE_CURVE_WITH_KNOTS('',3,(#7221,#7222,#7223,#7224),
 .UNSPECIFIED.,.F.,.F.,(4,4),(0.,1.),.UNSPECIFIED.);
#415=B_SPLINE_CURVE_WITH_KNOTS('',3,(#7227,#7228,#7229,#7230),
 .UNSPECIFIED.,.F.,.F.,(4,4),(0.,1.),.UNSPECIFIED.);
#416=B_SPLINE_CURVE_WITH_KNOTS('',3,(#7232,#7233,#7234,#7235),
 .UNSPECIFIED.,.F.,.F.,(4,4),(0.,1.),.UNSPECIFIED.);
#417=B_SPLINE_CURVE_WITH_KNOTS('',3,(#7242,#7243,#7244,#7245,#7246,#7247),
 .UNSPECIFIED.,.F.,.F.,(4,2,4),(0.,0.5,1.),.UNSPECIFIED.);
#418=B_SPLINE_CURVE_WITH_KNOTS('',3,(#7534,#7535,#7536,#7537,#7538,#7539,
#7540,#7541,#7542,#7543,#7544,#7545,#7546,#7547,#7548,#7549,#7550,#7551,
#7552,#7553,#7554,#7555,#7556,#7557,#7558,#7559,#7560,#7561,#7562,#7563,
#7564,#7565,#7566,#7567,#7568,#7569,#7570,#7571,#7572,#7573,#7574,#7575,
#7576,#7577,#7578,#7579,#7580,#7581,#7582,#7583,#7584,#7585,#7586,#7587,
#7588,#7589,#7590,#7591,#7592,#7593,#7594),.UNSPECIFIED.,.T.,.F.,(1,3,3,
3,3,3,3,3,3,3,3,3,3,3,3,3,3,3,3,3,3,3,1),(-0.0166108060086667,0.,0.0536912486859536,
0.107383224622002,0.161082894007316,0.214794532321187,0.268516728940188,
0.322243453035429,0.375967087184764,0.429681747165292,0.483385516110004,
0.499999944711165,0.553692981021233,0.607386590058584,0.661086434282886,
0.714796634548382,0.76851713849843,0.822243501732797,0.87596844663269,0.929684867124768,
0.983389193991333,1.,1.05369124868595),.UNSPECIFIED.);
#419=B_SPLINE_CURVE_WITH_KNOTS('',3,(#7597,#7598,#7599,#7600),
 .UNSPECIFIED.,.F.,.F.,(4,4),(0.,1.),.UNSPECIFIED.);
#420=B_SPLINE_CURVE_WITH_KNOTS('',3,(#7603,#7604,#7605,#7606),
 .UNSPECIFIED.,.F.,.F.,(4,4),(0.,1.),.UNSPECIFIED.);
#421=B_SPLINE_CURVE_WITH_KNOTS('',3,(#7608,#7609,#7610,#7611),
 .UNSPECIFIED.,.F.,.F.,(4,4),(0.,1.),.UNSPECIFIED.);
#422=B_SPLINE_CURVE_WITH_KNOTS('',3,(#7628,#7629,#7630,#7631),
 .UNSPECIFIED.,.F.,.F.,(4,4),(0.,1.),.UNSPECIFIED.);
#423=B_SPLINE_CURVE_WITH_KNOTS('',3,(#7635,#7636,#7637,#7638),
 .UNSPECIFIED.,.F.,.F.,(4,4),(0.,1.),.UNSPECIFIED.);
#424=B_SPLINE_CURVE_WITH_KNOTS('',3,(#7642,#7643,#7644,#7645),
 .UNSPECIFIED.,.F.,.F.,(4,4),(0.,1.),.UNSPECIFIED.);
#425=B_SPLINE_CURVE_WITH_KNOTS('',3,(#7649,#7650,#7651,#7652),
 .UNSPECIFIED.,.F.,.F.,(4,4),(0.,1.),.UNSPECIFIED.);
#426=B_SPLINE_CURVE_WITH_KNOTS('',3,(#7655,#7656,#7657,#7658),
 .UNSPECIFIED.,.F.,.F.,(4,4),(0.,1.),.UNSPECIFIED.);
#427=B_SPLINE_CURVE_WITH_KNOTS('',3,(#7660,#7661,#7662,#7663,#7664,#7665,
#7666),.UNSPECIFIED.,.F.,.F.,(4,3,4),(0.,0.666908150789647,1.),
 .UNSPECIFIED.);
#428=B_SPLINE_CURVE_WITH_KNOTS('',3,(#7668,#7669,#7670,#7671),
 .UNSPECIFIED.,.F.,.F.,(4,4),(0.,1.),.UNSPECIFIED.);
#429=B_SPLINE_CURVE_WITH_KNOTS('',3,(#7673,#7674,#7675,#7676),
 .UNSPECIFIED.,.F.,.F.,(4,4),(0.,1.),.UNSPECIFIED.);
#430=B_SPLINE_CURVE_WITH_KNOTS('',3,(#7678,#7679,#7680,#7681),
 .UNSPECIFIED.,.F.,.F.,(4,4),(0.,1.),.UNSPECIFIED.);
#431=B_SPLINE_CURVE_WITH_KNOTS('',3,(#7685,#7686,#7687,#7688),
 .UNSPECIFIED.,.F.,.F.,(4,4),(0.,1.),.UNSPECIFIED.);
#432=B_SPLINE_CURVE_WITH_KNOTS('',3,(#7690,#7691,#7692,#7693),
 .UNSPECIFIED.,.F.,.F.,(4,4),(0.,1.),.UNSPECIFIED.);
#433=B_SPLINE_CURVE_WITH_KNOTS('',3,(#7695,#7696,#7697,#7698),
 .UNSPECIFIED.,.F.,.F.,(4,4),(0.,1.),.UNSPECIFIED.);
#434=B_SPLINE_CURVE_WITH_KNOTS('',3,(#7700,#7701,#7702,#7703),
 .UNSPECIFIED.,.F.,.F.,(4,4),(0.,1.),.UNSPECIFIED.);
#435=B_SPLINE_CURVE_WITH_KNOTS('',3,(#7706,#7707,#7708,#7709),
 .UNSPECIFIED.,.F.,.F.,(4,4),(0.,1.),.UNSPECIFIED.);
#436=B_SPLINE_CURVE_WITH_KNOTS('',3,(#7711,#7712,#7713,#7714),
 .UNSPECIFIED.,.F.,.F.,(4,4),(0.,1.),.UNSPECIFIED.);
#437=B_SPLINE_CURVE_WITH_KNOTS('',3,(#7716,#7717,#7718,#7719),
 .UNSPECIFIED.,.F.,.F.,(4,4),(0.,1.),.UNSPECIFIED.);
#438=B_SPLINE_CURVE_WITH_KNOTS('',3,(#7723,#7724,#7725,#7726),
 .UNSPECIFIED.,.F.,.F.,(4,4),(0.,1.),.UNSPECIFIED.);
#439=B_SPLINE_CURVE_WITH_KNOTS('',3,(#7728,#7729,#7730,#7731,#7732,#7733,
#7734),.UNSPECIFIED.,.F.,.F.,(4,3,4),(0.,0.659087521000883,1.),
 .UNSPECIFIED.);
#440=B_SPLINE_CURVE_WITH_KNOTS('',3,(#7736,#7737,#7738,#7739),
 .UNSPECIFIED.,.F.,.F.,(4,4),(0.,1.),.UNSPECIFIED.);
#441=B_SPLINE_CURVE_WITH_KNOTS('',3,(#7741,#7742,#7743,#7744),
 .UNSPECIFIED.,.F.,.F.,(4,4),(0.,1.),.UNSPECIFIED.);
#442=B_SPLINE_CURVE_WITH_KNOTS('',3,(#7746,#7747,#7748,#7749),
 .UNSPECIFIED.,.F.,.F.,(4,4),(0.,1.),.UNSPECIFIED.);
#443=B_SPLINE_CURVE_WITH_KNOTS('',3,(#7751,#7752,#7753,#7754),
 .UNSPECIFIED.,.F.,.F.,(4,4),(0.,1.),.UNSPECIFIED.);
#444=B_SPLINE_CURVE_WITH_KNOTS('',3,(#7757,#7758,#7759,#7760),
 .UNSPECIFIED.,.F.,.F.,(4,4),(0.,1.),.UNSPECIFIED.);
#445=B_SPLINE_CURVE_WITH_KNOTS('',3,(#7762,#7763,#7764,#7765,#7766,#7767,
#7768),.UNSPECIFIED.,.F.,.F.,(4,3,4),(0.,0.659174492092941,1.),
 .UNSPECIFIED.);
#446=B_SPLINE_CURVE_WITH_KNOTS('',3,(#7770,#7771,#7772,#7773),
 .UNSPECIFIED.,.F.,.F.,(4,4),(0.,1.),.UNSPECIFIED.);
#447=B_SPLINE_CURVE_WITH_KNOTS('',3,(#7775,#7776,#7777,#7778),
 .UNSPECIFIED.,.F.,.F.,(4,4),(0.,1.),.UNSPECIFIED.);
#448=B_SPLINE_CURVE_WITH_KNOTS('',3,(#7780,#7781,#7782,#7783),
 .UNSPECIFIED.,.F.,.F.,(4,4),(0.,1.),.UNSPECIFIED.);
#449=B_SPLINE_CURVE_WITH_KNOTS('',3,(#7787,#7788,#7789,#7790),
 .UNSPECIFIED.,.F.,.F.,(4,4),(0.,1.),.UNSPECIFIED.);
#450=B_SPLINE_CURVE_WITH_KNOTS('',3,(#7792,#7793,#7794,#7795),
 .UNSPECIFIED.,.F.,.F.,(4,4),(0.,1.),.UNSPECIFIED.);
#451=B_SPLINE_CURVE_WITH_KNOTS('',3,(#7812,#7813,#7814,#7815),
 .UNSPECIFIED.,.F.,.F.,(4,4),(0.,1.),.UNSPECIFIED.);
#452=B_SPLINE_CURVE_WITH_KNOTS('',3,(#7818,#7819,#7820,#7821),
 .UNSPECIFIED.,.F.,.F.,(4,4),(0.,1.),.UNSPECIFIED.);
#453=B_SPLINE_CURVE_WITH_KNOTS('',3,(#7823,#7824,#7825,#7826),
 .UNSPECIFIED.,.F.,.F.,(4,4),(0.,1.),.UNSPECIFIED.);
#454=B_SPLINE_CURVE_WITH_KNOTS('',3,(#7843,#7844,#7845,#7846),
 .UNSPECIFIED.,.F.,.F.,(4,4),(0.,1.),.UNSPECIFIED.);
#455=B_SPLINE_CURVE_WITH_KNOTS('',3,(#7850,#7851,#7852,#7853),
 .UNSPECIFIED.,.F.,.F.,(4,4),(0.,1.),.UNSPECIFIED.);
#456=B_SPLINE_CURVE_WITH_KNOTS('',3,(#7855,#7856,#7857,#7858),
 .UNSPECIFIED.,.F.,.F.,(4,4),(0.,1.),.UNSPECIFIED.);
#457=B_SPLINE_CURVE_WITH_KNOTS('',3,(#7860,#7861,#7862,#7863),
 .UNSPECIFIED.,.F.,.F.,(4,4),(0.,1.),.UNSPECIFIED.);
#458=B_SPLINE_CURVE_WITH_KNOTS('',3,(#7865,#7866,#7867,#7868),
 .UNSPECIFIED.,.F.,.F.,(4,4),(0.,1.),.UNSPECIFIED.);
#459=B_SPLINE_CURVE_WITH_KNOTS('',3,(#7870,#7871,#7872,#7873),
 .UNSPECIFIED.,.F.,.F.,(4,4),(0.,1.),.UNSPECIFIED.);
#460=B_SPLINE_CURVE_WITH_KNOTS('',3,(#7880,#7881,#7882,#7883,#7884,#7885,
#7886,#7887,#7888,#7889,#7890,#7891,#7892,#7893,#7894,#7895,#7896,#7897,
#7898,#7899,#7900,#7901,#7902,#7903,#7904,#7905,#7906,#7907),
 .UNSPECIFIED.,.F.,.F.,(4,3,3,3,3,3,3,3,3,4),(0.,0.557175938547604,0.61160666946142,
0.66708371630633,0.694120820987146,0.721354944528146,0.752969054143203,
0.805356055834705,0.964425254390909,1.),.UNSPECIFIED.);
#461=B_SPLINE_CURVE_WITH_KNOTS('',3,(#7909,#7910,#7911,#7912),
 .UNSPECIFIED.,.F.,.F.,(4,4),(0.,1.),.UNSPECIFIED.);
#462=B_SPLINE_CURVE_WITH_KNOTS('',3,(#7914,#7915,#7916,#7917),
 .UNSPECIFIED.,.F.,.F.,(4,4),(0.,1.),.UNSPECIFIED.);
#463=B_SPLINE_CURVE_WITH_KNOTS('',3,(#7921,#7922,#7923,#7924),
 .UNSPECIFIED.,.F.,.F.,(4,4),(0.,1.),.UNSPECIFIED.);
#464=B_SPLINE_CURVE_WITH_KNOTS('',3,(#7926,#7927,#7928,#7929),
 .UNSPECIFIED.,.F.,.F.,(4,4),(0.,1.),.UNSPECIFIED.);
#465=B_SPLINE_CURVE_WITH_KNOTS('',3,(#7984,#7985,#7986,#7987,#7988,#7989,
#7990,#7991,#7992,#7993,#7994,#7995,#7996,#7997,#7998,#7999,#8000,#8001,
#8002,#8003,#8004,#8005),.UNSPECIFIED.,.F.,.F.,(4,3,3,3,3,3,3,4),(0.,0.0343819242316479,
0.146101096869362,0.256813552046577,0.406334220353384,0.635416201539252,
0.900132238833481,1.),.UNSPECIFIED.);
#466=B_SPLINE_CURVE_WITH_KNOTS('',3,(#8007,#8008,#8009,#8010),
 .UNSPECIFIED.,.F.,.F.,(4,4),(0.,1.),.UNSPECIFIED.);
#467=B_SPLINE_CURVE_WITH_KNOTS('',3,(#8012,#8013,#8014,#8015),
 .UNSPECIFIED.,.F.,.F.,(4,4),(0.,1.),.UNSPECIFIED.);
#468=B_SPLINE_CURVE_WITH_KNOTS('',3,(#8017,#8018,#8019,#8020),
 .UNSPECIFIED.,.F.,.F.,(4,4),(0.,1.),.UNSPECIFIED.);
#469=B_SPLINE_CURVE_WITH_KNOTS('',3,(#8023,#8024,#8025,#8026),
 .UNSPECIFIED.,.F.,.F.,(4,4),(0.,1.),.UNSPECIFIED.);
#470=B_SPLINE_CURVE_WITH_KNOTS('',3,(#8028,#8029,#8030,#8031),
 .UNSPECIFIED.,.F.,.F.,(4,4),(0.,1.),.UNSPECIFIED.);
#471=B_SPLINE_CURVE_WITH_KNOTS('',3,(#8033,#8034,#8035,#8036),
 .UNSPECIFIED.,.F.,.F.,(4,4),(0.,1.),.UNSPECIFIED.);
#472=B_SPLINE_CURVE_WITH_KNOTS('',3,(#8038,#8039,#8040,#8041,#8042,#8043,
#8044,#8045,#8046,#8047,#8048,#8049,#8050),.UNSPECIFIED.,.F.,.F.,(4,3,3,
3,4),(0.,0.165937527152687,0.329636763494528,0.638553198743727,1.),
 .UNSPECIFIED.);
#473=B_SPLINE_CURVE_WITH_KNOTS('',3,(#8052,#8053,#8054,#8055),
 .UNSPECIFIED.,.F.,.F.,(4,4),(0.,1.),.UNSPECIFIED.);
#474=B_SPLINE_CURVE_WITH_KNOTS('',3,(#8057,#8058,#8059,#8060),
 .UNSPECIFIED.,.F.,.F.,(4,4),(0.,1.),.UNSPECIFIED.);
#475=B_SPLINE_CURVE_WITH_KNOTS('',3,(#8066,#8067,#8068,#8069),
 .UNSPECIFIED.,.F.,.F.,(4,4),(0.,1.),.UNSPECIFIED.);
#476=B_SPLINE_CURVE_WITH_KNOTS('',3,(#8071,#8072,#8073,#8074),
 .UNSPECIFIED.,.F.,.F.,(4,4),(0.,1.),.UNSPECIFIED.);
#477=B_SPLINE_CURVE_WITH_KNOTS('',3,(#8075,#8076,#8077,#8078),
 .UNSPECIFIED.,.F.,.F.,(4,4),(0.,1.),.UNSPECIFIED.);
#478=B_SPLINE_CURVE_WITH_KNOTS('',3,(#8131,#8132,#8133,#8134),
 .UNSPECIFIED.,.F.,.F.,(4,4),(0.,1.),.UNSPECIFIED.);
#479=B_SPLINE_CURVE_WITH_KNOTS('',3,(#8137,#8138,#8139,#8140),
 .UNSPECIFIED.,.F.,.F.,(4,4),(0.,1.),.UNSPECIFIED.);
#480=B_SPLINE_CURVE_WITH_KNOTS('',3,(#8142,#8143,#8144,#8145),
 .UNSPECIFIED.,.F.,.F.,(4,4),(0.,1.),.UNSPECIFIED.);
#481=B_SPLINE_CURVE_WITH_KNOTS('',3,(#8147,#8148,#8149,#8150),
 .UNSPECIFIED.,.F.,.F.,(4,4),(0.,1.),.UNSPECIFIED.);
#482=B_SPLINE_CURVE_WITH_KNOTS('',3,(#8152,#8153,#8154,#8155),
 .UNSPECIFIED.,.F.,.F.,(4,4),(0.,1.),.UNSPECIFIED.);
#483=B_SPLINE_CURVE_WITH_KNOTS('',3,(#8158,#8159,#8160,#8161),
 .UNSPECIFIED.,.F.,.F.,(4,4),(0.,1.),.UNSPECIFIED.);
#484=B_SPLINE_CURVE_WITH_KNOTS('',3,(#8163,#8164,#8165,#8166,#8167,#8168,
#8169,#8170,#8171,#8172,#8173,#8174,#8175,#8176,#8177,#8178,#8179,#8180,
#8181,#8182,#8183,#8184),.UNSPECIFIED.,.F.,.F.,(4,3,3,3,3,3,3,4),(0.,0.117611882785101,
0.341115497504105,0.563100879063216,0.732136148128841,0.83342371473843,
0.953045644257415,1.),.UNSPECIFIED.);
#485=B_SPLINE_CURVE_WITH_KNOTS('',3,(#8185,#8186,#8187,#8188),
 .UNSPECIFIED.,.F.,.F.,(4,4),(0.,1.),.UNSPECIFIED.);
#486=B_SPLINE_CURVE_WITH_KNOTS('',3,(#8190,#8191,#8192,#8193),
 .UNSPECIFIED.,.F.,.F.,(4,4),(0.,1.),.UNSPECIFIED.);
#487=B_SPLINE_CURVE_WITH_KNOTS('',3,(#8196,#8197,#8198,#8199),
 .UNSPECIFIED.,.F.,.F.,(4,4),(0.,1.),.UNSPECIFIED.);
#488=B_SPLINE_CURVE_WITH_KNOTS('',3,(#8201,#8202,#8203,#8204),
 .UNSPECIFIED.,.F.,.F.,(4,4),(0.,1.),.UNSPECIFIED.);
#489=B_SPLINE_CURVE_WITH_KNOTS('',3,(#8206,#8207,#8208,#8209),
 .UNSPECIFIED.,.F.,.F.,(4,4),(0.,1.),.UNSPECIFIED.);
#490=B_SPLINE_CURVE_WITH_KNOTS('',3,(#8211,#8212,#8213,#8214),
 .UNSPECIFIED.,.F.,.F.,(4,4),(0.,1.),.UNSPECIFIED.);
#491=B_SPLINE_CURVE_WITH_KNOTS('',3,(#8227,#8228,#8229,#8230),
 .UNSPECIFIED.,.F.,.F.,(4,4),(0.,1.),.UNSPECIFIED.);
#492=B_SPLINE_CURVE_WITH_KNOTS('',3,(#8234,#8235,#8236,#8237),
 .UNSPECIFIED.,.F.,.F.,(4,4),(0.,1.),.UNSPECIFIED.);
#493=B_SPLINE_CURVE_WITH_KNOTS('',3,(#8238,#8239,#8240,#8241),
 .UNSPECIFIED.,.F.,.F.,(4,4),(0.,1.),.UNSPECIFIED.);
#494=B_SPLINE_CURVE_WITH_KNOTS('',3,(#8243,#8244,#8245,#8246),
 .UNSPECIFIED.,.F.,.F.,(4,4),(0.,1.),.UNSPECIFIED.);
#495=B_SPLINE_CURVE_WITH_KNOTS('',3,(#8301,#8302,#8303,#8304),
 .UNSPECIFIED.,.F.,.F.,(4,4),(0.,1.),.UNSPECIFIED.);
#496=B_SPLINE_CURVE_WITH_KNOTS('',3,(#8305,#8306,#8307,#8308,#8309,#8310,
#8311,#8312,#8313,#8314,#8315,#8316,#8317,#8318,#8319,#8320,#8321,#8322,
#8323,#8324,#8325,#8326),.UNSPECIFIED.,.F.,.F.,(4,3,3,3,3,3,3,4),(0.,0.0764855069586564,
0.184765599766174,0.30911121096728,0.489622118368221,0.674786774572546,
0.875384169121444,1.),.UNSPECIFIED.);
#497=B_SPLINE_CURVE_WITH_KNOTS('',3,(#8328,#8329,#8330,#8331,#8332,#8333,
#8334,#8335,#8336,#8337,#8338,#8339,#8340,#8341,#8342,#8343,#8344,#8345,
#8346,#8347,#8348,#8349),.UNSPECIFIED.,.F.,.F.,(4,3,3,3,3,3,3,4),(0.,0.0665288739510402,
0.132781038871428,0.253303566827163,0.477841538846555,0.7139772798967,0.95135031524516,
1.),.UNSPECIFIED.);
#498=B_SPLINE_CURVE_WITH_KNOTS('',3,(#8351,#8352,#8353,#8354),
 .UNSPECIFIED.,.F.,.F.,(4,4),(0.,1.),.UNSPECIFIED.);
#499=B_SPLINE_CURVE_WITH_KNOTS('',3,(#8356,#8357,#8358,#8359),
 .UNSPECIFIED.,.F.,.F.,(4,4),(0.,1.),.UNSPECIFIED.);
#500=B_SPLINE_CURVE_WITH_KNOTS('',3,(#8361,#8362,#8363,#8364),
 .UNSPECIFIED.,.F.,.F.,(4,4),(0.,1.),.UNSPECIFIED.);
#501=B_SPLINE_CURVE_WITH_KNOTS('',3,(#8370,#8371,#8372,#8373),
 .UNSPECIFIED.,.F.,.F.,(4,4),(0.,1.),.UNSPECIFIED.);
#502=B_SPLINE_CURVE_WITH_KNOTS('',3,(#8429,#8430,#8431,#8432),
 .UNSPECIFIED.,.F.,.F.,(4,4),(0.,1.),.UNSPECIFIED.);
#503=B_SPLINE_CURVE_WITH_KNOTS('',3,(#8434,#8435,#8436,#8437),
 .UNSPECIFIED.,.F.,.F.,(4,4),(0.,1.),.UNSPECIFIED.);
#504=B_SPLINE_CURVE_WITH_KNOTS('',3,(#8439,#8440,#8441,#8442),
 .UNSPECIFIED.,.F.,.F.,(4,4),(0.,1.),.UNSPECIFIED.);
#505=B_SPLINE_CURVE_WITH_KNOTS('',3,(#8444,#8445,#8446,#8447),
 .UNSPECIFIED.,.F.,.F.,(4,4),(0.,1.),.UNSPECIFIED.);
#506=B_SPLINE_CURVE_WITH_KNOTS('',3,(#8449,#8450,#8451,#8452),
 .UNSPECIFIED.,.F.,.F.,(4,4),(0.,1.),.UNSPECIFIED.);
#507=B_SPLINE_CURVE_WITH_KNOTS('',3,(#8505,#8506,#8507,#8508),
 .UNSPECIFIED.,.F.,.F.,(4,4),(0.,1.),.UNSPECIFIED.);
#508=B_SPLINE_CURVE_WITH_KNOTS('',3,(#8512,#8513,#8514,#8515),
 .UNSPECIFIED.,.F.,.F.,(4,4),(0.,1.),.UNSPECIFIED.);
#509=B_SPLINE_CURVE_WITH_KNOTS('',3,(#8517,#8518,#8519,#8520),
 .UNSPECIFIED.,.F.,.F.,(4,4),(0.,1.),.UNSPECIFIED.);
#510=B_SPLINE_CURVE_WITH_KNOTS('',3,(#8521,#8522,#8523,#8524),
 .UNSPECIFIED.,.F.,.F.,(4,4),(0.,1.),.UNSPECIFIED.);
#511=B_SPLINE_CURVE_WITH_KNOTS('',3,(#8537,#8538,#8539,#8540),
 .UNSPECIFIED.,.F.,.F.,(4,4),(0.,1.),.UNSPECIFIED.);
#512=B_SPLINE_CURVE_WITH_KNOTS('',3,(#8544,#8545,#8546,#8547),
 .UNSPECIFIED.,.F.,.F.,(4,4),(0.,1.),.UNSPECIFIED.);
#513=B_SPLINE_CURVE_WITH_KNOTS('',3,(#8549,#8550,#8551,#8552),
 .UNSPECIFIED.,.F.,.F.,(4,4),(0.,1.),.UNSPECIFIED.);
#514=B_SPLINE_CURVE_WITH_KNOTS('',3,(#8553,#8554,#8555,#8556),
 .UNSPECIFIED.,.F.,.F.,(4,4),(0.,1.),.UNSPECIFIED.);
#515=B_SPLINE_CURVE_WITH_KNOTS('',3,(#8558,#8559,#8560,#8561),
 .UNSPECIFIED.,.F.,.F.,(4,4),(0.,1.),.UNSPECIFIED.);
#516=B_SPLINE_CURVE_WITH_KNOTS('',3,(#8619,#8620,#8621,#8622),
 .UNSPECIFIED.,.F.,.F.,(4,4),(0.,1.),.UNSPECIFIED.);
#517=B_SPLINE_CURVE_WITH_KNOTS('',3,(#8624,#8625,#8626,#8627),
 .UNSPECIFIED.,.F.,.F.,(4,4),(0.,1.),.UNSPECIFIED.);
#518=B_SPLINE_CURVE_WITH_KNOTS('',3,(#8629,#8630,#8631,#8632),
 .UNSPECIFIED.,.F.,.F.,(4,4),(0.,1.),.UNSPECIFIED.);
#519=B_SPLINE_CURVE_WITH_KNOTS('',3,(#8672,#8673,#8674,#8675),
 .UNSPECIFIED.,.F.,.F.,(4,4),(0.,1.),.UNSPECIFIED.);
#520=B_SPLINE_CURVE_WITH_KNOTS('',3,(#8677,#8678,#8679,#8680),
 .UNSPECIFIED.,.F.,.F.,(4,4),(0.,1.),.UNSPECIFIED.);
#521=B_SPLINE_CURVE_WITH_KNOTS('',3,(#8682,#8683,#8684,#8685,#8686,#8687,
#8688),.UNSPECIFIED.,.F.,.F.,(4,3,4),(0.,0.677298549313979,1.),
 .UNSPECIFIED.);
#522=B_SPLINE_CURVE_WITH_KNOTS('',3,(#8690,#8691,#8692,#8693),
 .UNSPECIFIED.,.F.,.F.,(4,4),(0.,1.),.UNSPECIFIED.);
#523=B_SPLINE_CURVE_WITH_KNOTS('',3,(#8694,#8695,#8696,#8697),
 .UNSPECIFIED.,.F.,.F.,(4,4),(0.,1.),.UNSPECIFIED.);
#524=B_SPLINE_CURVE_WITH_KNOTS('',3,(#8699,#8700,#8701,#8702),
 .UNSPECIFIED.,.F.,.F.,(4,4),(0.,1.),.UNSPECIFIED.);
#525=B_SPLINE_CURVE_WITH_KNOTS('',3,(#8704,#8705,#8706,#8707),
 .UNSPECIFIED.,.F.,.F.,(4,4),(0.,1.),.UNSPECIFIED.);
#526=B_SPLINE_CURVE_WITH_KNOTS('',3,(#8709,#8710,#8711,#8712),
 .UNSPECIFIED.,.F.,.F.,(4,4),(0.,1.),.UNSPECIFIED.);
#527=B_SPLINE_CURVE_WITH_KNOTS('',3,(#8714,#8715,#8716,#8717),
 .UNSPECIFIED.,.F.,.F.,(4,4),(0.,1.),.UNSPECIFIED.);
#528=B_SPLINE_CURVE_WITH_KNOTS('',3,(#8720,#8721,#8722,#8723),
 .UNSPECIFIED.,.F.,.F.,(4,4),(0.,1.),.UNSPECIFIED.);
#529=B_SPLINE_CURVE_WITH_KNOTS('',3,(#8724,#8725,#8726,#8727),
 .UNSPECIFIED.,.F.,.F.,(4,4),(0.,1.),.UNSPECIFIED.);
#530=B_SPLINE_CURVE_WITH_KNOTS('',3,(#8744,#8745,#8746,#8747),
 .UNSPECIFIED.,.F.,.F.,(4,4),(0.,1.),.UNSPECIFIED.);
#531=B_SPLINE_CURVE_WITH_KNOTS('',3,(#8750,#8751,#8752,#8753),
 .UNSPECIFIED.,.F.,.F.,(4,4),(0.,1.),.UNSPECIFIED.);
#532=B_SPLINE_CURVE_WITH_KNOTS('',3,(#8755,#8756,#8757,#8758),
 .UNSPECIFIED.,.F.,.F.,(4,4),(0.,1.),.UNSPECIFIED.);
#533=B_SPLINE_CURVE_WITH_KNOTS('',3,(#8760,#8761,#8762,#8763),
 .UNSPECIFIED.,.F.,.F.,(4,4),(0.,1.),.UNSPECIFIED.);
#534=B_SPLINE_CURVE_WITH_KNOTS('',3,(#8780,#8781,#8782,#8783),
 .UNSPECIFIED.,.F.,.F.,(4,4),(0.,1.),.UNSPECIFIED.);
#535=B_SPLINE_CURVE_WITH_KNOTS('',3,(#8786,#8787,#8788,#8789),
 .UNSPECIFIED.,.F.,.F.,(4,4),(0.,1.),.UNSPECIFIED.);
#536=B_SPLINE_CURVE_WITH_KNOTS('',3,(#8791,#8792,#8793,#8794),
 .UNSPECIFIED.,.F.,.F.,(4,4),(0.,1.),.UNSPECIFIED.);
#537=B_SPLINE_CURVE_WITH_KNOTS('',3,(#8796,#8797,#8798,#8799),
 .UNSPECIFIED.,.F.,.F.,(4,4),(0.,1.),.UNSPECIFIED.);
#538=B_SPLINE_CURVE_WITH_KNOTS('',3,(#8812,#8813,#8814,#8815),
 .UNSPECIFIED.,.F.,.F.,(4,4),(0.,1.),.UNSPECIFIED.);
#539=B_SPLINE_CURVE_WITH_KNOTS('',3,(#8816,#8817,#8818,#8819),
 .UNSPECIFIED.,.F.,.F.,(4,4),(0.,1.),.UNSPECIFIED.);
#540=B_SPLINE_CURVE_WITH_KNOTS('',3,(#8836,#8837,#8838,#8839),
 .UNSPECIFIED.,.F.,.F.,(4,4),(0.,1.),.UNSPECIFIED.);
#541=B_SPLINE_CURVE_WITH_KNOTS('',3,(#8843,#8844,#8845,#8846),
 .UNSPECIFIED.,.F.,.F.,(4,4),(0.,1.),.UNSPECIFIED.);
#542=B_SPLINE_CURVE_WITH_KNOTS('',3,(#8848,#8849,#8850,#8851),
 .UNSPECIFIED.,.F.,.F.,(4,4),(0.,1.),.UNSPECIFIED.);
#543=B_SPLINE_CURVE_WITH_KNOTS('',3,(#8854,#8855,#8856,#8857),
 .UNSPECIFIED.,.F.,.F.,(4,4),(0.,1.),.UNSPECIFIED.);
#544=B_SPLINE_CURVE_WITH_KNOTS('',3,(#8858,#8859,#8860,#8861),
 .UNSPECIFIED.,.F.,.F.,(4,4),(0.,1.),.UNSPECIFIED.);
#545=B_SPLINE_CURVE_WITH_KNOTS('',3,(#8898,#8899,#8900,#8901),
 .UNSPECIFIED.,.F.,.F.,(4,4),(0.,1.),.UNSPECIFIED.);
#546=B_SPLINE_CURVE_WITH_KNOTS('',3,(#8904,#8905,#8906,#8907),
 .UNSPECIFIED.,.F.,.F.,(4,4),(0.,1.),.UNSPECIFIED.);
#547=B_SPLINE_CURVE_WITH_KNOTS('',3,(#8909,#8910,#8911,#8912),
 .UNSPECIFIED.,.F.,.F.,(4,4),(0.,1.),.UNSPECIFIED.);
#548=B_SPLINE_CURVE_WITH_KNOTS('',3,(#8914,#8915,#8916,#8917),
 .UNSPECIFIED.,.F.,.F.,(4,4),(0.,1.),.UNSPECIFIED.);
#549=B_SPLINE_CURVE_WITH_KNOTS('',3,(#8935,#8936,#8937,#8938),
 .UNSPECIFIED.,.F.,.F.,(4,4),(0.,1.),.UNSPECIFIED.);
#550=B_SPLINE_CURVE_WITH_KNOTS('',3,(#8940,#8941,#8942,#8943),
 .UNSPECIFIED.,.F.,.F.,(4,4),(0.,1.),.UNSPECIFIED.);
#551=B_SPLINE_CURVE_WITH_KNOTS('',3,(#8945,#8946,#8947,#8948),
 .UNSPECIFIED.,.F.,.F.,(4,4),(0.,1.),.UNSPECIFIED.);
#552=B_SPLINE_CURVE_WITH_KNOTS('',3,(#8950,#8951,#8952,#8953,#8954,#8955,
#8956),.UNSPECIFIED.,.F.,.F.,(4,3,4),(0.,0.679054765828037,1.),
 .UNSPECIFIED.);
#553=B_SPLINE_CURVE_WITH_KNOTS('',3,(#8958,#8959,#8960,#8961),
 .UNSPECIFIED.,.F.,.F.,(4,4),(0.,1.),.UNSPECIFIED.);
#554=B_SPLINE_CURVE_WITH_KNOTS('',3,(#8962,#8963,#8964,#8965),
 .UNSPECIFIED.,.F.,.F.,(4,4),(0.,1.),.UNSPECIFIED.);
#555=B_SPLINE_CURVE_WITH_KNOTS('',3,(#8973,#8974,#8975,#8976),
 .UNSPECIFIED.,.F.,.F.,(4,4),(0.,1.),.UNSPECIFIED.);
#556=B_SPLINE_CURVE_WITH_KNOTS('',3,(#8979,#8980,#8981,#8982),
 .UNSPECIFIED.,.F.,.F.,(4,4),(0.,1.),.UNSPECIFIED.);
#557=B_SPLINE_CURVE_WITH_KNOTS('',3,(#8983,#8984,#8985,#8986),
 .UNSPECIFIED.,.F.,.F.,(4,4),(0.,1.),.UNSPECIFIED.);
#558=B_SPLINE_CURVE_WITH_KNOTS('',3,(#9038,#9039,#9040,#9041),
 .UNSPECIFIED.,.F.,.F.,(4,4),(0.,1.),.UNSPECIFIED.);
#559=B_SPLINE_CURVE_WITH_KNOTS('',3,(#9042,#9043,#9044,#9045),
 .UNSPECIFIED.,.F.,.F.,(4,4),(0.,1.),.UNSPECIFIED.);
#560=B_SPLINE_CURVE_WITH_KNOTS('',3,(#9047,#9048,#9049,#9050),
 .UNSPECIFIED.,.F.,.F.,(4,4),(0.,1.),.UNSPECIFIED.);
#561=B_SPLINE_CURVE_WITH_KNOTS('',3,(#9052,#9053,#9054,#9055),
 .UNSPECIFIED.,.F.,.F.,(4,4),(0.,1.),.UNSPECIFIED.);
#562=B_SPLINE_CURVE_WITH_KNOTS('',3,(#9057,#9058,#9059,#9060),
 .UNSPECIFIED.,.F.,.F.,(4,4),(0.,1.),.UNSPECIFIED.);
#563=B_SPLINE_CURVE_WITH_KNOTS('',3,(#9062,#9063,#9064,#9065),
 .UNSPECIFIED.,.F.,.F.,(4,4),(0.,1.),.UNSPECIFIED.);
#564=B_SPLINE_CURVE_WITH_KNOTS('',3,(#9067,#9068,#9069,#9070),
 .UNSPECIFIED.,.F.,.F.,(4,4),(0.,1.),.UNSPECIFIED.);
#565=B_SPLINE_CURVE_WITH_KNOTS('',3,(#9072,#9073,#9074,#9075),
 .UNSPECIFIED.,.F.,.F.,(4,4),(0.,1.),.UNSPECIFIED.);
#566=B_SPLINE_CURVE_WITH_KNOTS('',3,(#9077,#9078,#9079,#9080),
 .UNSPECIFIED.,.F.,.F.,(4,4),(0.,1.),.UNSPECIFIED.);
#567=B_SPLINE_CURVE_WITH_KNOTS('',3,(#9082,#9083,#9084,#9085),
 .UNSPECIFIED.,.F.,.F.,(4,4),(0.,1.),.UNSPECIFIED.);
#568=B_SPLINE_CURVE_WITH_KNOTS('',3,(#9087,#9088,#9089,#9090),
 .UNSPECIFIED.,.F.,.F.,(4,4),(0.,1.),.UNSPECIFIED.);
#569=FACE_OUTER_BOUND('',#2577,.T.);
#570=FACE_OUTER_BOUND('',#2578,.T.);
#571=FACE_OUTER_BOUND('',#2585,.T.);
#572=FACE_OUTER_BOUND('',#2586,.T.);
#573=FACE_OUTER_BOUND('',#2587,.T.);
#574=FACE_OUTER_BOUND('',#2632,.T.);
#575=FACE_OUTER_BOUND('',#2633,.T.);
#576=FACE_OUTER_BOUND('',#2634,.T.);
#577=FACE_OUTER_BOUND('',#2635,.T.);
#578=FACE_OUTER_BOUND('',#2644,.T.);
#579=FACE_OUTER_BOUND('',#2651,.T.);
#580=FACE_OUTER_BOUND('',#2654,.T.);
#581=FACE_OUTER_BOUND('',#2655,.T.);
#582=FACE_OUTER_BOUND('',#2656,.T.);
#583=FACE_OUTER_BOUND('',#2657,.T.);
#584=FACE_OUTER_BOUND('',#2658,.T.);
#585=FACE_OUTER_BOUND('',#2659,.T.);
#586=FACE_OUTER_BOUND('',#2660,.T.);
#587=FACE_OUTER_BOUND('',#2661,.T.);
#588=FACE_OUTER_BOUND('',#2662,.T.);
#589=FACE_OUTER_BOUND('',#2667,.T.);
#590=FACE_OUTER_BOUND('',#2668,.T.);
#591=FACE_OUTER_BOUND('',#2669,.T.);
#592=FACE_OUTER_BOUND('',#2670,.T.);
#593=FACE_OUTER_BOUND('',#2671,.T.);
#594=FACE_OUTER_BOUND('',#2672,.T.);
#595=FACE_OUTER_BOUND('',#2673,.T.);
#596=FACE_OUTER_BOUND('',#2677,.T.);
#597=FACE_OUTER_BOUND('',#2678,.T.);
#598=FACE_OUTER_BOUND('',#2679,.T.);
#599=FACE_OUTER_BOUND('',#2680,.T.);
#600=FACE_OUTER_BOUND('',#2683,.T.);
#601=FACE_OUTER_BOUND('',#2684,.T.);
#602=FACE_OUTER_BOUND('',#2685,.T.);
#603=FACE_OUTER_BOUND('',#2686,.T.);
#604=FACE_OUTER_BOUND('',#2687,.T.);
#605=FACE_OUTER_BOUND('',#2688,.T.);
#606=FACE_OUTER_BOUND('',#2691,.T.);
#607=FACE_OUTER_BOUND('',#2692,.T.);
#608=FACE_OUTER_BOUND('',#2693,.T.);
#609=FACE_OUTER_BOUND('',#2694,.T.);
#610=FACE_OUTER_BOUND('',#2695,.T.);
#611=FACE_OUTER_BOUND('',#2696,.T.);
#612=FACE_OUTER_BOUND('',#2697,.T.);
#613=FACE_OUTER_BOUND('',#2698,.T.);
#614=FACE_OUTER_BOUND('',#2699,.T.);
#615=FACE_OUTER_BOUND('',#2700,.T.);
#616=FACE_OUTER_BOUND('',#2701,.T.);
#617=FACE_OUTER_BOUND('',#2702,.T.);
#618=FACE_OUTER_BOUND('',#2703,.T.);
#619=FACE_OUTER_BOUND('',#2704,.T.);
#620=FACE_OUTER_BOUND('',#2711,.T.);
#621=FACE_OUTER_BOUND('',#2712,.T.);
#622=FACE_OUTER_BOUND('',#2713,.T.);
#623=FACE_OUTER_BOUND('',#2714,.T.);
#624=FACE_OUTER_BOUND('',#2718,.T.);
#625=FACE_OUTER_BOUND('',#2719,.T.);
#626=FACE_OUTER_BOUND('',#2720,.T.);
#627=FACE_OUTER_BOUND('',#2721,.T.);
#628=FACE_OUTER_BOUND('',#2727,.T.);
#629=FACE_OUTER_BOUND('',#2730,.T.);
#630=FACE_OUTER_BOUND('',#2731,.T.);
#631=FACE_OUTER_BOUND('',#2732,.T.);
#632=FACE_OUTER_BOUND('',#2733,.T.);
#633=FACE_OUTER_BOUND('',#2734,.T.);
#634=FACE_OUTER_BOUND('',#2735,.T.);
#635=FACE_OUTER_BOUND('',#2736,.T.);
#636=FACE_OUTER_BOUND('',#2737,.T.);
#637=FACE_OUTER_BOUND('',#2738,.T.);
#638=FACE_OUTER_BOUND('',#2739,.T.);
#639=FACE_OUTER_BOUND('',#2740,.T.);
#640=FACE_OUTER_BOUND('',#2741,.T.);
#641=FACE_OUTER_BOUND('',#2742,.T.);
#642=FACE_OUTER_BOUND('',#2743,.T.);
#643=FACE_OUTER_BOUND('',#2744,.T.);
#644=FACE_OUTER_BOUND('',#2745,.T.);
#645=FACE_OUTER_BOUND('',#2746,.T.);
#646=FACE_OUTER_BOUND('',#2747,.T.);
#647=FACE_OUTER_BOUND('',#2748,.T.);
#648=FACE_OUTER_BOUND('',#2749,.T.);
#649=FACE_OUTER_BOUND('',#2750,.T.);
#650=FACE_OUTER_BOUND('',#2751,.T.);
#651=FACE_OUTER_BOUND('',#2752,.T.);
#652=FACE_OUTER_BOUND('',#2753,.T.);
#653=FACE_OUTER_BOUND('',#2754,.T.);
#654=FACE_OUTER_BOUND('',#2755,.T.);
#655=FACE_OUTER_BOUND('',#2756,.T.);
#656=FACE_OUTER_BOUND('',#2757,.T.);
#657=FACE_OUTER_BOUND('',#2758,.T.);
#658=FACE_OUTER_BOUND('',#2759,.T.);
#659=FACE_OUTER_BOUND('',#2760,.T.);
#660=FACE_OUTER_BOUND('',#2761,.T.);
#661=FACE_OUTER_BOUND('',#2762,.T.);
#662=FACE_OUTER_BOUND('',#2763,.T.);
#663=FACE_OUTER_BOUND('',#2764,.T.);
#664=FACE_OUTER_BOUND('',#2765,.T.);
#665=FACE_OUTER_BOUND('',#2766,.T.);
#666=FACE_OUTER_BOUND('',#2767,.T.);
#667=FACE_OUTER_BOUND('',#2768,.T.);
#668=FACE_OUTER_BOUND('',#2769,.T.);
#669=FACE_OUTER_BOUND('',#2770,.T.);
#670=FACE_OUTER_BOUND('',#2771,.T.);
#671=FACE_OUTER_BOUND('',#2772,.T.);
#672=FACE_OUTER_BOUND('',#2773,.T.);
#673=FACE_OUTER_BOUND('',#2774,.T.);
#674=FACE_OUTER_BOUND('',#2775,.T.);
#675=FACE_OUTER_BOUND('',#2776,.T.);
#676=FACE_OUTER_BOUND('',#2777,.T.);
#677=FACE_OUTER_BOUND('',#2778,.T.);
#678=FACE_OUTER_BOUND('',#2779,.T.);
#679=FACE_OUTER_BOUND('',#2780,.T.);
#680=FACE_OUTER_BOUND('',#2781,.T.);
#681=FACE_OUTER_BOUND('',#2782,.T.);
#682=FACE_OUTER_BOUND('',#2783,.T.);
#683=FACE_OUTER_BOUND('',#2784,.T.);
#684=FACE_OUTER_BOUND('',#2785,.T.);
#685=FACE_OUTER_BOUND('',#2786,.T.);
#686=FACE_OUTER_BOUND('',#2787,.T.);
#687=FACE_OUTER_BOUND('',#2788,.T.);
#688=FACE_OUTER_BOUND('',#2789,.T.);
#689=FACE_OUTER_BOUND('',#2790,.T.);
#690=FACE_OUTER_BOUND('',#2791,.T.);
#691=FACE_OUTER_BOUND('',#2792,.T.);
#692=FACE_OUTER_BOUND('',#2793,.T.);
#693=FACE_OUTER_BOUND('',#2794,.T.);
#694=FACE_OUTER_BOUND('',#2795,.T.);
#695=FACE_OUTER_BOUND('',#2796,.T.);
#696=FACE_OUTER_BOUND('',#2797,.T.);
#697=FACE_OUTER_BOUND('',#2798,.T.);
#698=FACE_OUTER_BOUND('',#2799,.T.);
#699=FACE_OUTER_BOUND('',#2800,.T.);
#700=FACE_OUTER_BOUND('',#2801,.T.);
#701=FACE_OUTER_BOUND('',#2802,.T.);
#702=FACE_OUTER_BOUND('',#2803,.T.);
#703=FACE_OUTER_BOUND('',#2804,.T.);
#704=FACE_OUTER_BOUND('',#2813,.T.);
#705=FACE_OUTER_BOUND('',#2816,.T.);
#706=FACE_OUTER_BOUND('',#2817,.T.);
#707=FACE_OUTER_BOUND('',#2818,.T.);
#708=FACE_OUTER_BOUND('',#2819,.T.);
#709=FACE_OUTER_BOUND('',#2820,.T.);
#710=FACE_OUTER_BOUND('',#2821,.T.);
#711=FACE_OUTER_BOUND('',#2822,.T.);
#712=FACE_OUTER_BOUND('',#2823,.T.);
#713=FACE_OUTER_BOUND('',#2824,.T.);
#714=FACE_OUTER_BOUND('',#2825,.T.);
#715=FACE_OUTER_BOUND('',#2826,.T.);
#716=FACE_OUTER_BOUND('',#2827,.T.);
#717=FACE_OUTER_BOUND('',#2828,.T.);
#718=FACE_OUTER_BOUND('',#2829,.T.);
#719=LINE('',#5625,#855);
#720=LINE('',#5628,#856);
#721=LINE('',#5630,#857);
#722=LINE('',#5632,#858);
#723=LINE('',#5634,#859);
#724=LINE('',#5637,#860);
#725=LINE('',#5639,#861);
#726=LINE('',#5641,#862);
#727=LINE('',#5643,#863);
#728=LINE('',#5645,#864);
#729=LINE('',#5646,#865);
#730=LINE('',#5648,#866);
#731=LINE('',#5650,#867);
#732=LINE('',#5672,#868);
#733=LINE('',#5675,#869);
#734=LINE('',#5677,#870);
#735=LINE('',#5679,#871);
#736=LINE('',#5683,#872);
#737=LINE('',#5687,#873);
#738=LINE('',#5695,#874);
#739=LINE('',#5698,#875);
#740=LINE('',#5700,#876);
#741=LINE('',#5701,#877);
#742=LINE('',#5774,#878);
#743=LINE('',#5798,#880);
#744=LINE('',#5801,#881);
#745=LINE('',#5803,#882);
#746=LINE('',#5805,#883);
#747=LINE('',#5807,#884);
#748=LINE('',#5809,#885);
#749=LINE('',#5824,#886);
#750=LINE('',#5827,#887);
#751=LINE('',#5829,#888);
#752=LINE('',#5833,#889);
#753=LINE('',#5835,#890);
#754=LINE('',#5838,#891);
#755=LINE('',#5840,#892);
#756=LINE('',#5842,#893);
#757=LINE('',#5844,#894);
#758=LINE('',#5846,#895);
#759=LINE('',#5848,#896);
#760=LINE('',#5851,#897);
#761=LINE('',#5853,#898);
#762=LINE('',#5862,#899);
#763=LINE('',#5864,#900);
#764=LINE('',#5866,#901);
#765=LINE('',#5868,#902);
#766=LINE('',#5872,#903);
#767=LINE('',#5878,#904);
#768=LINE('',#5881,#905);
#769=LINE('',#5883,#906);
#770=LINE('',#5885,#907);
#771=LINE('',#5887,#908);
#772=LINE('',#5889,#909);
#773=LINE('',#5891,#910);
#774=LINE('',#5893,#911);
#775=LINE('',#5895,#912);
#776=LINE('',#5898,#913);
#777=LINE('',#5899,#914);
#778=LINE('',#5901,#915);
#779=LINE('',#5903,#916);
#780=LINE('',#5905,#917);
#781=LINE('',#5906,#918);
#782=LINE('',#5908,#919);
#783=LINE('',#5910,#920);
#784=LINE('',#5912,#921);
#785=LINE('',#5914,#922);
#786=LINE('',#5916,#923);
#787=LINE('',#5917,#924);
#788=LINE('',#5921,#925);
#789=LINE('',#5923,#926);
#790=LINE('',#5925,#927);
#791=LINE('',#5926,#928);
#792=LINE('',#5928,#929);
#793=LINE('',#5943,#930);
#794=LINE('',#5946,#931);
#795=LINE('',#5948,#932);
#796=LINE('',#5950,#933);
#797=LINE('',#5952,#934);
#798=LINE('',#5954,#935);
#799=LINE('',#5956,#936);
#800=LINE('',#5958,#937);
#801=LINE('',#5960,#938);
#802=LINE('',#5962,#939);
#803=LINE('',#5964,#940);
#804=LINE('',#5966,#941);
#805=LINE('',#5973,#942);
#806=LINE('',#5989,#943);
#807=LINE('',#6007,#944);
#808=LINE('',#6011,#945);
#809=LINE('',#6016,#946);
#810=LINE('',#6019,#947);
#811=LINE('',#6023,#948);
#812=LINE('',#6025,#949);
#813=LINE('',#6026,#950);
#814=LINE('',#6031,#951);
#815=LINE('',#6036,#952);
#816=LINE('',#6102,#953);
#817=LINE('',#6133,#954);
#818=LINE('',#7175,#956);
#819=LINE('',#7184,#957);
#820=LINE('',#7186,#958);
#821=LINE('',#7188,#959);
#822=LINE('',#7190,#960);
#823=LINE('',#7192,#961);
#824=LINE('',#7194,#962);
#825=LINE('',#7196,#963);
#826=LINE('',#7634,#964);
#827=LINE('',#7684,#965);
#828=LINE('',#7722,#966);
#829=LINE('',#7785,#967);
#830=LINE('',#7849,#968);
#831=LINE('',#7919,#969);
#832=LINE('',#8022,#970);
#833=LINE('',#8135,#971);
#834=LINE('',#8194,#972);
#835=LINE('',#8299,#973);
#836=LINE('',#8428,#974);
#837=LINE('',#8542,#975);
#838=LINE('',#8669,#976);
#839=LINE('',#8670,#977);
#840=LINE('',#8784,#978);
#841=LINE('',#8841,#979);
#842=LINE('',#8934,#980);
#843=LINE('',#8967,#981);
#844=LINE('',#8969,#982);
#845=LINE('',#9023,#983);
#846=LINE('',#9024,#984);
#847=LINE('',#9026,#985);
#848=LINE('',#9027,#986);
#849=LINE('',#9029,#987);
#850=LINE('',#9030,#988);
#851=LINE('',#9032,#989);
#852=LINE('',#9033,#990);
#853=LINE('',#9035,#991);
#854=LINE('',#9036,#992);
#855=VECTOR('',#4908,1.);
#856=VECTOR('',#4909,1.);
#857=VECTOR('',#4910,1.);
#858=VECTOR('',#4911,1.);
#859=VECTOR('',#4914,1.);
#860=VECTOR('',#4915,1.);
#861=VECTOR('',#4916,1.);
#862=VECTOR('',#4917,1.);
#863=VECTOR('',#4918,1.);
#864=VECTOR('',#4921,1.);
#865=VECTOR('',#4922,1.);
#866=VECTOR('',#4923,1.);
#867=VECTOR('',#4924,1.);
#868=VECTOR('',#4935,1.);
#869=VECTOR('',#4936,1.);
#870=VECTOR('',#4937,1.);
#871=VECTOR('',#4938,1.);
#872=VECTOR('',#4941,1.);
#873=VECTOR('',#4944,1.);
#874=VECTOR('',#4949,1.);
#875=VECTOR('',#4954,1.);
#876=VECTOR('',#4957,1.);
#877=VECTOR('',#4958,1.);
#878=VECTOR('',#5043,1.);
#879=VECTOR('',#5046,1.);
#880=VECTOR('',#5067,1.);
#881=VECTOR('',#5068,1.);
#882=VECTOR('',#5069,1.);
#883=VECTOR('',#5070,1.);
#884=VECTOR('',#5071,1.);
#885=VECTOR('',#5072,1.);
#886=VECTOR('',#5077,1.);
#887=VECTOR('',#5078,1.);
#888=VECTOR('',#5079,1.);
#889=VECTOR('',#5082,1.);
#890=VECTOR('',#5085,1.);
#891=VECTOR('',#5086,1.);
#892=VECTOR('',#5087,1.);
#893=VECTOR('',#5088,1.);
#894=VECTOR('',#5089,1.);
#895=VECTOR('',#5090,1.);
#896=VECTOR('',#5091,1.);
#897=VECTOR('',#5094,1.);
#898=VECTOR('',#5095,1.);
#899=VECTOR('',#5098,1.);
#900=VECTOR('',#5099,1.);
#901=VECTOR('',#5100,1.);
#902=VECTOR('',#5103,1.);
#903=VECTOR('',#5106,1.);
#904=VECTOR('',#5113,1.);
#905=VECTOR('',#5114,1.);
#906=VECTOR('',#5115,1.);
#907=VECTOR('',#5116,1.);
#908=VECTOR('',#5117,1.);
#909=VECTOR('',#5118,1.);
#910=VECTOR('',#5121,1.);
#911=VECTOR('',#5122,1.);
#912=VECTOR('',#5125,1.);
#913=VECTOR('',#5126,1.);
#914=VECTOR('',#5127,1.);
#915=VECTOR('',#5130,1.);
#916=VECTOR('',#5131,1.);
#917=VECTOR('',#5134,1.);
#918=VECTOR('',#5135,1.);
#919=VECTOR('',#5138,1.);
#920=VECTOR('',#5141,1.);
#921=VECTOR('',#5144,1.);
#922=VECTOR('',#5147,1.);
#923=VECTOR('',#5150,1.);
#924=VECTOR('',#5151,1.);
#925=VECTOR('',#5158,1.);
#926=VECTOR('',#5161,1.);
#927=VECTOR('',#5162,1.);
#928=VECTOR('',#5163,1.);
#929=VECTOR('',#5164,1.);
#930=VECTOR('',#5189,1.);
#931=VECTOR('',#5190,1.);
#932=VECTOR('',#5191,1.);
#933=VECTOR('',#5192,1.);
#934=VECTOR('',#5195,1.);
#935=VECTOR('',#5196,1.);
#936=VECTOR('',#5197,1.);
#937=VECTOR('',#5200,1.);
#938=VECTOR('',#5201,1.);
#939=VECTOR('',#5204,1.);
#940=VECTOR('',#5205,1.);
#941=VECTOR('',#5208,1.);
#942=VECTOR('',#5217,1.);
#943=VECTOR('',#5220,1.);
#944=VECTOR('',#5227,1.);
#945=VECTOR('',#5230,1.);
#946=VECTOR('',#5239,1.);
#947=VECTOR('',#5240,1.);
#948=VECTOR('',#5243,1.);
#949=VECTOR('',#5246,1.);
#950=VECTOR('',#5247,1.);
#951=VECTOR('',#5256,1.);
#952=VECTOR('',#5259,1.);
#953=VECTOR('',#5262,1.);
#954=VECTOR('',#5265,1.);
#955=VECTOR('',#5272,1.);
#956=VECTOR('',#5313,1.);
#957=VECTOR('',#5314,1.);
#958=VECTOR('',#5317,1.);
#959=VECTOR('',#5318,1.);
#960=VECTOR('',#5319,1.);
#961=VECTOR('',#5322,1.);
#962=VECTOR('',#5323,1.);
#963=VECTOR('',#5324,1.);
#964=VECTOR('',#5345,1.);
#965=VECTOR('',#5360,1.);
#966=VECTOR('',#5367,1.);
#967=VECTOR('',#5378,1.);
#968=VECTOR('',#5381,1.);
#969=VECTOR('',#5396,1.);
#970=VECTOR('',#5401,1.);
#971=VECTOR('',#5412,1.);
#972=VECTOR('',#5419,1.);
#973=VECTOR('',#5426,1.);
#974=VECTOR('',#5431,1.);
#975=VECTOR('',#5438,1.);
#976=VECTOR('',#5443,1.);
#977=VECTOR('',#5444,1.);
#978=VECTOR('',#5453,1.);
#979=VECTOR('',#5456,1.);
#980=VECTOR('',#5459,1.);
#981=VECTOR('',#5466,1.);
#982=VECTOR('',#5467,1.);
#983=VECTOR('',#5472,1.);
#984=VECTOR('',#5473,1.);
#985=VECTOR('',#5476,1.);
#986=VECTOR('',#5477,1.);
#987=VECTOR('',#5480,1.);
#988=VECTOR('',#5481,1.);
#989=VECTOR('',#5484,1.);
#990=VECTOR('',#5485,1.);
#991=VECTOR('',#5488,1.);
#992=VECTOR('',#5489,1.);
#993=PRESENTATION_LAYER_ASSIGNMENT('1','Layer 1',(#2070,#2071,#2072,#2073,
#2074,#2075,#2076));
#994=STYLED_ITEM('',(#1001),#2070);
#995=STYLED_ITEM('',(#1002),#2071);
#996=STYLED_ITEM('',(#1003),#2072);
#997=STYLED_ITEM('',(#1037),#2073);
#998=STYLED_ITEM('',(#1042),#2074);
#999=STYLED_ITEM('',(#1066),#2075);
#1000=STYLED_ITEM('',(#1067),#2076);
#1001=PRESENTATION_STYLE_ASSIGNMENT((#1179));
#1002=PRESENTATION_STYLE_ASSIGNMENT((#1180));
#1003=PRESENTATION_STYLE_ASSIGNMENT((#1181));
#1004=PRESENTATION_STYLE_ASSIGNMENT((#1182));
#1005=PRESENTATION_STYLE_ASSIGNMENT((#1183));
#1006=PRESENTATION_STYLE_ASSIGNMENT((#1184));
#1007=PRESENTATION_STYLE_ASSIGNMENT((#1185));
#1008=PRESENTATION_STYLE_ASSIGNMENT((#1186));
#1009=PRESENTATION_STYLE_ASSIGNMENT((#1187));
#1010=PRESENTATION_STYLE_ASSIGNMENT((#1188));
#1011=PRESENTATION_STYLE_ASSIGNMENT((#1189));
#1012=PRESENTATION_STYLE_ASSIGNMENT((#1190));
#1013=PRESENTATION_STYLE_ASSIGNMENT((#1191));
#1014=PRESENTATION_STYLE_ASSIGNMENT((#1192));
#1015=PRESENTATION_STYLE_ASSIGNMENT((#1193));
#1016=PRESENTATION_STYLE_ASSIGNMENT((#1194));
#1017=PRESENTATION_STYLE_ASSIGNMENT((#1195));
#1018=PRESENTATION_STYLE_ASSIGNMENT((#1196));
#1019=PRESENTATION_STYLE_ASSIGNMENT((#1197));
#1020=PRESENTATION_STYLE_ASSIGNMENT((#1198));
#1021=PRESENTATION_STYLE_ASSIGNMENT((#1199));
#1022=PRESENTATION_STYLE_ASSIGNMENT((#1200));
#1023=PRESENTATION_STYLE_ASSIGNMENT((#1201));
#1024=PRESENTATION_STYLE_ASSIGNMENT((#1202));
#1025=PRESENTATION_STYLE_ASSIGNMENT((#1203));
#1026=PRESENTATION_STYLE_ASSIGNMENT((#1204));
#1027=PRESENTATION_STYLE_ASSIGNMENT((#1205));
#1028=PRESENTATION_STYLE_ASSIGNMENT((#1206));
#1029=PRESENTATION_STYLE_ASSIGNMENT((#1207));
#1030=PRESENTATION_STYLE_ASSIGNMENT((#1208));
#1031=PRESENTATION_STYLE_ASSIGNMENT((#1209));
#1032=PRESENTATION_STYLE_ASSIGNMENT((#1210));
#1033=PRESENTATION_STYLE_ASSIGNMENT((#1211));
#1034=PRESENTATION_STYLE_ASSIGNMENT((#1212));
#1035=PRESENTATION_STYLE_ASSIGNMENT((#1213));
#1036=PRESENTATION_STYLE_ASSIGNMENT((#1214));
#1037=PRESENTATION_STYLE_ASSIGNMENT((#1215));
#1038=PRESENTATION_STYLE_ASSIGNMENT((#1216));
#1039=PRESENTATION_STYLE_ASSIGNMENT((#1217));
#1040=PRESENTATION_STYLE_ASSIGNMENT((#1218));
#1041=PRESENTATION_STYLE_ASSIGNMENT((#1219));
#1042=PRESENTATION_STYLE_ASSIGNMENT((#1220));
#1043=PRESENTATION_STYLE_ASSIGNMENT((#1221));
#1044=PRESENTATION_STYLE_ASSIGNMENT((#1222));
#1045=PRESENTATION_STYLE_ASSIGNMENT((#1223));
#1046=PRESENTATION_STYLE_ASSIGNMENT((#1224));
#1047=PRESENTATION_STYLE_ASSIGNMENT((#1225));
#1048=PRESENTATION_STYLE_ASSIGNMENT((#1226));
#1049=PRESENTATION_STYLE_ASSIGNMENT((#1227));
#1050=PRESENTATION_STYLE_ASSIGNMENT((#1228));
#1051=PRESENTATION_STYLE_ASSIGNMENT((#1229));
#1052=PRESENTATION_STYLE_ASSIGNMENT((#1230));
#1053=PRESENTATION_STYLE_ASSIGNMENT((#1231));
#1054=PRESENTATION_STYLE_ASSIGNMENT((#1232));
#1055=PRESENTATION_STYLE_ASSIGNMENT((#1233));
#1056=PRESENTATION_STYLE_ASSIGNMENT((#1234));
#1057=PRESENTATION_STYLE_ASSIGNMENT((#1235));
#1058=PRESENTATION_STYLE_ASSIGNMENT((#1236));
#1059=PRESENTATION_STYLE_ASSIGNMENT((#1237));
#1060=PRESENTATION_STYLE_ASSIGNMENT((#1238));
#1061=PRESENTATION_STYLE_ASSIGNMENT((#1239));
#1062=PRESENTATION_STYLE_ASSIGNMENT((#1240));
#1063=PRESENTATION_STYLE_ASSIGNMENT((#1241));
#1064=PRESENTATION_STYLE_ASSIGNMENT((#1242));
#1065=PRESENTATION_STYLE_ASSIGNMENT((#1243));
#1066=PRESENTATION_STYLE_ASSIGNMENT((#1244));
#1067=PRESENTATION_STYLE_ASSIGNMENT((#1245));
#1068=PRESENTATION_STYLE_ASSIGNMENT((#1246));
#1069=PRESENTATION_STYLE_ASSIGNMENT((#1247));
#1070=PRESENTATION_STYLE_ASSIGNMENT((#1248));
#1071=PRESENTATION_STYLE_ASSIGNMENT((#1249));
#1072=PRESENTATION_STYLE_ASSIGNMENT((#1250));
#1073=PRESENTATION_STYLE_ASSIGNMENT((#1251));
#1074=PRESENTATION_STYLE_ASSIGNMENT((#1252));
#1075=PRESENTATION_STYLE_ASSIGNMENT((#1253));
#1076=PRESENTATION_STYLE_ASSIGNMENT((#1254));
#1077=PRESENTATION_STYLE_ASSIGNMENT((#1255));
#1078=PRESENTATION_STYLE_ASSIGNMENT((#1256));
#1079=PRESENTATION_STYLE_ASSIGNMENT((#1257));
#1080=PRESENTATION_STYLE_ASSIGNMENT((#1258));
#1081=PRESENTATION_STYLE_ASSIGNMENT((#1259));
#1082=PRESENTATION_STYLE_ASSIGNMENT((#1260));
#1083=PRESENTATION_STYLE_ASSIGNMENT((#1261));
#1084=PRESENTATION_STYLE_ASSIGNMENT((#1262));
#1085=PRESENTATION_STYLE_ASSIGNMENT((#1263));
#1086=PRESENTATION_STYLE_ASSIGNMENT((#1264));
#1087=PRESENTATION_STYLE_ASSIGNMENT((#1265));
#1088=PRESENTATION_STYLE_ASSIGNMENT((#1266));
#1089=PRESENTATION_STYLE_ASSIGNMENT((#1267));
#1090=PRESENTATION_STYLE_ASSIGNMENT((#1268));
#1091=PRESENTATION_STYLE_ASSIGNMENT((#1269));
#1092=PRESENTATION_STYLE_ASSIGNMENT((#1270));
#1093=PRESENTATION_STYLE_ASSIGNMENT((#1271));
#1094=PRESENTATION_STYLE_ASSIGNMENT((#1272));
#1095=PRESENTATION_STYLE_ASSIGNMENT((#1273));
#1096=PRESENTATION_STYLE_ASSIGNMENT((#1274));
#1097=PRESENTATION_STYLE_ASSIGNMENT((#1275));
#1098=PRESENTATION_STYLE_ASSIGNMENT((#1276));
#1099=PRESENTATION_STYLE_ASSIGNMENT((#1277));
#1100=PRESENTATION_STYLE_ASSIGNMENT((#1278));
#1101=PRESENTATION_STYLE_ASSIGNMENT((#1279));
#1102=PRESENTATION_STYLE_ASSIGNMENT((#1280));
#1103=PRESENTATION_STYLE_ASSIGNMENT((#1281));
#1104=PRESENTATION_STYLE_ASSIGNMENT((#1282));
#1105=PRESENTATION_STYLE_ASSIGNMENT((#1283));
#1106=PRESENTATION_STYLE_ASSIGNMENT((#1284));
#1107=PRESENTATION_STYLE_ASSIGNMENT((#1285));
#1108=PRESENTATION_STYLE_ASSIGNMENT((#1286));
#1109=PRESENTATION_STYLE_ASSIGNMENT((#1287));
#1110=PRESENTATION_STYLE_ASSIGNMENT((#1288));
#1111=PRESENTATION_STYLE_ASSIGNMENT((#1289));
#1112=PRESENTATION_STYLE_ASSIGNMENT((#1290));
#1113=PRESENTATION_STYLE_ASSIGNMENT((#1291));
#1114=PRESENTATION_STYLE_ASSIGNMENT((#1292));
#1115=PRESENTATION_STYLE_ASSIGNMENT((#1293));
#1116=PRESENTATION_STYLE_ASSIGNMENT((#1294));
#1117=PRESENTATION_STYLE_ASSIGNMENT((#1295));
#1118=PRESENTATION_STYLE_ASSIGNMENT((#1296));
#1119=PRESENTATION_STYLE_ASSIGNMENT((#1297));
#1120=PRESENTATION_STYLE_ASSIGNMENT((#1298));
#1121=PRESENTATION_STYLE_ASSIGNMENT((#1299));
#1122=PRESENTATION_STYLE_ASSIGNMENT((#1300));
#1123=PRESENTATION_STYLE_ASSIGNMENT((#1301));
#1124=PRESENTATION_STYLE_ASSIGNMENT((#1302));
#1125=PRESENTATION_STYLE_ASSIGNMENT((#1303));
#1126=PRESENTATION_STYLE_ASSIGNMENT((#1304));
#1127=PRESENTATION_STYLE_ASSIGNMENT((#1305));
#1128=PRESENTATION_STYLE_ASSIGNMENT((#1306));
#1129=PRESENTATION_STYLE_ASSIGNMENT((#1307));
#1130=PRESENTATION_STYLE_ASSIGNMENT((#1308));
#1131=PRESENTATION_STYLE_ASSIGNMENT((#1309));
#1132=PRESENTATION_STYLE_ASSIGNMENT((#1310));
#1133=PRESENTATION_STYLE_ASSIGNMENT((#1311));
#1134=PRESENTATION_STYLE_ASSIGNMENT((#1312));
#1135=PRESENTATION_STYLE_ASSIGNMENT((#1313));
#1136=PRESENTATION_STYLE_ASSIGNMENT((#1314));
#1137=PRESENTATION_STYLE_ASSIGNMENT((#1315));
#1138=PRESENTATION_STYLE_ASSIGNMENT((#1316));
#1139=PRESENTATION_STYLE_ASSIGNMENT((#1317));
#1140=PRESENTATION_STYLE_ASSIGNMENT((#1318));
#1141=PRESENTATION_STYLE_ASSIGNMENT((#1319));
#1142=PRESENTATION_STYLE_ASSIGNMENT((#1320));
#1143=PRESENTATION_STYLE_ASSIGNMENT((#1321));
#1144=PRESENTATION_STYLE_ASSIGNMENT((#1322));
#1145=PRESENTATION_STYLE_ASSIGNMENT((#1323));
#1146=PRESENTATION_STYLE_ASSIGNMENT((#1324));
#1147=PRESENTATION_STYLE_ASSIGNMENT((#1325));
#1148=PRESENTATION_STYLE_ASSIGNMENT((#1326));
#1149=PRESENTATION_STYLE_ASSIGNMENT((#1327));
#1150=PRESENTATION_STYLE_ASSIGNMENT((#1328));
#1151=PRESENTATION_STYLE_ASSIGNMENT((#1329));
#1152=PRESENTATION_STYLE_ASSIGNMENT((#1330));
#1153=PRESENTATION_STYLE_ASSIGNMENT((#1331));
#1154=PRESENTATION_STYLE_ASSIGNMENT((#1332));
#1155=PRESENTATION_STYLE_ASSIGNMENT((#1333));
#1156=PRESENTATION_STYLE_ASSIGNMENT((#1334));
#1157=PRESENTATION_STYLE_ASSIGNMENT((#1335));
#1158=PRESENTATION_STYLE_ASSIGNMENT((#1336));
#1159=PRESENTATION_STYLE_ASSIGNMENT((#1337));
#1160=PRESENTATION_STYLE_ASSIGNMENT((#1338));
#1161=PRESENTATION_STYLE_ASSIGNMENT((#1339));
#1162=PRESENTATION_STYLE_ASSIGNMENT((#1340));
#1163=PRESENTATION_STYLE_ASSIGNMENT((#1341));
#1164=PRESENTATION_STYLE_ASSIGNMENT((#1342));
#1165=PRESENTATION_STYLE_ASSIGNMENT((#1343));
#1166=PRESENTATION_STYLE_ASSIGNMENT((#1344));
#1167=PRESENTATION_STYLE_ASSIGNMENT((#1345));
#1168=PRESENTATION_STYLE_ASSIGNMENT((#1346));
#1169=PRESENTATION_STYLE_ASSIGNMENT((#1347));
#1170=PRESENTATION_STYLE_ASSIGNMENT((#1348));
#1171=PRESENTATION_STYLE_ASSIGNMENT((#1349));
#1172=PRESENTATION_STYLE_ASSIGNMENT((#1350));
#1173=PRESENTATION_STYLE_ASSIGNMENT((#1351));
#1174=PRESENTATION_STYLE_ASSIGNMENT((#1352));
#1175=PRESENTATION_STYLE_ASSIGNMENT((#1353));
#1176=PRESENTATION_STYLE_ASSIGNMENT((#1354));
#1177=PRESENTATION_STYLE_ASSIGNMENT((#1355));
#1178=PRESENTATION_STYLE_ASSIGNMENT((#1356));
#1179=SURFACE_STYLE_USAGE(.BOTH.,#1357);
#1180=SURFACE_STYLE_USAGE(.BOTH.,#1358);
#1181=SURFACE_STYLE_USAGE(.BOTH.,#1359);
#1182=SURFACE_STYLE_USAGE(.BOTH.,#1360);
#1183=SURFACE_STYLE_USAGE(.BOTH.,#1361);
#1184=SURFACE_STYLE_USAGE(.BOTH.,#1362);
#1185=SURFACE_STYLE_USAGE(.BOTH.,#1363);
#1186=SURFACE_STYLE_USAGE(.BOTH.,#1364);
#1187=SURFACE_STYLE_USAGE(.BOTH.,#1365);
#1188=SURFACE_STYLE_USAGE(.BOTH.,#1366);
#1189=SURFACE_STYLE_USAGE(.BOTH.,#1367);
#1190=SURFACE_STYLE_USAGE(.BOTH.,#1368);
#1191=SURFACE_STYLE_USAGE(.BOTH.,#1369);
#1192=SURFACE_STYLE_USAGE(.BOTH.,#1370);
#1193=SURFACE_STYLE_USAGE(.BOTH.,#1371);
#1194=SURFACE_STYLE_USAGE(.BOTH.,#1372);
#1195=SURFACE_STYLE_USAGE(.BOTH.,#1373);
#1196=SURFACE_STYLE_USAGE(.BOTH.,#1374);
#1197=SURFACE_STYLE_USAGE(.BOTH.,#1375);
#1198=SURFACE_STYLE_USAGE(.BOTH.,#1376);
#1199=SURFACE_STYLE_USAGE(.BOTH.,#1377);
#1200=SURFACE_STYLE_USAGE(.BOTH.,#1378);
#1201=SURFACE_STYLE_USAGE(.BOTH.,#1379);
#1202=SURFACE_STYLE_USAGE(.BOTH.,#1380);
#1203=SURFACE_STYLE_USAGE(.BOTH.,#1381);
#1204=SURFACE_STYLE_USAGE(.BOTH.,#1382);
#1205=SURFACE_STYLE_USAGE(.BOTH.,#1383);
#1206=SURFACE_STYLE_USAGE(.BOTH.,#1384);
#1207=SURFACE_STYLE_USAGE(.BOTH.,#1385);
#1208=SURFACE_STYLE_USAGE(.BOTH.,#1386);
#1209=SURFACE_STYLE_USAGE(.BOTH.,#1387);
#1210=SURFACE_STYLE_USAGE(.BOTH.,#1388);
#1211=SURFACE_STYLE_USAGE(.BOTH.,#1389);
#1212=SURFACE_STYLE_USAGE(.BOTH.,#1390);
#1213=SURFACE_STYLE_USAGE(.BOTH.,#1391);
#1214=SURFACE_STYLE_USAGE(.BOTH.,#1392);
#1215=SURFACE_STYLE_USAGE(.BOTH.,#1393);
#1216=SURFACE_STYLE_USAGE(.BOTH.,#1394);
#1217=SURFACE_STYLE_USAGE(.BOTH.,#1395);
#1218=SURFACE_STYLE_USAGE(.BOTH.,#1396);
#1219=SURFACE_STYLE_USAGE(.BOTH.,#1397);
#1220=SURFACE_STYLE_USAGE(.BOTH.,#1398);
#1221=SURFACE_STYLE_USAGE(.BOTH.,#1399);
#1222=SURFACE_STYLE_USAGE(.BOTH.,#1400);
#1223=SURFACE_STYLE_USAGE(.BOTH.,#1401);
#1224=SURFACE_STYLE_USAGE(.BOTH.,#1402);
#1225=SURFACE_STYLE_USAGE(.BOTH.,#1403);
#1226=SURFACE_STYLE_USAGE(.BOTH.,#1404);
#1227=SURFACE_STYLE_USAGE(.BOTH.,#1405);
#1228=SURFACE_STYLE_USAGE(.BOTH.,#1406);
#1229=SURFACE_STYLE_USAGE(.BOTH.,#1407);
#1230=SURFACE_STYLE_USAGE(.BOTH.,#1408);
#1231=SURFACE_STYLE_USAGE(.BOTH.,#1409);
#1232=SURFACE_STYLE_USAGE(.BOTH.,#1410);
#1233=SURFACE_STYLE_USAGE(.BOTH.,#1411);
#1234=SURFACE_STYLE_USAGE(.BOTH.,#1412);
#1235=SURFACE_STYLE_USAGE(.BOTH.,#1413);
#1236=SURFACE_STYLE_USAGE(.BOTH.,#1414);
#1237=SURFACE_STYLE_USAGE(.BOTH.,#1415);
#1238=SURFACE_STYLE_USAGE(.BOTH.,#1416);
#1239=SURFACE_STYLE_USAGE(.BOTH.,#1417);
#1240=SURFACE_STYLE_USAGE(.BOTH.,#1418);
#1241=SURFACE_STYLE_USAGE(.BOTH.,#1419);
#1242=SURFACE_STYLE_USAGE(.BOTH.,#1420);
#1243=SURFACE_STYLE_USAGE(.BOTH.,#1421);
#1244=SURFACE_STYLE_USAGE(.BOTH.,#1422);
#1245=SURFACE_STYLE_USAGE(.BOTH.,#1423);
#1246=SURFACE_STYLE_USAGE(.BOTH.,#1424);
#1247=SURFACE_STYLE_USAGE(.BOTH.,#1425);
#1248=SURFACE_STYLE_USAGE(.BOTH.,#1426);
#1249=SURFACE_STYLE_USAGE(.BOTH.,#1427);
#1250=SURFACE_STYLE_USAGE(.BOTH.,#1428);
#1251=SURFACE_STYLE_USAGE(.BOTH.,#1429);
#1252=SURFACE_STYLE_USAGE(.BOTH.,#1430);
#1253=SURFACE_STYLE_USAGE(.BOTH.,#1431);
#1254=SURFACE_STYLE_USAGE(.BOTH.,#1432);
#1255=SURFACE_STYLE_USAGE(.BOTH.,#1433);
#1256=SURFACE_STYLE_USAGE(.BOTH.,#1434);
#1257=SURFACE_STYLE_USAGE(.BOTH.,#1435);
#1258=SURFACE_STYLE_USAGE(.BOTH.,#1436);
#1259=SURFACE_STYLE_USAGE(.BOTH.,#1437);
#1260=SURFACE_STYLE_USAGE(.BOTH.,#1438);
#1261=SURFACE_STYLE_USAGE(.BOTH.,#1439);
#1262=SURFACE_STYLE_USAGE(.BOTH.,#1440);
#1263=SURFACE_STYLE_USAGE(.BOTH.,#1441);
#1264=SURFACE_STYLE_USAGE(.BOTH.,#1442);
#1265=SURFACE_STYLE_USAGE(.BOTH.,#1443);
#1266=SURFACE_STYLE_USAGE(.BOTH.,#1444);
#1267=SURFACE_STYLE_USAGE(.BOTH.,#1445);
#1268=SURFACE_STYLE_USAGE(.BOTH.,#1446);
#1269=SURFACE_STYLE_USAGE(.BOTH.,#1447);
#1270=SURFACE_STYLE_USAGE(.BOTH.,#1448);
#1271=SURFACE_STYLE_USAGE(.BOTH.,#1449);
#1272=SURFACE_STYLE_USAGE(.BOTH.,#1450);
#1273=SURFACE_STYLE_USAGE(.BOTH.,#1451);
#1274=SURFACE_STYLE_USAGE(.BOTH.,#1452);
#1275=SURFACE_STYLE_USAGE(.BOTH.,#1453);
#1276=SURFACE_STYLE_USAGE(.BOTH.,#1454);
#1277=SURFACE_STYLE_USAGE(.BOTH.,#1455);
#1278=SURFACE_STYLE_USAGE(.BOTH.,#1456);
#1279=SURFACE_STYLE_USAGE(.BOTH.,#1457);
#1280=SURFACE_STYLE_USAGE(.BOTH.,#1458);
#1281=SURFACE_STYLE_USAGE(.BOTH.,#1459);
#1282=SURFACE_STYLE_USAGE(.BOTH.,#1460);
#1283=SURFACE_STYLE_USAGE(.BOTH.,#1461);
#1284=SURFACE_STYLE_USAGE(.BOTH.,#1462);
#1285=SURFACE_STYLE_USAGE(.BOTH.,#1463);
#1286=SURFACE_STYLE_USAGE(.BOTH.,#1464);
#1287=SURFACE_STYLE_USAGE(.BOTH.,#1465);
#1288=SURFACE_STYLE_USAGE(.BOTH.,#1466);
#1289=SURFACE_STYLE_USAGE(.BOTH.,#1467);
#1290=SURFACE_STYLE_USAGE(.BOTH.,#1468);
#1291=SURFACE_STYLE_USAGE(.BOTH.,#1469);
#1292=SURFACE_STYLE_USAGE(.BOTH.,#1470);
#1293=SURFACE_STYLE_USAGE(.BOTH.,#1471);
#1294=SURFACE_STYLE_USAGE(.BOTH.,#1472);
#1295=SURFACE_STYLE_USAGE(.BOTH.,#1473);
#1296=SURFACE_STYLE_USAGE(.BOTH.,#1474);
#1297=SURFACE_STYLE_USAGE(.BOTH.,#1475);
#1298=SURFACE_STYLE_USAGE(.BOTH.,#1476);
#1299=SURFACE_STYLE_USAGE(.BOTH.,#1477);
#1300=SURFACE_STYLE_USAGE(.BOTH.,#1478);
#1301=SURFACE_STYLE_USAGE(.BOTH.,#1479);
#1302=SURFACE_STYLE_USAGE(.BOTH.,#1480);
#1303=SURFACE_STYLE_USAGE(.BOTH.,#1481);
#1304=SURFACE_STYLE_USAGE(.BOTH.,#1482);
#1305=SURFACE_STYLE_USAGE(.BOTH.,#1483);
#1306=SURFACE_STYLE_USAGE(.BOTH.,#1484);
#1307=SURFACE_STYLE_USAGE(.BOTH.,#1485);
#1308=SURFACE_STYLE_USAGE(.BOTH.,#1486);
#1309=SURFACE_STYLE_USAGE(.BOTH.,#1487);
#1310=SURFACE_STYLE_USAGE(.BOTH.,#1488);
#1311=SURFACE_STYLE_USAGE(.BOTH.,#1489);
#1312=SURFACE_STYLE_USAGE(.BOTH.,#1490);
#1313=SURFACE_STYLE_USAGE(.BOTH.,#1491);
#1314=SURFACE_STYLE_USAGE(.BOTH.,#1492);
#1315=SURFACE_STYLE_USAGE(.BOTH.,#1493);
#1316=SURFACE_STYLE_USAGE(.BOTH.,#1494);
#1317=SURFACE_STYLE_USAGE(.BOTH.,#1495);
#1318=SURFACE_STYLE_USAGE(.BOTH.,#1496);
#1319=SURFACE_STYLE_USAGE(.BOTH.,#1497);
#1320=SURFACE_STYLE_USAGE(.BOTH.,#1498);
#1321=SURFACE_STYLE_USAGE(.BOTH.,#1499);
#1322=SURFACE_STYLE_USAGE(.BOTH.,#1500);
#1323=SURFACE_STYLE_USAGE(.BOTH.,#1501);
#1324=SURFACE_STYLE_USAGE(.BOTH.,#1502);
#1325=SURFACE_STYLE_USAGE(.BOTH.,#1503);
#1326=SURFACE_STYLE_USAGE(.BOTH.,#1504);
#1327=SURFACE_STYLE_USAGE(.BOTH.,#1505);
#1328=SURFACE_STYLE_USAGE(.BOTH.,#1506);
#1329=SURFACE_STYLE_USAGE(.BOTH.,#1507);
#1330=SURFACE_STYLE_USAGE(.BOTH.,#1508);
#1331=SURFACE_STYLE_USAGE(.BOTH.,#1509);
#1332=SURFACE_STYLE_USAGE(.BOTH.,#1510);
#1333=SURFACE_STYLE_USAGE(.BOTH.,#1511);
#1334=SURFACE_STYLE_USAGE(.BOTH.,#1512);
#1335=SURFACE_STYLE_USAGE(.BOTH.,#1513);
#1336=SURFACE_STYLE_USAGE(.BOTH.,#1514);
#1337=SURFACE_STYLE_USAGE(.BOTH.,#1515);
#1338=SURFACE_STYLE_USAGE(.BOTH.,#1516);
#1339=SURFACE_STYLE_USAGE(.BOTH.,#1517);
#1340=SURFACE_STYLE_USAGE(.BOTH.,#1518);
#1341=SURFACE_STYLE_USAGE(.BOTH.,#1519);
#1342=SURFACE_STYLE_USAGE(.BOTH.,#1520);
#1343=SURFACE_STYLE_USAGE(.BOTH.,#1521);
#1344=SURFACE_STYLE_USAGE(.BOTH.,#1522);
#1345=SURFACE_STYLE_USAGE(.BOTH.,#1523);
#1346=SURFACE_STYLE_USAGE(.BOTH.,#1524);
#1347=SURFACE_STYLE_USAGE(.BOTH.,#1525);
#1348=SURFACE_STYLE_USAGE(.BOTH.,#1526);
#1349=SURFACE_STYLE_USAGE(.BOTH.,#1527);
#1350=SURFACE_STYLE_USAGE(.BOTH.,#1528);
#1351=SURFACE_STYLE_USAGE(.BOTH.,#1529);
#1352=SURFACE_STYLE_USAGE(.BOTH.,#1530);
#1353=SURFACE_STYLE_USAGE(.BOTH.,#1531);
#1354=SURFACE_STYLE_USAGE(.BOTH.,#1532);
#1355=SURFACE_STYLE_USAGE(.BOTH.,#1533);
#1356=SURFACE_STYLE_USAGE(.BOTH.,#1534);
#1357=SURFACE_SIDE_STYLE('',(#1535));
#1358=SURFACE_SIDE_STYLE('',(#1536));
#1359=SURFACE_SIDE_STYLE('',(#1537));
#1360=SURFACE_SIDE_STYLE('',(#1538));
#1361=SURFACE_SIDE_STYLE('',(#1539));
#1362=SURFACE_SIDE_STYLE('',(#1540));
#1363=SURFACE_SIDE_STYLE('',(#1541));
#1364=SURFACE_SIDE_STYLE('',(#1542));
#1365=SURFACE_SIDE_STYLE('',(#1543));
#1366=SURFACE_SIDE_STYLE('',(#1544));
#1367=SURFACE_SIDE_STYLE('',(#1545));
#1368=SURFACE_SIDE_STYLE('',(#1546));
#1369=SURFACE_SIDE_STYLE('',(#1547));
#1370=SURFACE_SIDE_STYLE('',(#1548));
#1371=SURFACE_SIDE_STYLE('',(#1549));
#1372=SURFACE_SIDE_STYLE('',(#1550));
#1373=SURFACE_SIDE_STYLE('',(#1551));
#1374=SURFACE_SIDE_STYLE('',(#1552));
#1375=SURFACE_SIDE_STYLE('',(#1553));
#1376=SURFACE_SIDE_STYLE('',(#1554));
#1377=SURFACE_SIDE_STYLE('',(#1555));
#1378=SURFACE_SIDE_STYLE('',(#1556));
#1379=SURFACE_SIDE_STYLE('',(#1557));
#1380=SURFACE_SIDE_STYLE('',(#1558));
#1381=SURFACE_SIDE_STYLE('',(#1559));
#1382=SURFACE_SIDE_STYLE('',(#1560));
#1383=SURFACE_SIDE_STYLE('',(#1561));
#1384=SURFACE_SIDE_STYLE('',(#1562));
#1385=SURFACE_SIDE_STYLE('',(#1563));
#1386=SURFACE_SIDE_STYLE('',(#1564));
#1387=SURFACE_SIDE_STYLE('',(#1565));
#1388=SURFACE_SIDE_STYLE('',(#1566));
#1389=SURFACE_SIDE_STYLE('',(#1567));
#1390=SURFACE_SIDE_STYLE('',(#1568));
#1391=SURFACE_SIDE_STYLE('',(#1569));
#1392=SURFACE_SIDE_STYLE('',(#1570));
#1393=SURFACE_SIDE_STYLE('',(#1571));
#1394=SURFACE_SIDE_STYLE('',(#1572));
#1395=SURFACE_SIDE_STYLE('',(#1573));
#1396=SURFACE_SIDE_STYLE('',(#1574));
#1397=SURFACE_SIDE_STYLE('',(#1575));
#1398=SURFACE_SIDE_STYLE('',(#1576));
#1399=SURFACE_SIDE_STYLE('',(#1577));
#1400=SURFACE_SIDE_STYLE('',(#1578));
#1401=SURFACE_SIDE_STYLE('',(#1579));
#1402=SURFACE_SIDE_STYLE('',(#1580));
#1403=SURFACE_SIDE_STYLE('',(#1581));
#1404=SURFACE_SIDE_STYLE('',(#1582));
#1405=SURFACE_SIDE_STYLE('',(#1583));
#1406=SURFACE_SIDE_STYLE('',(#1584));
#1407=SURFACE_SIDE_STYLE('',(#1585));
#1408=SURFACE_SIDE_STYLE('',(#1586));
#1409=SURFACE_SIDE_STYLE('',(#1587));
#1410=SURFACE_SIDE_STYLE('',(#1588));
#1411=SURFACE_SIDE_STYLE('',(#1589));
#1412=SURFACE_SIDE_STYLE('',(#1590));
#1413=SURFACE_SIDE_STYLE('',(#1591));
#1414=SURFACE_SIDE_STYLE('',(#1592));
#1415=SURFACE_SIDE_STYLE('',(#1593));
#1416=SURFACE_SIDE_STYLE('',(#1594));
#1417=SURFACE_SIDE_STYLE('',(#1595));
#1418=SURFACE_SIDE_STYLE('',(#1596));
#1419=SURFACE_SIDE_STYLE('',(#1597));
#1420=SURFACE_SIDE_STYLE('',(#1598));
#1421=SURFACE_SIDE_STYLE('',(#1599));
#1422=SURFACE_SIDE_STYLE('',(#1600));
#1423=SURFACE_SIDE_STYLE('',(#1601));
#1424=SURFACE_SIDE_STYLE('',(#1602));
#1425=SURFACE_SIDE_STYLE('',(#1603));
#1426=SURFACE_SIDE_STYLE('',(#1604));
#1427=SURFACE_SIDE_STYLE('',(#1605));
#1428=SURFACE_SIDE_STYLE('',(#1606));
#1429=SURFACE_SIDE_STYLE('',(#1607));
#1430=SURFACE_SIDE_STYLE('',(#1608));
#1431=SURFACE_SIDE_STYLE('',(#1609));
#1432=SURFACE_SIDE_STYLE('',(#1610));
#1433=SURFACE_SIDE_STYLE('',(#1611));
#1434=SURFACE_SIDE_STYLE('',(#1612));
#1435=SURFACE_SIDE_STYLE('',(#1613));
#1436=SURFACE_SIDE_STYLE('',(#1614));
#1437=SURFACE_SIDE_STYLE('',(#1615));
#1438=SURFACE_SIDE_STYLE('',(#1616));
#1439=SURFACE_SIDE_STYLE('',(#1617));
#1440=SURFACE_SIDE_STYLE('',(#1618));
#1441=SURFACE_SIDE_STYLE('',(#1619));
#1442=SURFACE_SIDE_STYLE('',(#1620));
#1443=SURFACE_SIDE_STYLE('',(#1621));
#1444=SURFACE_SIDE_STYLE('',(#1622));
#1445=SURFACE_SIDE_STYLE('',(#1623));
#1446=SURFACE_SIDE_STYLE('',(#1624));
#1447=SURFACE_SIDE_STYLE('',(#1625));
#1448=SURFACE_SIDE_STYLE('',(#1626));
#1449=SURFACE_SIDE_STYLE('',(#1627));
#1450=SURFACE_SIDE_STYLE('',(#1628));
#1451=SURFACE_SIDE_STYLE('',(#1629));
#1452=SURFACE_SIDE_STYLE('',(#1630));
#1453=SURFACE_SIDE_STYLE('',(#1631));
#1454=SURFACE_SIDE_STYLE('',(#1632));
#1455=SURFACE_SIDE_STYLE('',(#1633));
#1456=SURFACE_SIDE_STYLE('',(#1634));
#1457=SURFACE_SIDE_STYLE('',(#1635));
#1458=SURFACE_SIDE_STYLE('',(#1636));
#1459=SURFACE_SIDE_STYLE('',(#1637));
#1460=SURFACE_SIDE_STYLE('',(#1638));
#1461=SURFACE_SIDE_STYLE('',(#1639));
#1462=SURFACE_SIDE_STYLE('',(#1640));
#1463=SURFACE_SIDE_STYLE('',(#1641));
#1464=SURFACE_SIDE_STYLE('',(#1642));
#1465=SURFACE_SIDE_STYLE('',(#1643));
#1466=SURFACE_SIDE_STYLE('',(#1644));
#1467=SURFACE_SIDE_STYLE('',(#1645));
#1468=SURFACE_SIDE_STYLE('',(#1646));
#1469=SURFACE_SIDE_STYLE('',(#1647));
#1470=SURFACE_SIDE_STYLE('',(#1648));
#1471=SURFACE_SIDE_STYLE('',(#1649));
#1472=SURFACE_SIDE_STYLE('',(#1650));
#1473=SURFACE_SIDE_STYLE('',(#1651));
#1474=SURFACE_SIDE_STYLE('',(#1652));
#1475=SURFACE_SIDE_STYLE('',(#1653));
#1476=SURFACE_SIDE_STYLE('',(#1654));
#1477=SURFACE_SIDE_STYLE('',(#1655));
#1478=SURFACE_SIDE_STYLE('',(#1656));
#1479=SURFACE_SIDE_STYLE('',(#1657));
#1480=SURFACE_SIDE_STYLE('',(#1658));
#1481=SURFACE_SIDE_STYLE('',(#1659));
#1482=SURFACE_SIDE_STYLE('',(#1660));
#1483=SURFACE_SIDE_STYLE('',(#1661));
#1484=SURFACE_SIDE_STYLE('',(#1662));
#1485=SURFACE_SIDE_STYLE('',(#1663));
#1486=SURFACE_SIDE_STYLE('',(#1664));
#1487=SURFACE_SIDE_STYLE('',(#1665));
#1488=SURFACE_SIDE_STYLE('',(#1666));
#1489=SURFACE_SIDE_STYLE('',(#1667));
#1490=SURFACE_SIDE_STYLE('',(#1668));
#1491=SURFACE_SIDE_STYLE('',(#1669));
#1492=SURFACE_SIDE_STYLE('',(#1670));
#1493=SURFACE_SIDE_STYLE('',(#1671));
#1494=SURFACE_SIDE_STYLE('',(#1672));
#1495=SURFACE_SIDE_STYLE('',(#1673));
#1496=SURFACE_SIDE_STYLE('',(#1674));
#1497=SURFACE_SIDE_STYLE('',(#1675));
#1498=SURFACE_SIDE_STYLE('',(#1676));
#1499=SURFACE_SIDE_STYLE('',(#1677));
#1500=SURFACE_SIDE_STYLE('',(#1678));
#1501=SURFACE_SIDE_STYLE('',(#1679));
#1502=SURFACE_SIDE_STYLE('',(#1680));
#1503=SURFACE_SIDE_STYLE('',(#1681));
#1504=SURFACE_SIDE_STYLE('',(#1682));
#1505=SURFACE_SIDE_STYLE('',(#1683));
#1506=SURFACE_SIDE_STYLE('',(#1684));
#1507=SURFACE_SIDE_STYLE('',(#1685));
#1508=SURFACE_SIDE_STYLE('',(#1686));
#1509=SURFACE_SIDE_STYLE('',(#1687));
#1510=SURFACE_SIDE_STYLE('',(#1688));
#1511=SURFACE_SIDE_STYLE('',(#1689));
#1512=SURFACE_SIDE_STYLE('',(#1690));
#1513=SURFACE_SIDE_STYLE('',(#1691));
#1514=SURFACE_SIDE_STYLE('',(#1692));
#1515=SURFACE_SIDE_STYLE('',(#1693));
#1516=SURFACE_SIDE_STYLE('',(#1694));
#1517=SURFACE_SIDE_STYLE('',(#1695));
#1518=SURFACE_SIDE_STYLE('',(#1696));
#1519=SURFACE_SIDE_STYLE('',(#1697));
#1520=SURFACE_SIDE_STYLE('',(#1698));
#1521=SURFACE_SIDE_STYLE('',(#1699));
#1522=SURFACE_SIDE_STYLE('',(#1700));
#1523=SURFACE_SIDE_STYLE('',(#1701));
#1524=SURFACE_SIDE_STYLE('',(#1702));
#1525=SURFACE_SIDE_STYLE('',(#1703));
#1526=SURFACE_SIDE_STYLE('',(#1704));
#1527=SURFACE_SIDE_STYLE('',(#1705));
#1528=SURFACE_SIDE_STYLE('',(#1706));
#1529=SURFACE_SIDE_STYLE('',(#1707));
#1530=SURFACE_SIDE_STYLE('',(#1708));
#1531=SURFACE_SIDE_STYLE('',(#1709));
#1532=SURFACE_SIDE_STYLE('',(#1710));
#1533=SURFACE_SIDE_STYLE('',(#1711));
#1534=SURFACE_SIDE_STYLE('',(#1712));
#1535=SURFACE_STYLE_FILL_AREA(#1713);
#1536=SURFACE_STYLE_FILL_AREA(#1714);
#1537=SURFACE_STYLE_FILL_AREA(#1715);
#1538=SURFACE_STYLE_FILL_AREA(#1716);
#1539=SURFACE_STYLE_FILL_AREA(#1717);
#1540=SURFACE_STYLE_FILL_AREA(#1718);
#1541=SURFACE_STYLE_FILL_AREA(#1719);
#1542=SURFACE_STYLE_FILL_AREA(#1720);
#1543=SURFACE_STYLE_FILL_AREA(#1721);
#1544=SURFACE_STYLE_FILL_AREA(#1722);
#1545=SURFACE_STYLE_FILL_AREA(#1723);
#1546=SURFACE_STYLE_FILL_AREA(#1724);
#1547=SURFACE_STYLE_FILL_AREA(#1725);
#1548=SURFACE_STYLE_FILL_AREA(#1726);
#1549=SURFACE_STYLE_FILL_AREA(#1727);
#1550=SURFACE_STYLE_FILL_AREA(#1728);
#1551=SURFACE_STYLE_FILL_AREA(#1729);
#1552=SURFACE_STYLE_FILL_AREA(#1730);
#1553=SURFACE_STYLE_FILL_AREA(#1731);
#1554=SURFACE_STYLE_FILL_AREA(#1732);
#1555=SURFACE_STYLE_FILL_AREA(#1733);
#1556=SURFACE_STYLE_FILL_AREA(#1734);
#1557=SURFACE_STYLE_FILL_AREA(#1735);
#1558=SURFACE_STYLE_FILL_AREA(#1736);
#1559=SURFACE_STYLE_FILL_AREA(#1737);
#1560=SURFACE_STYLE_FILL_AREA(#1738);
#1561=SURFACE_STYLE_FILL_AREA(#1739);
#1562=SURFACE_STYLE_FILL_AREA(#1740);
#1563=SURFACE_STYLE_FILL_AREA(#1741);
#1564=SURFACE_STYLE_FILL_AREA(#1742);
#1565=SURFACE_STYLE_FILL_AREA(#1743);
#1566=SURFACE_STYLE_FILL_AREA(#1744);
#1567=SURFACE_STYLE_FILL_AREA(#1745);
#1568=SURFACE_STYLE_FILL_AREA(#1746);
#1569=SURFACE_STYLE_FILL_AREA(#1747);
#1570=SURFACE_STYLE_FILL_AREA(#1748);
#1571=SURFACE_STYLE_FILL_AREA(#1749);
#1572=SURFACE_STYLE_FILL_AREA(#1750);
#1573=SURFACE_STYLE_FILL_AREA(#1751);
#1574=SURFACE_STYLE_FILL_AREA(#1752);
#1575=SURFACE_STYLE_FILL_AREA(#1753);
#1576=SURFACE_STYLE_FILL_AREA(#1754);
#1577=SURFACE_STYLE_FILL_AREA(#1755);
#1578=SURFACE_STYLE_FILL_AREA(#1756);
#1579=SURFACE_STYLE_FILL_AREA(#1757);
#1580=SURFACE_STYLE_FILL_AREA(#1758);
#1581=SURFACE_STYLE_FILL_AREA(#1759);
#1582=SURFACE_STYLE_FILL_AREA(#1760);
#1583=SURFACE_STYLE_FILL_AREA(#1761);
#1584=SURFACE_STYLE_FILL_AREA(#1762);
#1585=SURFACE_STYLE_FILL_AREA(#1763);
#1586=SURFACE_STYLE_FILL_AREA(#1764);
#1587=SURFACE_STYLE_FILL_AREA(#1765);
#1588=SURFACE_STYLE_FILL_AREA(#1766);
#1589=SURFACE_STYLE_FILL_AREA(#1767);
#1590=SURFACE_STYLE_FILL_AREA(#1768);
#1591=SURFACE_STYLE_FILL_AREA(#1769);
#1592=SURFACE_STYLE_FILL_AREA(#1770);
#1593=SURFACE_STYLE_FILL_AREA(#1771);
#1594=SURFACE_STYLE_FILL_AREA(#1772);
#1595=SURFACE_STYLE_FILL_AREA(#1773);
#1596=SURFACE_STYLE_FILL_AREA(#1774);
#1597=SURFACE_STYLE_FILL_AREA(#1775);
#1598=SURFACE_STYLE_FILL_AREA(#1776);
#1599=SURFACE_STYLE_FILL_AREA(#1777);
#1600=SURFACE_STYLE_FILL_AREA(#1778);
#1601=SURFACE_STYLE_FILL_AREA(#1779);
#1602=SURFACE_STYLE_FILL_AREA(#1780);
#1603=SURFACE_STYLE_FILL_AREA(#1781);
#1604=SURFACE_STYLE_FILL_AREA(#1782);
#1605=SURFACE_STYLE_FILL_AREA(#1783);
#1606=SURFACE_STYLE_FILL_AREA(#1784);
#1607=SURFACE_STYLE_FILL_AREA(#1785);
#1608=SURFACE_STYLE_FILL_AREA(#1786);
#1609=SURFACE_STYLE_FILL_AREA(#1787);
#1610=SURFACE_STYLE_FILL_AREA(#1788);
#1611=SURFACE_STYLE_FILL_AREA(#1789);
#1612=SURFACE_STYLE_FILL_AREA(#1790);
#1613=SURFACE_STYLE_FILL_AREA(#1791);
#1614=SURFACE_STYLE_FILL_AREA(#1792);
#1615=SURFACE_STYLE_FILL_AREA(#1793);
#1616=SURFACE_STYLE_FILL_AREA(#1794);
#1617=SURFACE_STYLE_FILL_AREA(#1795);
#1618=SURFACE_STYLE_FILL_AREA(#1796);
#1619=SURFACE_STYLE_FILL_AREA(#1797);
#1620=SURFACE_STYLE_FILL_AREA(#1798);
#1621=SURFACE_STYLE_FILL_AREA(#1799);
#1622=SURFACE_STYLE_FILL_AREA(#1800);
#1623=SURFACE_STYLE_FILL_AREA(#1801);
#1624=SURFACE_STYLE_FILL_AREA(#1802);
#1625=SURFACE_STYLE_FILL_AREA(#1803);
#1626=SURFACE_STYLE_FILL_AREA(#1804);
#1627=SURFACE_STYLE_FILL_AREA(#1805);
#1628=SURFACE_STYLE_FILL_AREA(#1806);
#1629=SURFACE_STYLE_FILL_AREA(#1807);
#1630=SURFACE_STYLE_FILL_AREA(#1808);
#1631=SURFACE_STYLE_FILL_AREA(#1809);
#1632=SURFACE_STYLE_FILL_AREA(#1810);
#1633=SURFACE_STYLE_FILL_AREA(#1811);
#1634=SURFACE_STYLE_FILL_AREA(#1812);
#1635=SURFACE_STYLE_FILL_AREA(#1813);
#1636=SURFACE_STYLE_FILL_AREA(#1814);
#1637=SURFACE_STYLE_FILL_AREA(#1815);
#1638=SURFACE_STYLE_FILL_AREA(#1816);
#1639=SURFACE_STYLE_FILL_AREA(#1817);
#1640=SURFACE_STYLE_FILL_AREA(#1818);
#1641=SURFACE_STYLE_FILL_AREA(#1819);
#1642=SURFACE_STYLE_FILL_AREA(#1820);
#1643=SURFACE_STYLE_FILL_AREA(#1821);
#1644=SURFACE_STYLE_FILL_AREA(#1822);
#1645=SURFACE_STYLE_FILL_AREA(#1823);
#1646=SURFACE_STYLE_FILL_AREA(#1824);
#1647=SURFACE_STYLE_FILL_AREA(#1825);
#1648=SURFACE_STYLE_FILL_AREA(#1826);
#1649=SURFACE_STYLE_FILL_AREA(#1827);
#1650=SURFACE_STYLE_FILL_AREA(#1828);
#1651=SURFACE_STYLE_FILL_AREA(#1829);
#1652=SURFACE_STYLE_FILL_AREA(#1830);
#1653=SURFACE_STYLE_FILL_AREA(#1831);
#1654=SURFACE_STYLE_FILL_AREA(#1832);
#1655=SURFACE_STYLE_FILL_AREA(#1833);
#1656=SURFACE_STYLE_FILL_AREA(#1834);
#1657=SURFACE_STYLE_FILL_AREA(#1835);
#1658=SURFACE_STYLE_FILL_AREA(#1836);
#1659=SURFACE_STYLE_FILL_AREA(#1837);
#1660=SURFACE_STYLE_FILL_AREA(#1838);
#1661=SURFACE_STYLE_FILL_AREA(#1839);
#1662=SURFACE_STYLE_FILL_AREA(#1840);
#1663=SURFACE_STYLE_FILL_AREA(#1841);
#1664=SURFACE_STYLE_FILL_AREA(#1842);
#1665=SURFACE_STYLE_FILL_AREA(#1843);
#1666=SURFACE_STYLE_FILL_AREA(#1844);
#1667=SURFACE_STYLE_FILL_AREA(#1845);
#1668=SURFACE_STYLE_FILL_AREA(#1846);
#1669=SURFACE_STYLE_FILL_AREA(#1847);
#1670=SURFACE_STYLE_FILL_AREA(#1848);
#1671=SURFACE_STYLE_FILL_AREA(#1849);
#1672=SURFACE_STYLE_FILL_AREA(#1850);
#1673=SURFACE_STYLE_FILL_AREA(#1851);
#1674=SURFACE_STYLE_FILL_AREA(#1852);
#1675=SURFACE_STYLE_FILL_AREA(#1853);
#1676=SURFACE_STYLE_FILL_AREA(#1854);
#1677=SURFACE_STYLE_FILL_AREA(#1855);
#1678=SURFACE_STYLE_FILL_AREA(#1856);
#1679=SURFACE_STYLE_FILL_AREA(#1857);
#1680=SURFACE_STYLE_FILL_AREA(#1858);
#1681=SURFACE_STYLE_FILL_AREA(#1859);
#1682=SURFACE_STYLE_FILL_AREA(#1860);
#1683=SURFACE_STYLE_FILL_AREA(#1861);
#1684=SURFACE_STYLE_FILL_AREA(#1862);
#1685=SURFACE_STYLE_FILL_AREA(#1863);
#1686=SURFACE_STYLE_FILL_AREA(#1864);
#1687=SURFACE_STYLE_FILL_AREA(#1865);
#1688=SURFACE_STYLE_FILL_AREA(#1866);
#1689=SURFACE_STYLE_FILL_AREA(#1867);
#1690=SURFACE_STYLE_FILL_AREA(#1868);
#1691=SURFACE_STYLE_FILL_AREA(#1869);
#1692=SURFACE_STYLE_FILL_AREA(#1870);
#1693=SURFACE_STYLE_FILL_AREA(#1871);
#1694=SURFACE_STYLE_FILL_AREA(#1872);
#1695=SURFACE_STYLE_FILL_AREA(#1873);
#1696=SURFACE_STYLE_FILL_AREA(#1874);
#1697=SURFACE_STYLE_FILL_AREA(#1875);
#1698=SURFACE_STYLE_FILL_AREA(#1876);
#1699=SURFACE_STYLE_FILL_AREA(#1877);
#1700=SURFACE_STYLE_FILL_AREA(#1878);
#1701=SURFACE_STYLE_FILL_AREA(#1879);
#1702=SURFACE_STYLE_FILL_AREA(#1880);
#1703=SURFACE_STYLE_FILL_AREA(#1881);
#1704=SURFACE_STYLE_FILL_AREA(#1882);
#1705=SURFACE_STYLE_FILL_AREA(#1883);
#1706=SURFACE_STYLE_FILL_AREA(#1884);
#1707=SURFACE_STYLE_FILL_AREA(#1885);
#1708=SURFACE_STYLE_FILL_AREA(#1886);
#1709=SURFACE_STYLE_FILL_AREA(#1887);
#1710=SURFACE_STYLE_FILL_AREA(#1888);
#1711=SURFACE_STYLE_FILL_AREA(#1889);
#1712=SURFACE_STYLE_FILL_AREA(#1890);
#1713=FILL_AREA_STYLE('',(#1891));
#1714=FILL_AREA_STYLE('',(#1892));
#1715=FILL_AREA_STYLE('',(#1893));
#1716=FILL_AREA_STYLE('',(#1894));
#1717=FILL_AREA_STYLE('',(#1895));
#1718=FILL_AREA_STYLE('',(#1896));
#1719=FILL_AREA_STYLE('',(#1897));
#1720=FILL_AREA_STYLE('',(#1898));
#1721=FILL_AREA_STYLE('',(#1899));
#1722=FILL_AREA_STYLE('',(#1900));
#1723=FILL_AREA_STYLE('',(#1901));
#1724=FILL_AREA_STYLE('',(#1902));
#1725=FILL_AREA_STYLE('',(#1903));
#1726=FILL_AREA_STYLE('',(#1904));
#1727=FILL_AREA_STYLE('',(#1905));
#1728=FILL_AREA_STYLE('',(#1906));
#1729=FILL_AREA_STYLE('',(#1907));
#1730=FILL_AREA_STYLE('',(#1908));
#1731=FILL_AREA_STYLE('',(#1909));
#1732=FILL_AREA_STYLE('',(#1910));
#1733=FILL_AREA_STYLE('',(#1911));
#1734=FILL_AREA_STYLE('',(#1912));
#1735=FILL_AREA_STYLE('',(#1913));
#1736=FILL_AREA_STYLE('',(#1914));
#1737=FILL_AREA_STYLE('',(#1915));
#1738=FILL_AREA_STYLE('',(#1916));
#1739=FILL_AREA_STYLE('',(#1917));
#1740=FILL_AREA_STYLE('',(#1918));
#1741=FILL_AREA_STYLE('',(#1919));
#1742=FILL_AREA_STYLE('',(#1920));
#1743=FILL_AREA_STYLE('',(#1921));
#1744=FILL_AREA_STYLE('',(#1922));
#1745=FILL_AREA_STYLE('',(#1923));
#1746=FILL_AREA_STYLE('',(#1924));
#1747=FILL_AREA_STYLE('',(#1925));
#1748=FILL_AREA_STYLE('',(#1926));
#1749=FILL_AREA_STYLE('',(#1927));
#1750=FILL_AREA_STYLE('',(#1928));
#1751=FILL_AREA_STYLE('',(#1929));
#1752=FILL_AREA_STYLE('',(#1930));
#1753=FILL_AREA_STYLE('',(#1931));
#1754=FILL_AREA_STYLE('',(#1932));
#1755=FILL_AREA_STYLE('',(#1933));
#1756=FILL_AREA_STYLE('',(#1934));
#1757=FILL_AREA_STYLE('',(#1935));
#1758=FILL_AREA_STYLE('',(#1936));
#1759=FILL_AREA_STYLE('',(#1937));
#1760=FILL_AREA_STYLE('',(#1938));
#1761=FILL_AREA_STYLE('',(#1939));
#1762=FILL_AREA_STYLE('',(#1940));
#1763=FILL_AREA_STYLE('',(#1941));
#1764=FILL_AREA_STYLE('',(#1942));
#1765=FILL_AREA_STYLE('',(#1943));
#1766=FILL_AREA_STYLE('',(#1944));
#1767=FILL_AREA_STYLE('',(#1945));
#1768=FILL_AREA_STYLE('',(#1946));
#1769=FILL_AREA_STYLE('',(#1947));
#1770=FILL_AREA_STYLE('',(#1948));
#1771=FILL_AREA_STYLE('',(#1949));
#1772=FILL_AREA_STYLE('',(#1950));
#1773=FILL_AREA_STYLE('',(#1951));
#1774=FILL_AREA_STYLE('',(#1952));
#1775=FILL_AREA_STYLE('',(#1953));
#1776=FILL_AREA_STYLE('',(#1954));
#1777=FILL_AREA_STYLE('',(#1955));
#1778=FILL_AREA_STYLE('',(#1956));
#1779=FILL_AREA_STYLE('',(#1957));
#1780=FILL_AREA_STYLE('',(#1958));
#1781=FILL_AREA_STYLE('',(#1959));
#1782=FILL_AREA_STYLE('',(#1960));
#1783=FILL_AREA_STYLE('',(#1961));
#1784=FILL_AREA_STYLE('',(#1962));
#1785=FILL_AREA_STYLE('',(#1963));
#1786=FILL_AREA_STYLE('',(#1964));
#1787=FILL_AREA_STYLE('',(#1965));
#1788=FILL_AREA_STYLE('',(#1966));
#1789=FILL_AREA_STYLE('',(#1967));
#1790=FILL_AREA_STYLE('',(#1968));
#1791=FILL_AREA_STYLE('',(#1969));
#1792=FILL_AREA_STYLE('',(#1970));
#1793=FILL_AREA_STYLE('',(#1971));
#1794=FILL_AREA_STYLE('',(#1972));
#1795=FILL_AREA_STYLE('',(#1973));
#1796=FILL_AREA_STYLE('',(#1974));
#1797=FILL_AREA_STYLE('',(#1975));
#1798=FILL_AREA_STYLE('',(#1976));
#1799=FILL_AREA_STYLE('',(#1977));
#1800=FILL_AREA_STYLE('',(#1978));
#1801=FILL_AREA_STYLE('',(#1979));
#1802=FILL_AREA_STYLE('',(#1980));
#1803=FILL_AREA_STYLE('',(#1981));
#1804=FILL_AREA_STYLE('',(#1982));
#1805=FILL_AREA_STYLE('',(#1983));
#1806=FILL_AREA_STYLE('',(#1984));
#1807=FILL_AREA_STYLE('',(#1985));
#1808=FILL_AREA_STYLE('',(#1986));
#1809=FILL_AREA_STYLE('',(#1987));
#1810=FILL_AREA_STYLE('',(#1988));
#1811=FILL_AREA_STYLE('',(#1989));
#1812=FILL_AREA_STYLE('',(#1990));
#1813=FILL_AREA_STYLE('',(#1991));
#1814=FILL_AREA_STYLE('',(#1992));
#1815=FILL_AREA_STYLE('',(#1993));
#1816=FILL_AREA_STYLE('',(#1994));
#1817=FILL_AREA_STYLE('',(#1995));
#1818=FILL_AREA_STYLE('',(#1996));
#1819=FILL_AREA_STYLE('',(#1997));
#1820=FILL_AREA_STYLE('',(#1998));
#1821=FILL_AREA_STYLE('',(#1999));
#1822=FILL_AREA_STYLE('',(#2000));
#1823=FILL_AREA_STYLE('',(#2001));
#1824=FILL_AREA_STYLE('',(#2002));
#1825=FILL_AREA_STYLE('',(#2003));
#1826=FILL_AREA_STYLE('',(#2004));
#1827=FILL_AREA_STYLE('',(#2005));
#1828=FILL_AREA_STYLE('',(#2006));
#1829=FILL_AREA_STYLE('',(#2007));
#1830=FILL_AREA_STYLE('',(#2008));
#1831=FILL_AREA_STYLE('',(#2009));
#1832=FILL_AREA_STYLE('',(#2010));
#1833=FILL_AREA_STYLE('',(#2011));
#1834=FILL_AREA_STYLE('',(#2012));
#1835=FILL_AREA_STYLE('',(#2013));
#1836=FILL_AREA_STYLE('',(#2014));
#1837=FILL_AREA_STYLE('',(#2015));
#1838=FILL_AREA_STYLE('',(#2016));
#1839=FILL_AREA_STYLE('',(#2017));
#1840=FILL_AREA_STYLE('',(#2018));
#1841=FILL_AREA_STYLE('',(#2019));
#1842=FILL_AREA_STYLE('',(#2020));
#1843=FILL_AREA_STYLE('',(#2021));
#1844=FILL_AREA_STYLE('',(#2022));
#1845=FILL_AREA_STYLE('',(#2023));
#1846=FILL_AREA_STYLE('',(#2024));
#1847=FILL_AREA_STYLE('',(#2025));
#1848=FILL_AREA_STYLE('',(#2026));
#1849=FILL_AREA_STYLE('',(#2027));
#1850=FILL_AREA_STYLE('',(#2028));
#1851=FILL_AREA_STYLE('',(#2029));
#1852=FILL_AREA_STYLE('',(#2030));
#1853=FILL_AREA_STYLE('',(#2031));
#1854=FILL_AREA_STYLE('',(#2032));
#1855=FILL_AREA_STYLE('',(#2033));
#1856=FILL_AREA_STYLE('',(#2034));
#1857=FILL_AREA_STYLE('',(#2035));
#1858=FILL_AREA_STYLE('',(#2036));
#1859=FILL_AREA_STYLE('',(#2037));
#1860=FILL_AREA_STYLE('',(#2038));
#1861=FILL_AREA_STYLE('',(#2039));
#1862=FILL_AREA_STYLE('',(#2040));
#1863=FILL_AREA_STYLE('',(#2041));
#1864=FILL_AREA_STYLE('',(#2042));
#1865=FILL_AREA_STYLE('',(#2043));
#1866=FILL_AREA_STYLE('',(#2044));
#1867=FILL_AREA_STYLE('',(#2045));
#1868=FILL_AREA_STYLE('',(#2046));
#1869=FILL_AREA_STYLE('',(#2047));
#1870=FILL_AREA_STYLE('',(#2048));
#1871=FILL_AREA_STYLE('',(#2049));
#1872=FILL_AREA_STYLE('',(#2050));
#1873=FILL_AREA_STYLE('',(#2051));
#1874=FILL_AREA_STYLE('',(#2052));
#1875=FILL_AREA_STYLE('',(#2053));
#1876=FILL_AREA_STYLE('',(#2054));
#1877=FILL_AREA_STYLE('',(#2055));
#1878=FILL_AREA_STYLE('',(#2056));
#1879=FILL_AREA_STYLE('',(#2057));
#1880=FILL_AREA_STYLE('',(#2058));
#1881=FILL_AREA_STYLE('',(#2059));
#1882=FILL_AREA_STYLE('',(#2060));
#1883=FILL_AREA_STYLE('',(#2061));
#1884=FILL_AREA_STYLE('',(#2062));
#1885=FILL_AREA_STYLE('',(#2063));
#1886=FILL_AREA_STYLE('',(#2064));
#1887=FILL_AREA_STYLE('',(#2065));
#1888=FILL_AREA_STYLE('',(#2066));
#1889=FILL_AREA_STYLE('',(#2067));
#1890=FILL_AREA_STYLE('',(#2068));
#1891=FILL_AREA_STYLE_COLOUR('',#2069);
#1892=FILL_AREA_STYLE_COLOUR('',#2069);
#1893=FILL_AREA_STYLE_COLOUR('',#304);
#1894=FILL_AREA_STYLE_COLOUR('',#2069);
#1895=FILL_AREA_STYLE_COLOUR('',#2069);
#1896=FILL_AREA_STYLE_COLOUR('',#2069);
#1897=FILL_AREA_STYLE_COLOUR('',#2069);
#1898=FILL_AREA_STYLE_COLOUR('',#2069);
#1899=FILL_AREA_STYLE_COLOUR('',#2069);
#1900=FILL_AREA_STYLE_COLOUR('',#2069);
#1901=FILL_AREA_STYLE_COLOUR('',#2069);
#1902=FILL_AREA_STYLE_COLOUR('',#2069);
#1903=FILL_AREA_STYLE_COLOUR('',#2069);
#1904=FILL_AREA_STYLE_COLOUR('',#2069);
#1905=FILL_AREA_STYLE_COLOUR('',#2069);
#1906=FILL_AREA_STYLE_COLOUR('',#2069);
#1907=FILL_AREA_STYLE_COLOUR('',#2069);
#1908=FILL_AREA_STYLE_COLOUR('',#2069);
#1909=FILL_AREA_STYLE_COLOUR('',#2069);
#1910=FILL_AREA_STYLE_COLOUR('',#2069);
#1911=FILL_AREA_STYLE_COLOUR('',#2069);
#1912=FILL_AREA_STYLE_COLOUR('',#2069);
#1913=FILL_AREA_STYLE_COLOUR('',#2069);
#1914=FILL_AREA_STYLE_COLOUR('',#2069);
#1915=FILL_AREA_STYLE_COLOUR('',#2069);
#1916=FILL_AREA_STYLE_COLOUR('',#2069);
#1917=FILL_AREA_STYLE_COLOUR('',#2069);
#1918=FILL_AREA_STYLE_COLOUR('',#2069);
#1919=FILL_AREA_STYLE_COLOUR('',#2069);
#1920=FILL_AREA_STYLE_COLOUR('',#2069);
#1921=FILL_AREA_STYLE_COLOUR('',#2069);
#1922=FILL_AREA_STYLE_COLOUR('',#2069);
#1923=FILL_AREA_STYLE_COLOUR('',#2069);
#1924=FILL_AREA_STYLE_COLOUR('',#2069);
#1925=FILL_AREA_STYLE_COLOUR('',#2069);
#1926=FILL_AREA_STYLE_COLOUR('',#2069);
#1927=FILL_AREA_STYLE_COLOUR('',#304);
#1928=FILL_AREA_STYLE_COLOUR('',#2069);
#1929=FILL_AREA_STYLE_COLOUR('',#2069);
#1930=FILL_AREA_STYLE_COLOUR('',#2069);
#1931=FILL_AREA_STYLE_COLOUR('',#2069);
#1932=FILL_AREA_STYLE_COLOUR('',#304);
#1933=FILL_AREA_STYLE_COLOUR('',#2069);
#1934=FILL_AREA_STYLE_COLOUR('',#2069);
#1935=FILL_AREA_STYLE_COLOUR('',#2069);
#1936=FILL_AREA_STYLE_COLOUR('',#2069);
#1937=FILL_AREA_STYLE_COLOUR('',#2069);
#1938=FILL_AREA_STYLE_COLOUR('',#2069);
#1939=FILL_AREA_STYLE_COLOUR('',#2069);
#1940=FILL_AREA_STYLE_COLOUR('',#2069);
#1941=FILL_AREA_STYLE_COLOUR('',#2069);
#1942=FILL_AREA_STYLE_COLOUR('',#2069);
#1943=FILL_AREA_STYLE_COLOUR('',#2069);
#1944=FILL_AREA_STYLE_COLOUR('',#2069);
#1945=FILL_AREA_STYLE_COLOUR('',#2069);
#1946=FILL_AREA_STYLE_COLOUR('',#2069);
#1947=FILL_AREA_STYLE_COLOUR('',#2069);
#1948=FILL_AREA_STYLE_COLOUR('',#2069);
#1949=FILL_AREA_STYLE_COLOUR('',#2069);
#1950=FILL_AREA_STYLE_COLOUR('',#2069);
#1951=FILL_AREA_STYLE_COLOUR('',#2069);
#1952=FILL_AREA_STYLE_COLOUR('',#2069);
#1953=FILL_AREA_STYLE_COLOUR('',#2069);
#1954=FILL_AREA_STYLE_COLOUR('',#2069);
#1955=FILL_AREA_STYLE_COLOUR('',#2069);
#1956=FILL_AREA_STYLE_COLOUR('',#2069);
#1957=FILL_AREA_STYLE_COLOUR('',#304);
#1958=FILL_AREA_STYLE_COLOUR('',#2069);
#1959=FILL_AREA_STYLE_COLOUR('',#2069);
#1960=FILL_AREA_STYLE_COLOUR('',#2069);
#1961=FILL_AREA_STYLE_COLOUR('',#2069);
#1962=FILL_AREA_STYLE_COLOUR('',#2069);
#1963=FILL_AREA_STYLE_COLOUR('',#2069);
#1964=FILL_AREA_STYLE_COLOUR('',#2069);
#1965=FILL_AREA_STYLE_COLOUR('',#2069);
#1966=FILL_AREA_STYLE_COLOUR('',#2069);
#1967=FILL_AREA_STYLE_COLOUR('',#2069);
#1968=FILL_AREA_STYLE_COLOUR('',#2069);
#1969=FILL_AREA_STYLE_COLOUR('',#2069);
#1970=FILL_AREA_STYLE_COLOUR('',#2069);
#1971=FILL_AREA_STYLE_COLOUR('',#2069);
#1972=FILL_AREA_STYLE_COLOUR('',#2069);
#1973=FILL_AREA_STYLE_COLOUR('',#2069);
#1974=FILL_AREA_STYLE_COLOUR('',#2069);
#1975=FILL_AREA_STYLE_COLOUR('',#2069);
#1976=FILL_AREA_STYLE_COLOUR('',#2069);
#1977=FILL_AREA_STYLE_COLOUR('',#2069);
#1978=FILL_AREA_STYLE_COLOUR('',#2069);
#1979=FILL_AREA_STYLE_COLOUR('',#2069);
#1980=FILL_AREA_STYLE_COLOUR('',#2069);
#1981=FILL_AREA_STYLE_COLOUR('',#2069);
#1982=FILL_AREA_STYLE_COLOUR('',#2069);
#1983=FILL_AREA_STYLE_COLOUR('',#2069);
#1984=FILL_AREA_STYLE_COLOUR('',#2069);
#1985=FILL_AREA_STYLE_COLOUR('',#2069);
#1986=FILL_AREA_STYLE_COLOUR('',#2069);
#1987=FILL_AREA_STYLE_COLOUR('',#2069);
#1988=FILL_AREA_STYLE_COLOUR('',#2069);
#1989=FILL_AREA_STYLE_COLOUR('',#2069);
#1990=FILL_AREA_STYLE_COLOUR('',#2069);
#1991=FILL_AREA_STYLE_COLOUR('',#2069);
#1992=FILL_AREA_STYLE_COLOUR('',#2069);
#1993=FILL_AREA_STYLE_COLOUR('',#2069);
#1994=FILL_AREA_STYLE_COLOUR('',#2069);
#1995=FILL_AREA_STYLE_COLOUR('',#2069);
#1996=FILL_AREA_STYLE_COLOUR('',#2069);
#1997=FILL_AREA_STYLE_COLOUR('',#2069);
#1998=FILL_AREA_STYLE_COLOUR('',#2069);
#1999=FILL_AREA_STYLE_COLOUR('',#2069);
#2000=FILL_AREA_STYLE_COLOUR('',#2069);
#2001=FILL_AREA_STYLE_COLOUR('',#2069);
#2002=FILL_AREA_STYLE_COLOUR('',#2069);
#2003=FILL_AREA_STYLE_COLOUR('',#2069);
#2004=FILL_AREA_STYLE_COLOUR('',#2069);
#2005=FILL_AREA_STYLE_COLOUR('',#2069);
#2006=FILL_AREA_STYLE_COLOUR('',#2069);
#2007=FILL_AREA_STYLE_COLOUR('',#2069);
#2008=FILL_AREA_STYLE_COLOUR('',#2069);
#2009=FILL_AREA_STYLE_COLOUR('',#2069);
#2010=FILL_AREA_STYLE_COLOUR('',#2069);
#2011=FILL_AREA_STYLE_COLOUR('',#2069);
#2012=FILL_AREA_STYLE_COLOUR('',#2069);
#2013=FILL_AREA_STYLE_COLOUR('',#2069);
#2014=FILL_AREA_STYLE_COLOUR('',#2069);
#2015=FILL_AREA_STYLE_COLOUR('',#2069);
#2016=FILL_AREA_STYLE_COLOUR('',#2069);
#2017=FILL_AREA_STYLE_COLOUR('',#2069);
#2018=FILL_AREA_STYLE_COLOUR('',#2069);
#2019=FILL_AREA_STYLE_COLOUR('',#2069);
#2020=FILL_AREA_STYLE_COLOUR('',#2069);
#2021=FILL_AREA_STYLE_COLOUR('',#2069);
#2022=FILL_AREA_STYLE_COLOUR('',#2069);
#2023=FILL_AREA_STYLE_COLOUR('',#2069);
#2024=FILL_AREA_STYLE_COLOUR('',#2069);
#2025=FILL_AREA_STYLE_COLOUR('',#2069);
#2026=FILL_AREA_STYLE_COLOUR('',#2069);
#2027=FILL_AREA_STYLE_COLOUR('',#2069);
#2028=FILL_AREA_STYLE_COLOUR('',#2069);
#2029=FILL_AREA_STYLE_COLOUR('',#2069);
#2030=FILL_AREA_STYLE_COLOUR('',#2069);
#2031=FILL_AREA_STYLE_COLOUR('',#2069);
#2032=FILL_AREA_STYLE_COLOUR('',#2069);
#2033=FILL_AREA_STYLE_COLOUR('',#2069);
#2034=FILL_AREA_STYLE_COLOUR('',#2069);
#2035=FILL_AREA_STYLE_COLOUR('',#2069);
#2036=FILL_AREA_STYLE_COLOUR('',#2069);
#2037=FILL_AREA_STYLE_COLOUR('',#2069);
#2038=FILL_AREA_STYLE_COLOUR('',#2069);
#2039=FILL_AREA_STYLE_COLOUR('',#2069);
#2040=FILL_AREA_STYLE_COLOUR('',#2069);
#2041=FILL_AREA_STYLE_COLOUR('',#2069);
#2042=FILL_AREA_STYLE_COLOUR('',#2069);
#2043=FILL_AREA_STYLE_COLOUR('',#2069);
#2044=FILL_AREA_STYLE_COLOUR('',#2069);
#2045=FILL_AREA_STYLE_COLOUR('',#2069);
#2046=FILL_AREA_STYLE_COLOUR('',#2069);
#2047=FILL_AREA_STYLE_COLOUR('',#2069);
#2048=FILL_AREA_STYLE_COLOUR('',#2069);
#2049=FILL_AREA_STYLE_COLOUR('',#2069);
#2050=FILL_AREA_STYLE_COLOUR('',#2069);
#2051=FILL_AREA_STYLE_COLOUR('',#2069);
#2052=FILL_AREA_STYLE_COLOUR('',#2069);
#2053=FILL_AREA_STYLE_COLOUR('',#2069);
#2054=FILL_AREA_STYLE_COLOUR('',#2069);
#2055=FILL_AREA_STYLE_COLOUR('',#2069);
#2056=FILL_AREA_STYLE_COLOUR('',#2069);
#2057=FILL_AREA_STYLE_COLOUR('',#2069);
#2058=FILL_AREA_STYLE_COLOUR('',#2069);
#2059=FILL_AREA_STYLE_COLOUR('',#2069);
#2060=FILL_AREA_STYLE_COLOUR('',#2069);
#2061=FILL_AREA_STYLE_COLOUR('',#2069);
#2062=FILL_AREA_STYLE_COLOUR('',#2069);
#2063=FILL_AREA_STYLE_COLOUR('',#2069);
#2064=FILL_AREA_STYLE_COLOUR('',#2069);
#2065=FILL_AREA_STYLE_COLOUR('',#2069);
#2066=FILL_AREA_STYLE_COLOUR('',#2069);
#2067=FILL_AREA_STYLE_COLOUR('',#2069);
#2068=FILL_AREA_STYLE_COLOUR('',#2069);
#2069=COLOUR_RGB('medium steel',0.596078431372549,0.666666666666667,0.686274509803922);
#2070=MANIFOLD_SOLID_BREP('',#2077);
#2071=MANIFOLD_SOLID_BREP('',#2078);
#2072=MANIFOLD_SOLID_BREP('SOLID1',#2079);
#2073=MANIFOLD_SOLID_BREP('SOLID1',#2080);
#2074=MANIFOLD_SOLID_BREP('SOLID1',#2081);
#2075=MANIFOLD_SOLID_BREP('',#2082);
#2076=MANIFOLD_SOLID_BREP('SOLID1',#2083);
#2077=CLOSED_SHELL('',(#2144,#2145,#2146,#2147));
#2078=CLOSED_SHELL('',(#2148,#2149,#2150,#2151));
#2079=CLOSED_SHELL('',(#2152,#2153,#2154,#2155,#2156,#2157,#2158,#2159,
#2160,#2161,#2162,#2163,#2164,#2165,#2166,#2167,#2168,#2169,#2170,#2171,
#2172,#2173,#2174,#2175,#2176,#2177,#2178,#2179,#2180,#2181,#2182,#2183,
#2184));
#2080=CLOSED_SHELL('',(#2185,#2186,#2187,#2188));
#2081=CLOSED_SHELL('',(#2189,#2190,#2191,#2192,#2193,#2194,#2195,#2196,
#2197,#2198,#2199,#2200,#2201,#2202,#2203,#2204,#2205,#2206,#2207,#2208,
#2209,#2210,#2211));
#2082=CLOSED_SHELL('',(#2212,#2213,#2214,#2215,#2216,#2217,#2218,#2219,
#2220,#2221,#2222,#2223,#2224,#2225,#2226,#2227,#2228,#2229,#2230,#2231,
#2232,#2233,#2234,#2235,#2236,#2237,#2238,#2239,#2240,#2241,#2242,#2243,
#2244,#2245));
#2083=CLOSED_SHELL('',(#2246,#2247,#2248,#2249,#2250,#2251,#2252,#2253,
#2254,#2255,#2256,#2257,#2258,#2259,#2260,#2261,#2262,#2263,#2264,#2265,
#2266,#2267,#2268,#2269,#2270,#2271,#2272,#2273,#2274,#2275,#2276,#2277,
#2278,#2279,#2280,#2281,#2282,#2283,#2284,#2285,#2286,#2287,#2288,#2289,
#2290,#2291,#2292,#2293,#2294,#2295,#2296,#2297,#2298,#2299,#2300,#2301,
#2302,#2303,#2304,#2305,#2306,#2307,#2308,#2309,#2310,#2311,#2312,#2313,
#2314,#2315,#2316,#2317,#2318,#2319,#2320,#2321,#2322,#2323,#2324,#2325,
#2326,#2327,#2328,#2329,#2330,#2331,#2332,#2333,#2334,#2335,#2336,#2337,
#2338,#2339,#2340,#2341,#2342,#2343,#2344,#2345,#2346,#2347,#2348,#2349,
#2350,#2351,#2352,#2353,#2354,#2355,#2356));
#2084=PLANE('',#4585);
#2085=PLANE('',#4588);
#2086=PLANE('',#4591);
#2087=PLANE('',#4595);
#2088=PLANE('',#4597);
#2089=PLANE('',#4598);
#2090=PLANE('',#4602);
#2091=PLANE('',#4607);
#2092=PLANE('',#4610);
#2093=PLANE('',#4611);
#2094=PLANE('',#4612);
#2095=PLANE('',#4616);
#2096=PLANE('',#4653);
#2097=PLANE('',#4655);
#2098=PLANE('',#4658);
#2099=PLANE('',#4664);
#2100=PLANE('',#4667);
#2101=PLANE('',#4670);
#2102=PLANE('',#4673);
#2103=PLANE('',#4675);
#2104=PLANE('',#4676);
#2105=PLANE('',#4677);
#2106=PLANE('',#4678);
#2107=PLANE('',#4679);
#2108=PLANE('',#4680);
#2109=PLANE('',#4681);
#2110=PLANE('',#4682);
#2111=PLANE('',#4683);
#2112=PLANE('',#4684);
#2113=PLANE('',#4688);
#2114=PLANE('',#4692);
#2115=PLANE('',#4697);
#2116=PLANE('',#4700);
#2117=PLANE('',#4701);
#2118=PLANE('',#4702);
#2119=PLANE('',#4703);
#2120=PLANE('',#4704);
#2121=PLANE('',#4707);
#2122=PLANE('',#4718);
#2123=PLANE('',#4722);
#2124=PLANE('',#4725);
#2125=PLANE('',#4726);
#2126=PLANE('',#4740);
#2127=PLANE('',#4750);
#2128=PLANE('',#4751);
#2129=PLANE('',#4758);
#2130=PLANE('',#4765);
#2131=PLANE('',#4782);
#2132=PLANE('',#4830);
#2133=PLANE('',#4832);
#2134=PLANE('',#4844);
#2135=PLANE('',#4845);
#2136=PLANE('',#4846);
#2137=PLANE('',#4847);
#2138=PLANE('',#4848);
#2139=PLANE('',#4849);
#2140=PLANE('',#4850);
#2141=PLANE('',#4857);
#2142=PLANE('',#4859);
#2143=PLANE('',#4864);
#2144=ADVANCED_FACE('',(#2428,#2429),#2357,.T.);
#2145=ADVANCED_FACE('',(#2430,#2431),#2084,.T.);
#2146=ADVANCED_FACE('',(#2432,#2433),#2358,.F.);
#2147=ADVANCED_FACE('',(#2434,#2435),#2085,.T.);
#2148=ADVANCED_FACE('',(#2436,#2437),#2086,.F.);
#2149=ADVANCED_FACE('',(#2438,#2439),#2359,.F.);
#2150=ADVANCED_FACE('',(#2440,#2441),#2087,.F.);
#2151=ADVANCED_FACE('',(#2442,#2443),#2360,.T.);
#2152=ADVANCED_FACE('',(#569),#2088,.F.);
#2153=ADVANCED_FACE('',(#570),#2089,.T.);
#2154=ADVANCED_FACE('',(#2444,#2445,#2446,#2447),#2090,.T.);
#2155=ADVANCED_FACE('',(#2448,#2449),#2091,.T.);
#2156=ADVANCED_FACE('',(#571),#2092,.F.);
#2157=ADVANCED_FACE('',(#572),#2093,.T.);
#2158=ADVANCED_FACE('',(#573),#2094,.F.);
#2159=ADVANCED_FACE('',(#2450,#2451),#2361,.F.);
#2160=ADVANCED_FACE('',(#2452,#2453),#2095,.F.);
#2161=ADVANCED_FACE('',(#2454,#2455),#333,.T.);
#2162=ADVANCED_FACE('',(#2456,#2457),#2362,.F.);
#2163=ADVANCED_FACE('',(#2458,#2459),#2363,.F.);
#2164=ADVANCED_FACE('',(#2460,#2461),#2364,.F.);
#2165=ADVANCED_FACE('',(#2462,#2463),#307,.F.);
#2166=ADVANCED_FACE('',(#2464,#2465),#308,.F.);
#2167=ADVANCED_FACE('',(#2466,#2467),#309,.T.);
#2168=ADVANCED_FACE('',(#2468,#2469),#2365,.F.);
#2169=ADVANCED_FACE('',(#2470,#2471),#310,.F.);
#2170=ADVANCED_FACE('',(#2472,#2473),#311,.F.);
#2171=ADVANCED_FACE('',(#2474,#2475),#312,.T.);
#2172=ADVANCED_FACE('',(#2476,#2477),#2366,.F.);
#2173=ADVANCED_FACE('',(#2478,#2479),#313,.F.);
#2174=ADVANCED_FACE('',(#2480,#2481),#314,.F.);
#2175=ADVANCED_FACE('',(#2482,#2483),#315,.T.);
#2176=ADVANCED_FACE('',(#2484,#2485),#2367,.F.);
#2177=ADVANCED_FACE('',(#2486,#2487),#316,.F.);
#2178=ADVANCED_FACE('',(#2488,#2489),#317,.F.);
#2179=ADVANCED_FACE('',(#2490,#2491),#318,.T.);
#2180=ADVANCED_FACE('',(#2492,#2493),#319,.F.);
#2181=ADVANCED_FACE('',(#574),#2096,.T.);
#2182=ADVANCED_FACE('',(#575),#305,.T.);
#2183=ADVANCED_FACE('',(#576),#2368,.T.);
#2184=ADVANCED_FACE('',(#577),#2097,.F.);
#2185=ADVANCED_FACE('',(#2494,#2495),#2098,.F.);
#2186=ADVANCED_FACE('',(#2496,#2497),#2369,.F.);
#2187=ADVANCED_FACE('',(#2498,#2499),#2370,.T.);
#2188=ADVANCED_FACE('',(#2500,#2501),#334,.T.);
#2189=ADVANCED_FACE('',(#578),#2099,.F.);
#2190=ADVANCED_FACE('',(#2502,#2503,#2504),#2100,.F.);
#2191=ADVANCED_FACE('',(#2505,#2506,#2507),#2101,.F.);
#2192=ADVANCED_FACE('',(#579),#2102,.F.);
#2193=ADVANCED_FACE('',(#2508,#2509),#2103,.F.);
#2194=ADVANCED_FACE('',(#580),#2104,.T.);
#2195=ADVANCED_FACE('',(#581),#2105,.T.);
#2196=ADVANCED_FACE('',(#582),#2106,.T.);
#2197=ADVANCED_FACE('',(#583),#2107,.T.);
#2198=ADVANCED_FACE('',(#584),#2108,.T.);
#2199=ADVANCED_FACE('',(#585),#2109,.T.);
#2200=ADVANCED_FACE('',(#586),#2110,.T.);
#2201=ADVANCED_FACE('',(#587),#2111,.T.);
#2202=ADVANCED_FACE('',(#588),#2112,.F.);
#2203=ADVANCED_FACE('',(#2510,#2511),#2371,.F.);
#2204=ADVANCED_FACE('',(#2512,#2513),#2372,.F.);
#2205=ADVANCED_FACE('',(#589),#2373,.T.);
#2206=ADVANCED_FACE('',(#590),#2113,.F.);
#2207=ADVANCED_FACE('',(#591),#2114,.F.);
#2208=ADVANCED_FACE('',(#592),#2374,.T.);
#2209=ADVANCED_FACE('',(#593),#2375,.T.);
#2210=ADVANCED_FACE('',(#594),#2376,.T.);
#2211=ADVANCED_FACE('',(#595),#2115,.F.);
#2212=ADVANCED_FACE('',(#2514,#2515,#2516),#2116,.F.);
#2213=ADVANCED_FACE('',(#596),#2117,.T.);
#2214=ADVANCED_FACE('',(#597),#2118,.T.);
#2215=ADVANCED_FACE('',(#598),#2119,.T.);
#2216=ADVANCED_FACE('',(#599),#2120,.T.);
#2217=ADVANCED_FACE('',(#2517,#2518),#2121,.T.);
#2218=ADVANCED_FACE('',(#600),#2377,.F.);
#2219=ADVANCED_FACE('',(#601),#2378,.F.);
#2220=ADVANCED_FACE('',(#602),#335,.F.);
#2221=ADVANCED_FACE('',(#603),#2122,.F.);
#2222=ADVANCED_FACE('',(#604),#2379,.F.);
#2223=ADVANCED_FACE('',(#605),#2123,.F.);
#2224=ADVANCED_FACE('',(#2519,#2520),#2380,.F.);
#2225=ADVANCED_FACE('',(#606),#2124,.T.);
#2226=ADVANCED_FACE('',(#607),#2125,.T.);
#2227=ADVANCED_FACE('',(#608),#336,.T.);
#2228=ADVANCED_FACE('',(#609),#337,.T.);
#2229=ADVANCED_FACE('',(#610),#306,.T.);
#2230=ADVANCED_FACE('',(#611),#115,.T.);
#2231=ADVANCED_FACE('',(#612),#116,.T.);
#2232=ADVANCED_FACE('',(#613),#117,.T.);
#2233=ADVANCED_FACE('',(#614),#2381,.F.);
#2234=ADVANCED_FACE('',(#615),#118,.T.);
#2235=ADVANCED_FACE('',(#616),#119,.T.);
#2236=ADVANCED_FACE('',(#617),#2382,.F.);
#2237=ADVANCED_FACE('',(#618),#120,.T.);
#2238=ADVANCED_FACE('',(#619),#121,.T.);
#2239=ADVANCED_FACE('',(#2521,#2522),#320,.T.);
#2240=ADVANCED_FACE('',(#2523,#2524),#2126,.T.);
#2241=ADVANCED_FACE('',(#2525,#2526),#2383,.F.);
#2242=ADVANCED_FACE('',(#620),#122,.T.);
#2243=ADVANCED_FACE('',(#621),#338,.F.);
#2244=ADVANCED_FACE('',(#622),#339,.F.);
#2245=ADVANCED_FACE('',(#623),#123,.T.);
#2246=ADVANCED_FACE('',(#2527,#2528,#2529),#102,.F.);
#2247=ADVANCED_FACE('',(#624),#2384,.T.);
#2248=ADVANCED_FACE('',(#625),#2127,.T.);
#2249=ADVANCED_FACE('',(#626),#2128,.F.);
#2250=ADVANCED_FACE('',(#627),#2385,.T.);
#2251=ADVANCED_FACE('',(#2530,#2531),#2386,.F.);
#2252=ADVANCED_FACE('',(#2532,#2533,#2534),#2129,.T.);
#2253=ADVANCED_FACE('',(#628),#103,.T.);
#2254=ADVANCED_FACE('',(#2535,#2536),#340,.F.);
#2255=ADVANCED_FACE('',(#629),#104,.T.);
#2256=ADVANCED_FACE('',(#630),#2387,.T.);
#2257=ADVANCED_FACE('',(#631),#2388,.T.);
#2258=ADVANCED_FACE('',(#632),#2130,.T.);
#2259=ADVANCED_FACE('',(#633),#341,.T.);
#2260=ADVANCED_FACE('',(#634),#2389,.T.);
#2261=ADVANCED_FACE('',(#635),#2390,.T.);
#2262=ADVANCED_FACE('',(#636),#2391,.F.);
#2263=ADVANCED_FACE('',(#637),#2392,.F.);
#2264=ADVANCED_FACE('',(#638),#2393,.T.);
#2265=ADVANCED_FACE('',(#639),#2394,.T.);
#2266=ADVANCED_FACE('',(#640),#342,.T.);
#2267=ADVANCED_FACE('',(#641),#343,.T.);
#2268=ADVANCED_FACE('',(#642),#2395,.T.);
#2269=ADVANCED_FACE('',(#643),#2396,.T.);
#2270=ADVANCED_FACE('',(#644),#105,.T.);
#2271=ADVANCED_FACE('',(#645),#106,.T.);
#2272=ADVANCED_FACE('',(#646),#2397,.T.);
#2273=ADVANCED_FACE('',(#647),#2398,.T.);
#2274=ADVANCED_FACE('',(#648),#344,.T.);
#2275=ADVANCED_FACE('',(#649),#2131,.T.);
#2276=ADVANCED_FACE('',(#650),#2399,.T.);
#2277=ADVANCED_FACE('',(#651),#2400,.T.);
#2278=ADVANCED_FACE('',(#652),#124,.T.);
#2279=ADVANCED_FACE('',(#653),#345,.F.);
#2280=ADVANCED_FACE('',(#654),#2401,.F.);
#2281=ADVANCED_FACE('',(#655),#2402,.F.);
#2282=ADVANCED_FACE('',(#656),#346,.F.);
#2283=ADVANCED_FACE('',(#657),#107,.T.);
#2284=ADVANCED_FACE('',(#658),#2403,.F.);
#2285=ADVANCED_FACE('',(#659),#347,.F.);
#2286=ADVANCED_FACE('',(#660),#348,.F.);
#2287=ADVANCED_FACE('',(#661),#2404,.F.);
#2288=ADVANCED_FACE('',(#662),#125,.T.);
#2289=ADVANCED_FACE('',(#663),#349,.F.);
#2290=ADVANCED_FACE('',(#664),#108,.T.);
#2291=ADVANCED_FACE('',(#665),#2405,.F.);
#2292=ADVANCED_FACE('',(#666),#350,.F.);
#2293=ADVANCED_FACE('',(#667),#126,.T.);
#2294=ADVANCED_FACE('',(#668),#2406,.F.);
#2295=ADVANCED_FACE('',(#669),#109,.T.);
#2296=ADVANCED_FACE('',(#670),#351,.F.);
#2297=ADVANCED_FACE('',(#671),#127,.T.);
#2298=ADVANCED_FACE('',(#672),#2407,.F.);
#2299=ADVANCED_FACE('',(#673),#128,.T.);
#2300=ADVANCED_FACE('',(#674),#129,.T.);
#2301=ADVANCED_FACE('',(#675),#2408,.F.);
#2302=ADVANCED_FACE('',(#676),#352,.T.);
#2303=ADVANCED_FACE('',(#677),#353,.T.);
#2304=ADVANCED_FACE('',(#678),#2409,.F.);
#2305=ADVANCED_FACE('',(#679),#110,.T.);
#2306=ADVANCED_FACE('',(#680),#111,.T.);
#2307=ADVANCED_FACE('',(#681),#2410,.F.);
#2308=ADVANCED_FACE('',(#682),#130,.T.);
#2309=ADVANCED_FACE('',(#683),#112,.T.);
#2310=ADVANCED_FACE('',(#684),#2411,.F.);
#2311=ADVANCED_FACE('',(#685),#131,.T.);
#2312=ADVANCED_FACE('',(#686),#113,.T.);
#2313=ADVANCED_FACE('',(#687),#2412,.F.);
#2314=ADVANCED_FACE('',(#688),#354,.T.);
#2315=ADVANCED_FACE('',(#689),#355,.T.);
#2316=ADVANCED_FACE('',(#690),#2413,.F.);
#2317=ADVANCED_FACE('',(#691),#132,.T.);
#2318=ADVANCED_FACE('',(#692),#2414,.T.);
#2319=ADVANCED_FACE('',(#693),#2415,.T.);
#2320=ADVANCED_FACE('',(#694),#2416,.T.);
#2321=ADVANCED_FACE('',(#695),#2417,.T.);
#2322=ADVANCED_FACE('',(#696),#2418,.T.);
#2323=ADVANCED_FACE('',(#697),#2419,.T.);
#2324=ADVANCED_FACE('',(#698),#2420,.F.);
#2325=ADVANCED_FACE('',(#699),#2421,.T.);
#2326=ADVANCED_FACE('',(#700),#2422,.F.);
#2327=ADVANCED_FACE('',(#701),#2423,.F.);
#2328=ADVANCED_FACE('',(#702),#2424,.T.);
#2329=ADVANCED_FACE('',(#703),#2425,.T.);
#2330=ADVANCED_FACE('',(#2537,#2538),#321,.T.);
#2331=ADVANCED_FACE('',(#2539,#2540),#2132,.F.);
#2332=ADVANCED_FACE('',(#2541,#2542),#2133,.F.);
#2333=ADVANCED_FACE('',(#2543,#2544),#322,.F.);
#2334=ADVANCED_FACE('',(#704),#323,.F.);
#2335=ADVANCED_FACE('',(#2545,#2546),#2426,.T.);
#2336=ADVANCED_FACE('',(#705),#2134,.F.);
#2337=ADVANCED_FACE('',(#706),#2135,.F.);
#2338=ADVANCED_FACE('',(#707),#2136,.F.);
#2339=ADVANCED_FACE('',(#708),#2137,.F.);
#2340=ADVANCED_FACE('',(#709),#2138,.F.);
#2341=ADVANCED_FACE('',(#710),#2139,.T.);
#2342=ADVANCED_FACE('',(#711),#2140,.T.);
#2343=ADVANCED_FACE('',(#712),#324,.F.);
#2344=ADVANCED_FACE('',(#713),#325,.F.);
#2345=ADVANCED_FACE('',(#714),#326,.F.);
#2346=ADVANCED_FACE('',(#715),#327,.F.);
#2347=ADVANCED_FACE('',(#716),#328,.F.);
#2348=ADVANCED_FACE('',(#717),#2141,.F.);
#2349=ADVANCED_FACE('',(#718),#2142,.F.);
#2350=ADVANCED_FACE('',(#2547,#2548),#114,.F.);
#2351=ADVANCED_FACE('',(#2549,#2550),#2427,.F.);
#2352=ADVANCED_FACE('',(#2551,#2552),#329,.T.);
#2353=ADVANCED_FACE('',(#2553,#2554),#2143,.F.);
#2354=ADVANCED_FACE('',(#2555,#2556),#330,.T.);
#2355=ADVANCED_FACE('',(#2557,#2558),#331,.F.);
#2356=ADVANCED_FACE('',(#2559,#2560),#332,.F.);
#2357=CYLINDRICAL_SURFACE('',#4583,0.183);
#2358=CYLINDRICAL_SURFACE('',#4587,0.175);
#2359=CYLINDRICAL_SURFACE('',#4593,0.175);
#2360=CYLINDRICAL_SURFACE('',#4596,0.183);
#2361=CYLINDRICAL_SURFACE('',#4613,0.18300000000001);
#2362=CYLINDRICAL_SURFACE('',#4619,0.183);
#2363=CYLINDRICAL_SURFACE('',#4621,0.183);
#2364=CYLINDRICAL_SURFACE('',#4623,0.183);
#2365=CYLINDRICAL_SURFACE('',#4631,0.183);
#2366=CYLINDRICAL_SURFACE('',#4638,0.183);
#2367=CYLINDRICAL_SURFACE('',#4646,0.183);
#2368=CYLINDRICAL_SURFACE('',#4654,0.225);
#2369=CYLINDRICAL_SURFACE('',#4660,0.05);
#2370=CYLINDRICAL_SURFACE('',#4662,0.0599999999999785);
#2371=CYLINDRICAL_SURFACE('',#4685,0.18300000000001);
#2372=CYLINDRICAL_SURFACE('',#4686,0.125);
#2373=CYLINDRICAL_SURFACE('',#4687,0.225);
#2374=CYLINDRICAL_SURFACE('',#4693,0.1);
#2375=CYLINDRICAL_SURFACE('',#4694,0.1);
#2376=CYLINDRICAL_SURFACE('',#4696,0.025);
#2377=CYLINDRICAL_SURFACE('',#4710,0.05);
#2378=CYLINDRICAL_SURFACE('',#4713,0.05);
#2379=CYLINDRICAL_SURFACE('',#4719,0.125);
#2380=CYLINDRICAL_SURFACE('',#4724,0.125);
#2381=CYLINDRICAL_SURFACE('',#4730,0.05);
#2382=CYLINDRICAL_SURFACE('',#4733,0.05);
#2383=CYLINDRICAL_SURFACE('',#4741,0.05);
#2384=CYLINDRICAL_SURFACE('',#4749,0.224999999999921);
#2385=CYLINDRICAL_SURFACE('',#4754,0.224999999999921);
#2386=CYLINDRICAL_SURFACE('',#4756,0.1);
#2387=CYLINDRICAL_SURFACE('',#4761,0.0199999971149121);
#2388=CYLINDRICAL_SURFACE('',#4763,0.019778356103938);
#2389=CYLINDRICAL_SURFACE('',#4767,0.019778356103938);
#2390=CYLINDRICAL_SURFACE('',#4768,0.0199999971097264);
#2391=CYLINDRICAL_SURFACE('',#4769,0.019778356103938);
#2392=CYLINDRICAL_SURFACE('',#4770,0.019778356103938);
#2393=CYLINDRICAL_SURFACE('',#4771,0.0199999971213903);
#2394=CYLINDRICAL_SURFACE('',#4772,0.019778356103938);
#2395=CYLINDRICAL_SURFACE('',#4775,0.019778356103938);
#2396=CYLINDRICAL_SURFACE('',#4776,0.0199999971363143);
#2397=CYLINDRICAL_SURFACE('',#4777,0.0199999971155652);
#2398=CYLINDRICAL_SURFACE('',#4778,0.019778356103938);
#2399=CYLINDRICAL_SURFACE('',#4783,0.019778356103938);
#2400=CYLINDRICAL_SURFACE('',#4784,0.0199999971141105);
#2401=CYLINDRICAL_SURFACE('',#4786,0.019778356103938);
#2402=CYLINDRICAL_SURFACE('',#4787,0.019778356103938);
#2403=CYLINDRICAL_SURFACE('',#4791,0.019778356103938);
#2404=CYLINDRICAL_SURFACE('',#4794,0.019778356103938);
#2405=CYLINDRICAL_SURFACE('',#4797,0.019778356103938);
#2406=CYLINDRICAL_SURFACE('',#4799,0.019778356103938);
#2407=CYLINDRICAL_SURFACE('',#4802,0.019778356103938);
#2408=CYLINDRICAL_SURFACE('',#4804,0.01);
#2409=CYLINDRICAL_SURFACE('',#4807,0.019778356103938);
#2410=CYLINDRICAL_SURFACE('',#4808,0.019778356103938);
#2411=CYLINDRICAL_SURFACE('',#4809,0.019778356103938);
#2412=CYLINDRICAL_SURFACE('',#4810,0.019778356103938);
#2413=CYLINDRICAL_SURFACE('',#4814,0.01);
#2414=CYLINDRICAL_SURFACE('',#4815,0.01);
#2415=CYLINDRICAL_SURFACE('',#4816,0.01);
#2416=CYLINDRICAL_SURFACE('',#4817,0.01);
#2417=CYLINDRICAL_SURFACE('',#4818,0.01);
#2418=CYLINDRICAL_SURFACE('',#4819,0.01);
#2419=CYLINDRICAL_SURFACE('',#4820,0.019778356103938);
#2420=CYLINDRICAL_SURFACE('',#4821,4.64098185145039);
#2421=CYLINDRICAL_SURFACE('',#4822,3.75223317807807);
#2422=CYLINDRICAL_SURFACE('',#4823,4.64098151941499);
#2423=CYLINDRICAL_SURFACE('',#4824,4.64098010742322);
#2424=CYLINDRICAL_SURFACE('',#4825,3.75223229111257);
#2425=CYLINDRICAL_SURFACE('',#4826,3.75222759199747);
#2426=CYLINDRICAL_SURFACE('',#4842,0.0699999999999999);
#2427=CYLINDRICAL_SURFACE('',#4860,0.03);
#2428=FACE_BOUND('',#2561,.T.);
#2429=FACE_BOUND('',#2562,.T.);
#2430=FACE_BOUND('',#2563,.T.);
#2431=FACE_BOUND('',#2564,.T.);
#2432=FACE_BOUND('',#2565,.T.);
#2433=FACE_BOUND('',#2566,.T.);
#2434=FACE_BOUND('',#2567,.T.);
#2435=FACE_BOUND('',#2568,.T.);
#2436=FACE_BOUND('',#2569,.T.);
#2437=FACE_BOUND('',#2570,.T.);
#2438=FACE_BOUND('',#2571,.T.);
#2439=FACE_BOUND('',#2572,.T.);
#2440=FACE_BOUND('',#2573,.T.);
#2441=FACE_BOUND('',#2574,.T.);
#2442=FACE_BOUND('',#2575,.T.);
#2443=FACE_BOUND('',#2576,.T.);
#2444=FACE_BOUND('',#2579,.T.);
#2445=FACE_BOUND('',#2580,.T.);
#2446=FACE_BOUND('',#2581,.T.);
#2447=FACE_BOUND('',#2582,.T.);
#2448=FACE_BOUND('',#2583,.T.);
#2449=FACE_BOUND('',#2584,.T.);
#2450=FACE_BOUND('',#2588,.T.);
#2451=FACE_BOUND('',#2589,.T.);
#2452=FACE_BOUND('',#2590,.T.);
#2453=FACE_BOUND('',#2591,.T.);
#2454=FACE_BOUND('',#2592,.T.);
#2455=FACE_BOUND('',#2593,.T.);
#2456=FACE_BOUND('',#2594,.T.);
#2457=FACE_BOUND('',#2595,.T.);
#2458=FACE_BOUND('',#2596,.T.);
#2459=FACE_BOUND('',#2597,.T.);
#2460=FACE_BOUND('',#2598,.T.);
#2461=FACE_BOUND('',#2599,.T.);
#2462=FACE_BOUND('',#2600,.T.);
#2463=FACE_BOUND('',#2601,.T.);
#2464=FACE_BOUND('',#2602,.T.);
#2465=FACE_BOUND('',#2603,.T.);
#2466=FACE_BOUND('',#2604,.T.);
#2467=FACE_BOUND('',#2605,.T.);
#2468=FACE_BOUND('',#2606,.T.);
#2469=FACE_BOUND('',#2607,.T.);
#2470=FACE_BOUND('',#2608,.T.);
#2471=FACE_BOUND('',#2609,.T.);
#2472=FACE_BOUND('',#2610,.T.);
#2473=FACE_BOUND('',#2611,.T.);
#2474=FACE_BOUND('',#2612,.T.);
#2475=FACE_BOUND('',#2613,.T.);
#2476=FACE_BOUND('',#2614,.T.);
#2477=FACE_BOUND('',#2615,.T.);
#2478=FACE_BOUND('',#2616,.T.);
#2479=FACE_BOUND('',#2617,.T.);
#2480=FACE_BOUND('',#2618,.T.);
#2481=FACE_BOUND('',#2619,.T.);
#2482=FACE_BOUND('',#2620,.T.);
#2483=FACE_BOUND('',#2621,.T.);
#2484=FACE_BOUND('',#2622,.T.);
#2485=FACE_BOUND('',#2623,.T.);
#2486=FACE_BOUND('',#2624,.T.);
#2487=FACE_BOUND('',#2625,.T.);
#2488=FACE_BOUND('',#2626,.T.);
#2489=FACE_BOUND('',#2627,.T.);
#2490=FACE_BOUND('',#2628,.T.);
#2491=FACE_BOUND('',#2629,.T.);
#2492=FACE_BOUND('',#2630,.T.);
#2493=FACE_BOUND('',#2631,.T.);
#2494=FACE_BOUND('',#2636,.T.);
#2495=FACE_BOUND('',#2637,.T.);
#2496=FACE_BOUND('',#2638,.T.);
#2497=FACE_BOUND('',#2639,.T.);
#2498=FACE_BOUND('',#2640,.T.);
#2499=FACE_BOUND('',#2641,.T.);
#2500=FACE_BOUND('',#2642,.T.);
#2501=FACE_BOUND('',#2643,.T.);
#2502=FACE_BOUND('',#2645,.T.);
#2503=FACE_BOUND('',#2646,.T.);
#2504=FACE_BOUND('',#2647,.T.);
#2505=FACE_BOUND('',#2648,.T.);
#2506=FACE_BOUND('',#2649,.T.);
#2507=FACE_BOUND('',#2650,.T.);
#2508=FACE_BOUND('',#2652,.T.);
#2509=FACE_BOUND('',#2653,.T.);
#2510=FACE_BOUND('',#2663,.T.);
#2511=FACE_BOUND('',#2664,.T.);
#2512=FACE_BOUND('',#2665,.T.);
#2513=FACE_BOUND('',#2666,.T.);
#2514=FACE_BOUND('',#2674,.T.);
#2515=FACE_BOUND('',#2675,.T.);
#2516=FACE_BOUND('',#2676,.T.);
#2517=FACE_BOUND('',#2681,.T.);
#2518=FACE_BOUND('',#2682,.T.);
#2519=FACE_BOUND('',#2689,.T.);
#2520=FACE_BOUND('',#2690,.T.);
#2521=FACE_BOUND('',#2705,.T.);
#2522=FACE_BOUND('',#2706,.T.);
#2523=FACE_BOUND('',#2707,.T.);
#2524=FACE_BOUND('',#2708,.T.);
#2525=FACE_BOUND('',#2709,.T.);
#2526=FACE_BOUND('',#2710,.T.);
#2527=FACE_BOUND('',#2715,.T.);
#2528=FACE_BOUND('',#2716,.T.);
#2529=FACE_BOUND('',#2717,.T.);
#2530=FACE_BOUND('',#2722,.T.);
#2531=FACE_BOUND('',#2723,.T.);
#2532=FACE_BOUND('',#2724,.T.);
#2533=FACE_BOUND('',#2725,.T.);
#2534=FACE_BOUND('',#2726,.T.);
#2535=FACE_BOUND('',#2728,.T.);
#2536=FACE_BOUND('',#2729,.T.);
#2537=FACE_BOUND('',#2805,.T.);
#2538=FACE_BOUND('',#2806,.T.);
#2539=FACE_BOUND('',#2807,.T.);
#2540=FACE_BOUND('',#2808,.T.);
#2541=FACE_BOUND('',#2809,.T.);
#2542=FACE_BOUND('',#2810,.T.);
#2543=FACE_BOUND('',#2811,.T.);
#2544=FACE_BOUND('',#2812,.T.);
#2545=FACE_BOUND('',#2814,.T.);
#2546=FACE_BOUND('',#2815,.T.);
#2547=FACE_BOUND('',#2830,.T.);
#2548=FACE_BOUND('',#2831,.T.);
#2549=FACE_BOUND('',#2832,.T.);
#2550=FACE_BOUND('',#2833,.T.);
#2551=FACE_BOUND('',#2834,.T.);
#2552=FACE_BOUND('',#2835,.T.);
#2553=FACE_BOUND('',#2836,.T.);
#2554=FACE_BOUND('',#2837,.T.);
#2555=FACE_BOUND('',#2838,.T.);
#2556=FACE_BOUND('',#2839,.T.);
#2557=FACE_BOUND('',#2840,.T.);
#2558=FACE_BOUND('',#2841,.T.);
#2559=FACE_BOUND('',#2842,.T.);
#2560=FACE_BOUND('',#2843,.T.);
#2561=EDGE_LOOP('',(#2844));
#2562=EDGE_LOOP('',(#2845));
#2563=EDGE_LOOP('',(#2846));
#2564=EDGE_LOOP('',(#2847));
#2565=EDGE_LOOP('',(#2848));
#2566=EDGE_LOOP('',(#2849));
#2567=EDGE_LOOP('',(#2850));
#2568=EDGE_LOOP('',(#2851));
#2569=EDGE_LOOP('',(#2852));
#2570=EDGE_LOOP('',(#2853));
#2571=EDGE_LOOP('',(#2854));
#2572=EDGE_LOOP('',(#2855));
#2573=EDGE_LOOP('',(#2856));
#2574=EDGE_LOOP('',(#2857));
#2575=EDGE_LOOP('',(#2858));
#2576=EDGE_LOOP('',(#2859));
#2577=EDGE_LOOP('',(#2860,#2861,#2862,#2863));
#2578=EDGE_LOOP('',(#2864,#2865,#2866,#2867,#2868));
#2579=EDGE_LOOP('',(#2869,#2870,#2871,#2872,#2873,#2874,#2875,#2876));
#2580=EDGE_LOOP('',(#2877));
#2581=EDGE_LOOP('',(#2878));
#2582=EDGE_LOOP('',(#2879));
#2583=EDGE_LOOP('',(#2880));
#2584=EDGE_LOOP('',(#2881,#2882,#2883,#2884,#2885,#2886,#2887,#2888,#2889,
#2890,#2891));
#2585=EDGE_LOOP('',(#2892,#2893,#2894,#2895,#2896,#2897,#2898,#2899,#2900));
#2586=EDGE_LOOP('',(#2901,#2902,#2903,#2904));
#2587=EDGE_LOOP('',(#2905,#2906,#2907,#2908,#2909));
#2588=EDGE_LOOP('',(#2910,#2911));
#2589=EDGE_LOOP('',(#2912));
#2590=EDGE_LOOP('',(#2913));
#2591=EDGE_LOOP('',(#2914));
#2592=EDGE_LOOP('',(#2915,#2916));
#2593=EDGE_LOOP('',(#2917));
#2594=EDGE_LOOP('',(#2918));
#2595=EDGE_LOOP('',(#2919));
#2596=EDGE_LOOP('',(#2920));
#2597=EDGE_LOOP('',(#2921));
#2598=EDGE_LOOP('',(#2922));
#2599=EDGE_LOOP('',(#2923,#2924));
#2600=EDGE_LOOP('',(#2925));
#2601=EDGE_LOOP('',(#2926));
#2602=EDGE_LOOP('',(#2927));
#2603=EDGE_LOOP('',(#2928));
#2604=EDGE_LOOP('',(#2929));
#2605=EDGE_LOOP('',(#2930));
#2606=EDGE_LOOP('',(#2931));
#2607=EDGE_LOOP('',(#2932));
#2608=EDGE_LOOP('',(#2933));
#2609=EDGE_LOOP('',(#2934));
#2610=EDGE_LOOP('',(#2935));
#2611=EDGE_LOOP('',(#2936));
#2612=EDGE_LOOP('',(#2937));
#2613=EDGE_LOOP('',(#2938));
#2614=EDGE_LOOP('',(#2939));
#2615=EDGE_LOOP('',(#2940,#2941));
#2616=EDGE_LOOP('',(#2942));
#2617=EDGE_LOOP('',(#2943));
#2618=EDGE_LOOP('',(#2944));
#2619=EDGE_LOOP('',(#2945));
#2620=EDGE_LOOP('',(#2946));
#2621=EDGE_LOOP('',(#2947));
#2622=EDGE_LOOP('',(#2948));
#2623=EDGE_LOOP('',(#2949));
#2624=EDGE_LOOP('',(#2950));
#2625=EDGE_LOOP('',(#2951));
#2626=EDGE_LOOP('',(#2952));
#2627=EDGE_LOOP('',(#2953));
#2628=EDGE_LOOP('',(#2954));
#2629=EDGE_LOOP('',(#2955));
#2630=EDGE_LOOP('',(#2956));
#2631=EDGE_LOOP('',(#2957));
#2632=EDGE_LOOP('',(#2958,#2959,#2960,#2961));
#2633=EDGE_LOOP('',(#2962,#2963,#2964,#2965));
#2634=EDGE_LOOP('',(#2966,#2967,#2968,#2969));
#2635=EDGE_LOOP('',(#2970,#2971,#2972,#2973));
#2636=EDGE_LOOP('',(#2974));
#2637=EDGE_LOOP('',(#2975));
#2638=EDGE_LOOP('',(#2976));
#2639=EDGE_LOOP('',(#2977));
#2640=EDGE_LOOP('',(#2978));
#2641=EDGE_LOOP('',(#2979));
#2642=EDGE_LOOP('',(#2980));
#2643=EDGE_LOOP('',(#2981));
#2644=EDGE_LOOP('',(#2982,#2983,#2984,#2985,#2986,#2987));
#2645=EDGE_LOOP('',(#2988));
#2646=EDGE_LOOP('',(#2989));
#2647=EDGE_LOOP('',(#2990,#2991,#2992,#2993,#2994));
#2648=EDGE_LOOP('',(#2995,#2996,#2997,#2998,#2999,#3000,#3001));
#2649=EDGE_LOOP('',(#3002));
#2650=EDGE_LOOP('',(#3003,#3004,#3005,#3006,#3007,#3008,#3009,#3010));
#2651=EDGE_LOOP('',(#3011,#3012,#3013,#3014,#3015,#3016));
#2652=EDGE_LOOP('',(#3017));
#2653=EDGE_LOOP('',(#3018,#3019,#3020,#3021,#3022,#3023));
#2654=EDGE_LOOP('',(#3024,#3025,#3026,#3027));
#2655=EDGE_LOOP('',(#3028,#3029,#3030,#3031));
#2656=EDGE_LOOP('',(#3032,#3033,#3034,#3035));
#2657=EDGE_LOOP('',(#3036,#3037,#3038,#3039,#3040));
#2658=EDGE_LOOP('',(#3041,#3042,#3043,#3044));
#2659=EDGE_LOOP('',(#3045,#3046,#3047,#3048));
#2660=EDGE_LOOP('',(#3049,#3050,#3051,#3052));
#2661=EDGE_LOOP('',(#3053,#3054,#3055,#3056,#3057));
#2662=EDGE_LOOP('',(#3058,#3059,#3060,#3061));
#2663=EDGE_LOOP('',(#3062));
#2664=EDGE_LOOP('',(#3063));
#2665=EDGE_LOOP('',(#3064));
#2666=EDGE_LOOP('',(#3065));
#2667=EDGE_LOOP('',(#3066,#3067,#3068,#3069,#3070));
#2668=EDGE_LOOP('',(#3071,#3072,#3073,#3074,#3075,#3076,#3077,#3078,#3079));
#2669=EDGE_LOOP('',(#3080,#3081,#3082,#3083,#3084,#3085,#3086,#3087,#3088,
#3089,#3090));
#2670=EDGE_LOOP('',(#3091,#3092,#3093,#3094));
#2671=EDGE_LOOP('',(#3095,#3096,#3097,#3098));
#2672=EDGE_LOOP('',(#3099,#3100,#3101,#3102));
#2673=EDGE_LOOP('',(#3103,#3104,#3105,#3106,#3107));
#2674=EDGE_LOOP('',(#3108));
#2675=EDGE_LOOP('',(#3109));
#2676=EDGE_LOOP('',(#3110,#3111,#3112,#3113));
#2677=EDGE_LOOP('',(#3114,#3115,#3116,#3117));
#2678=EDGE_LOOP('',(#3118,#3119,#3120,#3121));
#2679=EDGE_LOOP('',(#3122,#3123,#3124,#3125));
#2680=EDGE_LOOP('',(#3126,#3127,#3128,#3129));
#2681=EDGE_LOOP('',(#3130,#3131));
#2682=EDGE_LOOP('',(#3132,#3133,#3134,#3135));
#2683=EDGE_LOOP('',(#3136,#3137,#3138,#3139,#3140));
#2684=EDGE_LOOP('',(#3141,#3142,#3143,#3144,#3145));
#2685=EDGE_LOOP('',(#3146,#3147,#3148,#3149));
#2686=EDGE_LOOP('',(#3150,#3151,#3152,#3153));
#2687=EDGE_LOOP('',(#3154,#3155,#3156,#3157));
#2688=EDGE_LOOP('',(#3158,#3159,#3160,#3161));
#2689=EDGE_LOOP('',(#3162));
#2690=EDGE_LOOP('',(#3163,#3164,#3165,#3166));
#2691=EDGE_LOOP('',(#3167,#3168,#3169,#3170,#3171,#3172,#3173));
#2692=EDGE_LOOP('',(#3174,#3175,#3176,#3177,#3178,#3179,#3180));
#2693=EDGE_LOOP('',(#3181,#3182,#3183,#3184));
#2694=EDGE_LOOP('',(#3185,#3186,#3187,#3188));
#2695=EDGE_LOOP('',(#3189,#3190,#3191,#3192,#3193,#3194));
#2696=EDGE_LOOP('',(#3195,#3196,#3197));
#2697=EDGE_LOOP('',(#3198,#3199,#3200));
#2698=EDGE_LOOP('',(#3201,#3202,#3203));
#2699=EDGE_LOOP('',(#3204,#3205,#3206,#3207));
#2700=EDGE_LOOP('',(#3208,#3209,#3210));
#2701=EDGE_LOOP('',(#3211,#3212,#3213,#3214));
#2702=EDGE_LOOP('',(#3215,#3216,#3217,#3218));
#2703=EDGE_LOOP('',(#3219,#3220,#3221,#3222,#3223,#3224));
#2704=EDGE_LOOP('',(#3225,#3226,#3227,#3228));
#2705=EDGE_LOOP('',(#3229,#3230,#3231,#3232));
#2706=EDGE_LOOP('',(#3233));
#2707=EDGE_LOOP('',(#3234));
#2708=EDGE_LOOP('',(#3235));
#2709=EDGE_LOOP('',(#3236));
#2710=EDGE_LOOP('',(#3237));
#2711=EDGE_LOOP('',(#3238,#3239,#3240,#3241));
#2712=EDGE_LOOP('',(#3242,#3243,#3244,#3245));
#2713=EDGE_LOOP('',(#3246,#3247,#3248,#3249));
#2714=EDGE_LOOP('',(#3250,#3251,#3252,#3253));
#2715=EDGE_LOOP('',(#3254,#3255,#3256,#3257));
#2716=EDGE_LOOP('',(#3258,#3259,#3260,#3261,#3262,#3263,#3264,#3265,#3266));
#2717=EDGE_LOOP('',(#3267));
#2718=EDGE_LOOP('',(#3268,#3269,#3270,#3271));
#2719=EDGE_LOOP('',(#3272,#3273,#3274,#3275));
#2720=EDGE_LOOP('',(#3276,#3277,#3278,#3279));
#2721=EDGE_LOOP('',(#3280,#3281,#3282,#3283,#3284,#3285,#3286,#3287));
#2722=EDGE_LOOP('',(#3288,#3289,#3290));
#2723=EDGE_LOOP('',(#3291));
#2724=EDGE_LOOP('',(#3292));
#2725=EDGE_LOOP('',(#3293));
#2726=EDGE_LOOP('',(#3294,#3295,#3296,#3297));
#2727=EDGE_LOOP('',(#3298,#3299,#3300,#3301,#3302,#3303,#3304,#3305));
#2728=EDGE_LOOP('',(#3306));
#2729=EDGE_LOOP('',(#3307));
#2730=EDGE_LOOP('',(#3308,#3309,#3310));
#2731=EDGE_LOOP('',(#3311,#3312,#3313,#3314));
#2732=EDGE_LOOP('',(#3315,#3316));
#2733=EDGE_LOOP('',(#3317,#3318,#3319));
#2734=EDGE_LOOP('',(#3320,#3321,#3322));
#2735=EDGE_LOOP('',(#3323,#3324,#3325));
#2736=EDGE_LOOP('',(#3326,#3327,#3328,#3329));
#2737=EDGE_LOOP('',(#3330,#3331,#3332));
#2738=EDGE_LOOP('',(#3333,#3334,#3335));
#2739=EDGE_LOOP('',(#3336,#3337,#3338,#3339));
#2740=EDGE_LOOP('',(#3340,#3341,#3342));
#2741=EDGE_LOOP('',(#3343,#3344,#3345));
#2742=EDGE_LOOP('',(#3346,#3347,#3348));
#2743=EDGE_LOOP('',(#3349,#3350,#3351));
#2744=EDGE_LOOP('',(#3352,#3353,#3354));
#2745=EDGE_LOOP('',(#3355,#3356));
#2746=EDGE_LOOP('',(#3357,#3358,#3359));
#2747=EDGE_LOOP('',(#3360,#3361,#3362,#3363));
#2748=EDGE_LOOP('',(#3364,#3365,#3366));
#2749=EDGE_LOOP('',(#3367,#3368,#3369));
#2750=EDGE_LOOP('',(#3370,#3371,#3372));
#2751=EDGE_LOOP('',(#3373,#3374));
#2752=EDGE_LOOP('',(#3375,#3376,#3377));
#2753=EDGE_LOOP('',(#3378,#3379));
#2754=EDGE_LOOP('',(#3380,#3381,#3382,#3383));
#2755=EDGE_LOOP('',(#3384,#3385,#3386,#3387));
#2756=EDGE_LOOP('',(#3388,#3389,#3390,#3391,#3392));
#2757=EDGE_LOOP('',(#3393,#3394,#3395,#3396));
#2758=EDGE_LOOP('',(#3397,#3398,#3399,#3400,#3401));
#2759=EDGE_LOOP('',(#3402,#3403,#3404,#3405));
#2760=EDGE_LOOP('',(#3406,#3407,#3408));
#2761=EDGE_LOOP('',(#3409,#3410,#3411,#3412));
#2762=EDGE_LOOP('',(#3413,#3414,#3415,#3416));
#2763=EDGE_LOOP('',(#3417,#3418,#3419,#3420,#3421));
#2764=EDGE_LOOP('',(#3422,#3423,#3424));
#2765=EDGE_LOOP('',(#3425,#3426,#3427,#3428,#3429));
#2766=EDGE_LOOP('',(#3430,#3431,#3432,#3433));
#2767=EDGE_LOOP('',(#3434,#3435,#3436));
#2768=EDGE_LOOP('',(#3437,#3438,#3439,#3440,#3441));
#2769=EDGE_LOOP('',(#3442,#3443,#3444,#3445));
#2770=EDGE_LOOP('',(#3446,#3447,#3448,#3449,#3450));
#2771=EDGE_LOOP('',(#3451,#3452,#3453));
#2772=EDGE_LOOP('',(#3454,#3455,#3456,#3457,#3458));
#2773=EDGE_LOOP('',(#3459,#3460,#3461,#3462));
#2774=EDGE_LOOP('',(#3463,#3464,#3465,#3466,#3467));
#2775=EDGE_LOOP('',(#3468,#3469,#3470,#3471));
#2776=EDGE_LOOP('',(#3472,#3473,#3474,#3475));
#2777=EDGE_LOOP('',(#3476,#3477,#3478,#3479));
#2778=EDGE_LOOP('',(#3480,#3481,#3482,#3483));
#2779=EDGE_LOOP('',(#3484,#3485,#3486,#3487));
#2780=EDGE_LOOP('',(#3488,#3489,#3490,#3491));
#2781=EDGE_LOOP('',(#3492,#3493,#3494,#3495));
#2782=EDGE_LOOP('',(#3496,#3497,#3498,#3499));
#2783=EDGE_LOOP('',(#3500,#3501,#3502,#3503));
#2784=EDGE_LOOP('',(#3504,#3505,#3506,#3507));
#2785=EDGE_LOOP('',(#3508,#3509,#3510,#3511));
#2786=EDGE_LOOP('',(#3512,#3513,#3514,#3515));
#2787=EDGE_LOOP('',(#3516,#3517,#3518,#3519));
#2788=EDGE_LOOP('',(#3520,#3521,#3522,#3523));
#2789=EDGE_LOOP('',(#3524,#3525,#3526,#3527));
#2790=EDGE_LOOP('',(#3528,#3529,#3530,#3531));
#2791=EDGE_LOOP('',(#3532,#3533,#3534,#3535));
#2792=EDGE_LOOP('',(#3536,#3537,#3538,#3539));
#2793=EDGE_LOOP('',(#3540,#3541,#3542,#3543));
#2794=EDGE_LOOP('',(#3544,#3545,#3546,#3547));
#2795=EDGE_LOOP('',(#3548,#3549,#3550,#3551));
#2796=EDGE_LOOP('',(#3552,#3553,#3554,#3555));
#2797=EDGE_LOOP('',(#3556,#3557,#3558,#3559));
#2798=EDGE_LOOP('',(#3560,#3561,#3562,#3563));
#2799=EDGE_LOOP('',(#3564,#3565,#3566,#3567,#3568));
#2800=EDGE_LOOP('',(#3569,#3570,#3571,#3572,#3573));
#2801=EDGE_LOOP('',(#3574,#3575,#3576,#3577,#3578));
#2802=EDGE_LOOP('',(#3579,#3580,#3581,#3582,#3583));
#2803=EDGE_LOOP('',(#3584,#3585,#3586,#3587,#3588));
#2804=EDGE_LOOP('',(#3589,#3590,#3591,#3592,#3593));
#2805=EDGE_LOOP('',(#3594));
#2806=EDGE_LOOP('',(#3595,#3596));
#2807=EDGE_LOOP('',(#3597));
#2808=EDGE_LOOP('',(#3598));
#2809=EDGE_LOOP('',(#3599));
#2810=EDGE_LOOP('',(#3600));
#2811=EDGE_LOOP('',(#3601,#3602,#3603,#3604,#3605,#3606,#3607,#3608,#3609,
#3610,#3611,#3612));
#2812=EDGE_LOOP('',(#3613));
#2813=EDGE_LOOP('',(#3614,#3615,#3616,#3617,#3618,#3619,#3620,#3621));
#2814=EDGE_LOOP('',(#3622));
#2815=EDGE_LOOP('',(#3623,#3624,#3625,#3626,#3627,#3628,#3629,#3630,#3631,
#3632,#3633,#3634,#3635,#3636,#3637,#3638,#3639,#3640,#3641,#3642,#3643));
#2816=EDGE_LOOP('',(#3644,#3645,#3646,#3647,#3648,#3649,#3650,#3651));
#2817=EDGE_LOOP('',(#3652,#3653,#3654,#3655,#3656));
#2818=EDGE_LOOP('',(#3657,#3658,#3659,#3660,#3661));
#2819=EDGE_LOOP('',(#3662,#3663,#3664,#3665));
#2820=EDGE_LOOP('',(#3666,#3667,#3668,#3669));
#2821=EDGE_LOOP('',(#3670,#3671,#3672,#3673,#3674));
#2822=EDGE_LOOP('',(#3675,#3676,#3677,#3678,#3679));
#2823=EDGE_LOOP('',(#3680,#3681));
#2824=EDGE_LOOP('',(#3682,#3683,#3684));
#2825=EDGE_LOOP('',(#3685,#3686));
#2826=EDGE_LOOP('',(#3687,#3688,#3689,#3690,#3691,#3692,#3693,#3694));
#2827=EDGE_LOOP('',(#3695,#3696,#3697,#3698,#3699,#3700,#3701));
#2828=EDGE_LOOP('',(#3702,#3703,#3704,#3705,#3706,#3707,#3708,#3709));
#2829=EDGE_LOOP('',(#3710,#3711,#3712,#3713,#3714,#3715,#3716,#3717));
#2830=EDGE_LOOP('',(#3718,#3719,#3720,#3721));
#2831=EDGE_LOOP('',(#3722,#3723,#3724));
#2832=EDGE_LOOP('',(#3725));
#2833=EDGE_LOOP('',(#3726));
#2834=EDGE_LOOP('',(#3727));
#2835=EDGE_LOOP('',(#3728));
#2836=EDGE_LOOP('',(#3729));
#2837=EDGE_LOOP('',(#3730));
#2838=EDGE_LOOP('',(#3731,#3732,#3733,#3734,#3735,#3736));
#2839=EDGE_LOOP('',(#3737));
#2840=EDGE_LOOP('',(#3738));
#2841=EDGE_LOOP('',(#3739));
#2842=EDGE_LOOP('',(#3740));
#2843=EDGE_LOOP('',(#3741));
#2844=ORIENTED_EDGE('',*,*,#4030,.T.);
#2845=ORIENTED_EDGE('',*,*,#4031,.F.);
#2846=ORIENTED_EDGE('',*,*,#4032,.T.);
#2847=ORIENTED_EDGE('',*,*,#4030,.F.);
#2848=ORIENTED_EDGE('',*,*,#4033,.T.);
#2849=ORIENTED_EDGE('',*,*,#4032,.F.);
#2850=ORIENTED_EDGE('',*,*,#4031,.T.);
#2851=ORIENTED_EDGE('',*,*,#4033,.F.);
#2852=ORIENTED_EDGE('',*,*,#4034,.F.);
#2853=ORIENTED_EDGE('',*,*,#4035,.T.);
#2854=ORIENTED_EDGE('',*,*,#4036,.F.);
#2855=ORIENTED_EDGE('',*,*,#4034,.T.);
#2856=ORIENTED_EDGE('',*,*,#4037,.F.);
#2857=ORIENTED_EDGE('',*,*,#4036,.T.);
#2858=ORIENTED_EDGE('',*,*,#4035,.F.);
#2859=ORIENTED_EDGE('',*,*,#4037,.T.);
#2860=ORIENTED_EDGE('',*,*,#4038,.F.);
#2861=ORIENTED_EDGE('',*,*,#4039,.T.);
#2862=ORIENTED_EDGE('',*,*,#4040,.F.);
#2863=ORIENTED_EDGE('',*,*,#4041,.F.);
#2864=ORIENTED_EDGE('',*,*,#4042,.T.);
#2865=ORIENTED_EDGE('',*,*,#4043,.T.);
#2866=ORIENTED_EDGE('',*,*,#4044,.F.);
#2867=ORIENTED_EDGE('',*,*,#4045,.F.);
#2868=ORIENTED_EDGE('',*,*,#4046,.F.);
#2869=ORIENTED_EDGE('',*,*,#4047,.F.);
#2870=ORIENTED_EDGE('',*,*,#4041,.T.);
#2871=ORIENTED_EDGE('',*,*,#4048,.T.);
#2872=ORIENTED_EDGE('',*,*,#4049,.F.);
#2873=ORIENTED_EDGE('',*,*,#4050,.T.);
#2874=ORIENTED_EDGE('',*,*,#4051,.T.);
#2875=ORIENTED_EDGE('',*,*,#4052,.T.);
#2876=ORIENTED_EDGE('',*,*,#4044,.T.);
#2877=ORIENTED_EDGE('',*,*,#4053,.T.);
#2878=ORIENTED_EDGE('',*,*,#4054,.F.);
#2879=ORIENTED_EDGE('',*,*,#4055,.T.);
#2880=ORIENTED_EDGE('',*,*,#4056,.F.);
#2881=ORIENTED_EDGE('',*,*,#4057,.T.);
#2882=ORIENTED_EDGE('',*,*,#4058,.T.);
#2883=ORIENTED_EDGE('',*,*,#4059,.T.);
#2884=ORIENTED_EDGE('',*,*,#4060,.T.);
#2885=ORIENTED_EDGE('',*,*,#4061,.T.);
#2886=ORIENTED_EDGE('',*,*,#4062,.T.);
#2887=ORIENTED_EDGE('',*,*,#4063,.T.);
#2888=ORIENTED_EDGE('',*,*,#4064,.T.);
#2889=ORIENTED_EDGE('',*,*,#4046,.T.);
#2890=ORIENTED_EDGE('',*,*,#4065,.T.);
#2891=ORIENTED_EDGE('',*,*,#4066,.T.);
#2892=ORIENTED_EDGE('',*,*,#4039,.F.);
#2893=ORIENTED_EDGE('',*,*,#4067,.T.);
#2894=ORIENTED_EDGE('',*,*,#4042,.F.);
#2895=ORIENTED_EDGE('',*,*,#4064,.F.);
#2896=ORIENTED_EDGE('',*,*,#4068,.F.);
#2897=ORIENTED_EDGE('',*,*,#4062,.F.);
#2898=ORIENTED_EDGE('',*,*,#4069,.F.);
#2899=ORIENTED_EDGE('',*,*,#4060,.F.);
#2900=ORIENTED_EDGE('',*,*,#4070,.F.);
#2901=ORIENTED_EDGE('',*,*,#4058,.F.);
#2902=ORIENTED_EDGE('',*,*,#4071,.T.);
#2903=ORIENTED_EDGE('',*,*,#4049,.T.);
#2904=ORIENTED_EDGE('',*,*,#4072,.F.);
#2905=ORIENTED_EDGE('',*,*,#4048,.F.);
#2906=ORIENTED_EDGE('',*,*,#4040,.T.);
#2907=ORIENTED_EDGE('',*,*,#4070,.T.);
#2908=ORIENTED_EDGE('',*,*,#4059,.F.);
#2909=ORIENTED_EDGE('',*,*,#4072,.T.);
#2910=ORIENTED_EDGE('',*,*,#4073,.F.);
#2911=ORIENTED_EDGE('',*,*,#4074,.F.);
#2912=ORIENTED_EDGE('',*,*,#4055,.F.);
#2913=ORIENTED_EDGE('',*,*,#4075,.F.);
#2914=ORIENTED_EDGE('',*,*,#4076,.F.);
#2915=ORIENTED_EDGE('',*,*,#4073,.T.);
#2916=ORIENTED_EDGE('',*,*,#4074,.T.);
#2917=ORIENTED_EDGE('',*,*,#4056,.T.);
#2918=ORIENTED_EDGE('',*,*,#4077,.T.);
#2919=ORIENTED_EDGE('',*,*,#4054,.T.);
#2920=ORIENTED_EDGE('',*,*,#4076,.T.);
#2921=ORIENTED_EDGE('',*,*,#4078,.T.);
#2922=ORIENTED_EDGE('',*,*,#4079,.T.);
#2923=ORIENTED_EDGE('',*,*,#4068,.T.);
#2924=ORIENTED_EDGE('',*,*,#4063,.F.);
#2925=ORIENTED_EDGE('',*,*,#4079,.F.);
#2926=ORIENTED_EDGE('',*,*,#4080,.T.);
#2927=ORIENTED_EDGE('',*,*,#4080,.F.);
#2928=ORIENTED_EDGE('',*,*,#4081,.T.);
#2929=ORIENTED_EDGE('',*,*,#4082,.F.);
#2930=ORIENTED_EDGE('',*,*,#4081,.F.);
#2931=ORIENTED_EDGE('',*,*,#4083,.T.);
#2932=ORIENTED_EDGE('',*,*,#4082,.T.);
#2933=ORIENTED_EDGE('',*,*,#4083,.F.);
#2934=ORIENTED_EDGE('',*,*,#4084,.T.);
#2935=ORIENTED_EDGE('',*,*,#4084,.F.);
#2936=ORIENTED_EDGE('',*,*,#4085,.T.);
#2937=ORIENTED_EDGE('',*,*,#4077,.F.);
#2938=ORIENTED_EDGE('',*,*,#4085,.F.);
#2939=ORIENTED_EDGE('',*,*,#4086,.T.);
#2940=ORIENTED_EDGE('',*,*,#4069,.T.);
#2941=ORIENTED_EDGE('',*,*,#4061,.F.);
#2942=ORIENTED_EDGE('',*,*,#4086,.F.);
#2943=ORIENTED_EDGE('',*,*,#4087,.T.);
#2944=ORIENTED_EDGE('',*,*,#4087,.F.);
#2945=ORIENTED_EDGE('',*,*,#4088,.T.);
#2946=ORIENTED_EDGE('',*,*,#4089,.F.);
#2947=ORIENTED_EDGE('',*,*,#4088,.F.);
#2948=ORIENTED_EDGE('',*,*,#4090,.T.);
#2949=ORIENTED_EDGE('',*,*,#4089,.T.);
#2950=ORIENTED_EDGE('',*,*,#4090,.F.);
#2951=ORIENTED_EDGE('',*,*,#4091,.T.);
#2952=ORIENTED_EDGE('',*,*,#4091,.F.);
#2953=ORIENTED_EDGE('',*,*,#4092,.T.);
#2954=ORIENTED_EDGE('',*,*,#4078,.F.);
#2955=ORIENTED_EDGE('',*,*,#4092,.F.);
#2956=ORIENTED_EDGE('',*,*,#4075,.T.);
#2957=ORIENTED_EDGE('',*,*,#4053,.F.);
#2958=ORIENTED_EDGE('',*,*,#4093,.F.);
#2959=ORIENTED_EDGE('',*,*,#4050,.F.);
#2960=ORIENTED_EDGE('',*,*,#4071,.F.);
#2961=ORIENTED_EDGE('',*,*,#4057,.F.);
#2962=ORIENTED_EDGE('',*,*,#4094,.F.);
#2963=ORIENTED_EDGE('',*,*,#4051,.F.);
#2964=ORIENTED_EDGE('',*,*,#4093,.T.);
#2965=ORIENTED_EDGE('',*,*,#4066,.F.);
#2966=ORIENTED_EDGE('',*,*,#4065,.F.);
#2967=ORIENTED_EDGE('',*,*,#4045,.T.);
#2968=ORIENTED_EDGE('',*,*,#4052,.F.);
#2969=ORIENTED_EDGE('',*,*,#4094,.T.);
#2970=ORIENTED_EDGE('',*,*,#4047,.T.);
#2971=ORIENTED_EDGE('',*,*,#4043,.F.);
#2972=ORIENTED_EDGE('',*,*,#4067,.F.);
#2973=ORIENTED_EDGE('',*,*,#4038,.T.);
#2974=ORIENTED_EDGE('',*,*,#4095,.F.);
#2975=ORIENTED_EDGE('',*,*,#4096,.T.);
#2976=ORIENTED_EDGE('',*,*,#4095,.T.);
#2977=ORIENTED_EDGE('',*,*,#4097,.F.);
#2978=ORIENTED_EDGE('',*,*,#4098,.T.);
#2979=ORIENTED_EDGE('',*,*,#4096,.F.);
#2980=ORIENTED_EDGE('',*,*,#4097,.T.);
#2981=ORIENTED_EDGE('',*,*,#4098,.F.);
#2982=ORIENTED_EDGE('',*,*,#4099,.F.);
#2983=ORIENTED_EDGE('',*,*,#4100,.T.);
#2984=ORIENTED_EDGE('',*,*,#4101,.F.);
#2985=ORIENTED_EDGE('',*,*,#4102,.T.);
#2986=ORIENTED_EDGE('',*,*,#4103,.T.);
#2987=ORIENTED_EDGE('',*,*,#4104,.T.);
#2988=ORIENTED_EDGE('',*,*,#4105,.F.);
#2989=ORIENTED_EDGE('',*,*,#4106,.F.);
#2990=ORIENTED_EDGE('',*,*,#4107,.F.);
#2991=ORIENTED_EDGE('',*,*,#4108,.T.);
#2992=ORIENTED_EDGE('',*,*,#4109,.F.);
#2993=ORIENTED_EDGE('',*,*,#4110,.T.);
#2994=ORIENTED_EDGE('',*,*,#4111,.T.);
#2995=ORIENTED_EDGE('',*,*,#4112,.F.);
#2996=ORIENTED_EDGE('',*,*,#4113,.F.);
#2997=ORIENTED_EDGE('',*,*,#4114,.F.);
#2998=ORIENTED_EDGE('',*,*,#4115,.F.);
#2999=ORIENTED_EDGE('',*,*,#4116,.F.);
#3000=ORIENTED_EDGE('',*,*,#4117,.F.);
#3001=ORIENTED_EDGE('',*,*,#4118,.F.);
#3002=ORIENTED_EDGE('',*,*,#4119,.F.);
#3003=ORIENTED_EDGE('',*,*,#4100,.F.);
#3004=ORIENTED_EDGE('',*,*,#4120,.T.);
#3005=ORIENTED_EDGE('',*,*,#4121,.F.);
#3006=ORIENTED_EDGE('',*,*,#4122,.T.);
#3007=ORIENTED_EDGE('',*,*,#4123,.T.);
#3008=ORIENTED_EDGE('',*,*,#4124,.T.);
#3009=ORIENTED_EDGE('',*,*,#4125,.F.);
#3010=ORIENTED_EDGE('',*,*,#4126,.F.);
#3011=ORIENTED_EDGE('',*,*,#4127,.T.);
#3012=ORIENTED_EDGE('',*,*,#4128,.T.);
#3013=ORIENTED_EDGE('',*,*,#4129,.F.);
#3014=ORIENTED_EDGE('',*,*,#4130,.T.);
#3015=ORIENTED_EDGE('',*,*,#4101,.T.);
#3016=ORIENTED_EDGE('',*,*,#4126,.T.);
#3017=ORIENTED_EDGE('',*,*,#4131,.T.);
#3018=ORIENTED_EDGE('',*,*,#4132,.F.);
#3019=ORIENTED_EDGE('',*,*,#4133,.T.);
#3020=ORIENTED_EDGE('',*,*,#4134,.F.);
#3021=ORIENTED_EDGE('',*,*,#4135,.F.);
#3022=ORIENTED_EDGE('',*,*,#4136,.F.);
#3023=ORIENTED_EDGE('',*,*,#4137,.F.);
#3024=ORIENTED_EDGE('',*,*,#4138,.T.);
#3025=ORIENTED_EDGE('',*,*,#4139,.T.);
#3026=ORIENTED_EDGE('',*,*,#4127,.F.);
#3027=ORIENTED_EDGE('',*,*,#4125,.T.);
#3028=ORIENTED_EDGE('',*,*,#4140,.T.);
#3029=ORIENTED_EDGE('',*,*,#4141,.F.);
#3030=ORIENTED_EDGE('',*,*,#4112,.T.);
#3031=ORIENTED_EDGE('',*,*,#4142,.T.);
#3032=ORIENTED_EDGE('',*,*,#4143,.T.);
#3033=ORIENTED_EDGE('',*,*,#4144,.T.);
#3034=ORIENTED_EDGE('',*,*,#4113,.T.);
#3035=ORIENTED_EDGE('',*,*,#4141,.T.);
#3036=ORIENTED_EDGE('',*,*,#4145,.T.);
#3037=ORIENTED_EDGE('',*,*,#4132,.T.);
#3038=ORIENTED_EDGE('',*,*,#4146,.F.);
#3039=ORIENTED_EDGE('',*,*,#4114,.T.);
#3040=ORIENTED_EDGE('',*,*,#4144,.F.);
#3041=ORIENTED_EDGE('',*,*,#4137,.T.);
#3042=ORIENTED_EDGE('',*,*,#4147,.F.);
#3043=ORIENTED_EDGE('',*,*,#4115,.T.);
#3044=ORIENTED_EDGE('',*,*,#4146,.T.);
#3045=ORIENTED_EDGE('',*,*,#4136,.T.);
#3046=ORIENTED_EDGE('',*,*,#4148,.F.);
#3047=ORIENTED_EDGE('',*,*,#4116,.T.);
#3048=ORIENTED_EDGE('',*,*,#4147,.T.);
#3049=ORIENTED_EDGE('',*,*,#4135,.T.);
#3050=ORIENTED_EDGE('',*,*,#4149,.F.);
#3051=ORIENTED_EDGE('',*,*,#4117,.T.);
#3052=ORIENTED_EDGE('',*,*,#4148,.T.);
#3053=ORIENTED_EDGE('',*,*,#4134,.T.);
#3054=ORIENTED_EDGE('',*,*,#4150,.T.);
#3055=ORIENTED_EDGE('',*,*,#4142,.F.);
#3056=ORIENTED_EDGE('',*,*,#4118,.T.);
#3057=ORIENTED_EDGE('',*,*,#4149,.T.);
#3058=ORIENTED_EDGE('',*,*,#4121,.T.);
#3059=ORIENTED_EDGE('',*,*,#4151,.T.);
#3060=ORIENTED_EDGE('',*,*,#4111,.F.);
#3061=ORIENTED_EDGE('',*,*,#4152,.F.);
#3062=ORIENTED_EDGE('',*,*,#4119,.T.);
#3063=ORIENTED_EDGE('',*,*,#4106,.T.);
#3064=ORIENTED_EDGE('',*,*,#4105,.T.);
#3065=ORIENTED_EDGE('',*,*,#4131,.F.);
#3066=ORIENTED_EDGE('',*,*,#4123,.F.);
#3067=ORIENTED_EDGE('',*,*,#4122,.F.);
#3068=ORIENTED_EDGE('',*,*,#4152,.T.);
#3069=ORIENTED_EDGE('',*,*,#4110,.F.);
#3070=ORIENTED_EDGE('',*,*,#4153,.F.);
#3071=ORIENTED_EDGE('',*,*,#4129,.T.);
#3072=ORIENTED_EDGE('',*,*,#4154,.T.);
#3073=ORIENTED_EDGE('',*,*,#4155,.F.);
#3074=ORIENTED_EDGE('',*,*,#4145,.F.);
#3075=ORIENTED_EDGE('',*,*,#4143,.F.);
#3076=ORIENTED_EDGE('',*,*,#4140,.F.);
#3077=ORIENTED_EDGE('',*,*,#4150,.F.);
#3078=ORIENTED_EDGE('',*,*,#4156,.F.);
#3079=ORIENTED_EDGE('',*,*,#4157,.T.);
#3080=ORIENTED_EDGE('',*,*,#4109,.T.);
#3081=ORIENTED_EDGE('',*,*,#4158,.T.);
#3082=ORIENTED_EDGE('',*,*,#4103,.F.);
#3083=ORIENTED_EDGE('',*,*,#4159,.T.);
#3084=ORIENTED_EDGE('',*,*,#4156,.T.);
#3085=ORIENTED_EDGE('',*,*,#4133,.F.);
#3086=ORIENTED_EDGE('',*,*,#4155,.T.);
#3087=ORIENTED_EDGE('',*,*,#4160,.T.);
#3088=ORIENTED_EDGE('',*,*,#4138,.F.);
#3089=ORIENTED_EDGE('',*,*,#4124,.F.);
#3090=ORIENTED_EDGE('',*,*,#4153,.T.);
#3091=ORIENTED_EDGE('',*,*,#4128,.F.);
#3092=ORIENTED_EDGE('',*,*,#4139,.F.);
#3093=ORIENTED_EDGE('',*,*,#4160,.F.);
#3094=ORIENTED_EDGE('',*,*,#4154,.F.);
#3095=ORIENTED_EDGE('',*,*,#4159,.F.);
#3096=ORIENTED_EDGE('',*,*,#4102,.F.);
#3097=ORIENTED_EDGE('',*,*,#4130,.F.);
#3098=ORIENTED_EDGE('',*,*,#4157,.F.);
#3099=ORIENTED_EDGE('',*,*,#4161,.F.);
#3100=ORIENTED_EDGE('',*,*,#4104,.F.);
#3101=ORIENTED_EDGE('',*,*,#4158,.F.);
#3102=ORIENTED_EDGE('',*,*,#4108,.F.);
#3103=ORIENTED_EDGE('',*,*,#4099,.T.);
#3104=ORIENTED_EDGE('',*,*,#4161,.T.);
#3105=ORIENTED_EDGE('',*,*,#4107,.T.);
#3106=ORIENTED_EDGE('',*,*,#4151,.F.);
#3107=ORIENTED_EDGE('',*,*,#4120,.F.);
#3108=ORIENTED_EDGE('',*,*,#4162,.F.);
#3109=ORIENTED_EDGE('',*,*,#4163,.T.);
#3110=ORIENTED_EDGE('',*,*,#4164,.T.);
#3111=ORIENTED_EDGE('',*,*,#4165,.T.);
#3112=ORIENTED_EDGE('',*,*,#4166,.T.);
#3113=ORIENTED_EDGE('',*,*,#4167,.T.);
#3114=ORIENTED_EDGE('',*,*,#4164,.F.);
#3115=ORIENTED_EDGE('',*,*,#4168,.T.);
#3116=ORIENTED_EDGE('',*,*,#4169,.F.);
#3117=ORIENTED_EDGE('',*,*,#4170,.F.);
#3118=ORIENTED_EDGE('',*,*,#4167,.F.);
#3119=ORIENTED_EDGE('',*,*,#4171,.T.);
#3120=ORIENTED_EDGE('',*,*,#4172,.F.);
#3121=ORIENTED_EDGE('',*,*,#4168,.F.);
#3122=ORIENTED_EDGE('',*,*,#4166,.F.);
#3123=ORIENTED_EDGE('',*,*,#4173,.T.);
#3124=ORIENTED_EDGE('',*,*,#4174,.F.);
#3125=ORIENTED_EDGE('',*,*,#4171,.F.);
#3126=ORIENTED_EDGE('',*,*,#4165,.F.);
#3127=ORIENTED_EDGE('',*,*,#4170,.T.);
#3128=ORIENTED_EDGE('',*,*,#4175,.F.);
#3129=ORIENTED_EDGE('',*,*,#4173,.F.);
#3130=ORIENTED_EDGE('',*,*,#4176,.T.);
#3131=ORIENTED_EDGE('',*,*,#4177,.T.);
#3132=ORIENTED_EDGE('',*,*,#4169,.T.);
#3133=ORIENTED_EDGE('',*,*,#4172,.T.);
#3134=ORIENTED_EDGE('',*,*,#4174,.T.);
#3135=ORIENTED_EDGE('',*,*,#4175,.T.);
#3136=ORIENTED_EDGE('',*,*,#4178,.F.);
#3137=ORIENTED_EDGE('',*,*,#4179,.T.);
#3138=ORIENTED_EDGE('',*,*,#4180,.F.);
#3139=ORIENTED_EDGE('',*,*,#4181,.F.);
#3140=ORIENTED_EDGE('',*,*,#4182,.T.);
#3141=ORIENTED_EDGE('',*,*,#4183,.F.);
#3142=ORIENTED_EDGE('',*,*,#4184,.T.);
#3143=ORIENTED_EDGE('',*,*,#4185,.F.);
#3144=ORIENTED_EDGE('',*,*,#4186,.T.);
#3145=ORIENTED_EDGE('',*,*,#4187,.F.);
#3146=ORIENTED_EDGE('',*,*,#4180,.T.);
#3147=ORIENTED_EDGE('',*,*,#4188,.T.);
#3148=ORIENTED_EDGE('',*,*,#4183,.T.);
#3149=ORIENTED_EDGE('',*,*,#4189,.F.);
#3150=ORIENTED_EDGE('',*,*,#4190,.T.);
#3151=ORIENTED_EDGE('',*,*,#4191,.T.);
#3152=ORIENTED_EDGE('',*,*,#4192,.T.);
#3153=ORIENTED_EDGE('',*,*,#4193,.T.);
#3154=ORIENTED_EDGE('',*,*,#4194,.T.);
#3155=ORIENTED_EDGE('',*,*,#4177,.F.);
#3156=ORIENTED_EDGE('',*,*,#4195,.F.);
#3157=ORIENTED_EDGE('',*,*,#4189,.T.);
#3158=ORIENTED_EDGE('',*,*,#4185,.T.);
#3159=ORIENTED_EDGE('',*,*,#4196,.T.);
#3160=ORIENTED_EDGE('',*,*,#4178,.T.);
#3161=ORIENTED_EDGE('',*,*,#4197,.T.);
#3162=ORIENTED_EDGE('',*,*,#4163,.F.);
#3163=ORIENTED_EDGE('',*,*,#4198,.F.);
#3164=ORIENTED_EDGE('',*,*,#4199,.T.);
#3165=ORIENTED_EDGE('',*,*,#4200,.T.);
#3166=ORIENTED_EDGE('',*,*,#4201,.T.);
#3167=ORIENTED_EDGE('',*,*,#4181,.T.);
#3168=ORIENTED_EDGE('',*,*,#4195,.T.);
#3169=ORIENTED_EDGE('',*,*,#4202,.T.);
#3170=ORIENTED_EDGE('',*,*,#4203,.T.);
#3171=ORIENTED_EDGE('',*,*,#4204,.T.);
#3172=ORIENTED_EDGE('',*,*,#4200,.F.);
#3173=ORIENTED_EDGE('',*,*,#4205,.T.);
#3174=ORIENTED_EDGE('',*,*,#4198,.T.);
#3175=ORIENTED_EDGE('',*,*,#4206,.T.);
#3176=ORIENTED_EDGE('',*,*,#4207,.T.);
#3177=ORIENTED_EDGE('',*,*,#4208,.T.);
#3178=ORIENTED_EDGE('',*,*,#4194,.F.);
#3179=ORIENTED_EDGE('',*,*,#4187,.T.);
#3180=ORIENTED_EDGE('',*,*,#4209,.T.);
#3181=ORIENTED_EDGE('',*,*,#4192,.F.);
#3182=ORIENTED_EDGE('',*,*,#4210,.T.);
#3183=ORIENTED_EDGE('',*,*,#4176,.F.);
#3184=ORIENTED_EDGE('',*,*,#4211,.T.);
#3185=ORIENTED_EDGE('',*,*,#4197,.F.);
#3186=ORIENTED_EDGE('',*,*,#4212,.T.);
#3187=ORIENTED_EDGE('',*,*,#4199,.F.);
#3188=ORIENTED_EDGE('',*,*,#4213,.T.);
#3189=ORIENTED_EDGE('',*,*,#4214,.T.);
#3190=ORIENTED_EDGE('',*,*,#4215,.T.);
#3191=ORIENTED_EDGE('',*,*,#4216,.T.);
#3192=ORIENTED_EDGE('',*,*,#4217,.T.);
#3193=ORIENTED_EDGE('',*,*,#4190,.F.);
#3194=ORIENTED_EDGE('',*,*,#4218,.T.);
#3195=ORIENTED_EDGE('',*,*,#4212,.F.);
#3196=ORIENTED_EDGE('',*,*,#4182,.F.);
#3197=ORIENTED_EDGE('',*,*,#4205,.F.);
#3198=ORIENTED_EDGE('',*,*,#4209,.F.);
#3199=ORIENTED_EDGE('',*,*,#4186,.F.);
#3200=ORIENTED_EDGE('',*,*,#4213,.F.);
#3201=ORIENTED_EDGE('',*,*,#4210,.F.);
#3202=ORIENTED_EDGE('',*,*,#4219,.F.);
#3203=ORIENTED_EDGE('',*,*,#4202,.F.);
#3204=ORIENTED_EDGE('',*,*,#4219,.T.);
#3205=ORIENTED_EDGE('',*,*,#4191,.F.);
#3206=ORIENTED_EDGE('',*,*,#4220,.F.);
#3207=ORIENTED_EDGE('',*,*,#4203,.F.);
#3208=ORIENTED_EDGE('',*,*,#4208,.F.);
#3209=ORIENTED_EDGE('',*,*,#4221,.F.);
#3210=ORIENTED_EDGE('',*,*,#4211,.F.);
#3211=ORIENTED_EDGE('',*,*,#4220,.T.);
#3212=ORIENTED_EDGE('',*,*,#4217,.F.);
#3213=ORIENTED_EDGE('',*,*,#4222,.F.);
#3214=ORIENTED_EDGE('',*,*,#4204,.F.);
#3215=ORIENTED_EDGE('',*,*,#4221,.T.);
#3216=ORIENTED_EDGE('',*,*,#4207,.F.);
#3217=ORIENTED_EDGE('',*,*,#4223,.F.);
#3218=ORIENTED_EDGE('',*,*,#4193,.F.);
#3219=ORIENTED_EDGE('',*,*,#4222,.T.);
#3220=ORIENTED_EDGE('',*,*,#4216,.F.);
#3221=ORIENTED_EDGE('',*,*,#4215,.F.);
#3222=ORIENTED_EDGE('',*,*,#4214,.F.);
#3223=ORIENTED_EDGE('',*,*,#4224,.T.);
#3224=ORIENTED_EDGE('',*,*,#4201,.F.);
#3225=ORIENTED_EDGE('',*,*,#4223,.T.);
#3226=ORIENTED_EDGE('',*,*,#4206,.F.);
#3227=ORIENTED_EDGE('',*,*,#4224,.F.);
#3228=ORIENTED_EDGE('',*,*,#4218,.F.);
#3229=ORIENTED_EDGE('',*,*,#4225,.T.);
#3230=ORIENTED_EDGE('',*,*,#4226,.T.);
#3231=ORIENTED_EDGE('',*,*,#4227,.T.);
#3232=ORIENTED_EDGE('',*,*,#4228,.T.);
#3233=ORIENTED_EDGE('',*,*,#4229,.F.);
#3234=ORIENTED_EDGE('',*,*,#4229,.T.);
#3235=ORIENTED_EDGE('',*,*,#4230,.F.);
#3236=ORIENTED_EDGE('',*,*,#4230,.T.);
#3237=ORIENTED_EDGE('',*,*,#4162,.T.);
#3238=ORIENTED_EDGE('',*,*,#4231,.F.);
#3239=ORIENTED_EDGE('',*,*,#4228,.F.);
#3240=ORIENTED_EDGE('',*,*,#4232,.F.);
#3241=ORIENTED_EDGE('',*,*,#4184,.F.);
#3242=ORIENTED_EDGE('',*,*,#4232,.T.);
#3243=ORIENTED_EDGE('',*,*,#4227,.F.);
#3244=ORIENTED_EDGE('',*,*,#4233,.F.);
#3245=ORIENTED_EDGE('',*,*,#4196,.F.);
#3246=ORIENTED_EDGE('',*,*,#4231,.T.);
#3247=ORIENTED_EDGE('',*,*,#4188,.F.);
#3248=ORIENTED_EDGE('',*,*,#4234,.F.);
#3249=ORIENTED_EDGE('',*,*,#4225,.F.);
#3250=ORIENTED_EDGE('',*,*,#4233,.T.);
#3251=ORIENTED_EDGE('',*,*,#4226,.F.);
#3252=ORIENTED_EDGE('',*,*,#4234,.T.);
#3253=ORIENTED_EDGE('',*,*,#4179,.F.);
#3254=ORIENTED_EDGE('',*,*,#4235,.F.);
#3255=ORIENTED_EDGE('',*,*,#4236,.F.);
#3256=ORIENTED_EDGE('',*,*,#4237,.F.);
#3257=ORIENTED_EDGE('',*,*,#4238,.F.);
#3258=ORIENTED_EDGE('',*,*,#4239,.F.);
#3259=ORIENTED_EDGE('',*,*,#4240,.F.);
#3260=ORIENTED_EDGE('',*,*,#4241,.F.);
#3261=ORIENTED_EDGE('',*,*,#4242,.F.);
#3262=ORIENTED_EDGE('',*,*,#4243,.F.);
#3263=ORIENTED_EDGE('',*,*,#4244,.F.);
#3264=ORIENTED_EDGE('',*,*,#4245,.F.);
#3265=ORIENTED_EDGE('',*,*,#4246,.F.);
#3266=ORIENTED_EDGE('',*,*,#4247,.F.);
#3267=ORIENTED_EDGE('',*,*,#4248,.F.);
#3268=ORIENTED_EDGE('',*,*,#4249,.F.);
#3269=ORIENTED_EDGE('',*,*,#4250,.F.);
#3270=ORIENTED_EDGE('',*,*,#4251,.T.);
#3271=ORIENTED_EDGE('',*,*,#4252,.T.);
#3272=ORIENTED_EDGE('',*,*,#4253,.T.);
#3273=ORIENTED_EDGE('',*,*,#4252,.F.);
#3274=ORIENTED_EDGE('',*,*,#4254,.T.);
#3275=ORIENTED_EDGE('',*,*,#4255,.F.);
#3276=ORIENTED_EDGE('',*,*,#4250,.T.);
#3277=ORIENTED_EDGE('',*,*,#4256,.T.);
#3278=ORIENTED_EDGE('',*,*,#4257,.F.);
#3279=ORIENTED_EDGE('',*,*,#4258,.T.);
#3280=ORIENTED_EDGE('',*,*,#4257,.T.);
#3281=ORIENTED_EDGE('',*,*,#4259,.T.);
#3282=ORIENTED_EDGE('',*,*,#4255,.T.);
#3283=ORIENTED_EDGE('',*,*,#4260,.F.);
#3284=ORIENTED_EDGE('',*,*,#4261,.T.);
#3285=ORIENTED_EDGE('',*,*,#4262,.F.);
#3286=ORIENTED_EDGE('',*,*,#4263,.T.);
#3287=ORIENTED_EDGE('',*,*,#4264,.T.);
#3288=ORIENTED_EDGE('',*,*,#4265,.T.);
#3289=ORIENTED_EDGE('',*,*,#4266,.T.);
#3290=ORIENTED_EDGE('',*,*,#4267,.T.);
#3291=ORIENTED_EDGE('',*,*,#4268,.F.);
#3292=ORIENTED_EDGE('',*,*,#4269,.T.);
#3293=ORIENTED_EDGE('',*,*,#4268,.T.);
#3294=ORIENTED_EDGE('',*,*,#4259,.F.);
#3295=ORIENTED_EDGE('',*,*,#4256,.F.);
#3296=ORIENTED_EDGE('',*,*,#4249,.T.);
#3297=ORIENTED_EDGE('',*,*,#4253,.F.);
#3298=ORIENTED_EDGE('',*,*,#4263,.F.);
#3299=ORIENTED_EDGE('',*,*,#4270,.F.);
#3300=ORIENTED_EDGE('',*,*,#4261,.F.);
#3301=ORIENTED_EDGE('',*,*,#4260,.T.);
#3302=ORIENTED_EDGE('',*,*,#4254,.F.);
#3303=ORIENTED_EDGE('',*,*,#4251,.F.);
#3304=ORIENTED_EDGE('',*,*,#4258,.F.);
#3305=ORIENTED_EDGE('',*,*,#4264,.F.);
#3306=ORIENTED_EDGE('',*,*,#4271,.F.);
#3307=ORIENTED_EDGE('',*,*,#4272,.F.);
#3308=ORIENTED_EDGE('',*,*,#4273,.T.);
#3309=ORIENTED_EDGE('',*,*,#4274,.F.);
#3310=ORIENTED_EDGE('',*,*,#4275,.F.);
#3311=ORIENTED_EDGE('',*,*,#4276,.T.);
#3312=ORIENTED_EDGE('',*,*,#4277,.F.);
#3313=ORIENTED_EDGE('',*,*,#4273,.F.);
#3314=ORIENTED_EDGE('',*,*,#4278,.F.);
#3315=ORIENTED_EDGE('',*,*,#4279,.T.);
#3316=ORIENTED_EDGE('',*,*,#4276,.F.);
#3317=ORIENTED_EDGE('',*,*,#4280,.F.);
#3318=ORIENTED_EDGE('',*,*,#4281,.F.);
#3319=ORIENTED_EDGE('',*,*,#4279,.F.);
#3320=ORIENTED_EDGE('',*,*,#4282,.F.);
#3321=ORIENTED_EDGE('',*,*,#4283,.F.);
#3322=ORIENTED_EDGE('',*,*,#4284,.T.);
#3323=ORIENTED_EDGE('',*,*,#4285,.T.);
#3324=ORIENTED_EDGE('',*,*,#4286,.F.);
#3325=ORIENTED_EDGE('',*,*,#4284,.F.);
#3326=ORIENTED_EDGE('',*,*,#4287,.T.);
#3327=ORIENTED_EDGE('',*,*,#4288,.F.);
#3328=ORIENTED_EDGE('',*,*,#4285,.F.);
#3329=ORIENTED_EDGE('',*,*,#4289,.F.);
#3330=ORIENTED_EDGE('',*,*,#4290,.F.);
#3331=ORIENTED_EDGE('',*,*,#4291,.F.);
#3332=ORIENTED_EDGE('',*,*,#4287,.F.);
#3333=ORIENTED_EDGE('',*,*,#4292,.F.);
#3334=ORIENTED_EDGE('',*,*,#4293,.F.);
#3335=ORIENTED_EDGE('',*,*,#4294,.T.);
#3336=ORIENTED_EDGE('',*,*,#4295,.T.);
#3337=ORIENTED_EDGE('',*,*,#4296,.F.);
#3338=ORIENTED_EDGE('',*,*,#4294,.F.);
#3339=ORIENTED_EDGE('',*,*,#4297,.F.);
#3340=ORIENTED_EDGE('',*,*,#4298,.T.);
#3341=ORIENTED_EDGE('',*,*,#4299,.F.);
#3342=ORIENTED_EDGE('',*,*,#4295,.F.);
#3343=ORIENTED_EDGE('',*,*,#4300,.F.);
#3344=ORIENTED_EDGE('',*,*,#4301,.F.);
#3345=ORIENTED_EDGE('',*,*,#4298,.F.);
#3346=ORIENTED_EDGE('',*,*,#4302,.F.);
#3347=ORIENTED_EDGE('',*,*,#4303,.F.);
#3348=ORIENTED_EDGE('',*,*,#4304,.T.);
#3349=ORIENTED_EDGE('',*,*,#4305,.T.);
#3350=ORIENTED_EDGE('',*,*,#4306,.F.);
#3351=ORIENTED_EDGE('',*,*,#4304,.F.);
#3352=ORIENTED_EDGE('',*,*,#4307,.F.);
#3353=ORIENTED_EDGE('',*,*,#4308,.F.);
#3354=ORIENTED_EDGE('',*,*,#4305,.F.);
#3355=ORIENTED_EDGE('',*,*,#4309,.F.);
#3356=ORIENTED_EDGE('',*,*,#4310,.F.);
#3357=ORIENTED_EDGE('',*,*,#4311,.T.);
#3358=ORIENTED_EDGE('',*,*,#4312,.F.);
#3359=ORIENTED_EDGE('',*,*,#4313,.F.);
#3360=ORIENTED_EDGE('',*,*,#4314,.T.);
#3361=ORIENTED_EDGE('',*,*,#4315,.F.);
#3362=ORIENTED_EDGE('',*,*,#4311,.F.);
#3363=ORIENTED_EDGE('',*,*,#4316,.F.);
#3364=ORIENTED_EDGE('',*,*,#4317,.T.);
#3365=ORIENTED_EDGE('',*,*,#4318,.F.);
#3366=ORIENTED_EDGE('',*,*,#4314,.F.);
#3367=ORIENTED_EDGE('',*,*,#4319,.F.);
#3368=ORIENTED_EDGE('',*,*,#4320,.F.);
#3369=ORIENTED_EDGE('',*,*,#4317,.F.);
#3370=ORIENTED_EDGE('',*,*,#4321,.T.);
#3371=ORIENTED_EDGE('',*,*,#4322,.F.);
#3372=ORIENTED_EDGE('',*,*,#4323,.F.);
#3373=ORIENTED_EDGE('',*,*,#4324,.T.);
#3374=ORIENTED_EDGE('',*,*,#4321,.F.);
#3375=ORIENTED_EDGE('',*,*,#4325,.F.);
#3376=ORIENTED_EDGE('',*,*,#4326,.F.);
#3377=ORIENTED_EDGE('',*,*,#4324,.F.);
#3378=ORIENTED_EDGE('',*,*,#4327,.F.);
#3379=ORIENTED_EDGE('',*,*,#4328,.F.);
#3380=ORIENTED_EDGE('',*,*,#4329,.F.);
#3381=ORIENTED_EDGE('',*,*,#4330,.F.);
#3382=ORIENTED_EDGE('',*,*,#4331,.T.);
#3383=ORIENTED_EDGE('',*,*,#4332,.F.);
#3384=ORIENTED_EDGE('',*,*,#4333,.F.);
#3385=ORIENTED_EDGE('',*,*,#4291,.T.);
#3386=ORIENTED_EDGE('',*,*,#4334,.F.);
#3387=ORIENTED_EDGE('',*,*,#4331,.F.);
#3388=ORIENTED_EDGE('',*,*,#4335,.F.);
#3389=ORIENTED_EDGE('',*,*,#4336,.T.);
#3390=ORIENTED_EDGE('',*,*,#4337,.F.);
#3391=ORIENTED_EDGE('',*,*,#4338,.F.);
#3392=ORIENTED_EDGE('',*,*,#4290,.T.);
#3393=ORIENTED_EDGE('',*,*,#4339,.T.);
#3394=ORIENTED_EDGE('',*,*,#4340,.F.);
#3395=ORIENTED_EDGE('',*,*,#4336,.F.);
#3396=ORIENTED_EDGE('',*,*,#4341,.F.);
#3397=ORIENTED_EDGE('',*,*,#4275,.T.);
#3398=ORIENTED_EDGE('',*,*,#4342,.F.);
#3399=ORIENTED_EDGE('',*,*,#4343,.F.);
#3400=ORIENTED_EDGE('',*,*,#4339,.F.);
#3401=ORIENTED_EDGE('',*,*,#4344,.F.);
#3402=ORIENTED_EDGE('',*,*,#4345,.F.);
#3403=ORIENTED_EDGE('',*,*,#4274,.T.);
#3404=ORIENTED_EDGE('',*,*,#4346,.F.);
#3405=ORIENTED_EDGE('',*,*,#4347,.T.);
#3406=ORIENTED_EDGE('',*,*,#4348,.F.);
#3407=ORIENTED_EDGE('',*,*,#4347,.F.);
#3408=ORIENTED_EDGE('',*,*,#4349,.F.);
#3409=ORIENTED_EDGE('',*,*,#4350,.T.);
#3410=ORIENTED_EDGE('',*,*,#4351,.F.);
#3411=ORIENTED_EDGE('',*,*,#4352,.F.);
#3412=ORIENTED_EDGE('',*,*,#4353,.F.);
#3413=ORIENTED_EDGE('',*,*,#4354,.F.);
#3414=ORIENTED_EDGE('',*,*,#4292,.T.);
#3415=ORIENTED_EDGE('',*,*,#4355,.F.);
#3416=ORIENTED_EDGE('',*,*,#4350,.F.);
#3417=ORIENTED_EDGE('',*,*,#4293,.T.);
#3418=ORIENTED_EDGE('',*,*,#4356,.F.);
#3419=ORIENTED_EDGE('',*,*,#4357,.F.);
#3420=ORIENTED_EDGE('',*,*,#4358,.T.);
#3421=ORIENTED_EDGE('',*,*,#4359,.F.);
#3422=ORIENTED_EDGE('',*,*,#4360,.T.);
#3423=ORIENTED_EDGE('',*,*,#4358,.F.);
#3424=ORIENTED_EDGE('',*,*,#4361,.F.);
#3425=ORIENTED_EDGE('',*,*,#4362,.F.);
#3426=ORIENTED_EDGE('',*,*,#4360,.F.);
#3427=ORIENTED_EDGE('',*,*,#4363,.F.);
#3428=ORIENTED_EDGE('',*,*,#4364,.F.);
#3429=ORIENTED_EDGE('',*,*,#4309,.T.);
#3430=ORIENTED_EDGE('',*,*,#4365,.F.);
#3431=ORIENTED_EDGE('',*,*,#4310,.T.);
#3432=ORIENTED_EDGE('',*,*,#4366,.F.);
#3433=ORIENTED_EDGE('',*,*,#4367,.T.);
#3434=ORIENTED_EDGE('',*,*,#4368,.F.);
#3435=ORIENTED_EDGE('',*,*,#4369,.F.);
#3436=ORIENTED_EDGE('',*,*,#4367,.F.);
#3437=ORIENTED_EDGE('',*,*,#4370,.F.);
#3438=ORIENTED_EDGE('',*,*,#4371,.F.);
#3439=ORIENTED_EDGE('',*,*,#4372,.T.);
#3440=ORIENTED_EDGE('',*,*,#4373,.F.);
#3441=ORIENTED_EDGE('',*,*,#4243,.T.);
#3442=ORIENTED_EDGE('',*,*,#4374,.F.);
#3443=ORIENTED_EDGE('',*,*,#4328,.T.);
#3444=ORIENTED_EDGE('',*,*,#4375,.F.);
#3445=ORIENTED_EDGE('',*,*,#4372,.F.);
#3446=ORIENTED_EDGE('',*,*,#4376,.F.);
#3447=ORIENTED_EDGE('',*,*,#4377,.T.);
#3448=ORIENTED_EDGE('',*,*,#4378,.F.);
#3449=ORIENTED_EDGE('',*,*,#4379,.F.);
#3450=ORIENTED_EDGE('',*,*,#4327,.T.);
#3451=ORIENTED_EDGE('',*,*,#4380,.T.);
#3452=ORIENTED_EDGE('',*,*,#4381,.F.);
#3453=ORIENTED_EDGE('',*,*,#4377,.F.);
#3454=ORIENTED_EDGE('',*,*,#4313,.T.);
#3455=ORIENTED_EDGE('',*,*,#4382,.F.);
#3456=ORIENTED_EDGE('',*,*,#4383,.F.);
#3457=ORIENTED_EDGE('',*,*,#4380,.F.);
#3458=ORIENTED_EDGE('',*,*,#4384,.F.);
#3459=ORIENTED_EDGE('',*,*,#4385,.F.);
#3460=ORIENTED_EDGE('',*,*,#4312,.T.);
#3461=ORIENTED_EDGE('',*,*,#4386,.F.);
#3462=ORIENTED_EDGE('',*,*,#4387,.T.);
#3463=ORIENTED_EDGE('',*,*,#4241,.T.);
#3464=ORIENTED_EDGE('',*,*,#4388,.F.);
#3465=ORIENTED_EDGE('',*,*,#4387,.F.);
#3466=ORIENTED_EDGE('',*,*,#4389,.F.);
#3467=ORIENTED_EDGE('',*,*,#4390,.F.);
#3468=ORIENTED_EDGE('',*,*,#4391,.T.);
#3469=ORIENTED_EDGE('',*,*,#4392,.F.);
#3470=ORIENTED_EDGE('',*,*,#4393,.F.);
#3471=ORIENTED_EDGE('',*,*,#4394,.F.);
#3472=ORIENTED_EDGE('',*,*,#4395,.F.);
#3473=ORIENTED_EDGE('',*,*,#4302,.T.);
#3474=ORIENTED_EDGE('',*,*,#4396,.F.);
#3475=ORIENTED_EDGE('',*,*,#4391,.F.);
#3476=ORIENTED_EDGE('',*,*,#4397,.F.);
#3477=ORIENTED_EDGE('',*,*,#4303,.T.);
#3478=ORIENTED_EDGE('',*,*,#4398,.F.);
#3479=ORIENTED_EDGE('',*,*,#4399,.T.);
#3480=ORIENTED_EDGE('',*,*,#4400,.F.);
#3481=ORIENTED_EDGE('',*,*,#4300,.T.);
#3482=ORIENTED_EDGE('',*,*,#4401,.F.);
#3483=ORIENTED_EDGE('',*,*,#4399,.F.);
#3484=ORIENTED_EDGE('',*,*,#4402,.F.);
#3485=ORIENTED_EDGE('',*,*,#4301,.T.);
#3486=ORIENTED_EDGE('',*,*,#4403,.F.);
#3487=ORIENTED_EDGE('',*,*,#4404,.T.);
#3488=ORIENTED_EDGE('',*,*,#4405,.F.);
#3489=ORIENTED_EDGE('',*,*,#4406,.F.);
#3490=ORIENTED_EDGE('',*,*,#4404,.F.);
#3491=ORIENTED_EDGE('',*,*,#4407,.F.);
#3492=ORIENTED_EDGE('',*,*,#4408,.F.);
#3493=ORIENTED_EDGE('',*,*,#4409,.F.);
#3494=ORIENTED_EDGE('',*,*,#4410,.T.);
#3495=ORIENTED_EDGE('',*,*,#4411,.F.);
#3496=ORIENTED_EDGE('',*,*,#4412,.F.);
#3497=ORIENTED_EDGE('',*,*,#4320,.T.);
#3498=ORIENTED_EDGE('',*,*,#4413,.F.);
#3499=ORIENTED_EDGE('',*,*,#4410,.F.);
#3500=ORIENTED_EDGE('',*,*,#4414,.F.);
#3501=ORIENTED_EDGE('',*,*,#4319,.T.);
#3502=ORIENTED_EDGE('',*,*,#4415,.F.);
#3503=ORIENTED_EDGE('',*,*,#4416,.T.);
#3504=ORIENTED_EDGE('',*,*,#4417,.F.);
#3505=ORIENTED_EDGE('',*,*,#4323,.T.);
#3506=ORIENTED_EDGE('',*,*,#4418,.F.);
#3507=ORIENTED_EDGE('',*,*,#4416,.F.);
#3508=ORIENTED_EDGE('',*,*,#4419,.F.);
#3509=ORIENTED_EDGE('',*,*,#4322,.T.);
#3510=ORIENTED_EDGE('',*,*,#4420,.F.);
#3511=ORIENTED_EDGE('',*,*,#4421,.T.);
#3512=ORIENTED_EDGE('',*,*,#4422,.F.);
#3513=ORIENTED_EDGE('',*,*,#4423,.F.);
#3514=ORIENTED_EDGE('',*,*,#4421,.F.);
#3515=ORIENTED_EDGE('',*,*,#4424,.F.);
#3516=ORIENTED_EDGE('',*,*,#4425,.T.);
#3517=ORIENTED_EDGE('',*,*,#4426,.F.);
#3518=ORIENTED_EDGE('',*,*,#4427,.F.);
#3519=ORIENTED_EDGE('',*,*,#4428,.F.);
#3520=ORIENTED_EDGE('',*,*,#4429,.F.);
#3521=ORIENTED_EDGE('',*,*,#4282,.T.);
#3522=ORIENTED_EDGE('',*,*,#4430,.F.);
#3523=ORIENTED_EDGE('',*,*,#4425,.F.);
#3524=ORIENTED_EDGE('',*,*,#4431,.F.);
#3525=ORIENTED_EDGE('',*,*,#4283,.T.);
#3526=ORIENTED_EDGE('',*,*,#4432,.F.);
#3527=ORIENTED_EDGE('',*,*,#4433,.T.);
#3528=ORIENTED_EDGE('',*,*,#4434,.F.);
#3529=ORIENTED_EDGE('',*,*,#4280,.T.);
#3530=ORIENTED_EDGE('',*,*,#4435,.F.);
#3531=ORIENTED_EDGE('',*,*,#4433,.F.);
#3532=ORIENTED_EDGE('',*,*,#4436,.F.);
#3533=ORIENTED_EDGE('',*,*,#4281,.T.);
#3534=ORIENTED_EDGE('',*,*,#4437,.F.);
#3535=ORIENTED_EDGE('',*,*,#4438,.T.);
#3536=ORIENTED_EDGE('',*,*,#4439,.F.);
#3537=ORIENTED_EDGE('',*,*,#4440,.F.);
#3538=ORIENTED_EDGE('',*,*,#4438,.F.);
#3539=ORIENTED_EDGE('',*,*,#4441,.F.);
#3540=ORIENTED_EDGE('',*,*,#4442,.F.);
#3541=ORIENTED_EDGE('',*,*,#4351,.T.);
#3542=ORIENTED_EDGE('',*,*,#4443,.F.);
#3543=ORIENTED_EDGE('',*,*,#4406,.T.);
#3544=ORIENTED_EDGE('',*,*,#4444,.F.);
#3545=ORIENTED_EDGE('',*,*,#4389,.T.);
#3546=ORIENTED_EDGE('',*,*,#4445,.F.);
#3547=ORIENTED_EDGE('',*,*,#4409,.T.);
#3548=ORIENTED_EDGE('',*,*,#4446,.F.);
#3549=ORIENTED_EDGE('',*,*,#4369,.T.);
#3550=ORIENTED_EDGE('',*,*,#4447,.F.);
#3551=ORIENTED_EDGE('',*,*,#4392,.T.);
#3552=ORIENTED_EDGE('',*,*,#4448,.F.);
#3553=ORIENTED_EDGE('',*,*,#4371,.T.);
#3554=ORIENTED_EDGE('',*,*,#4449,.F.);
#3555=ORIENTED_EDGE('',*,*,#4424,.T.);
#3556=ORIENTED_EDGE('',*,*,#4450,.F.);
#3557=ORIENTED_EDGE('',*,*,#4349,.T.);
#3558=ORIENTED_EDGE('',*,*,#4451,.F.);
#3559=ORIENTED_EDGE('',*,*,#4440,.T.);
#3560=ORIENTED_EDGE('',*,*,#4452,.F.);
#3561=ORIENTED_EDGE('',*,*,#4330,.T.);
#3562=ORIENTED_EDGE('',*,*,#4453,.F.);
#3563=ORIENTED_EDGE('',*,*,#4426,.T.);
#3564=ORIENTED_EDGE('',*,*,#4401,.T.);
#3565=ORIENTED_EDGE('',*,*,#4297,.T.);
#3566=ORIENTED_EDGE('',*,*,#4359,.T.);
#3567=ORIENTED_EDGE('',*,*,#4454,.F.);
#3568=ORIENTED_EDGE('',*,*,#4455,.F.);
#3569=ORIENTED_EDGE('',*,*,#4335,.T.);
#3570=ORIENTED_EDGE('',*,*,#4289,.T.);
#3571=ORIENTED_EDGE('',*,*,#4431,.T.);
#3572=ORIENTED_EDGE('',*,*,#4456,.F.);
#3573=ORIENTED_EDGE('',*,*,#4457,.F.);
#3574=ORIENTED_EDGE('',*,*,#4415,.T.);
#3575=ORIENTED_EDGE('',*,*,#4316,.T.);
#3576=ORIENTED_EDGE('',*,*,#4384,.T.);
#3577=ORIENTED_EDGE('',*,*,#4458,.F.);
#3578=ORIENTED_EDGE('',*,*,#4459,.F.);
#3579=ORIENTED_EDGE('',*,*,#4435,.T.);
#3580=ORIENTED_EDGE('',*,*,#4278,.T.);
#3581=ORIENTED_EDGE('',*,*,#4344,.T.);
#3582=ORIENTED_EDGE('',*,*,#4460,.F.);
#3583=ORIENTED_EDGE('',*,*,#4456,.T.);
#3584=ORIENTED_EDGE('',*,*,#4362,.T.);
#3585=ORIENTED_EDGE('',*,*,#4307,.T.);
#3586=ORIENTED_EDGE('',*,*,#4397,.T.);
#3587=ORIENTED_EDGE('',*,*,#4455,.T.);
#3588=ORIENTED_EDGE('',*,*,#4461,.F.);
#3589=ORIENTED_EDGE('',*,*,#4376,.T.);
#3590=ORIENTED_EDGE('',*,*,#4325,.T.);
#3591=ORIENTED_EDGE('',*,*,#4417,.T.);
#3592=ORIENTED_EDGE('',*,*,#4459,.T.);
#3593=ORIENTED_EDGE('',*,*,#4462,.F.);
#3594=ORIENTED_EDGE('',*,*,#4463,.T.);
#3595=ORIENTED_EDGE('',*,*,#4262,.T.);
#3596=ORIENTED_EDGE('',*,*,#4270,.T.);
#3597=ORIENTED_EDGE('',*,*,#4464,.F.);
#3598=ORIENTED_EDGE('',*,*,#4463,.F.);
#3599=ORIENTED_EDGE('',*,*,#4465,.F.);
#3600=ORIENTED_EDGE('',*,*,#4271,.T.);
#3601=ORIENTED_EDGE('',*,*,#4466,.T.);
#3602=ORIENTED_EDGE('',*,*,#4363,.T.);
#3603=ORIENTED_EDGE('',*,*,#4361,.T.);
#3604=ORIENTED_EDGE('',*,*,#4357,.T.);
#3605=ORIENTED_EDGE('',*,*,#4467,.T.);
#3606=ORIENTED_EDGE('',*,*,#4337,.T.);
#3607=ORIENTED_EDGE('',*,*,#4340,.T.);
#3608=ORIENTED_EDGE('',*,*,#4343,.T.);
#3609=ORIENTED_EDGE('',*,*,#4468,.T.);
#3610=ORIENTED_EDGE('',*,*,#4378,.T.);
#3611=ORIENTED_EDGE('',*,*,#4381,.T.);
#3612=ORIENTED_EDGE('',*,*,#4383,.T.);
#3613=ORIENTED_EDGE('',*,*,#4272,.T.);
#3614=ORIENTED_EDGE('',*,*,#4466,.F.);
#3615=ORIENTED_EDGE('',*,*,#4382,.T.);
#3616=ORIENTED_EDGE('',*,*,#4385,.T.);
#3617=ORIENTED_EDGE('',*,*,#4388,.T.);
#3618=ORIENTED_EDGE('',*,*,#4240,.T.);
#3619=ORIENTED_EDGE('',*,*,#4239,.T.);
#3620=ORIENTED_EDGE('',*,*,#4366,.T.);
#3621=ORIENTED_EDGE('',*,*,#4364,.T.);
#3622=ORIENTED_EDGE('',*,*,#4469,.F.);
#3623=ORIENTED_EDGE('',*,*,#4429,.T.);
#3624=ORIENTED_EDGE('',*,*,#4428,.T.);
#3625=ORIENTED_EDGE('',*,*,#4470,.F.);
#3626=ORIENTED_EDGE('',*,*,#4407,.T.);
#3627=ORIENTED_EDGE('',*,*,#4403,.T.);
#3628=ORIENTED_EDGE('',*,*,#4400,.T.);
#3629=ORIENTED_EDGE('',*,*,#4398,.T.);
#3630=ORIENTED_EDGE('',*,*,#4395,.T.);
#3631=ORIENTED_EDGE('',*,*,#4394,.T.);
#3632=ORIENTED_EDGE('',*,*,#4471,.F.);
#3633=ORIENTED_EDGE('',*,*,#4411,.T.);
#3634=ORIENTED_EDGE('',*,*,#4413,.T.);
#3635=ORIENTED_EDGE('',*,*,#4414,.T.);
#3636=ORIENTED_EDGE('',*,*,#4418,.T.);
#3637=ORIENTED_EDGE('',*,*,#4419,.T.);
#3638=ORIENTED_EDGE('',*,*,#4423,.T.);
#3639=ORIENTED_EDGE('',*,*,#4472,.F.);
#3640=ORIENTED_EDGE('',*,*,#4441,.T.);
#3641=ORIENTED_EDGE('',*,*,#4437,.T.);
#3642=ORIENTED_EDGE('',*,*,#4434,.T.);
#3643=ORIENTED_EDGE('',*,*,#4432,.T.);
#3644=ORIENTED_EDGE('',*,*,#4245,.T.);
#3645=ORIENTED_EDGE('',*,*,#4348,.T.);
#3646=ORIENTED_EDGE('',*,*,#4450,.T.);
#3647=ORIENTED_EDGE('',*,*,#4439,.T.);
#3648=ORIENTED_EDGE('',*,*,#4473,.F.);
#3649=ORIENTED_EDGE('',*,*,#4427,.T.);
#3650=ORIENTED_EDGE('',*,*,#4453,.T.);
#3651=ORIENTED_EDGE('',*,*,#4329,.T.);
#3652=ORIENTED_EDGE('',*,*,#4365,.T.);
#3653=ORIENTED_EDGE('',*,*,#4446,.T.);
#3654=ORIENTED_EDGE('',*,*,#4396,.T.);
#3655=ORIENTED_EDGE('',*,*,#4306,.T.);
#3656=ORIENTED_EDGE('',*,*,#4308,.T.);
#3657=ORIENTED_EDGE('',*,*,#4315,.T.);
#3658=ORIENTED_EDGE('',*,*,#4318,.T.);
#3659=ORIENTED_EDGE('',*,*,#4412,.T.);
#3660=ORIENTED_EDGE('',*,*,#4445,.T.);
#3661=ORIENTED_EDGE('',*,*,#4386,.T.);
#3662=ORIENTED_EDGE('',*,*,#4374,.T.);
#3663=ORIENTED_EDGE('',*,*,#4448,.T.);
#3664=ORIENTED_EDGE('',*,*,#4420,.T.);
#3665=ORIENTED_EDGE('',*,*,#4326,.T.);
#3666=ORIENTED_EDGE('',*,*,#4277,.T.);
#3667=ORIENTED_EDGE('',*,*,#4436,.T.);
#3668=ORIENTED_EDGE('',*,*,#4451,.T.);
#3669=ORIENTED_EDGE('',*,*,#4346,.T.);
#3670=ORIENTED_EDGE('',*,*,#4296,.T.);
#3671=ORIENTED_EDGE('',*,*,#4299,.T.);
#3672=ORIENTED_EDGE('',*,*,#4402,.T.);
#3673=ORIENTED_EDGE('',*,*,#4443,.T.);
#3674=ORIENTED_EDGE('',*,*,#4355,.T.);
#3675=ORIENTED_EDGE('',*,*,#4333,.T.);
#3676=ORIENTED_EDGE('',*,*,#4452,.T.);
#3677=ORIENTED_EDGE('',*,*,#4430,.T.);
#3678=ORIENTED_EDGE('',*,*,#4286,.T.);
#3679=ORIENTED_EDGE('',*,*,#4288,.T.);
#3680=ORIENTED_EDGE('',*,*,#4454,.T.);
#3681=ORIENTED_EDGE('',*,*,#4461,.T.);
#3682=ORIENTED_EDGE('',*,*,#4460,.T.);
#3683=ORIENTED_EDGE('',*,*,#4341,.T.);
#3684=ORIENTED_EDGE('',*,*,#4457,.T.);
#3685=ORIENTED_EDGE('',*,*,#4458,.T.);
#3686=ORIENTED_EDGE('',*,*,#4462,.T.);
#3687=ORIENTED_EDGE('',*,*,#4354,.T.);
#3688=ORIENTED_EDGE('',*,*,#4353,.T.);
#3689=ORIENTED_EDGE('',*,*,#4246,.T.);
#3690=ORIENTED_EDGE('',*,*,#4332,.T.);
#3691=ORIENTED_EDGE('',*,*,#4334,.T.);
#3692=ORIENTED_EDGE('',*,*,#4338,.T.);
#3693=ORIENTED_EDGE('',*,*,#4467,.F.);
#3694=ORIENTED_EDGE('',*,*,#4356,.T.);
#3695=ORIENTED_EDGE('',*,*,#4244,.T.);
#3696=ORIENTED_EDGE('',*,*,#4373,.T.);
#3697=ORIENTED_EDGE('',*,*,#4375,.T.);
#3698=ORIENTED_EDGE('',*,*,#4379,.T.);
#3699=ORIENTED_EDGE('',*,*,#4468,.F.);
#3700=ORIENTED_EDGE('',*,*,#4342,.T.);
#3701=ORIENTED_EDGE('',*,*,#4345,.T.);
#3702=ORIENTED_EDGE('',*,*,#4247,.T.);
#3703=ORIENTED_EDGE('',*,*,#4352,.T.);
#3704=ORIENTED_EDGE('',*,*,#4442,.T.);
#3705=ORIENTED_EDGE('',*,*,#4405,.T.);
#3706=ORIENTED_EDGE('',*,*,#4474,.F.);
#3707=ORIENTED_EDGE('',*,*,#4393,.T.);
#3708=ORIENTED_EDGE('',*,*,#4447,.T.);
#3709=ORIENTED_EDGE('',*,*,#4368,.T.);
#3710=ORIENTED_EDGE('',*,*,#4242,.T.);
#3711=ORIENTED_EDGE('',*,*,#4390,.T.);
#3712=ORIENTED_EDGE('',*,*,#4444,.T.);
#3713=ORIENTED_EDGE('',*,*,#4408,.T.);
#3714=ORIENTED_EDGE('',*,*,#4475,.F.);
#3715=ORIENTED_EDGE('',*,*,#4422,.T.);
#3716=ORIENTED_EDGE('',*,*,#4449,.T.);
#3717=ORIENTED_EDGE('',*,*,#4370,.T.);
#3718=ORIENTED_EDGE('',*,*,#4236,.T.);
#3719=ORIENTED_EDGE('',*,*,#4235,.T.);
#3720=ORIENTED_EDGE('',*,*,#4238,.T.);
#3721=ORIENTED_EDGE('',*,*,#4237,.T.);
#3722=ORIENTED_EDGE('',*,*,#4267,.F.);
#3723=ORIENTED_EDGE('',*,*,#4266,.F.);
#3724=ORIENTED_EDGE('',*,*,#4265,.F.);
#3725=ORIENTED_EDGE('',*,*,#4465,.T.);
#3726=ORIENTED_EDGE('',*,*,#4464,.T.);
#3727=ORIENTED_EDGE('',*,*,#4476,.F.);
#3728=ORIENTED_EDGE('',*,*,#4469,.T.);
#3729=ORIENTED_EDGE('',*,*,#4477,.T.);
#3730=ORIENTED_EDGE('',*,*,#4476,.T.);
#3731=ORIENTED_EDGE('',*,*,#4474,.T.);
#3732=ORIENTED_EDGE('',*,*,#4470,.T.);
#3733=ORIENTED_EDGE('',*,*,#4473,.T.);
#3734=ORIENTED_EDGE('',*,*,#4472,.T.);
#3735=ORIENTED_EDGE('',*,*,#4475,.T.);
#3736=ORIENTED_EDGE('',*,*,#4471,.T.);
#3737=ORIENTED_EDGE('',*,*,#4248,.T.);
#3738=ORIENTED_EDGE('',*,*,#4478,.F.);
#3739=ORIENTED_EDGE('',*,*,#4269,.F.);
#3740=ORIENTED_EDGE('',*,*,#4477,.F.);
#3741=ORIENTED_EDGE('',*,*,#4478,.T.);
#3742=VERTEX_POINT('',#5602);
#3743=VERTEX_POINT('',#5604);
#3744=VERTEX_POINT('',#5607);
#3745=VERTEX_POINT('',#5610);
#3746=VERTEX_POINT('',#5614);
#3747=VERTEX_POINT('',#5616);
#3748=VERTEX_POINT('',#5619);
#3749=VERTEX_POINT('',#5622);
#3750=VERTEX_POINT('',#5626);
#3751=VERTEX_POINT('',#5627);
#3752=VERTEX_POINT('',#5629);
#3753=VERTEX_POINT('',#5631);
#3754=VERTEX_POINT('',#5635);
#3755=VERTEX_POINT('',#5636);
#3756=VERTEX_POINT('',#5638);
#3757=VERTEX_POINT('',#5640);
#3758=VERTEX_POINT('',#5642);
#3759=VERTEX_POINT('',#5647);
#3760=VERTEX_POINT('',#5649);
#3761=VERTEX_POINT('',#5651);
#3762=VERTEX_POINT('',#5656);
#3763=VERTEX_POINT('',#5664);
#3764=VERTEX_POINT('',#5666);
#3765=VERTEX_POINT('',#5668);
#3766=VERTEX_POINT('',#5671);
#3767=VERTEX_POINT('',#5673);
#3768=VERTEX_POINT('',#5674);
#3769=VERTEX_POINT('',#5676);
#3770=VERTEX_POINT('',#5678);
#3771=VERTEX_POINT('',#5680);
#3772=VERTEX_POINT('',#5682);
#3773=VERTEX_POINT('',#5684);
#3774=VERTEX_POINT('',#5686);
#3775=VERTEX_POINT('',#5689);
#3776=VERTEX_POINT('',#5710);
#3777=VERTEX_POINT('',#5711);
#3778=VERTEX_POINT('',#5718);
#3779=VERTEX_POINT('',#5720);
#3780=VERTEX_POINT('',#5724);
#3781=VERTEX_POINT('',#5727);
#3782=VERTEX_POINT('',#5730);
#3783=VERTEX_POINT('',#5733);
#3784=VERTEX_POINT('',#5736);
#3785=VERTEX_POINT('',#5739);
#3786=VERTEX_POINT('',#5742);
#3787=VERTEX_POINT('',#5745);
#3788=VERTEX_POINT('',#5748);
#3789=VERTEX_POINT('',#5752);
#3790=VERTEX_POINT('',#5755);
#3791=VERTEX_POINT('',#5758);
#3792=VERTEX_POINT('',#5761);
#3793=VERTEX_POINT('',#5764);
#3794=VERTEX_POINT('',#5767);
#3795=VERTEX_POINT('',#5770);
#3796=VERTEX_POINT('',#5787);
#3797=VERTEX_POINT('',#5789);
#3798=VERTEX_POINT('',#5792);
#3799=VERTEX_POINT('',#5795);
#3800=VERTEX_POINT('',#5799);
#3801=VERTEX_POINT('',#5800);
#3802=VERTEX_POINT('',#5802);
#3803=VERTEX_POINT('',#5804);
#3804=VERTEX_POINT('',#5806);
#3805=VERTEX_POINT('',#5808);
#3806=VERTEX_POINT('',#5821);
#3807=VERTEX_POINT('',#5823);
#3808=VERTEX_POINT('',#5825);
#3809=VERTEX_POINT('',#5826);
#3810=VERTEX_POINT('',#5828);
#3811=VERTEX_POINT('',#5830);
#3812=VERTEX_POINT('',#5832);
#3813=VERTEX_POINT('',#5836);
#3814=VERTEX_POINT('',#5837);
#3815=VERTEX_POINT('',#5839);
#3816=VERTEX_POINT('',#5841);
#3817=VERTEX_POINT('',#5843);
#3818=VERTEX_POINT('',#5845);
#3819=VERTEX_POINT('',#5847);
#3820=VERTEX_POINT('',#5850);
#3821=VERTEX_POINT('',#5852);
#3822=VERTEX_POINT('',#5854);
#3823=VERTEX_POINT('',#5856);
#3824=VERTEX_POINT('',#5861);
#3825=VERTEX_POINT('',#5863);
#3826=VERTEX_POINT('',#5865);
#3827=VERTEX_POINT('',#5869);
#3828=VERTEX_POINT('',#5871);
#3829=VERTEX_POINT('',#5873);
#3830=VERTEX_POINT('',#5877);
#3831=VERTEX_POINT('',#5879);
#3832=VERTEX_POINT('',#5880);
#3833=VERTEX_POINT('',#5882);
#3834=VERTEX_POINT('',#5884);
#3835=VERTEX_POINT('',#5886);
#3836=VERTEX_POINT('',#5888);
#3837=VERTEX_POINT('',#5892);
#3838=VERTEX_POINT('',#5896);
#3839=VERTEX_POINT('',#5897);
#3840=VERTEX_POINT('',#5902);
#3841=VERTEX_POINT('',#5924);
#3842=VERTEX_POINT('',#5927);
#3843=VERTEX_POINT('',#5940);
#3844=VERTEX_POINT('',#5942);
#3845=VERTEX_POINT('',#5944);
#3846=VERTEX_POINT('',#5945);
#3847=VERTEX_POINT('',#5947);
#3848=VERTEX_POINT('',#5949);
#3849=VERTEX_POINT('',#5953);
#3850=VERTEX_POINT('',#5955);
#3851=VERTEX_POINT('',#5959);
#3852=VERTEX_POINT('',#5963);
#3853=VERTEX_POINT('',#5969);
#3854=VERTEX_POINT('',#5970);
#3855=VERTEX_POINT('',#5974);
#3856=VERTEX_POINT('',#5975);
#3857=VERTEX_POINT('',#5986);
#3858=VERTEX_POINT('',#5988);
#3859=VERTEX_POINT('',#5990);
#3860=VERTEX_POINT('',#5994);
#3861=VERTEX_POINT('',#5995);
#3862=VERTEX_POINT('',#6006);
#3863=VERTEX_POINT('',#6008);
#3864=VERTEX_POINT('',#6010);
#3865=VERTEX_POINT('',#6017);
#3866=VERTEX_POINT('',#6018);
#3867=VERTEX_POINT('',#6020);
#3868=VERTEX_POINT('',#6022);
#3869=VERTEX_POINT('',#6032);
#3870=VERTEX_POINT('',#6033);
#3871=VERTEX_POINT('',#6035);
#3872=VERTEX_POINT('',#6037);
#3873=VERTEX_POINT('',#6101);
#3874=VERTEX_POINT('',#6103);
#3875=VERTEX_POINT('',#6132);
#3876=VERTEX_POINT('',#6134);
#3877=VERTEX_POINT('',#6256);
#3878=VERTEX_POINT('',#6257);
#3879=VERTEX_POINT('',#6289);
#3880=VERTEX_POINT('',#6297);
#3881=VERTEX_POINT('',#6468);
#3882=VERTEX_POINT('',#6469);
#3883=VERTEX_POINT('',#6480);
#3884=VERTEX_POINT('',#6482);
#3885=VERTEX_POINT('',#6494);
#3886=VERTEX_POINT('',#6497);
#3887=VERTEX_POINT('',#6548);
#3888=VERTEX_POINT('',#6549);
#3889=VERTEX_POINT('',#6564);
#3890=VERTEX_POINT('',#6575);
#3891=VERTEX_POINT('',#6610);
#3892=VERTEX_POINT('',#6611);
#3893=VERTEX_POINT('',#6616);
#3894=VERTEX_POINT('',#6621);
#3895=VERTEX_POINT('',#6626);
#3896=VERTEX_POINT('',#6631);
#3897=VERTEX_POINT('',#6636);
#3898=VERTEX_POINT('',#6641);
#3899=VERTEX_POINT('',#6646);
#3900=VERTEX_POINT('',#6709);
#3901=VERTEX_POINT('',#7173);
#3902=VERTEX_POINT('',#7174);
#3903=VERTEX_POINT('',#7176);
#3904=VERTEX_POINT('',#7183);
#3905=VERTEX_POINT('',#7187);
#3906=VERTEX_POINT('',#7189);
#3907=VERTEX_POINT('',#7193);
#3908=VERTEX_POINT('',#7195);
#3909=VERTEX_POINT('',#7203);
#3910=VERTEX_POINT('',#7208);
#3911=VERTEX_POINT('',#7210);
#3912=VERTEX_POINT('',#7215);
#3913=VERTEX_POINT('',#7225);
#3914=VERTEX_POINT('',#7226);
#3915=VERTEX_POINT('',#7231);
#3916=VERTEX_POINT('',#7237);
#3917=VERTEX_POINT('',#7240);
#3918=VERTEX_POINT('',#7533);
#3919=VERTEX_POINT('',#7595);
#3920=VERTEX_POINT('',#7601);
#3921=VERTEX_POINT('',#7602);
#3922=VERTEX_POINT('',#7607);
#3923=VERTEX_POINT('',#7632);
#3924=VERTEX_POINT('',#7633);
#3925=VERTEX_POINT('',#7646);
#3926=VERTEX_POINT('',#7653);
#3927=VERTEX_POINT('',#7654);
#3928=VERTEX_POINT('',#7659);
#3929=VERTEX_POINT('',#7672);
#3930=VERTEX_POINT('',#7682);
#3931=VERTEX_POINT('',#7683);
#3932=VERTEX_POINT('',#7694);
#3933=VERTEX_POINT('',#7704);
#3934=VERTEX_POINT('',#7705);
#3935=VERTEX_POINT('',#7710);
#3936=VERTEX_POINT('',#7720);
#3937=VERTEX_POINT('',#7721);
#3938=VERTEX_POINT('',#7735);
#3939=VERTEX_POINT('',#7745);
#3940=VERTEX_POINT('',#7755);
#3941=VERTEX_POINT('',#7756);
#3942=VERTEX_POINT('',#7761);
#3943=VERTEX_POINT('',#7774);
#3944=VERTEX_POINT('',#7784);
#3945=VERTEX_POINT('',#7791);
#3946=VERTEX_POINT('',#7816);
#3947=VERTEX_POINT('',#7817);
#3948=VERTEX_POINT('',#7822);
#3949=VERTEX_POINT('',#7847);
#3950=VERTEX_POINT('',#7848);
#3951=VERTEX_POINT('',#7859);
#3952=VERTEX_POINT('',#7869);
#3953=VERTEX_POINT('',#7876);
#3954=VERTEX_POINT('',#7877);
#3955=VERTEX_POINT('',#7879);
#3956=VERTEX_POINT('',#7918);
#3957=VERTEX_POINT('',#7925);
#3958=VERTEX_POINT('',#8006);
#3959=VERTEX_POINT('',#8011);
#3960=VERTEX_POINT('',#8016);
#3961=VERTEX_POINT('',#8032);
#3962=VERTEX_POINT('',#8037);
#3963=VERTEX_POINT('',#8051);
#3964=VERTEX_POINT('',#8061);
#3965=VERTEX_POINT('',#8062);
#3966=VERTEX_POINT('',#8070);
#3967=VERTEX_POINT('',#8136);
#3968=VERTEX_POINT('',#8146);
#3969=VERTEX_POINT('',#8156);
#3970=VERTEX_POINT('',#8157);
#3971=VERTEX_POINT('',#8162);
#3972=VERTEX_POINT('',#8200);
#3973=VERTEX_POINT('',#8205);
#3974=VERTEX_POINT('',#8210);
#3975=VERTEX_POINT('',#8231);
#3976=VERTEX_POINT('',#8242);
#3977=VERTEX_POINT('',#8300);
#3978=VERTEX_POINT('',#8350);
#3979=VERTEX_POINT('',#8360);
#3980=VERTEX_POINT('',#8365);
#3981=VERTEX_POINT('',#8369);
#3982=VERTEX_POINT('',#8438);
#3983=VERTEX_POINT('',#8443);
#3984=VERTEX_POINT('',#8448);
#3985=VERTEX_POINT('',#8509);
#3986=VERTEX_POINT('',#8516);
#3987=VERTEX_POINT('',#8541);
#3988=VERTEX_POINT('',#8543);
#3989=VERTEX_POINT('',#8557);
#3990=VERTEX_POINT('',#8617);
#3991=VERTEX_POINT('',#8618);
#3992=VERTEX_POINT('',#8623);
#3993=VERTEX_POINT('',#8628);
#3994=VERTEX_POINT('',#8676);
#3995=VERTEX_POINT('',#8681);
#3996=VERTEX_POINT('',#8703);
#3997=VERTEX_POINT('',#8708);
#3998=VERTEX_POINT('',#8718);
#3999=VERTEX_POINT('',#8719);
#4000=VERTEX_POINT('',#8748);
#4001=VERTEX_POINT('',#8749);
#4002=VERTEX_POINT('',#8754);
#4003=VERTEX_POINT('',#8759);
#4004=VERTEX_POINT('',#8790);
#4005=VERTEX_POINT('',#8795);
#4006=VERTEX_POINT('',#8840);
#4007=VERTEX_POINT('',#8842);
#4008=VERTEX_POINT('',#8852);
#4009=VERTEX_POINT('',#8853);
#4010=VERTEX_POINT('',#8902);
#4011=VERTEX_POINT('',#8903);
#4012=VERTEX_POINT('',#8908);
#4013=VERTEX_POINT('',#8913);
#4014=VERTEX_POINT('',#8944);
#4015=VERTEX_POINT('',#8949);
#4016=VERTEX_POINT('',#8968);
#4017=VERTEX_POINT('',#8970);
#4018=VERTEX_POINT('',#8977);
#4019=VERTEX_POINT('',#8978);
#4020=VERTEX_POINT('',#9051);
#4021=VERTEX_POINT('',#9061);
#4022=VERTEX_POINT('',#9071);
#4023=VERTEX_POINT('',#9093);
#4024=VERTEX_POINT('',#9096);
#4025=VERTEX_POINT('',#9099);
#4026=VERTEX_POINT('',#9107);
#4027=VERTEX_POINT('',#9443);
#4028=VERTEX_POINT('',#9446);
#4029=VERTEX_POINT('',#9450);
#4030=EDGE_CURVE('',#3742,#3742,#4479,.T.);
#4031=EDGE_CURVE('',#3743,#3743,#4480,.T.);
#4032=EDGE_CURVE('',#3744,#3744,#4481,.T.);
#4033=EDGE_CURVE('',#3745,#3745,#4482,.T.);
#4034=EDGE_CURVE('',#3746,#3746,#4483,.T.);
#4035=EDGE_CURVE('',#3747,#3747,#4484,.T.);
#4036=EDGE_CURVE('',#3748,#3748,#4485,.T.);
#4037=EDGE_CURVE('',#3749,#3749,#4486,.T.);
#4038=EDGE_CURVE('',#3750,#3751,#719,.T.);
#4039=EDGE_CURVE('',#3750,#3752,#720,.T.);
#4040=EDGE_CURVE('',#3753,#3752,#721,.T.);
#4041=EDGE_CURVE('',#3751,#3753,#722,.T.);
#4042=EDGE_CURVE('',#3754,#3755,#723,.T.);
#4043=EDGE_CURVE('',#3755,#3756,#724,.T.);
#4044=EDGE_CURVE('',#3757,#3756,#725,.T.);
#4045=EDGE_CURVE('',#3758,#3757,#726,.T.);
#4046=EDGE_CURVE('',#3754,#3758,#727,.T.);
#4047=EDGE_CURVE('',#3751,#3756,#728,.T.);
#4048=EDGE_CURVE('',#3753,#3759,#729,.T.);
#4049=EDGE_CURVE('',#3760,#3759,#730,.T.);
#4050=EDGE_CURVE('',#3760,#3761,#731,.T.);
#4051=EDGE_CURVE('',#3761,#3762,#363,.T.);
#4052=EDGE_CURVE('',#3762,#3757,#364,.T.);
#4053=EDGE_CURVE('',#3763,#3763,#4487,.T.);
#4054=EDGE_CURVE('',#3764,#3764,#4488,.T.);
#4055=EDGE_CURVE('',#3765,#3765,#4489,.T.);
#4056=EDGE_CURVE('',#3766,#3766,#4490,.T.);
#4057=EDGE_CURVE('',#3767,#3768,#732,.T.);
#4058=EDGE_CURVE('',#3768,#3769,#733,.T.);
#4059=EDGE_CURVE('',#3769,#3770,#734,.T.);
#4060=EDGE_CURVE('',#3770,#3771,#735,.T.);
#4061=EDGE_CURVE('',#3771,#3772,#4491,.T.);
#4062=EDGE_CURVE('',#3772,#3773,#736,.T.);
#4063=EDGE_CURVE('',#3773,#3774,#4492,.T.);
#4064=EDGE_CURVE('',#3774,#3754,#737,.T.);
#4065=EDGE_CURVE('',#3758,#3775,#4493,.T.);
#4066=EDGE_CURVE('',#3775,#3767,#365,.T.);
#4067=EDGE_CURVE('',#3750,#3755,#738,.T.);
#4068=EDGE_CURVE('',#3773,#3774,#356,.T.);
#4069=EDGE_CURVE('',#3771,#3772,#357,.T.);
#4070=EDGE_CURVE('',#3752,#3770,#739,.T.);
#4071=EDGE_CURVE('',#3768,#3760,#740,.T.);
#4072=EDGE_CURVE('',#3769,#3759,#741,.T.);
#4073=EDGE_CURVE('',#3776,#3777,#366,.T.);
#4074=EDGE_CURVE('',#3777,#3776,#367,.T.);
#4075=EDGE_CURVE('',#3778,#3778,#4494,.T.);
#4076=EDGE_CURVE('',#3779,#3779,#4495,.T.);
#4077=EDGE_CURVE('',#3780,#3780,#4496,.T.);
#4078=EDGE_CURVE('',#3781,#3781,#4497,.T.);
#4079=EDGE_CURVE('',#3782,#3782,#4498,.T.);
#4080=EDGE_CURVE('',#3783,#3783,#4499,.T.);
#4081=EDGE_CURVE('',#3784,#3784,#4500,.T.);
#4082=EDGE_CURVE('',#3785,#3785,#4501,.T.);
#4083=EDGE_CURVE('',#3786,#3786,#4502,.T.);
#4084=EDGE_CURVE('',#3787,#3787,#4503,.T.);
#4085=EDGE_CURVE('',#3788,#3788,#4504,.T.);
#4086=EDGE_CURVE('',#3789,#3789,#4505,.T.);
#4087=EDGE_CURVE('',#3790,#3790,#4506,.T.);
#4088=EDGE_CURVE('',#3791,#3791,#4507,.T.);
#4089=EDGE_CURVE('',#3792,#3792,#4508,.T.);
#4090=EDGE_CURVE('',#3793,#3793,#4509,.T.);
#4091=EDGE_CURVE('',#3794,#3794,#4510,.T.);
#4092=EDGE_CURVE('',#3795,#3795,#4511,.T.);
#4093=EDGE_CURVE('',#3761,#3767,#742,.T.);
#4094=EDGE_CURVE('',#3762,#3775,#368,.T.);
#4095=EDGE_CURVE('',#3796,#3796,#4512,.T.);
#4096=EDGE_CURVE('',#3797,#3797,#4513,.T.);
#4097=EDGE_CURVE('',#3798,#3798,#4514,.T.);
#4098=EDGE_CURVE('',#3799,#3799,#4515,.T.);
#4099=EDGE_CURVE('',#3800,#3801,#743,.T.);
#4100=EDGE_CURVE('',#3800,#3802,#744,.T.);
#4101=EDGE_CURVE('',#3803,#3802,#745,.T.);
#4102=EDGE_CURVE('',#3803,#3804,#746,.T.);
#4103=EDGE_CURVE('',#3804,#3805,#747,.T.);
#4104=EDGE_CURVE('',#3805,#3801,#748,.T.);
#4105=EDGE_CURVE('',#3806,#3806,#370,.T.);
#4106=EDGE_CURVE('',#3807,#3807,#4516,.T.);
#4107=EDGE_CURVE('',#3808,#3809,#749,.T.);
#4108=EDGE_CURVE('',#3808,#3810,#750,.T.);
#4109=EDGE_CURVE('',#3811,#3810,#751,.T.);
#4110=EDGE_CURVE('',#3811,#3812,#4517,.T.);
#4111=EDGE_CURVE('',#3812,#3809,#752,.T.);
#4112=EDGE_CURVE('',#3813,#3814,#753,.T.);
#4113=EDGE_CURVE('',#3815,#3813,#754,.T.);
#4114=EDGE_CURVE('',#3816,#3815,#755,.T.);
#4115=EDGE_CURVE('',#3817,#3816,#756,.T.);
#4116=EDGE_CURVE('',#3818,#3817,#757,.T.);
#4117=EDGE_CURVE('',#3819,#3818,#758,.T.);
#4118=EDGE_CURVE('',#3814,#3819,#759,.T.);
#4119=EDGE_CURVE('',#3820,#3820,#4518,.T.);
#4120=EDGE_CURVE('',#3800,#3821,#760,.T.);
#4121=EDGE_CURVE('',#3822,#3821,#761,.T.);
#4122=EDGE_CURVE('',#3822,#3823,#4519,.T.);
#4123=EDGE_CURVE('',#3823,#3824,#371,.T.);
#4124=EDGE_CURVE('',#3824,#3825,#762,.T.);
#4125=EDGE_CURVE('',#3826,#3825,#763,.T.);
#4126=EDGE_CURVE('',#3802,#3826,#764,.T.);
#4127=EDGE_CURVE('',#3826,#3827,#765,.T.);
#4128=EDGE_CURVE('',#3827,#3828,#4520,.T.);
#4129=EDGE_CURVE('',#3829,#3828,#766,.T.);
#4130=EDGE_CURVE('',#3829,#3803,#4521,.T.);
#4131=EDGE_CURVE('',#3830,#3830,#4522,.T.);
#4132=EDGE_CURVE('',#3831,#3832,#767,.T.);
#4133=EDGE_CURVE('',#3831,#3833,#768,.T.);
#4134=EDGE_CURVE('',#3834,#3833,#769,.T.);
#4135=EDGE_CURVE('',#3835,#3834,#770,.T.);
#4136=EDGE_CURVE('',#3836,#3835,#771,.T.);
#4137=EDGE_CURVE('',#3832,#3836,#772,.T.);
#4138=EDGE_CURVE('',#3825,#3837,#773,.T.);
#4139=EDGE_CURVE('',#3837,#3827,#774,.T.);
#4140=EDGE_CURVE('',#3838,#3839,#775,.T.);
#4141=EDGE_CURVE('',#3813,#3839,#776,.T.);
#4142=EDGE_CURVE('',#3814,#3838,#777,.T.);
#4143=EDGE_CURVE('',#3839,#3840,#778,.T.);
#4144=EDGE_CURVE('',#3840,#3815,#779,.T.);
#4145=EDGE_CURVE('',#3840,#3831,#780,.T.);
#4146=EDGE_CURVE('',#3816,#3832,#781,.T.);
#4147=EDGE_CURVE('',#3817,#3836,#782,.T.);
#4148=EDGE_CURVE('',#3818,#3835,#783,.T.);
#4149=EDGE_CURVE('',#3819,#3834,#784,.T.);
#4150=EDGE_CURVE('',#3833,#3838,#785,.T.);
#4151=EDGE_CURVE('',#3821,#3809,#786,.T.);
#4152=EDGE_CURVE('',#3822,#3812,#787,.T.);
#4153=EDGE_CURVE('',#3824,#3811,#788,.T.);
#4154=EDGE_CURVE('',#3828,#3841,#789,.T.);
#4155=EDGE_CURVE('',#3831,#3841,#790,.T.);
#4156=EDGE_CURVE('',#3842,#3833,#791,.T.);
#4157=EDGE_CURVE('',#3842,#3829,#792,.T.);
#4158=EDGE_CURVE('',#3810,#3805,#4523,.T.);
#4159=EDGE_CURVE('',#3804,#3842,#4524,.T.);
#4160=EDGE_CURVE('',#3841,#3837,#4525,.T.);
#4161=EDGE_CURVE('',#3801,#3808,#358,.T.);
#4162=EDGE_CURVE('',#3843,#3843,#4526,.T.);
#4163=EDGE_CURVE('',#3844,#3844,#4527,.T.);
#4164=EDGE_CURVE('',#3845,#3846,#793,.T.);
#4165=EDGE_CURVE('',#3846,#3847,#794,.T.);
#4166=EDGE_CURVE('',#3847,#3848,#795,.T.);
#4167=EDGE_CURVE('',#3848,#3845,#796,.T.);
#4168=EDGE_CURVE('',#3845,#3849,#797,.T.);
#4169=EDGE_CURVE('',#3850,#3849,#798,.T.);
#4170=EDGE_CURVE('',#3846,#3850,#799,.T.);
#4171=EDGE_CURVE('',#3848,#3851,#800,.T.);
#4172=EDGE_CURVE('',#3849,#3851,#801,.T.);
#4173=EDGE_CURVE('',#3847,#3852,#802,.T.);
#4174=EDGE_CURVE('',#3851,#3852,#803,.T.);
#4175=EDGE_CURVE('',#3852,#3850,#804,.T.);
#4176=EDGE_CURVE('',#3853,#3854,#4528,.T.);
#4177=EDGE_CURVE('',#3854,#3853,#4529,.T.);
#4178=EDGE_CURVE('',#3855,#3856,#805,.T.);
#4179=EDGE_CURVE('',#3855,#3857,#372,.T.);
#4180=EDGE_CURVE('',#3858,#3857,#4530,.T.);
#4181=EDGE_CURVE('',#3859,#3858,#806,.T.);
#4182=EDGE_CURVE('',#3859,#3856,#4531,.T.);
#4183=EDGE_CURVE('',#3860,#3861,#4532,.T.);
#4184=EDGE_CURVE('',#3860,#3862,#373,.T.);
#4185=EDGE_CURVE('',#3863,#3862,#807,.T.);
#4186=EDGE_CURVE('',#3863,#3864,#4533,.T.);
#4187=EDGE_CURVE('',#3861,#3864,#808,.T.);
#4188=EDGE_CURVE('',#3857,#3860,#4534,.T.);
#4189=EDGE_CURVE('',#3858,#3861,#4535,.T.);
#4190=EDGE_CURVE('',#3865,#3866,#809,.T.);
#4191=EDGE_CURVE('',#3866,#3867,#810,.T.);
#4192=EDGE_CURVE('',#3867,#3868,#4536,.T.);
#4193=EDGE_CURVE('',#3868,#3865,#811,.T.);
#4194=EDGE_CURVE('',#3861,#3853,#812,.T.);
#4195=EDGE_CURVE('',#3858,#3854,#813,.T.);
#4196=EDGE_CURVE('',#3862,#3855,#4537,.T.);
#4197=EDGE_CURVE('',#3856,#3863,#4538,.T.);
#4198=EDGE_CURVE('',#3869,#3870,#814,.T.);
#4199=EDGE_CURVE('',#3869,#3871,#4539,.T.);
#4200=EDGE_CURVE('',#3871,#3872,#815,.T.);
#4201=EDGE_CURVE('',#3872,#3870,#374,.T.);
#4202=EDGE_CURVE('',#3854,#3873,#375,.T.);
#4203=EDGE_CURVE('',#3873,#3874,#816,.T.);
#4204=EDGE_CURVE('',#3874,#3872,#376,.T.);
#4205=EDGE_CURVE('',#3871,#3859,#377,.T.);
#4206=EDGE_CURVE('',#3870,#3875,#378,.T.);
#4207=EDGE_CURVE('',#3875,#3876,#817,.T.);
#4208=EDGE_CURVE('',#3876,#3853,#379,.T.);
#4209=EDGE_CURVE('',#3864,#3869,#380,.T.);
#4210=EDGE_CURVE('',#3867,#3854,#381,.T.);
#4211=EDGE_CURVE('',#3853,#3868,#382,.T.);
#4212=EDGE_CURVE('',#3856,#3871,#383,.T.);
#4213=EDGE_CURVE('',#3869,#3863,#384,.T.);
#4214=EDGE_CURVE('',#3877,#3878,#385,.T.);
#4215=EDGE_CURVE('',#3878,#3879,#386,.T.);
#4216=EDGE_CURVE('',#3879,#3880,#387,.T.);
#4217=EDGE_CURVE('',#3880,#3866,#388,.T.);
#4218=EDGE_CURVE('',#3865,#3877,#389,.T.);
#4219=EDGE_CURVE('',#3873,#3867,#4540,.T.);
#4220=EDGE_CURVE('',#3874,#3866,#391,.T.);
#4221=EDGE_CURVE('',#3868,#3876,#4541,.T.);
#4222=EDGE_CURVE('',#3872,#3880,#4542,.T.);
#4223=EDGE_CURVE('',#3865,#3875,#392,.T.);
#4224=EDGE_CURVE('',#3877,#3870,#4543,.T.);
#4225=EDGE_CURVE('',#3881,#3882,#4544,.T.);
#4226=EDGE_CURVE('',#3882,#3883,#393,.T.);
#4227=EDGE_CURVE('',#3883,#3884,#4545,.T.);
#4228=EDGE_CURVE('',#3884,#3881,#394,.T.);
#4229=EDGE_CURVE('',#3885,#3885,#4546,.T.);
#4230=EDGE_CURVE('',#3886,#3886,#4547,.T.);
#4231=EDGE_CURVE('',#3881,#3860,#4548,.T.);
#4232=EDGE_CURVE('',#3862,#3884,#4549,.T.);
#4233=EDGE_CURVE('',#3855,#3883,#4550,.T.);
#4234=EDGE_CURVE('',#3882,#3857,#4551,.T.);
#4235=EDGE_CURVE('',#3887,#3888,#395,.T.);
#4236=EDGE_CURVE('',#3889,#3887,#396,.T.);
#4237=EDGE_CURVE('',#3890,#3889,#397,.T.);
#4238=EDGE_CURVE('',#3888,#3890,#398,.T.);
#4239=EDGE_CURVE('',#3891,#3892,#399,.T.);
#4240=EDGE_CURVE('',#3893,#3891,#400,.T.);
#4241=EDGE_CURVE('',#3894,#3893,#401,.T.);
#4242=EDGE_CURVE('',#3895,#3894,#402,.T.);
#4243=EDGE_CURVE('',#3896,#3895,#403,.T.);
#4244=EDGE_CURVE('',#3897,#3896,#404,.T.);
#4245=EDGE_CURVE('',#3898,#3897,#405,.T.);
#4246=EDGE_CURVE('',#3899,#3898,#406,.T.);
#4247=EDGE_CURVE('',#3892,#3899,#407,.T.);
#4248=EDGE_CURVE('',#3900,#3900,#408,.T.);
#4249=EDGE_CURVE('',#3901,#3902,#4552,.T.);
#4250=EDGE_CURVE('',#3903,#3901,#818,.T.);
#4251=EDGE_CURVE('',#3903,#3904,#409,.T.);
#4252=EDGE_CURVE('',#3904,#3902,#819,.T.);
#4253=EDGE_CURVE('',#3905,#3902,#820,.T.);
#4254=EDGE_CURVE('',#3904,#3906,#821,.T.);
#4255=EDGE_CURVE('',#3905,#3906,#822,.T.);
#4256=EDGE_CURVE('',#3901,#3907,#823,.T.);
#4257=EDGE_CURVE('',#3908,#3907,#824,.T.);
#4258=EDGE_CURVE('',#3908,#3903,#825,.T.);
#4259=EDGE_CURVE('',#3907,#3905,#4553,.T.);
#4260=EDGE_CURVE('',#3909,#3906,#410,.T.);
#4261=EDGE_CURVE('',#3909,#3910,#411,.T.);
#4262=EDGE_CURVE('',#3911,#3910,#4554,.T.);
#4263=EDGE_CURVE('',#3911,#3912,#412,.T.);
#4264=EDGE_CURVE('',#3912,#3908,#413,.T.);
#4265=EDGE_CURVE('',#3913,#3914,#414,.T.);
#4266=EDGE_CURVE('',#3914,#3915,#415,.T.);
#4267=EDGE_CURVE('',#3915,#3913,#416,.T.);
#4268=EDGE_CURVE('',#3916,#3916,#4555,.T.);
#4269=EDGE_CURVE('',#3917,#3917,#4556,.T.);
#4270=EDGE_CURVE('',#3910,#3911,#417,.T.);
#4271=EDGE_CURVE('',#3918,#3918,#4557,.T.);
#4272=EDGE_CURVE('',#3919,#3919,#418,.T.);
#4273=EDGE_CURVE('',#3920,#3921,#419,.T.);
#4274=EDGE_CURVE('',#3922,#3921,#420,.T.);
#4275=EDGE_CURVE('',#3920,#3922,#421,.T.);
#4276=EDGE_CURVE('',#3923,#3924,#422,.T.);
#4277=EDGE_CURVE('',#3921,#3924,#826,.T.);
#4278=EDGE_CURVE('',#3923,#3920,#423,.T.);
#4279=EDGE_CURVE('',#3923,#3924,#359,.T.);
#4280=EDGE_CURVE('',#3925,#3923,#424,.T.);
#4281=EDGE_CURVE('',#3924,#3925,#360,.T.);
#4282=EDGE_CURVE('',#3926,#3927,#425,.T.);
#4283=EDGE_CURVE('',#3928,#3926,#426,.T.);
#4284=EDGE_CURVE('',#3928,#3927,#427,.T.);
#4285=EDGE_CURVE('',#3928,#3929,#428,.T.);
#4286=EDGE_CURVE('',#3927,#3929,#429,.T.);
#4287=EDGE_CURVE('',#3930,#3931,#430,.T.);
#4288=EDGE_CURVE('',#3929,#3931,#827,.T.);
#4289=EDGE_CURVE('',#3930,#3928,#431,.T.);
#4290=EDGE_CURVE('',#3932,#3930,#432,.T.);
#4291=EDGE_CURVE('',#3931,#3932,#433,.T.);
#4292=EDGE_CURVE('',#3933,#3934,#434,.T.);
#4293=EDGE_CURVE('',#3935,#3933,#435,.T.);
#4294=EDGE_CURVE('',#3935,#3934,#436,.T.);
#4295=EDGE_CURVE('',#3936,#3937,#437,.T.);
#4296=EDGE_CURVE('',#3934,#3937,#828,.T.);
#4297=EDGE_CURVE('',#3936,#3935,#438,.T.);
#4298=EDGE_CURVE('',#3936,#3938,#439,.T.);
#4299=EDGE_CURVE('',#3937,#3938,#440,.T.);
#4300=EDGE_CURVE('',#3939,#3936,#441,.T.);
#4301=EDGE_CURVE('',#3938,#3939,#442,.T.);
#4302=EDGE_CURVE('',#3940,#3941,#443,.T.);
#4303=EDGE_CURVE('',#3942,#3940,#444,.T.);
#4304=EDGE_CURVE('',#3942,#3941,#445,.T.);
#4305=EDGE_CURVE('',#3942,#3943,#446,.T.);
#4306=EDGE_CURVE('',#3941,#3943,#447,.T.);
#4307=EDGE_CURVE('',#3944,#3942,#448,.T.);
#4308=EDGE_CURVE('',#3943,#3944,#829,.T.);
#4309=EDGE_CURVE('',#3945,#3944,#449,.T.);
#4310=EDGE_CURVE('',#3944,#3945,#450,.T.);
#4311=EDGE_CURVE('',#3946,#3947,#451,.T.);
#4312=EDGE_CURVE('',#3948,#3947,#452,.T.);
#4313=EDGE_CURVE('',#3946,#3948,#453,.T.);
#4314=EDGE_CURVE('',#3949,#3950,#454,.T.);
#4315=EDGE_CURVE('',#3947,#3950,#830,.T.);
#4316=EDGE_CURVE('',#3949,#3946,#455,.T.);
#4317=EDGE_CURVE('',#3949,#3951,#456,.T.);
#4318=EDGE_CURVE('',#3950,#3951,#457,.T.);
#4319=EDGE_CURVE('',#3952,#3949,#458,.T.);
#4320=EDGE_CURVE('',#3951,#3952,#459,.T.);
#4321=EDGE_CURVE('',#3953,#3954,#361,.T.);
#4322=EDGE_CURVE('',#3955,#3954,#362,.T.);
#4323=EDGE_CURVE('',#3953,#3955,#460,.T.);
#4324=EDGE_CURVE('',#3953,#3954,#461,.T.);
#4325=EDGE_CURVE('',#3956,#3953,#462,.T.);
#4326=EDGE_CURVE('',#3954,#3956,#831,.T.);
#4327=EDGE_CURVE('',#3957,#3956,#463,.T.);
#4328=EDGE_CURVE('',#3956,#3957,#464,.T.);
#4329=EDGE_CURVE('',#3958,#3898,#465,.T.);
#4330=EDGE_CURVE('',#3959,#3958,#466,.T.);
#4331=EDGE_CURVE('',#3959,#3960,#467,.T.);
#4332=EDGE_CURVE('',#3898,#3960,#468,.T.);
#4333=EDGE_CURVE('',#3931,#3959,#832,.T.);
#4334=EDGE_CURVE('',#3960,#3932,#469,.T.);
#4335=EDGE_CURVE('',#3961,#3930,#470,.T.);
#4336=EDGE_CURVE('',#3961,#3962,#471,.T.);
#4337=EDGE_CURVE('',#3963,#3962,#472,.T.);
#4338=EDGE_CURVE('',#3932,#3963,#473,.T.);
#4339=EDGE_CURVE('',#3964,#3965,#474,.T.);
#4340=EDGE_CURVE('',#3962,#3965,#4558,.T.);
#4341=EDGE_CURVE('',#3964,#3961,#4559,.T.);
#4342=EDGE_CURVE('',#3966,#3922,#475,.T.);
#4343=EDGE_CURVE('',#3965,#3966,#476,.T.);
#4344=EDGE_CURVE('',#3920,#3964,#477,.T.);
#4345=EDGE_CURVE('',#3922,#3897,#478,.T.);
#4346=EDGE_CURVE('',#3967,#3921,#833,.T.);
#4347=EDGE_CURVE('',#3967,#3897,#479,.T.);
#4348=EDGE_CURVE('',#3897,#3968,#480,.T.);
#4349=EDGE_CURVE('',#3968,#3967,#481,.T.);
#4350=EDGE_CURVE('',#3969,#3970,#482,.T.);
#4351=EDGE_CURVE('',#3971,#3970,#483,.T.);
#4352=EDGE_CURVE('',#3899,#3971,#484,.T.);
#4353=EDGE_CURVE('',#3969,#3899,#485,.T.);
#4354=EDGE_CURVE('',#3933,#3969,#486,.T.);
#4355=EDGE_CURVE('',#3970,#3934,#834,.T.);
#4356=EDGE_CURVE('',#3972,#3933,#487,.T.);
#4357=EDGE_CURVE('',#3973,#3972,#488,.T.);
#4358=EDGE_CURVE('',#3973,#3974,#489,.T.);
#4359=EDGE_CURVE('',#3935,#3974,#490,.T.);
#4360=EDGE_CURVE('',#3975,#3974,#491,.T.);
#4361=EDGE_CURVE('',#3975,#3973,#4560,.T.);
#4362=EDGE_CURVE('',#3974,#3944,#492,.T.);
#4363=EDGE_CURVE('',#3976,#3975,#493,.T.);
#4364=EDGE_CURVE('',#3945,#3976,#494,.T.);
#4365=EDGE_CURVE('',#3944,#3977,#835,.T.);
#4366=EDGE_CURVE('',#3892,#3945,#495,.T.);
#4367=EDGE_CURVE('',#3892,#3977,#496,.T.);
#4368=EDGE_CURVE('',#3978,#3892,#497,.T.);
#4369=EDGE_CURVE('',#3977,#3978,#498,.T.);
#4370=EDGE_CURVE('',#3979,#3895,#499,.T.);
#4371=EDGE_CURVE('',#3980,#3979,#500,.T.);
#4372=EDGE_CURVE('',#3980,#3981,#101,.T.);
#4373=EDGE_CURVE('',#3896,#3981,#501,.T.);
#4374=EDGE_CURVE('',#3956,#3980,#836,.T.);
#4375=EDGE_CURVE('',#3981,#3957,#502,.T.);
#4376=EDGE_CURVE('',#3982,#3956,#503,.T.);
#4377=EDGE_CURVE('',#3982,#3983,#504,.T.);
#4378=EDGE_CURVE('',#3984,#3983,#505,.T.);
#4379=EDGE_CURVE('',#3957,#3984,#506,.T.);
#4380=EDGE_CURVE('',#3982,#3985,#507,.T.);
#4381=EDGE_CURVE('',#3983,#3985,#4561,.T.);
#4382=EDGE_CURVE('',#3986,#3948,#508,.T.);
#4383=EDGE_CURVE('',#3985,#3986,#509,.T.);
#4384=EDGE_CURVE('',#3946,#3982,#510,.T.);
#4385=EDGE_CURVE('',#3948,#3987,#511,.T.);
#4386=EDGE_CURVE('',#3988,#3947,#837,.T.);
#4387=EDGE_CURVE('',#3988,#3987,#512,.T.);
#4388=EDGE_CURVE('',#3987,#3893,#513,.T.);
#4389=EDGE_CURVE('',#3989,#3988,#514,.T.);
#4390=EDGE_CURVE('',#3894,#3989,#515,.T.);
#4391=EDGE_CURVE('',#3990,#3991,#4562,.T.);
#4392=EDGE_CURVE('',#3992,#3991,#516,.T.);
#4393=EDGE_CURVE('',#3993,#3992,#517,.T.);
#4394=EDGE_CURVE('',#3990,#3993,#518,.T.);
#4395=EDGE_CURVE('',#3940,#3990,#838,.T.);
#4396=EDGE_CURVE('',#3991,#3941,#839,.T.);
#4397=EDGE_CURVE('',#3942,#3994,#519,.T.);
#4398=EDGE_CURVE('',#3995,#3940,#520,.T.);
#4399=EDGE_CURVE('',#3995,#3994,#521,.T.);
#4400=EDGE_CURVE('',#3939,#3995,#522,.T.);
#4401=EDGE_CURVE('',#3994,#3936,#523,.T.);
#4402=EDGE_CURVE('',#3938,#3996,#524,.T.);
#4403=EDGE_CURVE('',#3997,#3939,#525,.T.);
#4404=EDGE_CURVE('',#3997,#3996,#526,.T.);
#4405=EDGE_CURVE('',#3998,#3999,#527,.T.);
#4406=EDGE_CURVE('',#3996,#3998,#528,.T.);
#4407=EDGE_CURVE('',#3999,#3997,#529,.T.);
#4408=EDGE_CURVE('',#4000,#4001,#530,.T.);
#4409=EDGE_CURVE('',#4002,#4000,#531,.T.);
#4410=EDGE_CURVE('',#4002,#4003,#532,.T.);
#4411=EDGE_CURVE('',#4001,#4003,#533,.T.);
#4412=EDGE_CURVE('',#3951,#4002,#534,.T.);
#4413=EDGE_CURVE('',#4003,#3952,#840,.T.);
#4414=EDGE_CURVE('',#3952,#4004,#535,.T.);
#4415=EDGE_CURVE('',#4005,#3949,#536,.T.);
#4416=EDGE_CURVE('',#4005,#4004,#537,.T.);
#4417=EDGE_CURVE('',#3953,#4005,#538,.T.);
#4418=EDGE_CURVE('',#4004,#3955,#539,.T.);
#4419=EDGE_CURVE('',#3955,#4006,#540,.T.);
#4420=EDGE_CURVE('',#4007,#3954,#841,.T.);
#4421=EDGE_CURVE('',#4007,#4006,#541,.T.);
#4422=EDGE_CURVE('',#4008,#4009,#542,.T.);
#4423=EDGE_CURVE('',#4006,#4008,#543,.T.);
#4424=EDGE_CURVE('',#4009,#4007,#544,.T.);
#4425=EDGE_CURVE('',#4010,#4011,#545,.T.);
#4426=EDGE_CURVE('',#4012,#4011,#546,.T.);
#4427=EDGE_CURVE('',#4013,#4012,#547,.T.);
#4428=EDGE_CURVE('',#4010,#4013,#548,.T.);
#4429=EDGE_CURVE('',#3926,#4010,#842,.T.);
#4430=EDGE_CURVE('',#4011,#3927,#549,.T.);
#4431=EDGE_CURVE('',#3928,#4014,#550,.T.);
#4432=EDGE_CURVE('',#4015,#3926,#551,.T.);
#4433=EDGE_CURVE('',#4015,#4014,#552,.T.);
#4434=EDGE_CURVE('',#3925,#4015,#553,.T.);
#4435=EDGE_CURVE('',#4014,#3923,#554,.T.);
#4436=EDGE_CURVE('',#3924,#4016,#843,.T.);
#4437=EDGE_CURVE('',#4017,#3925,#844,.T.);
#4438=EDGE_CURVE('',#4017,#4016,#4563,.T.);
#4439=EDGE_CURVE('',#4018,#4019,#555,.T.);
#4440=EDGE_CURVE('',#4016,#4018,#556,.T.);
#4441=EDGE_CURVE('',#4019,#4017,#557,.T.);
#4442=EDGE_CURVE('',#3971,#3998,#845,.T.);
#4443=EDGE_CURVE('',#3996,#3970,#846,.T.);
#4444=EDGE_CURVE('',#3989,#4000,#847,.T.);
#4445=EDGE_CURVE('',#4002,#3988,#848,.T.);
#4446=EDGE_CURVE('',#3977,#3991,#849,.T.);
#4447=EDGE_CURVE('',#3992,#3978,#850,.T.);
#4448=EDGE_CURVE('',#3980,#4007,#851,.T.);
#4449=EDGE_CURVE('',#4009,#3979,#852,.T.);
#4450=EDGE_CURVE('',#3968,#4018,#853,.T.);
#4451=EDGE_CURVE('',#4016,#3967,#854,.T.);
#4452=EDGE_CURVE('',#3959,#4011,#558,.T.);
#4453=EDGE_CURVE('',#4012,#3958,#559,.T.);
#4454=EDGE_CURVE('',#4020,#3974,#560,.T.);
#4455=EDGE_CURVE('',#3994,#4020,#561,.T.);
#4456=EDGE_CURVE('',#4021,#4014,#562,.T.);
#4457=EDGE_CURVE('',#3961,#4021,#563,.T.);
#4458=EDGE_CURVE('',#4022,#3982,#564,.T.);
#4459=EDGE_CURVE('',#4005,#4022,#565,.T.);
#4460=EDGE_CURVE('',#4021,#3964,#566,.T.);
#4461=EDGE_CURVE('',#3974,#4020,#567,.T.);
#4462=EDGE_CURVE('',#3982,#4022,#568,.T.);
#4463=EDGE_CURVE('',#4023,#4023,#4564,.T.);
#4464=EDGE_CURVE('',#4024,#4024,#4565,.T.);
#4465=EDGE_CURVE('',#4025,#4025,#4566,.T.);
#4466=EDGE_CURVE('',#3986,#3976,#4567,.T.);
#4467=EDGE_CURVE('',#3972,#3963,#4568,.T.);
#4468=EDGE_CURVE('',#3966,#3984,#4569,.T.);
#4469=EDGE_CURVE('',#4026,#4026,#4570,.T.);
#4470=EDGE_CURVE('',#3999,#4013,#4571,.T.);
#4471=EDGE_CURVE('',#4001,#3993,#4572,.T.);
#4472=EDGE_CURVE('',#4019,#4008,#4573,.T.);
#4473=EDGE_CURVE('',#4013,#4019,#4574,.T.);
#4474=EDGE_CURVE('',#3993,#3999,#4575,.T.);
#4475=EDGE_CURVE('',#4008,#4001,#4576,.T.);
#4476=EDGE_CURVE('',#4027,#4027,#4577,.T.);
#4477=EDGE_CURVE('',#4028,#4028,#4578,.T.);
#4478=EDGE_CURVE('',#4029,#4029,#4579,.T.);
#4479=CIRCLE('',#4581,0.183);
#4480=CIRCLE('',#4582,0.183);
#4481=CIRCLE('',#4584,0.175);
#4482=CIRCLE('',#4586,0.175);
#4483=CIRCLE('',#4589,0.175);
#4484=CIRCLE('',#4590,0.183);
#4485=CIRCLE('',#4592,0.175);
#4486=CIRCLE('',#4594,0.183);
#4487=CIRCLE('',#4599,0.125);
#4488=CIRCLE('',#4600,0.183);
#4489=CIRCLE('',#4601,0.183);
#4490=CIRCLE('',#4603,0.20300000000001);
#4491=CIRCLE('',#4604,0.183);
#4492=CIRCLE('',#4605,0.183);
#4493=CIRCLE('',#4606,0.225);
#4494=CIRCLE('',#4614,0.05);
#4495=CIRCLE('',#4615,0.183);
#4496=CIRCLE('',#4618,0.183);
#4497=CIRCLE('',#4620,0.183);
#4498=CIRCLE('',#4622,0.183);
#4499=CIRCLE('',#4624,0.172669240889881);
#4500=CIRCLE('',#4626,0.174718820290783);
#4501=CIRCLE('',#4628,0.183);
#4502=CIRCLE('',#4630,0.183);
#4503=CIRCLE('',#4632,0.172664126516053);
#4504=CIRCLE('',#4634,0.174713012670837);
#4505=CIRCLE('',#4637,0.183);
#4506=CIRCLE('',#4639,0.172669240889878);
#4507=CIRCLE('',#4641,0.174718820290781);
#4508=CIRCLE('',#4643,0.183);
#4509=CIRCLE('',#4645,0.183);
#4510=CIRCLE('',#4647,0.172664126516052);
#4511=CIRCLE('',#4649,0.174713012670836);
#4512=CIRCLE('',#4656,0.05);
#4513=CIRCLE('',#4657,0.0599999999999785);
#4514=CIRCLE('',#4659,0.05);
#4515=CIRCLE('',#4661,0.0599999999999785);
#4516=CIRCLE('',#4665,0.18300000000001);
#4517=CIRCLE('',#4666,0.225);
#4518=CIRCLE('',#4668,0.18300000000001);
#4519=CIRCLE('',#4669,0.225);
#4520=CIRCLE('',#4671,0.1);
#4521=CIRCLE('',#4672,0.1);
#4522=CIRCLE('',#4674,0.125);
#4523=CIRCLE('',#4689,0.025);
#4524=CIRCLE('',#4690,0.1);
#4525=CIRCLE('',#4691,0.1);
#4526=CIRCLE('',#4698,0.05);
#4527=CIRCLE('',#4699,0.125);
#4528=CIRCLE('',#4705,0.125);
#4529=CIRCLE('',#4706,0.125);
#4530=CIRCLE('',#4708,0.05);
#4531=CIRCLE('',#4709,0.05);
#4532=CIRCLE('',#4711,0.05);
#4533=CIRCLE('',#4712,0.05);
#4534=CIRCLE('',#4714,0.103556386814611);
#4535=CIRCLE('',#4715,0.125);
#4536=CIRCLE('',#4717,0.225);
#4537=CIRCLE('',#4720,0.0984720140213588);
#4538=CIRCLE('',#4721,0.145);
#4539=CIRCLE('',#4723,0.125);
#4540=CIRCLE('',#4729,0.05);
#4541=CIRCLE('',#4731,0.05);
#4542=CIRCLE('',#4732,0.05);
#4543=CIRCLE('',#4734,0.05);
#4544=CIRCLE('',#4735,0.0878831624707716);
#4545=CIRCLE('',#4736,0.0885100670404413);
#4546=CIRCLE('',#4737,0.06);
#4547=CIRCLE('',#4739,0.05);
#4548=CIRCLE('',#4742,0.01);
#4549=CIRCLE('',#4743,0.01);
#4550=CIRCLE('',#4744,0.01);
#4551=CIRCLE('',#4746,0.01);
#4552=CIRCLE('',#4748,0.224999999999921);
#4553=CIRCLE('',#4752,0.224999999999921);
#4554=CIRCLE('',#4753,0.22499999999992);
#4555=CIRCLE('',#4755,0.1);
#4556=CIRCLE('',#4757,0.125);
#4557=CIRCLE('',#4759,0.049826680980159);
#4558=CIRCLE('',#4788,0.149079089762097);
#4559=CIRCLE('',#4789,0.128322951941008);
#4560=CIRCLE('',#4795,0.149079089762097);
#4561=CIRCLE('',#4800,0.149079089762097);
#4562=CIRCLE('',#4803,0.01);
#4563=CIRCLE('',#4813,0.01);
#4564=CIRCLE('',#4827,0.0700000000000001);
#4565=CIRCLE('',#4829,0.03);
#4566=CIRCLE('',#4831,0.03);
#4567=CIRCLE('',#4833,0.15141);
#4568=CIRCLE('',#4834,0.15141);
#4569=CIRCLE('',#4835,0.15141);
#4570=CIRCLE('',#4838,0.07);
#4571=CIRCLE('',#4839,0.07);
#4572=CIRCLE('',#4840,0.07);
#4573=CIRCLE('',#4841,0.07);
#4574=CIRCLE('',#4843,0.07);
#4575=CIRCLE('',#4856,0.07);
#4576=CIRCLE('',#4858,0.07);
#4577=CIRCLE('',#4861,0.0445);
#4578=CIRCLE('',#4863,0.0375);
#4579=CIRCLE('',#4866,0.05);
#4580=AXIS2_PLACEMENT_3D('',#5600,#4874,#4875);
#4581=AXIS2_PLACEMENT_3D('',#5601,#4876,#4877);
#4582=AXIS2_PLACEMENT_3D('',#5603,#4878,#4879);
#4583=AXIS2_PLACEMENT_3D('',#5605,#4880,#4881);
#4584=AXIS2_PLACEMENT_3D('',#5606,#4882,#4883);
#4585=AXIS2_PLACEMENT_3D('',#5608,#4884,#4885);
#4586=AXIS2_PLACEMENT_3D('',#5609,#4886,#4887);
#4587=AXIS2_PLACEMENT_3D('',#5611,#4888,#4889);
#4588=AXIS2_PLACEMENT_3D('',#5612,#4890,#4891);
#4589=AXIS2_PLACEMENT_3D('',#5613,#4892,#4893);
#4590=AXIS2_PLACEMENT_3D('',#5615,#4894,#4895);
#4591=AXIS2_PLACEMENT_3D('',#5617,#4896,#4897);
#4592=AXIS2_PLACEMENT_3D('',#5618,#4898,#4899);
#4593=AXIS2_PLACEMENT_3D('',#5620,#4900,#4901);
#4594=AXIS2_PLACEMENT_3D('',#5621,#4902,#4903);
#4595=AXIS2_PLACEMENT_3D('',#5623,#4904,#4905);
#4596=AXIS2_PLACEMENT_3D('',#5624,#4906,#4907);
#4597=AXIS2_PLACEMENT_3D('',#5633,#4912,#4913);
#4598=AXIS2_PLACEMENT_3D('',#5644,#4919,#4920);
#4599=AXIS2_PLACEMENT_3D('',#5663,#4925,#4926);
#4600=AXIS2_PLACEMENT_3D('',#5665,#4927,#4928);
#4601=AXIS2_PLACEMENT_3D('',#5667,#4929,#4930);
#4602=AXIS2_PLACEMENT_3D('',#5669,#4931,#4932);
#4603=AXIS2_PLACEMENT_3D('',#5670,#4933,#4934);
#4604=AXIS2_PLACEMENT_3D('',#5681,#4939,#4940);
#4605=AXIS2_PLACEMENT_3D('',#5685,#4942,#4943);
#4606=AXIS2_PLACEMENT_3D('',#5688,#4945,#4946);
#4607=AXIS2_PLACEMENT_3D('',#5694,#4947,#4948);
#4608=AXIS2_PLACEMENT_3D('',#5696,#4950,#4951);
#4609=AXIS2_PLACEMENT_3D('',#5697,#4952,#4953);
#4610=AXIS2_PLACEMENT_3D('',#5699,#4955,#4956);
#4611=AXIS2_PLACEMENT_3D('',#5702,#4959,#4960);
#4612=AXIS2_PLACEMENT_3D('',#5703,#4961,#4962);
#4613=AXIS2_PLACEMENT_3D('',#5716,#4963,#4964);
#4614=AXIS2_PLACEMENT_3D('',#5717,#4965,#4966);
#4615=AXIS2_PLACEMENT_3D('',#5719,#4967,#4968);
#4616=AXIS2_PLACEMENT_3D('',#5721,#4969,#4970);
#4617=AXIS2_PLACEMENT_3D('',#5722,#4971,#4972);
#4618=AXIS2_PLACEMENT_3D('',#5723,#4973,#4974);
#4619=AXIS2_PLACEMENT_3D('',#5725,#4975,#4976);
#4620=AXIS2_PLACEMENT_3D('',#5726,#4977,#4978);
#4621=AXIS2_PLACEMENT_3D('',#5728,#4979,#4980);
#4622=AXIS2_PLACEMENT_3D('',#5729,#4981,#4982);
#4623=AXIS2_PLACEMENT_3D('',#5731,#4983,#4984);
#4624=AXIS2_PLACEMENT_3D('',#5732,#4985,#4986);
#4625=AXIS2_PLACEMENT_3D('',#5734,#4987,#4988);
#4626=AXIS2_PLACEMENT_3D('',#5735,#4989,#4990);
#4627=AXIS2_PLACEMENT_3D('',#5737,#4991,#4992);
#4628=AXIS2_PLACEMENT_3D('',#5738,#4993,#4994);
#4629=AXIS2_PLACEMENT_3D('',#5740,#4995,#4996);
#4630=AXIS2_PLACEMENT_3D('',#5741,#4997,#4998);
#4631=AXIS2_PLACEMENT_3D('',#5743,#4999,#5000);
#4632=AXIS2_PLACEMENT_3D('',#5744,#5001,#5002);
#4633=AXIS2_PLACEMENT_3D('',#5746,#5003,#5004);
#4634=AXIS2_PLACEMENT_3D('',#5747,#5005,#5006);
#4635=AXIS2_PLACEMENT_3D('',#5749,#5007,#5008);
#4636=AXIS2_PLACEMENT_3D('',#5750,#5009,#5010);
#4637=AXIS2_PLACEMENT_3D('',#5751,#5011,#5012);
#4638=AXIS2_PLACEMENT_3D('',#5753,#5013,#5014);
#4639=AXIS2_PLACEMENT_3D('',#5754,#5015,#5016);
#4640=AXIS2_PLACEMENT_3D('',#5756,#5017,#5018);
#4641=AXIS2_PLACEMENT_3D('',#5757,#5019,#5020);
#4642=AXIS2_PLACEMENT_3D('',#5759,#5021,#5022);
#4643=AXIS2_PLACEMENT_3D('',#5760,#5023,#5024);
#4644=AXIS2_PLACEMENT_3D('',#5762,#5025,#5026);
#4645=AXIS2_PLACEMENT_3D('',#5763,#5027,#5028);
#4646=AXIS2_PLACEMENT_3D('',#5765,#5029,#5030);
#4647=AXIS2_PLACEMENT_3D('',#5766,#5031,#5032);
#4648=AXIS2_PLACEMENT_3D('',#5768,#5033,#5034);
#4649=AXIS2_PLACEMENT_3D('',#5769,#5035,#5036);
#4650=AXIS2_PLACEMENT_3D('',#5771,#5037,#5038);
#4651=AXIS2_PLACEMENT_3D('',#5772,#5039,#5040);
#4652=AXIS2_PLACEMENT_3D('',#5773,#5041,#5042);
#4653=AXIS2_PLACEMENT_3D('',#5775,#5044,#5045);
#4654=AXIS2_PLACEMENT_3D('',#5784,#5047,#5048);
#4655=AXIS2_PLACEMENT_3D('',#5785,#5049,#5050);
#4656=AXIS2_PLACEMENT_3D('',#5786,#5051,#5052);
#4657=AXIS2_PLACEMENT_3D('',#5788,#5053,#5054);
#4658=AXIS2_PLACEMENT_3D('',#5790,#5055,#5056);
#4659=AXIS2_PLACEMENT_3D('',#5791,#5057,#5058);
#4660=AXIS2_PLACEMENT_3D('',#5793,#5059,#5060);
#4661=AXIS2_PLACEMENT_3D('',#5794,#5061,#5062);
#4662=AXIS2_PLACEMENT_3D('',#5796,#5063,#5064);
#4663=AXIS2_PLACEMENT_3D('',#5797,#5065,#5066);
#4664=AXIS2_PLACEMENT_3D('',#5810,#5073,#5074);
#4665=AXIS2_PLACEMENT_3D('',#5822,#5075,#5076);
#4666=AXIS2_PLACEMENT_3D('',#5831,#5080,#5081);
#4667=AXIS2_PLACEMENT_3D('',#5834,#5083,#5084);
#4668=AXIS2_PLACEMENT_3D('',#5849,#5092,#5093);
#4669=AXIS2_PLACEMENT_3D('',#5855,#5096,#5097);
#4670=AXIS2_PLACEMENT_3D('',#5867,#5101,#5102);
#4671=AXIS2_PLACEMENT_3D('',#5870,#5104,#5105);
#4672=AXIS2_PLACEMENT_3D('',#5874,#5107,#5108);
#4673=AXIS2_PLACEMENT_3D('',#5875,#5109,#5110);
#4674=AXIS2_PLACEMENT_3D('',#5876,#5111,#5112);
#4675=AXIS2_PLACEMENT_3D('',#5890,#5119,#5120);
#4676=AXIS2_PLACEMENT_3D('',#5894,#5123,#5124);
#4677=AXIS2_PLACEMENT_3D('',#5900,#5128,#5129);
#4678=AXIS2_PLACEMENT_3D('',#5904,#5132,#5133);
#4679=AXIS2_PLACEMENT_3D('',#5907,#5136,#5137);
#4680=AXIS2_PLACEMENT_3D('',#5909,#5139,#5140);
#4681=AXIS2_PLACEMENT_3D('',#5911,#5142,#5143);
#4682=AXIS2_PLACEMENT_3D('',#5913,#5145,#5146);
#4683=AXIS2_PLACEMENT_3D('',#5915,#5148,#5149);
#4684=AXIS2_PLACEMENT_3D('',#5918,#5152,#5153);
#4685=AXIS2_PLACEMENT_3D('',#5919,#5154,#5155);
#4686=AXIS2_PLACEMENT_3D('',#5920,#5156,#5157);
#4687=AXIS2_PLACEMENT_3D('',#5922,#5159,#5160);
#4688=AXIS2_PLACEMENT_3D('',#5929,#5165,#5166);
#4689=AXIS2_PLACEMENT_3D('',#5930,#5167,#5168);
#4690=AXIS2_PLACEMENT_3D('',#5931,#5169,#5170);
#4691=AXIS2_PLACEMENT_3D('',#5932,#5171,#5172);
#4692=AXIS2_PLACEMENT_3D('',#5933,#5173,#5174);
#4693=AXIS2_PLACEMENT_3D('',#5934,#5175,#5176);
#4694=AXIS2_PLACEMENT_3D('',#5935,#5177,#5178);
#4695=AXIS2_PLACEMENT_3D('',#5936,#5179,#5180);
#4696=AXIS2_PLACEMENT_3D('',#5937,#5181,#5182);
#4697=AXIS2_PLACEMENT_3D('',#5938,#5183,#5184);
#4698=AXIS2_PLACEMENT_3D('',#5939,#5185,#5186);
#4699=AXIS2_PLACEMENT_3D('',#5941,#5187,#5188);
#4700=AXIS2_PLACEMENT_3D('',#5951,#5193,#5194);
#4701=AXIS2_PLACEMENT_3D('',#5957,#5198,#5199);
#4702=AXIS2_PLACEMENT_3D('',#5961,#5202,#5203);
#4703=AXIS2_PLACEMENT_3D('',#5965,#5206,#5207);
#4704=AXIS2_PLACEMENT_3D('',#5967,#5209,#5210);
#4705=AXIS2_PLACEMENT_3D('',#5968,#5211,#5212);
#4706=AXIS2_PLACEMENT_3D('',#5971,#5213,#5214);
#4707=AXIS2_PLACEMENT_3D('',#5972,#5215,#5216);
#4708=AXIS2_PLACEMENT_3D('',#5987,#5218,#5219);
#4709=AXIS2_PLACEMENT_3D('',#5991,#5221,#5222);
#4710=AXIS2_PLACEMENT_3D('',#5992,#5223,#5224);
#4711=AXIS2_PLACEMENT_3D('',#5993,#5225,#5226);
#4712=AXIS2_PLACEMENT_3D('',#6009,#5228,#5229);
#4713=AXIS2_PLACEMENT_3D('',#6012,#5231,#5232);
#4714=AXIS2_PLACEMENT_3D('',#6013,#5233,#5234);
#4715=AXIS2_PLACEMENT_3D('',#6014,#5235,#5236);
#4716=AXIS2_PLACEMENT_3D('',#6015,#5237,#5238);
#4717=AXIS2_PLACEMENT_3D('',#6021,#5241,#5242);
#4718=AXIS2_PLACEMENT_3D('',#6024,#5244,#5245);
#4719=AXIS2_PLACEMENT_3D('',#6027,#5248,#5249);
#4720=AXIS2_PLACEMENT_3D('',#6028,#5250,#5251);
#4721=AXIS2_PLACEMENT_3D('',#6029,#5252,#5253);
#4722=AXIS2_PLACEMENT_3D('',#6030,#5254,#5255);
#4723=AXIS2_PLACEMENT_3D('',#6034,#5257,#5258);
#4724=AXIS2_PLACEMENT_3D('',#6078,#5260,#5261);
#4725=AXIS2_PLACEMENT_3D('',#6124,#5263,#5264);
#4726=AXIS2_PLACEMENT_3D('',#6170,#5266,#5267);
#4727=AXIS2_PLACEMENT_3D('',#6215,#5268,#5269);
#4728=AXIS2_PLACEMENT_3D('',#6248,#5270,#5271);
#4729=AXIS2_PLACEMENT_3D('',#6345,#5273,#5274);
#4730=AXIS2_PLACEMENT_3D('',#6377,#5275,#5276);
#4731=AXIS2_PLACEMENT_3D('',#6378,#5277,#5278);
#4732=AXIS2_PLACEMENT_3D('',#6391,#5279,#5280);
#4733=AXIS2_PLACEMENT_3D('',#6423,#5281,#5282);
#4734=AXIS2_PLACEMENT_3D('',#6424,#5283,#5284);
#4735=AXIS2_PLACEMENT_3D('',#6467,#5285,#5286);
#4736=AXIS2_PLACEMENT_3D('',#6481,#5287,#5288);
#4737=AXIS2_PLACEMENT_3D('',#6493,#5289,#5290);
#4738=AXIS2_PLACEMENT_3D('',#6495,#5291,#5292);
#4739=AXIS2_PLACEMENT_3D('',#6496,#5293,#5294);
#4740=AXIS2_PLACEMENT_3D('',#6498,#5295,#5296);
#4741=AXIS2_PLACEMENT_3D('',#6499,#5297,#5298);
#4742=AXIS2_PLACEMENT_3D('',#6500,#5299,#5300);
#4743=AXIS2_PLACEMENT_3D('',#6501,#5301,#5302);
#4744=AXIS2_PLACEMENT_3D('',#6514,#5303,#5304);
#4745=AXIS2_PLACEMENT_3D('',#6515,#5305,#5306);
#4746=AXIS2_PLACEMENT_3D('',#6516,#5307,#5308);
#4747=AXIS2_PLACEMENT_3D('',#6517,#5309,#5310);
#4748=AXIS2_PLACEMENT_3D('',#7172,#5311,#5312);
#4749=AXIS2_PLACEMENT_3D('',#7185,#5315,#5316);
#4750=AXIS2_PLACEMENT_3D('',#7191,#5320,#5321);
#4751=AXIS2_PLACEMENT_3D('',#7197,#5325,#5326);
#4752=AXIS2_PLACEMENT_3D('',#7198,#5327,#5328);
#4753=AXIS2_PLACEMENT_3D('',#7209,#5329,#5330);
#4754=AXIS2_PLACEMENT_3D('',#7220,#5331,#5332);
#4755=AXIS2_PLACEMENT_3D('',#7236,#5333,#5334);
#4756=AXIS2_PLACEMENT_3D('',#7238,#5335,#5336);
#4757=AXIS2_PLACEMENT_3D('',#7239,#5337,#5338);
#4758=AXIS2_PLACEMENT_3D('',#7241,#5339,#5340);
#4759=AXIS2_PLACEMENT_3D('',#7532,#5341,#5342);
#4760=AXIS2_PLACEMENT_3D('',#7596,#5343,#5344);
#4761=AXIS2_PLACEMENT_3D('',#7639,#5346,#5347);
#4762=AXIS2_PLACEMENT_3D('',#7640,#5348,#5349);
#4763=AXIS2_PLACEMENT_3D('',#7641,#5350,#5351);
#4764=AXIS2_PLACEMENT_3D('',#7647,#5352,#5353);
#4765=AXIS2_PLACEMENT_3D('',#7648,#5354,#5355);
#4766=AXIS2_PLACEMENT_3D('',#7667,#5356,#5357);
#4767=AXIS2_PLACEMENT_3D('',#7677,#5358,#5359);
#4768=AXIS2_PLACEMENT_3D('',#7689,#5361,#5362);
#4769=AXIS2_PLACEMENT_3D('',#7699,#5363,#5364);
#4770=AXIS2_PLACEMENT_3D('',#7715,#5365,#5366);
#4771=AXIS2_PLACEMENT_3D('',#7727,#5368,#5369);
#4772=AXIS2_PLACEMENT_3D('',#7740,#5370,#5371);
#4773=AXIS2_PLACEMENT_3D('',#7750,#5372,#5373);
#4774=AXIS2_PLACEMENT_3D('',#7769,#5374,#5375);
#4775=AXIS2_PLACEMENT_3D('',#7779,#5376,#5377);
#4776=AXIS2_PLACEMENT_3D('',#7786,#5379,#5380);
#4777=AXIS2_PLACEMENT_3D('',#7854,#5382,#5383);
#4778=AXIS2_PLACEMENT_3D('',#7864,#5384,#5385);
#4779=AXIS2_PLACEMENT_3D('',#7874,#5386,#5387);
#4780=AXIS2_PLACEMENT_3D('',#7875,#5388,#5389);
#4781=AXIS2_PLACEMENT_3D('',#7878,#5390,#5391);
#4782=AXIS2_PLACEMENT_3D('',#7908,#5392,#5393);
#4783=AXIS2_PLACEMENT_3D('',#7913,#5394,#5395);
#4784=AXIS2_PLACEMENT_3D('',#7920,#5397,#5398);
#4785=AXIS2_PLACEMENT_3D('',#8021,#5399,#5400);
#4786=AXIS2_PLACEMENT_3D('',#8027,#5402,#5403);
#4787=AXIS2_PLACEMENT_3D('',#8056,#5404,#5405);
#4788=AXIS2_PLACEMENT_3D('',#8063,#5406,#5407);
#4789=AXIS2_PLACEMENT_3D('',#8064,#5408,#5409);
#4790=AXIS2_PLACEMENT_3D('',#8065,#5410,#5411);
#4791=AXIS2_PLACEMENT_3D('',#8141,#5413,#5414);
#4792=AXIS2_PLACEMENT_3D('',#8151,#5415,#5416);
#4793=AXIS2_PLACEMENT_3D('',#8189,#5417,#5418);
#4794=AXIS2_PLACEMENT_3D('',#8195,#5420,#5421);
#4795=AXIS2_PLACEMENT_3D('',#8232,#5422,#5423);
#4796=AXIS2_PLACEMENT_3D('',#8233,#5424,#5425);
#4797=AXIS2_PLACEMENT_3D('',#8327,#5427,#5428);
#4798=AXIS2_PLACEMENT_3D('',#8355,#5429,#5430);
#4799=AXIS2_PLACEMENT_3D('',#8433,#5432,#5433);
#4800=AXIS2_PLACEMENT_3D('',#8510,#5434,#5435);
#4801=AXIS2_PLACEMENT_3D('',#8511,#5436,#5437);
#4802=AXIS2_PLACEMENT_3D('',#8548,#5439,#5440);
#4803=AXIS2_PLACEMENT_3D('',#8616,#5441,#5442);
#4804=AXIS2_PLACEMENT_3D('',#8671,#5445,#5446);
#4805=AXIS2_PLACEMENT_3D('',#8689,#5447,#5448);
#4806=AXIS2_PLACEMENT_3D('',#8698,#5449,#5450);
#4807=AXIS2_PLACEMENT_3D('',#8713,#5451,#5452);
#4808=AXIS2_PLACEMENT_3D('',#8785,#5454,#5455);
#4809=AXIS2_PLACEMENT_3D('',#8847,#5457,#5458);
#4810=AXIS2_PLACEMENT_3D('',#8939,#5460,#5461);
#4811=AXIS2_PLACEMENT_3D('',#8957,#5462,#5463);
#4812=AXIS2_PLACEMENT_3D('',#8966,#5464,#5465);
#4813=AXIS2_PLACEMENT_3D('',#8971,#5468,#5469);
#4814=AXIS2_PLACEMENT_3D('',#8972,#5470,#5471);
#4815=AXIS2_PLACEMENT_3D('',#9025,#5474,#5475);
#4816=AXIS2_PLACEMENT_3D('',#9028,#5478,#5479);
#4817=AXIS2_PLACEMENT_3D('',#9031,#5482,#5483);
#4818=AXIS2_PLACEMENT_3D('',#9034,#5486,#5487);
#4819=AXIS2_PLACEMENT_3D('',#9037,#5490,#5491);
#4820=AXIS2_PLACEMENT_3D('',#9046,#5492,#5493);
#4821=AXIS2_PLACEMENT_3D('',#9056,#5494,#5495);
#4822=AXIS2_PLACEMENT_3D('',#9066,#5496,#5497);
#4823=AXIS2_PLACEMENT_3D('',#9076,#5498,#5499);
#4824=AXIS2_PLACEMENT_3D('',#9081,#5500,#5501);
#4825=AXIS2_PLACEMENT_3D('',#9086,#5502,#5503);
#4826=AXIS2_PLACEMENT_3D('',#9091,#5504,#5505);
#4827=AXIS2_PLACEMENT_3D('',#9092,#5506,#5507);
#4828=AXIS2_PLACEMENT_3D('',#9094,#5508,#5509);
#4829=AXIS2_PLACEMENT_3D('',#9095,#5510,#5511);
#4830=AXIS2_PLACEMENT_3D('',#9097,#5512,#5513);
#4831=AXIS2_PLACEMENT_3D('',#9098,#5514,#5515);
#4832=AXIS2_PLACEMENT_3D('',#9100,#5516,#5517);
#4833=AXIS2_PLACEMENT_3D('',#9101,#5518,#5519);
#4834=AXIS2_PLACEMENT_3D('',#9102,#5520,#5521);
#4835=AXIS2_PLACEMENT_3D('',#9103,#5522,#5523);
#4836=AXIS2_PLACEMENT_3D('',#9104,#5524,#5525);
#4837=AXIS2_PLACEMENT_3D('',#9105,#5526,#5527);
#4838=AXIS2_PLACEMENT_3D('',#9106,#5528,#5529);
#4839=AXIS2_PLACEMENT_3D('',#9108,#5530,#5531);
#4840=AXIS2_PLACEMENT_3D('',#9109,#5532,#5533);
#4841=AXIS2_PLACEMENT_3D('',#9110,#5534,#5535);
#4842=AXIS2_PLACEMENT_3D('',#9111,#5536,#5537);
#4843=AXIS2_PLACEMENT_3D('',#9112,#5538,#5539);
#4844=AXIS2_PLACEMENT_3D('',#9113,#5540,#5541);
#4845=AXIS2_PLACEMENT_3D('',#9114,#5542,#5543);
#4846=AXIS2_PLACEMENT_3D('',#9115,#5544,#5545);
#4847=AXIS2_PLACEMENT_3D('',#9116,#5546,#5547);
#4848=AXIS2_PLACEMENT_3D('',#9117,#5548,#5549);
#4849=AXIS2_PLACEMENT_3D('',#9118,#5550,#5551);
#4850=AXIS2_PLACEMENT_3D('',#9119,#5552,#5553);
#4851=AXIS2_PLACEMENT_3D('',#9120,#5554,#5555);
#4852=AXIS2_PLACEMENT_3D('',#9121,#5556,#5557);
#4853=AXIS2_PLACEMENT_3D('',#9122,#5558,#5559);
#4854=AXIS2_PLACEMENT_3D('',#9123,#5560,#5561);
#4855=AXIS2_PLACEMENT_3D('',#9124,#5562,#5563);
#4856=AXIS2_PLACEMENT_3D('',#9125,#5564,#5565);
#4857=AXIS2_PLACEMENT_3D('',#9126,#5566,#5567);
#4858=AXIS2_PLACEMENT_3D('',#9127,#5568,#5569);
#4859=AXIS2_PLACEMENT_3D('',#9128,#5570,#5571);
#4860=AXIS2_PLACEMENT_3D('',#9441,#5572,#5573);
#4861=AXIS2_PLACEMENT_3D('',#9442,#5574,#5575);
#4862=AXIS2_PLACEMENT_3D('',#9444,#5576,#5577);
#4863=AXIS2_PLACEMENT_3D('',#9445,#5578,#5579);
#4864=AXIS2_PLACEMENT_3D('',#9447,#5580,#5581);
#4865=AXIS2_PLACEMENT_3D('',#9448,#5582,#5583);
#4866=AXIS2_PLACEMENT_3D('',#9449,#5584,#5585);
#4867=AXIS2_PLACEMENT_3D('',#9451,#5586,#5587);
#4868=AXIS2_PLACEMENT_3D('',#9452,#5588,#5589);
#4869=AXIS2_PLACEMENT_3D('',#9453,#5590,#5591);
#4870=AXIS2_PLACEMENT_3D('',#9454,#5592,#5593);
#4871=AXIS2_PLACEMENT_3D('',#9455,#5594,#5595);
#4872=AXIS2_PLACEMENT_3D('',#9456,#5596,#5597);
#4873=AXIS2_PLACEMENT_3D('',#9457,#5598,#5599);
#4874=DIRECTION('',(0.,0.,1.));
#4875=DIRECTION('',(1.,0.,0.));
#4876=DIRECTION('',(0.,-1.,0.));
#4877=DIRECTION('',(0.,0.,-1.));
#4878=DIRECTION('',(0.,-1.,0.));
#4879=DIRECTION('',(0.,0.,-1.));
#4880=DIRECTION('',(0.,-1.,0.));
#4881=DIRECTION('',(0.,0.,-1.));
#4882=DIRECTION('',(0.,-1.,0.));
#4883=DIRECTION('',(0.,0.,-1.));
#4884=DIRECTION('',(0.,1.,0.));
#4885=DIRECTION('',(0.,0.,1.));
#4886=DIRECTION('',(0.,-1.,0.));
#4887=DIRECTION('',(0.,0.,-1.));
#4888=DIRECTION('',(0.,-1.,0.));
#4889=DIRECTION('',(0.,0.,-1.));
#4890=DIRECTION('',(0.,-1.,0.));
#4891=DIRECTION('',(0.,0.,-1.));
#4892=DIRECTION('',(0.,-1.,0.));
#4893=DIRECTION('',(0.,0.,-1.));
#4894=DIRECTION('',(0.,-1.,0.));
#4895=DIRECTION('',(0.,0.,-1.));
#4896=DIRECTION('',(0.,1.,0.));
#4897=DIRECTION('',(0.,0.,1.));
#4898=DIRECTION('',(0.,-1.,0.));
#4899=DIRECTION('',(0.,0.,-1.));
#4900=DIRECTION('',(0.,-1.,0.));
#4901=DIRECTION('',(0.,0.,-1.));
#4902=DIRECTION('',(0.,-1.,0.));
#4903=DIRECTION('',(0.,0.,-1.));
#4904=DIRECTION('',(0.,-1.,0.));
#4905=DIRECTION('',(0.,0.,-1.));
#4906=DIRECTION('',(0.,-1.,0.));
#4907=DIRECTION('',(0.,0.,-1.));
#4908=DIRECTION('',(1.,0.,0.));
#4909=DIRECTION('',(-3.23278062981477E-17,6.44905224473552E-17,-1.));
#4910=DIRECTION('',(-1.,0.,1.45564838681678E-16));
#4911=DIRECTION('',(0.,6.44905224473552E-17,-1.));
#4912=DIRECTION('',(2.86807614694832E-16,1.,6.44905224473552E-17));
#4913=DIRECTION('',(0.,-6.45100292628875E-17,1.));
#4914=DIRECTION('',(0.448128754582427,-0.893969025926739,-7.13934341907608E-15));
#4915=DIRECTION('',(1.,0.,0.));
#4916=DIRECTION('',(-1.28292706084423E-49,-1.,4.93038065763132E-32));
#4917=DIRECTION('',(1.,0.,0.));
#4918=DIRECTION('',(2.83262281692924E-16,1.,7.98611944264515E-15));
#4919=DIRECTION('',(0.,-7.98611944264515E-15,1.));
#4920=DIRECTION('',(0.,-1.,-7.98612478231098E-15));
#4921=DIRECTION('',(3.48630559684213E-32,0.707106781186542,0.707106781186553));
#4922=DIRECTION('',(0.,1.,1.00929365875014E-16));
#4923=DIRECTION('',(0.,-6.44905224473552E-17,-1.));
#4924=DIRECTION('',(1.28292706084423E-49,1.,-4.93038065763132E-32));
#4925=DIRECTION('',(-1.,0.,0.));
#4926=DIRECTION('',(0.,0.,1.));
#4927=DIRECTION('',(1.,-1.28292706084425E-49,-4.93038065763132E-32));
#4928=DIRECTION('',(0.,0.,-1.));
#4929=DIRECTION('',(-1.,1.28292706084425E-49,4.93038065763132E-32));
#4930=DIRECTION('',(0.,1.,0.));
#4931=DIRECTION('',(1.,-1.28292706084425E-49,-4.93038065763132E-32));
#4932=DIRECTION('',(0.,0.,-1.));
#4933=DIRECTION('',(-1.,2.83262281692924E-16,0.));
#4934=DIRECTION('',(0.,1.,0.));
#4935=DIRECTION('',(-2.83262281692924E-16,-1.,-4.33680868992212E-15));
#4936=DIRECTION('',(-2.71732908125016E-16,6.21103790000037E-16,-1.));
#4937=DIRECTION('',(-1.28292706084425E-49,-1.,0.));
#4938=DIRECTION('',(0.,0.,1.));
#4939=DIRECTION('',(1.,-2.83262281692924E-16,0.));
#4940=DIRECTION('',(0.,1.,0.));
#4941=DIRECTION('',(0.,0.,1.));
#4942=DIRECTION('',(1.,-2.83262281692924E-16,0.));
#4943=DIRECTION('',(0.,-1.,0.));
#4944=DIRECTION('',(0.,0.,1.));
#4945=DIRECTION('',(-1.,2.83262281692924E-16,0.));
#4946=DIRECTION('',(0.,-1.,0.));
#4947=DIRECTION('',(-1.,2.83262281692924E-16,0.));
#4948=DIRECTION('',(0.,0.,1.));
#4949=DIRECTION('',(-0.33409150244067,0.666476881818462,0.666476881818473));
#4950=DIRECTION('',(-0.893969025926739,-0.448128754582427,0.));
#4951=DIRECTION('',(-0.448128754582427,0.893969025926739,-2.89322752662731E-14));
#4952=DIRECTION('',(-0.893969025926739,-0.448128754582427,0.));
#4953=DIRECTION('',(-0.448128754582427,0.893969025926739,0.));
#4954=DIRECTION('',(-0.448128754582428,0.893969025926739,9.022772689869E-17));
#4955=DIRECTION('',(0.893969025926739,0.448128754582427,0.));
#4956=DIRECTION('',(0.448128754582428,-0.893969025926739,-3.00296896724173E-16));
#4957=DIRECTION('',(1.,0.,0.));
#4958=DIRECTION('',(1.,-2.79716948691016E-16,0.));
#4959=DIRECTION('',(2.79716948691016E-16,1.,-6.44905224473552E-17));
#4960=DIRECTION('',(0.,6.45100292628875E-17,1.));
#4961=DIRECTION('',(-3.69778549322349E-32,-1.00929365875014E-16,1.));
#4962=DIRECTION('',(-3.02709246557953E-16,-1.,-1.009392222584E-16));
#4963=DIRECTION('',(-1.,5.9211894646675E-15,-1.48029736616688E-15));
#4964=DIRECTION('',(1.4811505088599E-15,9.77559335847533E-15,-1.));
#4965=DIRECTION('',(-1.,0.,0.));
#4966=DIRECTION('',(0.,0.,1.));
#4967=DIRECTION('',(1.,-2.77555756156289E-16,6.44905224473553E-17));
#4968=DIRECTION('',(0.,1.,0.));
#4969=DIRECTION('',(1.,-2.77555756156289E-16,6.44905224473553E-17));
#4970=DIRECTION('',(6.46184494801361E-17,0.,-1.));
#4971=DIRECTION('',(1.,-2.83262281692924E-16,0.));
#4972=DIRECTION('',(0.,0.,-1.));
#4973=DIRECTION('',(-1.,-1.46796155478214E-14,8.49209114763572E-17));
#4974=DIRECTION('',(1.42190448850558E-14,-1.,0.));
#4975=DIRECTION('',(-1.,-6.12323399576288E-17,-1.29653844823109E-14));
#4976=DIRECTION('',(1.29653844823109E-14,-2.75106609189889E-14,-1.));
#4977=DIRECTION('',(-1.,2.99930577216649E-16,0.));
#4978=DIRECTION('',(0.,1.,0.));
#4979=DIRECTION('',(1.,-2.99930577216649E-16,0.));
#4980=DIRECTION('',(0.,1.,0.));
#4981=DIRECTION('',(1.,1.46796155478214E-14,-8.49209114763572E-17));
#4982=DIRECTION('',(1.42190448850558E-14,-1.,0.));
#4983=DIRECTION('',(-1.,-6.12323399576288E-17,-1.29653844823109E-14));
#4984=DIRECTION('',(1.29653844823109E-14,-2.75106609189889E-14,-1.));
#4985=DIRECTION('',(1.,1.46796155478214E-14,-8.49209114763572E-17));
#4986=DIRECTION('',(0.,0.,-1.));
#4987=DIRECTION('',(-1.,-1.46796155478214E-14,8.49209114763572E-17));
#4988=DIRECTION('',(-1.48685963191325E-14,1.,-1.54931599336609E-13));
#4989=DIRECTION('',(1.,1.46796155478214E-14,-8.49209114763572E-17));
#4990=DIRECTION('',(0.,0.,-1.));
#4991=DIRECTION('',(1.,1.46796155478214E-14,-8.49209114763572E-17));
#4992=DIRECTION('',(-1.46906362569101E-14,1.,-1.54931599336609E-13));
#4993=DIRECTION('',(-1.,-1.46796155478214E-14,8.49209114763572E-17));
#4994=DIRECTION('',(1.42190448850558E-14,-1.,0.));
#4995=DIRECTION('',(-1.,-1.46796155478214E-14,8.49209114763572E-17));
#4996=DIRECTION('',(-1.47327237757968E-14,1.,-1.54931599336609E-13));
#4997=DIRECTION('',(1.,1.46796155478214E-14,-8.49209114763572E-17));
#4998=DIRECTION('',(1.42190448850558E-14,-1.,0.));
#4999=DIRECTION('',(-1.,-6.12323399576288E-17,-1.29653844823109E-14));
#5000=DIRECTION('',(1.29653844823109E-14,-2.75106609189889E-14,-1.));
#5001=DIRECTION('',(1.,1.46796155478214E-14,-8.49209114763572E-17));
#5002=DIRECTION('',(0.,0.,-1.));
#5003=DIRECTION('',(-1.,-1.46796155478214E-14,8.49209114763572E-17));
#5004=DIRECTION('',(-1.47778442829985E-14,1.,-1.5476045931716E-13));
#5005=DIRECTION('',(1.,1.46796155478214E-14,-8.49209114763572E-17));
#5006=DIRECTION('',(0.,0.,-1.));
#5007=DIRECTION('',(1.,1.46796155478214E-14,-8.49209114763572E-17));
#5008=DIRECTION('',(-1.47019179700571E-14,1.,-1.5476045931716E-13));
#5009=DIRECTION('',(-1.,-1.46796155478214E-14,8.49209114763572E-17));
#5010=DIRECTION('',(-1.46578920002809E-14,1.,-1.5476045931716E-13));
#5011=DIRECTION('',(1.,-2.99930577216649E-16,0.));
#5012=DIRECTION('',(0.,1.,0.));
#5013=DIRECTION('',(1.,-2.99930577216649E-16,0.));
#5014=DIRECTION('',(0.,1.,0.));
#5015=DIRECTION('',(1.,-2.3994446177332E-16,0.));
#5016=DIRECTION('',(0.,0.,-1.));
#5017=DIRECTION('',(-1.,2.3994446177332E-16,0.));
#5018=DIRECTION('',(1.23038748253632E-16,1.,-1.16179072868776E-13));
#5019=DIRECTION('',(1.,-2.3994446177332E-16,0.));
#5020=DIRECTION('',(0.,0.,-1.));
#5021=DIRECTION('',(1.,-2.3994446177332E-16,0.));
#5022=DIRECTION('',(1.73712087499873E-16,1.,-1.16179098341572E-13));
#5023=DIRECTION('',(-1.,2.99930577216649E-16,0.));
#5024=DIRECTION('',(0.,1.,0.));
#5025=DIRECTION('',(-1.,2.3994446177332E-16,0.));
#5026=DIRECTION('',(2.26547132711038E-16,1.,-1.16179083453585E-13));
#5027=DIRECTION('',(1.,-2.99930577216649E-16,0.));
#5028=DIRECTION('',(0.,1.,0.));
#5029=DIRECTION('',(1.,-2.99930577216649E-16,0.));
#5030=DIRECTION('',(0.,1.,0.));
#5031=DIRECTION('',(1.,-2.3994446177332E-16,0.));
#5032=DIRECTION('',(0.,0.,-1.));
#5033=DIRECTION('',(-1.,2.3994446177332E-16,0.));
#5034=DIRECTION('',(1.68348227513345E-16,1.,-1.16179099838792E-13));
#5035=DIRECTION('',(1.,-2.3994446177332E-16,0.));
#5036=DIRECTION('',(0.,0.,-1.));
#5037=DIRECTION('',(1.,-2.3994446177332E-16,0.));
#5038=DIRECTION('',(1.7788513384807E-16,1.,-1.16179065475873E-13));
#5039=DIRECTION('',(-1.,2.3994446177332E-16,0.));
#5040=DIRECTION('',(2.52062760696596E-16,1.,-1.16179059171461E-13));
#5041=DIRECTION('',(1.,0.,0.));
#5042=DIRECTION('',(8.3225114289741E-17,0.,-1.));
#5043=DIRECTION('',(-1.,0.,0.));
#5044=DIRECTION('',(0.,4.33680868992212E-15,-1.));
#5045=DIRECTION('',(0.,1.,4.33680868994202E-15));
#5046=DIRECTION('',(1.,0.,0.));
#5047=DIRECTION('',(1.,0.,0.));
#5048=DIRECTION('',(0.,0.,-1.));
#5049=DIRECTION('',(0.,0.707106781186553,-0.707106781186542));
#5050=DIRECTION('',(0.,0.707106781186542,0.707106781186553));
#5051=DIRECTION('',(-1.,0.,0.));
#5052=DIRECTION('',(0.,-1.,-1.83697019872103E-16));
#5053=DIRECTION('',(-1.,0.,0.));
#5054=DIRECTION('',(0.,0.,1.));
#5055=DIRECTION('',(1.,0.,0.));
#5056=DIRECTION('',(0.,0.,-1.));
#5057=DIRECTION('',(-1.,7.44756244916849E-16,-2.80810082592005E-15));
#5058=DIRECTION('',(2.16840434497101E-15,0.,-1.));
#5059=DIRECTION('',(-1.,0.,0.));
#5060=DIRECTION('',(0.,0.,1.));
#5061=DIRECTION('',(-1.,7.44756244916849E-16,-2.80810082592005E-15));
#5062=DIRECTION('',(3.61400724161964E-15,0.,-1.));
#5063=DIRECTION('',(-1.,0.,0.));
#5064=DIRECTION('',(0.,0.,1.));
#5065=DIRECTION('',(1.,-7.44756244916849E-16,2.80810082592005E-15));
#5066=DIRECTION('',(3.61400724161964E-15,0.,-1.));
#5067=DIRECTION('',(1.,0.,0.));
#5068=DIRECTION('',(0.,6.44905224473552E-17,-1.));
#5069=DIRECTION('',(-1.,0.,1.45564838681678E-16));
#5070=DIRECTION('',(0.,-6.44905224473552E-17,1.));
#5071=DIRECTION('',(1.,0.,0.));
#5072=DIRECTION('',(0.,-6.44905224473552E-17,1.));
#5073=DIRECTION('',(2.86807614694832E-16,1.,6.44905224473552E-17));
#5074=DIRECTION('',(0.,-6.45100292628875E-17,1.));
#5075=DIRECTION('',(1.,0.,0.));
#5076=DIRECTION('',(0.,0.,1.));
#5077=DIRECTION('',(0.,0.707106781186547,0.707106781186547));
#5078=DIRECTION('',(0.,6.44905224473552E-17,-1.));
#5079=DIRECTION('',(0.,-1.,3.65328992902723E-15));
#5080=DIRECTION('',(1.,0.,0.));
#5081=DIRECTION('',(0.,1.,-6.12323399573677E-17));
#5082=DIRECTION('',(0.,-1.,4.93038065763132E-32));
#5083=DIRECTION('',(-1.,0.,0.));
#5084=DIRECTION('',(0.,0.,1.));
#5085=DIRECTION('',(0.,-1.,-7.74430123203933E-16));
#5086=DIRECTION('',(0.,-1.,-2.3232903696118E-15));
#5087=DIRECTION('',(0.,1.20036669096606E-15,-1.));
#5088=DIRECTION('',(0.,1.,0.));
#5089=DIRECTION('',(0.,1.,0.));
#5090=DIRECTION('',(0.,-1.93607530800983E-15,1.));
#5091=DIRECTION('',(0.,0.,1.));
#5092=DIRECTION('',(-1.,0.,0.));
#5093=DIRECTION('',(0.,0.,-1.));
#5094=DIRECTION('',(0.,0.707106781186548,0.707106781186548));
#5095=DIRECTION('',(0.,-1.,4.93038065763132E-32));
#5096=DIRECTION('',(-1.,1.28292706084425E-49,4.93038065763132E-32));
#5097=DIRECTION('',(0.,0.,-1.));
#5098=DIRECTION('',(0.,-1.,3.61400724161844E-15));
#5099=DIRECTION('',(3.69778549322349E-32,6.44905224473552E-17,1.));
#5100=DIRECTION('',(0.,1.,1.00929365875014E-16));
#5101=DIRECTION('',(1.,0.,0.));
#5102=DIRECTION('',(0.,0.,-1.));
#5103=DIRECTION('',(1.,-2.79716948691016E-16,0.));
#5104=DIRECTION('',(3.69778549322349E-32,1.00929365875014E-16,-1.));
#5105=DIRECTION('',(0.,-1.,0.));
#5106=DIRECTION('',(0.,1.,0.));
#5107=DIRECTION('',(3.69778549322349E-32,1.00929365875014E-16,-1.));
#5108=DIRECTION('',(0.,-1.,0.));
#5109=DIRECTION('',(-3.69778549322349E-32,-1.00929365875014E-16,1.));
#5110=DIRECTION('',(-3.02709246557953E-16,-1.,-1.009392222584E-16));
#5111=DIRECTION('',(1.,0.,0.));
#5112=DIRECTION('',(0.,0.,-1.));
#5113=DIRECTION('',(0.,-1.20036669096606E-15,1.));
#5114=DIRECTION('',(0.,-1.,3.65328992902723E-15));
#5115=DIRECTION('',(0.,0.,-1.));
#5116=DIRECTION('',(0.,1.93607530800983E-15,-1.));
#5117=DIRECTION('',(0.,-1.,0.));
#5118=DIRECTION('',(0.,-1.,0.));
#5119=DIRECTION('',(1.,0.,0.));
#5120=DIRECTION('',(0.,0.,-1.));
#5121=DIRECTION('',(1.,0.,0.));
#5122=DIRECTION('',(0.,-6.44905224473552E-17,-1.));
#5123=DIRECTION('',(2.79716948691016E-16,1.,-6.44905224473552E-17));
#5124=DIRECTION('',(0.,6.45100292628875E-17,1.));
#5125=DIRECTION('',(0.,1.,7.74430123203933E-16));
#5126=DIRECTION('',(1.,0.,0.));
#5127=DIRECTION('',(1.,0.,0.));
#5128=DIRECTION('',(0.,-7.74430123203933E-16,1.));
#5129=DIRECTION('',(0.,-1.,-7.74445611806396E-16));
#5130=DIRECTION('',(0.,1.,2.3232903696118E-15));
#5131=DIRECTION('',(-1.,0.,0.));
#5132=DIRECTION('',(0.,-2.3232903696118E-15,1.));
#5133=DIRECTION('',(0.,-1.,-2.32333683541919E-15));
#5134=DIRECTION('',(0.,-1.20036669096606E-15,1.));
#5135=DIRECTION('',(1.,0.,0.));
#5136=DIRECTION('',(0.,-1.,-1.20036669096606E-15));
#5137=DIRECTION('',(0.,1.20037443526733E-15,-1.));
#5138=DIRECTION('',(1.,0.,0.));
#5139=DIRECTION('',(0.,0.,-1.));
#5140=DIRECTION('',(-1.,0.,0.));
#5141=DIRECTION('',(1.,0.,0.));
#5142=DIRECTION('',(0.,0.,-1.));
#5143=DIRECTION('',(-1.,0.,0.));
#5144=DIRECTION('',(1.,0.,0.));
#5145=DIRECTION('',(0.,1.,1.93607530800983E-15));
#5146=DIRECTION('',(0.,-1.93608692446168E-15,1.));
#5147=DIRECTION('',(0.,0.,-1.));
#5148=DIRECTION('',(0.,1.,0.));
#5149=DIRECTION('',(0.,0.,1.));
#5150=DIRECTION('',(1.,0.,0.));
#5151=DIRECTION('',(1.,0.,0.));
#5152=DIRECTION('',(4.93038065763132E-32,-4.93038065763132E-32,-1.));
#5153=DIRECTION('',(-1.,0.,0.));
#5154=DIRECTION('',(-1.,5.9211894646675E-15,-1.48029736616688E-15));
#5155=DIRECTION('',(1.4811505088599E-15,9.77559335847533E-15,-1.));
#5156=DIRECTION('',(1.,0.,0.));
#5157=DIRECTION('',(0.,0.,-1.));
#5158=DIRECTION('',(1.,0.,0.));
#5159=DIRECTION('',(1.,0.,0.));
#5160=DIRECTION('',(0.,0.,-1.));
#5161=DIRECTION('',(0.,6.44905224473552E-17,1.));
#5162=DIRECTION('',(0.,1.,-3.65328992902723E-15));
#5163=DIRECTION('',(0.,1.,-3.65328992902723E-15));
#5164=DIRECTION('',(0.,6.44905224473552E-17,-1.));
#5165=DIRECTION('',(-1.,0.,0.));
#5166=DIRECTION('',(0.,0.,1.));
#5167=DIRECTION('',(0.,-3.65328992902723E-15,-1.));
#5168=DIRECTION('',(0.,-1.,3.25260651745651E-15));
#5169=DIRECTION('',(0.,3.65328992902723E-15,1.));
#5170=DIRECTION('',(0.,-1.,3.52365706057789E-15));
#5171=DIRECTION('',(0.,3.65328992902723E-15,1.));
#5172=DIRECTION('',(0.,-1.,3.52365706057789E-15));
#5173=DIRECTION('',(0.,3.65328992902723E-15,1.));
#5174=DIRECTION('',(0.,-1.,3.65330053535284E-15));
#5175=DIRECTION('',(0.,-6.44905224473552E-17,-1.));
#5176=DIRECTION('',(0.,1.,-6.44905224473552E-17));
#5177=DIRECTION('',(0.,6.44905224473552E-17,-1.));
#5178=DIRECTION('',(0.,1.,6.44905224473552E-17));
#5179=DIRECTION('',(0.,-0.707106781186548,0.707106781186548));
#5180=DIRECTION('',(0.,-0.707106781186548,-0.707106781186548));
#5181=DIRECTION('',(0.,6.44905224473552E-17,-1.));
#5182=DIRECTION('',(0.,1.,6.44905224473182E-17));
#5183=DIRECTION('',(0.,0.707106781186547,-0.707106781186547));
#5184=DIRECTION('',(0.,0.707106781186548,0.707106781186548));
#5185=DIRECTION('',(0.,1.,0.));
#5186=DIRECTION('',(0.,0.,-1.));
#5187=DIRECTION('',(0.,-1.,0.));
#5188=DIRECTION('',(0.,0.,-1.));
#5189=DIRECTION('',(-3.09772049281573E-16,0.,1.));
#5190=DIRECTION('',(1.,0.,0.));
#5191=DIRECTION('',(0.,0.,-1.));
#5192=DIRECTION('',(-1.,0.,0.));
#5193=DIRECTION('',(0.,-1.,0.));
#5194=DIRECTION('',(0.,0.,-1.));
#5195=DIRECTION('',(0.,-1.,0.));
#5196=DIRECTION('',(3.09772049281573E-16,0.,-1.));
#5197=DIRECTION('',(0.,-1.,0.));
#5198=DIRECTION('',(-1.,0.,-3.09772049281573E-16));
#5199=DIRECTION('',(-3.09783665733421E-16,0.,1.));
#5200=DIRECTION('',(0.,-1.,0.));
#5201=DIRECTION('',(1.,0.,0.));
#5202=DIRECTION('',(0.,0.,-1.));
#5203=DIRECTION('',(-1.,0.,0.));
#5204=DIRECTION('',(0.,-1.,0.));
#5205=DIRECTION('',(0.,0.,1.));
#5206=DIRECTION('',(1.,0.,0.));
#5207=DIRECTION('',(0.,0.,-1.));
#5208=DIRECTION('',(-1.,0.,0.));
#5209=DIRECTION('',(0.,0.,1.));
#5210=DIRECTION('',(1.,0.,0.));
#5211=DIRECTION('',(0.,1.,0.));
#5212=DIRECTION('',(0.,0.,1.));
#5213=DIRECTION('',(0.,1.,0.));
#5214=DIRECTION('',(0.,0.,1.));
#5215=DIRECTION('',(0.,-1.,0.));
#5216=DIRECTION('',(0.,0.,-1.));
#5217=DIRECTION('',(-3.30423519233678E-17,0.,1.));
#5218=DIRECTION('',(-3.5527136788005E-18,0.,1.));
#5219=DIRECTION('',(-1.,0.,-3.5527136788005E-18));
#5220=DIRECTION('',(3.30423519233678E-17,0.,-1.));
#5221=DIRECTION('',(0.,-1.11022302462516E-15,1.));
#5222=DIRECTION('',(0.,1.,1.0842021724855E-15));
#5223=DIRECTION('',(3.30423519233678E-17,0.,-1.));
#5224=DIRECTION('',(-1.,0.,-3.30423519233678E-17));
#5225=DIRECTION('',(0.,0.,1.));
#5226=DIRECTION('',(-1.,0.,0.));
#5227=DIRECTION('',(0.,0.,-1.));
#5228=DIRECTION('',(0.,0.,1.));
#5229=DIRECTION('',(-1.,0.,0.));
#5230=DIRECTION('',(0.,0.,1.));
#5231=DIRECTION('',(0.,0.,1.));
#5232=DIRECTION('',(1.,0.,0.));
#5233=DIRECTION('',(0.,1.,0.));
#5234=DIRECTION('',(0.,0.,-1.));
#5235=DIRECTION('',(0.,1.,0.));
#5236=DIRECTION('',(0.,0.,1.));
#5237=DIRECTION('',(0.,1.,0.));
#5238=DIRECTION('',(0.,0.,1.));
#5239=DIRECTION('',(1.,0.,0.));
#5240=DIRECTION('',(3.30423519233678E-17,0.,-1.));
#5241=DIRECTION('',(0.,-1.,0.));
#5242=DIRECTION('',(0.,0.,-1.));
#5243=DIRECTION('',(0.,0.,1.));
#5244=DIRECTION('',(0.,-1.,0.));
#5245=DIRECTION('',(0.,0.,-1.));
#5246=DIRECTION('',(0.,-1.,0.));
#5247=DIRECTION('',(0.,-1.,0.));
#5248=DIRECTION('',(0.,-1.,0.));
#5249=DIRECTION('',(0.,0.,-1.));
#5250=DIRECTION('',(0.,1.,0.));
#5251=DIRECTION('',(0.,0.,1.));
#5252=DIRECTION('',(0.,1.,0.));
#5253=DIRECTION('',(0.,0.,1.));
#5254=DIRECTION('',(0.,1.,0.));
#5255=DIRECTION('',(0.,0.,1.));
#5256=DIRECTION('',(0.,-1.,0.));
#5257=DIRECTION('',(0.,-1.,0.));
#5258=DIRECTION('',(0.,0.,1.));
#5259=DIRECTION('',(0.,-1.,0.));
#5260=DIRECTION('',(0.,1.,0.));
#5261=DIRECTION('',(0.,0.,1.));
#5262=DIRECTION('',(-3.30423519233678E-17,0.,1.));
#5263=DIRECTION('',(-1.,0.,-3.30423519233678E-17));
#5264=DIRECTION('',(-3.30410612064957E-17,0.,1.));
#5265=DIRECTION('',(0.,0.,-1.));
#5266=DIRECTION('',(1.,0.,0.));
#5267=DIRECTION('',(0.,0.,-1.));
#5268=DIRECTION('',(0.,-1.,0.));
#5269=DIRECTION('',(0.,0.,-1.));
#5270=DIRECTION('',(0.,1.,0.));
#5271=DIRECTION('',(0.,0.,1.));
#5272=DIRECTION('',(-1.,0.,0.));
#5273=DIRECTION('',(0.,0.,-1.));
#5274=DIRECTION('',(1.,0.,0.));
#5275=DIRECTION('',(3.30423519233678E-17,0.,-1.));
#5276=DIRECTION('',(-1.,0.,0.));
#5277=DIRECTION('',(0.,0.,-1.));
#5278=DIRECTION('',(1.,0.,0.));
#5279=DIRECTION('',(-3.66042455095696E-15,-0.603916748136667,-0.797047402178838));
#5280=DIRECTION('',(0.,-0.797047402178837,0.603916748136667));
#5281=DIRECTION('',(0.,0.,1.));
#5282=DIRECTION('',(1.,0.,0.));
#5283=DIRECTION('',(2.77552417334034E-15,-0.603916748136668,-0.797047402178837));
#5284=DIRECTION('',(0.,0.797047402178837,-0.603916748136668));
#5285=DIRECTION('',(0.,-1.,0.));
#5286=DIRECTION('',(0.,0.,1.));
#5287=DIRECTION('',(0.,-1.,0.));
#5288=DIRECTION('',(0.,0.,1.));
#5289=DIRECTION('',(0.,-1.,0.));
#5290=DIRECTION('',(0.,0.,-1.));
#5291=DIRECTION('',(0.,1.,0.));
#5292=DIRECTION('',(0.,8.26961598138395E-16,1.));
#5293=DIRECTION('',(0.,-1.,0.));
#5294=DIRECTION('',(0.,0.,-1.));
#5295=DIRECTION('',(0.,-1.,0.));
#5296=DIRECTION('',(0.,0.,-1.));
#5297=DIRECTION('',(0.,-1.,0.));
#5298=DIRECTION('',(0.,0.,-1.));
#5299=DIRECTION('',(0.,0.,1.));
#5300=DIRECTION('',(1.,0.,0.));
#5301=DIRECTION('',(-0.648003076561178,0.,-0.76163771753193));
#5302=DIRECTION('',(-0.76163771753193,0.,0.648003076561178));
#5303=DIRECTION('',(-0.648003076561177,0.,0.761637717531931));
#5304=DIRECTION('',(0.76163771753193,0.,0.648003076561177));
#5305=DIRECTION('',(0.,1.,0.));
#5306=DIRECTION('',(0.,0.,1.));
#5307=DIRECTION('',(3.62223776557419E-18,2.04695303063678E-17,-1.));
#5308=DIRECTION('',(0.,1.,2.04695303063678E-17));
#5309=DIRECTION('',(0.,-1.,0.));
#5310=DIRECTION('',(0.,0.,-1.));
#5311=DIRECTION('',(6.12303176911189E-17,1.,0.));
#5312=DIRECTION('',(-1.,0.,0.));
#5313=DIRECTION('',(0.,1.,0.));
#5314=DIRECTION('',(0.,1.,0.));
#5315=DIRECTION('',(-6.12303176911189E-17,-1.,0.));
#5316=DIRECTION('',(1.,0.,0.));
#5317=DIRECTION('',(4.62592926927149E-16,-2.83247118774139E-32,1.));
#5318=DIRECTION('',(-2.36847578594881E-15,0.,-1.));
#5319=DIRECTION('',(-6.12303176911189E-17,-1.,0.));
#5320=DIRECTION('',(1.,0.,-4.62592926927149E-16));
#5321=DIRECTION('',(-4.62601961945253E-16,0.,-1.));
#5322=DIRECTION('',(-6.60847038467355E-16,0.,-1.));
#5323=DIRECTION('',(0.,1.,0.));
#5324=DIRECTION('',(0.,0.,1.));
#5325=DIRECTION('',(1.,0.,-6.60847038467355E-16));
#5326=DIRECTION('',(-6.60848329184227E-16,0.,-1.));
#5327=DIRECTION('',(-6.12303176911189E-17,-1.,0.));
#5328=DIRECTION('',(-1.,0.,0.));
#5329=DIRECTION('',(1.92396106393177E-15,-1.,1.2109714074213E-15));
#5330=DIRECTION('',(-0.731055268242751,-2.40933816107976E-15,-0.682318250360137));
#5331=DIRECTION('',(-6.12303176911189E-17,-1.,0.));
#5332=DIRECTION('',(-0.0516023203331669,0.,-0.99866771277349));
#5333=DIRECTION('',(-6.12303176911189E-17,-1.,0.));
#5334=DIRECTION('',(-1.,0.,0.));
#5335=DIRECTION('',(-6.12303176911189E-17,-1.,0.));
#5336=DIRECTION('',(1.,0.,0.));
#5337=DIRECTION('',(0.,-1.,0.));
#5338=DIRECTION('',(0.,0.,-1.));
#5339=DIRECTION('',(6.12303176911189E-17,1.,0.));
#5340=DIRECTION('',(-1.,6.1257422745431E-17,0.));
#5341=DIRECTION('',(0.,1.,0.));
#5342=DIRECTION('',(0.,0.,-1.));
#5343=DIRECTION('',(0.,-1.,0.));
#5344=DIRECTION('',(1.,0.,0.));
#5345=DIRECTION('',(0.894105422216224,0.163543160534498,0.416928205577333));
#5346=DIRECTION('',(0.894105422216224,0.163543160534498,0.416928205577333));
#5347=DIRECTION('',(0.422618277779887,-1.06754789691243E-7,-0.906307779557448));
#5348=DIRECTION('',(-0.919715251869832,-0.155488857791776,0.360481720175407));
#5349=DIRECTION('',(0.373322931873424,-0.0622951297784351,0.925607533106402));
#5350=DIRECTION('',(0.904558627114805,0.0620986636658068,0.421802615073805));
#5351=DIRECTION('',(0.422618766134192,-8.94513980078751E-6,-0.906307551789787));
#5352=DIRECTION('',(-0.919715251869832,-0.155488857791776,0.360481720175407));
#5353=DIRECTION('',(-0.144766171412705,0.987837646125419,0.056740994985093));
#5354=DIRECTION('',(-0.919715251869832,-0.155488857791776,0.360481720175407));
#5355=DIRECTION('',(0.364920006429517,0.,0.931038876152592));
#5356=DIRECTION('',(0.181226108397769,0.965055408883439,-0.189275342873332));
#5357=DIRECTION('',(0.,0.192462237272537,0.981304380518119));
#5358=DIRECTION('',(0.817571093867535,0.0620986582993902,0.572469442948406));
#5359=DIRECTION('',(0.573575980427643,8.94507969876206E-6,-0.819152363480967));
#5360=DIRECTION('',(-0.808123128686618,-0.163543160576668,-0.565853906507985));
#5361=DIRECTION('',(0.808123128686618,0.163543160576668,0.565853906507985));
#5362=DIRECTION('',(0.573576421854233,1.06755082453552E-7,-0.819152054439763));
#5363=DIRECTION('',(0.0144319772055258,0.953675438967961,-0.300491056677577));
#5364=DIRECTION('',(0.,0.300522355000852,0.953774771182767));
#5365=DIRECTION('',(-0.0144319726957353,0.953675436451274,-0.300491064881439));
#5366=DIRECTION('',(0.,0.300522363186009,0.95377476860373));
#5367=DIRECTION('',(-0.808123128686208,0.163543160579686,0.565853906507698));
#5368=DIRECTION('',(0.808123128686208,-0.163543160579686,-0.565853906507698));
#5369=DIRECTION('',(-0.573576421854282,1.06754719183513E-7,-0.819152054439729));
#5370=DIRECTION('',(0.81757109387023,-0.0620986582465082,-0.572469442950293));
#5371=DIRECTION('',(-0.57357598042766,8.94507935889289E-6,-0.819152363480955));
#5372=DIRECTION('',(-0.181226108446098,0.965055408868762,-0.189275342901894));
#5373=DIRECTION('',(0.,0.192462237303322,0.981304380512081));
#5374=DIRECTION('',(0.0733042098143214,0.965055406449273,0.251584091918641));
#5375=DIRECTION('',(0.,-0.252262772780804,0.967658769127289));
#5376=DIRECTION('',(0.904558627416054,-0.0620986583235073,-0.42180261521428));
#5377=DIRECTION('',(-0.422618766130754,-8.94507959460861E-6,-0.906307551791391));
#5378=DIRECTION('',(0.894105422208791,-0.163543160583975,-0.416928205573867));
#5379=DIRECTION('',(0.894105422208791,-0.163543160583975,-0.416928205573867));
#5380=DIRECTION('',(-0.422618277779777,-1.06754052319421E-7,-0.906307779557499));
#5381=DIRECTION('',(-0.0859822935249907,0.163543160457643,-0.98278211210202));
#5382=DIRECTION('',(0.0859822935249907,-0.163543160457643,0.98278211210202));
#5383=DIRECTION('',(-8.02956941318117E-10,-0.986435211906333,-0.16415106673826));
#5384=DIRECTION('',(0.0869875335504432,-0.0620986581952752,0.994272058169773));
#5385=DIRECTION('',(0.9961947465584,8.9450791615495E-6,-0.0871551883104556));
#5386=DIRECTION('',(0.254530305228321,0.965055409885285,-0.0623087439411354));
#5387=DIRECTION('',(-0.966934238106278,0.255025840215912,0.));
#5388=DIRECTION('',(0.772043953180504,0.155488857811013,-0.616255912307579));
#5389=DIRECTION('',(0.614938170511367,0.062295137056533,0.786110909698651));
#5390=DIRECTION('',(-0.772043953180504,-0.155488857811013,0.616255912307579));
#5391=DIRECTION('',(-0.121522228810728,0.987837646122391,0.0970006845761752));
#5392=DIRECTION('',(-0.772043953180504,-0.155488857811013,0.616255912307579));
#5393=DIRECTION('',(0.623843315474561,0.,0.781549433969283));
#5394=DIRECTION('',(-0.0869875335499682,-0.0620986582828962,0.994272058164342));
#5395=DIRECTION('',(0.996194746558403,-8.94507977550671E-6,0.0871551883104166));
#5396=DIRECTION('',(-0.0859822935240246,-0.163543160524503,0.982782112090979));
#5397=DIRECTION('',(-0.0859822935240246,-0.163543160524503,0.982782112090979));
#5398=DIRECTION('',(8.0295363794755E-10,-0.986435211895168,-0.164151066805354));
#5399=DIRECTION('',(0.768530000438569,0.283803490867834,0.573425860070092));
#5400=DIRECTION('',(0.598014753602666,0.,-0.801485093107503));
#5401=DIRECTION('',(-0.179945981950945,0.975573452516661,-0.1259995330326));
#5402=DIRECTION('',(-0.179945981950945,0.975573452516661,-0.1259995330326));
#5403=DIRECTION('',(-0.983410943363929,-0.181391610809499,6.23013894253129E-8));
#5404=DIRECTION('',(0.18770124223372,0.861535375480573,-0.471725598690029));
#5405=DIRECTION('',(0.,0.480261689629599,0.877125253013572));
#5406=DIRECTION('',(0.,1.,0.));
#5407=DIRECTION('',(-1.,0.,0.));
#5408=DIRECTION('',(0.,-1.,0.));
#5409=DIRECTION('',(1.,0.,0.));
#5410=DIRECTION('',(0.,1.,0.));
#5411=DIRECTION('',(-1.,0.,0.));
#5412=DIRECTION('',(0.19909178738055,-0.975573452533091,0.0928380251313173));
#5413=DIRECTION('',(-0.19909178738055,0.975573452533091,-0.0928380251313173));
#5414=DIRECTION('',(-0.97980500964615,-0.19995535269731,-3.36986606456071E-8));
#5415=DIRECTION('',(0.880866362899686,0.283803489889679,0.37885357308374));
#5416=DIRECTION('',(0.395099073597877,0.,-0.918638515435805));
#5417=DIRECTION('',(-0.768530000115426,0.283803490033051,0.573425860916337));
#5418=DIRECTION('',(0.59801475433111,0.,0.801485092563987));
#5419=DIRECTION('',(-0.179945981894134,-0.975573452532277,0.12599953299282));
#5420=DIRECTION('',(0.179945981894134,0.975573452532277,-0.12599953299282));
#5421=DIRECTION('',(-0.983410943374658,0.181391610751333,-6.23012051011059E-8));
#5422=DIRECTION('',(0.,1.,0.));
#5423=DIRECTION('',(-1.,0.,0.));
#5424=DIRECTION('',(0.,1.,0.));
#5425=DIRECTION('',(-1.,0.,0.));
#5426=DIRECTION('',(0.199091787451202,0.975573452515537,-0.0928380251642623));
#5427=DIRECTION('',(0.199091787451202,0.975573452515537,-0.0928380251642623));
#5428=DIRECTION('',(-0.979805009631548,0.199955352768869,3.3698462274388E-8));
#5429=DIRECTION('',(0.880866362328172,-0.283803490724921,-0.37885357378687));
#5430=DIRECTION('',(-0.395099074433017,0.,-0.918638515076618));
#5431=DIRECTION('',(-0.0191458054957582,0.975573452516603,0.218837558195009));
#5432=DIRECTION('',(-0.0191458054957582,0.975573452516603,0.218837558195009));
#5433=DIRECTION('',(1.4273114135552E-9,-0.218877677950534,0.975752305708259));
#5434=DIRECTION('',(0.,1.,0.));
#5435=DIRECTION('',(-1.,0.,0.));
#5436=DIRECTION('',(0.,1.,0.));
#5437=DIRECTION('',(-1.,0.,0.));
#5438=DIRECTION('',(-0.0191458054892909,-0.975573452533312,-0.218837558121088));
#5439=DIRECTION('',(0.0191458054892909,0.975573452533312,0.218837558121088));
#5440=DIRECTION('',(-1.42731449704565E-9,-0.218877677876574,0.97575230572485));
#5441=DIRECTION('',(0.,-1.,0.));
#5442=DIRECTION('',(1.,0.,0.));
#5443=DIRECTION('',(0.,1.,0.));
#5444=DIRECTION('',(0.,-1.,0.));
#5445=DIRECTION('',(0.,1.,0.));
#5446=DIRECTION('',(-1.,0.,0.));
#5447=DIRECTION('',(-0.174954531890717,-0.877126952406908,-0.447257443909288));
#5448=DIRECTION('',(0.,0.454263774916506,-0.89086723073565));
#5449=DIRECTION('',(-0.299859100748592,0.877126993280492,-0.375143648962594));
#5450=DIRECTION('',(0.,0.393239137436539,0.919436229864892));
#5451=DIRECTION('',(0.,1.,0.));
#5452=DIRECTION('',(-1.,0.,0.));
#5453=DIRECTION('',(0.,-1.,0.));
#5454=DIRECTION('',(0.,1.,0.));
#5455=DIRECTION('',(-1.,0.,0.));
#5456=DIRECTION('',(0.,-1.,0.));
#5457=DIRECTION('',(0.,1.,0.));
#5458=DIRECTION('',(0.825351982871312,0.,-0.56461854766771));
#5459=DIRECTION('',(0.,1.,0.));
#5460=DIRECTION('',(0.,1.,0.));
#5461=DIRECTION('',(-1.,0.,0.));
#5462=DIRECTION('',(0.29985910496864,0.877126997252472,-0.375143636302509));
#5463=DIRECTION('',(0.,0.393239124712557,0.919436235306888));
#5464=DIRECTION('',(0.17495451671423,-0.877126956927415,-0.447257440980632));
#5465=DIRECTION('',(0.,0.454263770697729,-0.890867232886855));
#5466=DIRECTION('',(0.,1.,0.));
#5467=DIRECTION('',(0.,-1.,0.));
#5468=DIRECTION('',(0.,1.,0.));
#5469=DIRECTION('',(-1.,0.,0.));
#5470=DIRECTION('',(0.,1.,0.));
#5471=DIRECTION('',(0.901649997163784,0.,-0.432466510396524));
#5472=DIRECTION('',(-0.819152044288992,0.,0.573576436351046));
#5473=DIRECTION('',(0.819152044288992,0.,-0.573576436351046));
#5474=DIRECTION('',(0.819152044288992,0.,-0.573576436351046));
#5475=DIRECTION('',(0.573576436351046,0.,0.819152044288992));
#5476=DIRECTION('',(-0.0871557427476583,0.,-0.996194698091746));
#5477=DIRECTION('',(0.0871557427476583,0.,0.996194698091746));
#5478=DIRECTION('',(0.0871557427476583,0.,0.996194698091746));
#5479=DIRECTION('',(-0.996194698091745,0.,0.0871557427476586));
#5480=DIRECTION('',(-0.90630778703665,0.,0.422618261740699));
#5481=DIRECTION('',(0.90630778703665,0.,-0.422618261740699));
#5482=DIRECTION('',(-0.90630778703665,0.,0.422618261740699));
#5483=DIRECTION('',(-0.422618261740698,0.,-0.90630778703665));
#5484=DIRECTION('',(0.0871557427476583,0.,-0.996194698091746));
#5485=DIRECTION('',(-0.0871557427476583,0.,0.996194698091746));
#5486=DIRECTION('',(0.0871557427476583,0.,-0.996194698091746));
#5487=DIRECTION('',(0.996194698091746,0.,0.0871557427476572));
#5488=DIRECTION('',(0.90630778703665,0.,0.422618261740699));
#5489=DIRECTION('',(-0.90630778703665,0.,-0.422618261740699));
#5490=DIRECTION('',(-0.90630778703665,0.,-0.422618261740699));
#5491=DIRECTION('',(0.422618261740699,0.,-0.90630778703665));
#5492=DIRECTION('',(0.819152044288992,0.,0.573576436351046));
#5493=DIRECTION('',(-0.573576436351046,0.,0.819152044288992));
#5494=DIRECTION('',(0.804252018702172,-0.506093971831637,-0.311524609122873));
#5495=DIRECTION('',(0.53259701952308,0.846368959021497,0.));
#5496=DIRECTION('',(-0.758090311955819,0.014311396825503,-0.651992532809719));
#5497=DIRECTION('',(-0.652059312345121,0.,0.758167958426105));
#5498=DIRECTION('',(0.132337776737457,0.506093961492574,-0.85226499106143));
#5499=DIRECTION('',(0.,0.85982745071967,0.510584718718563));
#5500=DIRECTION('',(0.671914294034473,0.506093909710185,0.540740359161784));
#5501=DIRECTION('',(0.626961060375125,0.,-0.779050594488766));
#5502=DIRECTION('',(-0.943687252723978,-0.0143113982342659,0.330529201322443));
#5503=DIRECTION('',(0.330563055377109,0.,0.94378390875229));
#5504=DIRECTION('',(0.185596797088189,-0.0143111334158506,-0.982521765850996));
#5505=DIRECTION('',(-0.982622395732672,0.,-0.185615805912604));
#5506=DIRECTION('',(0.,1.,0.));
#5507=DIRECTION('',(-1.,0.,0.));
#5508=DIRECTION('',(0.,1.,0.));
#5509=DIRECTION('',(-1.,5.62584680362824E-17,0.));
#5510=DIRECTION('',(0.,-1.,0.));
#5511=DIRECTION('',(1.,0.,-6.12323399573677E-17));
#5512=DIRECTION('',(0.,1.,0.));
#5513=DIRECTION('',(-1.,0.,0.));
#5514=DIRECTION('',(0.,1.,0.));
#5515=DIRECTION('',(0.,0.,-1.));
#5516=DIRECTION('',(0.,-1.,0.));
#5517=DIRECTION('',(1.,0.,0.));
#5518=DIRECTION('',(0.,1.,0.));
#5519=DIRECTION('',(0.,0.,-1.));
#5520=DIRECTION('',(0.,1.,0.));
#5521=DIRECTION('',(-1.,0.,0.));
#5522=DIRECTION('',(0.,1.,0.));
#5523=DIRECTION('',(-1.,0.,0.));
#5524=DIRECTION('',(0.,1.,0.));
#5525=DIRECTION('',(-1.,-9.8551352630388E-17,0.));
#5526=DIRECTION('',(0.,1.,0.));
#5527=DIRECTION('',(-1.,7.14836408261615E-17,0.));
#5528=DIRECTION('',(0.,-1.,0.));
#5529=DIRECTION('',(0.,0.,-1.));
#5530=DIRECTION('',(0.,1.,0.));
#5531=DIRECTION('',(1.,0.,0.));
#5532=DIRECTION('',(0.,1.,0.));
#5533=DIRECTION('',(1.,0.,0.));
#5534=DIRECTION('',(0.,1.,0.));
#5535=DIRECTION('',(1.,0.,0.));
#5536=DIRECTION('',(0.,1.,0.));
#5537=DIRECTION('',(-1.,0.,0.));
#5538=DIRECTION('',(0.,1.,0.));
#5539=DIRECTION('',(1.,0.,0.));
#5540=DIRECTION('',(0.,-1.,0.));
#5541=DIRECTION('',(1.,0.,0.));
#5542=DIRECTION('',(-0.422618261740699,0.,-0.90630778703665));
#5543=DIRECTION('',(0.90630778703665,0.,-0.422618261740699));
#5544=DIRECTION('',(-0.996194698091746,0.,0.0871557427476583));
#5545=DIRECTION('',(-0.0871557427476583,0.,-0.996194698091746));
#5546=DIRECTION('',(0.996194698091746,0.,0.0871557427476583));
#5547=DIRECTION('',(-0.0871557427476583,0.,0.996194698091746));
#5548=DIRECTION('',(0.422618261740699,0.,-0.90630778703665));
#5549=DIRECTION('',(0.90630778703665,0.,0.422618261740699));
#5550=DIRECTION('',(-0.573576436351046,0.,-0.819152044288992));
#5551=DIRECTION('',(0.819152044288992,0.,-0.573576436351046));
#5552=DIRECTION('',(0.573576436351046,0.,-0.819152044288992));
#5553=DIRECTION('',(0.819152044288992,0.,0.573576436351046));
#5554=DIRECTION('',(0.,-1.,0.));
#5555=DIRECTION('',(1.,1.56561288076013E-17,0.));
#5556=DIRECTION('',(0.,-1.,0.));
#5557=DIRECTION('',(1.,1.56561288076013E-17,0.));
#5558=DIRECTION('',(0.,-1.,0.));
#5559=DIRECTION('',(1.,1.56561288076013E-17,0.));
#5560=DIRECTION('',(0.,1.,0.));
#5561=DIRECTION('',(-1.,7.14836408261615E-17,0.));
#5562=DIRECTION('',(0.,1.,0.));
#5563=DIRECTION('',(-1.,7.14836408261615E-17,0.));
#5564=DIRECTION('',(0.,1.,0.));
#5565=DIRECTION('',(1.,0.,0.));
#5566=DIRECTION('',(0.,-1.,0.));
#5567=DIRECTION('',(1.,0.,0.));
#5568=DIRECTION('',(0.,1.,0.));
#5569=DIRECTION('',(1.,0.,0.));
#5570=DIRECTION('',(0.,-1.,0.));
#5571=DIRECTION('',(1.,0.,0.));
#5572=DIRECTION('',(0.,-1.,0.));
#5573=DIRECTION('',(0.,0.,-1.));
#5574=DIRECTION('',(0.,-1.,0.));
#5575=DIRECTION('',(0.,0.,-1.));
#5576=DIRECTION('',(0.,1.,0.));
#5577=DIRECTION('',(0.,-1.88877965590949E-16,1.));
#5578=DIRECTION('',(0.,1.,1.01064309961486E-15));
#5579=DIRECTION('',(0.,0.,1.));
#5580=DIRECTION('',(0.,1.,0.));
#5581=DIRECTION('',(0.,0.,1.));
#5582=DIRECTION('',(0.,1.,0.));
#5583=DIRECTION('',(0.,-7.60414858312464E-17,1.));
#5584=DIRECTION('',(0.,1.,1.01064309961486E-15));
#5585=DIRECTION('',(0.,0.,1.));
#5586=DIRECTION('',(0.,1.,0.));
#5587=DIRECTION('',(0.,-2.86350417561262E-17,1.));
#5588=DIRECTION('',(0.,1.,1.01064309961486E-15));
#5589=DIRECTION('',(0.,1.38516518421162E-15,1.));
#5590=DIRECTION('',(7.68176249970914E-31,7.95939978199934E-15,1.));
#5591=DIRECTION('',(1.,2.99930577216649E-16,-3.15544362088405E-30));
#5592=DIRECTION('',(1.19811568074135E-15,-5.27866690540888E-30,1.));
#5593=DIRECTION('',(-4.54728847169388E-15,-1.,1.69510717381935E-31));
#5594=DIRECTION('',(2.6784130469082E-15,-7.38298311375729E-15,1.));
#5595=DIRECTION('',(1.,1.37390099297363E-15,-2.67841304690819E-15));
#5596=DIRECTION('',(-2.67841304690819E-15,3.96703049944884E-30,-1.));
#5597=DIRECTION('',(1.346145417358E-15,-1.,-7.57256394833618E-30));
#5598=DIRECTION('',(-1.69309011255335E-15,1.,4.30211422042248E-15));
#5599=DIRECTION('',(-2.80331313717853E-15,4.30211422042248E-15,-1.));
#5600=CARTESIAN_POINT('',(0.,0.,0.));
#5601=CARTESIAN_POINT('',(0.,0.02,0.));
#5602=CARTESIAN_POINT('',(0.,0.02,-0.183));
#5603=CARTESIAN_POINT('',(0.,0.01,0.));
#5604=CARTESIAN_POINT('',(0.,0.01,-0.183));
#5605=CARTESIAN_POINT('',(0.,0.,0.));
#5606=CARTESIAN_POINT('',(0.,0.02,0.));
#5607=CARTESIAN_POINT('',(0.,0.02,-0.175));
#5608=CARTESIAN_POINT('',(0.,0.02,0.183));
#5609=CARTESIAN_POINT('',(0.,0.01,0.));
#5610=CARTESIAN_POINT('',(0.,0.01,-0.175));
#5611=CARTESIAN_POINT('',(0.,0.,0.));
#5612=CARTESIAN_POINT('',(0.,0.01,0.175));
#5613=CARTESIAN_POINT('',(0.,0.11,0.));
#5614=CARTESIAN_POINT('',(0.,0.11,-0.175));
#5615=CARTESIAN_POINT('',(0.,0.11,0.));
#5616=CARTESIAN_POINT('',(0.,0.11,-0.183));
#5617=CARTESIAN_POINT('',(0.,0.11,0.183));
#5618=CARTESIAN_POINT('',(0.,0.12,0.));
#5619=CARTESIAN_POINT('',(0.,0.12,-0.175));
#5620=CARTESIAN_POINT('',(0.,0.,0.));
#5621=CARTESIAN_POINT('',(0.,0.12,0.));
#5622=CARTESIAN_POINT('',(0.,0.12,-0.183));
#5623=CARTESIAN_POINT('',(0.,0.12,0.175));
#5624=CARTESIAN_POINT('',(0.,0.,0.));
#5625=CARTESIAN_POINT('',(-3.11999999999998,-0.270000000000003,0.0499999999998921));
#5626=CARTESIAN_POINT('',(-2.29735441169861,-0.270000000000003,0.0499999999998921));
#5627=CARTESIAN_POINT('',(-1.66999999999997,-0.270000000000003,0.0499999999998921));
#5628=CARTESIAN_POINT('',(-2.29735441169861,-0.270000000000003,-0.465382241643153));
#5629=CARTESIAN_POINT('',(-2.29735441169861,-0.270000000000003,-0.645000000000045));
#5630=CARTESIAN_POINT('',(-1.66999999999997,-0.270000000000003,-0.645000000000045));
#5631=CARTESIAN_POINT('',(-1.66999999999997,-0.270000000000003,-0.645000000000045));
#5632=CARTESIAN_POINT('',(-1.66999999999997,-0.270000000000003,-1.11076448328627));
#5633=CARTESIAN_POINT('',(-1.03,-0.270000000000003,-1.11076448328627));
#5634=CARTESIAN_POINT('',(-2.43269999999997,3.1822411217591E-15,0.224999999294839));
#5635=CARTESIAN_POINT('',(-2.43269999999997,3.44060870347942E-15,0.224999999294839));
#5636=CARTESIAN_POINT('',(-2.38507840376272,-0.0950000007050601,0.224999999294838));
#5637=CARTESIAN_POINT('',(-3.11999999999998,-0.0950000000000049,0.224999999999894));
#5638=CARTESIAN_POINT('',(-1.66999999999997,-0.0950000000000049,0.224999999999894));
#5639=CARTESIAN_POINT('',(-1.66999999999997,0.519590179001401,0.22499999929484));
#5640=CARTESIAN_POINT('',(-1.67021623672226,0.420013487485537,0.225314220846505));
#5641=CARTESIAN_POINT('',(-3.67043247344456,0.420000000000105,0.224999999647417));
#5642=CARTESIAN_POINT('',(-2.43269999999997,0.420000000000105,0.224999999294842));
#5643=CARTESIAN_POINT('',(-2.43269999999997,1.67257008298961E-15,0.224999999294839));
#5644=CARTESIAN_POINT('',(-3.67043247344456,0.156124950071776,0.22499999929484));
#5645=CARTESIAN_POINT('',(-1.66999999999997,0.120344632104631,0.440344632104532));
#5646=CARTESIAN_POINT('',(-1.66999999999997,1.1,-0.645000000000045));
#5647=CARTESIAN_POINT('',(-1.66999999999997,0.270000000000003,-0.645000000000045));
#5648=CARTESIAN_POINT('',(-1.66999999999997,0.270000000000003,-2.00902896657251));
#5649=CARTESIAN_POINT('',(-1.66999999999997,0.270000000000005,-0.225000000000005));
#5650=CARTESIAN_POINT('',(-1.66999999999997,0.519590179001401,-0.225000000000005));
#5651=CARTESIAN_POINT('',(-1.67021623672226,0.420000000000693,-0.225000000000004));
#5652=CARTESIAN_POINT('',(-1.66999999999997,0.420000000000693,-0.225000000000005));
#5653=CARTESIAN_POINT('',(-1.66999999999997,0.447567359160023,-0.225000000000005));
#5654=CARTESIAN_POINT('',(-1.66999999999997,0.474234025826493,-0.220099136149369));
#5655=CARTESIAN_POINT('',(-1.66999999999997,0.500000000000102,-0.210297408448097));
#5656=CARTESIAN_POINT('',(-1.67021623672226,0.498850119888249,-0.210730053524123));
#5657=CARTESIAN_POINT('',(-1.66999999999997,0.498466826517631,-0.210874268549466));
#5658=CARTESIAN_POINT('',(-1.66999999999997,0.601593836865362,-0.17250045800402));
#5659=CARTESIAN_POINT('',(-1.66999999999997,0.661040781179874,-0.0623860318926766));
#5660=CARTESIAN_POINT('',(-1.66999999999997,0.62449443787171,0.137857527377813));
#5661=CARTESIAN_POINT('',(-1.66999999999997,0.52483897981562,0.223387534968385));
#5662=CARTESIAN_POINT('',(-1.66999999999997,0.420013506295067,0.225628442096141));
#5663=CARTESIAN_POINT('',(-1.66999999999997,0.,-0.42000000000003));
#5664=CARTESIAN_POINT('',(-1.66999999999997,0.,-0.29500000000003));
#5665=CARTESIAN_POINT('',(-1.66999999999997,4.01623179158149E-15,-2.55224602734178E-14));
#5666=CARTESIAN_POINT('',(-1.66999999999997,4.01623179158149E-15,-0.183000000000026));
#5667=CARTESIAN_POINT('',(-1.66999999999997,0.420000000000101,-6.9155450338359E-15));
#5668=CARTESIAN_POINT('',(-1.66999999999997,0.603000000000101,-6.9155450338359E-15));
#5669=CARTESIAN_POINT('',(-1.66999999999997,0.519590179001401,0.0410990852077688));
#5670=CARTESIAN_POINT('',(-2.43269999999997,0.420294890269082,-0.000294890268985997));
#5671=CARTESIAN_POINT('',(-2.43269999999997,0.623294890269092,-0.000294890268985997));
#5672=CARTESIAN_POINT('',(-2.43269999999997,4.44522890718593E-15,-0.225000000000006));
#5673=CARTESIAN_POINT('',(-2.43269999999997,0.420000000000693,-0.225000000000004));
#5674=CARTESIAN_POINT('',(-2.43269999999997,0.270000000000005,-0.225000000000005));
#5675=CARTESIAN_POINT('',(-2.43269999999997,0.270000000000003,-0.287500000000016));
#5676=CARTESIAN_POINT('',(-2.43269999999997,0.270000000000003,-0.645000000000045));
#5677=CARTESIAN_POINT('',(-2.43269999999997,-0.108972473588501,-0.645000000000045));
#5678=CARTESIAN_POINT('',(-2.43269999999997,3.46944695195361E-15,-0.645000000000045));
#5679=CARTESIAN_POINT('',(-2.43269999999997,3.46944695195361E-15,0.0899999999999601));
#5680=CARTESIAN_POINT('',(-2.43269999999997,3.46944695195361E-15,-0.603000000000031));
#5681=CARTESIAN_POINT('',(-2.43269999999997,3.46944695195361E-15,-0.42000000000003));
#5682=CARTESIAN_POINT('',(-2.43269999999997,3.46944695195361E-15,-0.23700000000003));
#5683=CARTESIAN_POINT('',(-2.43269999999997,3.46944695195361E-15,0.0899999999999601));
#5684=CARTESIAN_POINT('',(-2.43269999999997,3.46944695195361E-15,-0.183000000000043));
#5685=CARTESIAN_POINT('',(-2.43269999999997,3.46944695195361E-15,-3.15408908301174E-14));
#5686=CARTESIAN_POINT('',(-2.43269999999997,3.46944695195361E-15,0.182999999999957));
#5687=CARTESIAN_POINT('',(-2.43269999999997,3.46944695195361E-15,0.0899999999999601));
#5688=CARTESIAN_POINT('',(-2.43269999999997,0.420000000000107,-7.99267664385487E-15));
#5689=CARTESIAN_POINT('',(-2.43269999999997,0.499233947381665,-0.210587255863902));
#5690=CARTESIAN_POINT('',(-2.43269999999997,0.500000000000102,-0.210297408448097));
#5691=CARTESIAN_POINT('',(-2.43269999999997,0.474234025826494,-0.220099136149368));
#5692=CARTESIAN_POINT('',(-2.43269999999997,0.447567359160024,-0.225000000000005));
#5693=CARTESIAN_POINT('',(-2.43269999999997,0.420000000000693,-0.225000000000005));
#5694=CARTESIAN_POINT('',(-2.43269999999997,3.46944695195361E-15,-4.26176361172499E-14));
#5695=CARTESIAN_POINT('',(-2.40152700320957,-0.0621868007597559,0.257813199240143));
#5696=CARTESIAN_POINT('',(-2.43269999999997,3.46944695195361E-15,-3.15408908301174E-14));
#5697=CARTESIAN_POINT('',(-2.43269999999997,3.46944695195361E-15,-0.42000000000003));
#5698=CARTESIAN_POINT('',(-2.65303727442307,0.439549340624099,-0.645000000000045));
#5699=CARTESIAN_POINT('',(-2.43269999999997,3.46944695195361E-15,0.179999999999962));
#5700=CARTESIAN_POINT('',(-3.67043247344456,0.270000000000005,-0.225000000000005));
#5701=CARTESIAN_POINT('',(-1.73134999999998,0.270000000000003,-0.645000000000045));
#5702=CARTESIAN_POINT('',(-1.02999999999999,0.270000000000003,-2.00902896657251));
#5703=CARTESIAN_POINT('',(-2.43269999999997,1.1,-0.645000000000045));
#5704=CARTESIAN_POINT('',(-2.4135835236079,0.232804892161782,6.74921421377527E-6));
#5705=CARTESIAN_POINT('',(-2.4135835236079,0.232567823303619,-0.147348097362299));
#5706=CARTESIAN_POINT('',(-2.4135835236079,0.448674764808656,-0.237066257011256));
#5707=CARTESIAN_POINT('',(-2.4135835236079,0.65706625701135,-0.0286747648085769));
#5708=CARTESIAN_POINT('',(-2.4135835236079,0.567348097362409,0.187432176696467));
#5709=CARTESIAN_POINT('',(-2.4135835236079,0.419993250785896,0.187195107838314));
#5710=CARTESIAN_POINT('',(-2.41269999999997,0.237000000000091,-8.91663756073597E-16));
#5711=CARTESIAN_POINT('',(-2.41269999999997,0.420000000000111,0.183000000000006));
#5712=CARTESIAN_POINT('',(-2.4135835236079,0.419993250785896,0.187195107838314));
#5713=CARTESIAN_POINT('',(-2.4135835236079,0.322024810155283,0.187037493298346));
#5714=CARTESIAN_POINT('',(-2.4135835236079,0.232962506701758,0.0979751898448264));
#5715=CARTESIAN_POINT('',(-2.4135835236079,0.232804892161782,6.74921421377527E-6));
#5716=CARTESIAN_POINT('',(0.20449494936622,0.420000000000101,-4.0583122875101E-17));
#5717=CARTESIAN_POINT('',(-1.96999999999997,0.,-0.42000000000003));
#5718=CARTESIAN_POINT('',(-1.96999999999997,0.,-0.37000000000003));
#5719=CARTESIAN_POINT('',(-1.96999999999997,3.46944695195361E-15,-0.42000000000003));
#5720=CARTESIAN_POINT('',(-1.96999999999997,0.183000000000003,-0.42000000000003));
#5721=CARTESIAN_POINT('',(-1.96999999999997,3.46944695195361E-15,-7.1887419029399E-15));
#5722=CARTESIAN_POINT('',(-2.41684999999997,0.420294890269082,-0.000294890268985997));
#5723=CARTESIAN_POINT('',(-2.01783086311005,3.46944695195361E-15,-4.26690854279891E-14));
#5724=CARTESIAN_POINT('',(-2.01783086311005,-0.182999999999997,-4.26690854279891E-14));
#5725=CARTESIAN_POINT('',(-2.16840434497101E-16,3.46944695195361E-15,-6.16297582203915E-30));
#5726=CARTESIAN_POINT('',(-2.01783086311006,3.46944695195361E-15,-0.42000000000003));
#5727=CARTESIAN_POINT('',(-2.01783086311006,0.183000000000003,-0.42000000000003));
#5728=CARTESIAN_POINT('',(-2.43269999999997,3.46944695195361E-15,-0.42000000000003));
#5729=CARTESIAN_POINT('',(-2.10128778559793,3.46944695195361E-15,-4.26619981900624E-14));
#5730=CARTESIAN_POINT('',(-2.10128778559793,-0.182999999999997,-4.26619981900624E-14));
#5731=CARTESIAN_POINT('',(-2.16840434497101E-16,3.46944695195361E-15,-6.16297582203915E-30));
#5732=CARTESIAN_POINT('',(-2.09117940838298,3.46944695195361E-15,-4.26628566026691E-14));
#5733=CARTESIAN_POINT('',(-2.09117940838298,3.46944695195361E-15,-0.172669240889924));
#5734=CARTESIAN_POINT('',(-2.09623359699042,3.46944695195361E-15,-4.26624273963657E-14));
#5735=CARTESIAN_POINT('',(-2.0890847387225,3.46944695195361E-15,-4.26630344839259E-14));
#5736=CARTESIAN_POINT('',(-2.0890847387225,3.46944695195361E-15,-0.174718820290826));
#5737=CARTESIAN_POINT('',(-2.09013207355274,3.46944695195361E-15,-4.26629455432975E-14));
#5738=CARTESIAN_POINT('',(-2.0945543357789,3.46944695195361E-15,-4.26625700007584E-14));
#5739=CARTESIAN_POINT('',(-2.0945543357789,-0.182999999999997,-4.26625700007584E-14));
#5740=CARTESIAN_POINT('',(-2.09181953725069,3.46944695195361E-15,-4.26628022423422E-14));
#5741=CARTESIAN_POINT('',(-2.02455433577897,3.46944695195361E-15,-4.26685144645618E-14));
#5742=CARTESIAN_POINT('',(-2.02455433577897,-0.182999999999997,-4.26685144645618E-14));
#5743=CARTESIAN_POINT('',(-2.16840434497101E-16,3.46944695195361E-15,-6.16297582203915E-30));
#5744=CARTESIAN_POINT('',(-2.01447161524951,3.46944695195361E-15,-4.26693706983793E-14));
#5745=CARTESIAN_POINT('',(-2.01447161524951,3.46944695195361E-15,-0.172664126516096));
#5746=CARTESIAN_POINT('',(-2.01951297551423,3.46944695195361E-15,-4.26689425814705E-14));
#5747=CARTESIAN_POINT('',(-2.01237547657804,3.46944695195361E-15,-4.26695487043859E-14));
#5748=CARTESIAN_POINT('',(-2.01237547657804,3.46944695195361E-15,-0.17471301267088));
#5749=CARTESIAN_POINT('',(-2.01342354591378,3.46944695195361E-15,-4.26694597013826E-14));
#5750=CARTESIAN_POINT('',(-2.01510316984404,3.46944695195361E-15,-4.26693170661875E-14));
#5751=CARTESIAN_POINT('',(-2.10128778559794,3.46944695195361E-15,-0.42000000000003));
#5752=CARTESIAN_POINT('',(-2.10128778559794,0.183000000000003,-0.42000000000003));
#5753=CARTESIAN_POINT('',(-2.43269999999997,3.46944695195361E-15,-0.42000000000003));
#5754=CARTESIAN_POINT('',(-2.09117940838299,3.46944695195361E-15,-0.420000000000038));
#5755=CARTESIAN_POINT('',(-2.09117940838299,3.46944695195361E-15,-0.592669240889916));
#5756=CARTESIAN_POINT('',(-2.09623359699042,3.46944695195361E-15,-0.420000000000038));
#5757=CARTESIAN_POINT('',(-2.0890847387225,3.46944695195361E-15,-0.420000000000038));
#5758=CARTESIAN_POINT('',(-2.0890847387225,3.46944695195361E-15,-0.594718820290819));
#5759=CARTESIAN_POINT('',(-2.09013207355275,3.46944695195361E-15,-0.420000000000038));
#5760=CARTESIAN_POINT('',(-2.0945543357789,3.46944695195361E-15,-0.42000000000003));
#5761=CARTESIAN_POINT('',(-2.0945543357789,0.183000000000003,-0.42000000000003));
#5762=CARTESIAN_POINT('',(-2.09181953725069,3.46944695195361E-15,-0.420000000000038));
#5763=CARTESIAN_POINT('',(-2.02455433577898,3.46944695195361E-15,-0.42000000000003));
#5764=CARTESIAN_POINT('',(-2.02455433577898,0.183000000000003,-0.42000000000003));
#5765=CARTESIAN_POINT('',(-2.43269999999997,3.46944695195361E-15,-0.42000000000003));
#5766=CARTESIAN_POINT('',(-2.01447161524952,3.46944695195361E-15,-0.420000000000038));
#5767=CARTESIAN_POINT('',(-2.01447161524952,3.46944695195361E-15,-0.59266412651609));
#5768=CARTESIAN_POINT('',(-2.01951297551423,3.46944695195361E-15,-0.420000000000038));
#5769=CARTESIAN_POINT('',(-2.01237547657804,3.46944695195361E-15,-0.420000000000038));
#5770=CARTESIAN_POINT('',(-2.01237547657804,3.46944695195361E-15,-0.594713012670874));
#5771=CARTESIAN_POINT('',(-2.01342354591378,3.46944695195361E-15,-0.420000000000038));
#5772=CARTESIAN_POINT('',(-2.01510316984404,3.46944695195361E-15,-0.420000000000038));
#5773=CARTESIAN_POINT('',(-1.66999999999997,0.,-0.42000000000003));
#5774=CARTESIAN_POINT('',(-3.67043247344456,0.420000000000693,-0.225000000000004));
#5775=CARTESIAN_POINT('',(-3.67043247344456,0.270000000000005,-0.225000000000005));
#5776=CARTESIAN_POINT('',(-1.67043247344456,0.499233938237005,-0.21058723378086));
#5777=CARTESIAN_POINT('',(-1.92452164896303,0.499233938237005,-0.21058723378086));
#5778=CARTESIAN_POINT('',(-2.1786108244815,0.499233938237005,-0.21058723378086));
#5779=CARTESIAN_POINT('',(-2.43269999999997,0.499233938237005,-0.21058723378086));
#5780=CARTESIAN_POINT('',(-3.67043247344456,0.420000000000693,-0.225000000000005));
#5781=CARTESIAN_POINT('',(-3.67043247344456,0.447567359160024,-0.225000000000005));
#5782=CARTESIAN_POINT('',(-3.67043247344456,0.474234025826494,-0.220099136149368));
#5783=CARTESIAN_POINT('',(-3.67043247344456,0.500000000000102,-0.210297408448097));
#5784=CARTESIAN_POINT('',(-3.67043247344456,0.420000000000107,-7.99267664385487E-15));
#5785=CARTESIAN_POINT('',(-3.11999999999998,-0.270000000000003,0.0499999999998921));
#5786=CARTESIAN_POINT('',(-1.02999999999999,0.,0.));
#5787=CARTESIAN_POINT('',(-1.02999999999999,-0.05,-9.18485099360515E-18));
#5788=CARTESIAN_POINT('',(-1.02999999999999,3.46944695195361E-15,-2.15330382111537E-14));
#5789=CARTESIAN_POINT('',(-1.02999999999999,3.46944695195361E-15,0.0599999999999569));
#5790=CARTESIAN_POINT('',(-1.02999999999999,3.46944695195361E-15,-2.15330382111537E-14));
#5791=CARTESIAN_POINT('',(-0.85,0.,0.));
#5792=CARTESIAN_POINT('',(-0.85,0.,-0.05));
#5793=CARTESIAN_POINT('',(0.751999999999947,0.,0.));
#5794=CARTESIAN_POINT('',(-0.86,3.46944695195361E-15,-2.15330382111537E-14));
#5795=CARTESIAN_POINT('',(-0.86,3.46944695195361E-15,-0.06));
#5796=CARTESIAN_POINT('',(-1.02999999999999,3.46944695195361E-15,-2.15330382111537E-14));
#5797=CARTESIAN_POINT('',(-0.86,3.46944695195361E-15,-2.15330382111537E-14));
#5798=CARTESIAN_POINT('',(-2.85,-0.270000000000003,0.0499999999999022));
#5799=CARTESIAN_POINT('',(-1.39999999999999,-0.270000000000003,0.0499999999999022));
#5800=CARTESIAN_POINT('',(-0.874999999999739,-0.270000000000003,0.0499999999999023));
#5801=CARTESIAN_POINT('',(-1.4,-0.270000000000003,-1.11076448328627));
#5802=CARTESIAN_POINT('',(-1.39999999999999,-0.270000000000003,-0.645000000000045));
#5803=CARTESIAN_POINT('',(-1.66999999999997,-0.270000000000003,-0.645000000000045));
#5804=CARTESIAN_POINT('',(-1.13,-0.270000000000003,-0.645000000000045));
#5805=CARTESIAN_POINT('',(-1.13,-0.270000000000003,-1.11076448328627));
#5806=CARTESIAN_POINT('',(-1.13,-0.270000000000003,-0.224999999999997));
#5807=CARTESIAN_POINT('',(-1.03,-0.270000000000003,-0.224999999999997));
#5808=CARTESIAN_POINT('',(-0.874999999999739,-0.270000000000003,-0.224999999999997));
#5809=CARTESIAN_POINT('',(-0.874999999999739,-0.270000000000003,-1.11076448328627));
#5810=CARTESIAN_POINT('',(-1.03,-0.270000000000003,-1.11076448328627));
#5811=CARTESIAN_POINT('',(-0.85,-0.0654498469497874,-0.125));
#5812=CARTESIAN_POINT('',(-0.85,0.0654498469497873,-0.125));
#5813=CARTESIAN_POINT('',(-0.85,0.125,-0.0654498469497874));
#5814=CARTESIAN_POINT('',(-0.85,0.125,0.0654498469497873));
#5815=CARTESIAN_POINT('',(-0.85,0.0654498469497874,0.125));
#5816=CARTESIAN_POINT('',(-0.85,-0.0654498469497873,0.125));
#5817=CARTESIAN_POINT('',(-0.85,-0.125,0.0654498469497874));
#5818=CARTESIAN_POINT('',(-0.850000000000001,-0.125,-0.0654498469497873));
#5819=CARTESIAN_POINT('',(-0.85,-0.0654498469497874,-0.125));
#5820=CARTESIAN_POINT('',(-0.85,0.0654498469497873,-0.125));
#5821=CARTESIAN_POINT('',(-0.849999999999869,7.65404249466131E-18,-0.124999999999922));
#5822=CARTESIAN_POINT('',(-0.849999999999739,0.420000000000107,-1.60154921905781E-15));
#5823=CARTESIAN_POINT('',(-0.849999999999739,0.420000000000107,0.183000000000008));
#5824=CARTESIAN_POINT('',(-0.85,-0.270000000000003,0.0499999999999022));
#5825=CARTESIAN_POINT('',(-0.849999999999935,-0.245000000000003,0.0749999999999021));
#5826=CARTESIAN_POINT('',(-0.85,-0.0950000000000029,0.224999999999902));
#5827=CARTESIAN_POINT('',(-0.849999999999739,-0.245000000000003,-2.16198131035955E-14));
#5828=CARTESIAN_POINT('',(-0.85,-0.245000000000003,-0.224999999999997));
#5829=CARTESIAN_POINT('',(-0.85,0.419999999999999,-0.225));
#5830=CARTESIAN_POINT('',(-0.85,0.420000000000692,-0.225));
#5831=CARTESIAN_POINT('',(-0.85,0.420000000000107,0.));
#5832=CARTESIAN_POINT('',(-0.849999999999739,0.420000000000107,0.224999999999951));
#5833=CARTESIAN_POINT('',(-0.849999999999739,3.46944695195361E-15,0.224999999999902));
#5834=CARTESIAN_POINT('',(-0.849999999999739,3.46944695195361E-15,-2.16040129255959E-14));
#5835=CARTESIAN_POINT('',(-1.39999999999999,-0.14,-0.560000000000022));
#5836=CARTESIAN_POINT('',(-1.39999999999999,0.,-0.560000000000022));
#5837=CARTESIAN_POINT('',(-1.39999999999999,-0.14,-0.560000000000022));
#5838=CARTESIAN_POINT('',(-1.39999999999999,0.,-0.560000000000022));
#5839=CARTESIAN_POINT('',(-1.39999999999999,0.14,-0.560000000000021));
#5840=CARTESIAN_POINT('',(-1.39999999999999,0.14,-0.560000000000021));
#5841=CARTESIAN_POINT('',(-1.39999999999999,0.139999999999999,0.14));
#5842=CARTESIAN_POINT('',(-1.39999999999999,0.139999999999999,0.14));
#5843=CARTESIAN_POINT('',(-1.39999999999999,0.,0.14));
#5844=CARTESIAN_POINT('',(-1.39999999999999,0.,0.14));
#5845=CARTESIAN_POINT('',(-1.39999999999999,-0.14,0.14));
#5846=CARTESIAN_POINT('',(-1.39999999999999,-0.14,0.14));
#5847=CARTESIAN_POINT('',(-1.39999999999999,-0.14,0.));
#5848=CARTESIAN_POINT('',(-1.39999999999999,-0.14,5.28846657433288E-18));
#5849=CARTESIAN_POINT('',(-1.39999999999999,0.420000000000108,-1.86800274496822E-15));
#5850=CARTESIAN_POINT('',(-1.39999999999999,0.420000000000108,-0.183000000000012));
#5851=CARTESIAN_POINT('',(-1.39999999999999,-0.159999999999962,0.159999999999944));
#5852=CARTESIAN_POINT('',(-1.39999999999999,-0.0950000000000029,0.224999999999902));
#5853=CARTESIAN_POINT('',(-1.39999999999999,3.46944695195361E-15,0.224999999999902));
#5854=CARTESIAN_POINT('',(-1.39999999999999,0.420000000000107,0.224999999999902));
#5855=CARTESIAN_POINT('',(-1.39999999999999,0.420000000000107,0.));
#5856=CARTESIAN_POINT('',(-1.40021623672229,0.499233413258866,-0.210585838498775));
#5857=CARTESIAN_POINT('',(-1.39999999999999,0.500000000000101,-0.210297408448093));
#5858=CARTESIAN_POINT('',(-1.39999999999999,0.474234025826492,-0.220099136149364));
#5859=CARTESIAN_POINT('',(-1.39999999999999,0.447567359160022,-0.225));
#5860=CARTESIAN_POINT('',(-1.39999999999999,0.420000000000692,-0.225));
#5861=CARTESIAN_POINT('',(-1.40021623672229,0.420000000000692,-0.225));
#5862=CARTESIAN_POINT('',(-1.39999999999999,0.419999999999999,-0.225));
#5863=CARTESIAN_POINT('',(-1.39999999999999,0.270000000000003,-0.224999999999999));
#5864=CARTESIAN_POINT('',(-1.4,0.270000000000003,-2.00902896657251));
#5865=CARTESIAN_POINT('',(-1.39999999999999,0.270000000000003,-0.645000000000045));
#5866=CARTESIAN_POINT('',(-1.39999999999999,1.1,-0.645000000000045));
#5867=CARTESIAN_POINT('',(-1.39999999999999,3.46944695195361E-15,-2.15330382111537E-14));
#5868=CARTESIAN_POINT('',(-1.73134999999998,0.270000000000003,-0.645000000000045));
#5869=CARTESIAN_POINT('',(-1.13,0.270000000000003,-0.645000000000045));
#5870=CARTESIAN_POINT('',(-1.13,0.170000000000003,-0.645000000000045));
#5871=CARTESIAN_POINT('',(-1.03,0.170000000000003,-0.645000000000044));
#5872=CARTESIAN_POINT('',(-1.03,-0.270000000000003,-0.645000000000044));
#5873=CARTESIAN_POINT('',(-1.03,-0.170000000000003,-0.645000000000044));
#5874=CARTESIAN_POINT('',(-1.13,-0.170000000000003,-0.645000000000045));
#5875=CARTESIAN_POINT('',(-2.43269999999997,1.1,-0.645000000000045));
#5876=CARTESIAN_POINT('',(-1.02999999999999,0.,0.));
#5877=CARTESIAN_POINT('',(-1.02999999999999,0.,-0.125));
#5878=CARTESIAN_POINT('',(-1.02999999999999,0.14,-0.560000000000021));
#5879=CARTESIAN_POINT('',(-1.03,0.14,-0.224999999999999));
#5880=CARTESIAN_POINT('',(-1.02999999999999,0.139999999999999,0.14));
#5881=CARTESIAN_POINT('',(-1.03,0.419999999999999,-0.225));
#5882=CARTESIAN_POINT('',(-1.03,-0.14,-0.224999999999998));
#5883=CARTESIAN_POINT('',(-1.02999999999999,-0.14,5.28846657433288E-18));
#5884=CARTESIAN_POINT('',(-1.02999999999999,-0.14,0.));
#5885=CARTESIAN_POINT('',(-1.02999999999999,-0.14,0.14));
#5886=CARTESIAN_POINT('',(-1.02999999999999,-0.14,0.14));
#5887=CARTESIAN_POINT('',(-1.02999999999999,0.,0.14));
#5888=CARTESIAN_POINT('',(-1.02999999999999,0.,0.14));
#5889=CARTESIAN_POINT('',(-1.02999999999999,0.139999999999999,0.14));
#5890=CARTESIAN_POINT('',(-1.02999999999999,3.46944695195361E-15,-2.15330382111537E-14));
#5891=CARTESIAN_POINT('',(-1.45547572078904,0.270000000000003,-0.224999999999999));
#5892=CARTESIAN_POINT('',(-1.13,0.270000000000003,-0.224999999999999));
#5893=CARTESIAN_POINT('',(-1.13,0.270000000000003,-0.645000000000044));
#5894=CARTESIAN_POINT('',(-1.02999999999999,0.270000000000003,-2.00902896657251));
#5895=CARTESIAN_POINT('',(-1.02999999999999,-0.14,-0.560000000000022));
#5896=CARTESIAN_POINT('',(-1.03,-0.14,-0.560000000000022));
#5897=CARTESIAN_POINT('',(-1.03,0.,-0.560000000000022));
#5898=CARTESIAN_POINT('',(-1.02999999999999,0.,-0.560000000000022));
#5899=CARTESIAN_POINT('',(-1.02999999999999,-0.14,-0.560000000000022));
#5900=CARTESIAN_POINT('',(-1.02999999999999,-0.14,-0.560000000000022));
#5901=CARTESIAN_POINT('',(-1.02999999999999,0.,-0.560000000000022));
#5902=CARTESIAN_POINT('',(-1.02999999999999,0.14,-0.560000000000021));
#5903=CARTESIAN_POINT('',(-1.02999999999999,0.14,-0.560000000000021));
#5904=CARTESIAN_POINT('',(-1.02999999999999,0.,-0.560000000000022));
#5905=CARTESIAN_POINT('',(-1.02999999999999,0.14,-0.560000000000021));
#5906=CARTESIAN_POINT('',(-1.02999999999999,0.139999999999999,0.14));
#5907=CARTESIAN_POINT('',(-1.02999999999999,0.14,-0.560000000000021));
#5908=CARTESIAN_POINT('',(-1.02999999999999,0.,0.14));
#5909=CARTESIAN_POINT('',(-1.02999999999999,0.139999999999999,0.14));
#5910=CARTESIAN_POINT('',(-1.02999999999999,-0.14,0.14));
#5911=CARTESIAN_POINT('',(-1.02999999999999,0.,0.14));
#5912=CARTESIAN_POINT('',(-1.02999999999999,-0.14,0.));
#5913=CARTESIAN_POINT('',(-1.02999999999999,-0.14,0.14));
#5914=CARTESIAN_POINT('',(-1.02999999999999,-0.14,5.28846657433288E-18));
#5915=CARTESIAN_POINT('',(-1.02999999999999,-0.14,5.28846657433288E-18));
#5916=CARTESIAN_POINT('',(-2.85,-0.0950000000000029,0.224999999999902));
#5917=CARTESIAN_POINT('',(-6.27024999999994,0.420000000000107,0.224999999999951));
#5918=CARTESIAN_POINT('',(-0.14724999999997,3.46944695195361E-15,0.224999999999902));
#5919=CARTESIAN_POINT('',(0.20449494936622,0.420000000000101,-4.0583122875101E-17));
#5920=CARTESIAN_POINT('',(-1.482881886599,0.,0.));
#5921=CARTESIAN_POINT('',(-1.03,0.420000000000692,-0.225));
#5922=CARTESIAN_POINT('',(-6.27024999999994,0.420000000000107,0.));
#5923=CARTESIAN_POINT('',(-1.03,0.170000000000003,-0.224999999999999));
#5924=CARTESIAN_POINT('',(-1.03,0.170000000000003,-0.224999999999999));
#5925=CARTESIAN_POINT('',(-1.03,0.419999999999999,-0.225));
#5926=CARTESIAN_POINT('',(-1.03,0.419999999999999,-0.225));
#5927=CARTESIAN_POINT('',(-1.03,-0.170000000000003,-0.224999999999998));
#5928=CARTESIAN_POINT('',(-1.03,-0.170000000000003,-3.80494082439398E-17));
#5929=CARTESIAN_POINT('',(-1.03,0.42,0.));
#5930=CARTESIAN_POINT('',(-0.874999999999739,-0.245000000000003,-0.224999999999997));
#5931=CARTESIAN_POINT('',(-1.13,-0.170000000000003,-0.224999999999998));
#5932=CARTESIAN_POINT('',(-1.13,0.170000000000003,-0.224999999999999));
#5933=CARTESIAN_POINT('',(-1.03,0.419999999999999,-0.225));
#5934=CARTESIAN_POINT('',(-1.13,0.170000000000003,1.61226306118386E-17));
#5935=CARTESIAN_POINT('',(-1.13,-0.170000000000003,-3.80494082439398E-17));
#5936=CARTESIAN_POINT('',(-0.874999999999739,-0.245000000000003,0.0749999999999021));
#5937=CARTESIAN_POINT('',(-0.874999999999739,-0.245000000000003,-2.16198131035955E-14));
#5938=CARTESIAN_POINT('',(-2.85,-0.270000000000003,0.0499999999999022));
#5939=CARTESIAN_POINT('',(0.,0.37,0.));
#5940=CARTESIAN_POINT('',(0.,0.37,-0.05));
#5941=CARTESIAN_POINT('',(0.,0.37,0.42));
#5942=CARTESIAN_POINT('',(0.,0.37,0.295));
#5943=CARTESIAN_POINT('',(-0.14,0.37,0.56));
#5944=CARTESIAN_POINT('',(-0.14,0.37,-0.14));
#5945=CARTESIAN_POINT('',(-0.14,0.37,0.56));
#5946=CARTESIAN_POINT('',(0.14,0.37,0.56));
#5947=CARTESIAN_POINT('',(0.14,0.37,0.56));
#5948=CARTESIAN_POINT('',(0.14,0.37,-0.14));
#5949=CARTESIAN_POINT('',(0.14,0.37,-0.14));
#5950=CARTESIAN_POINT('',(-0.14,0.37,-0.14));
#5951=CARTESIAN_POINT('',(0.,0.37,0.42));
#5952=CARTESIAN_POINT('',(-0.14,3.663,-0.14));
#5953=CARTESIAN_POINT('',(-0.14,0.,-0.14));
#5954=CARTESIAN_POINT('',(-0.14,0.,0.56));
#5955=CARTESIAN_POINT('',(-0.14,0.,0.56));
#5956=CARTESIAN_POINT('',(-0.14,3.663,0.56));
#5957=CARTESIAN_POINT('',(-0.14,3.663,0.56));
#5958=CARTESIAN_POINT('',(0.14,3.663,-0.14));
#5959=CARTESIAN_POINT('',(0.14,0.,-0.14));
#5960=CARTESIAN_POINT('',(-0.14,0.,-0.14));
#5961=CARTESIAN_POINT('',(-0.14,3.663,-0.14));
#5962=CARTESIAN_POINT('',(0.14,3.663,0.56));
#5963=CARTESIAN_POINT('',(0.14,0.,0.56));
#5964=CARTESIAN_POINT('',(0.14,0.,-0.14));
#5965=CARTESIAN_POINT('',(0.14,3.663,-0.14));
#5966=CARTESIAN_POINT('',(0.14,0.,0.56));
#5967=CARTESIAN_POINT('',(0.14,3.663,0.56));
#5968=CARTESIAN_POINT('',(0.,0.,0.));
#5969=CARTESIAN_POINT('',(-0.125,0.,0.));
#5970=CARTESIAN_POINT('',(0.125,0.,4.44089209850063E-19));
#5971=CARTESIAN_POINT('',(0.,0.,0.));
#5972=CARTESIAN_POINT('',(0.,0.,0.));
#5973=CARTESIAN_POINT('',(0.075,0.335,-1.20802838631833E-18));
#5974=CARTESIAN_POINT('',(0.075,0.335,0.0638101680410159));
#5975=CARTESIAN_POINT('',(0.075,0.335,0.295903263540091));
#5976=CARTESIAN_POINT('',(0.075,0.335,0.0638101680410159));
#5977=CARTESIAN_POINT('',(0.0774054110729045,0.335,0.0615483864346503));
#5978=CARTESIAN_POINT('',(0.0797021467133867,0.334825908543813,0.0591613964902229));
#5979=CARTESIAN_POINT('',(0.0818567621973038,0.334527616661511,0.0566773851106267));
#5980=CARTESIAN_POINT('',(0.088891798413387,0.333553663670541,0.0485668381721758));
#5981=CARTESIAN_POINT('',(0.0945341442350526,0.331216409274291,0.0392276217867856));
#5982=CARTESIAN_POINT('',(0.0982421630087567,0.329269649407629,0.029293739694348));
#5983=CARTESIAN_POINT('',(0.101675524869116,0.327467088124802,0.020095670864882));
#5984=CARTESIAN_POINT('',(0.103556386814617,0.326043059974787,0.00998206747292932));
#5985=CARTESIAN_POINT('',(0.10355638681461,0.326043059974792,3.67906191963422E-19));
#5986=CARTESIAN_POINT('',(0.10355638681461,0.326043059974792,3.67906191963422E-19));
#5987=CARTESIAN_POINT('',(0.075,0.285,2.66453525910038E-19));
#5988=CARTESIAN_POINT('',(0.125,0.285,4.44089209850063E-19));
#5989=CARTESIAN_POINT('',(0.125,0.285,0.346515307716505));
#5990=CARTESIAN_POINT('',(0.125,0.285,0.295903263540091));
#5991=CARTESIAN_POINT('',(0.075,0.285,0.295903263540091));
#5992=CARTESIAN_POINT('',(0.075,0.285,-1.20802838631833E-18));
#5993=CARTESIAN_POINT('',(-0.075,0.285,0.));
#5994=CARTESIAN_POINT('',(-0.10355638681461,0.326043059974792,0.));
#5995=CARTESIAN_POINT('',(-0.125,0.285,0.));
#5996=CARTESIAN_POINT('',(-0.10355638681461,0.326043059974792,0.));
#5997=CARTESIAN_POINT('',(-0.10355638681461,0.326043059974792,0.00512910276183532));
#5998=CARTESIAN_POINT('',(-0.103073675393122,0.326389741431555,0.0102856199395026));
#5999=CARTESIAN_POINT('',(-0.102137677702461,0.326994600235237,0.0152921905514238));
#6000=CARTESIAN_POINT('',(-0.100414275618371,0.328108294139877,0.0245105190930655));
#6001=CARTESIAN_POINT('',(-0.0971115807885042,0.330107934795316,0.0334202853678773));
#6002=CARTESIAN_POINT('',(-0.0925583873904016,0.331815628077049,0.0415159770303186));
#6003=CARTESIAN_POINT('',(-0.0879691015708879,0.333536857964891,0.0496758419201078));
#6004=CARTESIAN_POINT('',(-0.0819346614788346,0.335000000000012,0.0572895820356288));
#6005=CARTESIAN_POINT('',(-0.0750000000000065,0.335000000000013,0.0638101680410169));
#6006=CARTESIAN_POINT('',(-0.075,0.335,0.063810168041016));
#6007=CARTESIAN_POINT('',(-0.075,0.335,0.346515307716505));
#6008=CARTESIAN_POINT('',(-0.075,0.335,0.295903263540091));
#6009=CARTESIAN_POINT('',(-0.075,0.285,0.295903263540091));
#6010=CARTESIAN_POINT('',(-0.125,0.285,0.295903263540091));
#6011=CARTESIAN_POINT('',(-0.125,0.285,0.));
#6012=CARTESIAN_POINT('',(-0.075,0.285,0.42));
#6013=CARTESIAN_POINT('',(0.,0.326043059974792,0.));
#6014=CARTESIAN_POINT('',(0.,0.285,0.));
#6015=CARTESIAN_POINT('',(0.,0.285,0.));
#6016=CARTESIAN_POINT('',(0.235,0.1,0.333125322267253));
#6017=CARTESIAN_POINT('',(-0.075,0.1,0.333125322267253));
#6018=CARTESIAN_POINT('',(0.075,0.1,0.333125322267253));
#6019=CARTESIAN_POINT('',(0.075,0.1,0.333125322267253));
#6020=CARTESIAN_POINT('',(0.075,0.1,0.212132034355964));
#6021=CARTESIAN_POINT('',(0.,0.1,0.));
#6022=CARTESIAN_POINT('',(-0.075,0.1,0.212132034355964));
#6023=CARTESIAN_POINT('',(-0.075,0.1,0.187082869338697));
#6024=CARTESIAN_POINT('',(0.,0.1,0.42));
#6025=CARTESIAN_POINT('',(-0.125,0.1,0.));
#6026=CARTESIAN_POINT('',(0.125,0.1,4.44089209850063E-19));
#6027=CARTESIAN_POINT('',(0.,0.335,0.));
#6028=CARTESIAN_POINT('',(0.,0.335,0.));
#6029=CARTESIAN_POINT('',(0.,0.335,0.42));
#6030=CARTESIAN_POINT('',(0.,0.335,0.));
#6031=CARTESIAN_POINT('',(-0.125,0.1,0.42));
#6032=CARTESIAN_POINT('',(-0.125,0.355,0.42));
#6033=CARTESIAN_POINT('',(-0.125,0.177749814347947,0.42));
#6034=CARTESIAN_POINT('',(0.,0.355,0.42));
#6035=CARTESIAN_POINT('',(0.125,0.355,0.42));
#6036=CARTESIAN_POINT('',(0.125,0.1,0.42));
#6037=CARTESIAN_POINT('',(0.125,0.177749814347947,0.42));
#6038=CARTESIAN_POINT('',(0.125,0.177749814347947,0.42));
#6039=CARTESIAN_POINT('',(0.125,0.184260749743276,0.43432185302196));
#6040=CARTESIAN_POINT('',(0.122508007730603,0.192399809186099,0.448062462888009));
#6041=CARTESIAN_POINT('',(0.11828243482151,0.201163026189137,0.460426051163764));
#6042=CARTESIAN_POINT('',(0.115292708958105,0.207363278103907,0.469173679101497));
#6043=CARTESIAN_POINT('',(0.11140715670833,0.214034682278361,0.477340256376903));
#6044=CARTESIAN_POINT('',(0.106939236538392,0.221066254782329,0.484722482095372));
#6045=CARTESIAN_POINT('',(0.0989335079139596,0.233665598353542,0.497950134671626));
#6046=CARTESIAN_POINT('',(0.0891080757724191,0.247709504779906,0.508895089134552));
#6047=CARTESIAN_POINT('',(0.0775381300461459,0.261134105399982,0.51804508345117));
#6048=CARTESIAN_POINT('',(0.0656027722438789,0.274982693417927,0.527484060836307));
#6049=CARTESIAN_POINT('',(0.0518212287652414,0.28925448895047,0.535066254297815));
#6050=CARTESIAN_POINT('',(0.035182019582301,0.300329136627357,0.539946761098875));
#6051=CARTESIAN_POINT('',(0.0299275793924011,0.303826362559349,0.541487960010471));
#6052=CARTESIAN_POINT('',(0.0242833667960987,0.306990528641122,0.542769402575247));
#6053=CARTESIAN_POINT('',(0.0182652334280707,0.309272394845957,0.543658324619971));
#6054=CARTESIAN_POINT('',(0.0147069187576744,0.310621583621947,0.544183913562447));
#6055=CARTESIAN_POINT('',(0.0109798520396043,0.311663599689393,0.544574708371263));
#6056=CARTESIAN_POINT('',(0.0071894125862441,0.312249296527793,0.544793078120001));
#6057=CARTESIAN_POINT('',(0.00381995680792681,0.312769943175964,0.544987194718024));
#6058=CARTESIAN_POINT('',(0.000362725205445263,0.312930533922821,0.545045912361811));
#6059=CARTESIAN_POINT('',(-0.00304386877631614,0.31270643917612,0.544962933955924));
#6060=CARTESIAN_POINT('',(-0.0063545867716077,0.312488651404955,0.544882290913911));
#6061=CARTESIAN_POINT('',(-0.0096537199085377,0.311908594986505,0.5446678343596));
#6062=CARTESIAN_POINT('',(-0.0128404005919825,0.311041671418459,0.544338747430708));
#6063=CARTESIAN_POINT('',(-0.0194892075787576,0.309232890417535,0.543652128440787));
#6064=CARTESIAN_POINT('',(-0.0257717863708782,0.306173885268787,0.542459650980101));
#6065=CARTESIAN_POINT('',(-0.031541320801481,0.302652709644142,0.540955136650322));
#6066=CARTESIAN_POINT('',(-0.0394511872261771,0.297825278733756,0.538892490603966));
#6067=CARTESIAN_POINT('',(-0.0466413163771358,0.292051272697881,0.536206255698511));
#6068=CARTESIAN_POINT('',(-0.0533068924598164,0.286066431187551,0.533063589259662));
#6069=CARTESIAN_POINT('',(-0.0658055405106505,0.27484423122317,0.527170763002318));
#6070=CARTESIAN_POINT('',(-0.0767389277234145,0.262630729813496,0.519539311572681));
#6071=CARTESIAN_POINT('',(-0.0862317049820547,0.250591552103377,0.510493607817834));
#6072=CARTESIAN_POINT('',(-0.0989902802145551,0.234410538858579,0.498335912683664));
#6073=CARTESIAN_POINT('',(-0.109641302480073,0.217995817339373,0.483166958486575));
#6074=CARTESIAN_POINT('',(-0.116688410999461,0.204352645838743,0.464819802971687));
#6075=CARTESIAN_POINT('',(-0.121870368193581,0.194320399206838,0.451328571177762));
#6076=CARTESIAN_POINT('',(-0.125,0.185030758825188,0.43601561224811));
#6077=CARTESIAN_POINT('',(-0.125,0.177749814347947,0.42));
#6078=CARTESIAN_POINT('',(0.,0.1,0.42));
#6079=CARTESIAN_POINT('',(0.125,0.,4.44089209850063E-19));
#6080=CARTESIAN_POINT('',(0.125,2.10818505989066E-5,1.4907120513218E-5));
#6081=CARTESIAN_POINT('',(0.125,4.21637021338951E-5,2.98142397026159E-5));
#6082=CARTESIAN_POINT('',(0.125,6.32455517967365E-5,4.47213615396293E-5));
#6083=CARTESIAN_POINT('',(0.125,0.00385054161497372,0.00272274462560512));
#6084=CARTESIAN_POINT('',(0.125,0.0076378022021379,0.00540084323275242));
#6085=CARTESIAN_POINT('',(0.125,0.011416846098757,0.00809049884276239));
#6086=CARTESIAN_POINT('',(0.125,0.0151957024717752,0.0107800209867638));
#6087=CARTESIAN_POINT('',(0.125,0.0189663970332593,0.0134811462087387));
#6088=CARTESIAN_POINT('',(0.125,0.0227205298423519,0.0162050719974982));
#6089=CARTESIAN_POINT('',(0.125,0.0302231046710482,0.0216487944487889));
#6090=CARTESIAN_POINT('',(0.125,0.0376613394122197,0.0271853472006341));
#6091=CARTESIAN_POINT('',(0.125,0.0449624871997249,0.0328963877513463));
#6092=CARTESIAN_POINT('',(0.125,0.0707056390654129,0.0530329729139818));
#6093=CARTESIAN_POINT('',(0.125,0.0951125865094419,0.0759185446135472));
#6094=CARTESIAN_POINT('',(0.125,0.113752590934136,0.102765186210577));
#6095=CARTESIAN_POINT('',(0.125,0.125075095454572,0.119072651268804));
#6096=CARTESIAN_POINT('',(0.125,0.134418367467045,0.137046967111796));
#6097=CARTESIAN_POINT('',(0.125,0.140693139745645,0.155882034355964));
#6098=CARTESIAN_POINT('',(0.125,0.146699933161176,0.173912705889531));
#6099=CARTESIAN_POINT('',(0.125,0.15,0.193127122278077));
#6100=CARTESIAN_POINT('',(0.125,0.15,0.212132034355964));
#6101=CARTESIAN_POINT('',(0.125,0.15,0.212132034355964));
#6102=CARTESIAN_POINT('',(0.125,0.15,0.187082869338697));
#6103=CARTESIAN_POINT('',(0.125,0.15,0.333110432310255));
#6104=CARTESIAN_POINT('',(0.125,0.15,0.333110432310255));
#6105=CARTESIAN_POINT('',(0.125,0.150009751292535,0.348403254480564));
#6106=CARTESIAN_POINT('',(0.125,0.152253191924152,0.363882887510069));
#6107=CARTESIAN_POINT('',(0.125,0.156812273175453,0.378480328490065));
#6108=CARTESIAN_POINT('',(0.125,0.16143313183523,0.393275570742823));
#6109=CARTESIAN_POINT('',(0.125,0.168389074983233,0.407645725977731));
#6110=CARTESIAN_POINT('',(0.125,0.177749814347947,0.42));
#6111=CARTESIAN_POINT('',(0.125,0.355,0.42));
#6112=CARTESIAN_POINT('',(0.125,0.354987314593892,0.419986869356254));
#6113=CARTESIAN_POINT('',(0.125,0.354974629186864,0.419973738713398));
#6114=CARTESIAN_POINT('',(0.125,0.354961943781677,0.419960608068763));
#6115=CARTESIAN_POINT('',(0.125,0.341102007624207,0.40561420811678));
#6116=CARTESIAN_POINT('',(0.125,0.327170266256871,0.391184730147802));
#6117=CARTESIAN_POINT('',(0.125,0.315263567180302,0.375180120219053));
#6118=CARTESIAN_POINT('',(0.125,0.305225853604301,0.361687741741415));
#6119=CARTESIAN_POINT('',(0.125,0.296517596262819,0.346817146695589));
#6120=CARTESIAN_POINT('',(0.125,0.291081762036978,0.330903263540091));
#6121=CARTESIAN_POINT('',(0.125,0.287254106456722,0.319697464920603));
#6122=CARTESIAN_POINT('',(0.125,0.285,0.307744752886521));
#6123=CARTESIAN_POINT('',(0.125,0.285,0.295903263540091));
#6124=CARTESIAN_POINT('',(0.125,0.1,4.44089209850063E-19));
#6125=CARTESIAN_POINT('',(-0.125,0.177749814347947,0.42));
#6126=CARTESIAN_POINT('',(-0.125,0.168389074983217,0.407645725977743));
#6127=CARTESIAN_POINT('',(-0.125,0.16143313183523,0.393275570742823));
#6128=CARTESIAN_POINT('',(-0.125,0.156812273175453,0.378480328490065));
#6129=CARTESIAN_POINT('',(-0.125,0.152253191924152,0.36388288751007));
#6130=CARTESIAN_POINT('',(-0.125,0.150009751292535,0.348403254480564));
#6131=CARTESIAN_POINT('',(-0.125,0.15,0.333110432310255));
#6132=CARTESIAN_POINT('',(-0.125,0.15,0.333110432310255));
#6133=CARTESIAN_POINT('',(-0.125,0.15,0.333125322267253));
#6134=CARTESIAN_POINT('',(-0.125,0.15,0.212132034355964));
#6135=CARTESIAN_POINT('',(-0.125,0.15,0.212132034355964));
#6136=CARTESIAN_POINT('',(-0.125,0.15,0.193127122278077));
#6137=CARTESIAN_POINT('',(-0.125,0.146699933161176,0.173912705889531));
#6138=CARTESIAN_POINT('',(-0.125,0.140693139745645,0.155882034355964));
#6139=CARTESIAN_POINT('',(-0.125,0.134418367467045,0.137046967111796));
#6140=CARTESIAN_POINT('',(-0.125,0.125075095454572,0.119072651268804));
#6141=CARTESIAN_POINT('',(-0.125,0.113752590934136,0.102765186210577));
#6142=CARTESIAN_POINT('',(-0.125,0.095112586509442,0.0759185446135473));
#6143=CARTESIAN_POINT('',(-0.125,0.070705639065413,0.053032972913982));
#6144=CARTESIAN_POINT('',(-0.125,0.0449624871997251,0.0328963877513465));
#6145=CARTESIAN_POINT('',(-0.125,0.0376613394122199,0.0271853472006343));
#6146=CARTESIAN_POINT('',(-0.125,0.0302231046710484,0.0216487944487894));
#6147=CARTESIAN_POINT('',(-0.125,0.0227205298423521,0.0162050719974989));
#6148=CARTESIAN_POINT('',(-0.125,0.0189663970332595,0.0134811462087393));
#6149=CARTESIAN_POINT('',(-0.125,0.0151957024717754,0.0107800209867643));
#6150=CARTESIAN_POINT('',(-0.125,0.0114168460987571,0.00809049884276292));
#6151=CARTESIAN_POINT('',(-0.125,0.00763780220213783,0.00540084323275298));
#6152=CARTESIAN_POINT('',(-0.125,0.00385054161498668,0.00272274462558702));
#6153=CARTESIAN_POINT('',(-0.125,6.32455517965227E-5,4.47213615399369E-5));
#6154=CARTESIAN_POINT('',(-0.125,4.21637021336076E-5,2.98142397030257E-5));
#6155=CARTESIAN_POINT('',(-0.125,2.10818505988347E-5,1.4907120513321E-5));
#6156=CARTESIAN_POINT('',(-0.125,0.,0.));
#6157=CARTESIAN_POINT('',(-0.125,0.285,0.295903263540091));
#6158=CARTESIAN_POINT('',(-0.125,0.285,0.307744752886521));
#6159=CARTESIAN_POINT('',(-0.125,0.287254106456722,0.319697464920603));
#6160=CARTESIAN_POINT('',(-0.125,0.291081762036978,0.330903263540091));
#6161=CARTESIAN_POINT('',(-0.125,0.296517596262819,0.346817146695589));
#6162=CARTESIAN_POINT('',(-0.125,0.305225853604301,0.361687741741415));
#6163=CARTESIAN_POINT('',(-0.125,0.315263567180302,0.375180120219053));
#6164=CARTESIAN_POINT('',(-0.125,0.327170266256871,0.391184730147801));
#6165=CARTESIAN_POINT('',(-0.125,0.341102007627618,0.40561420811348));
#6166=CARTESIAN_POINT('',(-0.125,0.354961943781665,0.419960608068769));
#6167=CARTESIAN_POINT('',(-0.125,0.354974629186849,0.419973738713408));
#6168=CARTESIAN_POINT('',(-0.125,0.354987314593888,0.419986869356256));
#6169=CARTESIAN_POINT('',(-0.125,0.355,0.42));
#6170=CARTESIAN_POINT('',(-0.125,0.1,0.42));
#6171=CARTESIAN_POINT('',(0.075,0.1,0.212132034355964));
#6172=CARTESIAN_POINT('',(0.0770505524773913,0.1,0.198357418517512));
#6173=CARTESIAN_POINT('',(0.0795631823743347,0.0976684180022108,0.18455249812058));
#6174=CARTESIAN_POINT('',(0.0825170538158833,0.0937954264970964,0.171505682905073));
#6175=CARTESIAN_POINT('',(0.0858769344867407,0.0893900928345024,0.156665584706402));
#6176=CARTESIAN_POINT('',(0.0898795723016053,0.0829816033138245,0.14254795793829));
#6177=CARTESIAN_POINT('',(0.0942137147406439,0.0758350606227571,0.129091865852166));
#6178=CARTESIAN_POINT('',(0.102689402368564,0.0618595477454002,0.102777633032486));
#6179=CARTESIAN_POINT('',(0.112553848564138,0.0454832521024135,0.0781625821106859));
#6180=CARTESIAN_POINT('',(0.118683559525969,0.0299749914664833,0.0520568052516834));
#6181=CARTESIAN_POINT('',(0.120648128548518,0.0250046023847337,0.0436899179961293));
#6182=CARTESIAN_POINT('',(0.122229257941678,0.0200606291429427,0.0352022092545497));
#6183=CARTESIAN_POINT('',(0.123308311693107,0.0151470198949013,0.0266429342516901));
#6184=CARTESIAN_POINT('',(0.123861028605902,0.0126301527502746,0.0222586706790202));
#6185=CARTESIAN_POINT('',(0.124283610066582,0.0101185511284527,0.0178527778932315));
#6186=CARTESIAN_POINT('',(0.124567397417613,0.00761123073250466,0.0134374984620416));
#6187=CARTESIAN_POINT('',(0.124853429765466,0.00508407532170864,0.00898729045402645));
#6188=CARTESIAN_POINT('',(0.124998641472808,0.00255934991533447,0.00452433381981854));
#6189=CARTESIAN_POINT('',(0.124999990475892,3.56353919068282E-5,6.29950663312848E-5));
#6190=CARTESIAN_POINT('',(0.124999996825297,2.37569277429478E-5,4.19967117177628E-5));
#6191=CARTESIAN_POINT('',(0.125,1.18784640717763E-5,2.09983556255791E-5));
#6192=CARTESIAN_POINT('',(0.125,0.,4.44089209850063E-19));
#6193=CARTESIAN_POINT('',(-0.125,0.,0.));
#6194=CARTESIAN_POINT('',(-0.125,1.18784640586963E-5,2.09983556346001E-5));
#6195=CARTESIAN_POINT('',(-0.124999996825297,2.3756927689239E-5,4.19967117513892E-5));
#6196=CARTESIAN_POINT('',(-0.124999990475892,3.56353918675898E-5,6.29950663583477E-5));
#6197=CARTESIAN_POINT('',(-0.124998641472808,0.00255934991822137,0.00452433381818903));
#6198=CARTESIAN_POINT('',(-0.124853429765466,0.00508407532170916,0.00898729045402837));
#6199=CARTESIAN_POINT('',(-0.124567397417613,0.00761123073250473,0.0134374984620425));
#6200=CARTESIAN_POINT('',(-0.124283610066582,0.010118551128453,0.0178527778932323));
#6201=CARTESIAN_POINT('',(-0.123861028605902,0.0126301527502747,0.0222586706790212));
#6202=CARTESIAN_POINT('',(-0.123308311693107,0.0151470198949014,0.0266429342516911));
#6203=CARTESIAN_POINT('',(-0.122229257941677,0.0200606291429428,0.0352022092545504));
#6204=CARTESIAN_POINT('',(-0.120648128548517,0.0250046023847339,0.0436899179961298));
#6205=CARTESIAN_POINT('',(-0.118683559525968,0.0299749914664834,0.0520568052516837));
#6206=CARTESIAN_POINT('',(-0.112553848564138,0.0454832521024136,0.078162582110686));
#6207=CARTESIAN_POINT('',(-0.102689402368564,0.0618595477454003,0.102777633032486));
#6208=CARTESIAN_POINT('',(-0.0942137147406439,0.0758350606227571,0.129091865852166));
#6209=CARTESIAN_POINT('',(-0.0898795723016053,0.0829816033138245,0.14254795793829));
#6210=CARTESIAN_POINT('',(-0.0858769344867407,0.0893900928345023,0.156665584706402));
#6211=CARTESIAN_POINT('',(-0.0825170538158833,0.0937954264970964,0.171505682905073));
#6212=CARTESIAN_POINT('',(-0.0795631823743347,0.0976684180022108,0.18455249812058));
#6213=CARTESIAN_POINT('',(-0.0770505524773913,0.1,0.198357418517512));
#6214=CARTESIAN_POINT('',(-0.075,0.1,0.212132034355964));
#6215=CARTESIAN_POINT('',(0.,5.55111512312578E-17,0.));
#6216=CARTESIAN_POINT('',(0.075,0.335,0.295903263540091));
#6217=CARTESIAN_POINT('',(0.0793278786956941,0.335,0.302429546097483));
#6218=CARTESIAN_POINT('',(0.0838045928678444,0.335774721531298,0.308850113785595));
#6219=CARTESIAN_POINT('',(0.0881276280821478,0.33673764629628,0.315308212612374));
#6220=CARTESIAN_POINT('',(0.0964449053591011,0.338590259534475,0.327733232525828));
#6221=CARTESIAN_POINT('',(0.104232990903853,0.341162174180295,0.340514794672666));
#6222=CARTESIAN_POINT('',(0.110334398421072,0.343646733480086,0.354064340360859));
#6223=CARTESIAN_POINT('',(0.117397048258316,0.346522721075534,0.369748540503098));
#6224=CARTESIAN_POINT('',(0.122283933500237,0.349452344972321,0.386678743822882));
#6225=CARTESIAN_POINT('',(0.124127359310737,0.352307405449063,0.4037842070563));
#6226=CARTESIAN_POINT('',(0.124704799196722,0.353201732623381,0.409142370472996));
#6227=CARTESIAN_POINT('',(0.124997431430125,0.354095588383779,0.414539096882476));
#6228=CARTESIAN_POINT('',(0.124999983091586,0.354988170726391,0.419928573978387));
#6229=CARTESIAN_POINT('',(0.124999994363861,0.354992113817664,0.419952382650245));
#6230=CARTESIAN_POINT('',(0.125,0.35499605690869,0.41997619132548));
#6231=CARTESIAN_POINT('',(0.125,0.355,0.42));
#6232=CARTESIAN_POINT('',(-0.125,0.355,0.42));
#6233=CARTESIAN_POINT('',(-0.125,0.354996056908691,0.419976191325478));
#6234=CARTESIAN_POINT('',(-0.124999994363861,0.354992113817668,0.419952382650242));
#6235=CARTESIAN_POINT('',(-0.124999983091586,0.354988170726394,0.419928573978383));
#6236=CARTESIAN_POINT('',(-0.124997431430125,0.354095588383543,0.414539096882513));
#6237=CARTESIAN_POINT('',(-0.124704799196722,0.353201732623381,0.409142370472995));
#6238=CARTESIAN_POINT('',(-0.124127359310737,0.352307405449063,0.4037842070563));
#6239=CARTESIAN_POINT('',(-0.122283933500237,0.349452344972321,0.386678743822882));
#6240=CARTESIAN_POINT('',(-0.117397048258316,0.346522721075534,0.369748540503098));
#6241=CARTESIAN_POINT('',(-0.110334398421072,0.343646733480086,0.354064340360859));
#6242=CARTESIAN_POINT('',(-0.104232990903853,0.341162174180295,0.340514794672666));
#6243=CARTESIAN_POINT('',(-0.0964449053591011,0.338590259534475,0.327733232525828));
#6244=CARTESIAN_POINT('',(-0.0881276280821478,0.33673764629628,0.315308212612374));
#6245=CARTESIAN_POINT('',(-0.0838045928678444,0.335774721531297,0.308850113785595));
#6246=CARTESIAN_POINT('',(-0.079327878695694,0.335,0.302429546097483));
#6247=CARTESIAN_POINT('',(-0.075,0.335,0.295903263540091));
#6248=CARTESIAN_POINT('',(0.,0.355,0.42));
#6249=CARTESIAN_POINT('',(-0.0749999999999999,0.137897444239005,0.450195837406833));
#6250=CARTESIAN_POINT('',(-0.0749999999999999,0.148006691864139,0.46353799024902));
#6251=CARTESIAN_POINT('',(-0.0731012320341183,0.160151179267518,0.475473403675415));
#6252=CARTESIAN_POINT('',(-0.0700130465996767,0.172955111912125,0.485804538635595));
#6253=CARTESIAN_POINT('',(-0.067116313180129,0.184965264922893,0.49549519502146));
#6254=CARTESIAN_POINT('',(-0.0632270901070293,0.19789910009573,0.503859666000532));
#6255=CARTESIAN_POINT('',(-0.0589150970134741,0.211304441582301,0.510805686172145));
#6256=CARTESIAN_POINT('',(-0.0749999999999999,0.137897444239005,0.450195837406833));
#6257=CARTESIAN_POINT('',(-0.0589150970134741,0.211304441582301,0.510805686172145));
#6258=CARTESIAN_POINT('',(-0.0589150970134741,0.211304441582301,0.510805686172145));
#6259=CARTESIAN_POINT('',(-0.0567058605961727,0.217519633478841,0.514026104455549));
#6260=CARTESIAN_POINT('',(-0.0543110619606902,0.223774978473407,0.517052876725843));
#6261=CARTESIAN_POINT('',(-0.0517390229892329,0.230042491243185,0.519878355267329));
#6262=CARTESIAN_POINT('',(-0.0433599843837562,0.250460428934282,0.529083034527941));
#6263=CARTESIAN_POINT('',(-0.0341224029654854,0.272351942219632,0.536421944197149));
#6264=CARTESIAN_POINT('',(-0.0189247924808886,0.290235967766632,0.541006794641066));
#6265=CARTESIAN_POINT('',(-0.015743266422754,0.293979878255705,0.541966604814827));
#6266=CARTESIAN_POINT('',(-0.0121134802632619,0.297626727175069,0.542828325791263));
#6267=CARTESIAN_POINT('',(-0.00770424035518952,0.299937940942181,0.543354732225693));
#6268=CARTESIAN_POINT('',(-0.00588392724045168,0.300892103750045,0.543572054157874));
#6269=CARTESIAN_POINT('',(-0.00387581116813478,0.301602638689028,0.543729954182704));
#6270=CARTESIAN_POINT('',(-0.00182632126578969,0.301862363230003,0.543787657083903));
#6271=CARTESIAN_POINT('',(-0.00141300712830033,0.301914741055586,0.543799293845231));
#6272=CARTESIAN_POINT('',(-0.000996955845839042,0.301949655815305,0.543807040207968));
#6273=CARTESIAN_POINT('',(-0.000580528723796159,0.301966448601384,0.543810765988202));
#6274=CARTESIAN_POINT('',(0.00106369858729626,0.302032753498539,0.543825476916694));
#6275=CARTESIAN_POINT('',(0.00273962311183803,0.301802522649834,0.54377467568013));
#6276=CARTESIAN_POINT('',(0.00431364755174646,0.301333954552762,0.543669855823594));
#6277=CARTESIAN_POINT('',(0.00671286353124726,0.300619736884044,0.543510083542812));
#6278=CARTESIAN_POINT('',(0.00895283257446481,0.299358353983616,0.54322537714294));
#6279=CARTESIAN_POINT('',(0.0109591400568424,0.297892343530642,0.542882718399821));
#6280=CARTESIAN_POINT('',(0.0148836718862077,0.295024685040898,0.542212444697614));
#6281=CARTESIAN_POINT('',(0.0181571690599227,0.291336627921419,0.54130865772237));
#6282=CARTESIAN_POINT('',(0.0211092117493806,0.287547644699896,0.540306793342323));
#6283=CARTESIAN_POINT('',(0.0319696143562695,0.273608183931446,0.536620989419612));
#6284=CARTESIAN_POINT('',(0.0396121487687511,0.257643070659128,0.531418841820018));
#6285=CARTESIAN_POINT('',(0.0465228780276876,0.242208031360098,0.525106675408823));
#6286=CARTESIAN_POINT('',(0.0511472291715314,0.231879592932931,0.520882855769818));
#6287=CARTESIAN_POINT('',(0.0552796554695008,0.221531942200839,0.516105092937656));
#6288=CARTESIAN_POINT('',(0.0589150970134742,0.211304441582301,0.510805686172145));
#6289=CARTESIAN_POINT('',(0.0589150970134742,0.211304441582301,0.510805686172145));
#6290=CARTESIAN_POINT('',(0.0589150970134742,0.211304441582301,0.510805686172145));
#6291=CARTESIAN_POINT('',(0.0637179760901331,0.196373009007061,0.50306891706689));
#6292=CARTESIAN_POINT('',(0.0680051491170316,0.182013537113136,0.493554543933598));
#6293=CARTESIAN_POINT('',(0.070969460892906,0.16885798866586,0.482418237404557));
#6294=CARTESIAN_POINT('',(0.0735043736423652,0.157608103361439,0.47289509424799));
#6295=CARTESIAN_POINT('',(0.0749999999999618,0.146929502420447,0.462116319049684));
#6296=CARTESIAN_POINT('',(0.075,0.137897444239005,0.450195837406833));
#6297=CARTESIAN_POINT('',(0.075,0.137897444239005,0.450195837406833));
#6298=CARTESIAN_POINT('',(0.075,0.137897444239005,0.450195837406833));
#6299=CARTESIAN_POINT('',(0.075,0.13636848136918,0.448177917077282));
#6300=CARTESIAN_POINT('',(0.075,0.134883196477564,0.446126140126987));
#6301=CARTESIAN_POINT('',(0.075,0.13344391094463,0.444043308624343));
#6302=CARTESIAN_POINT('',(0.075,0.122792389947802,0.428629186147859));
#6303=CARTESIAN_POINT('',(0.075,0.114671492431362,0.411270642144321));
#6304=CARTESIAN_POINT('',(0.075,0.109085837040842,0.393386276762114));
#6305=CARTESIAN_POINT('',(0.075,0.103029842093003,0.373995960169403));
#6306=CARTESIAN_POINT('',(0.075,0.100011350650904,0.353439340174515));
#6307=CARTESIAN_POINT('',(0.075,0.1,0.333125322267253));
#6308=CARTESIAN_POINT('',(-0.075,0.1,0.333125322267253));
#6309=CARTESIAN_POINT('',(-0.075,0.100011350650904,0.353439340174515));
#6310=CARTESIAN_POINT('',(-0.075,0.103029842093003,0.373995960169403));
#6311=CARTESIAN_POINT('',(-0.075,0.109085837040843,0.393386276762114));
#6312=CARTESIAN_POINT('',(-0.075,0.115415697416122,0.413653466170538));
#6313=CARTESIAN_POINT('',(-0.0749999999999999,0.125074681727734,0.433272396253598));
#6314=CARTESIAN_POINT('',(-0.0749999999999999,0.137897444239005,0.450195837406833));
#6315=CARTESIAN_POINT('',(0.235,0.35,0.55125));
#6316=CARTESIAN_POINT('',(0.235,0.276547311009544,0.544611465473481));
#6317=CARTESIAN_POINT('',(0.235,0.176807216585161,0.492930850423812));
#6318=CARTESIAN_POINT('',(0.235,0.130081806784769,0.443397821303245));
#6319=CARTESIAN_POINT('',(0.235,0.100024547594821,0.377057629321741));
#6320=CARTESIAN_POINT('',(0.235,0.1,0.333125322267253));
#6321=CARTESIAN_POINT('',(0.125,0.355,0.42));
#6322=CARTESIAN_POINT('',(0.125,0.355,0.42));
#6323=CARTESIAN_POINT('',(0.125,0.355,0.42));
#6324=CARTESIAN_POINT('',(0.125,0.344860625452522,0.358775949637876));
#6325=CARTESIAN_POINT('',(0.125000000000771,0.332686710928737,0.372099970553874));
#6326=CARTESIAN_POINT('',(0.125,0.321982174408416,0.385824950254247));
#6327=CARTESIAN_POINT('',(0.0885702299573675,0.335,0.316366169088696));
#6328=CARTESIAN_POINT('',(0.125,0.319030070067427,0.319983817983097));
#6329=CARTESIAN_POINT('',(0.125,0.285002047027911,0.346614021063436));
#6330=CARTESIAN_POINT('',(0.075,0.335,0.295903263540091));
#6331=CARTESIAN_POINT('',(0.125,0.335,0.295903263540091));
#6332=CARTESIAN_POINT('',(0.125,0.285,0.295903263540091));
#6333=CARTESIAN_POINT('',(-0.125,0.355,0.42));
#6334=CARTESIAN_POINT('',(-0.125,0.355,0.42));
#6335=CARTESIAN_POINT('',(-0.125,0.355,0.42));
#6336=CARTESIAN_POINT('',(-0.125,0.321982174408392,0.385824950254301));
#6337=CARTESIAN_POINT('',(-0.125000000001009,0.332686710928666,0.372099970553933));
#6338=CARTESIAN_POINT('',(-0.125,0.344860625452498,0.358775949637881));
#6339=CARTESIAN_POINT('',(-0.125,0.285002047027911,0.346614021063394));
#6340=CARTESIAN_POINT('',(-0.125,0.319030070067459,0.319983817983049));
#6341=CARTESIAN_POINT('',(-0.0885702299573639,0.335,0.316366169088694));
#6342=CARTESIAN_POINT('',(-0.125,0.285,0.295903263540091));
#6343=CARTESIAN_POINT('',(-0.125,0.335,0.295903263540091));
#6344=CARTESIAN_POINT('',(-0.075,0.335,0.295903263540091));
#6345=CARTESIAN_POINT('',(0.075,0.15,0.212132034355964));
#6346=CARTESIAN_POINT('',(0.125,5.55111512312578E-17,4.13029399042097E-18));
#6347=CARTESIAN_POINT('',(0.125,5.55111512312578E-17,4.13029399042097E-18));
#6348=CARTESIAN_POINT('',(0.125,5.55111512312578E-17,4.13029399042097E-18));
#6349=CARTESIAN_POINT('',(0.125,0.0498012942452246,0.0880382671492665));
#6350=CARTESIAN_POINT('',(0.125000000017385,0.0654688423842641,0.0740680438389486));
#6351=CARTESIAN_POINT('',(0.125,0.072557183376464,0.0513045249604222));
#6352=CARTESIAN_POINT('',(0.0842377286606672,0.1,0.150076338776781));
#6353=CARTESIAN_POINT('',(0.124999999999999,0.10975052079111,0.146631866756454));
#6354=CARTESIAN_POINT('',(0.125,0.149999147332133,0.11450641387446));
#6355=CARTESIAN_POINT('',(0.075,0.1,0.212132034355964));
#6356=CARTESIAN_POINT('',(0.125,0.1,0.212132034355964));
#6357=CARTESIAN_POINT('',(0.125,0.15,0.212132034355964));
#6358=CARTESIAN_POINT('',(0.125,0.15,0.333110432310255));
#6359=CARTESIAN_POINT('',(0.124999999999998,0.149409561546708,0.333110620051379));
#6360=CARTESIAN_POINT('',(0.124989538191311,0.148819030488634,0.333110808316758));
#6361=CARTESIAN_POINT('',(0.124968624418958,0.148228962542138,0.33311099544522));
#6362=CARTESIAN_POINT('',(0.124859041764198,0.145137162030405,0.333111975949039));
#6363=CARTESIAN_POINT('',(0.12445955598564,0.142042389770859,0.333112943570055));
#6364=CARTESIAN_POINT('',(0.123780424506343,0.139024108920868,0.333113875435926));
#6365=CARTESIAN_POINT('',(0.122551961198024,0.133564419020684,0.333115561063917));
#6366=CARTESIAN_POINT('',(0.120363933168831,0.128241532585485,0.333117163868646));
#6367=CARTESIAN_POINT('',(0.117397531922601,0.123496240137067,0.333118568416613));
#6368=CARTESIAN_POINT('',(0.114431130787729,0.118750947866785,0.333119972964526));
#6369=CARTESIAN_POINT('',(0.110604539494084,0.114452368534524,0.333121218798196));
#6370=CARTESIAN_POINT('',(0.106234639677418,0.110956469367873,0.333122221308328));
#6371=CARTESIAN_POINT('',(0.101864739932018,0.107460570258234,0.333123223818444));
#6372=CARTESIAN_POINT('',(0.0968310044571917,0.104670930083518,0.333124011292191));
#6373=CARTESIAN_POINT('',(0.0915502790481099,0.102818560180621,0.333124532225925));
#6374=CARTESIAN_POINT('',(0.086269553636083,0.100966190276691,0.333125053159659));
#6375=CARTESIAN_POINT('',(0.0805961893650576,0.1,0.333125322267253));
#6376=CARTESIAN_POINT('',(0.075,0.1,0.333125322267253));
#6377=CARTESIAN_POINT('',(0.075,0.15,0.42));
#6378=CARTESIAN_POINT('',(-0.075,0.15,0.212132034355964));
#6379=CARTESIAN_POINT('',(-0.125,5.55111512312578E-17,0.));
#6380=CARTESIAN_POINT('',(-0.125,5.55111512312578E-17,0.));
#6381=CARTESIAN_POINT('',(-0.125,5.55111512312578E-17,0.));
#6382=CARTESIAN_POINT('',(-0.125,0.0725571833765648,0.0513045249601172));
#6383=CARTESIAN_POINT('',(-0.125000000017887,0.0654688423844547,0.074068043838628));
#6384=CARTESIAN_POINT('',(-0.125,0.0498012942454352,0.0880382671489932));
#6385=CARTESIAN_POINT('',(-0.125,0.149999147332133,0.114506413874689));
#6386=CARTESIAN_POINT('',(-0.125,0.109750520791074,0.146631866756691));
#6387=CARTESIAN_POINT('',(-0.0842377286606373,0.1,0.150076338776982));
#6388=CARTESIAN_POINT('',(-0.125,0.15,0.212132034355964));
#6389=CARTESIAN_POINT('',(-0.125,0.1,0.212132034355964));
#6390=CARTESIAN_POINT('',(-0.075,0.1,0.212132034355964));
#6391=CARTESIAN_POINT('',(0.075,0.177749814347947,0.42));
#6392=CARTESIAN_POINT('',(0.075,0.0999996866320398,0.332564494310266));
#6393=CARTESIAN_POINT('',(0.125,0.0999996866320398,0.332564494310266));
#6394=CARTESIAN_POINT('',(0.125,0.149999678826737,0.332536556338606));
#6395=CARTESIAN_POINT('',(0.0749999999999916,0.10002230345963,0.373041348419027));
#6396=CARTESIAN_POINT('',(0.124999999999986,0.0999231941958409,0.37299877379443));
#6397=CARTESIAN_POINT('',(0.125,0.149956025317381,0.363520597329304));
#6398=CARTESIAN_POINT('',(0.0750000000000012,0.111229224396101,0.414999205731849));
#6399=CARTESIAN_POINT('',(0.124999999999999,0.111271927800635,0.415055223749346));
#6400=CARTESIAN_POINT('',(0.125,0.158911119738313,0.395136386172854));
#6401=CARTESIAN_POINT('',(0.075,0.137897444239005,0.450195837406833));
#6402=CARTESIAN_POINT('',(0.125,0.137897444239005,0.450195837406833));
#6403=CARTESIAN_POINT('',(0.125,0.177749814347947,0.42));
#6404=CARTESIAN_POINT('',(-0.075,0.1,0.333125322267253));
#6405=CARTESIAN_POINT('',(-0.0805961893650576,0.1,0.333125322267256));
#6406=CARTESIAN_POINT('',(-0.086269553636083,0.100966190276691,0.333125053159592));
#6407=CARTESIAN_POINT('',(-0.0915502790481099,0.102818560180621,0.333124532225868));
#6408=CARTESIAN_POINT('',(-0.0968310044571918,0.104670930083518,0.333124011292145));
#6409=CARTESIAN_POINT('',(-0.101864739932018,0.107460570258234,0.333123223818482));
#6410=CARTESIAN_POINT('',(-0.106234639677418,0.110956469367873,0.33312222130836));
#6411=CARTESIAN_POINT('',(-0.110604539494084,0.114452368534524,0.333121218798221));
#6412=CARTESIAN_POINT('',(-0.114431130787729,0.118750947866785,0.333119972964306));
#6413=CARTESIAN_POINT('',(-0.117397531922601,0.123496240137067,0.333118568416359));
#6414=CARTESIAN_POINT('',(-0.12036393316883,0.128241532585485,0.333117163868359));
#6415=CARTESIAN_POINT('',(-0.122551961198024,0.133564419020684,0.333115561063739));
#6416=CARTESIAN_POINT('',(-0.123780424506343,0.139024108920868,0.333113875435616));
#6417=CARTESIAN_POINT('',(-0.124459555985653,0.142042389770919,0.333112943569673));
#6418=CARTESIAN_POINT('',(-0.124859041764214,0.145137162030527,0.33311197594686));
#6419=CARTESIAN_POINT('',(-0.124968624418964,0.148228962542324,0.333110995448218));
#6420=CARTESIAN_POINT('',(-0.124989538191314,0.148819030488759,0.333110808320744));
#6421=CARTESIAN_POINT('',(-0.12499999999992,0.14940956154677,0.333110620052378));
#6422=CARTESIAN_POINT('',(-0.125,0.15,0.333110432310255));
#6423=CARTESIAN_POINT('',(-0.075,0.15,0.42));
#6424=CARTESIAN_POINT('',(-0.0749999999999999,0.177749814347947,0.42));
#6425=CARTESIAN_POINT('',(0.075,0.137897444239005,0.450195837406833));
#6426=CARTESIAN_POINT('',(0.125,0.137897444239005,0.450195837406833));
#6427=CARTESIAN_POINT('',(0.125,0.177749814347947,0.42));
#6428=CARTESIAN_POINT('',(0.0749979838365118,0.163487878181327,0.483970010680367));
#6429=CARTESIAN_POINT('',(0.116229167137349,0.16802380747521,0.489949360519199));
#6430=CARTESIAN_POINT('',(0.125,0.196698805634536,0.461679564629423));
#6431=CARTESIAN_POINT('',(0.0649454256439245,0.197025821772255,0.504583190253322));
#6432=CARTESIAN_POINT('',(0.0945928664151135,0.203849573190056,0.508644135832414));
#6433=CARTESIAN_POINT('',(0.108242354568836,0.221933513889431,0.488366868091238));
#6434=CARTESIAN_POINT('',(0.041569325876808,0.255558556689613,0.531742756358109));
#6435=CARTESIAN_POINT('',(0.0571710678997802,0.262154578845139,0.533995826836595));
#6436=CARTESIAN_POINT('',(0.0692822312990406,0.272741153614527,0.527658759055808));
#6437=CARTESIAN_POINT('',(0.0298375020108998,0.304236117794253,0.544314517877232));
#6438=CARTESIAN_POINT('',(0.039830928901917,0.309450427029222,0.545436454211861));
#6439=CARTESIAN_POINT('',(0.0497291907661143,0.314760065700924,0.545721490481289));
#6440=CARTESIAN_POINT('',(-0.0319752471673688,0.299640836003832,0.54329459978554));
#6441=CARTESIAN_POINT('',(-0.0428388077183596,0.305121756407012,0.544546586427106));
#6442=CARTESIAN_POINT('',(-0.0532920993602294,0.31078451305369,0.544253119594113));
#6443=CARTESIAN_POINT('',(-0.0421296916457345,0.254367213617343,0.53129257562835));
#6444=CARTESIAN_POINT('',(-0.0579834541430294,0.261008539246266,0.533592638724787));
#6445=CARTESIAN_POINT('',(-0.0702161742079431,0.271711829096295,0.52701120655096));
#6446=CARTESIAN_POINT('',(-0.0651917431498815,0.196189743337004,0.504088996839305));
#6447=CARTESIAN_POINT('',(-0.0950587987490317,0.202986247202611,0.508159598725923));
#6448=CARTESIAN_POINT('',(-0.10865288378475,0.221202825513574,0.487648062005869));
#6449=CARTESIAN_POINT('',(-0.0749979810030748,0.162901288103695,0.483195830962777));
#6450=CARTESIAN_POINT('',(-0.116383435892597,0.167493690312989,0.489249682170732));
#6451=CARTESIAN_POINT('',(-0.125,0.196306606199038,0.460816758619778));
#6452=CARTESIAN_POINT('',(-0.075,0.137897444239005,0.450195837406833));
#6453=CARTESIAN_POINT('',(-0.125,0.137897444239005,0.450195837406833));
#6454=CARTESIAN_POINT('',(-0.125,0.177749814347947,0.42));
#6455=CARTESIAN_POINT('',(-0.125,0.149999678826737,0.332536556338607));
#6456=CARTESIAN_POINT('',(-0.125,0.0999996866320399,0.332564494310266));
#6457=CARTESIAN_POINT('',(-0.075,0.0999996866320399,0.332564494310266));
#6458=CARTESIAN_POINT('',(-0.125,0.14995602531738,0.363520597329305));
#6459=CARTESIAN_POINT('',(-0.125000000000002,0.0999231941958341,0.372998773794434));
#6460=CARTESIAN_POINT('',(-0.075000000000001,0.10002230345963,0.373041348419028));
#6461=CARTESIAN_POINT('',(-0.125,0.158911119738313,0.395136386172854));
#6462=CARTESIAN_POINT('',(-0.124999999999995,0.111271927800642,0.415055223749343));
#6463=CARTESIAN_POINT('',(-0.0749999999999975,0.111229224396101,0.414999205731849));
#6464=CARTESIAN_POINT('',(-0.125,0.177749814347947,0.42));
#6465=CARTESIAN_POINT('',(-0.125,0.137897444239005,0.450195837406833));
#6466=CARTESIAN_POINT('',(-0.075,0.137897444239005,0.450195837406833));
#6467=CARTESIAN_POINT('',(0.,0.318706005407311,0.));
#6468=CARTESIAN_POINT('',(-0.0878831624707716,0.318706005407311,0.));
#6469=CARTESIAN_POINT('',(0.0878831624707716,0.318706005407311,1.60947986008372E-19));
#6470=CARTESIAN_POINT('',(0.0878831624707716,0.318706005407311,1.60947986008372E-19));
#6471=CARTESIAN_POINT('',(0.0878831624707716,0.318706005407311,0.00890517968685731));
#6472=CARTESIAN_POINT('',(0.0865872255855184,0.319818683568226,0.0178983606525575));
#6473=CARTESIAN_POINT('',(0.0840865739927085,0.321287276953653,0.0263181112625741));
#6474=CARTESIAN_POINT('',(0.0815027487285041,0.322804716929305,0.0350179095099644));
#6475=CARTESIAN_POINT('',(0.0775601055961666,0.324688748541225,0.0434069887614089));
#6476=CARTESIAN_POINT('',(0.0723403475364643,0.325493650756687,0.0509416768666102));
#6477=CARTESIAN_POINT('',(0.0708093496734414,0.325729735180088,0.0531516627042039));
#6478=CARTESIAN_POINT('',(0.0691614609063037,0.325871557428105,0.0552992587703913));
#6479=CARTESIAN_POINT('',(0.0674126054394642,0.325871557428114,0.0573547957489016));
#6480=CARTESIAN_POINT('',(0.0674126054392799,0.325871557427477,0.0573547957488421));
#6481=CARTESIAN_POINT('',(0.,0.325871557427477,0.));
#6482=CARTESIAN_POINT('',(-0.0674126054392799,0.325871557427477,0.0573547957488421));
#6483=CARTESIAN_POINT('',(-0.0674126054392799,0.325871557427477,0.0573547957488421));
#6484=CARTESIAN_POINT('',(-0.0725574074193593,0.325871557427477,0.0513077947715381));
#6485=CARTESIAN_POINT('',(-0.0768177268474941,0.324664199561706,0.0444477985411662));
#6486=CARTESIAN_POINT('',(-0.0800178407409004,0.323324059889116,0.0373064747870628));
#6487=CARTESIAN_POINT('',(-0.0833561851700424,0.321926032206576,0.0298566779469153));
#6488=CARTESIAN_POINT('',(-0.0856599236959106,0.320343649590032,0.0218827726737249));
#6489=CARTESIAN_POINT('',(-0.0868704475829024,0.319467237615668,0.0137362990895034));
#6490=CARTESIAN_POINT('',(-0.0875425011734916,0.318980674879868,0.00921357394401125));
#6491=CARTESIAN_POINT('',(-0.0878831624707716,0.318706005407311,0.00459819987235881));
#6492=CARTESIAN_POINT('',(-0.0878831624707716,0.318706005407311,0.));
#6493=CARTESIAN_POINT('',(0.,-2.14313189850787E-18,0.));
#6494=CARTESIAN_POINT('',(0.,-2.14313189850787E-18,-0.06));
#6495=CARTESIAN_POINT('',(0.,0.35,0.));
#6496=CARTESIAN_POINT('',(0.,-9.18485099360515E-19,0.));
#6497=CARTESIAN_POINT('',(0.,-9.18485099360515E-19,-0.05));
#6498=CARTESIAN_POINT('',(0.,0.,0.));
#6499=CARTESIAN_POINT('',(0.,0.35,0.));
#6500=CARTESIAN_POINT('',(-0.0978451094516889,0.317834447979833,0.));
#6501=CARTESIAN_POINT('',(-0.075,0.325,0.0638101680410159));
#6502=CARTESIAN_POINT('',(-0.0878831624707715,0.31870600540731,-7.45075255797813E-18));
#6503=CARTESIAN_POINT('',(-0.0893875523619589,0.335901260547327,-6.61487582899173E-18));
#6504=CARTESIAN_POINT('',(-0.103556386814611,0.326043059974791,-8.29532846835458E-18));
#6505=CARTESIAN_POINT('',(-0.0878831802646639,0.318706208792431,0.0209686583875575));
#6506=CARTESIAN_POINT('',(-0.0893874742684544,0.335901135259552,0.0179398299934821));
#6507=CARTESIAN_POINT('',(-0.103556077251909,0.326043275358154,0.0233496633234363));
#6508=CARTESIAN_POINT('',(-0.0809629931269972,0.325867832120086,0.0414276919288438));
#6509=CARTESIAN_POINT('',(-0.0857180732185994,0.338037114489435,0.0374800797758195));
#6510=CARTESIAN_POINT('',(-0.09383036102455,0.334999999994602,0.0461027943210159));
#6511=CARTESIAN_POINT('',(-0.0674126054495859,0.325871557427477,0.0573547957367288));
#6512=CARTESIAN_POINT('',(-0.0680208761728196,0.335000000002001,0.0578723138284834));
#6513=CARTESIAN_POINT('',(-0.0750000000143324,0.335,0.0638101680275393));
#6514=CARTESIAN_POINT('',(0.075,0.325,0.0638101680410159));
#6515=CARTESIAN_POINT('',(0.,0.325,0.));
#6516=CARTESIAN_POINT('',(0.097845109451689,0.317834447979834,1.79192155405827E-19));
#6517=CARTESIAN_POINT('',(0.,0.317834447979834,0.));
#6518=CARTESIAN_POINT('',(0.0674126054394617,0.325871557428167,0.0573547957489109));
#6519=CARTESIAN_POINT('',(0.0680208761613825,0.335000000000723,0.0578723138419429));
#6520=CARTESIAN_POINT('',(0.0750000000002332,0.33500000000069,0.0638101680410791));
#6521=CARTESIAN_POINT('',(0.0810596550003443,0.325868201687965,0.0413141292091813));
#6522=CARTESIAN_POINT('',(0.0858657558223637,0.33806277094023,0.0373106852736624));
#6523=CARTESIAN_POINT('',(0.0939623800415742,0.335000000000602,0.0459792784720294));
#6524=CARTESIAN_POINT('',(0.087883191296515,0.318706334887066,0.0208582233201356));
#6525=CARTESIAN_POINT('',(0.0893873272809647,0.335901110386006,0.0178369657825854));
#6526=CARTESIAN_POINT('',(0.10355581906271,0.326043454997553,0.0232246671404315));
#6527=CARTESIAN_POINT('',(0.0878831624707715,0.31870600540731,1.60947986008342E-19));
#6528=CARTESIAN_POINT('',(0.0893875523619589,0.335901260547327,5.18376040100641E-19));
#6529=CARTESIAN_POINT('',(0.103556386814611,0.326043059974791,3.67906191963434E-19));
#6530=CARTESIAN_POINT('',(0.174122801493658,-0.559999999999999,0.3));
#6531=CARTESIAN_POINT('',(0.174122801493659,-0.562945243112739,0.3));
#6532=CARTESIAN_POINT('',(0.173000390613418,-0.56589041339854,0.3));
#6533=CARTESIAN_POINT('',(0.16855377076169,-0.57166771558291,0.3));
#6534=CARTESIAN_POINT('',(0.16522967174164,-0.574499704626298,0.3));
#6535=CARTESIAN_POINT('',(0.156507313145393,-0.57994180428656,0.3));
#6536=CARTESIAN_POINT('',(0.1511092692467,-0.582551780336795,0.3));
#6537=CARTESIAN_POINT('',(0.138446367255231,-0.587449540634969,0.3));
#6538=CARTESIAN_POINT('',(0.131181822277662,-0.589737203776133,0.3));
#6539=CARTESIAN_POINT('',(0.115065005113068,-0.593902406530656,0.3));
#6540=CARTESIAN_POINT('',(0.106213131446108,-0.59577984315117,0.3));
#6541=CARTESIAN_POINT('',(0.0872617593536083,-0.599052421956059,0.3));
#6542=CARTESIAN_POINT('',(0.0771627295380897,-0.600447483219475,0.3));
#6543=CARTESIAN_POINT('',(0.0561050931191473,-0.602701674706541,0.3));
#6544=CARTESIAN_POINT('',(0.0451470072072802,-0.603560749190865,0.3));
#6545=CARTESIAN_POINT('',(0.0227923396202164,-0.604709926045425,0.3));
#6546=CARTESIAN_POINT('',(0.0113963107082284,-0.605,0.3));
#6547=CARTESIAN_POINT('',(2.51534904016637E-16,-0.605,0.3));
#6548=CARTESIAN_POINT('',(0.174122801493658,-0.56,0.3));
#6549=CARTESIAN_POINT('',(2.50994993587341E-16,-0.605,0.3));
#6550=CARTESIAN_POINT('',(0.0666339113286187,-0.518425421036992,0.3));
#6551=CARTESIAN_POINT('',(0.0771627295380899,-0.519552516780525,0.3));
#6552=CARTESIAN_POINT('',(0.0872617593536079,-0.520947578043941,0.3));
#6553=CARTESIAN_POINT('',(0.106213131446107,-0.52422015684883,0.3));
#6554=CARTESIAN_POINT('',(0.115065005113068,-0.526097593469344,0.3));
#6555=CARTESIAN_POINT('',(0.131181822277662,-0.530262796223867,0.3));
#6556=CARTESIAN_POINT('',(0.138446367255231,-0.532550459365031,0.3));
#6557=CARTESIAN_POINT('',(0.1511092692467,-0.537448219663205,0.3));
#6558=CARTESIAN_POINT('',(0.156507313145393,-0.54005819571344,0.3));
#6559=CARTESIAN_POINT('',(0.16522967174164,-0.545500295373701,0.3));
#6560=CARTESIAN_POINT('',(0.16855377076169,-0.548332284417089,0.3));
#6561=CARTESIAN_POINT('',(0.173000390613418,-0.554109586601458,0.3));
#6562=CARTESIAN_POINT('',(0.174122801493658,-0.557054756887258,0.3));
#6563=CARTESIAN_POINT('',(0.174122801493658,-0.559999999999999,0.3));
#6564=CARTESIAN_POINT('',(0.0666339113286187,-0.518425421036992,0.3));
#6565=CARTESIAN_POINT('',(-0.0666339113286184,-0.518425421036992,0.3));
#6566=CARTESIAN_POINT('',(-0.056105093119147,-0.517298325293459,0.3));
#6567=CARTESIAN_POINT('',(-0.04514700720728,-0.516439250809135,0.3));
#6568=CARTESIAN_POINT('',(-0.0227923396202161,-0.515290073954574,0.3));
#6569=CARTESIAN_POINT('',(-0.0113963107082281,-0.515,0.3));
#6570=CARTESIAN_POINT('',(0.0113963107082284,-0.515,0.3));
#6571=CARTESIAN_POINT('',(0.0227923396202163,-0.515290073954574,0.3));
#6572=CARTESIAN_POINT('',(0.0451470072072802,-0.516439250809135,0.3));
#6573=CARTESIAN_POINT('',(0.0561050931191475,-0.517298325293459,0.3));
#6574=CARTESIAN_POINT('',(0.0666339113286187,-0.518425421036992,0.3));
#6575=CARTESIAN_POINT('',(-0.0666339113286184,-0.518425421036992,0.3));
#6576=CARTESIAN_POINT('',(-4.48511411651892E-15,-0.605,0.3));
#6577=CARTESIAN_POINT('',(-0.0113963107082279,-0.605,0.3));
#6578=CARTESIAN_POINT('',(-0.0227923396202161,-0.604709926045425,0.3));
#6579=CARTESIAN_POINT('',(-0.0451470072072799,-0.603560749190865,0.3));
#6580=CARTESIAN_POINT('',(-0.056105093119147,-0.602701674706541,0.3));
#6581=CARTESIAN_POINT('',(-0.0771627295380894,-0.600447483219475,0.3));
#6582=CARTESIAN_POINT('',(-0.0872617593536077,-0.599052421956059,0.3));
#6583=CARTESIAN_POINT('',(-0.106213131446108,-0.59577984315117,0.3));
#6584=CARTESIAN_POINT('',(-0.115065005113068,-0.593902406530656,0.3));
#6585=CARTESIAN_POINT('',(-0.131181822277662,-0.589737203776133,0.3));
#6586=CARTESIAN_POINT('',(-0.138446367255231,-0.587449540634969,0.3));
#6587=CARTESIAN_POINT('',(-0.1511092692467,-0.582551780336795,0.3));
#6588=CARTESIAN_POINT('',(-0.156507313145393,-0.57994180428656,0.3));
#6589=CARTESIAN_POINT('',(-0.16522967174164,-0.574499704626298,0.3));
#6590=CARTESIAN_POINT('',(-0.16855377076169,-0.571667715582911,0.3));
#6591=CARTESIAN_POINT('',(-0.173000390613418,-0.565890413398541,0.3));
#6592=CARTESIAN_POINT('',(-0.174122801493658,-0.56294524311274,0.3));
#6593=CARTESIAN_POINT('',(-0.174122801493658,-0.557054756887259,0.3));
#6594=CARTESIAN_POINT('',(-0.173000390613418,-0.554109586601459,0.3));
#6595=CARTESIAN_POINT('',(-0.16855377076169,-0.548332284417089,0.3));
#6596=CARTESIAN_POINT('',(-0.16522967174164,-0.545500295373702,0.3));
#6597=CARTESIAN_POINT('',(-0.156507313145393,-0.54005819571344,0.3));
#6598=CARTESIAN_POINT('',(-0.1511092692467,-0.537448219663205,0.3));
#6599=CARTESIAN_POINT('',(-0.138446367255231,-0.532550459365031,0.3));
#6600=CARTESIAN_POINT('',(-0.131181822277662,-0.530262796223867,0.3));
#6601=CARTESIAN_POINT('',(-0.115065005113068,-0.526097593469344,0.3));
#6602=CARTESIAN_POINT('',(-0.106213131446108,-0.52422015684883,0.3));
#6603=CARTESIAN_POINT('',(-0.0872617593536077,-0.520947578043941,0.3));
#6604=CARTESIAN_POINT('',(-0.0771627295380898,-0.519552516780525,0.3));
#6605=CARTESIAN_POINT('',(-0.0666339113286184,-0.518425421036992,0.3));
#6606=CARTESIAN_POINT('',(0.175,-0.704424528928398,-5.62842927386823E-17));
#6607=CARTESIAN_POINT('',(0.175,-0.704424528928398,-0.0146931159271204));
#6608=CARTESIAN_POINT('',(0.173139812839683,-0.704424528928398,-0.0293852491139204));
#6609=CARTESIAN_POINT('',(0.169477891622777,-0.704424528928398,-0.0436147251636199));
#6610=CARTESIAN_POINT('',(0.175,-0.7044245289284,-2.08166817117217E-17));
#6611=CARTESIAN_POINT('',(0.166199947180053,-0.711660840339117,-0.0432054436830702));
#6612=CARTESIAN_POINT('',(0.0463227287395478,-0.704424528928398,0.168757828861722));
#6613=CARTESIAN_POINT('',(0.119614375257735,-0.704424528928398,0.148639834434816));
#6614=CARTESIAN_POINT('',(0.175,-0.704424528928398,0.0760026259356077));
#6615=CARTESIAN_POINT('',(0.175,-0.704424528928398,2.14313189850787E-17));
#6616=CARTESIAN_POINT('',(0.0463226303699134,-0.704424532352367,0.168757470463466));
#6617=CARTESIAN_POINT('',(0.0460203734908382,-0.70442437859961,0.168839261069809));
#6618=CARTESIAN_POINT('',(0.0461213712395399,-0.704424186553214,0.168812681153674));
#6619=CARTESIAN_POINT('',(0.0462221609208494,-0.704424279251421,0.168785541274697));
#6620=CARTESIAN_POINT('',(0.0463227340132995,-0.704424660975404,0.168757848127901));
#6621=CARTESIAN_POINT('',(0.0460204824452898,-0.704424528928398,0.168839682358594));
#6622=CARTESIAN_POINT('',(-0.0460466985724852,-0.704424528928398,0.168832766018704));
#6623=CARTESIAN_POINT('',(-0.0160730156942003,-0.704424528928398,0.177009708283267));
#6624=CARTESIAN_POINT('',(0.0160427666436698,-0.704424528928398,0.177012973661487));
#6625=CARTESIAN_POINT('',(0.0460205414622177,-0.704424528928398,0.168839898825005));
#6626=CARTESIAN_POINT('',(-0.0460466584741482,-0.704424528928398,0.168832619032851));
#6627=CARTESIAN_POINT('',(-0.0463227340248371,-0.704424660975404,0.168757848124734));
#6628=CARTESIAN_POINT('',(-0.046230862319627,-0.704424342433016,0.168783138442042));
#6629=CARTESIAN_POINT('',(-0.0461388098195111,-0.704424264921365,0.16880796700703));
#6630=CARTESIAN_POINT('',(-0.0460465830143206,-0.704424425180898,0.168832328707939));
#6631=CARTESIAN_POINT('',(-0.0463226303699134,-0.704424532352367,0.168757470463466));
#6632=CARTESIAN_POINT('',(-0.169309931263767,-0.704424528928398,-0.0442622545229974));
#6633=CARTESIAN_POINT('',(-0.192305747727796,-0.704424528928398,0.043700280301254));
#6634=CARTESIAN_POINT('',(-0.13399842671729,-0.704424528928398,0.144691522712445));
#6635=CARTESIAN_POINT('',(-0.0463227287395478,-0.704424528928398,0.168757828861722));
#6636=CARTESIAN_POINT('',(-0.167860978655993,-0.709946921255209,-0.0422842535444523));
#6637=CARTESIAN_POINT('',(-0.122987195629324,-0.704424528928398,-0.124495567357381));
#6638=CARTESIAN_POINT('',(-0.145158556777902,-0.704424528928398,-0.102593708718921));
#6639=CARTESIAN_POINT('',(-0.161307692005506,-0.704424528928398,-0.0746719741999288));
#6640=CARTESIAN_POINT('',(-0.169239506104663,-0.704424528928398,-0.044528830036581));
#6641=CARTESIAN_POINT('',(-0.122987207274187,-0.704424531496375,-0.124495579145159));
#6642=CARTESIAN_POINT('',(0.122987202495722,-0.704424528928398,-0.12449557430799));
#6643=CARTESIAN_POINT('',(0.0583073209973477,-0.704424528928398,-0.188391802968781));
#6644=CARTESIAN_POINT('',(-0.058307320997347,-0.704424528928398,-0.188391802968781));
#6645=CARTESIAN_POINT('',(-0.122987202495721,-0.704424528928398,-0.124495574307991));
#6646=CARTESIAN_POINT('',(0.122987207274187,-0.704424531496375,-0.124495579145158));
#6647=CARTESIAN_POINT('',(0.169475659979028,-0.704424528928398,-0.0436298694914734));
#6648=CARTESIAN_POINT('',(0.159169438827047,-0.704424528928398,-0.0828650696012571));
#6649=CARTESIAN_POINT('',(0.14540027065243,-0.704424528928398,-0.102354932581603));
#6650=CARTESIAN_POINT('',(0.122987195629324,-0.704424528928398,-0.12449556735738));
#6651=CARTESIAN_POINT('',(1.71900153207138E-17,-0.516245997850354,0.112234611216645));
#6652=CARTESIAN_POINT('',(-0.00777583724667054,-0.516245997902875,0.112234611204857));
#6653=CARTESIAN_POINT('',(-0.0155982614206436,-0.516406129786906,0.111380421420689));
#6654=CARTESIAN_POINT('',(-0.0231852447527841,-0.5167169318827,0.109705688348889));
#6655=CARTESIAN_POINT('',(-0.0348269433639352,-0.517193836097267,0.107135926847841));
#6656=CARTESIAN_POINT('',(-0.046171553430754,-0.51804417871627,0.102544710949893));
#6657=CARTESIAN_POINT('',(-0.0562990075910604,-0.51916063442673,0.0963359705597264));
#6658=CARTESIAN_POINT('',(-0.0664539549145425,-0.520280120997517,0.0901103752018687));
#6659=CARTESIAN_POINT('',(-0.075661027750223,-0.521695968450545,0.0820949524078945));
#6660=CARTESIAN_POINT('',(-0.0832180261617346,-0.523238230465574,0.07294905465152));
#6661=CARTESIAN_POINT('',(-0.0909351207644893,-0.524813165542189,0.0636093996232021));
#6662=CARTESIAN_POINT('',(-0.0971411295534229,-0.526559531583479,0.0528407222918201));
#6663=CARTESIAN_POINT('',(-0.101365847072958,-0.528276337093844,0.0415063733307585));
#6664=CARTESIAN_POINT('',(-0.105671189953442,-0.530025906466719,0.0299557173688434));
#6665=CARTESIAN_POINT('',(-0.108036188421881,-0.531788566237872,0.0175004670176718));
#6666=CARTESIAN_POINT('',(-0.108265258112789,-0.533385175560843,0.00515490144917451));
#6667=CARTESIAN_POINT('',(-0.108495727505832,-0.534991540768456,-0.00726610017734306));
#6668=CARTESIAN_POINT('',(-0.106566950671372,-0.536473545693197,-0.0199223772341455));
#6669=CARTESIAN_POINT('',(-0.102615183832356,-0.537730662838349,-0.0317426142055744));
#6670=CARTESIAN_POINT('',(-0.0986931561605792,-0.538978319502015,-0.0434738975472942));
#6671=CARTESIAN_POINT('',(-0.0926654743461827,-0.540043543049377,-0.0547094631006343));
#6672=CARTESIAN_POINT('',(-0.0850188783198562,-0.540899478616741,-0.0644746512998948));
#6673=CARTESIAN_POINT('',(-0.0774699201781906,-0.541744484910751,-0.0741151497266333));
#6674=CARTESIAN_POINT('',(-0.0681308966382792,-0.542412123180479,-0.0825918833460408));
#6675=CARTESIAN_POINT('',(-0.0577790990497406,-0.542907558703458,-0.0891672042436079));
#6676=CARTESIAN_POINT('',(-0.0475418919966731,-0.54339750994012,-0.0956697387930937));
#6677=CARTESIAN_POINT('',(-0.0360291105915189,-0.543732533926059,-0.100494238646679));
#6678=CARTESIAN_POINT('',(-0.0242037642616649,-0.543921313024949,-0.103223517426827));
#6679=CARTESIAN_POINT('',(-0.0124620493409484,-0.544108757037185,-0.105933494156621));
#6680=CARTESIAN_POINT('',(-8.71431573704348E-5,-0.544155754362386,-0.1066536117479));
#6681=CARTESIAN_POINT('',(0.011890546980024,-0.544065287938348,-0.105321795990443));
#6682=CARTESIAN_POINT('',(0.0238339506822816,-0.543975080476693,-0.103993792588628));
#6683=CARTESIAN_POINT('',(0.0357112364019217,-0.543743829156567,-0.100589964178175));
#6684=CARTESIAN_POINT('',(0.0465431748450773,-0.543367969926964,-0.0953991586703874));
#6685=CARTESIAN_POINT('',(0.0573881319903803,-0.542991658959255,-0.0902021144315391));
#6686=CARTESIAN_POINT('',(0.0674823247649468,-0.542457497998748,-0.0830727380272006));
#6687=CARTESIAN_POINT('',(0.076007577680704,-0.541760797393387,-0.0746111397598942));
#6688=CARTESIAN_POINT('',(0.0845779338169108,-0.541060410863243,-0.0661047750398177));
#6689=CARTESIAN_POINT('',(0.091796820825878,-0.540172546084403,-0.0560222039316108));
#6690=CARTESIAN_POINT('',(0.0970974049894785,-0.539108066438567,-0.0452022927974022));
#6691=CARTESIAN_POINT('',(0.102447806583124,-0.538033582302913,-0.03428069095338));
#6692=CARTESIAN_POINT('',(0.105990549193407,-0.536745962130896,-0.0223133437727352));
#6693=CARTESIAN_POINT('',(0.107466196147239,-0.535306397364528,-0.0102795239485279));
#6694=CARTESIAN_POINT('',(0.108960184583438,-0.533848939597594,0.00190386965655883));
#6695=CARTESIAN_POINT('',(0.108378055199621,-0.532194976556376,0.0144862697658493));
#6696=CARTESIAN_POINT('',(0.105780917843381,-0.530489940836605,0.0264503407733908));
#6697=CARTESIAN_POINT('',(0.103154934508928,-0.52876596756503,0.0385472947533367));
#6698=CARTESIAN_POINT('',(0.0983957514128474,-0.526945088846798,0.0503465127846707));
#6699=CARTESIAN_POINT('',(0.0918806010993543,-0.525236444644198,0.0608744527203076));
#6700=CARTESIAN_POINT('',(0.085358825033582,-0.523526062791249,0.0714130993194393));
#6701=CARTESIAN_POINT('',(0.0768902157703828,-0.521883036448461,0.0809732811425808));
#6702=CARTESIAN_POINT('',(0.0671629512882691,-0.520516660183493,0.0887215314530644));
#6703=CARTESIAN_POINT('',(0.057573010173303,-0.519169573554357,0.0963603968666848));
#6704=CARTESIAN_POINT('',(0.046483926535301,-0.51805569837001,0.102452001353476));
#6705=CARTESIAN_POINT('',(0.0348346274427187,-0.517321175566158,0.10643799993407));
#6706=CARTESIAN_POINT('',(0.0237119574858934,-0.516619858288777,0.110243803726039));
#6707=CARTESIAN_POINT('',(0.0117766623198164,-0.516245997770809,0.112234611234498));
#6708=CARTESIAN_POINT('',(1.71900153207138E-17,-0.516245997850354,0.112234611216645));
#6709=CARTESIAN_POINT('',(1.71900153207138E-17,-0.516245997850354,0.112234611216645));
#6710=CARTESIAN_POINT('',(0.174122801493658,-0.56,0.3));
#6711=CARTESIAN_POINT('',(0.174122801493658,-0.56,0.0326371701766504));
#6712=CARTESIAN_POINT('',(0.175,-0.567440755324889,0.));
#6713=CARTESIAN_POINT('',(0.175,-0.704424528928404,0.));
#6714=CARTESIAN_POINT('',(0.175,-0.706779782240988,0.));
#6715=CARTESIAN_POINT('',(0.175,-0.709135035553572,0.));
#6716=CARTESIAN_POINT('',(0.175,-0.711490288866156,0.));
#6717=CARTESIAN_POINT('',(0.174122801493658,-0.56294524311274,0.3));
#6718=CARTESIAN_POINT('',(0.174122801493658,-0.56294524311274,0.042746606658651));
#6719=CARTESIAN_POINT('',(0.175,-0.570637604751331,0.0114537232162129));
#6720=CARTESIAN_POINT('',(0.175,-0.704424528928404,0.0114537232162129));
#6721=CARTESIAN_POINT('',(0.175,-0.706724816678255,0.0114537232162129));
#6722=CARTESIAN_POINT('',(0.175,-0.709025104428106,0.0114537232162129));
#6723=CARTESIAN_POINT('',(0.175,-0.711325392177956,0.0114537232162129));
#6724=CARTESIAN_POINT('',(0.173000390613418,-0.565890413398541,0.3));
#6725=CARTESIAN_POINT('',(0.173000390613418,-0.565890413398541,0.052853654345275));
#6726=CARTESIAN_POINT('',(0.1738719346211,-0.573832339579963,0.022907163216548));
#6727=CARTESIAN_POINT('',(0.1738719346211,-0.704424528928404,0.022907163216548));
#6728=CARTESIAN_POINT('',(0.1738719346211,-0.706669887473211,0.022907163216548));
#6729=CARTESIAN_POINT('',(0.1738719346211,-0.708915246018018,0.022907163216548));
#6730=CARTESIAN_POINT('',(0.1738719346211,-0.711160604562824,0.022907163216548));
#6731=CARTESIAN_POINT('',(0.16855377076169,-0.571667715582911,0.3));
#6732=CARTESIAN_POINT('',(0.16855377076169,-0.571667715582911,0.072674246347962));
#6733=CARTESIAN_POINT('',(0.16940291352003,-0.580093876578159,0.045374449489097));
#6734=CARTESIAN_POINT('',(0.16940291352003,-0.704424528928404,0.045374449489097));
#6735=CARTESIAN_POINT('',(0.16940291352003,-0.706562228694591,0.045374449489097));
#6736=CARTESIAN_POINT('',(0.16940291352003,-0.708699928460778,0.045374449489097));
#6737=CARTESIAN_POINT('',(0.16940291352003,-0.710837628226965,0.045374449489097));
#6738=CARTESIAN_POINT('',(0.16522967174164,-0.574499704626298,0.3));
#6739=CARTESIAN_POINT('',(0.16522967174164,-0.574499704626298,0.082387276033615));
#6740=CARTESIAN_POINT('',(0.166062068303215,-0.583160500575931,0.0563877402133829));
#6741=CARTESIAN_POINT('',(0.166062068303215,-0.704424528928404,0.0563877402133829));
#6742=CARTESIAN_POINT('',(0.166062068303215,-0.706509502184442,0.0563877402133829));
#6743=CARTESIAN_POINT('',(0.166062068303215,-0.708594475440479,0.0563877402133829));
#6744=CARTESIAN_POINT('',(0.166062068303215,-0.710679448696517,0.0563877402133829));
#6745=CARTESIAN_POINT('',(0.156507313145393,-0.57994180428656,0.3));
#6746=CARTESIAN_POINT('',(0.156507313145393,-0.57994180428656,0.10104541938667));
#6747=CARTESIAN_POINT('',(0.157295768075735,-0.589046894338526,0.077551461114399));
#6748=CARTESIAN_POINT('',(0.157295768075735,-0.704424528928404,0.077551461114399));
#6749=CARTESIAN_POINT('',(0.157295768075735,-0.706408293493487,0.077551461114399));
#6750=CARTESIAN_POINT('',(0.157295768075735,-0.708392058058569,0.077551461114399));
#6751=CARTESIAN_POINT('',(0.157295768075735,-0.710375822623651,0.077551461114399));
#6752=CARTESIAN_POINT('',(0.1511092692467,-0.582551780336795,0.3));
#6753=CARTESIAN_POINT('',(0.1511092692467,-0.582551780336795,0.109990034238047));
#6754=CARTESIAN_POINT('',(0.151870529829119,-0.591866482902547,0.087701367976425));
#6755=CARTESIAN_POINT('',(0.151870529829119,-0.704424528928404,0.087701367976425));
#6756=CARTESIAN_POINT('',(0.151870529829119,-0.706359814428187,0.087701367976425));
#6757=CARTESIAN_POINT('',(0.151870529829119,-0.708295099927969,0.087701367976425));
#6758=CARTESIAN_POINT('',(0.151870529829119,-0.710230385427752,0.087701367976425));
#6759=CARTESIAN_POINT('',(0.138446367255231,-0.587449540634969,0.3));
#6760=CARTESIAN_POINT('',(0.138446367255231,-0.587449540634969,0.126767171295221));
#6761=CARTESIAN_POINT('',(0.139143834476772,-0.597150061105033,0.106748213580436));
#6762=CARTESIAN_POINT('',(0.139143834476772,-0.704424528928404,0.106748213580436));
#6763=CARTESIAN_POINT('',(0.139143834476772,-0.706268970346904,0.106748213580436));
#6764=CARTESIAN_POINT('',(0.139143834476772,-0.708113411765403,0.106748213580436));
#6765=CARTESIAN_POINT('',(0.139143834476772,-0.709957853183903,0.106748213580436));
#6766=CARTESIAN_POINT('',(0.131181822277662,-0.589737203776133,0.3));
#6767=CARTESIAN_POINT('',(0.131181822277662,-0.589737203776133,0.134599237682361));
#6768=CARTESIAN_POINT('',(0.131842692063663,-0.59961388110396,0.115644681351628));
#6769=CARTESIAN_POINT('',(0.131842692063663,-0.704424528928404,0.115644681351628));
#6770=CARTESIAN_POINT('',(0.131842692063663,-0.706226608247646,0.115644681351628));
#6771=CARTESIAN_POINT('',(0.131842692063663,-0.708028687566888,0.115644681351628));
#6772=CARTESIAN_POINT('',(0.131842692063663,-0.70983076688613,0.115644681351628));
#6773=CARTESIAN_POINT('',(0.115065005113068,-0.593902406530656,0.3));
#6774=CARTESIAN_POINT('',(0.115065005113068,-0.593902406530656,0.148851294291935));
#6775=CARTESIAN_POINT('',(0.115644681351628,-0.604092228660753,0.131842692063664));
#6776=CARTESIAN_POINT('',(0.115644681351628,-0.704424528928404,0.131842692063664));
#6777=CARTESIAN_POINT('',(0.115644681351628,-0.706149609033501,0.131842692063664));
#6778=CARTESIAN_POINT('',(0.115644681351628,-0.707874689138598,0.131842692063664));
#6779=CARTESIAN_POINT('',(0.115644681351628,-0.709599769243696,0.131842692063664));
#6780=CARTESIAN_POINT('',(0.106213131446108,-0.59577984315117,0.3));
#6781=CARTESIAN_POINT('',(0.106213131446108,-0.59577984315117,0.155270920476293));
#6782=CARTESIAN_POINT('',(0.106748213580435,-0.606106634416197,0.139143834476772));
#6783=CARTESIAN_POINT('',(0.106748213580435,-0.704424528928404,0.139143834476772));
#6784=CARTESIAN_POINT('',(0.106748213580435,-0.706114974012845,0.139143834476772));
#6785=CARTESIAN_POINT('',(0.106748213580435,-0.707805419097285,0.139143834476772));
#6786=CARTESIAN_POINT('',(0.106748213580435,-0.709495864181725,0.139143834476772));
#6787=CARTESIAN_POINT('',(0.0872617593536082,-0.599052421956059,0.3));
#6788=CARTESIAN_POINT('',(0.0872617593536082,-0.599052421956059,0.166454477291858));
#6789=CARTESIAN_POINT('',(0.0877013679764252,-0.609611723522984,0.151870529829119));
#6790=CARTESIAN_POINT('',(0.0877013679764252,-0.704424528928404,0.151870529829119));
#6791=CARTESIAN_POINT('',(0.0877013679764252,-0.70605470867986,0.151870529829119));
#6792=CARTESIAN_POINT('',(0.0877013679764252,-0.707684888431317,0.151870529829119));
#6793=CARTESIAN_POINT('',(0.0877013679764252,-0.709315068182773,0.151870529829119));
#6794=CARTESIAN_POINT('',(0.0771627295380898,-0.600447483219475,0.3));
#6795=CARTESIAN_POINT('',(0.0771627295380898,-0.600447483219475,0.171218198204385));
#6796=CARTESIAN_POINT('',(0.0775514611143991,-0.611102383794726,0.157295768075735));
#6797=CARTESIAN_POINT('',(0.0775514611143991,-0.704424528928404,0.157295768075735));
#6798=CARTESIAN_POINT('',(0.0775514611143991,-0.706029078764356,0.157295768075735));
#6799=CARTESIAN_POINT('',(0.0775514611143991,-0.707633628600307,0.157295768075735));
#6800=CARTESIAN_POINT('',(0.0775514611143991,-0.709238178436259,0.157295768075735));
#6801=CARTESIAN_POINT('',(0.0561050931191474,-0.602701674706541,0.3));
#6802=CARTESIAN_POINT('',(0.0561050931191474,-0.602701674706541,0.178911840140278));
#6803=CARTESIAN_POINT('',(0.0563877402133824,-0.613507474789759,0.166062068303215));
#6804=CARTESIAN_POINT('',(0.0563877402133824,-0.704424528928404,0.166062068303215));
#6805=CARTESIAN_POINT('',(0.0563877402133824,-0.705987726432002,0.166062068303215));
#6806=CARTESIAN_POINT('',(0.0563877402133824,-0.7075509239356,0.166062068303215));
#6807=CARTESIAN_POINT('',(0.0563877402133824,-0.709114121439198,0.166062068303215));
#6808=CARTESIAN_POINT('',(0.0451470072072803,-0.603560749190865,0.3));
#6809=CARTESIAN_POINT('',(0.0451470072072803,-0.603560749190865,0.181841723604131));
#6810=CARTESIAN_POINT('',(0.0453744494890965,-0.614421991351374,0.169402913520031));
#6811=CARTESIAN_POINT('',(0.0453744494890965,-0.704424528928404,0.169402913520031));
#6812=CARTESIAN_POINT('',(0.0453744494890965,-0.705972002539277,0.169402913520031));
#6813=CARTESIAN_POINT('',(0.0453744494890965,-0.707519476150151,0.169402913520031));
#6814=CARTESIAN_POINT('',(0.0453744494890965,-0.709066949761024,0.169402913520031));
#6815=CARTESIAN_POINT('',(0.0227923396202165,-0.604709926045425,0.3));
#6816=CARTESIAN_POINT('',(0.0227923396202165,-0.604709926045425,0.185760123674326));
#6817=CARTESIAN_POINT('',(0.022907163216548,-0.615644494265563,0.1738719346211));
#6818=CARTESIAN_POINT('',(0.022907163216548,-0.704424528928404,0.1738719346211));
#6819=CARTESIAN_POINT('',(0.022907163216548,-0.705950983231935,0.1738719346211));
#6820=CARTESIAN_POINT('',(0.022907163216548,-0.707477437535466,0.1738719346211));
#6821=CARTESIAN_POINT('',(0.022907163216548,-0.709003891838997,0.1738719346211));
#6822=CARTESIAN_POINT('',(0.0113963107082284,-0.605,0.3));
#6823=CARTESIAN_POINT('',(0.0113963107082284,-0.605,0.186748648487041));
#6824=CARTESIAN_POINT('',(0.0114537232162127,-0.615952550411427,0.175));
#6825=CARTESIAN_POINT('',(0.0114537232162127,-0.704424528928404,0.175));
#6826=CARTESIAN_POINT('',(0.0114537232162127,-0.705945686617315,0.175));
#6827=CARTESIAN_POINT('',(0.0114537232162127,-0.707466844306225,0.175));
#6828=CARTESIAN_POINT('',(0.0114537232162127,-0.708988001995136,0.175));
#6829=CARTESIAN_POINT('',(-0.0113963107082279,-0.605,0.3));
#6830=CARTESIAN_POINT('',(-0.0113963107082279,-0.605,0.186748721773342));
#6831=CARTESIAN_POINT('',(-0.0114537232162128,-0.615952620159191,0.175));
#6832=CARTESIAN_POINT('',(-0.0114537232162128,-0.704424528928404,0.175));
#6833=CARTESIAN_POINT('',(-0.0114537232162128,-0.705945685418095,0.175));
#6834=CARTESIAN_POINT('',(-0.0114537232162128,-0.707466841907786,0.175));
#6835=CARTESIAN_POINT('',(-0.0114537232162128,-0.708987998397477,0.175));
#6836=CARTESIAN_POINT('',(-0.0227923396202161,-0.604709926045425,0.3));
#6837=CARTESIAN_POINT('',(-0.0227923396202161,-0.604709926045425,0.185760123674326));
#6838=CARTESIAN_POINT('',(-0.0229071632165482,-0.615644494265563,0.1738719346211));
#6839=CARTESIAN_POINT('',(-0.0229071632165482,-0.704424528928404,0.1738719346211));
#6840=CARTESIAN_POINT('',(-0.0229071632165482,-0.705950983231935,0.1738719346211));
#6841=CARTESIAN_POINT('',(-0.0229071632165482,-0.707477437535466,0.1738719346211));
#6842=CARTESIAN_POINT('',(-0.0229071632165482,-0.709003891838997,0.1738719346211));
#6843=CARTESIAN_POINT('',(-0.0451470072072799,-0.603560749190865,0.3));
#6844=CARTESIAN_POINT('',(-0.0451470072072799,-0.603560749190865,0.181841723604131));
#6845=CARTESIAN_POINT('',(-0.0453744494890967,-0.614421991351374,0.169402913520031));
#6846=CARTESIAN_POINT('',(-0.0453744494890967,-0.704424528928404,0.169402913520031));
#6847=CARTESIAN_POINT('',(-0.0453744494890967,-0.705972002539277,0.169402913520031));
#6848=CARTESIAN_POINT('',(-0.0453744494890967,-0.707519476150151,0.169402913520031));
#6849=CARTESIAN_POINT('',(-0.0453744494890967,-0.709066949761024,0.169402913520031));
#6850=CARTESIAN_POINT('',(-0.0561050931191469,-0.602701674706541,0.3));
#6851=CARTESIAN_POINT('',(-0.0561050931191469,-0.602701674706541,0.178911840140278));
#6852=CARTESIAN_POINT('',(-0.0563877402133825,-0.613507474789759,0.166062068303215));
#6853=CARTESIAN_POINT('',(-0.0563877402133825,-0.704424528928404,0.166062068303215));
#6854=CARTESIAN_POINT('',(-0.0563877402133825,-0.705987726432002,0.166062068303215));
#6855=CARTESIAN_POINT('',(-0.0563877402133825,-0.7075509239356,0.166062068303215));
#6856=CARTESIAN_POINT('',(-0.0563877402133825,-0.709114121439198,0.166062068303215));
#6857=CARTESIAN_POINT('',(-0.0771627295380893,-0.600447483219475,0.3));
#6858=CARTESIAN_POINT('',(-0.0771627295380893,-0.600447483219475,0.171218198204385));
#6859=CARTESIAN_POINT('',(-0.0775514611143992,-0.611102383794726,0.157295768075735));
#6860=CARTESIAN_POINT('',(-0.0775514611143992,-0.704424528928404,0.157295768075735));
#6861=CARTESIAN_POINT('',(-0.0775514611143992,-0.706029078764356,0.157295768075735));
#6862=CARTESIAN_POINT('',(-0.0775514611143992,-0.707633628600307,0.157295768075735));
#6863=CARTESIAN_POINT('',(-0.0775514611143992,-0.709238178436259,0.157295768075735));
#6864=CARTESIAN_POINT('',(-0.0872617593536077,-0.599052421956059,0.3));
#6865=CARTESIAN_POINT('',(-0.0872617593536078,-0.599052421956059,0.166454477291858));
#6866=CARTESIAN_POINT('',(-0.0877013679764253,-0.609611723522984,0.151870529829119));
#6867=CARTESIAN_POINT('',(-0.0877013679764253,-0.704424528928404,0.151870529829119));
#6868=CARTESIAN_POINT('',(-0.0877013679764253,-0.70605470867986,0.151870529829119));
#6869=CARTESIAN_POINT('',(-0.0877013679764253,-0.707684888431317,0.151870529829119));
#6870=CARTESIAN_POINT('',(-0.0877013679764253,-0.709315068182773,0.151870529829119));
#6871=CARTESIAN_POINT('',(-0.106213131446108,-0.59577984315117,0.3));
#6872=CARTESIAN_POINT('',(-0.106213131446108,-0.59577984315117,0.155270920476293));
#6873=CARTESIAN_POINT('',(-0.106748213580436,-0.606106634416197,0.139143834476772));
#6874=CARTESIAN_POINT('',(-0.106748213580436,-0.704424528928404,0.139143834476772));
#6875=CARTESIAN_POINT('',(-0.106748213580436,-0.706114974012845,0.139143834476772));
#6876=CARTESIAN_POINT('',(-0.106748213580436,-0.707805419097285,0.139143834476772));
#6877=CARTESIAN_POINT('',(-0.106748213580436,-0.709495864181725,0.139143834476772));
#6878=CARTESIAN_POINT('',(-0.115065005113068,-0.593902406530656,0.3));
#6879=CARTESIAN_POINT('',(-0.115065005113068,-0.593902406530656,0.148851294291934));
#6880=CARTESIAN_POINT('',(-0.115644681351628,-0.604092228660753,0.131842692063664));
#6881=CARTESIAN_POINT('',(-0.115644681351628,-0.704424528928404,0.131842692063664));
#6882=CARTESIAN_POINT('',(-0.115644681351628,-0.706149609033501,0.131842692063664));
#6883=CARTESIAN_POINT('',(-0.115644681351628,-0.707874689138598,0.131842692063664));
#6884=CARTESIAN_POINT('',(-0.115644681351628,-0.709599769243696,0.131842692063664));
#6885=CARTESIAN_POINT('',(-0.131181822277662,-0.589737203776133,0.3));
#6886=CARTESIAN_POINT('',(-0.131181822277662,-0.589737203776133,0.134599237682361));
#6887=CARTESIAN_POINT('',(-0.131842692063664,-0.59961388110396,0.115644681351628));
#6888=CARTESIAN_POINT('',(-0.131842692063664,-0.704424528928404,0.115644681351628));
#6889=CARTESIAN_POINT('',(-0.131842692063664,-0.706226608247646,0.115644681351628));
#6890=CARTESIAN_POINT('',(-0.131842692063664,-0.708028687566888,0.115644681351628));
#6891=CARTESIAN_POINT('',(-0.131842692063664,-0.70983076688613,0.115644681351628));
#6892=CARTESIAN_POINT('',(-0.138446367255231,-0.587449540634969,0.3));
#6893=CARTESIAN_POINT('',(-0.138446367255231,-0.587449540634969,0.126767171295221));
#6894=CARTESIAN_POINT('',(-0.139143834476772,-0.597150061105033,0.106748213580436));
#6895=CARTESIAN_POINT('',(-0.139143834476772,-0.704424528928404,0.106748213580436));
#6896=CARTESIAN_POINT('',(-0.139143834476772,-0.706268970346904,0.106748213580436));
#6897=CARTESIAN_POINT('',(-0.139143834476772,-0.708113411765403,0.106748213580436));
#6898=CARTESIAN_POINT('',(-0.139143834476772,-0.709957853183903,0.106748213580436));
#6899=CARTESIAN_POINT('',(-0.1511092692467,-0.582551780336795,0.3));
#6900=CARTESIAN_POINT('',(-0.1511092692467,-0.582551780336795,0.109990034238047));
#6901=CARTESIAN_POINT('',(-0.151870529829119,-0.591866482902547,0.087701367976425));
#6902=CARTESIAN_POINT('',(-0.151870529829119,-0.704424528928404,0.087701367976425));
#6903=CARTESIAN_POINT('',(-0.151870529829119,-0.706359814428187,0.087701367976425));
#6904=CARTESIAN_POINT('',(-0.151870529829119,-0.708295099927969,0.087701367976425));
#6905=CARTESIAN_POINT('',(-0.151870529829119,-0.710230385427752,0.087701367976425));
#6906=CARTESIAN_POINT('',(-0.156507313145393,-0.57994180428656,0.3));
#6907=CARTESIAN_POINT('',(-0.156507313145393,-0.57994180428656,0.10104541938667));
#6908=CARTESIAN_POINT('',(-0.157295768075736,-0.589046894338526,0.077551461114399));
#6909=CARTESIAN_POINT('',(-0.157295768075736,-0.704424528928404,0.077551461114399));
#6910=CARTESIAN_POINT('',(-0.157295768075736,-0.706408293493487,0.077551461114399));
#6911=CARTESIAN_POINT('',(-0.157295768075736,-0.708392058058569,0.077551461114399));
#6912=CARTESIAN_POINT('',(-0.157295768075736,-0.710375822623651,0.077551461114399));
#6913=CARTESIAN_POINT('',(-0.16522967174164,-0.574499704626298,0.3));
#6914=CARTESIAN_POINT('',(-0.16522967174164,-0.574499704626298,0.082387276033615));
#6915=CARTESIAN_POINT('',(-0.166062068303216,-0.583160500575931,0.0563877402133829));
#6916=CARTESIAN_POINT('',(-0.166062068303216,-0.704424528928404,0.0563877402133829));
#6917=CARTESIAN_POINT('',(-0.166062068303216,-0.706509502184442,0.0563877402133829));
#6918=CARTESIAN_POINT('',(-0.166062068303216,-0.708594475440479,0.0563877402133829));
#6919=CARTESIAN_POINT('',(-0.166062068303216,-0.710679448696517,0.0563877402133829));
#6920=CARTESIAN_POINT('',(-0.16855377076169,-0.571667715582911,0.3));
#6921=CARTESIAN_POINT('',(-0.16855377076169,-0.571667715582911,0.072674246347962));
#6922=CARTESIAN_POINT('',(-0.169402913520031,-0.580093876578159,0.045374449489097));
#6923=CARTESIAN_POINT('',(-0.169402913520031,-0.704424528928404,0.045374449489097));
#6924=CARTESIAN_POINT('',(-0.169402913520031,-0.706562228694591,0.045374449489097));
#6925=CARTESIAN_POINT('',(-0.169402913520031,-0.708699928460778,0.045374449489097));
#6926=CARTESIAN_POINT('',(-0.169402913520031,-0.710837628226965,0.045374449489097));
#6927=CARTESIAN_POINT('',(-0.173000390613418,-0.565890413398541,0.3));
#6928=CARTESIAN_POINT('',(-0.173000390613418,-0.565890413398541,0.052853654345275));
#6929=CARTESIAN_POINT('',(-0.1738719346211,-0.573832339579963,0.022907163216548));
#6930=CARTESIAN_POINT('',(-0.1738719346211,-0.704424528928404,0.022907163216548));
#6931=CARTESIAN_POINT('',(-0.1738719346211,-0.706669887473211,0.022907163216548));
#6932=CARTESIAN_POINT('',(-0.1738719346211,-0.708915246018018,0.022907163216548));
#6933=CARTESIAN_POINT('',(-0.1738719346211,-0.711160604562824,0.022907163216548));
#6934=CARTESIAN_POINT('',(-0.174122801493658,-0.56294524311274,0.3));
#6935=CARTESIAN_POINT('',(-0.174122801493658,-0.56294524311274,0.042746606658651));
#6936=CARTESIAN_POINT('',(-0.175,-0.570637604751331,0.0114537232162129));
#6937=CARTESIAN_POINT('',(-0.175,-0.704424528928404,0.0114537232162129));
#6938=CARTESIAN_POINT('',(-0.175,-0.706724816678255,0.0114537232162129));
#6939=CARTESIAN_POINT('',(-0.175,-0.709025104428106,0.0114537232162129));
#6940=CARTESIAN_POINT('',(-0.175,-0.711325392177956,0.0114537232162129));
#6941=CARTESIAN_POINT('',(-0.174122801493658,-0.557054756887259,0.3));
#6942=CARTESIAN_POINT('',(-0.174122801493658,-0.557054756887259,0.0225277336946499));
#6943=CARTESIAN_POINT('',(-0.175,-0.564243905898447,-0.011453723216213));
#6944=CARTESIAN_POINT('',(-0.175,-0.704424528928404,-0.011453723216213));
#6945=CARTESIAN_POINT('',(-0.175,-0.706834747803722,-0.011453723216213));
#6946=CARTESIAN_POINT('',(-0.175,-0.709244966679039,-0.011453723216213));
#6947=CARTESIAN_POINT('',(-0.175,-0.711655185554357,-0.011453723216213));
#6948=CARTESIAN_POINT('',(-0.173000390613418,-0.554109586601459,0.3));
#6949=CARTESIAN_POINT('',(-0.173000390613418,-0.554109586601459,0.012416421816554));
#6950=CARTESIAN_POINT('',(-0.1738719346211,-0.561045112769491,-0.022907163216548));
#6951=CARTESIAN_POINT('',(-0.1738719346211,-0.704424528928404,-0.022907163216548));
#6952=CARTESIAN_POINT('',(-0.1738719346211,-0.706889746785828,-0.022907163216548));
#6953=CARTESIAN_POINT('',(-0.1738719346211,-0.709354964643251,-0.022907163216548));
#6954=CARTESIAN_POINT('',(-0.1738719346211,-0.711820182500675,-0.022907163216548));
#6955=CARTESIAN_POINT('',(-0.16855377076169,-0.548332284417089,0.3));
#6956=CARTESIAN_POINT('',(-0.16855377076169,-0.548332284417089,-0.00742110528699103));
#6957=CARTESIAN_POINT('',(-0.169402913520031,-0.554767458360586,-0.045374449489097));
#6958=CARTESIAN_POINT('',(-0.169402913520031,-0.704424528928404,-0.045374449489097));
#6959=CARTESIAN_POINT('',(-0.169402913520031,-0.706997682681831,-0.045374449489097));
#6960=CARTESIAN_POINT('',(-0.169402913520031,-0.709570836435258,-0.045374449489097));
#6961=CARTESIAN_POINT('',(-0.169402913520031,-0.712143990188685,-0.045374449489097));
#6962=CARTESIAN_POINT('',(-0.16522967174164,-0.545500295373702,0.3));
#6963=CARTESIAN_POINT('',(-0.16522967174164,-0.545500295373702,-0.0171468234892981));
#6964=CARTESIAN_POINT('',(-0.166062068303216,-0.551688758495303,-0.0563877402133821));
#6965=CARTESIAN_POINT('',(-0.166062068303216,-0.704424528928404,-0.0563877402133821));
#6966=CARTESIAN_POINT('',(-0.166062068303216,-0.707050616820419,-0.0563877402133821));
#6967=CARTESIAN_POINT('',(-0.166062068303216,-0.709676704712433,-0.0563877402133821));
#6968=CARTESIAN_POINT('',(-0.166062068303216,-0.712302792604448,-0.0563877402133821));
#6969=CARTESIAN_POINT('',(-0.156507313145393,-0.54005819571344,0.3));
#6970=CARTESIAN_POINT('',(-0.156507313145393,-0.54005819571344,-0.0358382669333991));
#6971=CARTESIAN_POINT('',(-0.157295768075736,-0.545770672494878,-0.077551461114399));
#6972=CARTESIAN_POINT('',(-0.157295768075736,-0.704424528928404,-0.077551461114399));
#6973=CARTESIAN_POINT('',(-0.157295768075736,-0.70715237041714,-0.077551461114399));
#6974=CARTESIAN_POINT('',(-0.157295768075736,-0.709880211905876,-0.077551461114399));
#6975=CARTESIAN_POINT('',(-0.157295768075736,-0.712608053394612,-0.077551461114399));
#6976=CARTESIAN_POINT('',(-0.1511092692467,-0.537448219663205,0.3));
#6977=CARTESIAN_POINT('',(-0.1511092692467,-0.537448219663205,-0.0448035272159911));
#6978=CARTESIAN_POINT('',(-0.151870529829119,-0.542931435338447,-0.087701367976425));
#6979=CARTESIAN_POINT('',(-0.151870529829119,-0.704424528928404,-0.087701367976425));
#6980=CARTESIAN_POINT('',(-0.151870529829119,-0.707201187313784,-0.087701367976425));
#6981=CARTESIAN_POINT('',(-0.151870529829119,-0.709977845699164,-0.087701367976425));
#6982=CARTESIAN_POINT('',(-0.151870529829119,-0.712754504084544,-0.087701367976425));
#6983=CARTESIAN_POINT('',(-0.138446367255231,-0.532550459365031,0.3));
#6984=CARTESIAN_POINT('',(-0.138446367255231,-0.532550459365031,-0.0616285737590851));
#6985=CARTESIAN_POINT('',(-0.139143834476772,-0.537602260899602,-0.106748213580436));
#6986=CARTESIAN_POINT('',(-0.139143834476772,-0.704424528928404,-0.106748213580436));
#6987=CARTESIAN_POINT('',(-0.139143834476772,-0.707292815361547,-0.106748213580436));
#6988=CARTESIAN_POINT('',(-0.139143834476772,-0.710161101794689,-0.106748213580436));
#6989=CARTESIAN_POINT('',(-0.139143834476772,-0.713029388227832,-0.106748213580436));
#6990=CARTESIAN_POINT('',(-0.131181822277662,-0.530262796223867,0.3));
#6991=CARTESIAN_POINT('',(-0.131181822277662,-0.530262796223867,-0.0694879430038821));
#6992=CARTESIAN_POINT('',(-0.131842692063664,-0.535112456327324,-0.115644681351628));
#6993=CARTESIAN_POINT('',(-0.131842692063664,-0.704424528928404,-0.115644681351628));
#6994=CARTESIAN_POINT('',(-0.131842692063664,-0.707335624230891,-0.115644681351628));
#6995=CARTESIAN_POINT('',(-0.131842692063664,-0.710246719533379,-0.115644681351628));
#6996=CARTESIAN_POINT('',(-0.131842692063664,-0.713157814835866,-0.115644681351628));
#6997=CARTESIAN_POINT('',(-0.115065005113068,-0.526097593469344,0.3));
#6998=CARTESIAN_POINT('',(-0.115065005113068,-0.526097593469344,-0.083798411717313));
#6999=CARTESIAN_POINT('',(-0.115644681351628,-0.530578517021996,-0.131842692063664));
#7000=CARTESIAN_POINT('',(-0.115644681351628,-0.704424528928404,-0.131842692063664));
#7001=CARTESIAN_POINT('',(-0.115644681351628,-0.707413579271018,-0.131842692063664));
#7002=CARTESIAN_POINT('',(-0.115644681351628,-0.710402629613632,-0.131842692063664));
#7003=CARTESIAN_POINT('',(-0.115644681351628,-0.713391679956245,-0.131842692063664));
#7004=CARTESIAN_POINT('',(-0.106213131446108,-0.52422015684883,0.3));
#7005=CARTESIAN_POINT('',(-0.106213131446108,-0.52422015684883,-0.0902491571223441));
#7006=CARTESIAN_POINT('',(-0.106748213580436,-0.528534494598498,-0.139143834476772));
#7007=CARTESIAN_POINT('',(-0.106748213580436,-0.704424528928404,-0.139143834476772));
#7008=CARTESIAN_POINT('',(-0.106748213580436,-0.707448723510786,-0.139143834476772));
#7009=CARTESIAN_POINT('',(-0.106748213580436,-0.710472918093169,-0.139143834476772));
#7010=CARTESIAN_POINT('',(-0.106748213580436,-0.713497112675551,-0.139143834476772));
#7011=CARTESIAN_POINT('',(-0.0872617593536078,-0.520947578043941,0.3));
#7012=CARTESIAN_POINT('',(-0.0872617593536078,-0.520947578043941,-0.101493885117097));
#7013=CARTESIAN_POINT('',(-0.0877013679764253,-0.524971187886344,-0.151870529829119));
#7014=CARTESIAN_POINT('',(-0.0877013679764253,-0.704424528928404,-0.151870529829119));
#7015=CARTESIAN_POINT('',(-0.0877013679764253,-0.707509989817859,-0.151870529829119));
#7016=CARTESIAN_POINT('',(-0.0877013679764253,-0.710595450707314,-0.151870529829119));
#7017=CARTESIAN_POINT('',(-0.0877013679764253,-0.713680911596769,-0.151870529829119));
#7018=CARTESIAN_POINT('',(-0.0771627295380895,-0.519552516780525,0.3));
#7019=CARTESIAN_POINT('',(-0.0771627295380895,-0.519552516780525,-0.106287589728032));
#7020=CARTESIAN_POINT('',(-0.077551461114399,-0.523451991641542,-0.157295768075735));
#7021=CARTESIAN_POINT('',(-0.077551461114399,-0.704424528928404,-0.157295768075735));
#7022=CARTESIAN_POINT('',(-0.077551461114399,-0.707536110371366,-0.157295768075735));
#7023=CARTESIAN_POINT('',(-0.077551461114399,-0.710647691814329,-0.157295768075735));
#7024=CARTESIAN_POINT('',(-0.077551461114399,-0.713759273257291,-0.157295768075735));
#7025=CARTESIAN_POINT('',(-0.0561050931191471,-0.517298325293459,0.3));
#7026=CARTESIAN_POINT('',(-0.0561050931191471,-0.517298325293459,-0.114033575581503));
#7027=CARTESIAN_POINT('',(-0.0563877402133823,-0.520997084089473,-0.166062068303215));
#7028=CARTESIAN_POINT('',(-0.0563877402133823,-0.704424528928404,-0.166062068303215));
#7029=CARTESIAN_POINT('',(-0.0563877402133823,-0.707578319232985,-0.166062068303215));
#7030=CARTESIAN_POINT('',(-0.0563877402133823,-0.710732109537567,-0.166062068303215));
#7031=CARTESIAN_POINT('',(-0.0563877402133823,-0.713885899842148,-0.166062068303215));
#7032=CARTESIAN_POINT('',(-0.0451470072072798,-0.516439250809135,0.3));
#7033=CARTESIAN_POINT('',(-0.0451470072072798,-0.516439250809135,-0.116985665410714));
#7034=CARTESIAN_POINT('',(-0.0453744494890967,-0.520061433369058,-0.169402913520031));
#7035=CARTESIAN_POINT('',(-0.0453744494890967,-0.704424528928404,-0.169402913520031));
#7036=CARTESIAN_POINT('',(-0.0453744494890967,-0.707594406499387,-0.169402913520031));
#7037=CARTESIAN_POINT('',(-0.0453744494890967,-0.71076428407037,-0.169402913520031));
#7038=CARTESIAN_POINT('',(-0.0453744494890967,-0.713934161641353,-0.169402913520031));
#7039=CARTESIAN_POINT('',(-0.022792339620216,-0.515290073954574,0.3));
#7040=CARTESIAN_POINT('',(-0.022792339620216,-0.515290073954574,-0.120934674408017));
#7041=CARTESIAN_POINT('',(-0.0229071632165483,-0.518809799441493,-0.1738719346211));
#7042=CARTESIAN_POINT('',(-0.0229071632165483,-0.704424528928404,-0.1738719346211));
#7043=CARTESIAN_POINT('',(-0.0229071632165483,-0.707615926675657,-0.1738719346211));
#7044=CARTESIAN_POINT('',(-0.0229071632165483,-0.71080732442291,-0.1738719346211));
#7045=CARTESIAN_POINT('',(-0.0229071632165483,-0.713998722170162,-0.1738719346211));
#7046=CARTESIAN_POINT('',(-0.011396310708228,-0.515,0.3));
#7047=CARTESIAN_POINT('',(-0.011396310708228,-0.515,-0.121931497219851));
#7048=CARTESIAN_POINT('',(-0.0114537232162128,-0.518493848263844,-0.175));
#7049=CARTESIAN_POINT('',(-0.0114537232162128,-0.704424528928404,-0.175));
#7050=CARTESIAN_POINT('',(-0.0114537232162128,-0.70762135903482,-0.175));
#7051=CARTESIAN_POINT('',(-0.0114537232162128,-0.710818189141237,-0.175));
#7052=CARTESIAN_POINT('',(-0.0114537232162128,-0.714015019247653,-0.175));
#7053=CARTESIAN_POINT('',(0.0113963107082283,-0.515,0.3));
#7054=CARTESIAN_POINT('',(0.0113963107082283,-0.515,-0.121931494793884));
#7055=CARTESIAN_POINT('',(0.0114537232162128,-0.51849384595501,-0.175));
#7056=CARTESIAN_POINT('',(0.0114537232162128,-0.704424528928404,-0.175));
#7057=CARTESIAN_POINT('',(0.0114537232162128,-0.707621359074518,-0.175));
#7058=CARTESIAN_POINT('',(0.0114537232162128,-0.710818189220631,-0.175));
#7059=CARTESIAN_POINT('',(0.0114537232162128,-0.714015019366745,-0.175));
#7060=CARTESIAN_POINT('',(0.0227923396202164,-0.515290073954574,0.3));
#7061=CARTESIAN_POINT('',(0.0227923396202164,-0.515290073954574,-0.120934674408017));
#7062=CARTESIAN_POINT('',(0.0229071632165481,-0.518809799441493,-0.1738719346211));
#7063=CARTESIAN_POINT('',(0.0229071632165482,-0.704424528928404,-0.1738719346211));
#7064=CARTESIAN_POINT('',(0.0229071632165482,-0.707615926675657,-0.1738719346211));
#7065=CARTESIAN_POINT('',(0.0229071632165482,-0.71080732442291,-0.1738719346211));
#7066=CARTESIAN_POINT('',(0.0229071632165482,-0.713998722170162,-0.1738719346211));
#7067=CARTESIAN_POINT('',(0.0451470072072802,-0.516439250809135,0.3));
#7068=CARTESIAN_POINT('',(0.0451470072072802,-0.516439250809135,-0.116985665410714));
#7069=CARTESIAN_POINT('',(0.0453744494890967,-0.520061433369058,-0.169402913520031));
#7070=CARTESIAN_POINT('',(0.0453744494890967,-0.704424528928404,-0.169402913520031));
#7071=CARTESIAN_POINT('',(0.0453744494890967,-0.707594406499387,-0.169402913520031));
#7072=CARTESIAN_POINT('',(0.0453744494890967,-0.71076428407037,-0.169402913520031));
#7073=CARTESIAN_POINT('',(0.0453744494890967,-0.713934161641353,-0.169402913520031));
#7074=CARTESIAN_POINT('',(0.0561050931191475,-0.517298325293459,0.3));
#7075=CARTESIAN_POINT('',(0.0561050931191475,-0.517298325293459,-0.114033575581503));
#7076=CARTESIAN_POINT('',(0.0563877402133823,-0.520997084089474,-0.166062068303215));
#7077=CARTESIAN_POINT('',(0.0563877402133824,-0.704424528928404,-0.166062068303215));
#7078=CARTESIAN_POINT('',(0.0563877402133824,-0.707578319232985,-0.166062068303215));
#7079=CARTESIAN_POINT('',(0.0563877402133824,-0.710732109537567,-0.166062068303215));
#7080=CARTESIAN_POINT('',(0.0563877402133824,-0.713885899842148,-0.166062068303215));
#7081=CARTESIAN_POINT('',(0.0771627295380899,-0.519552516780525,0.3));
#7082=CARTESIAN_POINT('',(0.0771627295380899,-0.519552516780525,-0.106287589728032));
#7083=CARTESIAN_POINT('',(0.077551461114399,-0.523451991641542,-0.157295768075735));
#7084=CARTESIAN_POINT('',(0.077551461114399,-0.704424528928404,-0.157295768075735));
#7085=CARTESIAN_POINT('',(0.077551461114399,-0.707536110371366,-0.157295768075735));
#7086=CARTESIAN_POINT('',(0.077551461114399,-0.710647691814329,-0.157295768075735));
#7087=CARTESIAN_POINT('',(0.077551461114399,-0.713759273257291,-0.157295768075735));
#7088=CARTESIAN_POINT('',(0.0872617593536081,-0.520947578043941,0.3));
#7089=CARTESIAN_POINT('',(0.0872617593536081,-0.520947578043941,-0.101493885117097));
#7090=CARTESIAN_POINT('',(0.0877013679764253,-0.524971187886344,-0.151870529829119));
#7091=CARTESIAN_POINT('',(0.0877013679764253,-0.704424528928404,-0.151870529829119));
#7092=CARTESIAN_POINT('',(0.0877013679764253,-0.707509989817859,-0.151870529829119));
#7093=CARTESIAN_POINT('',(0.0877013679764253,-0.710595450707314,-0.151870529829119));
#7094=CARTESIAN_POINT('',(0.0877013679764253,-0.713680911596769,-0.151870529829119));
#7095=CARTESIAN_POINT('',(0.106213131446107,-0.52422015684883,0.3));
#7096=CARTESIAN_POINT('',(0.106213131446107,-0.52422015684883,-0.0902491571223441));
#7097=CARTESIAN_POINT('',(0.106748213580435,-0.528534494598498,-0.139143834476772));
#7098=CARTESIAN_POINT('',(0.106748213580435,-0.704424528928404,-0.139143834476772));
#7099=CARTESIAN_POINT('',(0.106748213580435,-0.707448723510786,-0.139143834476772));
#7100=CARTESIAN_POINT('',(0.106748213580435,-0.710472918093169,-0.139143834476772));
#7101=CARTESIAN_POINT('',(0.106748213580435,-0.713497112675551,-0.139143834476772));
#7102=CARTESIAN_POINT('',(0.115065005113068,-0.526097593469344,0.3));
#7103=CARTESIAN_POINT('',(0.115065005113068,-0.526097593469344,-0.083798411717313));
#7104=CARTESIAN_POINT('',(0.115644681351628,-0.530578517021996,-0.131842692063664));
#7105=CARTESIAN_POINT('',(0.115644681351628,-0.704424528928404,-0.131842692063664));
#7106=CARTESIAN_POINT('',(0.115644681351628,-0.707413579271018,-0.131842692063664));
#7107=CARTESIAN_POINT('',(0.115644681351628,-0.710402629613632,-0.131842692063664));
#7108=CARTESIAN_POINT('',(0.115644681351628,-0.713391679956245,-0.131842692063664));
#7109=CARTESIAN_POINT('',(0.131181822277662,-0.530262796223867,0.3));
#7110=CARTESIAN_POINT('',(0.131181822277662,-0.530262796223867,-0.0694879430038821));
#7111=CARTESIAN_POINT('',(0.131842692063663,-0.535112456327324,-0.115644681351628));
#7112=CARTESIAN_POINT('',(0.131842692063663,-0.704424528928404,-0.115644681351628));
#7113=CARTESIAN_POINT('',(0.131842692063663,-0.707335624230891,-0.115644681351628));
#7114=CARTESIAN_POINT('',(0.131842692063663,-0.710246719533379,-0.115644681351628));
#7115=CARTESIAN_POINT('',(0.131842692063663,-0.713157814835866,-0.115644681351628));
#7116=CARTESIAN_POINT('',(0.138446367255231,-0.532550459365031,0.3));
#7117=CARTESIAN_POINT('',(0.138446367255231,-0.532550459365031,-0.0616285737590851));
#7118=CARTESIAN_POINT('',(0.139143834476772,-0.537602260899602,-0.106748213580436));
#7119=CARTESIAN_POINT('',(0.139143834476772,-0.704424528928404,-0.106748213580436));
#7120=CARTESIAN_POINT('',(0.139143834476772,-0.707292815361547,-0.106748213580436));
#7121=CARTESIAN_POINT('',(0.139143834476772,-0.710161101794689,-0.106748213580436));
#7122=CARTESIAN_POINT('',(0.139143834476772,-0.713029388227832,-0.106748213580436));
#7123=CARTESIAN_POINT('',(0.1511092692467,-0.537448219663205,0.3));
#7124=CARTESIAN_POINT('',(0.1511092692467,-0.537448219663205,-0.0448035272159911));
#7125=CARTESIAN_POINT('',(0.151870529829119,-0.542931435338447,-0.087701367976425));
#7126=CARTESIAN_POINT('',(0.151870529829119,-0.704424528928404,-0.087701367976425));
#7127=CARTESIAN_POINT('',(0.151870529829119,-0.707201187313784,-0.087701367976425));
#7128=CARTESIAN_POINT('',(0.151870529829119,-0.709977845699164,-0.087701367976425));
#7129=CARTESIAN_POINT('',(0.151870529829119,-0.712754504084544,-0.087701367976425));
#7130=CARTESIAN_POINT('',(0.156507313145393,-0.54005819571344,0.3));
#7131=CARTESIAN_POINT('',(0.156507313145393,-0.54005819571344,-0.0358382669333991));
#7132=CARTESIAN_POINT('',(0.157295768075735,-0.545770672494878,-0.077551461114399));
#7133=CARTESIAN_POINT('',(0.157295768075735,-0.704424528928404,-0.077551461114399));
#7134=CARTESIAN_POINT('',(0.157295768075735,-0.70715237041714,-0.077551461114399));
#7135=CARTESIAN_POINT('',(0.157295768075735,-0.709880211905876,-0.077551461114399));
#7136=CARTESIAN_POINT('',(0.157295768075735,-0.712608053394612,-0.077551461114399));
#7137=CARTESIAN_POINT('',(0.16522967174164,-0.545500295373701,0.3));
#7138=CARTESIAN_POINT('',(0.16522967174164,-0.545500295373701,-0.0171468234892981));
#7139=CARTESIAN_POINT('',(0.166062068303215,-0.551688758495303,-0.0563877402133821));
#7140=CARTESIAN_POINT('',(0.166062068303215,-0.704424528928404,-0.0563877402133821));
#7141=CARTESIAN_POINT('',(0.166062068303215,-0.707050616820419,-0.0563877402133821));
#7142=CARTESIAN_POINT('',(0.166062068303215,-0.709676704712433,-0.0563877402133821));
#7143=CARTESIAN_POINT('',(0.166062068303215,-0.712302792604448,-0.0563877402133821));
#7144=CARTESIAN_POINT('',(0.16855377076169,-0.548332284417089,0.3));
#7145=CARTESIAN_POINT('',(0.16855377076169,-0.548332284417089,-0.00742110528699103));
#7146=CARTESIAN_POINT('',(0.16940291352003,-0.554767458360586,-0.045374449489097));
#7147=CARTESIAN_POINT('',(0.16940291352003,-0.704424528928404,-0.045374449489097));
#7148=CARTESIAN_POINT('',(0.16940291352003,-0.706997682681831,-0.045374449489097));
#7149=CARTESIAN_POINT('',(0.16940291352003,-0.709570836435258,-0.045374449489097));
#7150=CARTESIAN_POINT('',(0.16940291352003,-0.712143990188685,-0.045374449489097));
#7151=CARTESIAN_POINT('',(0.173000390613418,-0.554109586601459,0.3));
#7152=CARTESIAN_POINT('',(0.173000390613418,-0.554109586601459,0.012416421816554));
#7153=CARTESIAN_POINT('',(0.1738719346211,-0.561045112769491,-0.022907163216548));
#7154=CARTESIAN_POINT('',(0.1738719346211,-0.704424528928404,-0.022907163216548));
#7155=CARTESIAN_POINT('',(0.1738719346211,-0.706889746785828,-0.022907163216548));
#7156=CARTESIAN_POINT('',(0.1738719346211,-0.709354964643251,-0.022907163216548));
#7157=CARTESIAN_POINT('',(0.1738719346211,-0.711820182500675,-0.022907163216548));
#7158=CARTESIAN_POINT('',(0.174122801493658,-0.557054756887259,0.3));
#7159=CARTESIAN_POINT('',(0.174122801493658,-0.557054756887259,0.0225277336946499));
#7160=CARTESIAN_POINT('',(0.175,-0.564243905898447,-0.011453723216213));
#7161=CARTESIAN_POINT('',(0.175,-0.704424528928404,-0.011453723216213));
#7162=CARTESIAN_POINT('',(0.175,-0.706834747803722,-0.011453723216213));
#7163=CARTESIAN_POINT('',(0.175,-0.709244966679039,-0.011453723216213));
#7164=CARTESIAN_POINT('',(0.175,-0.711655185554357,-0.011453723216213));
#7165=CARTESIAN_POINT('',(0.174122801493658,-0.56,0.3));
#7166=CARTESIAN_POINT('',(0.174122801493658,-0.56,0.0326371701766504));
#7167=CARTESIAN_POINT('',(0.175,-0.567440755324889,0.));
#7168=CARTESIAN_POINT('',(0.175,-0.704424528928404,0.));
#7169=CARTESIAN_POINT('',(0.175,-0.706779782240988,0.));
#7170=CARTESIAN_POINT('',(0.175,-0.709135035553572,0.));
#7171=CARTESIAN_POINT('',(0.175,-0.711490288866156,0.));
#7172=CARTESIAN_POINT('',(2.045977848836E-16,-0.459369136889803,0.42));
#7173=CARTESIAN_POINT('',(-0.224999999999921,-0.459369136889803,0.42));
#7174=CARTESIAN_POINT('',(0.224999999999921,-0.459369136889803,0.42));
#7175=CARTESIAN_POINT('',(-0.224999999999921,-0.5,0.42));
#7176=CARTESIAN_POINT('',(-0.224999999999921,-0.505,0.41999999999964));
#7177=CARTESIAN_POINT('',(-0.224999999999921,-0.505,0.42));
#7178=CARTESIAN_POINT('',(-0.224999999999921,-0.505,0.537809724509576));
#7179=CARTESIAN_POINT('',(-0.117809724509576,-0.505,0.644999999999921));
#7180=CARTESIAN_POINT('',(0.117809724509576,-0.505,0.644999999999921));
#7181=CARTESIAN_POINT('',(0.224999999999921,-0.505,0.537809724509576));
#7182=CARTESIAN_POINT('',(0.224999999999921,-0.505,0.42));
#7183=CARTESIAN_POINT('',(0.224999999999921,-0.505,0.42));
#7184=CARTESIAN_POINT('',(0.224999999999921,-0.5,0.42));
#7185=CARTESIAN_POINT('',(2.02145180503834E-16,-0.499424528928404,0.42));
#7186=CARTESIAN_POINT('',(0.224999999999921,-0.459369136889803,0.42));
#7187=CARTESIAN_POINT('',(0.224999999999921,-0.459369136889803,0.));
#7188=CARTESIAN_POINT('',(0.224999999999921,-0.505,0.42));
#7189=CARTESIAN_POINT('',(0.224999999999921,-0.505000000002422,1.51373358292517E-12));
#7190=CARTESIAN_POINT('',(0.224999999999921,-0.5,0.));
#7191=CARTESIAN_POINT('',(0.224999999999921,-0.5,0.42));
#7192=CARTESIAN_POINT('',(-0.224999999999921,-0.459369136889803,0.42));
#7193=CARTESIAN_POINT('',(-0.224999999999921,-0.459369136889803,7.43452918275514E-17));
#7194=CARTESIAN_POINT('',(-0.224999999999921,-0.5,0.));
#7195=CARTESIAN_POINT('',(-0.224999999999921,-0.505,0.));
#7196=CARTESIAN_POINT('',(-0.224999999999921,-0.505,0.));
#7197=CARTESIAN_POINT('',(-0.224999999999921,-0.5,0.42));
#7198=CARTESIAN_POINT('',(-2.81273181892582E-17,-0.459369136889803,0.));
#7199=CARTESIAN_POINT('',(0.224998535382155,-0.687226830834906,0.000811834865914773));
#7200=CARTESIAN_POINT('',(0.224969263024421,-0.604475163641119,0.00892461480888086));
#7201=CARTESIAN_POINT('',(0.224999999999504,-0.620059919059373,0.046383995736804));
#7202=CARTESIAN_POINT('',(0.22499999999992,-0.505000000005031,2.02783733539153E-12));
#7203=CARTESIAN_POINT('',(0.224998535382155,-0.687226830834903,0.000811834865893924));
#7204=CARTESIAN_POINT('',(0.224998535382155,-0.687226830834904,0.000811834865893888));
#7205=CARTESIAN_POINT('',(0.225000420563826,-0.692611578560711,0.000289360243668833));
#7206=CARTESIAN_POINT('',(0.225000420563813,-0.698344144540748,0.000289360239759854));
#7207=CARTESIAN_POINT('',(0.224998535382198,-0.704424528775015,0.000811834854167245));
#7208=CARTESIAN_POINT('',(0.22499850972929,-0.70442452887727,0.000811834761315248));
#7209=CARTESIAN_POINT('',(-4.72870418468261E-16,-0.704424528928398,-7.21644966006352E-16));
#7210=CARTESIAN_POINT('',(-0.224996223513238,-0.7044245287686,0.00128881142625092));
#7211=CARTESIAN_POINT('',(-0.224996308778196,-0.7044245287686,0.00128881191466119));
#7212=CARTESIAN_POINT('',(-0.22500111734767,-0.698422334757805,0.000449348553182371));
#7213=CARTESIAN_POINT('',(-0.225001117347715,-0.692775286862105,0.000449348561407519));
#7214=CARTESIAN_POINT('',(-0.224996308778054,-0.6874833850815,0.00128881193933505));
#7215=CARTESIAN_POINT('',(-0.224996308778054,-0.6874833850815,0.00128881193933494));
#7216=CARTESIAN_POINT('',(-0.224996308778054,-0.68748338508151,0.0012888119393924));
#7217=CARTESIAN_POINT('',(-0.224941259692548,-0.627818343650006,0.0108990899495892));
#7218=CARTESIAN_POINT('',(-0.224999999999921,-0.651117667345441,0.101679314758566));
#7219=CARTESIAN_POINT('',(-0.224999999999921,-0.505,5.05845365594659E-16));
#7220=CARTESIAN_POINT('',(-3.0579922569024E-17,-0.499424528928404,0.));
#7221=CARTESIAN_POINT('',(3.44460226744919E-16,-0.505,0.52));
#7222=CARTESIAN_POINT('',(-0.0523598775598296,-0.505,0.52));
#7223=CARTESIAN_POINT('',(-0.0999999999999998,-0.505,0.47235987755983));
#7224=CARTESIAN_POINT('',(-0.0999999999999998,-0.505,0.42));
#7225=CARTESIAN_POINT('',(3.50662410309927E-16,-0.505,0.52));
#7226=CARTESIAN_POINT('',(-0.0999999999999998,-0.505,0.42));
#7227=CARTESIAN_POINT('',(-0.0999999999999998,-0.505,0.42));
#7228=CARTESIAN_POINT('',(-0.0999999999999998,-0.505,0.31528024488034));
#7229=CARTESIAN_POINT('',(0.1,-0.505,0.31528024488034));
#7230=CARTESIAN_POINT('',(0.1,-0.505,0.42));
#7231=CARTESIAN_POINT('',(0.1,-0.505,0.419999999999998));
#7232=CARTESIAN_POINT('',(0.1,-0.505,0.42));
#7233=CARTESIAN_POINT('',(0.1,-0.505,0.47235987755983));
#7234=CARTESIAN_POINT('',(0.0523598775598301,-0.505,0.52));
#7235=CARTESIAN_POINT('',(2.112334637899E-16,-0.505,0.52));
#7236=CARTESIAN_POINT('',(2.0790422203892E-16,-0.459369136889803,0.42));
#7237=CARTESIAN_POINT('',(-0.0999999999999998,-0.459369136889803,0.42));
#7238=CARTESIAN_POINT('',(2.73134040091003E-16,0.605949818029546,0.42));
#7239=CARTESIAN_POINT('',(-2.81273181892582E-17,-0.459369136889803,0.));
#7240=CARTESIAN_POINT('',(-2.81273181892582E-17,-0.459369136889803,-0.125));
#7241=CARTESIAN_POINT('',(2.045977848836E-16,-0.459369136889803,0.598));
#7242=CARTESIAN_POINT('',(0.22499853538228,-0.704424528928398,0.000811834853292344));
#7243=CARTESIAN_POINT('',(0.22457472289556,-0.704424528928398,0.118270685507259));
#7244=CARTESIAN_POINT('',(0.11769804039144,-0.704424528928398,0.224875371043585));
#7245=CARTESIAN_POINT('',(-0.117221058134731,-0.704424528928398,0.225124376165152));
#7246=CARTESIAN_POINT('',(-0.224323493883075,-0.704424528928398,0.118746500184489));
#7247=CARTESIAN_POINT('',(-0.224996308778284,-0.704424528928398,0.00128881191296042));
#7248=CARTESIAN_POINT('',(0.224808223450836,-0.505,-0.00927848504619134));
#7249=CARTESIAN_POINT('',(0.224808223450836,-0.639252414510718,-0.00927848504619134));
#7250=CARTESIAN_POINT('',(0.203002707024953,-0.603735332287548,-0.0970302747730007));
#7251=CARTESIAN_POINT('',(0.203002707024953,-0.704424528928404,-0.0970302747730007));
#7252=CARTESIAN_POINT('',(0.224935988572073,-0.505,-0.00618741731629074));
#7253=CARTESIAN_POINT('',(0.224935988572073,-0.639283515225599,-0.00618741731629074));
#7254=CARTESIAN_POINT('',(0.20383962301164,-0.603711977967555,-0.0952793813420483));
#7255=CARTESIAN_POINT('',(0.20383962301164,-0.704424528928404,-0.0952793813420483));
#7256=CARTESIAN_POINT('',(0.22499999999992,-0.505,-0.00309371669360703));
#7257=CARTESIAN_POINT('',(0.22499999999992,-0.639315077362635,-0.00309371669360703));
#7258=CARTESIAN_POINT('',(0.204653886484837,-0.60368826874068,-0.0935176603985052));
#7259=CARTESIAN_POINT('',(0.204653886484837,-0.704424528928404,-0.0935176603985052));
#7260=CARTESIAN_POINT('',(0.224999999999921,-0.505,0.0175));
#7261=CARTESIAN_POINT('',(0.224999999999921,-0.63952816962933,0.0175));
#7262=CARTESIAN_POINT('',(0.209921342767999,-0.603528131125904,-0.0817222984404632));
#7263=CARTESIAN_POINT('',(0.209921342767999,-0.704424528928404,-0.0817222984404632));
#7264=CARTESIAN_POINT('',(0.224999999999921,-0.505,0.035));
#7265=CARTESIAN_POINT('',(0.224999999999921,-0.639734889170578,0.035));
#7266=CARTESIAN_POINT('',(0.213662606847918,-0.60337336205047,-0.0713708248996991));
#7267=CARTESIAN_POINT('',(0.213662606847918,-0.704424528928404,-0.0713708248996991));
#7268=CARTESIAN_POINT('',(0.224999999999921,-0.505,0.07));
#7269=CARTESIAN_POINT('',(0.224999999999921,-0.640176654864913,0.07));
#7270=CARTESIAN_POINT('',(0.219595478672322,-0.60304203777972,-0.0502327578238081));
#7271=CARTESIAN_POINT('',(0.219595478672322,-0.704424528928404,-0.0502327578238081));
#7272=CARTESIAN_POINT('',(0.224999999999921,-0.505,0.0875));
#7273=CARTESIAN_POINT('',(0.224999999999921,-0.640411719540659,0.0875));
#7274=CARTESIAN_POINT('',(0.22178704108218,-0.602865739272909,-0.0394463258101851));
#7275=CARTESIAN_POINT('',(0.22178704108218,-0.704424528928404,-0.0394463258101851));
#7276=CARTESIAN_POINT('',(0.224999999999921,-0.505,0.1225));
#7277=CARTESIAN_POINT('',(0.224999999999921,-0.64090079934028,0.1225));
#7278=CARTESIAN_POINT('',(0.224573619503975,-0.602498929423194,-0.017669002088274));
#7279=CARTESIAN_POINT('',(0.224573619503975,-0.704424528928404,-0.017669002088274));
#7280=CARTESIAN_POINT('',(0.224999999999921,-0.505,0.14));
#7281=CARTESIAN_POINT('',(0.224999999999921,-0.641154945672714,0.14));
#7282=CARTESIAN_POINT('',(0.225168614222938,-0.602308319673868,-0.00667827678622007));
#7283=CARTESIAN_POINT('',(0.225168614222938,-0.704424528928404,-0.00667827678622007));
#7284=CARTESIAN_POINT('',(0.224999999999921,-0.505,0.175));
#7285=CARTESIAN_POINT('',(0.224999999999921,-0.641684907464023,0.175));
#7286=CARTESIAN_POINT('',(0.224749308950843,-0.601910848330387,0.015272600892782));
#7287=CARTESIAN_POINT('',(0.224749308950843,-0.704424528928404,0.015272600892782));
#7288=CARTESIAN_POINT('',(0.224999999999921,-0.505,0.1925));
#7289=CARTESIAN_POINT('',(0.224999999999921,-0.641960873072311,0.1925));
#7290=CARTESIAN_POINT('',(0.223735012163806,-0.601703771161351,0.026232585537325));
#7291=CARTESIAN_POINT('',(0.223735012163806,-0.704424528928404,0.026232585537325));
#7292=CARTESIAN_POINT('',(0.224999999999921,-0.505,0.2275));
#7293=CARTESIAN_POINT('',(0.224999999999921,-0.642546490282013,0.2275));
#7294=CARTESIAN_POINT('',(0.220118789937498,-0.601264764179713,0.0478876030759839));
#7295=CARTESIAN_POINT('',(0.220118789937498,-0.704424528928404,0.0478876030759839));
#7296=CARTESIAN_POINT('',(0.224999999999921,-0.505,0.245));
#7297=CARTESIAN_POINT('',(0.224999999999921,-0.642856309717124,0.245));
#7298=CARTESIAN_POINT('',(0.217516892130728,-0.601032676165474,0.0585824704984419));
#7299=CARTESIAN_POINT('',(0.217516892130728,-0.704424528928404,0.0585824704984419));
#7300=CARTESIAN_POINT('',(0.224999999999921,-0.505,0.28));
#7301=CARTESIAN_POINT('',(0.224999999999921,-0.643528023951469,0.28));
#7302=CARTESIAN_POINT('',(0.210781084969333,-0.600528723331123,0.079478540695352));
#7303=CARTESIAN_POINT('',(0.210781084969333,-0.704424528928404,0.079478540695352));
#7304=CARTESIAN_POINT('',(0.224999999999921,-0.505,0.2975));
#7305=CARTESIAN_POINT('',(0.224999999999921,-0.643890103618977,0.2975));
#7306=CARTESIAN_POINT('',(0.206647227084773,-0.600256858511012,0.08967958379746));
#7307=CARTESIAN_POINT('',(0.206647227084773,-0.704424528928404,0.08967958379746));
#7308=CARTESIAN_POINT('',(0.224999999999921,-0.505,0.3325));
#7309=CARTESIAN_POINT('',(0.224999999999921,-0.644687836434233,0.3325));
#7310=CARTESIAN_POINT('',(0.196935878560733,-0.599658744305889,0.109369849352661));
#7311=CARTESIAN_POINT('',(0.196935878560733,-0.704424528928404,0.109369849352661));
#7312=CARTESIAN_POINT('',(0.224999999999921,-0.505,0.35));
#7313=CARTESIAN_POINT('',(0.224999999999921,-0.645123671470144,0.35));
#7314=CARTESIAN_POINT('',(0.191358462128209,-0.599331775325796,0.118858921347278));
#7315=CARTESIAN_POINT('',(0.191358462128209,-0.704424528928404,0.118858921347278));
#7316=CARTESIAN_POINT('',(0.224999999999921,-0.505,0.385));
#7317=CARTESIAN_POINT('',(0.224999999999921,-0.646090057452967,0.385));
#7318=CARTESIAN_POINT('',(0.178879247031068,-0.598606985838679,0.136922310795246));
#7319=CARTESIAN_POINT('',(0.178879247031068,-0.704424528928404,0.136922310795246));
#7320=CARTESIAN_POINT('',(0.224999999999921,-0.505,0.4025));
#7321=CARTESIAN_POINT('',(0.224999999999921,-0.646620404789231,0.4025));
#7322=CARTESIAN_POINT('',(0.171977543723401,-0.598209225336481,0.145496490221509));
#7323=CARTESIAN_POINT('',(0.171977543723401,-0.704424528928404,0.145496490221509));
#7324=CARTESIAN_POINT('',(0.224999999999921,-0.505,0.434726215563697));
#7325=CARTESIAN_POINT('',(0.224999999999921,-0.6477017837689,0.434726215563697));
#7326=CARTESIAN_POINT('',(0.158184523901133,-0.597398191101729,0.160274725745362));
#7327=CARTESIAN_POINT('',(0.158184523901133,-0.704424528928404,0.160274725745362));
#7328=CARTESIAN_POINT('',(0.223549630227049,-0.505,0.449452066992695));
#7329=CARTESIAN_POINT('',(0.223549630227049,-0.648217349254747,0.449452066992695));
#7330=CARTESIAN_POINT('',(0.151465232280291,-0.597011516987344,0.166639175240567));
#7331=CARTESIAN_POINT('',(0.151465232280291,-0.704424528928404,0.166639175240567));
#7332=CARTESIAN_POINT('',(0.217803745954249,-0.505,0.478338577914533));
#7333=CARTESIAN_POINT('',(0.217803745954249,-0.649251741880182,0.478338577914533));
#7334=CARTESIAN_POINT('',(0.137295589018403,-0.596235722518268,0.178494404816142));
#7335=CARTESIAN_POINT('',(0.137295589018403,-0.704424528928404,0.178494404816142));
#7336=CARTESIAN_POINT('',(0.21350837353263,-0.505,0.492498523131465));
#7337=CARTESIAN_POINT('',(0.21350837353263,-0.649770374798581,0.492498523131465));
#7338=CARTESIAN_POINT('',(0.129845291685598,-0.595846747829468,0.183985139458764));
#7339=CARTESIAN_POINT('',(0.129845291685598,-0.704424528928404,0.183985139458764));
#7340=CARTESIAN_POINT('',(0.202237416097303,-0.505,0.519709021432763));
#7341=CARTESIAN_POINT('',(0.202237416097303,-0.650778970790716,0.519709021432763));
#7342=CARTESIAN_POINT('',(0.114326510119653,-0.595090300835367,0.194009743050291));
#7343=CARTESIAN_POINT('',(0.114326510119653,-0.704424528928404,0.194009743050291));
#7344=CARTESIAN_POINT('',(0.195262109780226,-0.505,0.532758901683936));
#7345=CARTESIAN_POINT('',(0.195262109780226,-0.651269056627543,0.532758901683936));
#7346=CARTESIAN_POINT('',(0.106258085365621,-0.594722736457747,0.19854357357772));
#7347=CARTESIAN_POINT('',(0.106258085365621,-0.704424528928404,0.19854357357772));
#7348=CARTESIAN_POINT('',(0.178899215755786,-0.505,0.557247703174797));
#7349=CARTESIAN_POINT('',(0.178899215755786,-0.652197376163367,0.557247703174797));
#7350=CARTESIAN_POINT('',(0.0896252881302287,-0.594026496805878,0.206585669982583));
#7351=CARTESIAN_POINT('',(0.0896252881302287,-0.704424528928404,0.206585669982583));
#7352=CARTESIAN_POINT('',(0.169512032653222,-0.505,0.568686018880612));
#7353=CARTESIAN_POINT('',(0.169512032653222,-0.652635715396894,0.568686018880612));
#7354=CARTESIAN_POINT('',(0.0810609793976839,-0.593697742380734,0.210093905036932));
#7355=CARTESIAN_POINT('',(0.0810609793976839,-0.704424528928404,0.210093905036932));
#7356=CARTESIAN_POINT('',(0.148686018880612,-0.505,0.589512032653222));
#7357=CARTESIAN_POINT('',(0.148686018880612,-0.653443725892479,0.589512032653222));
#7358=CARTESIAN_POINT('',(0.0635661674047918,-0.593091734509044,0.216031649709123));
#7359=CARTESIAN_POINT('',(0.0635661674047918,-0.704424528928404,0.216031649709123));
#7360=CARTESIAN_POINT('',(0.137247703174797,-0.505,0.598899215755787));
#7361=CARTESIAN_POINT('',(0.137247703174797,-0.653813475140215,0.598899215755787));
#7362=CARTESIAN_POINT('',(0.0546357311971193,-0.592814422573243,0.218461136569265));
#7363=CARTESIAN_POINT('',(0.0546357311971193,-0.704424528928404,0.218461136569265));
#7364=CARTESIAN_POINT('',(0.112758901683935,-0.505,0.615262109780227));
#7365=CARTESIAN_POINT('',(0.112758901683935,-0.65447249102097,0.615262109780227));
#7366=CARTESIAN_POINT('',(0.0365439656095703,-0.592320160662676,0.222204567667061));
#7367=CARTESIAN_POINT('',(0.0365439656095703,-0.704424528928404,0.222204567667061));
#7368=CARTESIAN_POINT('',(0.0997090214327632,-0.505,0.622237416097303));
#7369=CARTESIAN_POINT('',(0.0997090214327632,-0.654761810235821,0.622237416097303));
#7370=CARTESIAN_POINT('',(0.0273827055703227,-0.592103163639545,0.2235184975572));
#7371=CARTESIAN_POINT('',(0.0273827055703227,-0.704424528928404,0.2235184975572));
#7372=CARTESIAN_POINT('',(0.0724985231314656,-0.505,0.633508373532631));
#7373=CARTESIAN_POINT('',(0.0724985231314656,-0.655252225512906,0.633508373532631));
#7374=CARTESIAN_POINT('',(0.00896809190159502,-0.591735367405717,0.22501089894097));
#7375=CARTESIAN_POINT('',(0.00896809190159502,-0.704424528928404,0.22501089894097));
#7376=CARTESIAN_POINT('',(0.0583385779145323,-0.505,0.637803745954249));
#7377=CARTESIAN_POINT('',(0.0583385779145323,-0.655453353330559,0.637803745954249));
#7378=CARTESIAN_POINT('',(-0.000285191149869898,-0.591584823960736,0.225189364714649));
#7379=CARTESIAN_POINT('',(-0.000285191149869898,-0.704424528928404,0.225189364714649));
#7380=CARTESIAN_POINT('',(0.0294520669926944,-0.505,0.64354963022705));
#7381=CARTESIAN_POINT('',(0.0294520669926944,-0.655763138209595,0.64354963022705));
#7382=CARTESIAN_POINT('',(-0.0187436559654666,-0.591352475070908,0.224408125244224));
#7383=CARTESIAN_POINT('',(-0.0187436559654666,-0.704424528928404,0.224408125244224));
#7384=CARTESIAN_POINT('',(0.0147262155636972,-0.505,0.644999999999921));
#7385=CARTESIAN_POINT('',(0.0147262155636972,-0.655871810011545,0.644999999999921));
#7386=CARTESIAN_POINT('',(-0.027948766983514,-0.59127066962606,0.223448422994391));
#7387=CARTESIAN_POINT('',(-0.027948766983514,-0.704424528928404,0.223448422994391));
#7388=CARTESIAN_POINT('',(-0.0147262155636967,-0.505,0.644999999999921));
#7389=CARTESIAN_POINT('',(-0.0147262155636967,-0.655995607105764,0.644999999999921));
#7390=CARTESIAN_POINT('',(-0.046171421629796,-0.591177825392766,0.220405379106914));
#7391=CARTESIAN_POINT('',(-0.046171421629796,-0.704424528928404,0.220405379106914));
#7392=CARTESIAN_POINT('',(-0.0294520669926945,-0.505,0.64354963022705));
#7393=CARTESIAN_POINT('',(-0.0294520669926945,-0.656010732516614,0.64354963022705));
#7394=CARTESIAN_POINT('',(-0.0551888954157404,-0.59116677399971,0.218322049132399));
#7395=CARTESIAN_POINT('',(-0.0551888954157404,-0.704424528928404,0.218322049132399));
#7396=CARTESIAN_POINT('',(-0.0583385779145324,-0.505,0.637803745954249));
#7397=CARTESIAN_POINT('',(-0.0583385779145324,-0.655949413977824,0.637803745954249));
#7398=CARTESIAN_POINT('',(-0.0728996512995525,-0.591212768523135,0.213063305510317));
#7399=CARTESIAN_POINT('',(-0.0728996512995525,-0.704424528928404,0.213063305510317));
#7400=CARTESIAN_POINT('',(-0.0724985231314666,-0.505,0.63350837353263));
#7401=CARTESIAN_POINT('',(-0.0724985231314666,-0.655872956626595,0.63350837353263));
#7402=CARTESIAN_POINT('',(-0.0815928655170936,-0.591269814439616,0.209887912018031));
#7403=CARTESIAN_POINT('',(-0.0815928655170936,-0.704424528928404,0.209887912018031));
#7404=CARTESIAN_POINT('',(-0.0997090214327641,-0.505,0.622237416097302));
#7405=CARTESIAN_POINT('',(-0.0997090214327641,-0.655633555337032,0.622237416097302));
#7406=CARTESIAN_POINT('',(-0.098523389743444,-0.591449359444472,0.202493143064254));
#7407=CARTESIAN_POINT('',(-0.098523389743444,-0.704424528928404,0.202493143064254));
#7408=CARTESIAN_POINT('',(-0.112758901683936,-0.505,0.615262109780227));
#7409=CARTESIAN_POINT('',(-0.112758901683936,-0.655470584659382,0.615262109780227));
#7410=CARTESIAN_POINT('',(-0.106760634862334,-0.591571590433867,0.198273795944826));
#7411=CARTESIAN_POINT('',(-0.106760634862334,-0.704424528928404,0.198273795944826));
#7412=CARTESIAN_POINT('',(-0.137247703174797,-0.505,0.598899215755787));
#7413=CARTESIAN_POINT('',(-0.137247703174797,-0.655066560706974,0.598899215755787));
#7414=CARTESIAN_POINT('',(-0.122654415704157,-0.591874608398173,0.1888550386483));
#7415=CARTESIAN_POINT('',(-0.122654415704157,-0.704424528928404,0.1888550386483));
#7416=CARTESIAN_POINT('',(-0.148686018880612,-0.505,0.589512032653222));
#7417=CARTESIAN_POINT('',(-0.148686018880612,-0.654825467257653,0.589512032653222));
#7418=CARTESIAN_POINT('',(-0.130310890510716,-0.592055428485165,0.18365566457064));
#7419=CARTESIAN_POINT('',(-0.130310890510716,-0.704424528928404,0.18365566457064));
#7420=CARTESIAN_POINT('',(-0.169512032653222,-0.505,0.568686018880612));
#7421=CARTESIAN_POINT('',(-0.169512032653222,-0.654277305738565,0.568686018880612));
#7422=CARTESIAN_POINT('',(-0.144927123777969,-0.592466549624481,0.172355621051431));
#7423=CARTESIAN_POINT('',(-0.144927123777969,-0.704424528928404,0.172355621051431));
#7424=CARTESIAN_POINT('',(-0.178899215755787,-0.505,0.557247703174797));
#7425=CARTESIAN_POINT('',(-0.178899215755787,-0.653970184989207,0.557247703174797));
#7426=CARTESIAN_POINT('',(-0.151886826218768,-0.592696890186498,0.166254994919758));
#7427=CARTESIAN_POINT('',(-0.151886826218768,-0.704424528928404,0.166254994919758));
#7428=CARTESIAN_POINT('',(-0.195262109780227,-0.505,0.532758901683935));
#7429=CARTESIAN_POINT('',(-0.195262109780227,-0.653306332701116,0.532758901683935));
#7430=CARTESIAN_POINT('',(-0.165004063645086,-0.593194779402567,0.153244870371531));
#7431=CARTESIAN_POINT('',(-0.165004063645086,-0.704424528928404,0.153244870371531));
#7432=CARTESIAN_POINT('',(-0.202237416097303,-0.505,0.519709021432763));
#7433=CARTESIAN_POINT('',(-0.202237416097303,-0.652949540722455,0.519709021432763));
#7434=CARTESIAN_POINT('',(-0.171161548355937,-0.593462373386563,0.146335421819111));
#7435=CARTESIAN_POINT('',(-0.171161548355937,-0.704424528928404,0.146335421819111));
#7436=CARTESIAN_POINT('',(-0.21350837353263,-0.505,0.492498523131465));
#7437=CARTESIAN_POINT('',(-0.21350837353263,-0.652207653114231,0.492498523131465));
#7438=CARTESIAN_POINT('',(-0.182581052726715,-0.594018789092731,0.131812330605992));
#7439=CARTESIAN_POINT('',(-0.182581052726715,-0.704424528928404,0.131812330605992));
#7440=CARTESIAN_POINT('',(-0.217803745954249,-0.505,0.478338577914532));
#7441=CARTESIAN_POINT('',(-0.217803745954249,-0.651822503193895,0.478338577914532));
#7442=CARTESIAN_POINT('',(-0.187843028618905,-0.594307651532982,0.124198743608203));
#7443=CARTESIAN_POINT('',(-0.187843028618905,-0.704424528928404,0.124198743608203));
#7444=CARTESIAN_POINT('',(-0.223549630227049,-0.505,0.449452066992694));
#7445=CARTESIAN_POINT('',(-0.223549630227049,-0.651050835862413,0.449452066992694));
#7446=CARTESIAN_POINT('',(-0.197391784807782,-0.594886402031594,0.108382722815849));
#7447=CARTESIAN_POINT('',(-0.197391784807782,-0.704424528928404,0.108382722815849));
#7448=CARTESIAN_POINT('',(-0.224999999999921,-0.505,0.434726215563697));
#7449=CARTESIAN_POINT('',(-0.224999999999921,-0.650664463045345,0.434726215563697));
#7450=CARTESIAN_POINT('',(-0.201678528506782,-0.595176181644395,0.100180349639628));
#7451=CARTESIAN_POINT('',(-0.201678528506782,-0.704424528928404,0.100180349639628));
#7452=CARTESIAN_POINT('',(-0.224999999999921,-0.505,0.4025));
#7453=CARTESIAN_POINT('',(-0.224999999999921,-0.649852722735599,0.4025));
#7454=CARTESIAN_POINT('',(-0.209921342767999,-0.595784986876705,0.081722298440462));
#7455=CARTESIAN_POINT('',(-0.209921342767999,-0.704424528928404,0.081722298440462));
#7456=CARTESIAN_POINT('',(-0.224999999999921,-0.505,0.384999999999999));
#7457=CARTESIAN_POINT('',(-0.224999999999921,-0.64944177117901,0.384999999999999));
#7458=CARTESIAN_POINT('',(-0.213662606847919,-0.596093200544146,0.071370824899698));
#7459=CARTESIAN_POINT('',(-0.213662606847919,-0.704424528928404,0.071370824899698));
#7460=CARTESIAN_POINT('',(-0.224999999999921,-0.505,0.35));
#7461=CARTESIAN_POINT('',(-0.224999999999921,-0.648658192095958,0.35));
#7462=CARTESIAN_POINT('',(-0.219595478672323,-0.596680884856435,0.050232757823807));
#7463=CARTESIAN_POINT('',(-0.219595478672323,-0.704424528928404,0.050232757823807));
#7464=CARTESIAN_POINT('',(-0.224999999999921,-0.505,0.3325));
#7465=CARTESIAN_POINT('',(-0.224999999999921,-0.648285650095505,0.3325));
#7466=CARTESIAN_POINT('',(-0.22178704108218,-0.596960291356775,0.039446325810184));
#7467=CARTESIAN_POINT('',(-0.22178704108218,-0.704424528928404,0.039446325810184));
#7468=CARTESIAN_POINT('',(-0.224999999999921,-0.505,0.2975));
#7469=CARTESIAN_POINT('',(-0.224999999999921,-0.64756125641514,0.2975));
#7470=CARTESIAN_POINT('',(-0.224573619503975,-0.597503586617049,0.0176690020882739));
#7471=CARTESIAN_POINT('',(-0.224573619503975,-0.704424528928404,0.0176690020882739));
#7472=CARTESIAN_POINT('',(-0.224999999999921,-0.505,0.28));
#7473=CARTESIAN_POINT('',(-0.224999999999921,-0.647209300205463,0.28));
#7474=CARTESIAN_POINT('',(-0.225168614222938,-0.597767553774307,0.00667827678621991));
#7475=CARTESIAN_POINT('',(-0.225168614222938,-0.704424528928404,0.00667827678621991));
#7476=CARTESIAN_POINT('',(-0.224999999999921,-0.505,0.245));
#7477=CARTESIAN_POINT('',(-0.224999999999921,-0.646512519188204,0.245));
#7478=CARTESIAN_POINT('',(-0.224749308950843,-0.598290139537251,-0.015272600892781));
#7479=CARTESIAN_POINT('',(-0.224749308950843,-0.704424528928404,-0.015272600892781));
#7480=CARTESIAN_POINT('',(-0.224999999999921,-0.505,0.2275));
#7481=CARTESIAN_POINT('',(-0.224999999999921,-0.646167595906884,0.2275));
#7482=CARTESIAN_POINT('',(-0.223735012163807,-0.598548831998241,-0.0262325855373251));
#7483=CARTESIAN_POINT('',(-0.223735012163807,-0.704424528928404,-0.0262325855373251));
#7484=CARTESIAN_POINT('',(-0.224999999999921,-0.505,0.1925));
#7485=CARTESIAN_POINT('',(-0.224999999999921,-0.645477697393149,0.1925));
#7486=CARTESIAN_POINT('',(-0.220118789937499,-0.599066255883542,-0.0478876030759841));
#7487=CARTESIAN_POINT('',(-0.220118789937499,-0.704424528928404,-0.0478876030759841));
#7488=CARTESIAN_POINT('',(-0.224999999999921,-0.505,0.175));
#7489=CARTESIAN_POINT('',(-0.224999999999921,-0.645132616706608,0.175));
#7490=CARTESIAN_POINT('',(-0.217516892130729,-0.599325066398448,-0.0585824704984411));
#7491=CARTESIAN_POINT('',(-0.217516892130729,-0.704424528928404,-0.0585824704984411));
#7492=CARTESIAN_POINT('',(-0.224999999999921,-0.505,0.14));
#7493=CARTESIAN_POINT('',(-0.224999999999921,-0.644443475215817,0.14));
#7494=CARTESIAN_POINT('',(-0.210781084969333,-0.599841922516541,-0.0794785406953511));
#7495=CARTESIAN_POINT('',(-0.210781084969333,-0.704424528928404,-0.0794785406953511));
#7496=CARTESIAN_POINT('',(-0.224999999999921,-0.505,0.1225));
#7497=CARTESIAN_POINT('',(-0.224999999999921,-0.64409929394749,0.1225));
#7498=CARTESIAN_POINT('',(-0.206647227084773,-0.600100058467786,-0.0896795837974601));
#7499=CARTESIAN_POINT('',(-0.206647227084773,-0.704424528928404,-0.0896795837974601));
#7500=CARTESIAN_POINT('',(-0.224999999999921,-0.505,0.0875));
#7501=CARTESIAN_POINT('',(-0.224999999999921,-0.643423375111384,0.0875));
#7502=CARTESIAN_POINT('',(-0.196935878560733,-0.600606997594866,-0.109369849352661));
#7503=CARTESIAN_POINT('',(-0.196935878560733,-0.704424528928404,-0.109369849352661));
#7504=CARTESIAN_POINT('',(-0.224999999999921,-0.505,0.07));
#7505=CARTESIAN_POINT('',(-0.224999999999921,-0.643091523157576,0.07));
#7506=CARTESIAN_POINT('',(-0.19135846212821,-0.600855886560222,-0.118858921347277));
#7507=CARTESIAN_POINT('',(-0.19135846212821,-0.704424528928404,-0.118858921347277));
#7508=CARTESIAN_POINT('',(-0.224999999999921,-0.505,0.035));
#7509=CARTESIAN_POINT('',(-0.224999999999921,-0.642464333078558,0.035));
#7510=CARTESIAN_POINT('',(-0.178879247031069,-0.601326279119485,-0.136922310795245));
#7511=CARTESIAN_POINT('',(-0.178879247031069,-0.704424528928404,-0.136922310795245));
#7512=CARTESIAN_POINT('',(-0.224999999999921,-0.505,0.0175));
#7513=CARTESIAN_POINT('',(-0.224999999999921,-0.642169003312623,0.0175));
#7514=CARTESIAN_POINT('',(-0.171977543723401,-0.601547776443937,-0.145496490221509));
#7515=CARTESIAN_POINT('',(-0.171977543723401,-0.704424528928404,-0.145496490221509));
#7516=CARTESIAN_POINT('',(-0.224999999999921,-0.505,4.99600361081321E-16));
#7517=CARTESIAN_POINT('',(-0.224999999999921,-0.641911058778061,4.99600361081321E-16));
#7518=CARTESIAN_POINT('',(-0.164487435354561,-0.601741234844859,-0.153521606330977));
#7519=CARTESIAN_POINT('',(-0.164487435354561,-0.704424528928404,-0.153521606330977));
#7520=CARTESIAN_POINT('',(-0.224999999999921,-0.505,-0.00309371669411191));
#7521=CARTESIAN_POINT('',(-0.224999999999921,-0.641865458360191,-0.00309371669411191));
#7522=CARTESIAN_POINT('',(-0.163163305451625,-0.601775435158262,-0.154940316941266));
#7523=CARTESIAN_POINT('',(-0.163163305451625,-0.704424528928404,-0.154940316941266));
#7524=CARTESIAN_POINT('',(-0.224935988572053,-0.505,-0.00618741731730002));
#7525=CARTESIAN_POINT('',(-0.224935988572053,-0.641820053012309,-0.00618741731730002));
#7526=CARTESIAN_POINT('',(-0.161820798794325,-0.601809489169173,-0.15634187377673));
#7527=CARTESIAN_POINT('',(-0.161820798794325,-0.704424528928404,-0.15634187377673));
#7528=CARTESIAN_POINT('',(-0.224808223450774,-0.505,-0.00927848504770376));
#7529=CARTESIAN_POINT('',(-0.224808223450774,-0.641774853365922,-0.00927848504770376));
#7530=CARTESIAN_POINT('',(-0.160460386859609,-0.601843388903963,-0.157725830258863));
#7531=CARTESIAN_POINT('',(-0.160460386859609,-0.704424528928404,-0.157725830258863));
#7532=CARTESIAN_POINT('',(0.000722357950400821,-1.01682310160738,2.18767108375917E-19));
#7533=CARTESIAN_POINT('',(0.000722357950400821,-1.01682310160738,-0.049826680980159));
#7534=CARTESIAN_POINT('',(-0.0564548671302917,-1.01540646850539,-3.85586687033128E-18));
#7535=CARTESIAN_POINT('',(-0.0564548671302917,-1.01540646850539,-0.0063002992641624));
#7536=CARTESIAN_POINT('',(-0.0553671126114128,-1.01541323905269,-0.0126874729806761));
#7537=CARTESIAN_POINT('',(-0.0532817577046049,-1.01542605936544,-0.018632630789367));
#7538=CARTESIAN_POINT('',(-0.0511963694991591,-1.0154388798829,-0.0245778835294563));
#7539=CARTESIAN_POINT('',(-0.0480558618292742,-1.01545808842525,-0.0302450538532985));
#7540=CARTESIAN_POINT('',(-0.0441204024075005,-1.01548169287099,-0.0351650782888408));
#7541=CARTESIAN_POINT('',(-0.0401843783836665,-1.01550530070315,-0.0400858085774069));
#7542=CARTESIAN_POINT('',(-0.0353446635666275,-1.01553393379324,-0.0443948696486131));
#7543=CARTESIAN_POINT('',(-0.0300020084682753,-1.01556476957213,-0.0477357549614516));
#7544=CARTESIAN_POINT('',(-0.0246581767468824,-1.01559561214205,-0.0510773760437835));
#7545=CARTESIAN_POINT('',(-0.0186638381649891,-1.01562948975295,-0.0535425465637298));
#7546=CARTESIAN_POINT('',(-0.0125152506859637,-1.0156632997148,-0.0549273386375883));
#7547=CARTESIAN_POINT('',(-0.00636547964089391,-1.01569711618487,-0.0563123972755776));
#7548=CARTESIAN_POINT('',(0.000108201247905739,-1.01573179040387,-0.0566548570632947));
#7549=CARTESIAN_POINT('',(0.00636978690052085,-1.01576443037412,-0.055926369150971));
#7550=CARTESIAN_POINT('',(0.0126318778504554,-1.01579707297835,-0.0551978224511436));
#7551=CARTESIAN_POINT('',(0.0188545699463246,-1.01582858815093,-0.0533780455669741));
#7552=CARTESIAN_POINT('',(0.0245224575436882,-1.01585661812116,-0.0506176301266618));
#7553=CARTESIAN_POINT('',(0.0301900101735122,-1.01588464643484,-0.0478573778246531));
#7554=CARTESIAN_POINT('',(0.0354591711142757,-1.01590998004385,-0.0440804322653383));
#7555=CARTESIAN_POINT('',(0.0398933313946997,-1.01593092897695,-0.0395995043571199));
#7556=CARTESIAN_POINT('',(0.0443267549981241,-1.01595187442966,-0.0351193208957231));
#7557=CARTESIAN_POINT('',(0.0480477577340355,-1.01596903414345,-0.0298117744831595));
#7558=CARTESIAN_POINT('',(0.0507479194183508,-1.01598137711077,-0.0241164516708093));
#7559=CARTESIAN_POINT('',(0.0534475413928492,-1.01599371761097,-0.0184222672427456));
#7560=CARTESIAN_POINT('',(0.0552011983573222,-1.01600159826461,-0.0121833735146455));
#7561=CARTESIAN_POINT('',(0.0558635250293537,-1.01600457855972,-0.0059165432240361));
#7562=CARTESIAN_POINT('',(0.0560710934008884,-1.01600551256258,-0.00395256409857414));
#7563=CARTESIAN_POINT('',(0.056175309893188,-1.0160059809358,-0.0019749175890655));
#7564=CARTESIAN_POINT('',(0.0561753098929849,-1.0160059809358,5.79087169621097E-12));
#7565=CARTESIAN_POINT('',(0.0561753098923367,-1.0160059809358,0.0063005063486982));
#7566=CARTESIAN_POINT('',(0.0550875135319372,-1.01600111287987,0.0126878921768487));
#7567=CARTESIAN_POINT('',(0.0530020639556979,-1.01599164567177,0.018633242512527));
#7568=CARTESIAN_POINT('',(0.0509165880173228,-1.015982178344,0.0245786680032868));
#7569=CARTESIAN_POINT('',(0.0477759377388406,-1.01596783898258,0.0302460040184137));
#7570=CARTESIAN_POINT('',(0.0438402806429897,-1.01594946552802,0.0351661309909684));
#7571=CARTESIAN_POINT('',(0.0399041650052708,-1.01593108993278,0.0400868312055909));
#7572=CARTESIAN_POINT('',(0.0350643376584899,-1.01590815384662,0.0443958411811411));
#7573=CARTESIAN_POINT('',(0.0297215731761152,-1.01588213390535,0.0477366233091335));
#7574=CARTESIAN_POINT('',(0.0243777883345293,-1.0158561089948,0.0510780434584775));
#7575=CARTESIAN_POINT('',(0.0183835312182405,-1.0158262628576,0.0535430131743622));
#7576=CARTESIAN_POINT('',(0.0122350648203227,-1.01579474848854,0.0549276323067563));
#7577=CARTESIAN_POINT('',(0.00608544017775969,-1.01576322818282,0.0563125122729246));
#7578=CARTESIAN_POINT('',(-0.000388042513397479,-1.01572915920002,0.0566548283754655));
#7579=CARTESIAN_POINT('',(-0.00664941920033279,-1.01569529113688,0.0559262789719338));
#7580=CARTESIAN_POINT('',(-0.0129114556780041,-1.01566141950489,0.055197652797722));
#7581=CARTESIAN_POINT('',(-0.0191340646215607,-1.01562681727824,0.053377827964921));
#7582=CARTESIAN_POINT('',(-0.0248018871601158,-1.01559456928363,0.0506174127832542));
#7583=CARTESIAN_POINT('',(-0.0304695468568571,-1.01556232221554,0.0478570769108834));
#7584=CARTESIAN_POINT('',(-0.0357388012486919,-1.01553155562097,0.0440800363762716));
#7585=CARTESIAN_POINT('',(-0.0401730384043053,-1.01550524259073,0.039598997555643));
#7586=CARTESIAN_POINT('',(-0.0446065729920151,-1.01547893372958,0.0351186687182519));
#7587=CARTESIAN_POINT('',(-0.0483276613106861,-1.01545637402447,0.0298109391580356));
#7588=CARTESIAN_POINT('',(-0.0510278391171314,-1.01543987411768,0.024115411513084));
#7589=CARTESIAN_POINT('',(-0.053727416844444,-1.01542337787777,0.0184211496245139));
#7590=CARTESIAN_POINT('',(-0.0554810039714497,-1.01541250255395,0.0121821641043572));
#7591=CARTESIAN_POINT('',(-0.0561432098567625,-1.01540840010857,0.00591526080027209));
#7592=CARTESIAN_POINT('',(-0.0563506932928641,-1.01540711472364,0.00395170435946171));
#7593=CARTESIAN_POINT('',(-0.0564548671302917,-1.01540646850539,0.00197448852230619));
#7594=CARTESIAN_POINT('',(-0.0564548671302917,-1.01540646850539,-3.85586687033128E-18));
#7595=CARTESIAN_POINT('',(-0.0564548671302917,-1.01540646850539,-3.85586687033128E-18));
#7596=CARTESIAN_POINT('',(0.000722357950400821,-0.997044745503442,2.18767108375917E-19));
#7597=CARTESIAN_POINT('',(-0.120059245138643,-0.774190918010867,-0.0526892015162469));
#7598=CARTESIAN_POINT('',(-0.121213776027914,-0.771266800839521,-0.0513658969465836));
#7599=CARTESIAN_POINT('',(-0.122131339932364,-0.767798287556226,-0.050766779582496));
#7600=CARTESIAN_POINT('',(-0.122638374771448,-0.764434199974628,-0.0510027624347965));
#7601=CARTESIAN_POINT('',(-0.120057466013212,-0.774188437152458,-0.0526931310870324));
#7602=CARTESIAN_POINT('',(-0.122718705254777,-0.764441464059305,-0.0509335432598553));
#7603=CARTESIAN_POINT('',(-0.151118589591044,-0.780352251930627,-0.0344415505174087));
#7604=CARTESIAN_POINT('',(-0.150922664221376,-0.777773814713475,-0.0486842481509793));
#7605=CARTESIAN_POINT('',(-0.133233195492841,-0.771180768461958,-0.0582550973616939));
#7606=CARTESIAN_POINT('',(-0.122829072496795,-0.764451496111044,-0.0507709621795263));
#7607=CARTESIAN_POINT('',(-0.152690626688641,-0.780181176232629,-0.0344322049565656));
#7608=CARTESIAN_POINT('',(-0.120059068961351,-0.774190542444599,-0.0526888906146177));
#7609=CARTESIAN_POINT('',(-0.133713283822724,-0.777237644485962,-0.0593730790852501));
#7610=CARTESIAN_POINT('',(-0.151035062510369,-0.780885530304768,-0.0506936478379501));
#7611=CARTESIAN_POINT('',(-0.154756687403921,-0.781437779484174,-0.0322262845969061));
#7612=CARTESIAN_POINT('',(-0.15475668693255,-0.781437779377599,-0.0322262844463231));
#7613=CARTESIAN_POINT('',(-0.15475668693255,-0.781437779377599,-0.0322262844463231));
#7614=CARTESIAN_POINT('',(-0.15475668693255,-0.781437779377599,-0.0322262844463231));
#7615=CARTESIAN_POINT('',(-0.15475668693255,-0.781437779377599,-0.0322262844463231));
#7616=CARTESIAN_POINT('',(-0.151513195559576,-0.780956776113553,-0.048320619487612));
#7617=CARTESIAN_POINT('',(-0.152009747250294,-0.779044667995013,-0.0479971668425801));
#7618=CARTESIAN_POINT('',(-0.152506360398981,-0.777132640310608,-0.0476733323639743));
#7619=CARTESIAN_POINT('',(-0.153003035018965,-0.775220693077779,-0.0473491159689992));
#7620=CARTESIAN_POINT('',(-0.133614575451034,-0.777219541819519,-0.059316888032411));
#7621=CARTESIAN_POINT('',(-0.134446104264294,-0.773908960825405,-0.0575326196718357));
#7622=CARTESIAN_POINT('',(-0.135488969823629,-0.769980098316196,-0.0568673589571307));
#7623=CARTESIAN_POINT('',(-0.136509364721233,-0.766313731438644,-0.0574709111654902));
#7624=CARTESIAN_POINT('',(-0.120047384892156,-0.77418826811418,-0.0526834026169275));
#7625=CARTESIAN_POINT('',(-0.12120627505963,-0.771265070875183,-0.0513622993895004));
#7626=CARTESIAN_POINT('',(-0.122127483563656,-0.767797021469868,-0.050764782371773));
#7627=CARTESIAN_POINT('',(-0.12263853316371,-0.764433157472665,-0.0510028361852383));
#7628=CARTESIAN_POINT('',(-0.0735690718319356,-0.765650536062438,-0.030992805868957));
#7629=CARTESIAN_POINT('',(-0.0748120290798092,-0.762589750929361,-0.029626950513799));
#7630=CARTESIAN_POINT('',(-0.0749418010566974,-0.762754859931319,-0.0288924071145202));
#7631=CARTESIAN_POINT('',(-0.0761493112836707,-0.756276640194274,-0.0293279403426287));
#7632=CARTESIAN_POINT('',(-0.0727069577220239,-0.765380461596913,-0.0309700226349381));
#7633=CARTESIAN_POINT('',(-0.0741078143982329,-0.755861457801805,-0.0288118575866948));
#7634=CARTESIAN_POINT('',(-0.0994423128890143,-0.760181996489273,-0.0401862614873374));
#7635=CARTESIAN_POINT('',(-0.0737258957442064,-0.765622299528699,-0.0310162717378757));
#7636=CARTESIAN_POINT('',(-0.0891644141276486,-0.768468675925701,-0.038256890773407));
#7637=CARTESIAN_POINT('',(-0.104607860517696,-0.771323128899824,-0.0454838272634302));
#7638=CARTESIAN_POINT('',(-0.120056182495057,-0.774185713356659,-0.0526970949555564));
#7639=CARTESIAN_POINT('',(-0.0909899486986648,-0.760181996489273,-0.0583124149882093));
#7640=CARTESIAN_POINT('',(-0.0820925167664262,-0.756910455554345,-0.0539201855965984));
#7641=CARTESIAN_POINT('',(-0.0668283779770363,-0.755862560379375,-0.0468024007839652));
#7642=CARTESIAN_POINT('',(-0.0697012896944081,-0.763397823957066,-0.0173660230417098));
#7643=CARTESIAN_POINT('',(-0.0694017570664716,-0.763713303164499,-0.0221602093333911));
#7644=CARTESIAN_POINT('',(-0.0702745496822477,-0.764265931318378,-0.0269512134770761));
#7645=CARTESIAN_POINT('',(-0.0720673092140142,-0.765280653319352,-0.031198616074366));
#7646=CARTESIAN_POINT('',(-0.0673104845860434,-0.763315596264346,-0.016921352899929));
#7647=CARTESIAN_POINT('',(-0.0777068300640654,-0.70193316639465,-0.0190170597463031));
#7648=CARTESIAN_POINT('',(-0.069370191214018,-0.761765060136363,-0.023555039971494));
#7649=CARTESIAN_POINT('',(-0.0484767665209391,-0.763302389107709,-0.0508789718033811));
#7650=CARTESIAN_POINT('',(-0.0533444824213018,-0.758695449087953,-0.0491639122463819));
#7651=CARTESIAN_POINT('',(-0.0577240109401563,-0.756186229703113,-0.0496832050454907));
#7652=CARTESIAN_POINT('',(-0.0607516831044533,-0.755774730953192,-0.0505948343687383));
#7653=CARTESIAN_POINT('',(-0.0482873923413962,-0.763304779607058,-0.0503350649820431));
#7654=CARTESIAN_POINT('',(-0.0610795532434532,-0.755768511147533,-0.0495031157170581));
#7655=CARTESIAN_POINT('',(-0.0632171520401621,-0.765460466298206,-0.04856160386594));
#7656=CARTESIAN_POINT('',(-0.058446818988337,-0.764348061456803,-0.0484479402173155));
#7657=CARTESIAN_POINT('',(-0.0534689449913436,-0.763809388274583,-0.0495065392572747));
#7658=CARTESIAN_POINT('',(-0.0490116786632605,-0.763610572069778,-0.0517720070935005));
#7659=CARTESIAN_POINT('',(-0.063243187473723,-0.765391454250161,-0.048144334551364));
#7660=CARTESIAN_POINT('',(-0.0624987623980231,-0.76539906710877,-0.0475446566201487));
#7661=CARTESIAN_POINT('',(-0.0618146898888733,-0.763475283659243,-0.0483694247368136));
#7662=CARTESIAN_POINT('',(-0.0612675974979885,-0.761343729318023,-0.0489039560000242));
#7663=CARTESIAN_POINT('',(-0.0608646469259427,-0.759186510829207,-0.049086108773023));
#7664=CARTESIAN_POINT('',(-0.0606612267453403,-0.758097489482579,-0.0491780643441306));
#7665=CARTESIAN_POINT('',(-0.0604915826331931,-0.756990827843953,-0.0491831650049727));
#7666=CARTESIAN_POINT('',(-0.0603527458472392,-0.755891057740253,-0.0490993010901031));
#7667=CARTESIAN_POINT('',(-0.0566119346869409,-0.765725026183751,-0.0674928524802701));
#7668=CARTESIAN_POINT('',(-0.0635861868150215,-0.765426966314869,-0.048344027966263));
#7669=CARTESIAN_POINT('',(-0.0628227354223008,-0.761041532633526,-0.0508001515056942));
#7670=CARTESIAN_POINT('',(-0.0628190766900272,-0.760335149098626,-0.050825488372946));
#7671=CARTESIAN_POINT('',(-0.063527643547,-0.755940218137299,-0.0513236073504853));
#7672=CARTESIAN_POINT('',(-0.0635612512895552,-0.75594846105298,-0.0513485285306536));
#7673=CARTESIAN_POINT('',(-0.0610302285938819,-0.755743355663071,-0.0495762873597625));
#7674=CARTESIAN_POINT('',(-0.0618741204841467,-0.755807453518937,-0.05016718682276));
#7675=CARTESIAN_POINT('',(-0.0627180123744115,-0.755871551374803,-0.0507580862857575));
#7676=CARTESIAN_POINT('',(-0.0635619042646763,-0.75593564923067,-0.0513489857487549));
#7677=CARTESIAN_POINT('',(-0.0735450457942427,-0.755832205337637,-0.0341929549810014));
#7678=CARTESIAN_POINT('',(-0.105668377406213,-0.774155656055726,-0.0776577530249662));
#7679=CARTESIAN_POINT('',(-0.105116661111118,-0.771280956134792,-0.0792883863506187));
#7680=CARTESIAN_POINT('',(-0.105051096595811,-0.767991262403818,-0.0803446645392853));
#7681=CARTESIAN_POINT('',(-0.105480322488992,-0.764687050291584,-0.0806985048965242));
#7682=CARTESIAN_POINT('',(-0.105267422733674,-0.774720422658755,-0.0785177386885596));
#7683=CARTESIAN_POINT('',(-0.105438951635047,-0.764823811759392,-0.0818058830728346));
#7684=CARTESIAN_POINT('',(-0.0845234797859818,-0.76018199649111,-0.0660264384530154));
#7685=CARTESIAN_POINT('',(-0.105880630453379,-0.774234908975545,-0.0777828552581284));
#7686=CARTESIAN_POINT('',(-0.0916804349093786,-0.771336971264255,-0.0678711191862712));
#7687=CARTESIAN_POINT('',(-0.0774831592620673,-0.768436525998579,-0.0579559330258249));
#7688=CARTESIAN_POINT('',(-0.0632888083415529,-0.765533586181299,-0.0480372914460989));
#7689=CARTESIAN_POINT('',(-0.0959950070847345,-0.76018199649111,-0.0496433996070141));
#7690=CARTESIAN_POINT('',(-0.104972283246261,-0.780971119396176,-0.116571413134735));
#7691=CARTESIAN_POINT('',(-0.122907447641309,-0.781672422038073,-0.105610345341261));
#7692=CARTESIAN_POINT('',(-0.114947674663529,-0.776027124190783,-0.0831872580286841));
#7693=CARTESIAN_POINT('',(-0.105004929230931,-0.7751615791239,-0.0791374039377714));
#7694=CARTESIAN_POINT('',(-0.105007373751404,-0.781080232402273,-0.116635811533795));
#7695=CARTESIAN_POINT('',(-0.105146218422257,-0.764955386368439,-0.0812210506997674));
#7696=CARTESIAN_POINT('',(-0.120253281302725,-0.76849186900989,-0.0868062922390971));
#7697=CARTESIAN_POINT('',(-0.127499744831097,-0.774403848727223,-0.1059253117034));
#7698=CARTESIAN_POINT('',(-0.104567541943486,-0.780708938927983,-0.115707668091282));
#7699=CARTESIAN_POINT('',(-0.0964676714137006,-0.773464358151049,-0.0987920561826259));
#7700=CARTESIAN_POINT('',(0.104287485778311,-0.780978048243952,-0.11578322497945));
#7701=CARTESIAN_POINT('',(0.122356110685763,-0.773957260489622,-0.108793261265792));
#7702=CARTESIAN_POINT('',(0.116743485945498,-0.765852780163597,-0.0856429308172033));
#7703=CARTESIAN_POINT('',(0.105276123106996,-0.764468886131082,-0.0812993327005242));
#7704=CARTESIAN_POINT('',(0.104787314247888,-0.781205025992037,-0.116847272026371));
#7705=CARTESIAN_POINT('',(0.105730833423873,-0.764746601190198,-0.0816823495719187));
#7706=CARTESIAN_POINT('',(0.105756035109234,-0.774213703633887,-0.0776951852305179));
#7707=CARTESIAN_POINT('',(0.112292505664535,-0.775775142905944,-0.0821584225195054));
#7708=CARTESIAN_POINT('',(0.120666801436199,-0.780719396358732,-0.104067691963156));
#7709=CARTESIAN_POINT('',(0.105546466775384,-0.7814266495464,-0.117679068585133));
#7710=CARTESIAN_POINT('',(0.105448076911649,-0.774327764091934,-0.0781062906885707));
#7711=CARTESIAN_POINT('',(0.10477403143337,-0.77477293898505,-0.0794867034598405));
#7712=CARTESIAN_POINT('',(0.104719340966367,-0.771525162119369,-0.0805073871903733));
#7713=CARTESIAN_POINT('',(0.104664649330183,-0.768277386041885,-0.0815280733662741));
#7714=CARTESIAN_POINT('',(0.104609956527197,-0.765029610752891,-0.0825487619885844));
#7715=CARTESIAN_POINT('',(0.0964781943081454,-0.77344052198339,-0.0987806267207744));
#7716=CARTESIAN_POINT('',(0.0636008224028379,-0.765510224458536,-0.0482971702280321));
#7717=CARTESIAN_POINT('',(0.063036444797193,-0.762331107322102,-0.0500950125140769));
#7718=CARTESIAN_POINT('',(0.0628228822589012,-0.760307476483149,-0.0508295408820961));
#7719=CARTESIAN_POINT('',(0.0635269922120551,-0.755940218396844,-0.0513245376138344));
#7720=CARTESIAN_POINT('',(0.0633510929386782,-0.765520761126633,-0.0482265757020642));
#7721=CARTESIAN_POINT('',(0.0635614148378566,-0.755948460896929,-0.0513482949815847));
#7722=CARTESIAN_POINT('',(0.0845234797612977,-0.760181996518503,-0.066026438503927));
#7723=CARTESIAN_POINT('',(0.0637238271283033,-0.765622299560616,-0.04834036276496));
#7724=CARTESIAN_POINT('',(0.0777137284964466,-0.768468692670363,-0.0580902596149545));
#7725=CARTESIAN_POINT('',(0.0916942443256063,-0.771323162452144,-0.0678512656471605));
#7726=CARTESIAN_POINT('',(0.105665360311661,-0.774185763812499,-0.0776233285904203));
#7727=CARTESIAN_POINT('',(0.0959950070346991,-0.760181996518503,-0.0496433996941309));
#7728=CARTESIAN_POINT('',(0.0625343442986517,-0.765498615463238,-0.0475016488694655));
#7729=CARTESIAN_POINT('',(0.0618456354457463,-0.763581742942915,-0.0483361502357844));
#7730=CARTESIAN_POINT('',(0.0612936888509157,-0.761455372953526,-0.0488820308459257));
#7731=CARTESIAN_POINT('',(0.0608861659640828,-0.759300989614063,-0.0490761189624604));
#7732=CARTESIAN_POINT('',(0.0606731637653818,-0.758174946383174,-0.0491775640515568));
#7733=CARTESIAN_POINT('',(0.0604964316757929,-0.757029238672777,-0.0491860940535001));
#7734=CARTESIAN_POINT('',(0.0603527458474957,-0.755891057771134,-0.0490993010902768));
#7735=CARTESIAN_POINT('',(0.0610795532433886,-0.755768511178455,-0.0495031157170295));
#7736=CARTESIAN_POINT('',(0.0635619042656287,-0.75593564925976,-0.0513489857494222));
#7737=CARTESIAN_POINT('',(0.0627180123750566,-0.755871551403925,-0.0507580862862096));
#7738=CARTESIAN_POINT('',(0.0618741204844845,-0.75580745354809,-0.050167186822997));
#7739=CARTESIAN_POINT('',(0.0610302285939124,-0.755743355692255,-0.0495762873597843));
#7740=CARTESIAN_POINT('',(0.0735450457944468,-0.755832205366759,-0.0341929549811584));
#7741=CARTESIAN_POINT('',(0.0490307805383127,-0.763571512705964,-0.0517679439611374));
#7742=CARTESIAN_POINT('',(0.0533464806188729,-0.763851854300988,-0.0495696438956222));
#7743=CARTESIAN_POINT('',(0.0581351159155209,-0.764447238003112,-0.0484820722167825));
#7744=CARTESIAN_POINT('',(0.0627538752299365,-0.765565161255512,-0.0484771645998237));
#7745=CARTESIAN_POINT('',(0.0485397286178544,-0.763455556772311,-0.0507891331303877));
#7746=CARTESIAN_POINT('',(0.0607540624983532,-0.755774408085754,-0.0505955509649268));
#7747=CARTESIAN_POINT('',(0.0587738928924824,-0.756042918993037,-0.0499990523503059));
#7748=CARTESIAN_POINT('',(0.0543593427378034,-0.758565424320716,-0.048791619064006));
#7749=CARTESIAN_POINT('',(0.0484354255940502,-0.763341924068792,-0.0508935891338188));
#7750=CARTESIAN_POINT('',(0.0566119346872851,-0.765725026214781,-0.0674928524800154));
#7751=CARTESIAN_POINT('',(0.0679934763048567,-0.763399525447287,-0.0166399272829207));
#7752=CARTESIAN_POINT('',(0.0669169297629097,-0.760883546077799,-0.0210388733077059));
#7753=CARTESIAN_POINT('',(0.0692639571923444,-0.758367566708311,-0.0260332963627456));
#7754=CARTESIAN_POINT('',(0.0733375653935661,-0.755851587338823,-0.0280120320219205));
#7755=CARTESIAN_POINT('',(0.0679954950621655,-0.763399622843872,-0.0166399412287251));
#7756=CARTESIAN_POINT('',(0.072940700020074,-0.755837909155506,-0.0282148381388789));
#7757=CARTESIAN_POINT('',(0.0723435272811497,-0.764829977125837,-0.0314071336293247));
#7758=CARTESIAN_POINT('',(0.0702919626350666,-0.763935751526081,-0.0269550223491641));
#7759=CARTESIAN_POINT('',(0.069318972458324,-0.763592022318114,-0.0218478787922766));
#7760=CARTESIAN_POINT('',(0.0697344930605213,-0.763506467749975,-0.0167807403063616));
#7761=CARTESIAN_POINT('',(0.0729933279396252,-0.765222028183333,-0.0311334982522684));
#7762=CARTESIAN_POINT('',(0.07136201524865,-0.765502243868489,-0.0299656324848128));
#7763=CARTESIAN_POINT('',(0.0717517511904711,-0.763628465392153,-0.0289716455542402));
#7764=CARTESIAN_POINT('',(0.0719481596879927,-0.761551469839819,-0.0282212553384562));
#7765=CARTESIAN_POINT('',(0.0718991331508071,-0.759447781706651,-0.0277489815429787));
#7766=CARTESIAN_POINT('',(0.0718735203052816,-0.758348755703962,-0.027502252394568));
#7767=CARTESIAN_POINT('',(0.0717822670272198,-0.757230922827675,-0.0273271361896793));
#7768=CARTESIAN_POINT('',(0.0716231318155574,-0.756120489048221,-0.0272222445743166));
#7769=CARTESIAN_POINT('',(0.0876884594493906,-0.765427601886921,-0.0170907906693715));
#7770=CARTESIAN_POINT('',(0.073617985651365,-0.765529429114029,-0.030939272888313));
#7771=CARTESIAN_POINT('',(0.0754050434809769,-0.761080333146181,-0.0289912497068101));
#7772=CARTESIAN_POINT('',(0.0754145415457291,-0.760385583341329,-0.0289849888424299));
#7773=CARTESIAN_POINT('',(0.0762103342981676,-0.755939982549158,-0.0293542788962113));
#7774=CARTESIAN_POINT('',(0.0762496341394426,-0.755948460894921,-0.0293716549785741));
#7775=CARTESIAN_POINT('',(0.0730954401461515,-0.755718934917058,-0.0279005125024653));
#7776=CARTESIAN_POINT('',(0.0741471217331402,-0.755791133681799,-0.0283909196804187));
#7777=CARTESIAN_POINT('',(0.0751988033201288,-0.75586333244654,-0.0288813268583721));
#7778=CARTESIAN_POINT('',(0.0762504849071175,-0.755935531211282,-0.0293717340363256));
#7779=CARTESIAN_POINT('',(0.0668283779567822,-0.755862560400281,-0.0468024007740148));
#7780=CARTESIAN_POINT('',(0.120059005905316,-0.774190028409327,-0.0526900625008563));
#7781=CARTESIAN_POINT('',(0.104432476663374,-0.771302631277804,-0.0453750905063569));
#7782=CARTESIAN_POINT('',(0.0888044306186371,-0.768412744915635,-0.0380643413251065));
#7783=CARTESIAN_POINT('',(0.0731748655936877,-0.765520382183923,-0.0307578217306754));
#7784=CARTESIAN_POINT('',(0.120817302874028,-0.771374103398304,-0.0522085537793915));
#7785=CARTESIAN_POINT('',(0.0994423128550721,-0.76018199650878,-0.0401862615331446));
#7786=CARTESIAN_POINT('',(0.0909899486320698,-0.76018199650878,-0.0583124151040404));
#7787=CARTESIAN_POINT('',(0.154654342399602,-0.78142228652828,-0.0327137842093016));
#7788=CARTESIAN_POINT('',(0.150741444765226,-0.780819134136394,-0.0506321317943471));
#7789=CARTESIAN_POINT('',(0.133569360174927,-0.777210031902746,-0.05929232301277));
#7790=CARTESIAN_POINT('',(0.120074284748939,-0.774193940600532,-0.0526963334424076));
#7791=CARTESIAN_POINT('',(0.152902765559184,-0.781068107734188,-0.03232009427362));
#7792=CARTESIAN_POINT('',(0.124546393056794,-0.765517051836139,-0.0518536420805104));
#7793=CARTESIAN_POINT('',(0.135704974644108,-0.772250847344798,-0.0579711342746088));
#7794=CARTESIAN_POINT('',(0.152221082665148,-0.778411813048507,-0.0465798841010126));
#7795=CARTESIAN_POINT('',(0.151048744363033,-0.780698924408736,-0.0324138543019002));
#7796=CARTESIAN_POINT('',(0.154739489216161,-0.781378081352521,-0.0323712130399414));
#7797=CARTESIAN_POINT('',(0.154734670831171,-0.781396516912264,-0.0323743334548926));
#7798=CARTESIAN_POINT('',(0.154729880808405,-0.781414959416665,-0.0323774567388341));
#7799=CARTESIAN_POINT('',(0.154725118180722,-0.781433408506202,-0.0323805827713647));
#7800=CARTESIAN_POINT('',(0.152914719259748,-0.775172925191859,-0.0474059008330558));
#7801=CARTESIAN_POINT('',(0.152406924040468,-0.777104183063254,-0.0477321750362694));
#7802=CARTESIAN_POINT('',(0.151904973694343,-0.779036809680884,-0.0480594496677713));
#7803=CARTESIAN_POINT('',(0.151408671995934,-0.780970721283303,-0.0483876835205353));
#7804=CARTESIAN_POINT('',(0.136483256287077,-0.766310191749729,-0.0574587366027076));
#7805=CARTESIAN_POINT('',(0.135457740548739,-0.769997850765808,-0.0568522770832093));
#7806=CARTESIAN_POINT('',(0.134411258296594,-0.773943461965514,-0.0575422766562927));
#7807=CARTESIAN_POINT('',(0.133574150683939,-0.777273052597276,-0.0593363087759878));
#7808=CARTESIAN_POINT('',(0.122665901481439,-0.7644368680292,-0.0510155982413861));
#7809=CARTESIAN_POINT('',(0.122150793186814,-0.767821393350704,-0.0507753992988236));
#7810=CARTESIAN_POINT('',(0.121218583634423,-0.771305162474846,-0.0513902420393787));
#7811=CARTESIAN_POINT('',(0.120053432017285,-0.774246561532247,-0.0527201431760465));
#7812=CARTESIAN_POINT('',(0.0143981283522151,-0.774193136140195,0.130318700580289));
#7813=CARTESIAN_POINT('',(0.016122243845236,-0.771267602730008,0.130657065101682));
#7814=CARTESIAN_POINT('',(0.0171005394315478,-0.767797557948918,0.13115233882425));
#7815=CARTESIAN_POINT('',(0.0171495335380986,-0.764431864406336,0.131709716687666));
#7816=CARTESIAN_POINT('',(0.0143981717743934,-0.774193215845892,0.130319168696013));
#7817=CARTESIAN_POINT('',(0.0171508405115309,-0.76443436179855,0.131724656471617));
#7818=CARTESIAN_POINT('',(0.0475800446853665,-0.780754135632894,0.14725400590062));
#7819=CARTESIAN_POINT('',(0.0352045356037515,-0.778378024443832,0.155930288252892));
#7820=CARTESIAN_POINT('',(0.0159195690307627,-0.771520519311835,0.145233105335736));
#7821=CARTESIAN_POINT('',(0.0175006657603289,-0.764449397095822,0.131758077743697));
#7822=CARTESIAN_POINT('',(0.0485248069402486,-0.781095713329534,0.148695240914965));
#7823=CARTESIAN_POINT('',(0.0143996612262908,-0.774190716222518,0.130319568902912));
#7824=CARTESIAN_POINT('',(0.0154377363627221,-0.777240560410479,0.145505024476267));
#7825=CARTESIAN_POINT('',(0.036770266895579,-0.781003202139882,0.154203594263519));
#7826=CARTESIAN_POINT('',(0.0490220109303894,-0.781423184986081,0.150283295121793));
#7827=CARTESIAN_POINT('',(0.0493436951279709,-0.781434121875874,0.150178377197634));
#7828=CARTESIAN_POINT('',(0.0493480107237783,-0.78141847981633,0.150180552625658));
#7829=CARTESIAN_POINT('',(0.049352335025329,-0.781402842659206,0.15018274612317));
#7830=CARTESIAN_POINT('',(0.0493566680213747,-0.781387210479882,0.150184957697488));
#7831=CARTESIAN_POINT('',(0.0337135026363086,-0.780972602961695,0.155359172400964));
#7832=CARTESIAN_POINT('',(0.0342526349312567,-0.779015408939872,0.155628962759734));
#7833=CARTESIAN_POINT('',(0.0347935613926209,-0.77705934808089,0.155903395976707));
#7834=CARTESIAN_POINT('',(0.0353362765286769,-0.775104447512424,0.156182472826292));
#7835=CARTESIAN_POINT('',(0.0153854654794022,-0.777237332864218,0.145155326632965));
#7836=CARTESIAN_POINT('',(0.0173672323114051,-0.773891470701635,0.144988795424617));
#7837=CARTESIAN_POINT('',(0.0184754733433358,-0.76992625420548,0.145564285522906));
#7838=CARTESIAN_POINT('',(0.0184637382072503,-0.766218945795129,0.146755217152616));
#7839=CARTESIAN_POINT('',(0.0143477263766375,-0.774188901285752,0.130030324138638));
#7840=CARTESIAN_POINT('',(0.0160883381374846,-0.77123649711419,0.130386955371048));
#7841=CARTESIAN_POINT('',(0.0170755469959003,-0.767737895500464,0.130890264574894));
#7842=CARTESIAN_POINT('',(0.0171266400532212,-0.764337833266945,0.131447558894409));
#7843=CARTESIAN_POINT('',(0.0100227674006155,-0.765517090728962,0.0792308304869576));
#7844=CARTESIAN_POINT('',(0.0118666272282203,-0.762332533607235,0.0796414983398093));
#7845=CARTESIAN_POINT('',(0.0126083147697719,-0.760310385054274,0.0798221655174789));
#7846=CARTESIAN_POINT('',(0.0126851549049872,-0.755940876088398,0.0806816619491163));
#7847=CARTESIAN_POINT('',(0.010010085360196,-0.765475289471802,0.0788362837558904));
#7848=CARTESIAN_POINT('',(0.01268821631145,-0.755948460872825,0.080719947800552));
#7849=CARTESIAN_POINT('',(0.0149188330830293,-0.760181996470169,0.106212699824091));
#7850=CARTESIAN_POINT('',(0.00995734526765442,-0.765534060092369,0.0788309267670932));
#7851=CARTESIAN_POINT('',(0.0114206641740738,-0.768409699023044,0.0959967744013677));
#7852=CARTESIAN_POINT('',(0.0128985936310081,-0.771293581378863,0.113159995599101));
#7853=CARTESIAN_POINT('',(0.0143910943333596,-0.774185763782424,0.130320550633325));
#7854=CARTESIAN_POINT('',(-0.00500505843950167,-0.760181996470169,0.107955814465633));
#7855=CARTESIAN_POINT('',(0.00998421534105387,-0.765472072792751,0.0787098960876449));
#7856=CARTESIAN_POINT('',(0.0116864882128999,-0.762385469819254,0.0784400183287517));
#7857=CARTESIAN_POINT('',(0.0124611594236946,-0.75897759703831,0.0781469172790395));
#7858=CARTESIAN_POINT('',(0.0124271877099304,-0.755756896794716,0.0777463029330925));
#7859=CARTESIAN_POINT('',(0.0125333569837801,-0.755763640082091,0.0776830878742043));
#7860=CARTESIAN_POINT('',(0.0126885720615382,-0.755936003819094,0.0807206946992433));
#7861=CARTESIAN_POINT('',(0.0126002967377659,-0.755872985833248,0.0797117031314823));
#7862=CARTESIAN_POINT('',(0.0125120214139936,-0.755809967847403,0.0787027115637213));
#7863=CARTESIAN_POINT('',(0.0124237460902212,-0.755746949861557,0.0776937199959603));
#7864=CARTESIAN_POINT('',(-0.00713199618130603,-0.755852961101437,0.0811149816132554));
#7865=CARTESIAN_POINT('',(0.0193427392828074,-0.763410584421955,0.0672774046217113));
#7866=CARTESIAN_POINT('',(0.0148720897502442,-0.763604698112319,0.0686697648284182));
#7867=CARTESIAN_POINT('',(0.0107596789067596,-0.763459928745309,0.0737309843550264));
#7868=CARTESIAN_POINT('',(0.0100259055652328,-0.765332682634279,0.0783145299153309));
#7869=CARTESIAN_POINT('',(0.01913704707176,-0.763348543936639,0.0667585089643479));
#7870=CARTESIAN_POINT('',(0.012644490944454,-0.755763908573936,0.0776901462390053));
#7871=CARTESIAN_POINT('',(0.0129251001287489,-0.758255599851694,0.0731771733753438));
#7872=CARTESIAN_POINT('',(0.0148101698264713,-0.760747291129452,0.0687803002099509));
#7873=CARTESIAN_POINT('',(0.0178855470636412,-0.76323898240721,0.0654655271511197));
#7874=CARTESIAN_POINT('',(0.0306092586245447,-0.765837787924627,0.0819276721021968));
#7875=CARTESIAN_POINT('',(0.00565000677594252,-0.756910923657911,0.0980541980276472));
#7876=CARTESIAN_POINT('',(-0.00952876399407661,-0.765378257870288,0.0784517733373647));
#7877=CARTESIAN_POINT('',(-0.0121121801774383,-0.755683154681868,0.0788132721911963));
#7878=CARTESIAN_POINT('',(-0.0323847245513476,-0.643903347910284,0.0789175614135984));
#7879=CARTESIAN_POINT('',(-0.0187949400781427,-0.76353376404506,0.0661741257066038));
#7880=CARTESIAN_POINT('',(-0.00957699822770145,-0.76630283113643,0.0766081496560773));
#7881=CARTESIAN_POINT('',(-0.0111476944089346,-0.763637891394679,0.0753127818770722));
#7882=CARTESIAN_POINT('',(-0.0127709750456283,-0.760833164878582,0.073986806764075));
#7883=CARTESIAN_POINT('',(-0.0147463112293637,-0.759024493784233,0.0719684599560454));
#7884=CARTESIAN_POINT('',(-0.0149445662977434,-0.758842966095712,0.0717658881165101));
#7885=CARTESIAN_POINT('',(-0.0151489273950718,-0.758677205919457,0.0715516879352293));
#7886=CARTESIAN_POINT('',(-0.0153582109536729,-0.758547388954375,0.0713222523850474));
#7887=CARTESIAN_POINT('',(-0.0155696723920279,-0.758416221067407,0.0710904292462614));
#7888=CARTESIAN_POINT('',(-0.0157929784881536,-0.758317858724809,0.0708354898532451));
#7889=CARTESIAN_POINT('',(-0.0160060113036519,-0.758310371508227,0.0705704919602944));
#7890=CARTESIAN_POINT('',(-0.0161110514502254,-0.758306679784371,0.0704398293792639));
#7891=CARTESIAN_POINT('',(-0.0162151880792481,-0.758326391991125,0.0703043936287374));
#7892=CARTESIAN_POINT('',(-0.0163092617422768,-0.758374852841238,0.0701743111040485));
#7893=CARTESIAN_POINT('',(-0.0164037867334643,-0.758423546187308,0.0700436044949508));
#7894=CARTESIAN_POINT('',(-0.0164901312733209,-0.758503101823254,0.0699153594030517));
#7895=CARTESIAN_POINT('',(-0.0165610508930548,-0.758604440054106,0.0698009426032499));
#7896=CARTESIAN_POINT('',(-0.0166434274782693,-0.758722149334564,0.0696680419293011));
#7897=CARTESIAN_POINT('',(-0.0167078716470318,-0.75887118426309,0.0695497031026128));
#7898=CARTESIAN_POINT('',(-0.0167562548747692,-0.759031629007186,0.069448606549757));
#7899=CARTESIAN_POINT('',(-0.0168362285132106,-0.759296831445183,0.0692815019653001));
#7900=CARTESIAN_POINT('',(-0.0168773487065813,-0.759599263519569,0.0691536794335216));
#7901=CARTESIAN_POINT('',(-0.016898590003465,-0.759904942112901,0.069049941962003));
#7902=CARTESIAN_POINT('',(-0.0169625567487447,-0.760825472757717,0.0687375435028637));
#7903=CARTESIAN_POINT('',(-0.016868665149686,-0.761810950158439,0.0686065227109272));
#7904=CARTESIAN_POINT('',(-0.0167529067941837,-0.762773290355291,0.0685087343758622));
#7905=CARTESIAN_POINT('',(-0.0167268647281467,-0.762989787271196,0.0684867350111653));
#7906=CARTESIAN_POINT('',(-0.0166987392953343,-0.763206314549071,0.0684673380227475));
#7907=CARTESIAN_POINT('',(-0.0166689405245468,-0.763422755194519,0.0684500592466202));
#7908=CARTESIAN_POINT('',(-0.0142858326041824,-0.761765060131525,0.071853867842603));
#7909=CARTESIAN_POINT('',(-0.00994469438527251,-0.765650728061456,0.0792136260956221));
#7910=CARTESIAN_POINT('',(-0.0125819032733678,-0.761176770760554,0.0797887600714715));
#7911=CARTESIAN_POINT('',(-0.0125786659657285,-0.760412415938444,0.0798045440506186));
#7912=CARTESIAN_POINT('',(-0.0126815797646619,-0.756058634492555,0.0806586294243789));
#7913=CARTESIAN_POINT('',(0.00713199618103092,-0.755852961098339,0.0811149816153486));
#7914=CARTESIAN_POINT('',(-0.0143985702948778,-0.774190028372696,0.130319180325461));
#7915=CARTESIAN_POINT('',(-0.0129103419718036,-0.771283207095923,0.11301324325482));
#7916=CARTESIAN_POINT('',(-0.0114176385904762,-0.768373862992634,0.0957081147687814));
#7917=CARTESIAN_POINT('',(-0.00992045305494996,-0.765462009185254,0.0784037963988963));
#7918=CARTESIAN_POINT('',(-0.0151398783395482,-0.771568468848836,0.130706987141283));
#7919=CARTESIAN_POINT('',(-0.0149188330265526,-0.760181996468298,0.106212699818999));
#7920=CARTESIAN_POINT('',(0.00500505855013478,-0.760181996468298,0.107955814465279));
#7921=CARTESIAN_POINT('',(-0.0494695625714614,-0.781437779480485,0.150136364996517));
#7922=CARTESIAN_POINT('',(-0.0316236098806628,-0.780885779765682,0.156144309626591));
#7923=CARTESIAN_POINT('',(-0.0154464969095057,-0.777240549287303,0.145472242566072));
#7924=CARTESIAN_POINT('',(-0.0144007789292144,-0.774193940567999,0.130335547661882));
#7925=CARTESIAN_POINT('',(-0.049469562457688,-0.781437779374209,0.150136364624396));
#7926=CARTESIAN_POINT('',(-0.0174992136445864,-0.76445107874775,0.13177257506667));
#7927=CARTESIAN_POINT('',(-0.0159294381913999,-0.771522084973128,0.145243803919738));
#7928=CARTESIAN_POINT('',(-0.0352086441078245,-0.778377039260766,0.155927828044601));
#7929=CARTESIAN_POINT('',(-0.047580044522015,-0.78075413556208,0.147254005600573));
#7930=CARTESIAN_POINT('',(-0.0494695624662067,-0.781437779373932,0.150136364513104));
#7931=CARTESIAN_POINT('',(-0.0494695624662067,-0.781437779373932,0.150136364513104));
#7932=CARTESIAN_POINT('',(-0.0494695624662067,-0.781437779373932,0.150136364513104));
#7933=CARTESIAN_POINT('',(-0.0477240134859862,-0.780661154695394,0.150891206313241));
#7934=CARTESIAN_POINT('',(-0.0476248720320044,-0.781019395889343,0.150840986886956));
#7935=CARTESIAN_POINT('',(-0.0475258677391532,-0.781377667617662,0.150790715201676));
#7936=CARTESIAN_POINT('',(-0.0459463431897786,-0.779855031522347,0.15144421936287));
#7937=CARTESIAN_POINT('',(-0.0457418261455848,-0.780559653983911,0.151324539181028));
#7938=CARTESIAN_POINT('',(-0.0455538720161557,-0.781274406763426,0.151244319329491));
#7939=CARTESIAN_POINT('',(-0.0423330877641146,-0.778185391382191,0.152159157286377));
#7940=CARTESIAN_POINT('',(-0.0419373654236927,-0.779569233357208,0.151861306736268));
#7941=CARTESIAN_POINT('',(-0.0415584176823883,-0.780985912811589,0.151762527427234));
#7942=CARTESIAN_POINT('',(-0.0404755768955341,-0.777311186157685,0.152318276432388));
#7943=CARTESIAN_POINT('',(-0.0399900316800198,-0.779030614495752,0.151909737185411));
#7944=CARTESIAN_POINT('',(-0.0395109307294121,-0.780797555114007,0.151823225214126));
#7945=CARTESIAN_POINT('',(-0.0368539188380876,-0.775573141133875,0.152216124345263));
#7946=CARTESIAN_POINT('',(-0.0362367273367531,-0.777931432269059,0.151570056368673));
#7947=CARTESIAN_POINT('',(-0.0355304492117623,-0.780352135108394,0.151534499638428));
#7948=CARTESIAN_POINT('',(-0.0350790492124351,-0.774704742506715,0.151961940506961));
#7949=CARTESIAN_POINT('',(-0.0344168981094872,-0.777367725828631,0.151187221522424));
#7950=CARTESIAN_POINT('',(-0.0335854537952117,-0.780095161465191,0.15119151477176));
#7951=CARTESIAN_POINT('',(-0.031604271112539,-0.772967733658148,0.151031823212647));
#7952=CARTESIAN_POINT('',(-0.0309075192785191,-0.7762185803978,0.150009567320349));
#7953=CARTESIAN_POINT('',(-0.0297887501443328,-0.779510984351903,0.150093289464046));
#7954=CARTESIAN_POINT('',(-0.0299126339885556,-0.772102551013691,0.150349989797928));
#7955=CARTESIAN_POINT('',(-0.0292270591181255,-0.775634721965939,0.149207893021973));
#7956=CARTESIAN_POINT('',(-0.0279462793526368,-0.779183658827258,0.149332659056537));
#7957=CARTESIAN_POINT('',(-0.0268030985581175,-0.770471106707043,0.148623859125078));
#7958=CARTESIAN_POINT('',(-0.0261858529223397,-0.774513023506227,0.147295042107833));
#7959=CARTESIAN_POINT('',(-0.0245712053294555,-0.778493848299909,0.147468340371813));
#7960=CARTESIAN_POINT('',(-0.0253672243721248,-0.769696209041122,0.147578815486376));
#7961=CARTESIAN_POINT('',(-0.0248080480431957,-0.773969934035724,0.146180480861585));
#7962=CARTESIAN_POINT('',(-0.0230188575327306,-0.778129101169408,0.146362977679762));
#7963=CARTESIAN_POINT('',(-0.0227448386777775,-0.76823242202965,0.145106906050457));
#7964=CARTESIAN_POINT('',(-0.0223215735198326,-0.772915855396398,0.143640609350895));
#7965=CARTESIAN_POINT('',(-0.0201979433515477,-0.777357946410028,0.143789394529471));
#7966=CARTESIAN_POINT('',(-0.0215982071037683,-0.767565532445297,0.143714520798046));
#7967=CARTESIAN_POINT('',(-0.0212529967858884,-0.77242125969635,0.142251872056943));
#7968=CARTESIAN_POINT('',(-0.0189723581669291,-0.776962685581879,0.142357253691156));
#7969=CARTESIAN_POINT('',(-0.0196621386018569,-0.766380645136805,0.140663296005921));
#7970=CARTESIAN_POINT('',(-0.0194526602760835,-0.771499489622724,0.139277718545602));
#7971=CARTESIAN_POINT('',(-0.0169215453398004,-0.776164177580508,0.139250091058535));
#7972=CARTESIAN_POINT('',(-0.0188622702455652,-0.765855220268538,0.138975410608319));
#7973=CARTESIAN_POINT('',(-0.0187133878004552,-0.771066703788254,0.137667234754556));
#7974=CARTESIAN_POINT('',(-0.0160856119767798,-0.775754261387036,0.137545928819857));
#7975=CARTESIAN_POINT('',(-0.0176970687182855,-0.765004372977919,0.135471363967247));
#7976=CARTESIAN_POINT('',(-0.017619651999803,-0.770297192691796,0.134357693155036));
#7977=CARTESIAN_POINT('',(-0.0148971025691136,-0.77496025587869,0.134035468323279));
#7978=CARTESIAN_POINT('',(-0.017318774329259,-0.764671785141215,0.133644148791655));
#7979=CARTESIAN_POINT('',(-0.0172544652552828,-0.769956356063133,0.132650870908426));
#7980=CARTESIAN_POINT('',(-0.0145305353726831,-0.774572586855288,0.132217589095015));
#7981=CARTESIAN_POINT('',(-0.0171521466750041,-0.764436867999396,0.131739585988435));
#7982=CARTESIAN_POINT('',(-0.0170757430433803,-0.769657137561499,0.130866288482854));
#7983=CARTESIAN_POINT('',(-0.0144007640130888,-0.774193932093118,0.130335550398124));
#7984=CARTESIAN_POINT('',(-0.125721395162626,-0.704424528928398,-0.0920674215789206));
#7985=CARTESIAN_POINT('',(-0.126103586083253,-0.704424528928398,-0.0922725312541352));
#7986=CARTESIAN_POINT('',(-0.126477264866566,-0.704424528928398,-0.0924946683405796));
#7987=CARTESIAN_POINT('',(-0.126838416516698,-0.704424528928398,-0.0927348960747891));
#7988=CARTESIAN_POINT('',(-0.128001335688625,-0.704424528928398,-0.0935084366017084));
#7989=CARTESIAN_POINT('',(-0.129048331604508,-0.704424528928398,-0.0945024129990227));
#7990=CARTESIAN_POINT('',(-0.129856138240744,-0.704424528928398,-0.0956417963347244));
#7991=CARTESIAN_POINT('',(-0.130659199508929,-0.704424528928398,-0.0967744864928315));
#7992=CARTESIAN_POINT('',(-0.131254153906283,-0.704424528928398,-0.098069229268234));
#7993=CARTESIAN_POINT('',(-0.131656202992018,-0.704424528928398,-0.0993982330031392));
#7994=CARTESIAN_POINT('',(-0.132198584894946,-0.704424528928398,-0.101191117504839));
#7995=CARTESIAN_POINT('',(-0.132420327876408,-0.704424528928398,-0.103094411833393));
#7996=CARTESIAN_POINT('',(-0.13240520553045,-0.704424528928398,-0.104967479979434));
#7997=CARTESIAN_POINT('',(-0.132382182860065,-0.704424528928398,-0.107819089819126));
#7998=CARTESIAN_POINT('',(-0.131806578446257,-0.704424528928398,-0.110702581236593));
#7999=CARTESIAN_POINT('',(-0.130799556694379,-0.704424528928398,-0.113370560980224));
#8000=CARTESIAN_POINT('',(-0.129640505425319,-0.704424528928398,-0.116441324150845));
#8001=CARTESIAN_POINT('',(-0.12785225970726,-0.704424528928398,-0.11934017878326));
#8002=CARTESIAN_POINT('',(-0.125615010723359,-0.704424528928398,-0.121741783096712));
#8003=CARTESIAN_POINT('',(-0.124756233817767,-0.704424528928398,-0.122663648448133));
#8004=CARTESIAN_POINT('',(-0.12382472341436,-0.704424528928398,-0.12352289561128));
#8005=CARTESIAN_POINT('',(-0.122835294885408,-0.704424528928398,-0.124302872973661));
#8006=CARTESIAN_POINT('',(-0.129090727337358,-0.705307471337068,-0.0857891796363125));
#8007=CARTESIAN_POINT('',(-0.116183614768551,-0.71517838170733,-0.0855351880103992));
#8008=CARTESIAN_POINT('',(-0.120176290532411,-0.711439072717008,-0.0859901651943486));
#8009=CARTESIAN_POINT('',(-0.124871754653216,-0.708340791411311,-0.0854414565871647));
#8010=CARTESIAN_POINT('',(-0.129924860300409,-0.706476781045912,-0.0843819829469429));
#8011=CARTESIAN_POINT('',(-0.11504347762321,-0.715006010001409,-0.088485955358896));
#8012=CARTESIAN_POINT('',(-0.113745410644614,-0.714802043983021,-0.0913623733155077));
#8013=CARTESIAN_POINT('',(-0.125932756761926,-0.717226146149338,-0.0970341585760235));
#8014=CARTESIAN_POINT('',(-0.133876795783789,-0.7212678168418,-0.112130081095826));
#8015=CARTESIAN_POINT('',(-0.116651159525974,-0.719606025950305,-0.124947792491304));
#8016=CARTESIAN_POINT('',(-0.116893146854649,-0.719710731515978,-0.125286572506244));
#8017=CARTESIAN_POINT('',(-0.122987202495466,-0.704424528929602,-0.124495574307871));
#8018=CARTESIAN_POINT('',(-0.120052093281023,-0.709330784274626,-0.125879607353531));
#8019=CARTESIAN_POINT('',(-0.118064018471974,-0.714445799960605,-0.126174749682736));
#8020=CARTESIAN_POINT('',(-0.117051534885642,-0.719769575987539,-0.125519285792842));
#8021=CARTESIAN_POINT('',(-0.126746318113658,-0.716171870993353,-0.0801687596396635));
#8022=CARTESIAN_POINT('',(-0.113105806529445,-0.746054945317734,-0.0860399995868708));
#8023=CARTESIAN_POINT('',(-0.117051537447849,-0.7197695359927,-0.1255192954208));
#8024=CARTESIAN_POINT('',(-0.113076257146687,-0.740279083300567,-0.123063859580821));
#8025=CARTESIAN_POINT('',(-0.109162945939083,-0.760788630608434,-0.120532476127083));
#8026=CARTESIAN_POINT('',(-0.105313922523141,-0.781298177916301,-0.117927278068189));
#8027=CARTESIAN_POINT('',(-0.101761407518466,-0.746054945317734,-0.102241480422087));
#8028=CARTESIAN_POINT('',(-0.110408000418786,-0.794605787796364,-0.0667006270064097));
#8029=CARTESIAN_POINT('',(-0.108929624328928,-0.78782451292538,-0.0704502318770806));
#8030=CARTESIAN_POINT('',(-0.107464796803854,-0.7810314304882,-0.0741838242660996));
#8031=CARTESIAN_POINT('',(-0.106013566765188,-0.774226670823925,-0.0779013501518728));
#8032=CARTESIAN_POINT('',(-0.109610130950412,-0.795017638841081,-0.0671233760992474));
#8033=CARTESIAN_POINT('',(-0.109234528857979,-0.794604282097095,-0.0684887917354851));
#8034=CARTESIAN_POINT('',(-0.119983546897318,-0.796730988139877,-0.0720894843172604));
#8035=CARTESIAN_POINT('',(-0.124033291289197,-0.808760031224387,-0.0819059572928134));
#8036=CARTESIAN_POINT('',(-0.123457262167939,-0.817686907562007,-0.0836892287436628));
#8037=CARTESIAN_POINT('',(-0.121271919596662,-0.816942675035133,-0.0867088760162612));
#8038=CARTESIAN_POINT('',(-0.116019717183813,-0.814138543229009,-0.0955605173515527));
#8039=CARTESIAN_POINT('',(-0.116468847259203,-0.813792763175913,-0.0952688450384168));
#8040=CARTESIAN_POINT('',(-0.116938735159269,-0.813537454147668,-0.0948811704012118));
#8041=CARTESIAN_POINT('',(-0.117379474962907,-0.8133855701269,-0.0944463899074982));
#8042=CARTESIAN_POINT('',(-0.117816860490597,-0.813234842028318,-0.0940149183360575));
#8043=CARTESIAN_POINT('',(-0.11823763882597,-0.813176773516625,-0.0935289763074582));
#8044=CARTESIAN_POINT('',(-0.118625575181601,-0.813183364875739,-0.093029321712302));
#8045=CARTESIAN_POINT('',(-0.119353803609024,-0.813195738078232,-0.0920913774469507));
#8046=CARTESIAN_POINT('',(-0.119990994986307,-0.813424417815757,-0.0910826751475469));
#8047=CARTESIAN_POINT('',(-0.120552679975879,-0.813740064564071,-0.0900851350298974));
#8048=CARTESIAN_POINT('',(-0.121212451911935,-0.814110832646023,-0.0889133946648646));
#8049=CARTESIAN_POINT('',(-0.121782796794795,-0.814611706937055,-0.0877304088269386));
#8050=CARTESIAN_POINT('',(-0.122293192775904,-0.815170198089871,-0.0865585184583716));
#8051=CARTESIAN_POINT('',(-0.114764889808981,-0.812396633610859,-0.0983019620494394));
#8052=CARTESIAN_POINT('',(-0.105360655336044,-0.781650299964735,-0.117781727641551));
#8053=CARTESIAN_POINT('',(-0.108831473235486,-0.791691645974233,-0.111716343231438));
#8054=CARTESIAN_POINT('',(-0.111816138330007,-0.801732991983731,-0.105525234369637));
#8055=CARTESIAN_POINT('',(-0.114315895006196,-0.81177433799323,-0.0992818057579997));
#8056=CARTESIAN_POINT('',(-0.0999844055688876,-0.795066772201954,-0.089194637830339));
#8057=CARTESIAN_POINT('',(-0.112456047316417,-0.794513550009349,-0.0620371122219652));
#8058=CARTESIAN_POINT('',(-0.123329342583262,-0.796581359061194,-0.0672006717932883));
#8059=CARTESIAN_POINT('',(-0.132627015448875,-0.806293155904761,-0.066147682821319));
#8060=CARTESIAN_POINT('',(-0.136075971275088,-0.816772770426117,-0.0608924733978783));
#8061=CARTESIAN_POINT('',(-0.112458301121145,-0.794516684223753,-0.0620310741247494));
#8062=CARTESIAN_POINT('',(-0.136076033346993,-0.816773052669885,-0.0608923899686015));
#8063=CARTESIAN_POINT('',(-3.061515884556E-17,-0.816773182064668,0.));
#8064=CARTESIAN_POINT('',(-3.061515884556E-17,-0.794494908512526,0.));
#8065=CARTESIAN_POINT('',(-3.061515884556E-17,-0.819151328019374,0.));
#8066=CARTESIAN_POINT('',(-0.143138871549292,-0.811773493840444,-0.0493590967379341));
#8067=CARTESIAN_POINT('',(-0.147147912150593,-0.802320440147281,-0.0441052332864968));
#8068=CARTESIAN_POINT('',(-0.150983225854669,-0.792374414959912,-0.0384925991093983));
#8069=CARTESIAN_POINT('',(-0.154585278718052,-0.781935418278339,-0.0325114763655324));
#8070=CARTESIAN_POINT('',(-0.143139071237696,-0.811773487448376,-0.0493596328106704));
#8071=CARTESIAN_POINT('',(-0.136076074284237,-0.816773211194054,-0.0608923062605407));
#8072=CARTESIAN_POINT('',(-0.138951407426637,-0.814193102629055,-0.057412336658719));
#8073=CARTESIAN_POINT('',(-0.141892874237407,-0.811773383833075,-0.0529733315892838));
#8074=CARTESIAN_POINT('',(-0.14313948363358,-0.811772325760799,-0.0493597754196937));
#8075=CARTESIAN_POINT('',(-0.12005622478509,-0.774186385999759,-0.0526975101913418));
#8076=CARTESIAN_POINT('',(-0.11755316950094,-0.780961769355079,-0.0558353161226173));
#8077=CARTESIAN_POINT('',(-0.115054865498497,-0.787745076873402,-0.0589598017521864));
#8078=CARTESIAN_POINT('',(-0.112561363205832,-0.794536255736556,-0.0620709538530213));
#8079=CARTESIAN_POINT('',(-0.108694654864377,-0.803544252454601,-0.0660525216148841));
#8080=CARTESIAN_POINT('',(-0.111758823750987,-0.804136314239042,-0.0675485886619151));
#8081=CARTESIAN_POINT('',(-0.115043181218885,-0.805085212595734,-0.0684485228646611));
#8082=CARTESIAN_POINT('',(-0.118271624174157,-0.806311177349033,-0.068676670272501));
#8083=CARTESIAN_POINT('',(-0.121500067129429,-0.807537142102332,-0.068904817680342));
#8084=CARTESIAN_POINT('',(-0.12466942024669,-0.809038967458282,-0.0684609538995781));
#8085=CARTESIAN_POINT('',(-0.127513248398238,-0.81069040082978,-0.0673823928232151));
#8086=CARTESIAN_POINT('',(-0.130357076549786,-0.812341834201277,-0.066303831746852));
#8087=CARTESIAN_POINT('',(-0.132872582696973,-0.814141251325984,-0.0645916341904001));
#8088=CARTESIAN_POINT('',(-0.13484829807101,-0.815937382240069,-0.062389737909524));
#8089=CARTESIAN_POINT('',(-0.136824017356772,-0.817733516710319,-0.0601878372691069));
#8090=CARTESIAN_POINT('',(-0.138258000515292,-0.819524598370767,-0.0574984016422111));
#8091=CARTESIAN_POINT('',(-0.13902969762029,-0.821160057390414,-0.0545475221832265));
#8092=CARTESIAN_POINT('',(-0.114143848328201,-0.790330349571672,-0.0601556342685541));
#8093=CARTESIAN_POINT('',(-0.117336551038928,-0.79085744110439,-0.061658061011408));
#8094=CARTESIAN_POINT('',(-0.120762568687687,-0.79176318981605,-0.0625272302724521));
#8095=CARTESIAN_POINT('',(-0.124117490951896,-0.792966715214974,-0.0626855811237031));
#8096=CARTESIAN_POINT('',(-0.127472413216105,-0.794170240613899,-0.0628439319749541));
#8097=CARTESIAN_POINT('',(-0.130752555026865,-0.795670212645814,-0.062291281439357));
#8098=CARTESIAN_POINT('',(-0.133666343476287,-0.79733303608775,-0.0610763048468671));
#8099=CARTESIAN_POINT('',(-0.136580131925708,-0.798995859529686,-0.0598613282543781));
#8100=CARTESIAN_POINT('',(-0.139124361728143,-0.800819701802457,-0.057985349328034));
#8101=CARTESIAN_POINT('',(-0.141072589802702,-0.802642255337197,-0.0556146230843101));
#8102=CARTESIAN_POINT('',(-0.143020821734564,-0.804464812480416,-0.0532438921467791));
#8103=CARTESIAN_POINT('',(-0.1443708975758,-0.806284073920295,-0.0503810064808482));
#8104=CARTESIAN_POINT('',(-0.145002161435688,-0.807938158157063,-0.0472800666491473));
#8105=CARTESIAN_POINT('',(-0.119012014952009,-0.776999515028465,-0.053979518771759));
#8106=CARTESIAN_POINT('',(-0.122324732512319,-0.777459527981883,-0.055483766125526));
#8107=CARTESIAN_POINT('',(-0.125883722639581,-0.778319812308596,-0.056317819350319));
#8108=CARTESIAN_POINT('',(-0.129355113695926,-0.779499282357058,-0.0564031015086161));
#8109=CARTESIAN_POINT('',(-0.132826504752272,-0.78067875240552,-0.0564883836669131));
#8110=CARTESIAN_POINT('',(-0.136206035159513,-0.782175951554613,-0.0558247792187891));
#8111=CARTESIAN_POINT('',(-0.139176525076762,-0.783850149860723,-0.0544741092649071));
#8112=CARTESIAN_POINT('',(-0.142147014994011,-0.785524348166832,-0.053123439311026));
#8113=CARTESIAN_POINT('',(-0.144704811324671,-0.787373484673901,-0.0510873492675241));
#8114=CARTESIAN_POINT('',(-0.146609533268747,-0.789223899710258,-0.0485564411986791));
#8115=CARTESIAN_POINT('',(-0.148514258983986,-0.791074318410257,-0.0460255281188817));
#8116=CARTESIAN_POINT('',(-0.149763553561283,-0.792923740102779,-0.0430028921669133));
#8117=CARTESIAN_POINT('',(-0.150239457049292,-0.794598507755806,-0.0397719029857103));
#8118=CARTESIAN_POINT('',(-0.123357823942083,-0.763610400417719,-0.047586028854297));
#8119=CARTESIAN_POINT('',(-0.126784013284812,-0.764000902124446,-0.0490878417182241));
#8120=CARTESIAN_POINT('',(-0.130469196248176,-0.764813048149324,-0.0498827063022171));
#8121=CARTESIAN_POINT('',(-0.134049141734373,-0.765966568708964,-0.049892060862419));
#8122=CARTESIAN_POINT('',(-0.13762908722057,-0.767120089268604,-0.0499014154226211));
#8123=CARTESIAN_POINT('',(-0.141098890948228,-0.768613404118442,-0.049125247143922));
#8124=CARTESIAN_POINT('',(-0.144115609179291,-0.770298919037914,-0.047640269890203));
#8125=CARTESIAN_POINT('',(-0.147132327410354,-0.771984433957385,-0.046155292636484));
#8126=CARTESIAN_POINT('',(-0.14969182744641,-0.773859839905903,-0.0439635407253931));
#8127=CARTESIAN_POINT('',(-0.151541136906651,-0.77573977806296,-0.0412816395491091));
#8128=CARTESIAN_POINT('',(-0.153390450028344,-0.777619719942111,-0.038599733062921));
#8129=CARTESIAN_POINT('',(-0.154527036324028,-0.779501618650375,-0.0354313494070519));
#8130=CARTESIAN_POINT('',(-0.154838558840122,-0.78119947290855,-0.032089642117594));
#8131=CARTESIAN_POINT('',(-0.154961072460591,-0.78043500422285,-0.0323256409674902));
#8132=CARTESIAN_POINT('',(-0.159080766219771,-0.760220074664037,-0.0343300549595578));
#8133=CARTESIAN_POINT('',(-0.163169533054106,-0.740005145105224,-0.0364244214445459));
#8134=CARTESIAN_POINT('',(-0.167224492728105,-0.719790215546411,-0.0386078377566688));
#8135=CARTESIAN_POINT('',(-0.129556220102491,-0.746264945390062,-0.0542286065815116));
#8136=CARTESIAN_POINT('',(-0.134862252300216,-0.714295540429587,-0.0545153773365716));
#8137=CARTESIAN_POINT('',(-0.134774175827741,-0.714893203547896,-0.0566150177825271));
#8138=CARTESIAN_POINT('',(-0.146557886991745,-0.717911695024049,-0.0631051952752564));
#8139=CARTESIAN_POINT('',(-0.163765470371674,-0.720403779901959,-0.052432182208695));
#8140=CARTESIAN_POINT('',(-0.163643024748763,-0.719069061512128,-0.0387101897380408));
#8141=CARTESIAN_POINT('',(-0.137914914579226,-0.746264945390062,-0.0363033284297287));
#8142=CARTESIAN_POINT('',(-0.169239035227692,-0.704424528928398,-0.0445287036562083));
#8143=CARTESIAN_POINT('',(-0.164983094413748,-0.704424528928398,-0.0592377126278876));
#8144=CARTESIAN_POINT('',(-0.154769527140945,-0.704424528928398,-0.0675296725560134));
#8145=CARTESIAN_POINT('',(-0.138598333409284,-0.704424528928398,-0.0694045834405857));
#8146=CARTESIAN_POINT('',(-0.138595502008694,-0.703747341872899,-0.0693801624785838));
#8147=CARTESIAN_POINT('',(-0.138467791533539,-0.704424539241128,-0.0694020735438788));
#8148=CARTESIAN_POINT('',(-0.137484574292544,-0.70443168928144,-0.0634503259791402));
#8149=CARTESIAN_POINT('',(-0.136341959390296,-0.708703130716318,-0.0578404078020712));
#8150=CARTESIAN_POINT('',(-0.133413994907638,-0.713667436574181,-0.0560591841557206));
#8151=CARTESIAN_POINT('',(-0.131174855334854,-0.718020382518685,-0.0683438154393744));
#8152=CARTESIAN_POINT('',(0.118237094035649,-0.719742980227817,-0.123636613205409));
#8153=CARTESIAN_POINT('',(0.133185136634831,-0.720868383167994,-0.109935893385865));
#8154=CARTESIAN_POINT('',(0.127443732186871,-0.71739042269447,-0.097100837385559));
#8155=CARTESIAN_POINT('',(0.113059280076847,-0.714669041337314,-0.0910587522197734));
#8156=CARTESIAN_POINT('',(0.118477275467077,-0.719845850617361,-0.123907110883385));
#8157=CARTESIAN_POINT('',(0.113897926022164,-0.714539893581053,-0.0891203482213187));
#8158=CARTESIAN_POINT('',(0.129275515919796,-0.704424767122798,-0.0852386645937903));
#8159=CARTESIAN_POINT('',(0.123377774914,-0.704460501515973,-0.0874292588607862));
#8160=CARTESIAN_POINT('',(0.117755000430666,-0.709140601120136,-0.0892271602368069));
#8161=CARTESIAN_POINT('',(0.114795064678943,-0.714317663843162,-0.087222133786001));
#8162=CARTESIAN_POINT('',(0.129077768056098,-0.702939585182585,-0.086349173391759));
#8163=CARTESIAN_POINT('',(0.122835294758404,-0.704424528928398,-0.124302872831788));
#8164=CARTESIAN_POINT('',(0.123983768564457,-0.704424528928398,-0.123397518304973));
#8165=CARTESIAN_POINT('',(0.125054628020538,-0.704424528928398,-0.122384717264478));
#8166=CARTESIAN_POINT('',(0.126025073058383,-0.704424528928398,-0.121290690148299));
#8167=CARTESIAN_POINT('',(0.127865558599293,-0.704424528928398,-0.119215826544317));
#8168=CARTESIAN_POINT('',(0.129377144085059,-0.704424528928398,-0.116802113420608));
#8169=CARTESIAN_POINT('',(0.130451066112314,-0.704424528928398,-0.114244939691507));
#8170=CARTESIAN_POINT('',(0.131517505197685,-0.704424528928398,-0.111705583999392));
#8171=CARTESIAN_POINT('',(0.132187263254793,-0.704424528928398,-0.10895480573339));
#8172=CARTESIAN_POINT('',(0.132360869396067,-0.704424528928398,-0.106206082291209));
#8173=CARTESIAN_POINT('',(0.132493468282448,-0.704424528928398,-0.104106630827513));
#8174=CARTESIAN_POINT('',(0.132343454655867,-0.704424528928398,-0.101953109553877));
#8175=CARTESIAN_POINT('',(0.131804139296859,-0.704424528928398,-0.0999197827585429));
#8176=CARTESIAN_POINT('',(0.13147906396738,-0.704424528928398,-0.0986941837339828));
#8177=CARTESIAN_POINT('',(0.131002299575143,-0.704424528928398,-0.0974925122040918));
#8178=CARTESIAN_POINT('',(0.130352312982741,-0.704424528928398,-0.0964038045442785));
#8179=CARTESIAN_POINT('',(0.12959146434023,-0.704424528928398,-0.0951294063416951));
#8180=CARTESIAN_POINT('',(0.128555173799742,-0.704424528928398,-0.0939878908427019));
#8181=CARTESIAN_POINT('',(0.127363167191126,-0.704424528928398,-0.0931035257141634));
#8182=CARTESIAN_POINT('',(0.12689012631862,-0.704424528928398,-0.092752570569289));
#8183=CARTESIAN_POINT('',(0.12639051911747,-0.704424528928398,-0.0924356263922403));
#8184=CARTESIAN_POINT('',(0.125874864041915,-0.704424528928398,-0.0921509563660164));
#8185=CARTESIAN_POINT('',(0.117050824391189,-0.71977331272949,-0.125518825571052));
#8186=CARTESIAN_POINT('',(0.118063094172858,-0.714448193426146,-0.126174892938463));
#8187=CARTESIAN_POINT('',(0.120051406572449,-0.709331932159517,-0.125879931166826));
#8188=CARTESIAN_POINT('',(0.122987202495466,-0.704424528929601,-0.124495574307872));
#8189=CARTESIAN_POINT('',(0.126746317708474,-0.716171871118999,-0.0801687596921053));
#8190=CARTESIAN_POINT('',(0.105287828846941,-0.781434025988118,-0.117910556865684));
#8191=CARTESIAN_POINT('',(0.109144956413479,-0.76088080813779,-0.120521464167092));
#8192=CARTESIAN_POINT('',(0.113066665013906,-0.740327590287463,-0.123058227046115));
#8193=CARTESIAN_POINT('',(0.117050620000524,-0.719774372437135,-0.125518697760984));
#8194=CARTESIAN_POINT('',(0.113105807490647,-0.746054940824748,-0.0860400002599125));
#8195=CARTESIAN_POINT('',(0.101761408479668,-0.746054940824748,-0.102241481095129));
#8196=CARTESIAN_POINT('',(0.114315895004265,-0.811774338028147,-0.0992818057485214));
#8197=CARTESIAN_POINT('',(0.111742709692694,-0.802218256563157,-0.105447156372567));
#8198=CARTESIAN_POINT('',(0.108763204908399,-0.792158265492969,-0.111642176608358));
#8199=CARTESIAN_POINT('',(0.105337917217157,-0.781594364817585,-0.117818552459908));
#8200=CARTESIAN_POINT('',(0.114316135884763,-0.811774504202302,-0.0992817557570801));
#8201=CARTESIAN_POINT('',(0.120774224703915,-0.816773182064668,-0.087396576886418));
#8202=CARTESIAN_POINT('',(0.119122709018961,-0.814063199338356,-0.0918343896013867));
#8203=CARTESIAN_POINT('',(0.117221284406289,-0.811774546688018,-0.095936377465272));
#8204=CARTESIAN_POINT('',(0.11431591743312,-0.811774528928491,-0.0992817159471519));
#8205=CARTESIAN_POINT('',(0.120774224799701,-0.816773181859062,-0.0873965772282229));
#8206=CARTESIAN_POINT('',(0.120774226078995,-0.81677318303699,-0.0873965751446708));
#8207=CARTESIAN_POINT('',(0.124986468879735,-0.801056652368574,-0.0790137981465814));
#8208=CARTESIAN_POINT('',(0.119331590154298,-0.796527237299332,-0.0728414328882601));
#8209=CARTESIAN_POINT('',(0.110052141364714,-0.794534381600484,-0.066439093046569));
#8210=CARTESIAN_POINT('',(0.111297595441596,-0.794531847310779,-0.0642616650391151));
#8211=CARTESIAN_POINT('',(0.105665996508882,-0.774187193341552,-0.0776228181249739));
#8212=CARTESIAN_POINT('',(0.107209870704195,-0.781323074655794,-0.0736873816085571));
#8213=CARTESIAN_POINT('',(0.108743584105365,-0.78846774582642,-0.069763897104159));
#8214=CARTESIAN_POINT('',(0.110267152792675,-0.795621145142507,-0.0658524233516826));
#8215=CARTESIAN_POINT('',(0.111752197251063,-0.803587229423608,-0.0612432879832321));
#8216=CARTESIAN_POINT('',(0.133743016395387,-0.808354417289445,-0.0763439326451621));
#8217=CARTESIAN_POINT('',(0.116754401528799,-0.821160047323647,-0.09312947643541));
#8218=CARTESIAN_POINT('',(0.109374600707153,-0.790367096444907,-0.0689195994130401));
#8219=CARTESIAN_POINT('',(0.132303237231089,-0.794346869876066,-0.08542772292191));
#8220=CARTESIAN_POINT('',(0.113446460419524,-0.807936656602392,-0.101936503143357));
#8221=CARTESIAN_POINT('',(0.106464600677391,-0.777032846701885,-0.0762302363738951));
#8222=CARTESIAN_POINT('',(0.130337776230449,-0.780564156296635,-0.0939063185282311));
#8223=CARTESIAN_POINT('',(0.109563111462839,-0.794598157395242,-0.110225421709864));
#8224=CARTESIAN_POINT('',(0.103104515240749,-0.763639058479651,-0.0831975932025711));
#8225=CARTESIAN_POINT('',(0.128018786820519,-0.767056636084897,-0.101884089698823));
#8226=CARTESIAN_POINT('',(0.10520974089657,-0.781199462685079,-0.118049292949609));
#8227=CARTESIAN_POINT('',(0.136075971278376,-0.81677277042606,-0.0608924733905169));
#8228=CARTESIAN_POINT('',(0.132616934227232,-0.806262524189966,-0.0661630436752967));
#8229=CARTESIAN_POINT('',(0.124808781201518,-0.796813401005203,-0.067903763984337));
#8230=CARTESIAN_POINT('',(0.112377937433838,-0.794498851059596,-0.0620000174689463));
#8231=CARTESIAN_POINT('',(0.136076033349391,-0.8167730526705,-0.0608923899625153));
#8232=CARTESIAN_POINT('',(-3.061515884556E-17,-0.816773182064668,0.));
#8233=CARTESIAN_POINT('',(-3.061515884556E-17,-0.819151328019374,0.));
#8234=CARTESIAN_POINT('',(0.112560182433632,-0.794532068525826,-0.0620750286818546));
#8235=CARTESIAN_POINT('',(0.115066775377178,-0.787763350042528,-0.0589271282697051));
#8236=CARTESIAN_POINT('',(0.117566301838156,-0.780982868684887,-0.0557988939152479));
#8237=CARTESIAN_POINT('',(0.120058739619295,-0.774190754062536,-0.0526903946053594));
#8238=CARTESIAN_POINT('',(0.143139191162871,-0.811772326471349,-0.0493606225373433));
#8239=CARTESIAN_POINT('',(0.141892537339839,-0.811773742774931,-0.0529737257327877));
#8240=CARTESIAN_POINT('',(0.138951490710755,-0.814193027904278,-0.0574122358515034));
#8241=CARTESIAN_POINT('',(0.136076074286606,-0.816773211194895,-0.0608923062542856));
#8242=CARTESIAN_POINT('',(0.143138779007695,-0.811773487646567,-0.0493604798734697));
#8243=CARTESIAN_POINT('',(0.154679987220028,-0.78166067634357,-0.0323540405673327));
#8244=CARTESIAN_POINT('',(0.151050383455176,-0.792200244194133,-0.0383943027904341));
#8245=CARTESIAN_POINT('',(0.147182877298289,-0.802238029549956,-0.0440594336129945));
#8246=CARTESIAN_POINT('',(0.143138643145909,-0.811774032411041,-0.0493593960531183));
#8247=CARTESIAN_POINT('',(0.139029697754307,-0.821160057099944,-0.0545475220164098));
#8248=CARTESIAN_POINT('',(0.138258000653065,-0.819524598079923,-0.0574984014774069));
#8249=CARTESIAN_POINT('',(0.136824017497535,-0.817733516419004,-0.0601878371070604));
#8250=CARTESIAN_POINT('',(0.134848298213816,-0.815937381948316,-0.0623897377506121));
#8251=CARTESIAN_POINT('',(0.132872582841834,-0.814141251033804,-0.0645916340346101));
#8252=CARTESIAN_POINT('',(0.130357076695763,-0.812341833908706,-0.0663038315945611));
#8253=CARTESIAN_POINT('',(0.127513248544421,-0.810690400536973,-0.067382392674424));
#8254=CARTESIAN_POINT('',(0.124669420393078,-0.80903896716524,-0.0684609537542881));
#8255=CARTESIAN_POINT('',(0.121500067275116,-0.807537141809213,-0.0689048175385471));
#8256=CARTESIAN_POINT('',(0.11827162431845,-0.806311177056076,-0.068676670133882));
#8257=CARTESIAN_POINT('',(0.115043181361784,-0.805085212302939,-0.0684485227292171));
#8258=CARTESIAN_POINT('',(0.111758823891804,-0.804136313946648,-0.0675485885293231));
#8259=CARTESIAN_POINT('',(0.10869465500276,-0.80354425216286,-0.0660525214846261));
#8260=CARTESIAN_POINT('',(0.145002154389228,-0.807938173739489,-0.047280075200259));
#8261=CARTESIAN_POINT('',(0.144370890364874,-0.806284089524833,-0.0503810148530036));
#8262=CARTESIAN_POINT('',(0.143020814426528,-0.804464828118493,-0.053243900312813));
#8263=CARTESIAN_POINT('',(0.141072582464494,-0.802642271006729,-0.0556146310504261));
#8264=CARTESIAN_POINT('',(0.139124354359773,-0.800819717503455,-0.0579853570942181));
#8265=CARTESIAN_POINT('',(0.136580124593869,-0.798995875259778,-0.05986133582735));
#8266=CARTESIAN_POINT('',(0.133666336229566,-0.797333051831372,-0.0610763122597911));
#8267=CARTESIAN_POINT('',(0.130752547865263,-0.795670228402965,-0.0622912886922331));
#8268=CARTESIAN_POINT('',(0.127472406187721,-0.794170256368767,-0.062843939101257));
#8269=CARTESIAN_POINT('',(0.124117484074708,-0.792966730942967,-0.0626855881701791));
#8270=CARTESIAN_POINT('',(0.120762561961694,-0.791763205517167,-0.0625272372391));
#8271=CARTESIAN_POINT('',(0.117336544481498,-0.790857456753891,-0.0616580679450181));
#8272=CARTESIAN_POINT('',(0.114143841922928,-0.790330365143483,-0.060155641213303));
#8273=CARTESIAN_POINT('',(0.150239454517405,-0.794598515155664,-0.0397719072129378));
#8274=CARTESIAN_POINT('',(0.149763550939472,-0.792923747515796,-0.0430028963308274));
#8275=CARTESIAN_POINT('',(0.148514256301725,-0.791074325841836,-0.0460255322004722));
#8276=CARTESIAN_POINT('',(0.146609530558309,-0.789223907158718,-0.0485564451959041));
#8277=CARTESIAN_POINT('',(0.14470480858607,-0.787373492139253,-0.051087353180368));
#8278=CARTESIAN_POINT('',(0.14214701225942,-0.785524355647223,-0.0531234431377811));
#8279=CARTESIAN_POINT('',(0.139176522370824,-0.783850157347574,-0.054474113018489));
#8280=CARTESIAN_POINT('',(0.136206032482228,-0.782175959047925,-0.0558247828991981));
#8281=CARTESIAN_POINT('',(0.132826502128005,-0.780678759896575,-0.0564883872872821));
#8282=CARTESIAN_POINT('',(0.129355111134129,-0.779499289833184,-0.056403105090188));
#8283=CARTESIAN_POINT('',(0.125883720140254,-0.778319819769793,-0.056317822893094));
#8284=CARTESIAN_POINT('',(0.122324730084545,-0.777459535415408,-0.0554837696507991));
#8285=CARTESIAN_POINT('',(0.119012012587518,-0.776999522422032,-0.053979522300356));
#8286=CARTESIAN_POINT('',(0.15483855888133,-0.781199472800796,-0.0320896420354392));
#8287=CARTESIAN_POINT('',(0.154527036367427,-0.779501618543138,-0.0354313493230429));
#8288=CARTESIAN_POINT('',(0.153390450074755,-0.777619719835593,-0.0385997329777205));
#8289=CARTESIAN_POINT('',(0.151541136956477,-0.775739777957095,-0.041281639463829));
#8290=CARTESIAN_POINT('',(0.149691827499663,-0.773859839800703,-0.0439635406400191));
#8291=CARTESIAN_POINT('',(0.147132327467437,-0.771984433852775,-0.0461552925521411));
#8292=CARTESIAN_POINT('',(0.144115609239956,-0.770298918933564,-0.0476402698081511));
#8293=CARTESIAN_POINT('',(0.141098891012475,-0.768613404014353,-0.0491252470641601));
#8294=CARTESIAN_POINT('',(0.137629087288136,-0.767120089164438,-0.04990141534641));
#8295=CARTESIAN_POINT('',(0.1340491418043,-0.765966568604234,-0.0498920607907491));
#8296=CARTESIAN_POINT('',(0.130469196320464,-0.76481304804403,-0.0498827062350891));
#8297=CARTESIAN_POINT('',(0.126784013358487,-0.764000902018097,-0.0490878416566231));
#8298=CARTESIAN_POINT('',(0.123357824015642,-0.763610400309842,-0.0475860287985761));
#8299=CARTESIAN_POINT('',(0.124295575841268,-0.772042729949057,-0.0517755278758506));
#8300=CARTESIAN_POINT('',(0.134410609334661,-0.713154774463401,-0.0544824358050506));
#8301=CARTESIAN_POINT('',(0.168679153668679,-0.711531912658498,-0.0403502114774226));
#8302=CARTESIAN_POINT('',(0.164010644030782,-0.73484962756472,-0.0378416115002453));
#8303=CARTESIAN_POINT('',(0.159298806680045,-0.758167342470941,-0.0354460185867738));
#8304=CARTESIAN_POINT('',(0.154547672345231,-0.781485057377163,-0.0331647108021669));
#8305=CARTESIAN_POINT('',(0.1619680539803,-0.716329570058569,-0.0485850927273981));
#8306=CARTESIAN_POINT('',(0.161870638016699,-0.715655066059584,-0.0490938290574964));
#8307=CARTESIAN_POINT('',(0.161713420552256,-0.715019525287869,-0.0496554053903125));
#8308=CARTESIAN_POINT('',(0.161475370765153,-0.714460925334233,-0.0502508519108581));
#8309=CARTESIAN_POINT('',(0.161140180585207,-0.713674378867397,-0.0510892808327997));
#8310=CARTESIAN_POINT('',(0.160625655390398,-0.713031517997903,-0.0520170158646028));
#8311=CARTESIAN_POINT('',(0.159966813553624,-0.712555017210476,-0.0528961320640147));
#8312=CARTESIAN_POINT('',(0.159208298136838,-0.712006428500408,-0.0539082462819955));
#8313=CARTESIAN_POINT('',(0.158246665480063,-0.711642630182961,-0.0548806452346691));
#8314=CARTESIAN_POINT('',(0.15718639369179,-0.711360744237952,-0.0557155311248078));
#8315=CARTESIAN_POINT('',(0.155652200917852,-0.710952860726676,-0.0569235948626923));
#8316=CARTESIAN_POINT('',(0.153864824397826,-0.710690884986331,-0.0578914174840492));
#8317=CARTESIAN_POINT('',(0.152004364685988,-0.710410453769129,-0.0585544276002696));
#8318=CARTESIAN_POINT('',(0.15009524761098,-0.710122688319697,-0.0592347776910159));
#8319=CARTESIAN_POINT('',(0.148055851733011,-0.709815297822624,-0.059614751255381));
#8320=CARTESIAN_POINT('',(0.146048574582967,-0.709418455314863,-0.059676132627917));
#8321=CARTESIAN_POINT('',(0.143880303718733,-0.708989784043809,-0.0597424370949776));
#8322=CARTESIAN_POINT('',(0.141689058501677,-0.708443565614879,-0.0594352566582184));
#8323=CARTESIAN_POINT('',(0.13968666415706,-0.70775903405119,-0.0587938618432809));
#8324=CARTESIAN_POINT('',(0.138439391832756,-0.707332645874057,-0.058394343135203));
#8325=CARTESIAN_POINT('',(0.137245551340763,-0.70684783843288,-0.057861740837199));
#8326=CARTESIAN_POINT('',(0.136149771375563,-0.706312908261112,-0.0572212517226333));
#8327=CARTESIAN_POINT('',(0.137914914015762,-0.746264949818516,-0.0363033281669804));
#8328=CARTESIAN_POINT('',(0.141578995542803,-0.704424528928398,-0.0655773976295022));
#8329=CARTESIAN_POINT('',(0.142313976442448,-0.704424528928398,-0.0660080355530614));
#8330=CARTESIAN_POINT('',(0.143129816962407,-0.704424528928398,-0.0663273905145458));
#8331=CARTESIAN_POINT('',(0.143965963367918,-0.704424528928398,-0.066490194484405));
#8332=CARTESIAN_POINT('',(0.144800952382298,-0.704424528928398,-0.0666527731015396));
#8333=CARTESIAN_POINT('',(0.145670035111563,-0.704424528928398,-0.0666686986737127));
#8334=CARTESIAN_POINT('',(0.146516308092362,-0.704424528928398,-0.0665823244712208));
#8335=CARTESIAN_POINT('',(0.148048826358918,-0.704424528928398,-0.0664259091701517));
#8336=CARTESIAN_POINT('',(0.149553381643534,-0.704424528928398,-0.0659555525690656));
#8337=CARTESIAN_POINT('',(0.150971459578379,-0.704424528928398,-0.0653537777320679));
#8338=CARTESIAN_POINT('',(0.153599167147393,-0.704424528928398,-0.0642386850737836));
#8339=CARTESIAN_POINT('',(0.156039859473276,-0.704424528928398,-0.0626216855061255));
#8340=CARTESIAN_POINT('',(0.158184465942563,-0.704424528928398,-0.0607378219769111));
#8341=CARTESIAN_POINT('',(0.160439429300961,-0.704424528928398,-0.0587570188358987));
#8342=CARTESIAN_POINT('',(0.162418470209186,-0.704424528928398,-0.056406823008613));
#8343=CARTESIAN_POINT('',(0.163966832466381,-0.704424528928398,-0.0538356335656402));
#8344=CARTESIAN_POINT('',(0.165520981305581,-0.704424528928398,-0.051254835002779));
#8345=CARTESIAN_POINT('',(0.166676098175481,-0.704424528928398,-0.0483817496981612));
#8346=CARTESIAN_POINT('',(0.167297753751991,-0.704424528928398,-0.0454339633794733));
#8347=CARTESIAN_POINT('',(0.167426931563781,-0.704424528928398,-0.0448214238951334));
#8348=CARTESIAN_POINT('',(0.167534029644107,-0.704424528928398,-0.0442037951330843));
#8349=CARTESIAN_POINT('',(0.167618210352762,-0.704424528928398,-0.0435834684971702));
#8350=CARTESIAN_POINT('',(0.138243891462069,-0.704022670933063,-0.0674107425776712));
#8351=CARTESIAN_POINT('',(0.133092311756256,-0.714060851769886,-0.0558848123113883));
#8352=CARTESIAN_POINT('',(0.135887337295948,-0.709484759329744,-0.0573719020716547));
#8353=CARTESIAN_POINT('',(0.137186187945084,-0.705285978127299,-0.0620675492390123));
#8354=CARTESIAN_POINT('',(0.138141301990925,-0.704553348296469,-0.0675003419309672));
#8355=CARTESIAN_POINT('',(0.13117485605637,-0.718020381505658,-0.0683438162711063));
#8356=CARTESIAN_POINT('',(-0.0091164865128779,-0.704424528928398,0.154628702504816));
#8357=CARTESIAN_POINT('',(-0.0176435547871778,-0.704424528928398,0.166476736878782));
#8358=CARTESIAN_POINT('',(-0.0326179545329429,-0.704424528928398,0.172388358510482));
#8359=CARTESIAN_POINT('',(-0.0460465724075728,-0.704424528928398,0.168832294023073));
#8360=CARTESIAN_POINT('',(-0.00911648651285388,-0.704424529565586,0.154628702504816));
#8361=CARTESIAN_POINT('',(-0.0181340586404428,-0.714411732028297,0.142962985057284));
#8362=CARTESIAN_POINT('',(-0.0184481794992206,-0.709746865506754,0.146621896243109));
#8363=CARTESIAN_POINT('',(-0.0155938699456705,-0.704424528928352,0.154704854485317));
#8364=CARTESIAN_POINT('',(-0.00911648651280602,-0.704424528928398,0.154628702504819));
#8365=CARTESIAN_POINT('',(-0.0183066053697267,-0.714432914449834,0.142975172254237));
#8366=CARTESIAN_POINT('',(-0.0181364877301535,-0.714432955265579,0.14299031661204));
#8367=CARTESIAN_POINT('',(-0.0207422292725507,-0.721030806692892,0.172243013332394));
#8368=CARTESIAN_POINT('',(-0.0497364752142811,-0.719809715761794,0.164250239279279));
#8369=CARTESIAN_POINT('',(-0.0492995317263024,-0.719457946204168,0.162718943103692));
#8370=CARTESIAN_POINT('',(-0.046322760930497,-0.704424588126735,0.168757806535625));
#8371=CARTESIAN_POINT('',(-0.0488909028712965,-0.709150490040052,0.166975947483509));
#8372=CARTESIAN_POINT('',(-0.050242025717274,-0.714384741321542,0.165346777427047));
#8373=CARTESIAN_POINT('',(-0.0501769227298973,-0.719786529156323,0.164125411156697));
#8374=CARTESIAN_POINT('',(-0.00901992463824999,-0.704424990050211,0.154626843554951));
#8375=CARTESIAN_POINT('',(-0.0101175719069499,-0.70443130104977,0.174705904122599));
#8376=CARTESIAN_POINT('',(-0.0101649248818558,-0.684791829480713,0.179025910698807));
#8377=CARTESIAN_POINT('',(-0.00969295283354994,-0.704418566073709,0.154644737719323));
#8378=CARTESIAN_POINT('',(-0.011384469573367,-0.704375249087415,0.174643317738208));
#8379=CARTESIAN_POINT('',(-0.0128723293448477,-0.684769347054385,0.178877135225226));
#8380=CARTESIAN_POINT('',(-0.010362940267096,-0.704479515615967,0.154557433940094));
#8381=CARTESIAN_POINT('',(-0.0126697437576334,-0.70450903005871,0.17453977660273));
#8382=CARTESIAN_POINT('',(-0.0155947155179717,-0.684982668990429,0.178613175500203));
#8383=CARTESIAN_POINT('',(-0.0116666551653435,-0.704739318914091,0.154173068253201));
#8384=CARTESIAN_POINT('',(-0.015130353560691,-0.705150143472589,0.174265978949881));
#8385=CARTESIAN_POINT('',(-0.0209488194708376,-0.685891981011394,0.177863442384652));
#8386=CARTESIAN_POINT('',(-0.0122824282686075,-0.704933497367771,0.153883109319466));
#8387=CARTESIAN_POINT('',(-0.0162787219613075,-0.705649247937638,0.174099249088012));
#8388=CARTESIAN_POINT('',(-0.0235065375868699,-0.686571605978105,0.177389981499211));
#8389=CARTESIAN_POINT('',(-0.0134482432025851,-0.705442380956376,0.153135293257484));
#8390=CARTESIAN_POINT('',(-0.0183549022845398,-0.706932743145584,0.173739667560048));
#8391=CARTESIAN_POINT('',(-0.0284039072430639,-0.688352699483259,0.176275567480512));
#8392=CARTESIAN_POINT('',(-0.0140042713358068,-0.705762231691247,0.152670111168109));
#8393=CARTESIAN_POINT('',(-0.0192949928311392,-0.707736766862953,0.173543178380313));
#8394=CARTESIAN_POINT('',(-0.0307696718654815,-0.689472177634052,0.175625073525811));
#8395=CARTESIAN_POINT('',(-0.0150123312373049,-0.706499993130323,0.151627874495778));
#8396=CARTESIAN_POINT('',(-0.0208484548946883,-0.709508810313549,0.17317456114105));
#8397=CARTESIAN_POINT('',(-0.0351155117676847,-0.692054343871564,0.174229255915936));
#8398=CARTESIAN_POINT('',(-0.0154661909941875,-0.706916364457348,0.151052764268031));
#8399=CARTESIAN_POINT('',(-0.0214653462770846,-0.710480603586959,0.173002116891399));
#8400=CARTESIAN_POINT('',(-0.0371023866683385,-0.693511644141068,0.17348558861527));
#8401=CARTESIAN_POINT('',(-0.016280883924264,-0.707841672321586,0.149824361827374));
#8402=CARTESIAN_POINT('',(-0.0223835727812927,-0.712496126116653,0.172713982488399));
#8403=CARTESIAN_POINT('',(-0.0407263658841732,-0.696750222842349,0.171939545697222));
#8404=CARTESIAN_POINT('',(-0.0166428279069011,-0.708355093967121,0.149165987441996));
#8405=CARTESIAN_POINT('',(-0.0226767570791265,-0.713550797544371,0.172599607388925));
#8406=CARTESIAN_POINT('',(-0.0423694141616336,-0.698547199158832,0.17113140535927));
#8407=CARTESIAN_POINT('',(-0.0172469641584875,-0.709434612058013,0.147851086744225));
#8408=CARTESIAN_POINT('',(-0.0229419932099767,-0.715555511608986,0.172457486328959));
#8409=CARTESIAN_POINT('',(-0.0451761917651988,-0.702325513368972,0.169552894283935));
#8410=CARTESIAN_POINT('',(-0.0174937627820264,-0.710004701109535,0.147188768181141));
#8411=CARTESIAN_POINT('',(-0.0229130148598909,-0.716514283694475,0.172429943279724));
#8412=CARTESIAN_POINT('',(-0.0463600666538937,-0.704320825393227,0.168775001218345));
#8413=CARTESIAN_POINT('',(-0.0178781856787581,-0.711208171980046,0.145878463700822));
#8414=CARTESIAN_POINT('',(-0.0226036893573813,-0.718262351452519,0.172452606441073));
#8415=CARTESIAN_POINT('',(-0.0482873491487405,-0.708532973847605,0.167270555284178));
#8416=CARTESIAN_POINT('',(-0.0180130842638576,-0.711837576138201,0.14523595039745));
#8417=CARTESIAN_POINT('',(-0.0223168080202573,-0.719035440596807,0.172505227585406));
#8418=CARTESIAN_POINT('',(-0.0490182323706949,-0.710735888459605,0.166550688287781));
#8419=CARTESIAN_POINT('',(-0.0181623074055911,-0.713110894543397,0.144036474656906));
#8420=CARTESIAN_POINT('',(-0.0216080150055497,-0.720301047641383,0.172646046340684));
#8421=CARTESIAN_POINT('',(-0.0499720538525606,-0.715192502693997,0.165244126437954));
#8422=CARTESIAN_POINT('',(-0.0181786868160407,-0.713760613849926,0.143472994986828));
#8423=CARTESIAN_POINT('',(-0.0211827622272405,-0.720793910070038,0.172734737217721));
#8424=CARTESIAN_POINT('',(-0.0502051601524237,-0.717466528276977,0.16464988844516));
#8425=CARTESIAN_POINT('',(-0.0181331885316426,-0.714424526962877,0.142952945720992));
#8426=CARTESIAN_POINT('',(-0.0207451910347044,-0.72115739911723,0.17280839735675));
#8427=CARTESIAN_POINT('',(-0.0501768780815891,-0.719790215546411,0.164124577715839));
#8428=CARTESIAN_POINT('',(-0.0178439597035417,-0.746172033671832,0.139647045088352));
#8429=CARTESIAN_POINT('',(-0.0501768780815892,-0.719790215546411,0.164124577715839));
#8430=CARTESIAN_POINT('',(-0.0500380337604932,-0.740339403479569,0.159445053120551));
#8431=CARTESIAN_POINT('',(-0.0498020311194326,-0.760888591412727,0.154781284034094));
#8432=CARTESIAN_POINT('',(-0.0494695624665156,-0.781437779345885,0.150136364519491));
#8433=CARTESIAN_POINT('',(-0.0375470531912552,-0.746172033671832,0.137923247771786));
#8434=CARTESIAN_POINT('',(-0.00252153937779298,-0.794532068555513,0.12851749178563));
#8435=CARTESIAN_POINT('',(-0.00650105497387667,-0.787763252514809,0.129114323343756));
#8436=CARTESIAN_POINT('',(-0.0104600054022266,-0.78098267324448,0.129714868289454));
#8437=CARTESIAN_POINT('',(-0.014398319816564,-0.774190460360115,0.130319141893417));
#8438=CARTESIAN_POINT('',(3.43672219372052E-6,-0.794531847336778,0.128517377620004));
#8439=CARTESIAN_POINT('',(-0.00249607580197885,-0.79449846255923,0.128322170307848));
#8440=CARTESIAN_POINT('',(-0.00349559550269324,-0.796853957220162,0.141960511234006));
#8441=CARTESIAN_POINT('',(-0.00842332310095129,-0.805283520762666,0.147897592113754));
#8442=CARTESIAN_POINT('',(-0.0153035567705013,-0.81677277042606,0.14829148466834));
#8443=CARTESIAN_POINT('',(-0.0153036600590607,-0.816773052669576,0.148291496709611));
#8444=CARTESIAN_POINT('',(-0.0288220425021653,-0.811772326471349,0.148642487095845));
#8445=CARTESIAN_POINT('',(-0.0250696764193502,-0.811773742774936,0.149369404816096));
#8446=CARTESIAN_POINT('',(-0.0197552906483405,-0.814193027879789,0.149041638783859));
#8447=CARTESIAN_POINT('',(-0.015303753020942,-0.816773211193676,0.148291490308322));
#8448=CARTESIAN_POINT('',(-0.0288219599751162,-0.811773487646567,0.148642058827056));
#8449=CARTESIAN_POINT('',(-0.0494695623661704,-0.781437779318219,0.150136364558956));
#8450=CARTESIAN_POINT('',(-0.0423712547495156,-0.792058623161469,0.150017894019556));
#8451=CARTESIAN_POINT('',(-0.0354816487185149,-0.80217052806747,0.149499847179345));
#8452=CARTESIAN_POINT('',(-0.028823203954102,-0.811773494036223,0.148641447382558));
#8453=CARTESIAN_POINT('',(-0.0222753090848648,-0.821160057099182,0.147677011145975));
#8454=CARTESIAN_POINT('',(-0.0193339239573166,-0.819524598079653,0.148484141582431));
#8455=CARTESIAN_POINT('',(-0.0162878128022998,-0.817733516419241,0.148586993555678));
#8456=CARTESIAN_POINT('',(-0.013393051266446,-0.815937381949017,0.147976920786792));
#8457=CARTESIAN_POINT('',(-0.0104982954619446,-0.814141251034969,0.147366849225792));
#8458=CARTESIAN_POINT('',(-0.00775773580568188,-0.812341833910292,0.146044455779756));
#8459=CARTESIAN_POINT('',(-0.00540176043534534,-0.81069040053889,0.144120908896568));
#8460=CARTESIAN_POINT('',(-0.0030457850650088,-0.809038967167488,0.142197362013379));
#8461=CARTESIAN_POINT('',(-0.00107671119310897,-0.807537141811701,0.139674553591808));
#8462=CARTESIAN_POINT('',(0.000339928836885877,-0.806311177058682,0.136764566274412));
#8463=CARTESIAN_POINT('',(0.00175656886688072,-0.805085212305663,0.133854578957015));
#8464=CARTESIAN_POINT('',(0.00261938172291719,-0.804136313949369,0.130560274853094));
#8465=CARTESIAN_POINT('',(0.00285583410085039,-0.803544252165451,0.127158593231509));
#8466=CARTESIAN_POINT('',(-0.0315553309702638,-0.807938173727851,0.149215586909252));
#8467=CARTESIAN_POINT('',(-0.0285542064429478,-0.806284089513699,0.150219366053793));
#8468=CARTESIAN_POINT('',(-0.0253998369372474,-0.804464828107871,0.150481608723834));
#8469=CARTESIAN_POINT('',(-0.0223726079117735,-0.802642270996573,0.149979755720885));
#8470=CARTESIAN_POINT('',(-0.019345384879925,-0.800819717493764,0.149477903711557));
#8471=CARTESIAN_POINT('',(-0.0164486247570268,-0.798995875250507,0.148212525467665));
#8472=CARTESIAN_POINT('',(-0.0139395301193377,-0.797333051822429,0.146296598939084));
#8473=CARTESIAN_POINT('',(-0.0114304354816486,-0.795670228394351,0.144380672410502));
#8474=CARTESIAN_POINT('',(-0.00931175534925768,-0.794170256360388,0.141816311594241));
#8475=CARTESIAN_POINT('',(-0.00777143022182429,-0.792966730934705,0.138831688351148));
#8476=CARTESIAN_POINT('',(-0.0062311050943909,-0.791763205509021,0.135847065108055));
#8477=CARTESIAN_POINT('',(-0.00527081904324417,-0.790857456745741,0.132445462289433));
#8478=CARTESIAN_POINT('',(-0.00497560748106381,-0.790330365135206,0.128929287401226));
#8479=CARTESIAN_POINT('',(-0.0406762452515862,-0.794598515133022,0.149997137875628));
#8480=CARTESIAN_POINT('',(-0.03764017480688,-0.792923747493667,0.15120048784618));
#8481=CARTESIAN_POINT('',(-0.0343978480382391,-0.791074325820224,0.15162988488776));
#8482=CARTESIAN_POINT('',(-0.0312536502175044,-0.789223907137574,0.151245800504321));
#8483=CARTESIAN_POINT('',(-0.0281094586219821,-0.787373492118576,0.150861716881332));
#8484=CARTESIAN_POINT('',(-0.0250672548309825,-0.785524355626965,0.149664645263363));
#8485=CARTESIAN_POINT('',(-0.0224122954577573,-0.783850157327642,0.14776746049845));
#8486=CARTESIAN_POINT('',(-0.0197573360845322,-0.782175959028319,0.145870275733536));
#8487=CARTESIAN_POINT('',(-0.0174928726492278,-0.780678759877202,0.143275318787933));
#8488=CARTESIAN_POINT('',(-0.0158310337014723,-0.779499289813925,0.140226364902223));
#8489=CARTESIAN_POINT('',(-0.0141691947537168,-0.778319819750648,0.137177411016513));
#8490=CARTESIAN_POINT('',(-0.0131120110218638,-0.777459535396259,0.133678208595335));
#8491=CARTESIAN_POINT('',(-0.0127583686925234,-0.776999522402758,0.130057187412173));
#8492=CARTESIAN_POINT('',(-0.0496288342400594,-0.781199472767077,0.150138946501984));
#8493=CARTESIAN_POINT('',(-0.0465790695797137,-0.779501618509943,0.151540013734835));
#8494=CARTESIAN_POINT('',(-0.0432668756991853,-0.777619719802921,0.152139892959064));
#8495=CARTESIAN_POINT('',(-0.0400196199922354,-0.775739777924894,0.151879294062079));
#8496=CARTESIAN_POINT('',(-0.0367723707145428,-0.773859839768972,0.151618695681054));
#8497=CARTESIAN_POINT('',(-0.0335945078635133,-0.771984433821463,0.150497979588165));
#8498=CARTESIAN_POINT('',(-0.030800120721864,-0.770298918902576,0.148627913595065));
#8499=CARTESIAN_POINT('',(-0.0280057335802148,-0.768613403983689,0.146757847601964));
#8500=CARTESIAN_POINT('',(-0.0255986502679067,-0.767120089134003,0.144140993571628));
#8501=CARTESIAN_POINT('',(-0.0238167788088052,-0.765966568573911,0.141035992560608));
#8502=CARTESIAN_POINT('',(-0.0220349073497037,-0.764813048013819,0.137930991549587));
#8503=CARTESIAN_POINT('',(-0.0208806887862822,-0.764000901987881,0.134342097197676));
#8504=CARTESIAN_POINT('',(-0.0204682022017733,-0.763610400279504,0.130624023759576));
#8505=CARTESIAN_POINT('',(0.00249546104365803,-0.794499004197002,0.128323064666107));
#8506=CARTESIAN_POINT('',(0.00359292145826427,-0.796807672765385,0.142002471399403));
#8507=CARTESIAN_POINT('',(0.00864817408860957,-0.805610023787425,0.147905812302876));
#8508=CARTESIAN_POINT('',(0.0153005412266654,-0.816773183037308,0.14829183548051));
#8509=CARTESIAN_POINT('',(0.0153005436711624,-0.816773181859204,0.148291835414302));
#8510=CARTESIAN_POINT('',(-3.061515884556E-17,-0.816773182064668,0.));
#8511=CARTESIAN_POINT('',(-3.061515884556E-17,-0.819151328019374,0.));
#8512=CARTESIAN_POINT('',(0.028822618423017,-0.811774337982796,0.148641372011874));
#8513=CARTESIAN_POINT('',(0.0354370550547507,-0.802234851129341,0.149494120060942));
#8514=CARTESIAN_POINT('',(0.0422795340975118,-0.792193225785386,0.150010986389384));
#8515=CARTESIAN_POINT('',(0.0493280694373372,-0.781649461950932,0.150133949617541));
#8516=CARTESIAN_POINT('',(0.0288224546801183,-0.811774504198185,0.148641555670713));
#8517=CARTESIAN_POINT('',(0.0153005434233191,-0.816773182064669,0.148291835160424));
#8518=CARTESIAN_POINT('',(0.0199695220168656,-0.814063221276082,0.149080480596204));
#8519=CARTESIAN_POINT('',(0.0244726266115443,-0.811774590229694,0.149484788646156));
#8520=CARTESIAN_POINT('',(0.0288224183056061,-0.811774528929501,0.148641368073834));
#8521=CARTESIAN_POINT('',(0.0143911422373685,-0.774185813888489,0.130320968426047));
#8522=CARTESIAN_POINT('',(0.0102107457917196,-0.781322153892221,0.129690244159429));
#8523=CARTESIAN_POINT('',(0.00604578247651586,-0.788467284889912,0.129056696026041));
#8524=CARTESIAN_POINT('',(0.00189629513016286,-0.795621145158704,0.128420367330145));
#8525=CARTESIAN_POINT('',(-0.00283785564113175,-0.803587229781648,0.127401885703996));
#8526=CARTESIAN_POINT('',(-0.000755723327978263,-0.808354417662817,0.153996816010516));
#8527=CARTESIAN_POINT('',(0.0222752914100258,-0.821160047676597,0.147677015906041));
#8528=CARTESIAN_POINT('',(0.00499883059042882,-0.790367084564591,0.129180984070527));
#8529=CARTESIAN_POINT('',(0.00783096756243568,-0.794346856910956,0.157291828976456));
#8530=CARTESIAN_POINT('',(0.0315563793973042,-0.80793664474436,0.149215769661123));
#8531=CARTESIAN_POINT('',(0.0127850198459834,-0.777032848501406,0.130316166906573));
#8532=CARTESIAN_POINT('',(0.0161563682362937,-0.780564158069582,0.159828984292977));
#8533=CARTESIAN_POINT('',(0.0406764583850337,-0.794598159201861,0.149997148680857));
#8534=CARTESIAN_POINT('',(0.0204989715289844,-0.763639058618015,0.130889926043373));
#8535=CARTESIAN_POINT('',(0.0242248164035001,-0.767056636229931,0.161809566379474));
#8536=CARTESIAN_POINT('',(0.0496288160332577,-0.78119946282049,0.150138954822366));
#8537=CARTESIAN_POINT('',(0.0485997222632276,-0.781482666728725,0.150409820634897));
#8538=CARTESIAN_POINT('',(0.0489399880277062,-0.760930716731542,0.155046040407687));
#8539=CARTESIAN_POINT('',(0.0491868484157374,-0.740378766734359,0.159700336334247));
#8540=CARTESIAN_POINT('',(0.0493396621018792,-0.719826816737177,0.164369806105731));
#8541=CARTESIAN_POINT('',(0.049299530141706,-0.719458068100426,0.162718915456322));
#8542=CARTESIAN_POINT('',(0.0178439598271616,-0.74617202914923,0.139647046501334));
#8543=CARTESIAN_POINT('',(0.0185399180667427,-0.714927492288147,0.145164722584789));
#8544=CARTESIAN_POINT('',(0.0183806012013314,-0.714925420821354,0.145167078192144));
#8545=CARTESIAN_POINT('',(0.0185413381879087,-0.717962306106247,0.158708774632755));
#8546=CARTESIAN_POINT('',(0.0365627251850036,-0.720484672125143,0.168394150088146));
#8547=CARTESIAN_POINT('',(0.0484220124545964,-0.719125210003272,0.161313527283719));
#8548=CARTESIAN_POINT('',(0.0375470533148752,-0.74617202914923,0.137923249184768));
#8549=CARTESIAN_POINT('',(0.0501769212399263,-0.719786652763155,0.164125383208763));
#8550=CARTESIAN_POINT('',(0.0502420341602813,-0.714385830133775,0.165346524661203));
#8551=CARTESIAN_POINT('',(0.0488911676992141,-0.709150977377095,0.166975763737431));
#8552=CARTESIAN_POINT('',(0.0463227609305013,-0.704424588126742,0.168757806535622));
#8553=CARTESIAN_POINT('',(0.00911648651280598,-0.704424528928398,0.154628702504819));
#8554=CARTESIAN_POINT('',(0.0152612297746011,-0.704424528928354,0.154700943769155));
#8555=CARTESIAN_POINT('',(0.0181271209588023,-0.709394758786193,0.147200636274528));
#8556=CARTESIAN_POINT('',(0.0181580611794456,-0.713613430832522,0.143615280566448));
#8557=CARTESIAN_POINT('',(0.00911648651285384,-0.704424529565586,0.154628702504817));
#8558=CARTESIAN_POINT('',(0.0460203612369472,-0.704424528928398,0.16883922305508));
#8559=CARTESIAN_POINT('',(0.0326000976302821,-0.704424528928398,0.172380776834054));
#8560=CARTESIAN_POINT('',(0.0176391276047803,-0.704424528928398,0.166470585482049));
#8561=CARTESIAN_POINT('',(0.00911648651287785,-0.704424528928398,0.154628702504816));
#8562=CARTESIAN_POINT('',(0.0101649248818558,-0.684791829480713,0.179025910698807));
#8563=CARTESIAN_POINT('',(0.0101175718993344,-0.704431304208251,0.174705903427843));
#8564=CARTESIAN_POINT('',(0.00901992442388774,-0.704424990048978,0.154626839633663));
#8565=CARTESIAN_POINT('',(0.0128723293448366,-0.684769347054509,0.178877135225199));
#8566=CARTESIAN_POINT('',(0.0113844693343096,-0.704375252237947,0.17464331705789));
#8567=CARTESIAN_POINT('',(0.00969295250288803,-0.704418566082176,0.15464473380987));
#8568=CARTESIAN_POINT('',(0.0155947155179862,-0.684982668990383,0.178613175500211));
#8569=CARTESIAN_POINT('',(0.0126697432872775,-0.704509033198769,0.174539775947667));
#8570=CARTESIAN_POINT('',(0.0103629398165871,-0.704479515610203,0.154557430037619));
#8571=CARTESIAN_POINT('',(0.0209488194708225,-0.68589198101144,0.177863442384643));
#8572=CARTESIAN_POINT('',(0.0151303526198706,-0.705150146586554,0.174265978368197));
#8573=CARTESIAN_POINT('',(0.0116666544925295,-0.70473931883429,0.15417306435017));
#8574=CARTESIAN_POINT('',(0.0235065375868829,-0.686571605978153,0.177389981499198));
#8575=CARTESIAN_POINT('',(0.0162787207873976,-0.705649251036243,0.174099248553637));
#8576=CARTESIAN_POINT('',(0.0122824274958401,-0.704933497229367,0.153883105410226));
#8577=CARTESIAN_POINT('',(0.0284039072430508,-0.688352699483211,0.176275567480524));
#8578=CARTESIAN_POINT('',(0.0183549006325805,-0.706932746199877,0.173739667143075));
#8579=CARTESIAN_POINT('',(0.0134482422651214,-0.705442380671628,0.153135289320832));
#8580=CARTESIAN_POINT('',(0.0307696718654951,-0.689472177634058,0.175625073525807));
#8581=CARTESIAN_POINT('',(0.0192949909301225,-0.707736769888805,0.173543178035505));
#8582=CARTESIAN_POINT('',(0.0140042703327845,-0.705762231316912,0.152670107210937));
#8583=CARTESIAN_POINT('',(0.0351155117676711,-0.692054343871557,0.17422925591594));
#8584=CARTESIAN_POINT('',(0.0208484524884298,-0.709508813257437,0.173174560963067));
#8585=CARTESIAN_POINT('',(0.0150123301505187,-0.706499992570027,0.151627870483443));
#8586=CARTESIAN_POINT('',(0.0371023866683493,-0.693511644141005,0.173485588615282));
#8587=CARTESIAN_POINT('',(0.0214653436129366,-0.710480606478013,0.173002116808994));
#8588=CARTESIAN_POINT('',(0.0154661898882885,-0.706916363800299,0.15105276022192));
#8589=CARTESIAN_POINT('',(0.0407263658841623,-0.696750222842412,0.17193954569721));
#8590=CARTESIAN_POINT('',(0.0223835695860283,-0.712496128859579,0.172713982623335));
#8591=CARTESIAN_POINT('',(0.0162808828239487,-0.707841671482395,0.149824357700286));
#8592=CARTESIAN_POINT('',(0.0423694141616259,-0.698547199158832,0.171131405359272));
#8593=CARTESIAN_POINT('',(0.0226767536067992,-0.713550800189856,0.172599607647809));
#8594=CARTESIAN_POINT('',(0.0166428268321362,-0.708355093041652,0.149165983268056));
#8595=CARTESIAN_POINT('',(0.0451761917652065,-0.702325513368972,0.169552894283933));
#8596=CARTESIAN_POINT('',(0.0229419891911374,-0.715555514000361,0.172457486853961));
#8597=CARTESIAN_POINT('',(0.0172469631689004,-0.709434610994433,0.14785108246847));
#8598=CARTESIAN_POINT('',(0.0463600666539166,-0.704320825393226,0.168775001218339));
#8599=CARTESIAN_POINT('',(0.022913010567586,-0.716514285926631,0.172429943948804));
#8600=CARTESIAN_POINT('',(0.0174937618522536,-0.710004699992704,0.147188763850501));
#8601=CARTESIAN_POINT('',(0.0482873491487175,-0.708532973847606,0.167270555284184));
#8602=CARTESIAN_POINT('',(0.0226036845349206,-0.71826235327936,0.172452607414083));
#8603=CARTESIAN_POINT('',(0.0178781848883273,-0.711208170800089,0.145878459255831));
#8604=CARTESIAN_POINT('',(0.0490182323707063,-0.710735888459588,0.166550688287782));
#8605=CARTESIAN_POINT('',(0.0223168029434115,-0.7190354421748,0.172505228717532));
#8606=CARTESIAN_POINT('',(0.0180130835529408,-0.711837574949211,0.145235945892933));
#8607=CARTESIAN_POINT('',(0.0499720538525491,-0.715192502694015,0.165244126437953));
#8608=CARTESIAN_POINT('',(0.0216080094863654,-0.720301048635456,0.172646047781012));
#8609=CARTESIAN_POINT('',(0.0181623068494247,-0.713110893382845,0.144036470039075));
#8610=CARTESIAN_POINT('',(0.0502051601524465,-0.717466528276963,0.164649888445156));
#8611=CARTESIAN_POINT('',(0.0211827565192535,-0.7207939107244,0.172734738807808));
#8612=CARTESIAN_POINT('',(0.0181786863363012,-0.713760612726664,0.143472990313817));
#8613=CARTESIAN_POINT('',(0.050176878081589,-0.719790215546411,0.164124577715839));
#8614=CARTESIAN_POINT('',(0.0207451851919231,-0.721157399388644,0.172808399080663));
#8615=CARTESIAN_POINT('',(0.0181331881184024,-0.714424525897681,0.142952940997612));
#8616=CARTESIAN_POINT('',(0.0777068300640654,-0.714424528928398,-0.0190170597463031));
#8617=CARTESIAN_POINT('',(0.0679934763060572,-0.714424528928398,-0.0166399272780151));
#8618=CARTESIAN_POINT('',(0.0734806474466584,-0.714424528928398,-0.0280801376166691));
#8619=CARTESIAN_POINT('',(0.0705377139973014,-0.704424528928399,-0.03774160026903));
#8620=CARTESIAN_POINT('',(0.0731678092250195,-0.704424530815245,-0.0334091955977267));
#8621=CARTESIAN_POINT('',(0.0734806474466583,-0.70953399286545,-0.0280801376166694));
#8622=CARTESIAN_POINT('',(0.0734806474466583,-0.714424528928398,-0.0280801376166694));
#8623=CARTESIAN_POINT('',(0.0705377178066721,-0.704424534777635,-0.0377416017037696));
#8624=CARTESIAN_POINT('',(0.0673877548471679,-0.704424528928398,-0.0189444054184341));
#8625=CARTESIAN_POINT('',(0.0658312230320981,-0.704424528928398,-0.0244811948847146));
#8626=CARTESIAN_POINT('',(0.0686731866985564,-0.704424528928398,-0.0315561944348737));
#8627=CARTESIAN_POINT('',(0.0705377232266696,-0.704424528928398,-0.0377415994155615));
#8628=CARTESIAN_POINT('',(0.067387762262258,-0.704424528928209,-0.0189444075029788));
#8629=CARTESIAN_POINT('',(0.0679934763060571,-0.714424528928398,-0.0166399272780151));
#8630=CARTESIAN_POINT('',(0.0679934763057097,-0.710950918599715,-0.0166399272794347));
#8631=CARTESIAN_POINT('',(0.0678119892206343,-0.707486714203448,-0.0174353476609823));
#8632=CARTESIAN_POINT('',(0.0673877548471851,-0.70442452892763,-0.0189444054183724));
#8633=CARTESIAN_POINT('',(0.0616425554546711,-0.694422461498295,-0.0331691938102959));
#8634=CARTESIAN_POINT('',(0.0616844514848022,-0.704422729651818,-0.0330851023418402));
#8635=CARTESIAN_POINT('',(0.0704911671750012,-0.704424972423943,-0.0378238725954766));
#8636=CARTESIAN_POINT('',(0.0627268267347772,-0.694397894818981,-0.031154153802348));
#8637=CARTESIAN_POINT('',(0.0621487774213032,-0.704488251134858,-0.0322156371895279));
#8638=CARTESIAN_POINT('',(0.0711787406140407,-0.704412669101493,-0.0367039263598665));
#8639=CARTESIAN_POINT('',(0.0637291289201963,-0.694905469778753,-0.0290366881257489));
#8640=CARTESIAN_POINT('',(0.0626222301244052,-0.704670543305296,-0.0313741760154404));
#8641=CARTESIAN_POINT('',(0.0717582890481424,-0.704666438457553,-0.0354975745737388));
#8642=CARTESIAN_POINT('',(0.065375702444624,-0.69688119079991,-0.0251107288364819));
#8643=CARTESIAN_POINT('',(0.0635999409975509,-0.70538063178644,-0.029626520735511));
#8644=CARTESIAN_POINT('',(0.0726127008847123,-0.705654221104331,-0.0332141204239906));
#8645=CARTESIAN_POINT('',(0.0660470100875006,-0.698369122820516,-0.0232483164060074));
#8646=CARTESIAN_POINT('',(0.0641067570449883,-0.705926422815592,-0.0286996592556694));
#8647=CARTESIAN_POINT('',(0.0729037436664567,-0.706398125659767,-0.0321068816295764));
#8648=CARTESIAN_POINT('',(0.0668095013689151,-0.701134331623626,-0.0209084556648994));
#8649=CARTESIAN_POINT('',(0.0647779150426103,-0.707174743521479,-0.0273760231426418));
#8650=CARTESIAN_POINT('',(0.0731851780520425,-0.707780564691601,-0.0306981148421779));
#8651=CARTESIAN_POINT('',(0.0670288136706534,-0.702163078672957,-0.0201881311021805));
#8652=CARTESIAN_POINT('',(0.0649882300362771,-0.707662876903959,-0.0269453268105824));
#8653=CARTESIAN_POINT('',(0.0732557672220552,-0.708294870055377,-0.0302610578130332));
#8654=CARTESIAN_POINT('',(0.0673921216400428,-0.704343969330035,-0.0189400222441674));
#8655=CARTESIAN_POINT('',(0.0653549124667003,-0.708759013061216,-0.0261697433532263));
#8656=CARTESIAN_POINT('',(0.0733606992885207,-0.709385155058618,-0.0295001205596278));
#8657=CARTESIAN_POINT('',(0.0675377600123379,-0.705496679639013,-0.0184080140554478));
#8658=CARTESIAN_POINT('',(0.0655132523943147,-0.709365950301133,-0.0258217223267457));
#8659=CARTESIAN_POINT('',(0.0733958273905112,-0.709961418216529,-0.0291737554110156));
#8660=CARTESIAN_POINT('',(0.0678855947563434,-0.709144748463728,-0.0170985933089919));
#8661=CARTESIAN_POINT('',(0.0659003717737899,-0.711346607996378,-0.0249517099351898));
#8662=CARTESIAN_POINT('',(0.0734712307931642,-0.711785142165532,-0.0283681593872388));
#8663=CARTESIAN_POINT('',(0.0679941065019944,-0.711786476286194,-0.0166373536702861));
#8664=CARTESIAN_POINT('',(0.0660399866334727,-0.712889064773514,-0.0246130573743083));
#8665=CARTESIAN_POINT('',(0.0734832061855317,-0.713105755042326,-0.028081330336611));
#8666=CARTESIAN_POINT('',(0.0679941064373164,-0.714424528928398,-0.0166373539345711));
#8667=CARTESIAN_POINT('',(0.0660399863686048,-0.714424528928398,-0.0246130575141101));
#8668=CARTESIAN_POINT('',(0.073483205921596,-0.714424528928398,-0.0280813302135354));
#8669=CARTESIAN_POINT('',(0.0679934763060572,-0.704424528928398,-0.0166399272780151));
#8670=CARTESIAN_POINT('',(0.0734806474466584,-0.759302486355859,-0.028080137616669));
#8671=CARTESIAN_POINT('',(0.0777068300640654,-0.704424528928398,-0.0190170597463031));
#8672=CARTESIAN_POINT('',(0.0714786669365236,-0.765619972515795,-0.0302069724519557));
#8673=CARTESIAN_POINT('',(0.0709333349048682,-0.771734210196017,-0.0335911261317678));
#8674=CARTESIAN_POINT('',(0.0702381600241907,-0.777852948560252,-0.0369478247028934));
#8675=CARTESIAN_POINT('',(0.0693663823536193,-0.783967434602494,-0.0402624664174523));
#8676=CARTESIAN_POINT('',(0.0699689579390812,-0.783839371517714,-0.0406571853636674));
#8677=CARTESIAN_POINT('',(0.0610909630604032,-0.802286690893858,-0.0341744675503868));
#8678=CARTESIAN_POINT('',(0.064166924755228,-0.789324302410733,-0.0286758167814552));
#8679=CARTESIAN_POINT('',(0.0664957564369088,-0.776361913927608,-0.0227598566891354));
#8680=CARTESIAN_POINT('',(0.0679934763027212,-0.763399525444483,-0.0166399272916462));
#8681=CARTESIAN_POINT('',(0.0626099308246728,-0.802312896663528,-0.0349624058053634));
#8682=CARTESIAN_POINT('',(0.063817971224746,-0.802751159517176,-0.0366905639214099));
#8683=CARTESIAN_POINT('',(0.0643051581096098,-0.798313678052916,-0.0375312970401858));
#8684=CARTESIAN_POINT('',(0.0652914115345559,-0.793860400000394,-0.0384045171972956));
#8685=CARTESIAN_POINT('',(0.0669691878916724,-0.789827859482073,-0.0396531598391438));
#8686=CARTESIAN_POINT('',(0.0677729333605413,-0.787896054831302,-0.0402513270867422));
#8687=CARTESIAN_POINT('',(0.0687572541601336,-0.786032635400655,-0.0409444954197011));
#8688=CARTESIAN_POINT('',(0.069987575451418,-0.784443753732718,-0.0417796269117855));
#8689=CARTESIAN_POINT('',(0.083294912552633,-0.80520001419438,-0.0391128574239788));
#8690=CARTESIAN_POINT('',(0.0484149580556836,-0.763421238614686,-0.050556817902894));
#8691=CARTESIAN_POINT('',(0.0530554944315932,-0.77664512546102,-0.0461128797098876));
#8692=CARTESIAN_POINT('',(0.0570798968770944,-0.789869012307354,-0.0410264370500248));
#8693=CARTESIAN_POINT('',(0.060337303567439,-0.803092899153688,-0.0354881641989367));
#8694=CARTESIAN_POINT('',(0.0723697733306755,-0.78351176656802,-0.042674872501385));
#8695=CARTESIAN_POINT('',(0.0697302774134578,-0.777444476766042,-0.0448304436860575));
#8696=CARTESIAN_POINT('',(0.0668759814374491,-0.771403552857546,-0.0467996503546828));
#8697=CARTESIAN_POINT('',(0.0639239981234593,-0.765388731211893,-0.0486793169355697));
#8698=CARTESIAN_POINT('',(0.0733323096095365,-0.808900536362305,-0.0530451954312867));
#8699=CARTESIAN_POINT('',(0.0610584362411279,-0.755768511178455,-0.0495960385669998));
#8700=CARTESIAN_POINT('',(0.0610584362411279,-0.741987220668673,-0.0495960385669998));
#8701=CARTESIAN_POINT('',(0.0610584362411279,-0.728205930158892,-0.0495960385669998));
#8702=CARTESIAN_POINT('',(0.0610584362411279,-0.71442463964911,-0.0495960385669998));
#8703=CARTESIAN_POINT('',(0.0609728110454137,-0.71442463964911,-0.0499399152690047));
#8704=CARTESIAN_POINT('',(0.0478133671593749,-0.714424778928398,-0.0511261373553957));
#8705=CARTESIAN_POINT('',(0.0478133671593749,-0.730768371543036,-0.0511261373553957));
#8706=CARTESIAN_POINT('',(0.0478133671593749,-0.747111964157674,-0.0511261373553957));
#8707=CARTESIAN_POINT('',(0.0478133671593749,-0.763455556772311,-0.0511261373553957));
#8708=CARTESIAN_POINT('',(0.0487808161769077,-0.714424778928398,-0.0504334581500034));
#8709=CARTESIAN_POINT('',(0.0488818057732248,-0.714424528928398,-0.0507411691548559));
#8710=CARTESIAN_POINT('',(0.0527020103482158,-0.714424528928398,-0.0494873923586773));
#8711=CARTESIAN_POINT('',(0.0569072908984431,-0.714424528928398,-0.0494361304433093));
#8712=CARTESIAN_POINT('',(0.0607569225931432,-0.714424528928398,-0.0505964127643754));
#8713=CARTESIAN_POINT('',(0.0550493208164009,-0.738912027185834,-0.0695333251877963));
#8714=CARTESIAN_POINT('',(0.0679540454866658,-0.704424528928398,-0.042216660531631));
#8715=CARTESIAN_POINT('',(0.0626018368811786,-0.704424528928398,-0.0434744761531825));
#8716=CARTESIAN_POINT('',(0.0541174533536435,-0.704424528928398,-0.0447703963802204));
#8717=CARTESIAN_POINT('',(0.0501002137755392,-0.704424528928398,-0.0488873048924281));
#8718=CARTESIAN_POINT('',(0.0679540447583116,-0.704424534777635,-0.04221665469367));
#8719=CARTESIAN_POINT('',(0.0501001682759131,-0.704424528928403,-0.0488873515587215));
#8720=CARTESIAN_POINT('',(0.0610584362414604,-0.71442463661683,-0.049596038566525));
#8721=CARTESIAN_POINT('',(0.0610584059751553,-0.709524603112962,-0.0495960817912883));
#8722=CARTESIAN_POINT('',(0.0655265393892657,-0.70442453080795,-0.0466434006750194));
#8723=CARTESIAN_POINT('',(0.0679540416111069,-0.704424528928399,-0.0422166521120289));
#8724=CARTESIAN_POINT('',(0.0501002137754902,-0.704424528927643,-0.0488873048924786));
#8725=CARTESIAN_POINT('',(0.0490031289475368,-0.7074932025646,-0.0500116087282331));
#8726=CARTESIAN_POINT('',(0.0484073378940158,-0.710974223911468,-0.0505641141325997));
#8727=CARTESIAN_POINT('',(0.0484073378929153,-0.714424528928398,-0.0505641141336533));
#8728=CARTESIAN_POINT('',(0.0680712719884311,-0.704425010916936,-0.0421786783291388));
#8729=CARTESIAN_POINT('',(0.0640382567191983,-0.704422495561613,-0.0396861918030843));
#8730=CARTESIAN_POINT('',(0.0595228411127247,-0.699166271912642,-0.0368379334930378));
#8731=CARTESIAN_POINT('',(0.0595461026023871,-0.694425402843426,-0.0368002943573884));
#8732=CARTESIAN_POINT('',(0.0655621041748988,-0.704373575581502,-0.0468099850858462));
#8733=CARTESIAN_POINT('',(0.0617985427034665,-0.704518006371595,-0.0437484058525896));
#8734=CARTESIAN_POINT('',(0.0560098382341175,-0.69916108193063,-0.0425113207406263));
#8735=CARTESIAN_POINT('',(0.0547351682858823,-0.694327816066149,-0.0445847890388657));
#8736=CARTESIAN_POINT('',(0.0611208584134753,-0.70915738390453,-0.0496397474478659));
#8737=CARTESIAN_POINT('',(0.0576341489253148,-0.70870734740958,-0.0471983045389123));
#8738=CARTESIAN_POINT('',(0.051482001496875,-0.706158891131144,-0.047620598113471));
#8739=CARTESIAN_POINT('',(0.048407337896281,-0.703874124973683,-0.0505641141304328));
#8740=CARTESIAN_POINT('',(0.0611208326889956,-0.714424528928398,-0.0496397294353537));
#8741=CARTESIAN_POINT('',(0.0576355600386102,-0.714424528928398,-0.0471992926131924));
#8742=CARTESIAN_POINT('',(0.0514807344797904,-0.714424528928398,-0.0476218110871374));
#8743=CARTESIAN_POINT('',(0.0484073378929151,-0.714424528928398,-0.0505641141336531));
#8744=CARTESIAN_POINT('',(0.00258367774000074,-0.704424528928398,0.0799582599471942));
#8745=CARTESIAN_POINT('',(0.00634908232433731,-0.704424528928398,0.0759520191389751));
#8746=CARTESIAN_POINT('',(0.0117135739259868,-0.704424528928398,0.0692522875824749));
#8747=CARTESIAN_POINT('',(0.0172875410716286,-0.704424528928398,0.067831710310862));
#8748=CARTESIAN_POINT('',(0.00258367305826283,-0.704424534777636,0.0799582565106678));
#8749=CARTESIAN_POINT('',(0.0172876042356388,-0.704424528928403,0.0678316942401758));
#8750=CARTESIAN_POINT('',(0.0124222112024175,-0.714424778928398,0.0776761761839413));
#8751=CARTESIAN_POINT('',(0.012422333243635,-0.709524483125669,0.0776761655067183));
#8752=CARTESIAN_POINT('',(0.00763114335970919,-0.704424530807965,0.0800693490207388));
#8753=CARTESIAN_POINT('',(0.00258367238619274,-0.704424528928399,0.0799582523810634));
#8754=CARTESIAN_POINT('',(0.0125333556404422,-0.714424778928398,0.0776830877906677));
#8755=CARTESIAN_POINT('',(0.0124222150045141,-0.714424528928398,0.0776762196051581));
#8756=CARTESIAN_POINT('',(0.0120535828383811,-0.714424528928398,0.0734629461802778));
#8757=CARTESIAN_POINT('',(0.0155256936046405,-0.714424528928398,0.0683874290825236));
#8758=CARTESIAN_POINT('',(0.0195861384131421,-0.714424528928398,0.067204041411668));
#8759=CARTESIAN_POINT('',(0.0194307750667895,-0.714424528928398,0.0672445970319366));
#8760=CARTESIAN_POINT('',(0.0172875410716969,-0.704424528927643,0.0678317103108449));
#8761=CARTESIAN_POINT('',(0.0188097591683109,-0.707493202563191,0.067443758897786));
#8762=CARTESIAN_POINT('',(0.0195861384117609,-0.710974223910694,0.0672040414120708));
#8763=CARTESIAN_POINT('',(0.0195861384131422,-0.714424528928398,0.0672040414116682));
#8764=CARTESIAN_POINT('',(0.00249018114443095,-0.704424975682373,0.0799744079523569));
#8765=CARTESIAN_POINT('',(0.00234879539303979,-0.704422472071904,0.075257598353028));
#8766=CARTESIAN_POINT('',(0.002140959163155,-0.699144135550318,0.0699672654445456));
#8767=CARTESIAN_POINT('',(0.00209693847904716,-0.694425402843426,0.0699685847287166));
#8768=CARTESIAN_POINT('',(0.00774680340897376,-0.704375598737333,0.0801163411682168));
#8769=CARTESIAN_POINT('',(0.00698077233256636,-0.704519355141974,0.0753485780806914));
#8770=CARTESIAN_POINT('',(0.00882232496077622,-0.699138514143196,0.0697612895441581));
#8771=CARTESIAN_POINT('',(0.0112439757870797,-0.694327816066161,0.0696944407354219));
#8772=CARTESIAN_POINT('',(0.0124236562757256,-0.709151079888892,0.0776926925837914));
#8773=CARTESIAN_POINT('',(0.0120543917207835,-0.708703144732486,0.0734721912133718));
#8774=CARTESIAN_POINT('',(0.0155187278631934,-0.706148222958123,0.0683894591988491));
#8775=CARTESIAN_POINT('',(0.0195861384089194,-0.703874124973682,0.0672040414128999));
#8776=CARTESIAN_POINT('',(0.0124236556800916,-0.714424528928398,0.0776926857757261));
#8777=CARTESIAN_POINT('',(0.0120545432887661,-0.714424528928398,0.0734739236273231));
#8778=CARTESIAN_POINT('',(0.0155204039743019,-0.714424528928398,0.0683889707075477));
#8779=CARTESIAN_POINT('',(0.0195861384131421,-0.714424528928398,0.067204041411668));
#8780=CARTESIAN_POINT('',(0.0124222112055307,-0.75576329053709,0.077676176183669));
#8781=CARTESIAN_POINT('',(0.0124222112055307,-0.741983786667526,0.077676176183669));
#8782=CARTESIAN_POINT('',(0.0124222112055307,-0.728204282797962,0.077676176183669));
#8783=CARTESIAN_POINT('',(0.0124222112055307,-0.714424778928398,0.077676176183669));
#8784=CARTESIAN_POINT('',(0.0157601449376853,-0.714424528928398,0.068202768216823));
#8785=CARTESIAN_POINT('',(0.032384724541111,-0.738912027169896,0.0789175612965942));
#8786=CARTESIAN_POINT('',(0.0195564547031241,-0.763463239213215,0.0672126854056929));
#8787=CARTESIAN_POINT('',(0.0148057788265368,-0.773659710968901,0.0685949598532756));
#8788=CARTESIAN_POINT('',(0.00546026859930377,-0.793161145676335,0.0699999978545948));
#8789=CARTESIAN_POINT('',(2.75039104098017E-8,-0.804240196794109,0.0699999999999945));
#8790=CARTESIAN_POINT('',(1.65063001746579E-10,-0.804240182536807,0.0700000012132075));
#8791=CARTESIAN_POINT('',(4.12273697472654E-6,-0.783947532422266,0.0810563048806808));
#8792=CARTESIAN_POINT('',(0.00335967118545314,-0.777843970143336,0.0807032083847282));
#8793=CARTESIAN_POINT('',(0.00672252945130201,-0.771680249796136,0.0801295516132479));
#8794=CARTESIAN_POINT('',(0.0100920641260488,-0.765456054847965,0.0793354241761859));
#8795=CARTESIAN_POINT('',(8.16149854112075E-7,-0.783946023230504,0.0810568247624687));
#8796=CARTESIAN_POINT('',(7.71286401092947E-11,-0.783945853065044,0.0810568794260283));
#8797=CARTESIAN_POINT('',(4.76364721667786E-9,-0.781528319699508,0.0733491920948734));
#8798=CARTESIAN_POINT('',(5.78950893841425E-9,-0.796110895041522,0.070000081459669));
#8799=CARTESIAN_POINT('',(4.26468479524809E-10,-0.804240153893372,0.0700000012154067));
#8800=CARTESIAN_POINT('',(-0.000120303558712407,-0.804484314601029,0.069999896621736));
#8801=CARTESIAN_POINT('',(-0.0102674488340433,-0.798767100717992,0.069982457486162));
#8802=CARTESIAN_POINT('',(-0.00875208660879525,-0.799632050637072,0.081497965938257));
#8803=CARTESIAN_POINT('',(0.00664775840647267,-0.790756007224796,0.070011528380914));
#8804=CARTESIAN_POINT('',(-0.00304699582104376,-0.786192753978237,0.070931237316112));
#8805=CARTESIAN_POINT('',(-0.00101676411928043,-0.785909470327284,0.0815320779403709));
#8806=CARTESIAN_POINT('',(0.013282163708285,-0.776936270246613,0.069053024459767));
#8807=CARTESIAN_POINT('',(0.00450358916449012,-0.772692808619019,0.070803426613636));
#8808=CARTESIAN_POINT('',(0.00656539152722275,-0.772096345921118,0.0804575654787789));
#8809=CARTESIAN_POINT('',(0.0197003220676703,-0.763154381337084,0.067170658106275));
#8810=CARTESIAN_POINT('',(0.0120500268657269,-0.758732483569159,0.069414394934825));
#8811=CARTESIAN_POINT('',(0.0138993892983201,-0.758324729371538,0.078332250428715));
#8812=CARTESIAN_POINT('',(-0.0100455633394296,-0.765542833178557,0.0793463969649881));
#8813=CARTESIAN_POINT('',(-0.00670936633085676,-0.771683969165848,0.079914379628763));
#8814=CARTESIAN_POINT('',(-0.00335623706959798,-0.777815623590008,0.0804854226623491));
#8815=CARTESIAN_POINT('',(1.3772209863424E-5,-0.783937700172244,0.081059514796366));
#8816=CARTESIAN_POINT('',(-2.74351898903854E-8,-0.80424019692294,0.0699999999999945));
#8817=CARTESIAN_POINT('',(-0.00544449487577748,-0.793193151194078,0.0699999978661374));
#8818=CARTESIAN_POINT('',(-0.0147733123941495,-0.773726636588623,0.0685980419867258));
#8819=CARTESIAN_POINT('',(-0.0194732339773617,-0.763641833341558,0.0672368437574438));
#8820=CARTESIAN_POINT('',(0.0087520766728699,-0.799632033001907,0.081497965988379));
#8821=CARTESIAN_POINT('',(0.00941017401766655,-0.799256399578732,0.0764969678947208));
#8822=CARTESIAN_POINT('',(0.00452704044799931,-0.802001400959554,0.0699923261554699));
#8823=CARTESIAN_POINT('',(0.000120299196250917,-0.804484294519116,0.0699998966292352));
#8824=CARTESIAN_POINT('',(0.000601739061193766,-0.785173209190989,0.0815339071488681));
#8825=CARTESIAN_POINT('',(0.00137058380989985,-0.785028887311735,0.0767202073083658));
#8826=CARTESIAN_POINT('',(-0.00274710163308979,-0.787664290363359,0.0704537865054968));
#8827=CARTESIAN_POINT('',(-0.00701088204886301,-0.79001943765582,0.0700121520098158));
#8828=CARTESIAN_POINT('',(-0.00735278625081606,-0.770617793794999,0.0802293868994622));
#8829=CARTESIAN_POINT('',(-0.00650101357974345,-0.770668067907372,0.0756345293696093));
#8830=CARTESIAN_POINT('',(-0.00995312510048078,-0.773201514444003,0.0696803172498038));
#8831=CARTESIAN_POINT('',(-0.013971228262472,-0.775456612208766,0.0688509300971962));
#8832=CARTESIAN_POINT('',(-0.0150804496267595,-0.756106960766611,0.0779899916109289));
#8833=CARTESIAN_POINT('',(-0.0141586386831122,-0.756335016156278,0.0736328543277899));
#8834=CARTESIAN_POINT('',(-0.0170098407796961,-0.758770284969848,0.0680227209856587));
#8835=CARTESIAN_POINT('',(-0.0207338927206605,-0.760934956505762,0.0668675246827525));
#8836=CARTESIAN_POINT('',(-0.0157600615591724,-0.76353376404506,0.0682027892365927));
#8837=CARTESIAN_POINT('',(-0.0157600615591724,-0.747164019006173,0.0682027892365927));
#8838=CARTESIAN_POINT('',(-0.0157600615591724,-0.730794273967285,0.0682027892365927));
#8839=CARTESIAN_POINT('',(-0.0157600615591724,-0.714424528928398,0.0682027892365927));
#8840=CARTESIAN_POINT('',(-0.0194307342629466,-0.714424528928398,0.0672445986843145));
#8841=CARTESIAN_POINT('',(-0.012681631063634,-0.738912027171567,0.0806413587301648));
#8842=CARTESIAN_POINT('',(-0.0125144004017525,-0.714424778928398,0.077220614198203));
#8843=CARTESIAN_POINT('',(-0.012678101492858,-0.714424528928398,0.0772345944487446));
#8844=CARTESIAN_POINT('',(-0.0130460912714096,-0.714424528928398,0.0729256353267072));
#8845=CARTESIAN_POINT('',(-0.0148747577161765,-0.714424528928398,0.0687545413507479));
#8846=CARTESIAN_POINT('',(-0.0177945170791555,-0.714424528928398,0.0655643140148353));
#8847=CARTESIAN_POINT('',(-0.0323847245513476,-0.738912027171567,0.0789175614135984));
#8848=CARTESIAN_POINT('',(-0.0172875410716287,-0.704424528928398,0.067831710310862));
#8849=CARTESIAN_POINT('',(-0.0117142748305718,-0.704424528928398,0.0692521089504348));
#8850=CARTESIAN_POINT('',(-0.00700812732296017,-0.704424528928398,0.0752508214573464));
#8851=CARTESIAN_POINT('',(-0.00258367773999833,-0.704424528928398,0.0799582599471969));
#8852=CARTESIAN_POINT('',(-0.0172875429739051,-0.704424528928209,0.067831717774791));
#8853=CARTESIAN_POINT('',(-0.00258367305826282,-0.704424534777635,0.0799582565106821));
#8854=CARTESIAN_POINT('',(-0.0195861384131422,-0.714424528928398,0.0672040414116682));
#8855=CARTESIAN_POINT('',(-0.0195861384117242,-0.710950918601124,0.0672040414120815));
#8856=CARTESIAN_POINT('',(-0.0188065406126003,-0.70748671420447,0.0674445791765876));
#8857=CARTESIAN_POINT('',(-0.0172875410716908,-0.70442452892763,0.0678317103108464));
#8858=CARTESIAN_POINT('',(-0.00258367314455929,-0.704424528928399,0.0799582523977602));
#8859=CARTESIAN_POINT('',(-0.00765069299277161,-0.704424531195125,0.0800697791305));
#8860=CARTESIAN_POINT('',(-0.0124222112055307,-0.70953399307831,0.0776761761836691));
#8861=CARTESIAN_POINT('',(-0.0124222112055307,-0.714424528928398,0.0776761761836691));
#8862=CARTESIAN_POINT('',(-0.00209591326457056,-0.694422461498338,0.0699686158830844));
#8863=CARTESIAN_POINT('',(-0.00218968662756007,-0.70442272965179,0.0699628531753107));
#8864=CARTESIAN_POINT('',(-0.00248914905031129,-0.704424972423943,0.0799590778136772));
#8865=CARTESIAN_POINT('',(-0.00438312474113896,-0.694397894818878,0.0699001023522769));
#8866=CARTESIAN_POINT('',(-0.00317482850541953,-0.70448825113474,0.0699302386554848));
#8867=CARTESIAN_POINT('',(-0.00380283766076361,-0.704412669101493,0.0799945607611871));
#8868=CARTESIAN_POINT('',(-0.00671805490142541,-0.694905469778758,0.0697093886688186));
#8869=CARTESIAN_POINT('',(-0.00414028161004021,-0.704670543305232,0.0699195301371138));
#8870=CARTESIAN_POINT('',(-0.00513734317044401,-0.704666438457541,0.0798932885346343));
#8871=CARTESIAN_POINT('',(-0.0109413221423526,-0.696881190799983,0.0691723835255413));
#8872=CARTESIAN_POINT('',(-0.00614265091609364,-0.705380631786454,0.0698924249508841));
#8873=CARTESIAN_POINT('',(-0.00754207839085518,-0.705654221104343,0.0794915038155353));
#8874=CARTESIAN_POINT('',(-0.0128898724409552,-0.698369122820622,0.0688225467827804));
#8875=CARTESIAN_POINT('',(-0.00719874452706333,-0.705926422815612,0.0698679097831173));
#8876=CARTESIAN_POINT('',(-0.00864649670572912,-0.706398125659788,0.0791899348608484));
#8877=CARTESIAN_POINT('',(-0.0152974969246986,-0.701134331623616,0.0683129532321136));
#8878=CARTESIAN_POINT('',(-0.00868062602525194,-0.707174743521447,0.0697873316024202));
#8879=CARTESIAN_POINT('',(-0.0100072417243902,-0.707780564691588,0.0787292807946464));
#8880=CARTESIAN_POINT('',(-0.0160309724458457,-0.702163078672982,0.0681427209754251));
#8881=CARTESIAN_POINT('',(-0.00915877748684876,-0.707662876903983,0.0697541215637149));
#8882=CARTESIAN_POINT('',(-0.0104210387995394,-0.708294870055359,0.0785718842945357));
#8883=CARTESIAN_POINT('',(-0.0172935204083272,-0.704343969330056,0.0678333004772924));
#8884=CARTESIAN_POINT('',(-0.0100137936790327,-0.708759013061169,0.0696838861349256));
#8885=CARTESIAN_POINT('',(-0.0111324958249241,-0.709385155058632,0.0782822895030126));
#8886=CARTESIAN_POINT('',(-0.0178270722009136,-0.705496679639049,0.0676934229131092));
#8887=CARTESIAN_POINT('',(-0.0103943586927791,-0.709365950301126,0.0696470020214452));
#8888=CARTESIAN_POINT('',(-0.0114327003855289,-0.709961418216549,0.0781495287574496));
#8889=CARTESIAN_POINT('',(-0.0191349812035341,-0.709144748463701,0.0673399462645256));
#8890=CARTESIAN_POINT('',(-0.0113413712151278,-0.711346607996373,0.0695472510425143));
#8891=CARTESIAN_POINT('',(-0.0121680687086059,-0.711785142165488,0.0778120320077721));
#8892=CARTESIAN_POINT('',(-0.0195886823207352,-0.711786476286226,0.0672033003735085));
#8893=CARTESIAN_POINT('',(-0.0117044603656806,-0.712889064773513,0.0694988347780258));
#8894=CARTESIAN_POINT('',(-0.0124224576492055,-0.713105755042357,0.0776789884765853));
#8895=CARTESIAN_POINT('',(-0.0195886820595299,-0.714424528928398,0.067203300449635));
#8896=CARTESIAN_POINT('',(-0.0117044601122986,-0.714424528928398,0.0694988346178707));
#8897=CARTESIAN_POINT('',(-0.0124224576238146,-0.714424528928398,0.0776789881863683));
#8898=CARTESIAN_POINT('',(-0.048407338165232,-0.714424528928398,-0.0505641138729518));
#8899=CARTESIAN_POINT('',(-0.0514454223073258,-0.714424528928398,-0.0476556172635633));
#8900=CARTESIAN_POINT('',(-0.0575295947875092,-0.714424528928398,-0.0471617477407635));
#8901=CARTESIAN_POINT('',(-0.0610004828485291,-0.714424528928398,-0.0495557631803888));
#8902=CARTESIAN_POINT('',(-0.0484602258976256,-0.714424778928398,-0.0507151596023881));
#8903=CARTESIAN_POINT('',(-0.0608051200206979,-0.714424531629015,-0.0498390044203005));
#8904=CARTESIAN_POINT('',(-0.0685349400226851,-0.70647303095992,-0.0413870432033869));
#8905=CARTESIAN_POINT('',(-0.0670783806636301,-0.708032539022068,-0.0442179132979511));
#8906=CARTESIAN_POINT('',(-0.0628969578309154,-0.713097343217095,-0.0469703576231927));
#8907=CARTESIAN_POINT('',(-0.0622334061989933,-0.715437299604775,-0.0479180075636928));
#8908=CARTESIAN_POINT('',(-0.0679540448514017,-0.704424534777635,-0.042216654758857));
#8909=CARTESIAN_POINT('',(-0.0501002137755393,-0.704424528928398,-0.0488873048924281));
#8910=CARTESIAN_POINT('',(-0.0541169482012478,-0.704424528928398,-0.0447709140656003));
#8911=CARTESIAN_POINT('',(-0.0616650593750901,-0.704424528928398,-0.0436946270231573));
#8912=CARTESIAN_POINT('',(-0.067954045486655,-0.704424528928398,-0.0422166605316335));
#8913=CARTESIAN_POINT('',(-0.0501002192883588,-0.704424528928209,-0.0488873102718065));
#8914=CARTESIAN_POINT('',(-0.0484073378929153,-0.714424778928426,-0.0505641141336533));
#8915=CARTESIAN_POINT('',(-0.0484073378939859,-0.710950918833986,-0.0505641141326284));
#8916=CARTESIAN_POINT('',(-0.0490054225920944,-0.707486786974474,-0.0500092581776576));
#8917=CARTESIAN_POINT('',(-0.0501002137754948,-0.70442452892763,-0.048887304892474));
#8918=CARTESIAN_POINT('',(-0.0595464831805682,-0.694351542998321,-0.0367997191971252));
#8919=CARTESIAN_POINT('',(-0.0595220475794758,-0.699089212222485,-0.0368365976082433));
#8920=CARTESIAN_POINT('',(-0.063971468124431,-0.70442392058634,-0.0396449311673849));
#8921=CARTESIAN_POINT('',(-0.0680017450037576,-0.704424967074089,-0.0421357092149286));
#8922=CARTESIAN_POINT('',(-0.0547153269596575,-0.694252517123534,-0.0446171064057124));
#8923=CARTESIAN_POINT('',(-0.0559880073138972,-0.699082495376269,-0.0425441214662956));
#8924=CARTESIAN_POINT('',(-0.0617366786649131,-0.70452191726305,-0.0436971067822643));
#8925=CARTESIAN_POINT('',(-0.0654972222747984,-0.704376064992965,-0.046757205324015));
#8926=CARTESIAN_POINT('',(-0.0483594471094742,-0.703838528772635,-0.0506099859967909));
#8927=CARTESIAN_POINT('',(-0.0514313420259381,-0.70612181432886,-0.0476675610469766));
#8928=CARTESIAN_POINT('',(-0.0575769900115758,-0.708700504458159,-0.0471568389377735));
#8929=CARTESIAN_POINT('',(-0.0610607492525265,-0.709149625321296,-0.0495976586413781));
#8930=CARTESIAN_POINT('',(-0.0483594668647958,-0.714424528928398,-0.050609967084114));
#8931=CARTESIAN_POINT('',(-0.0514300943612511,-0.714424528928398,-0.0476687554936712));
#8932=CARTESIAN_POINT('',(-0.0575784264159167,-0.714424528928398,-0.0471578447216348));
#8933=CARTESIAN_POINT('',(-0.0610607482975141,-0.714424528928398,-0.049597657972672));
#8934=CARTESIAN_POINT('',(-0.0478133561688964,-0.763304779607058,-0.0511261475996221));
#8935=CARTESIAN_POINT('',(-0.0610584362411281,-0.714424528928398,-0.0495960385669995));
#8936=CARTESIAN_POINT('',(-0.0610584362411281,-0.728205856334776,-0.0495960385669995));
#8937=CARTESIAN_POINT('',(-0.0610584362411281,-0.741987183741154,-0.0495960385669995));
#8938=CARTESIAN_POINT('',(-0.0610584362411281,-0.755768511147533,-0.0495960385669995));
#8939=CARTESIAN_POINT('',(-0.0550493208168277,-0.738912027170042,-0.0695333251880947));
#8940=CARTESIAN_POINT('',(-0.0638700442987489,-0.765276975050197,-0.0487144980185405));
#8941=CARTESIAN_POINT('',(-0.0671318961127713,-0.772040383525538,-0.0465935755395009));
#8942=CARTESIAN_POINT('',(-0.0700077004963129,-0.77818730772846,-0.0445553455387921));
#8943=CARTESIAN_POINT('',(-0.072490790379597,-0.783723342452246,-0.042607682815673));
#8944=CARTESIAN_POINT('',(-0.0700920023281946,-0.784267586719328,-0.0410964092533346));
#8945=CARTESIAN_POINT('',(-0.0601580838259046,-0.802353637172591,-0.0357911294931499));
#8946=CARTESIAN_POINT('',(-0.0569270522749968,-0.789352763963968,-0.0412218792246121));
#8947=CARTESIAN_POINT('',(-0.0529564589937343,-0.776351890755345,-0.0462119687783767));
#8948=CARTESIAN_POINT('',(-0.0483903322825246,-0.763351017546722,-0.0505803889030803));
#8949=CARTESIAN_POINT('',(-0.0612802755230098,-0.802441880293726,-0.0366700273700429));
#8950=CARTESIAN_POINT('',(-0.0638206620702609,-0.802726713459504,-0.0366951959680388));
#8951=CARTESIAN_POINT('',(-0.0643086522519111,-0.798300286583791,-0.0375339191835584));
#8952=CARTESIAN_POINT('',(-0.0652932961108745,-0.793858698872439,-0.0384057025120329));
#8953=CARTESIAN_POINT('',(-0.0669660305292952,-0.789835451938221,-0.0396508087755328));
#8954=CARTESIAN_POINT('',(-0.0677611282781302,-0.78792308943454,-0.0402426428265734));
#8955=CARTESIAN_POINT('',(-0.0687328694741876,-0.786078309879982,-0.0409273560022698));
#8956=CARTESIAN_POINT('',(-0.0699447538399923,-0.784499301227208,-0.0417505487367138));
#8957=CARTESIAN_POINT('',(-0.0733323066028916,-0.808900522123249,-0.0530452003663572));
#8958=CARTESIAN_POINT('',(-0.0679815118388013,-0.763503098565478,-0.0166887401594878));
#8959=CARTESIAN_POINT('',(-0.0664474308627485,-0.776745730593715,-0.0229378124704333));
#8960=CARTESIAN_POINT('',(-0.0640464267456028,-0.789988362621952,-0.0289734280040978));
#8961=CARTESIAN_POINT('',(-0.0608687665040654,-0.803230994650189,-0.0345686746097323));
#8962=CARTESIAN_POINT('',(-0.0692750655565395,-0.784466697932158,-0.0404937285093934));
#8963=CARTESIAN_POINT('',(-0.0701942408821824,-0.778296807711697,-0.0372093985090705));
#8964=CARTESIAN_POINT('',(-0.070916914024438,-0.772057007233595,-0.0338004995719738));
#8965=CARTESIAN_POINT('',(-0.0714715405502205,-0.765691617994815,-0.0302449710437927));
#8966=CARTESIAN_POINT('',(-0.0832949173290876,-0.805199992537316,-0.0391128463007491));
#8967=CARTESIAN_POINT('',(-0.0734806474466585,-0.714424528928398,-0.028080137616669));
#8968=CARTESIAN_POINT('',(-0.0734806474466584,-0.714424528928398,-0.0280801376166693));
#8969=CARTESIAN_POINT('',(-0.0679934763060573,-0.704424528928398,-0.0166399272780151));
#8970=CARTESIAN_POINT('',(-0.0679934763060573,-0.714424528928398,-0.0166399272780151));
#8971=CARTESIAN_POINT('',(-0.0777068300640655,-0.714424528928398,-0.0190170597463031));
#8972=CARTESIAN_POINT('',(-0.0777068300640654,-0.704424528928398,-0.0190170597463031));
#8973=CARTESIAN_POINT('',(-0.0705377232266677,-0.704424528928398,-0.037741599415555));
#8974=CARTESIAN_POINT('',(-0.0689509192052793,-0.704424528928398,-0.0324775429868653));
#8975=CARTESIAN_POINT('',(-0.065831027279564,-0.704424528928398,-0.0244818912023607));
#8976=CARTESIAN_POINT('',(-0.067387754847168,-0.704424528928398,-0.0189444054184341));
#8977=CARTESIAN_POINT('',(-0.0705377179096744,-0.704424534777635,-0.0377416017517974));
#8978=CARTESIAN_POINT('',(-0.0673877725115467,-0.704424528928403,-0.0189443426814681));
#8979=CARTESIAN_POINT('',(-0.0734806474466585,-0.714424528928398,-0.0280801376166691));
#8980=CARTESIAN_POINT('',(-0.0734806474466585,-0.709524693901103,-0.0280801376166691));
#8981=CARTESIAN_POINT('',(-0.0731576226504416,-0.704424530807939,-0.0334259753117276));
#8982=CARTESIAN_POINT('',(-0.0705377139972942,-0.704424528928399,-0.037741600269024));
#8983=CARTESIAN_POINT('',(-0.0673877548471852,-0.70442452892763,-0.0189444054183725));
#8984=CARTESIAN_POINT('',(-0.0678128881161554,-0.707493202561778,-0.0174321501707645));
#8985=CARTESIAN_POINT('',(-0.0679934763057134,-0.710974223911333,-0.0166399272794198));
#8986=CARTESIAN_POINT('',(-0.0679934763060572,-0.714424528928398,-0.0166399272780151));
#8987=CARTESIAN_POINT('',(-0.0704884400975379,-0.70442497124996,-0.0378224051984367));
#8988=CARTESIAN_POINT('',(-0.0616870372035048,-0.704419634817916,-0.0330865266888006));
#8989=CARTESIAN_POINT('',(-0.0616425682058698,-0.69442541351942,-0.0331691691934651));
#8990=CARTESIAN_POINT('',(-0.0711759558965276,-0.704412691926383,-0.0367025421680119));
#8991=CARTESIAN_POINT('',(-0.0621516326155212,-0.704485092506012,-0.0322166371197095));
#8992=CARTESIAN_POINT('',(-0.0627266571908072,-0.694400861221688,-0.031154466057385));
#8993=CARTESIAN_POINT('',(-0.071755462761532,-0.704666439259224,-0.0354962988432425));
#8994=CARTESIAN_POINT('',(-0.0626252715486803,-0.704667516491409,-0.0313746696741145));
#8995=CARTESIAN_POINT('',(-0.0637288028823452,-0.694908349600354,-0.0290373776548321));
#8996=CARTESIAN_POINT('',(-0.072609867884639,-0.705654134696303,-0.0332129924757083));
#8997=CARTESIAN_POINT('',(-0.0636031023533258,-0.705378119575647,-0.0296261865933182));
#8998=CARTESIAN_POINT('',(-0.0653751707154498,-0.696883737740772,-0.0251120821879021));
#8999=CARTESIAN_POINT('',(-0.0729009429451245,-0.706397975115068,-0.032105796565213));
#9000=CARTESIAN_POINT('',(-0.0641098658692485,-0.705924282990806,-0.0286989959301222));
#9001=CARTESIAN_POINT('',(-0.0660464215818664,-0.698371416568027,-0.0232499710992301));
#9002=CARTESIAN_POINT('',(-0.0731824496222817,-0.707780367786326,-0.0306970363669899));
#9003=CARTESIAN_POINT('',(-0.0647808821093572,-0.707173130077986,-0.0273750483002973));
#9004=CARTESIAN_POINT('',(-0.0668088731942511,-0.701136200458777,-0.02091045677372));
#9005=CARTESIAN_POINT('',(-0.0732530667432175,-0.708294663352187,-0.0302599744112865));
#9006=CARTESIAN_POINT('',(-0.0649911415458186,-0.707661439813534,-0.0269442714783476));
#9007=CARTESIAN_POINT('',(-0.067028178613018,-0.702164791284081,-0.0201902353715871));
#9008=CARTESIAN_POINT('',(-0.073358053457583,-0.709384947905769,-0.0294990195166156));
#9009=CARTESIAN_POINT('',(-0.0653577166850469,-0.708757905711089,-0.0261685673311651));
#9010=CARTESIAN_POINT('',(-0.0673914801376009,-0.704345360378672,-0.0189423002141261));
#9011=CARTESIAN_POINT('',(-0.0733932084258142,-0.709961220181051,-0.0291726413101416));
#9012=CARTESIAN_POINT('',(-0.0655160042309413,-0.709364997821669,-0.0258205054025333));
#9013=CARTESIAN_POINT('',(-0.0675371191141423,-0.705497905216069,-0.018410362416205));
#9014=CARTESIAN_POINT('',(-0.0734686817154046,-0.71178499440173,-0.0283670086629895));
#9015=CARTESIAN_POINT('',(-0.0659029914778537,-0.711346100185884,-0.0249504014798152));
#9016=CARTESIAN_POINT('',(-0.0678849578680813,-0.709145455237072,-0.0171011141562291));
#9017=CARTESIAN_POINT('',(-0.0734806869546017,-0.713105681645795,-0.0280801560394211));
#9018=CARTESIAN_POINT('',(-0.0660425494203128,-0.7128888110259,-0.0246117350120112));
#9019=CARTESIAN_POINT('',(-0.0679934763057944,-0.711786832059232,-0.0166399272790891));
#9020=CARTESIAN_POINT('',(-0.0734806869502627,-0.714424528928398,-0.0280801560373973));
#9021=CARTESIAN_POINT('',(-0.0660425494197674,-0.714424528928398,-0.0246117350150032));
#9022=CARTESIAN_POINT('',(-0.0679934763060573,-0.714424528928398,-0.0166399272780151));
#9023=CARTESIAN_POINT('',(0.0596773877887017,-0.704424528928398,-0.0364212721423641));
#9024=CARTESIAN_POINT('',(0.140063156147898,-0.714424528928398,-0.104915738999867));
#9025=CARTESIAN_POINT('',(0.143665856808317,-0.714424528928398,-0.0952306312725911));
#9026=CARTESIAN_POINT('',(-0.00278043738218523,-0.704424528928398,0.0186462401422739));
#9027=CARTESIAN_POINT('',(0.011665,-0.714424528928398,0.069021212500216));
#9028=CARTESIAN_POINT('',(0.00170305301908251,-0.714424528928398,0.069892769927693));
#9029=CARTESIAN_POINT('',(0.160891273304655,-0.714424528928398,-0.068840381858374));
#9030=CARTESIAN_POINT('',(0.170920373712772,-0.704424528928398,-0.0845508073727101));
#9031=CARTESIAN_POINT('',(0.156665090687248,-0.714424528928398,-0.077903459728741));
#9032=CARTESIAN_POINT('',(-0.020828117156754,-0.714424528928398,0.173756120858244));
#9033=CARTESIAN_POINT('',(0.0059760819117868,-0.704424528928398,-0.0178801439721051));
#9034=CARTESIAN_POINT('',(-0.0108661701758365,-0.714424528928398,0.17462767828572));
#9035=CARTESIAN_POINT('',(0.17463517461465,-0.704424528928398,0.076584391130317));
#9036=CARTESIAN_POINT('',(-0.0656066234251913,-0.714424528928398,-0.0244084199149631));
#9037=CARTESIAN_POINT('',(-0.0613804408077843,-0.714424528928398,-0.033471497785329));
#9038=CARTESIAN_POINT('',(-0.114734295441064,-0.714424528928398,-0.0871802797986775));
#9039=CARTESIAN_POINT('',(-0.0968237353325855,-0.714424528928398,-0.0746391705971629));
#9040=CARTESIAN_POINT('',(-0.0789131752241071,-0.714424528928398,-0.0620980613956482));
#9041=CARTESIAN_POINT('',(-0.0610026151156288,-0.714424528928398,-0.0495569521941336));
#9042=CARTESIAN_POINT('',(-0.0679540471771478,-0.704424528928398,-0.0422166514373473));
#9043=CARTESIAN_POINT('',(-0.0884158669594911,-0.704424528928398,-0.0565441718944327));
#9044=CARTESIAN_POINT('',(-0.108877686741834,-0.704424528928398,-0.070871692351518));
#9045=CARTESIAN_POINT('',(-0.129339506524178,-0.704424528928398,-0.0851992128086034));
#9046=CARTESIAN_POINT('',(-0.1024122099783,-0.724202885032336,-0.0544073481320236));
#9047=CARTESIAN_POINT('',(0.0856414105685601,-0.789566627259443,-0.0494732143766035));
#9048=CARTESIAN_POINT('',(0.0937190418626169,-0.791208798497096,-0.055087377406303));
#9049=CARTESIAN_POINT('',(0.101793343921789,-0.792852476772045,-0.060705892896587));
#9050=CARTESIAN_POINT('',(0.109864138994265,-0.794496813096641,-0.0663292464485396));
#9051=CARTESIAN_POINT('',(0.0856495003857221,-0.789572087990234,-0.0494599774942901));
#9052=CARTESIAN_POINT('',(0.0700627038169229,-0.783886556874194,-0.0404646353840134));
#9053=CARTESIAN_POINT('',(0.075257005810344,-0.785790087570243,-0.0434600300120578));
#9054=CARTESIAN_POINT('',(0.0804507683436391,-0.787692485866395,-0.0464570804592486));
#9055=CARTESIAN_POINT('',(0.0856439865661536,-0.789593757232803,-0.0494557873425565));
#9056=CARTESIAN_POINT('',(-2.50794171101187,-3.04829032401439,-3.16571959208618));
#9057=CARTESIAN_POINT('',(-0.0856520221733591,-0.789593779437727,-0.0494420094026475));
#9058=CARTESIAN_POINT('',(-0.0805797442257302,-0.787736909265456,-0.0465139199591064));
#9059=CARTESIAN_POINT('',(-0.0755085749881752,-0.785878964186708,-0.0435845909063127));
#9060=CARTESIAN_POINT('',(-0.0704385162224765,-0.78401993910578,-0.0406540264444914));
#9061=CARTESIAN_POINT('',(-0.0856583970657163,-0.789572086379783,-0.0494447231060618));
#9062=CARTESIAN_POINT('',(-0.110133160815329,-0.794550911085288,-0.0665084603570846));
#9063=CARTESIAN_POINT('',(-0.101464506238913,-0.792785360633362,-0.0604755453953586));
#9064=CARTESIAN_POINT('',(-0.0932375244527327,-0.791110382689041,-0.0547467034244065));
#9065=CARTESIAN_POINT('',(-0.0856491751899034,-0.789566609419407,-0.049459557912248));
#9066=CARTESIAN_POINT('',(-2.18913245342625,1.04540089759783,2.4580695328559));
#9067=CARTESIAN_POINT('',(2.43550190239581E-5,-0.789566626971817,0.0989042426397006));
#9068=CARTESIAN_POINT('',(0.000847547225331949,-0.791208798309246,0.108706758654467));
#9069=CARTESIAN_POINT('',(0.00167617339118498,-0.792852476684224,0.118508567697444));
#9070=CARTESIAN_POINT('',(0.00251074293547345,-0.794496813108916,0.128309758631608));
#9071=CARTESIAN_POINT('',(8.84703564617704E-6,-0.789572087744489,0.0989046301449782));
#9072=CARTESIAN_POINT('',(1.19730159298069E-5,-0.783934808119764,0.0810603907376233));
#9073=CARTESIAN_POINT('',(8.9642955540729E-6,-0.785822235818747,0.0870058271550794));
#9074=CARTESIAN_POINT('',(7.63064175613054E-6,-0.787708550220226,0.0929516181960298));
#9075=CARTESIAN_POINT('',(7.97493905000396E-6,-0.789593756657191,0.0988977600659135));
#9076=CARTESIAN_POINT('',(4.00078690900871,-3.02831701002418,-0.6227162814029));
#9077=CARTESIAN_POINT('',(-0.0856658309931352,-0.789566639298178,-0.0494310606847117));
#9078=CARTESIAN_POINT('',(-0.0945960681197223,-0.791214237263632,-0.0536332538825413));
#9079=CARTESIAN_POINT('',(-0.103528424079686,-0.792863351807223,-0.0578303539666542));
#9080=CARTESIAN_POINT('',(-0.112463233328927,-0.794513126802025,-0.0620219608197504));
#9081=CARTESIAN_POINT('',(-1.46110491850784,-3.02831632486987,3.77614007694599));
#9082=CARTESIAN_POINT('',(0.11237278526011,-0.794497007980226,-0.0619867219348051));
#9083=CARTESIAN_POINT('',(0.102926333081394,-0.792752265695035,-0.0575488335624311));
#9084=CARTESIAN_POINT('',(0.0939465385227874,-0.791094847249706,-0.0533331831309145));
#9085=CARTESIAN_POINT('',(0.0856577508028963,-0.789566596437506,-0.0494445495285977));
#9086=CARTESIAN_POINT('',(-0.971844167327612,1.04634587795926,-3.14671312107748));
#9087=CARTESIAN_POINT('',(-0.00250431669970037,-0.794497007991784,0.128311047766408));
#9088=CARTESIAN_POINT('',(-0.00162441461694349,-0.792752265591914,0.117911235334157));
#9089=CARTESIAN_POINT('',(-0.000785377650302654,-0.791094847041998,0.108026679285483));
#9090=CARTESIAN_POINT('',(-8.63923309498806E-6,-0.789566596143695,0.0989040612367986));
#9091=CARTESIAN_POINT('',(3.21105155664183,1.04634358140119,0.731714060505965));
#9092=CARTESIAN_POINT('',(-3.061515884556E-17,-1.03682310160738,0.));
#9093=CARTESIAN_POINT('',(-0.0700000000000001,-1.03682310160738,0.));
#9094=CARTESIAN_POINT('',(-3.061515884556E-17,-1.03682310160738,0.));
#9095=CARTESIAN_POINT('',(0.,-1.03682310160738,0.));
#9096=CARTESIAN_POINT('',(0.03,-1.03682310160738,-1.83697019872103E-18));
#9097=CARTESIAN_POINT('',(-3.061515884556E-17,-1.03682310160738,-0.045));
#9098=CARTESIAN_POINT('',(0.,-1.01682310160738,0.));
#9099=CARTESIAN_POINT('',(0.,-1.01682310160738,-0.03));
#9100=CARTESIAN_POINT('',(-3.061515884556E-17,-1.01682310160738,-0.055794280266039));
#9101=CARTESIAN_POINT('',(-3.061515884556E-17,-0.811774528928398,0.));
#9102=CARTESIAN_POINT('',(-3.061515884556E-17,-0.811774528928398,0.));
#9103=CARTESIAN_POINT('',(-3.061515884556E-17,-0.811774528928398,0.));
#9104=CARTESIAN_POINT('',(-3.061515884556E-17,-0.811774528928398,0.));
#9105=CARTESIAN_POINT('',(-3.061515884556E-17,-0.704424528928398,0.));
#9106=CARTESIAN_POINT('',(-3.061515884556E-17,-0.811774528928398,0.));
#9107=CARTESIAN_POINT('',(-3.061515884556E-17,-0.811774528928398,-0.07));
#9108=CARTESIAN_POINT('',(-3.061515884556E-17,-0.704424528928404,0.));
#9109=CARTESIAN_POINT('',(-3.061515884556E-17,-0.704424528928404,0.));
#9110=CARTESIAN_POINT('',(-3.061515884556E-17,-0.704424528928404,0.));
#9111=CARTESIAN_POINT('',(-3.061515884556E-17,-0.704424528928398,0.));
#9112=CARTESIAN_POINT('',(-3.061515884556E-17,-0.704424528928404,0.));
#9113=CARTESIAN_POINT('',(0.210347062693855,-0.704424528928398,0.));
#9114=CARTESIAN_POINT('',(0.160891273304655,-0.828234528928398,-0.068840381858374));
#9115=CARTESIAN_POINT('',(0.011665,-0.828234528928398,0.069021212500216));
#9116=CARTESIAN_POINT('',(-0.020828117156754,-0.828234528928398,0.173756120858244));
#9117=CARTESIAN_POINT('',(-0.0656066234251913,-0.828234528928398,-0.0244084199149631));
#9118=CARTESIAN_POINT('',(0.140063156147901,-0.828234528928398,-0.104915738999869));
#9119=CARTESIAN_POINT('',(-0.0539416234251913,-0.828234528928398,-0.0446127925852531));
#9120=CARTESIAN_POINT('',(-3.061515884556E-17,-0.784724528928398,0.));
#9121=CARTESIAN_POINT('',(-3.061515884556E-17,-0.784724528928398,0.));
#9122=CARTESIAN_POINT('',(-3.061515884556E-17,-0.784724528928398,0.));
#9123=CARTESIAN_POINT('',(-3.061515884556E-17,-0.704424528928398,0.));
#9124=CARTESIAN_POINT('',(-3.061515884556E-17,-0.704424528928398,0.));
#9125=CARTESIAN_POINT('',(-3.061515884556E-17,-0.704424528928404,0.));
#9126=CARTESIAN_POINT('',(0.210347062693855,-0.704424528928398,0.));
#9127=CARTESIAN_POINT('',(-3.061515884556E-17,-0.704424528928404,0.));
#9128=CARTESIAN_POINT('',(0.210347062693855,-0.704424528928398,0.));
#9129=CARTESIAN_POINT('',(2.02145180503834E-16,-0.505,0.52));
#9130=CARTESIAN_POINT('',(1.97149176893021E-16,-0.581110727964793,0.52));
#9131=CARTESIAN_POINT('',(2.0769629562696E-16,-0.593055363982396,0.41));
#9132=CARTESIAN_POINT('',(2.50994993587341E-16,-0.605,0.3));
#9133=CARTESIAN_POINT('',(-0.00654498469497854,-0.505,0.52));
#9134=CARTESIAN_POINT('',(-0.00654498469497854,-0.581110738420714,0.52));
#9135=CARTESIAN_POINT('',(-0.00897064770160324,-0.593055369210357,0.41));
#9136=CARTESIAN_POINT('',(-0.0113963107082279,-0.605,0.3));
#9137=CARTESIAN_POINT('',(-0.0130898075523131,-0.505,0.519355391212057));
#9138=CARTESIAN_POINT('',(-0.0130898075523131,-0.580899347091706,0.519355391212057));
#9139=CARTESIAN_POINT('',(-0.0179410735862646,-0.592804636568566,0.409677695606029));
#9140=CARTESIAN_POINT('',(-0.0227923396202161,-0.604709926045425,0.3));
#9141=CARTESIAN_POINT('',(-0.0259282568509123,-0.505,0.516801664868589));
#9142=CARTESIAN_POINT('',(-0.0259282568509123,-0.580061716272261,0.516801664868589));
#9143=CARTESIAN_POINT('',(-0.0355376320290961,-0.591811232731563,0.408400832434295));
#9144=CARTESIAN_POINT('',(-0.0451470072072799,-0.603560749190865,0.3));
#9145=CARTESIAN_POINT('',(-0.0322215658362183,-0.505,0.51489261045898));
#9146=CARTESIAN_POINT('',(-0.0322215658362183,-0.579435487494853,0.51489261045898));
#9147=CARTESIAN_POINT('',(-0.0441633294776827,-0.591068581100697,0.40744630522949));
#9148=CARTESIAN_POINT('',(-0.056105093119147,-0.602701674706541,0.3));
#9149=CARTESIAN_POINT('',(-0.0443151206367993,-0.505,0.509883296043277));
#9150=CARTESIAN_POINT('',(-0.0443151206367993,-0.577791566533588,0.509883296043277));
#9151=CARTESIAN_POINT('',(-0.0607389250874444,-0.589119524876531,0.404941648021639));
#9152=CARTESIAN_POINT('',(-0.0771627295380894,-0.600447483219475,0.3));
#9153=CARTESIAN_POINT('',(-0.0501150674150999,-0.505,0.506783159902354));
#9154=CARTESIAN_POINT('',(-0.0501150674150999,-0.576773915932598,0.506783159902354));
#9155=CARTESIAN_POINT('',(-0.0686884133843538,-0.587913168944329,0.403391579951177));
#9156=CARTESIAN_POINT('',(-0.0872617593536077,-0.599052421956059,0.3));
#9157=CARTESIAN_POINT('',(-0.06099897918882,-0.505,0.499510762558156));
#9158=CARTESIAN_POINT('',(-0.06099897918882,-0.57438513588994,0.499510762558156));
#9159=CARTESIAN_POINT('',(-0.0836060553174637,-0.585082489520555,0.399755381279078));
#9160=CARTESIAN_POINT('',(-0.106213131446108,-0.59577984315117,0.3));
#9161=CARTESIAN_POINT('',(-0.0660826750580729,-0.505,0.495338681179237));
#9162=CARTESIAN_POINT('',(-0.0660826750580729,-0.573014066950178,0.495338681179237));
#9163=CARTESIAN_POINT('',(-0.0905738400855704,-0.583458236740417,0.397669340589618));
#9164=CARTESIAN_POINT('',(-0.115065005113068,-0.593902406530656,0.3));
#9165=CARTESIAN_POINT('',(-0.0753386811792362,-0.505,0.486082675058073));
#9166=CARTESIAN_POINT('',(-0.0753386811792362,-0.569969494346125,0.486082675058073));
#9167=CARTESIAN_POINT('',(-0.103260251728449,-0.579853349061129,0.393041337529037));
#9168=CARTESIAN_POINT('',(-0.131181822277662,-0.589737203776133,0.3));
#9169=CARTESIAN_POINT('',(-0.0795107625581553,-0.505,0.48099897918882));
#9170=CARTESIAN_POINT('',(-0.0795107625581553,-0.568296067887126,0.48099897918882));
#9171=CARTESIAN_POINT('',(-0.108978564906693,-0.577872804261048,0.39049948959441));
#9172=CARTESIAN_POINT('',(-0.138446367255231,-0.587449540634969,0.3));
#9173=CARTESIAN_POINT('',(-0.0867831599023534,-0.505,0.4701150674151));
#9174=CARTESIAN_POINT('',(-0.0867831599023534,-0.564708835212973,0.4701150674151));
#9175=CARTESIAN_POINT('',(-0.118946214574526,-0.573630307774884,0.38505753370755));
#9176=CARTESIAN_POINT('',(-0.1511092692467,-0.582551780336795,0.3));
#9177=CARTESIAN_POINT('',(-0.089883296043277,-0.505,0.4643151206368));
#9178=CARTESIAN_POINT('',(-0.089883296043277,-0.562795238853229,0.4643151206368));
#9179=CARTESIAN_POINT('',(-0.123195304594335,-0.571368521569894,0.3821575603184));
#9180=CARTESIAN_POINT('',(-0.156507313145393,-0.57994180428656,0.3));
#9181=CARTESIAN_POINT('',(-0.0948926104589799,-0.505,0.452221565836219));
#9182=CARTESIAN_POINT('',(-0.0948926104589799,-0.558797755102646,0.452221565836219));
#9183=CARTESIAN_POINT('',(-0.13006114110031,-0.566648729864472,0.376110782918109));
#9184=CARTESIAN_POINT('',(-0.16522967174164,-0.574499704626298,0.3));
#9185=CARTESIAN_POINT('',(-0.0968016648685888,-0.505,0.445928256850912));
#9186=CARTESIAN_POINT('',(-0.0968016648685888,-0.556714048816121,0.445928256850912));
#9187=CARTESIAN_POINT('',(-0.132677717815139,-0.564190882199516,0.372964128425456));
#9188=CARTESIAN_POINT('',(-0.16855377076169,-0.571667715582911,0.3));
#9189=CARTESIAN_POINT('',(-0.0993553912120569,-0.505,0.433089807552313));
#9190=CARTESIAN_POINT('',(-0.0993553912120569,-0.552453770069166,0.433089807552313));
#9191=CARTESIAN_POINT('',(-0.136177890912737,-0.559172091733854,0.366544903776157));
#9192=CARTESIAN_POINT('',(-0.173000390613418,-0.565890413398541,0.3));
#9193=CARTESIAN_POINT('',(-0.0999999999999998,-0.505,0.426544984694979));
#9194=CARTESIAN_POINT('',(-0.0999999999999998,-0.550277197608737,0.426544984694979));
#9195=CARTESIAN_POINT('',(-0.137061400746829,-0.556611220360738,0.36327249234749));
#9196=CARTESIAN_POINT('',(-0.174122801493658,-0.56294524311274,0.3));
#9197=CARTESIAN_POINT('',(-0.0999999999999998,-0.505,0.413455015305021));
#9198=CARTESIAN_POINT('',(-0.0999999999999998,-0.545908249162536,0.413455015305021));
#9199=CARTESIAN_POINT('',(-0.137061400746829,-0.551481503024898,0.356727507652511));
#9200=CARTESIAN_POINT('',(-0.174122801493658,-0.557054756887259,0.3));
#9201=CARTESIAN_POINT('',(-0.0993553912120569,-0.505,0.406910192447687));
#9202=CARTESIAN_POINT('',(-0.0993553912120569,-0.543716737063685,0.406910192447687));
#9203=CARTESIAN_POINT('',(-0.136177890912738,-0.548913161832572,0.353455096223844));
#9204=CARTESIAN_POINT('',(-0.173000390613418,-0.554109586601459,0.3));
#9205=CARTESIAN_POINT('',(-0.0968016648685888,-0.505,0.394071743149088));
#9206=CARTESIAN_POINT('',(-0.0968016648685888,-0.539396747911716,0.394071743149088));
#9207=CARTESIAN_POINT('',(-0.132677717815139,-0.543864516164403,0.347035871574544));
#9208=CARTESIAN_POINT('',(-0.16855377076169,-0.548332284417089,0.3));
#9209=CARTESIAN_POINT('',(-0.0948926104589799,-0.505,0.387778434163782));
#9210=CARTESIAN_POINT('',(-0.0948926104589799,-0.537268498828371,0.387778434163782));
#9211=CARTESIAN_POINT('',(-0.13006114110031,-0.541384397101036,0.343889217081891));
#9212=CARTESIAN_POINT('',(-0.16522967174164,-0.545500295373702,0.3));
#9213=CARTESIAN_POINT('',(-0.089883296043277,-0.505,0.375684879363201));
#9214=CARTESIAN_POINT('',(-0.089883296043277,-0.533149725095006,0.375684879363201));
#9215=CARTESIAN_POINT('',(-0.123195304594335,-0.536603960404223,0.3378424396816));
#9216=CARTESIAN_POINT('',(-0.156507313145393,-0.54005819571344,0.3));
#9217=CARTESIAN_POINT('',(-0.0867831599023534,-0.505,0.3698849325849));
#9218=CARTESIAN_POINT('',(-0.0867831599023534,-0.531159257637563,0.3698849325849));
#9219=CARTESIAN_POINT('',(-0.118946214574526,-0.534303738650384,0.33494246629245));
#9220=CARTESIAN_POINT('',(-0.1511092692467,-0.537448219663205,0.3));
#9221=CARTESIAN_POINT('',(-0.0795107625581552,-0.505,0.35900102081118));
#9222=CARTESIAN_POINT('',(-0.0795107625581552,-0.527384072903841,0.35900102081118));
#9223=CARTESIAN_POINT('',(-0.108978564906693,-0.529967266134436,0.32950051040559));
#9224=CARTESIAN_POINT('',(-0.138446367255231,-0.532550459365031,0.3));
#9225=CARTESIAN_POINT('',(-0.0753386811792361,-0.505,0.353917324941927));
#9226=CARTESIAN_POINT('',(-0.0753386811792361,-0.525599319925008,0.353917324941927));
#9227=CARTESIAN_POINT('',(-0.103260251728449,-0.527931058074438,0.326958662470964));
#9228=CARTESIAN_POINT('',(-0.131181822277662,-0.530262796223867,0.3));
#9229=CARTESIAN_POINT('',(-0.0660826750580729,-0.505,0.344661318820764));
#9230=CARTESIAN_POINT('',(-0.0660826750580729,-0.522295585351237,0.344661318820764));
#9231=CARTESIAN_POINT('',(-0.0905738400855704,-0.52419658941029,0.322330659410382));
#9232=CARTESIAN_POINT('',(-0.115065005113068,-0.526097593469344,0.3));
#9233=CARTESIAN_POINT('',(-0.06099897918882,-0.505,0.340489237441845));
#9234=CARTESIAN_POINT('',(-0.06099897918882,-0.520776291770205,0.340489237441845));
#9235=CARTESIAN_POINT('',(-0.0836060553174637,-0.522498224309518,0.320244618720922));
#9236=CARTESIAN_POINT('',(-0.106213131446108,-0.52422015684883,0.3));
#9237=CARTESIAN_POINT('',(-0.0528360453585299,-0.505,0.335034939433696));
#9238=CARTESIAN_POINT('',(-0.0528360453585299,-0.518736615828199,0.335034939433696));
#9239=CARTESIAN_POINT('',(-0.0724178238676313,-0.520251169286681,0.317517469716848));
#9240=CARTESIAN_POINT('',(-0.0919996023767327,-0.521765722745163,0.3));
#9241=CARTESIAN_POINT('',(-0.0500255696922397,-0.505,0.33335085573044));
#9242=CARTESIAN_POINT('',(-0.0500255696922397,-0.518096540261525,0.33335085573044));
#9243=CARTESIAN_POINT('',(-0.0685657465517652,-0.519552212670111,0.31667542786522));
#9244=CARTESIAN_POINT('',(-0.0871059234112907,-0.521007885078698,0.3));
#9245=CARTESIAN_POINT('',(-0.0442534129813018,-0.505,0.330265573689991));
#9246=CARTESIAN_POINT('',(-0.0442534129813018,-0.516902621681673,0.330265573689991));
#9247=CARTESIAN_POINT('',(-0.0606543477104515,-0.518261064921084,0.315132786844995));
#9248=CARTESIAN_POINT('',(-0.0770552824396013,-0.519619508160496,0.3));
#9249=CARTESIAN_POINT('',(-0.0412917319366541,-0.505,0.328864375352797));
#9250=CARTESIAN_POINT('',(-0.0412917319366541,-0.51634866332376,0.328864375352797));
#9251=CARTESIAN_POINT('',(-0.056595026185004,-0.517668816116259,0.314432187676399));
#9252=CARTESIAN_POINT('',(-0.0718983204333539,-0.518988968908759,0.3));
#9253=CARTESIAN_POINT('',(-0.0352449545363636,-0.505,0.326359718144946));
#9254=CARTESIAN_POINT('',(-0.0352449545363636,-0.515335227102001,0.326359718144946));
#9255=CARTESIAN_POINT('',(-0.0483072283801231,-0.516598550133613,0.313179859072473));
#9256=CARTESIAN_POINT('',(-0.0613695022238827,-0.517861873165225,0.3));
#9257=CARTESIAN_POINT('',(-0.0321599329399644,-0.505,0.325256290240581));
#9258=CARTESIAN_POINT('',(-0.0321599329399644,-0.514875608520989,0.325256290240581));
#9259=CARTESIAN_POINT('',(-0.0440788545667562,-0.516120469564625,0.31262814512029));
#9260=CARTESIAN_POINT('',(-0.0559977761935481,-0.517365330608261,0.3));
#9261=CARTESIAN_POINT('',(-0.0258967779349138,-0.505,0.32335638294088));
#9262=CARTESIAN_POINT('',(-0.0258967779349138,-0.51406144235404,0.32335638294088));
#9263=CARTESIAN_POINT('',(-0.0354944865858888,-0.515285907338718,0.31167819147044));
#9264=CARTESIAN_POINT('',(-0.0450921952368638,-0.516510372323396,0.3));
#9265=CARTESIAN_POINT('',(-0.0227186445262624,-0.505,0.322559903545544));
#9266=CARTESIAN_POINT('',(-0.0227186445262624,-0.513706717088717,0.322559903545544));
#9267=CARTESIAN_POINT('',(-0.0311384924183882,-0.514929336842106,0.311279951772772));
#9268=CARTESIAN_POINT('',(-0.0395583403105141,-0.516151956595495,0.3));
#9269=CARTESIAN_POINT('',(-0.0162994198769628,-0.505,0.32128304037381));
#9270=CARTESIAN_POINT('',(-0.0162994198769628,-0.513120224158923,0.32128304037381));
#9271=CARTESIAN_POINT('',(-0.0223402131969724,-0.514348796163569,0.310641520186905));
#9272=CARTESIAN_POINT('',(-0.0283810065169821,-0.515577368168214,0.3));
#9273=CARTESIAN_POINT('',(-0.0130584080003043,-0.505,0.320802672383891));
#9274=CARTESIAN_POINT('',(-0.0130584080003042,-0.512888794407362,0.320802672383891));
#9275=CARTESIAN_POINT('',(-0.0178980369204532,-0.514124998490056,0.310401336191945));
#9276=CARTESIAN_POINT('',(-0.0227376658406021,-0.515361202572751,0.3));
#9277=CARTESIAN_POINT('',(-0.00654494423556745,-0.505,0.320161152196986));
#9278=CARTESIAN_POINT('',(-0.00654494423556745,-0.512573318840962,0.320161152196986));
#9279=CARTESIAN_POINT('',(-0.00897059224736773,-0.513822918664803,0.310080576098493));
#9280=CARTESIAN_POINT('',(-0.011396240259168,-0.515072518488644,0.3));
#9281=CARTESIAN_POINT('',(-0.00327249234748916,-0.505,0.32));
#9282=CARTESIAN_POINT('',(-0.00327249234748916,-0.512490474250606,0.32));
#9283=CARTESIAN_POINT('',(-0.00448532385080153,-0.513745237125303,0.31));
#9284=CARTESIAN_POINT('',(-0.00569815535411391,-0.515,0.3));
#9285=CARTESIAN_POINT('',(0.00327249234748958,-0.505,0.32));
#9286=CARTESIAN_POINT('',(0.00327249234748958,-0.512490949719393,0.32));
#9287=CARTESIAN_POINT('',(0.00448532385080191,-0.513745474859697,0.31));
#9288=CARTESIAN_POINT('',(0.00569815535411426,-0.515,0.3));
#9289=CARTESIAN_POINT('',(0.0065449442355679,-0.505,0.320161152196986));
#9290=CARTESIAN_POINT('',(0.0065449442355679,-0.512573318840962,0.320161152196986));
#9291=CARTESIAN_POINT('',(0.0089705922473681,-0.513822918664803,0.310080576098493));
#9292=CARTESIAN_POINT('',(0.0113962402591683,-0.515072518488644,0.3));
#9293=CARTESIAN_POINT('',(0.0130584080003047,-0.505,0.320802672383891));
#9294=CARTESIAN_POINT('',(0.0130584080003047,-0.512888794407362,0.320802672383891));
#9295=CARTESIAN_POINT('',(0.0178980369204535,-0.514124998490056,0.310401336191945));
#9296=CARTESIAN_POINT('',(0.0227376658406024,-0.515361202572751,0.3));
#9297=CARTESIAN_POINT('',(0.0162994198769633,-0.505,0.32128304037381));
#9298=CARTESIAN_POINT('',(0.0162994198769633,-0.513120224158923,0.32128304037381));
#9299=CARTESIAN_POINT('',(0.0223402131969728,-0.514348796163569,0.310641520186905));
#9300=CARTESIAN_POINT('',(0.0283810065169823,-0.515577368168214,0.3));
#9301=CARTESIAN_POINT('',(0.0227186445262628,-0.505,0.322559903545544));
#9302=CARTESIAN_POINT('',(0.0227186445262628,-0.513706717088717,0.322559903545544));
#9303=CARTESIAN_POINT('',(0.0311384924183885,-0.514929336842106,0.311279951772772));
#9304=CARTESIAN_POINT('',(0.0395583403105142,-0.516151956595495,0.3));
#9305=CARTESIAN_POINT('',(0.0258967779349143,-0.505,0.32335638294088));
#9306=CARTESIAN_POINT('',(0.0258967779349143,-0.51406144235404,0.32335638294088));
#9307=CARTESIAN_POINT('',(0.0354944865858891,-0.515285907338718,0.31167819147044));
#9308=CARTESIAN_POINT('',(0.045092195236864,-0.516510372323396,0.3));
#9309=CARTESIAN_POINT('',(0.0321599329399648,-0.505,0.325256290240581));
#9310=CARTESIAN_POINT('',(0.0321599329399648,-0.514875608520989,0.325256290240581));
#9311=CARTESIAN_POINT('',(0.0440788545667566,-0.516120469564625,0.31262814512029));
#9312=CARTESIAN_POINT('',(0.0559977761935484,-0.517365330608261,0.3));
#9313=CARTESIAN_POINT('',(0.0352449545363639,-0.505,0.326359718144946));
#9314=CARTESIAN_POINT('',(0.0352449545363639,-0.515335227102001,0.326359718144946));
#9315=CARTESIAN_POINT('',(0.0483072283801235,-0.516598550133613,0.313179859072473));
#9316=CARTESIAN_POINT('',(0.0613695022238831,-0.517861873165225,0.3));
#9317=CARTESIAN_POINT('',(0.0412917319366544,-0.505,0.328864375352797));
#9318=CARTESIAN_POINT('',(0.0412917319366544,-0.51634866332376,0.328864375352797));
#9319=CARTESIAN_POINT('',(0.0565950261850043,-0.517668816116259,0.314432187676399));
#9320=CARTESIAN_POINT('',(0.0718983204333543,-0.518988968908759,0.3));
#9321=CARTESIAN_POINT('',(0.0442534129813022,-0.505,0.330265573689991));
#9322=CARTESIAN_POINT('',(0.0442534129813022,-0.516902621681673,0.330265573689991));
#9323=CARTESIAN_POINT('',(0.0606543477104519,-0.518261064921084,0.315132786844995));
#9324=CARTESIAN_POINT('',(0.0770552824396016,-0.519619508160496,0.3));
#9325=CARTESIAN_POINT('',(0.0500255696922402,-0.505,0.33335085573044));
#9326=CARTESIAN_POINT('',(0.0500255696922402,-0.518096540261524,0.33335085573044));
#9327=CARTESIAN_POINT('',(0.0685657465517656,-0.519552212670111,0.31667542786522));
#9328=CARTESIAN_POINT('',(0.087105923411291,-0.521007885078698,0.3));
#9329=CARTESIAN_POINT('',(0.0528360453585304,-0.505,0.335034939433696));
#9330=CARTESIAN_POINT('',(0.0528360453585304,-0.518736615828199,0.335034939433696));
#9331=CARTESIAN_POINT('',(0.0724178238676317,-0.520251169286681,0.317517469716848));
#9332=CARTESIAN_POINT('',(0.091999602376733,-0.521765722745163,0.3));
#9333=CARTESIAN_POINT('',(0.0609989791888205,-0.505,0.340489237441845));
#9334=CARTESIAN_POINT('',(0.0609989791888205,-0.520776291770205,0.340489237441845));
#9335=CARTESIAN_POINT('',(0.0836060553174641,-0.522498224309518,0.320244618720922));
#9336=CARTESIAN_POINT('',(0.106213131446107,-0.52422015684883,0.3));
#9337=CARTESIAN_POINT('',(0.0660826750580733,-0.505,0.344661318820764));
#9338=CARTESIAN_POINT('',(0.0660826750580733,-0.522295585351237,0.344661318820764));
#9339=CARTESIAN_POINT('',(0.0905738400855708,-0.52419658941029,0.322330659410382));
#9340=CARTESIAN_POINT('',(0.115065005113068,-0.526097593469344,0.3));
#9341=CARTESIAN_POINT('',(0.0753386811792366,-0.505,0.353917324941927));
#9342=CARTESIAN_POINT('',(0.0753386811792366,-0.525599319925008,0.353917324941927));
#9343=CARTESIAN_POINT('',(0.103260251728449,-0.527931058074438,0.326958662470964));
#9344=CARTESIAN_POINT('',(0.131181822277662,-0.530262796223867,0.3));
#9345=CARTESIAN_POINT('',(0.0795107625581557,-0.505,0.35900102081118));
#9346=CARTESIAN_POINT('',(0.0795107625581557,-0.527384072903841,0.35900102081118));
#9347=CARTESIAN_POINT('',(0.108978564906693,-0.529967266134436,0.32950051040559));
#9348=CARTESIAN_POINT('',(0.138446367255231,-0.532550459365031,0.3));
#9349=CARTESIAN_POINT('',(0.0867831599023538,-0.505,0.3698849325849));
#9350=CARTESIAN_POINT('',(0.0867831599023538,-0.531159257637563,0.3698849325849));
#9351=CARTESIAN_POINT('',(0.118946214574526,-0.534303738650384,0.33494246629245));
#9352=CARTESIAN_POINT('',(0.1511092692467,-0.537448219663205,0.3));
#9353=CARTESIAN_POINT('',(0.0898832960432774,-0.505,0.375684879363201));
#9354=CARTESIAN_POINT('',(0.0898832960432774,-0.533149725095006,0.375684879363201));
#9355=CARTESIAN_POINT('',(0.123195304594335,-0.536603960404223,0.3378424396816));
#9356=CARTESIAN_POINT('',(0.156507313145393,-0.54005819571344,0.3));
#9357=CARTESIAN_POINT('',(0.0948926104589803,-0.505,0.387778434163782));
#9358=CARTESIAN_POINT('',(0.0948926104589803,-0.537268498828371,0.387778434163782));
#9359=CARTESIAN_POINT('',(0.13006114110031,-0.541384397101036,0.343889217081891));
#9360=CARTESIAN_POINT('',(0.16522967174164,-0.545500295373701,0.3));
#9361=CARTESIAN_POINT('',(0.0968016648685892,-0.505,0.394071743149088));
#9362=CARTESIAN_POINT('',(0.0968016648685892,-0.539396747911716,0.394071743149088));
#9363=CARTESIAN_POINT('',(0.132677717815139,-0.543864516164403,0.347035871574544));
#9364=CARTESIAN_POINT('',(0.16855377076169,-0.548332284417089,0.3));
#9365=CARTESIAN_POINT('',(0.0993553912120573,-0.505,0.406910192447687));
#9366=CARTESIAN_POINT('',(0.0993553912120573,-0.543716737063685,0.406910192447687));
#9367=CARTESIAN_POINT('',(0.136177890912737,-0.548913161832572,0.353455096223844));
#9368=CARTESIAN_POINT('',(0.173000390613418,-0.554109586601459,0.3));
#9369=CARTESIAN_POINT('',(0.1,-0.505,0.413455015305021));
#9370=CARTESIAN_POINT('',(0.1,-0.545908249162536,0.413455015305021));
#9371=CARTESIAN_POINT('',(0.137061400746829,-0.551481503024898,0.356727507652511));
#9372=CARTESIAN_POINT('',(0.174122801493658,-0.557054756887259,0.3));
#9373=CARTESIAN_POINT('',(0.1,-0.505,0.426544984694979));
#9374=CARTESIAN_POINT('',(0.1,-0.550277197608737,0.426544984694979));
#9375=CARTESIAN_POINT('',(0.137061400746829,-0.556611220360738,0.36327249234749));
#9376=CARTESIAN_POINT('',(0.174122801493658,-0.56294524311274,0.3));
#9377=CARTESIAN_POINT('',(0.0993553912120573,-0.505,0.433089807552313));
#9378=CARTESIAN_POINT('',(0.0993553912120573,-0.552453770069166,0.433089807552313));
#9379=CARTESIAN_POINT('',(0.136177890912737,-0.559172091733854,0.366544903776157));
#9380=CARTESIAN_POINT('',(0.173000390613418,-0.565890413398541,0.3));
#9381=CARTESIAN_POINT('',(0.0968016648685892,-0.505,0.445928256850913));
#9382=CARTESIAN_POINT('',(0.0968016648685892,-0.556714048816121,0.445928256850913));
#9383=CARTESIAN_POINT('',(0.132677717815139,-0.564190882199516,0.372964128425456));
#9384=CARTESIAN_POINT('',(0.16855377076169,-0.57166771558291,0.3));
#9385=CARTESIAN_POINT('',(0.0948926104589803,-0.505,0.452221565836219));
#9386=CARTESIAN_POINT('',(0.0948926104589803,-0.558797755102646,0.452221565836219));
#9387=CARTESIAN_POINT('',(0.13006114110031,-0.566648729864472,0.376110782918109));
#9388=CARTESIAN_POINT('',(0.16522967174164,-0.574499704626298,0.3));
#9389=CARTESIAN_POINT('',(0.0898832960432774,-0.505,0.4643151206368));
#9390=CARTESIAN_POINT('',(0.0898832960432774,-0.562795238853229,0.4643151206368));
#9391=CARTESIAN_POINT('',(0.123195304594335,-0.571368521569894,0.3821575603184));
#9392=CARTESIAN_POINT('',(0.156507313145393,-0.57994180428656,0.3));
#9393=CARTESIAN_POINT('',(0.0867831599023538,-0.505,0.4701150674151));
#9394=CARTESIAN_POINT('',(0.0867831599023538,-0.564708835212973,0.4701150674151));
#9395=CARTESIAN_POINT('',(0.118946214574526,-0.573630307774884,0.38505753370755));
#9396=CARTESIAN_POINT('',(0.1511092692467,-0.582551780336795,0.3));
#9397=CARTESIAN_POINT('',(0.0795107625581556,-0.505,0.48099897918882));
#9398=CARTESIAN_POINT('',(0.0795107625581556,-0.568296067887126,0.48099897918882));
#9399=CARTESIAN_POINT('',(0.108978564906693,-0.577872804261048,0.39049948959441));
#9400=CARTESIAN_POINT('',(0.138446367255231,-0.587449540634969,0.3));
#9401=CARTESIAN_POINT('',(0.0753386811792366,-0.505,0.486082675058073));
#9402=CARTESIAN_POINT('',(0.0753386811792366,-0.569969494346125,0.486082675058073));
#9403=CARTESIAN_POINT('',(0.103260251728449,-0.579853349061129,0.393041337529037));
#9404=CARTESIAN_POINT('',(0.131181822277662,-0.589737203776133,0.3));
#9405=CARTESIAN_POINT('',(0.0660826750580733,-0.505,0.495338681179237));
#9406=CARTESIAN_POINT('',(0.0660826750580733,-0.573014066950178,0.495338681179237));
#9407=CARTESIAN_POINT('',(0.0905738400855708,-0.583458236740417,0.397669340589618));
#9408=CARTESIAN_POINT('',(0.115065005113068,-0.593902406530656,0.3));
#9409=CARTESIAN_POINT('',(0.0609989791888205,-0.505,0.499510762558156));
#9410=CARTESIAN_POINT('',(0.0609989791888205,-0.57438513588994,0.499510762558156));
#9411=CARTESIAN_POINT('',(0.0836060553174642,-0.585082489520555,0.399755381279078));
#9412=CARTESIAN_POINT('',(0.106213131446108,-0.59577984315117,0.3));
#9413=CARTESIAN_POINT('',(0.0501150674151004,-0.505,0.506783159902354));
#9414=CARTESIAN_POINT('',(0.0501150674151004,-0.576773915932598,0.506783159902354));
#9415=CARTESIAN_POINT('',(0.0686884133843543,-0.587913168944329,0.403391579951177));
#9416=CARTESIAN_POINT('',(0.0872617593536083,-0.599052421956059,0.3));
#9417=CARTESIAN_POINT('',(0.0443151206367997,-0.505,0.509883296043277));
#9418=CARTESIAN_POINT('',(0.0443151206367997,-0.577791566533588,0.509883296043277));
#9419=CARTESIAN_POINT('',(0.0607389250874447,-0.589119524876531,0.404941648021639));
#9420=CARTESIAN_POINT('',(0.0771627295380897,-0.600447483219475,0.3));
#9421=CARTESIAN_POINT('',(0.0322215658362187,-0.505,0.51489261045898));
#9422=CARTESIAN_POINT('',(0.0322215658362187,-0.579435487494853,0.51489261045898));
#9423=CARTESIAN_POINT('',(0.044163329477683,-0.591068581100697,0.40744630522949));
#9424=CARTESIAN_POINT('',(0.0561050931191473,-0.602701674706541,0.3));
#9425=CARTESIAN_POINT('',(0.0259282568509126,-0.505,0.516801664868589));
#9426=CARTESIAN_POINT('',(0.0259282568509126,-0.580061716272261,0.516801664868589));
#9427=CARTESIAN_POINT('',(0.0355376320290964,-0.591811232731563,0.408400832434295));
#9428=CARTESIAN_POINT('',(0.0451470072072802,-0.603560749190865,0.3));
#9429=CARTESIAN_POINT('',(0.0130898075523134,-0.505,0.519355391212057));
#9430=CARTESIAN_POINT('',(0.0130898075523134,-0.580899347091706,0.519355391212057));
#9431=CARTESIAN_POINT('',(0.0179410735862649,-0.592804636568566,0.409677695606029));
#9432=CARTESIAN_POINT('',(0.0227923396202164,-0.604709926045425,0.3));
#9433=CARTESIAN_POINT('',(0.00654498469497894,-0.505,0.52));
#9434=CARTESIAN_POINT('',(0.00654498469497893,-0.581110717508872,0.52));
#9435=CARTESIAN_POINT('',(0.00897064770160366,-0.593055358754436,0.41));
#9436=CARTESIAN_POINT('',(0.0113963107082284,-0.605,0.3));
#9437=CARTESIAN_POINT('',(2.02145180503834E-16,-0.505,0.52));
#9438=CARTESIAN_POINT('',(1.97149176893021E-16,-0.581110727964793,0.52));
#9439=CARTESIAN_POINT('',(2.0769629562696E-16,-0.593055363982396,0.41));
#9440=CARTESIAN_POINT('',(2.50994993587341E-16,-0.605,0.3));
#9441=CARTESIAN_POINT('',(0.,-0.838823101607382,0.));
#9442=CARTESIAN_POINT('',(-3.061515884556E-17,-0.916824528928398,0.));
#9443=CARTESIAN_POINT('',(-3.061515884556E-17,-0.916824528928398,-0.0445));
#9444=CARTESIAN_POINT('',(-3.061515884556E-17,-0.811774528928398,0.));
#9445=CARTESIAN_POINT('',(0.,-0.916824528928398,-3.35993747893559E-16));
#9446=CARTESIAN_POINT('',(0.,-0.916824528928398,0.0374999999999997));
#9447=CARTESIAN_POINT('',(-3.061515884556E-17,-0.916824528928398,0.));
#9448=CARTESIAN_POINT('',(-3.061515884556E-17,-0.459369136889803,0.));
#9449=CARTESIAN_POINT('',(0.,-0.584369136889803,0.));
#9450=CARTESIAN_POINT('',(0.,-0.584369136889803,0.05));
#9451=CARTESIAN_POINT('',(-2.81273181892582E-17,-0.459369136889803,0.));
#9452=CARTESIAN_POINT('',(0.,-0.584369136889803,0.));
#9453=CARTESIAN_POINT('',(0.269999999999976,6.03142071681282E-16,7.99267664385487E-15));
#9454=CARTESIAN_POINT('',(-0.107698571607394,0.420000000000109,2.58588723350828E-14));
#9455=CARTESIAN_POINT('',(1.4050014283926,2.10064170919066E-16,2.12889169023966E-14));
#9456=CARTESIAN_POINT('',(0.375001428392608,-2.93688684482874E-15,2.51972632725249E-15));
#9457=CARTESIAN_POINT('',(0.0956322915030796,-1.75489731732499E-14,2.4773624396395E-14));
#9458=MECHANICAL_DESIGN_GEOMETRIC_PRESENTATION_REPRESENTATION('',(#994,
#995),#9464);
#9459=MECHANICAL_DESIGN_GEOMETRIC_PRESENTATION_REPRESENTATION('',(#997,
#166,#167,#168,#169,#998,#170,#171,#172,#173,#174,#175,#176,#177,#178,#179,
#180,#181,#182,#183,#184,#185,#186,#187,#188,#189,#190,#191,#192),#9465);
#9460=MECHANICAL_DESIGN_GEOMETRIC_PRESENTATION_REPRESENTATION('',(#999),
#9466);
#9461=MECHANICAL_DESIGN_GEOMETRIC_PRESENTATION_REPRESENTATION('',(#1000,
#193,#194,#195,#196,#197,#198,#199,#200,#201,#202,#203,#204,#205,#206,#207,
#208,#209,#210,#211,#212,#213,#214,#215,#216,#217,#218,#219,#220,#221,#222,
#223,#224,#225,#226,#227,#228,#229,#230,#231,#232,#233,#234,#235,#236,#237,
#238,#239,#240,#241,#242,#243,#244,#245,#246,#247,#248,#249,#250,#251,#252,
#253,#254,#255,#256,#257,#258,#259,#260,#261,#262,#263,#264,#265,#266,#267,
#268,#269,#270,#271,#272,#273,#274,#275,#276,#277,#278,#279,#280,#281,#282,
#283,#284,#285,#286,#287,#288,#289,#290,#291,#292,#293,#294,#295,#296,#297,
#298,#299,#300,#301,#302,#303),#9467);
#9462=MECHANICAL_DESIGN_GEOMETRIC_PRESENTATION_REPRESENTATION('',(#996,
#133,#134,#135,#136,#137,#138,#139,#140,#141,#142,#143,#144,#145,#146,#147,
#148,#149,#150,#151,#152,#153,#154,#155,#156,#157,#158,#159,#160,#161,#162,
#163,#164,#165),#9468);
#9463=(
GEOMETRIC_REPRESENTATION_CONTEXT(3)
GLOBAL_UNCERTAINTY_ASSIGNED_CONTEXT((#9469))
GLOBAL_UNIT_ASSIGNED_CONTEXT((#9480,#9476,#9475))
REPRESENTATION_CONTEXT('V2-D10000001281811_A001',
'TOP_LEVEL_ASSEMBLY_PART')
);
#9464=(
GEOMETRIC_REPRESENTATION_CONTEXT(3)
GLOBAL_UNCERTAINTY_ASSIGNED_CONTEXT((#9470))
GLOBAL_UNIT_ASSIGNED_CONTEXT((#9480,#9476,#9475))
REPRESENTATION_CONTEXT('350um-D10000001282911_A001','COMPONENT_PART')
);
#9465=(
GEOMETRIC_REPRESENTATION_CONTEXT(3)
GLOBAL_UNCERTAINTY_ASSIGNED_CONTEXT((#9471))
GLOBAL_UNIT_ASSIGNED_CONTEXT((#9480,#9476,#9475))
REPRESENTATION_CONTEXT('Sweeps_V-D10000001281828_A001_MODEL',
'COMPONENT_PART')
);
#9466=(
GEOMETRIC_REPRESENTATION_CONTEXT(3)
GLOBAL_UNCERTAINTY_ASSIGNED_CONTEXT((#9472))
GLOBAL_UNIT_ASSIGNED_CONTEXT((#9480,#9476,#9475))
REPRESENTATION_CONTEXT('Sweeps_neg-D10000001281843_A001',
'COMPONENT_PART')
);
#9467=(
GEOMETRIC_REPRESENTATION_CONTEXT(3)
GLOBAL_UNCERTAINTY_ASSIGNED_CONTEXT((#9473))
GLOBAL_UNIT_ASSIGNED_CONTEXT((#9480,#9476,#9475))
REPRESENTATION_CONTEXT('Tip_B-D10000001281836_A001','COMPONENT_PART')
);
#9468=(
GEOMETRIC_REPRESENTATION_CONTEXT(3)
GLOBAL_UNCERTAINTY_ASSIGNED_CONTEXT((#9474))
GLOBAL_UNIT_ASSIGNED_CONTEXT((#9480,#9476,#9475))
REPRESENTATION_CONTEXT('Inlet_test-D10000001282297_A001',
'COMPONENT_PART')
);
#9469=UNCERTAINTY_MEASURE_WITH_UNIT(LENGTH_MEASURE(2.E-5),#9480,
'DISTANCE_ACCURACY_VALUE','Maximum Tolerance applied to model');
#9470=UNCERTAINTY_MEASURE_WITH_UNIT(LENGTH_MEASURE(2.E-8),#9480,
'DISTANCE_ACCURACY_VALUE','Maximum Tolerance applied to model');
#9471=UNCERTAINTY_MEASURE_WITH_UNIT(LENGTH_MEASURE(5.08E-5),#9480,
'DISTANCE_ACCURACY_VALUE','Maximum Tolerance applied to model');
#9472=UNCERTAINTY_MEASURE_WITH_UNIT(LENGTH_MEASURE(5.08E-5),#9480,
'DISTANCE_ACCURACY_VALUE','Maximum Tolerance applied to model');
#9473=UNCERTAINTY_MEASURE_WITH_UNIT(LENGTH_MEASURE(5.08E-5),#9480,
'DISTANCE_ACCURACY_VALUE','Maximum Tolerance applied to model');
#9474=UNCERTAINTY_MEASURE_WITH_UNIT(LENGTH_MEASURE(5.08E-5),#9480,
'DISTANCE_ACCURACY_VALUE','Maximum Tolerance applied to model');
#9475=(
NAMED_UNIT(*)
SI_UNIT($,.STERADIAN.)
SOLID_ANGLE_UNIT()
);
#9476=(
CONVERSION_BASED_UNIT('DEGREE',#9478)
NAMED_UNIT(#9477)
PLANE_ANGLE_UNIT()
);
#9477=DIMENSIONAL_EXPONENTS(0.,0.,0.,0.,0.,0.,0.);
#9478=PLANE_ANGLE_MEASURE_WITH_UNIT(PLANE_ANGLE_MEASURE(0.0174532925),#9479);
#9479=(
NAMED_UNIT(*)
PLANE_ANGLE_UNIT()
SI_UNIT($,.RADIAN.)
);
#9480=(
LENGTH_UNIT()
NAMED_UNIT(*)
SI_UNIT(.MILLI.,.METRE.)
);
ENDSEC;
END-ISO-10303-21;
