ISO-10303-21;
HEADER;
/* Generated by software containing ST-Developer
 * from STEP Tools, Inc. (www.steptools.com) 
 */
/* OPTION: using custom schema-name function */

FILE_DESCRIPTION(
/* description */ (''),
/* implementation_level */ '2;1');

FILE_NAME(
/* name */ 'SL3-D10000001281177_A001.stp',
/* time_stamp */ '2026-02-08T23:10:05+01:00',
/* author */ (''),
/* organization */ (''),
/* preprocessor_version */ 'ST-DEVELOPER v20',
/* originating_system */ 'SIEMENS PLM Software NX2312.8501',
/* authorisation */ '');

FILE_SCHEMA (('AUTOMOTIVE_DESIGN { 1 0 10303 214 3 1 1 1 }'));
ENDSEC;

DATA;
#10=CONTEXT_DEPENDENT_SHAPE_REPRESENTATION(#20,#52);
#11=CONTEXT_DEPENDENT_SHAPE_REPRESENTATION(#21,#53);
#12=CONTEXT_DEPENDENT_SHAPE_REPRESENTATION(#22,#54);
#13=CONTEXT_DEPENDENT_SHAPE_REPRESENTATION(#23,#55);
#14=CONTEXT_DEPENDENT_SHAPE_REPRESENTATION(#24,#56);
#15=NEXT_ASSEMBLY_USAGE_OCCURRENCE('1001',' ','D10000001281183',#62,#61,
$);
#16=NEXT_ASSEMBLY_USAGE_OCCURRENCE('1002',' ','D10000001281182',#62,#60,
$);
#17=NEXT_ASSEMBLY_USAGE_OCCURRENCE('1003',' ','D10000001281181',#62,#59,
$);
#18=NEXT_ASSEMBLY_USAGE_OCCURRENCE('1004',' ','D10000001281180',#62,#58,
$);
#19=NEXT_ASSEMBLY_USAGE_OCCURRENCE('1005',' ','D10000001281179',#62,#57,
$);
#20=(
REPRESENTATION_RELATIONSHIP(' ',' ',#99,#100)
REPRESENTATION_RELATIONSHIP_WITH_TRANSFORMATION(#25)
SHAPE_REPRESENTATION_RELATIONSHIP()
);
#21=(
REPRESENTATION_RELATIONSHIP(' ',' ',#98,#100)
REPRESENTATION_RELATIONSHIP_WITH_TRANSFORMATION(#26)
SHAPE_REPRESENTATION_RELATIONSHIP()
);
#22=(
REPRESENTATION_RELATIONSHIP(' ',' ',#97,#100)
REPRESENTATION_RELATIONSHIP_WITH_TRANSFORMATION(#27)
SHAPE_REPRESENTATION_RELATIONSHIP()
);
#23=(
REPRESENTATION_RELATIONSHIP(' ',' ',#96,#100)
REPRESENTATION_RELATIONSHIP_WITH_TRANSFORMATION(#28)
SHAPE_REPRESENTATION_RELATIONSHIP()
);
#24=(
REPRESENTATION_RELATIONSHIP(' ',' ',#95,#100)
REPRESENTATION_RELATIONSHIP_WITH_TRANSFORMATION(#29)
SHAPE_REPRESENTATION_RELATIONSHIP()
);
#25=ITEM_DEFINED_TRANSFORMATION(' ',' ',#5144,#5564);
#26=ITEM_DEFINED_TRANSFORMATION(' ',' ',#5144,#5565);
#27=ITEM_DEFINED_TRANSFORMATION(' ',' ',#5144,#5566);
#28=ITEM_DEFINED_TRANSFORMATION(' ',' ',#5144,#5567);
#29=ITEM_DEFINED_TRANSFORMATION(' ',' ',#5144,#5568);
#30=SHAPE_REPRESENTATION_RELATIONSHIP('MODEL',
'relationship between Inlet4-D10000001281179_A001-MODEL and Inlet4-D10
000001281179_A001-MODEL',#95,#35);
#31=SHAPE_REPRESENTATION_RELATIONSHIP('MODEL',
'relationship between Sweeps_V12_neg-D10000001281180_A001-MODEL and Sw
eeps_V12_neg-D10000001281180_A001-MODEL',#96,#36);
#32=SHAPE_REPRESENTATION_RELATIONSHIP('MODEL',
'relationship between Sweeps6-D10000001281181_A001-MODEL and Sweeps6-D
10000001281181_A001-MODEL',#97,#37);
#33=SHAPE_REPRESENTATION_RELATIONSHIP('MODEL',
'relationship between Sweeps7-D10000001281182_A001-MODEL and Sweeps7-D
10000001281182_A001-MODEL',#98,#38);
#34=SHAPE_REPRESENTATION_RELATIONSHIP('MODEL',
'relationship between Tip_G-D10000001281183_A001-MODEL and Tip_G-D1000
0001281183_A001-MODEL',#99,#39);
#35=ADVANCED_BREP_SHAPE_REPRESENTATION(
'Inlet4-D10000001281179_A001-MODEL',(#845),#10965);
#36=ADVANCED_BREP_SHAPE_REPRESENTATION(
'Sweeps_V12_neg-D10000001281180_A001-MODEL',(#844),#10964);
#37=ADVANCED_BREP_SHAPE_REPRESENTATION(
'Sweeps6-D10000001281181_A001-MODEL',(#843),#10963);
#38=ADVANCED_BREP_SHAPE_REPRESENTATION(
'Sweeps7-D10000001281182_A001-MODEL',(#841,#842),#10962);
#39=ADVANCED_BREP_SHAPE_REPRESENTATION(
'Tip_G-D10000001281183_A001-MODEL',(#840),#10961);
#40=SHAPE_DEFINITION_REPRESENTATION(#46,#95);
#41=SHAPE_DEFINITION_REPRESENTATION(#47,#96);
#42=SHAPE_DEFINITION_REPRESENTATION(#48,#97);
#43=SHAPE_DEFINITION_REPRESENTATION(#49,#98);
#44=SHAPE_DEFINITION_REPRESENTATION(#50,#99);
#45=SHAPE_DEFINITION_REPRESENTATION(#51,#100);
#46=PRODUCT_DEFINITION_SHAPE('','',#57);
#47=PRODUCT_DEFINITION_SHAPE('','',#58);
#48=PRODUCT_DEFINITION_SHAPE('','',#59);
#49=PRODUCT_DEFINITION_SHAPE('','',#60);
#50=PRODUCT_DEFINITION_SHAPE('','',#61);
#51=PRODUCT_DEFINITION_SHAPE('','',#62);
#52=PRODUCT_DEFINITION_SHAPE(' ','NAUO PRDDFN',#15);
#53=PRODUCT_DEFINITION_SHAPE(' ','NAUO PRDDFN',#16);
#54=PRODUCT_DEFINITION_SHAPE(' ','NAUO PRDDFN',#17);
#55=PRODUCT_DEFINITION_SHAPE(' ','NAUO PRDDFN',#18);
#56=PRODUCT_DEFINITION_SHAPE(' ','NAUO PRDDFN',#19);
#57=PRODUCT_DEFINITION(' ','',#69,#63);
#58=PRODUCT_DEFINITION(' ','',#70,#64);
#59=PRODUCT_DEFINITION(' ','',#71,#65);
#60=PRODUCT_DEFINITION(' ','',#72,#66);
#61=PRODUCT_DEFINITION(' ','',#73,#67);
#62=PRODUCT_DEFINITION(' ','',#74,#68);
#63=PRODUCT_DEFINITION_CONTEXT('part definition',#94,'design');
#64=PRODUCT_DEFINITION_CONTEXT('part definition',#94,'design');
#65=PRODUCT_DEFINITION_CONTEXT('part definition',#94,'design');
#66=PRODUCT_DEFINITION_CONTEXT('part definition',#94,'design');
#67=PRODUCT_DEFINITION_CONTEXT('part definition',#94,'design');
#68=PRODUCT_DEFINITION_CONTEXT('part definition',#94,'design');
#69=PRODUCT_DEFINITION_FORMATION_WITH_SPECIFIED_SOURCE(' ',' ',#81,
 .NOT_KNOWN.);
#70=PRODUCT_DEFINITION_FORMATION_WITH_SPECIFIED_SOURCE(' ',' ',#82,
 .NOT_KNOWN.);
#71=PRODUCT_DEFINITION_FORMATION_WITH_SPECIFIED_SOURCE(' ',' ',#83,
 .NOT_KNOWN.);
#72=PRODUCT_DEFINITION_FORMATION_WITH_SPECIFIED_SOURCE(' ',' ',#84,
 .NOT_KNOWN.);
#73=PRODUCT_DEFINITION_FORMATION_WITH_SPECIFIED_SOURCE(' ',' ',#85,
 .NOT_KNOWN.);
#74=PRODUCT_DEFINITION_FORMATION_WITH_SPECIFIED_SOURCE(' ',' ',#86,
 .NOT_KNOWN.);
#75=PRODUCT_RELATED_PRODUCT_CATEGORY('part','',(#81));
#76=PRODUCT_RELATED_PRODUCT_CATEGORY('part','',(#82));
#77=PRODUCT_RELATED_PRODUCT_CATEGORY('part','',(#83));
#78=PRODUCT_RELATED_PRODUCT_CATEGORY('part','',(#84));
#79=PRODUCT_RELATED_PRODUCT_CATEGORY('part','',(#85));
#80=PRODUCT_RELATED_PRODUCT_CATEGORY('part','',(#86));
#81=PRODUCT('Inlet4-D10000001281179_A001','Inlet4-D10000001281179_A001',
' ',(#87));
#82=PRODUCT('Sweeps_V12_neg-D10000001281180_A001',
'Sweeps_V12_neg-D10000001281180_A001',' ',(#88));
#83=PRODUCT('Sweeps6-D10000001281181_A001',
'Sweeps6-D10000001281181_A001',' ',(#89));
#84=PRODUCT('Sweeps7-D10000001281182_A001',
'Sweeps7-D10000001281182_A001',' ',(#90));
#85=PRODUCT('Tip_G-D10000001281183_A001','Tip_G-D10000001281183_A001',
' ',(#91));
#86=PRODUCT('SL3-D10000001281177_A001','SL3-D10000001281177_A001',' ',(#92));
#87=PRODUCT_CONTEXT(' ',#94,'mechanical');
#88=PRODUCT_CONTEXT(' ',#94,'mechanical');
#89=PRODUCT_CONTEXT(' ',#94,'mechanical');
#90=PRODUCT_CONTEXT(' ',#94,'mechanical');
#91=PRODUCT_CONTEXT(' ',#94,'mechanical');
#92=PRODUCT_CONTEXT(' ',#94,'mechanical');
#93=APPLICATION_PROTOCOL_DEFINITION('international standard',
'automotive_design',2010,#94);
#94=APPLICATION_CONTEXT(
'core data for automotive mechanical design processes');
#95=SHAPE_REPRESENTATION('Inlet4-D10000001281179_A001-MODEL',(#5144),#10965);
#96=SHAPE_REPRESENTATION('Sweeps_V12_neg-D10000001281180_A001-MODEL',(#5144),
#10964);
#97=SHAPE_REPRESENTATION('Sweeps6-D10000001281181_A001-MODEL',(#5144),#10963);
#98=SHAPE_REPRESENTATION('Sweeps7-D10000001281182_A001-MODEL',(#5144),#10962);
#99=SHAPE_REPRESENTATION('Tip_G-D10000001281183_A001-MODEL',(#5144),#10961);
#100=SHAPE_REPRESENTATION('SL3-D10000001281177_A001-none',(#5144,#5564,
#5565,#5566,#5567,#5568),#10960);
#101=SURFACE_OF_LINEAR_EXTRUSION('',#2254,#1625);
#102=OVER_RIDING_STYLED_ITEM('',(#211),#1788,#204);
#103=OVER_RIDING_STYLED_ITEM('',(#212),#1789,#204);
#104=OVER_RIDING_STYLED_ITEM('',(#213),#1790,#204);
#105=OVER_RIDING_STYLED_ITEM('',(#214),#1791,#204);
#106=OVER_RIDING_STYLED_ITEM('',(#215),#1792,#204);
#107=OVER_RIDING_STYLED_ITEM('',(#216),#1793,#204);
#108=OVER_RIDING_STYLED_ITEM('',(#217),#1794,#204);
#109=OVER_RIDING_STYLED_ITEM('',(#218),#1795,#204);
#110=OVER_RIDING_STYLED_ITEM('',(#219),#1796,#204);
#111=OVER_RIDING_STYLED_ITEM('',(#220),#1798,#204);
#112=OVER_RIDING_STYLED_ITEM('',(#221),#1799,#204);
#113=OVER_RIDING_STYLED_ITEM('',(#222),#1800,#204);
#114=OVER_RIDING_STYLED_ITEM('',(#223),#1801,#204);
#115=OVER_RIDING_STYLED_ITEM('',(#224),#1802,#204);
#116=OVER_RIDING_STYLED_ITEM('',(#225),#1803,#204);
#117=OVER_RIDING_STYLED_ITEM('',(#226),#1804,#204);
#118=OVER_RIDING_STYLED_ITEM('',(#227),#1805,#204);
#119=OVER_RIDING_STYLED_ITEM('',(#228),#1806,#204);
#120=OVER_RIDING_STYLED_ITEM('',(#229),#1807,#204);
#121=OVER_RIDING_STYLED_ITEM('',(#230),#1808,#204);
#122=OVER_RIDING_STYLED_ITEM('',(#231),#1809,#204);
#123=OVER_RIDING_STYLED_ITEM('',(#232),#1810,#204);
#124=OVER_RIDING_STYLED_ITEM('',(#233),#1811,#204);
#125=OVER_RIDING_STYLED_ITEM('',(#234),#1812,#204);
#126=OVER_RIDING_STYLED_ITEM('',(#235),#1814,#204);
#127=OVER_RIDING_STYLED_ITEM('',(#236),#1815,#204);
#128=OVER_RIDING_STYLED_ITEM('',(#237),#1816,#204);
#129=OVER_RIDING_STYLED_ITEM('',(#238),#1817,#204);
#130=OVER_RIDING_STYLED_ITEM('',(#240),#1818,#205);
#131=OVER_RIDING_STYLED_ITEM('',(#241),#1820,#205);
#132=OVER_RIDING_STYLED_ITEM('',(#242),#1821,#205);
#133=OVER_RIDING_STYLED_ITEM('',(#243),#1822,#205);
#134=OVER_RIDING_STYLED_ITEM('',(#245),#1823,#206);
#135=OVER_RIDING_STYLED_ITEM('',(#246),#1824,#206);
#136=OVER_RIDING_STYLED_ITEM('',(#247),#1825,#206);
#137=OVER_RIDING_STYLED_ITEM('',(#248),#1826,#206);
#138=OVER_RIDING_STYLED_ITEM('',(#249),#1827,#206);
#139=OVER_RIDING_STYLED_ITEM('',(#250),#1828,#206);
#140=OVER_RIDING_STYLED_ITEM('',(#251),#1829,#206);
#141=OVER_RIDING_STYLED_ITEM('',(#252),#1830,#206);
#142=OVER_RIDING_STYLED_ITEM('',(#253),#1831,#206);
#143=OVER_RIDING_STYLED_ITEM('',(#254),#1832,#206);
#144=OVER_RIDING_STYLED_ITEM('',(#255),#1833,#206);
#145=OVER_RIDING_STYLED_ITEM('',(#256),#1834,#206);
#146=OVER_RIDING_STYLED_ITEM('',(#257),#1835,#206);
#147=OVER_RIDING_STYLED_ITEM('',(#258),#1836,#206);
#148=OVER_RIDING_STYLED_ITEM('',(#259),#1837,#206);
#149=OVER_RIDING_STYLED_ITEM('',(#260),#1838,#206);
#150=OVER_RIDING_STYLED_ITEM('',(#261),#1839,#206);
#151=OVER_RIDING_STYLED_ITEM('',(#262),#1842,#206);
#152=OVER_RIDING_STYLED_ITEM('',(#263),#1843,#206);
#153=OVER_RIDING_STYLED_ITEM('',(#264),#1844,#206);
#154=OVER_RIDING_STYLED_ITEM('',(#265),#1845,#206);
#155=OVER_RIDING_STYLED_ITEM('',(#266),#1847,#206);
#156=OVER_RIDING_STYLED_ITEM('',(#267),#1848,#206);
#157=OVER_RIDING_STYLED_ITEM('',(#268),#1849,#206);
#158=OVER_RIDING_STYLED_ITEM('',(#269),#1850,#206);
#159=OVER_RIDING_STYLED_ITEM('',(#270),#1851,#206);
#160=OVER_RIDING_STYLED_ITEM('',(#271),#1852,#206);
#161=OVER_RIDING_STYLED_ITEM('',(#272),#1853,#206);
#162=OVER_RIDING_STYLED_ITEM('',(#273),#1854,#206);
#163=OVER_RIDING_STYLED_ITEM('',(#274),#1855,#206);
#164=OVER_RIDING_STYLED_ITEM('',(#275),#1856,#206);
#165=OVER_RIDING_STYLED_ITEM('',(#276),#1857,#206);
#166=OVER_RIDING_STYLED_ITEM('',(#277),#1858,#206);
#167=OVER_RIDING_STYLED_ITEM('',(#278),#1859,#206);
#168=OVER_RIDING_STYLED_ITEM('',(#281),#1895,#208);
#169=OVER_RIDING_STYLED_ITEM('',(#282),#1896,#208);
#170=OVER_RIDING_STYLED_ITEM('',(#283),#1897,#208);
#171=OVER_RIDING_STYLED_ITEM('',(#284),#1898,#208);
#172=OVER_RIDING_STYLED_ITEM('',(#285),#1899,#208);
#173=OVER_RIDING_STYLED_ITEM('',(#286),#1900,#208);
#174=OVER_RIDING_STYLED_ITEM('',(#287),#1901,#208);
#175=OVER_RIDING_STYLED_ITEM('',(#288),#1902,#208);
#176=OVER_RIDING_STYLED_ITEM('',(#289),#1903,#208);
#177=OVER_RIDING_STYLED_ITEM('',(#290),#1904,#208);
#178=OVER_RIDING_STYLED_ITEM('',(#291),#1905,#208);
#179=OVER_RIDING_STYLED_ITEM('',(#292),#1906,#208);
#180=OVER_RIDING_STYLED_ITEM('',(#293),#1907,#208);
#181=OVER_RIDING_STYLED_ITEM('',(#294),#1908,#208);
#182=OVER_RIDING_STYLED_ITEM('',(#295),#1909,#208);
#183=OVER_RIDING_STYLED_ITEM('',(#296),#1910,#208);
#184=OVER_RIDING_STYLED_ITEM('',(#297),#1911,#208);
#185=OVER_RIDING_STYLED_ITEM('',(#298),#1912,#208);
#186=OVER_RIDING_STYLED_ITEM('',(#299),#1913,#208);
#187=OVER_RIDING_STYLED_ITEM('',(#300),#1914,#208);
#188=OVER_RIDING_STYLED_ITEM('',(#301),#1915,#208);
#189=OVER_RIDING_STYLED_ITEM('',(#302),#1916,#208);
#190=OVER_RIDING_STYLED_ITEM('',(#303),#1917,#208);
#191=OVER_RIDING_STYLED_ITEM('',(#304),#1918,#208);
#192=OVER_RIDING_STYLED_ITEM('',(#305),#1919,#208);
#193=OVER_RIDING_STYLED_ITEM('',(#306),#1920,#208);
#194=OVER_RIDING_STYLED_ITEM('',(#307),#1921,#208);
#195=OVER_RIDING_STYLED_ITEM('',(#308),#1922,#208);
#196=OVER_RIDING_STYLED_ITEM('',(#309),#1923,#208);
#197=OVER_RIDING_STYLED_ITEM('',(#310),#1924,#208);
#198=OVER_RIDING_STYLED_ITEM('',(#311),#1925,#208);
#199=OVER_RIDING_STYLED_ITEM('',(#312),#1926,#208);
#200=OVER_RIDING_STYLED_ITEM('',(#313),#1927,#208);
#201=COLOUR_RGB('medium steel',0.596078431372549,0.666666666666667,0.686274509803922);
#202=PRESENTATION_LAYER_ASSIGNMENT('1','Layer 1',(#840,#841,#842,#843,#844,
#845));
#203=STYLED_ITEM('',(#209),#840);
#204=STYLED_ITEM('',(#210),#841);
#205=STYLED_ITEM('',(#239),#842);
#206=STYLED_ITEM('',(#244),#843);
#207=STYLED_ITEM('',(#279),#844);
#208=STYLED_ITEM('',(#280),#845);
#209=PRESENTATION_STYLE_ASSIGNMENT((#314));
#210=PRESENTATION_STYLE_ASSIGNMENT((#315));
#211=PRESENTATION_STYLE_ASSIGNMENT((#316));
#212=PRESENTATION_STYLE_ASSIGNMENT((#317));
#213=PRESENTATION_STYLE_ASSIGNMENT((#318));
#214=PRESENTATION_STYLE_ASSIGNMENT((#319));
#215=PRESENTATION_STYLE_ASSIGNMENT((#320));
#216=PRESENTATION_STYLE_ASSIGNMENT((#321));
#217=PRESENTATION_STYLE_ASSIGNMENT((#322));
#218=PRESENTATION_STYLE_ASSIGNMENT((#323));
#219=PRESENTATION_STYLE_ASSIGNMENT((#324));
#220=PRESENTATION_STYLE_ASSIGNMENT((#325));
#221=PRESENTATION_STYLE_ASSIGNMENT((#326));
#222=PRESENTATION_STYLE_ASSIGNMENT((#327));
#223=PRESENTATION_STYLE_ASSIGNMENT((#328));
#224=PRESENTATION_STYLE_ASSIGNMENT((#329));
#225=PRESENTATION_STYLE_ASSIGNMENT((#330));
#226=PRESENTATION_STYLE_ASSIGNMENT((#331));
#227=PRESENTATION_STYLE_ASSIGNMENT((#332));
#228=PRESENTATION_STYLE_ASSIGNMENT((#333));
#229=PRESENTATION_STYLE_ASSIGNMENT((#334));
#230=PRESENTATION_STYLE_ASSIGNMENT((#335));
#231=PRESENTATION_STYLE_ASSIGNMENT((#336));
#232=PRESENTATION_STYLE_ASSIGNMENT((#337));
#233=PRESENTATION_STYLE_ASSIGNMENT((#338));
#234=PRESENTATION_STYLE_ASSIGNMENT((#339));
#235=PRESENTATION_STYLE_ASSIGNMENT((#340));
#236=PRESENTATION_STYLE_ASSIGNMENT((#341));
#237=PRESENTATION_STYLE_ASSIGNMENT((#342));
#238=PRESENTATION_STYLE_ASSIGNMENT((#343));
#239=PRESENTATION_STYLE_ASSIGNMENT((#344));
#240=PRESENTATION_STYLE_ASSIGNMENT((#345));
#241=PRESENTATION_STYLE_ASSIGNMENT((#346));
#242=PRESENTATION_STYLE_ASSIGNMENT((#347));
#243=PRESENTATION_STYLE_ASSIGNMENT((#348));
#244=PRESENTATION_STYLE_ASSIGNMENT((#349));
#245=PRESENTATION_STYLE_ASSIGNMENT((#350));
#246=PRESENTATION_STYLE_ASSIGNMENT((#351));
#247=PRESENTATION_STYLE_ASSIGNMENT((#352));
#248=PRESENTATION_STYLE_ASSIGNMENT((#353));
#249=PRESENTATION_STYLE_ASSIGNMENT((#354));
#250=PRESENTATION_STYLE_ASSIGNMENT((#355));
#251=PRESENTATION_STYLE_ASSIGNMENT((#356));
#252=PRESENTATION_STYLE_ASSIGNMENT((#357));
#253=PRESENTATION_STYLE_ASSIGNMENT((#358));
#254=PRESENTATION_STYLE_ASSIGNMENT((#359));
#255=PRESENTATION_STYLE_ASSIGNMENT((#360));
#256=PRESENTATION_STYLE_ASSIGNMENT((#361));
#257=PRESENTATION_STYLE_ASSIGNMENT((#362));
#258=PRESENTATION_STYLE_ASSIGNMENT((#363));
#259=PRESENTATION_STYLE_ASSIGNMENT((#364));
#260=PRESENTATION_STYLE_ASSIGNMENT((#365));
#261=PRESENTATION_STYLE_ASSIGNMENT((#366));
#262=PRESENTATION_STYLE_ASSIGNMENT((#367));
#263=PRESENTATION_STYLE_ASSIGNMENT((#368));
#264=PRESENTATION_STYLE_ASSIGNMENT((#369));
#265=PRESENTATION_STYLE_ASSIGNMENT((#370));
#266=PRESENTATION_STYLE_ASSIGNMENT((#371));
#267=PRESENTATION_STYLE_ASSIGNMENT((#372));
#268=PRESENTATION_STYLE_ASSIGNMENT((#373));
#269=PRESENTATION_STYLE_ASSIGNMENT((#374));
#270=PRESENTATION_STYLE_ASSIGNMENT((#375));
#271=PRESENTATION_STYLE_ASSIGNMENT((#376));
#272=PRESENTATION_STYLE_ASSIGNMENT((#377));
#273=PRESENTATION_STYLE_ASSIGNMENT((#378));
#274=PRESENTATION_STYLE_ASSIGNMENT((#379));
#275=PRESENTATION_STYLE_ASSIGNMENT((#380));
#276=PRESENTATION_STYLE_ASSIGNMENT((#381));
#277=PRESENTATION_STYLE_ASSIGNMENT((#382));
#278=PRESENTATION_STYLE_ASSIGNMENT((#383));
#279=PRESENTATION_STYLE_ASSIGNMENT((#384));
#280=PRESENTATION_STYLE_ASSIGNMENT((#385));
#281=PRESENTATION_STYLE_ASSIGNMENT((#386));
#282=PRESENTATION_STYLE_ASSIGNMENT((#387));
#283=PRESENTATION_STYLE_ASSIGNMENT((#388));
#284=PRESENTATION_STYLE_ASSIGNMENT((#389));
#285=PRESENTATION_STYLE_ASSIGNMENT((#390));
#286=PRESENTATION_STYLE_ASSIGNMENT((#391));
#287=PRESENTATION_STYLE_ASSIGNMENT((#392));
#288=PRESENTATION_STYLE_ASSIGNMENT((#393));
#289=PRESENTATION_STYLE_ASSIGNMENT((#394));
#290=PRESENTATION_STYLE_ASSIGNMENT((#395));
#291=PRESENTATION_STYLE_ASSIGNMENT((#396));
#292=PRESENTATION_STYLE_ASSIGNMENT((#397));
#293=PRESENTATION_STYLE_ASSIGNMENT((#398));
#294=PRESENTATION_STYLE_ASSIGNMENT((#399));
#295=PRESENTATION_STYLE_ASSIGNMENT((#400));
#296=PRESENTATION_STYLE_ASSIGNMENT((#401));
#297=PRESENTATION_STYLE_ASSIGNMENT((#402));
#298=PRESENTATION_STYLE_ASSIGNMENT((#403));
#299=PRESENTATION_STYLE_ASSIGNMENT((#404));
#300=PRESENTATION_STYLE_ASSIGNMENT((#405));
#301=PRESENTATION_STYLE_ASSIGNMENT((#406));
#302=PRESENTATION_STYLE_ASSIGNMENT((#407));
#303=PRESENTATION_STYLE_ASSIGNMENT((#408));
#304=PRESENTATION_STYLE_ASSIGNMENT((#409));
#305=PRESENTATION_STYLE_ASSIGNMENT((#410));
#306=PRESENTATION_STYLE_ASSIGNMENT((#411));
#307=PRESENTATION_STYLE_ASSIGNMENT((#412));
#308=PRESENTATION_STYLE_ASSIGNMENT((#413));
#309=PRESENTATION_STYLE_ASSIGNMENT((#414));
#310=PRESENTATION_STYLE_ASSIGNMENT((#415));
#311=PRESENTATION_STYLE_ASSIGNMENT((#416));
#312=PRESENTATION_STYLE_ASSIGNMENT((#417));
#313=PRESENTATION_STYLE_ASSIGNMENT((#418));
#314=SURFACE_STYLE_USAGE(.BOTH.,#419);
#315=SURFACE_STYLE_USAGE(.BOTH.,#420);
#316=SURFACE_STYLE_USAGE(.BOTH.,#421);
#317=SURFACE_STYLE_USAGE(.BOTH.,#422);
#318=SURFACE_STYLE_USAGE(.BOTH.,#423);
#319=SURFACE_STYLE_USAGE(.BOTH.,#424);
#320=SURFACE_STYLE_USAGE(.BOTH.,#425);
#321=SURFACE_STYLE_USAGE(.BOTH.,#426);
#322=SURFACE_STYLE_USAGE(.BOTH.,#427);
#323=SURFACE_STYLE_USAGE(.BOTH.,#428);
#324=SURFACE_STYLE_USAGE(.BOTH.,#429);
#325=SURFACE_STYLE_USAGE(.BOTH.,#430);
#326=SURFACE_STYLE_USAGE(.BOTH.,#431);
#327=SURFACE_STYLE_USAGE(.BOTH.,#432);
#328=SURFACE_STYLE_USAGE(.BOTH.,#433);
#329=SURFACE_STYLE_USAGE(.BOTH.,#434);
#330=SURFACE_STYLE_USAGE(.BOTH.,#435);
#331=SURFACE_STYLE_USAGE(.BOTH.,#436);
#332=SURFACE_STYLE_USAGE(.BOTH.,#437);
#333=SURFACE_STYLE_USAGE(.BOTH.,#438);
#334=SURFACE_STYLE_USAGE(.BOTH.,#439);
#335=SURFACE_STYLE_USAGE(.BOTH.,#440);
#336=SURFACE_STYLE_USAGE(.BOTH.,#441);
#337=SURFACE_STYLE_USAGE(.BOTH.,#442);
#338=SURFACE_STYLE_USAGE(.BOTH.,#443);
#339=SURFACE_STYLE_USAGE(.BOTH.,#444);
#340=SURFACE_STYLE_USAGE(.BOTH.,#445);
#341=SURFACE_STYLE_USAGE(.BOTH.,#446);
#342=SURFACE_STYLE_USAGE(.BOTH.,#447);
#343=SURFACE_STYLE_USAGE(.BOTH.,#448);
#344=SURFACE_STYLE_USAGE(.BOTH.,#449);
#345=SURFACE_STYLE_USAGE(.BOTH.,#450);
#346=SURFACE_STYLE_USAGE(.BOTH.,#451);
#347=SURFACE_STYLE_USAGE(.BOTH.,#452);
#348=SURFACE_STYLE_USAGE(.BOTH.,#453);
#349=SURFACE_STYLE_USAGE(.BOTH.,#454);
#350=SURFACE_STYLE_USAGE(.BOTH.,#455);
#351=SURFACE_STYLE_USAGE(.BOTH.,#456);
#352=SURFACE_STYLE_USAGE(.BOTH.,#457);
#353=SURFACE_STYLE_USAGE(.BOTH.,#458);
#354=SURFACE_STYLE_USAGE(.BOTH.,#459);
#355=SURFACE_STYLE_USAGE(.BOTH.,#460);
#356=SURFACE_STYLE_USAGE(.BOTH.,#461);
#357=SURFACE_STYLE_USAGE(.BOTH.,#462);
#358=SURFACE_STYLE_USAGE(.BOTH.,#463);
#359=SURFACE_STYLE_USAGE(.BOTH.,#464);
#360=SURFACE_STYLE_USAGE(.BOTH.,#465);
#361=SURFACE_STYLE_USAGE(.BOTH.,#466);
#362=SURFACE_STYLE_USAGE(.BOTH.,#467);
#363=SURFACE_STYLE_USAGE(.BOTH.,#468);
#364=SURFACE_STYLE_USAGE(.BOTH.,#469);
#365=SURFACE_STYLE_USAGE(.BOTH.,#470);
#366=SURFACE_STYLE_USAGE(.BOTH.,#471);
#367=SURFACE_STYLE_USAGE(.BOTH.,#472);
#368=SURFACE_STYLE_USAGE(.BOTH.,#473);
#369=SURFACE_STYLE_USAGE(.BOTH.,#474);
#370=SURFACE_STYLE_USAGE(.BOTH.,#475);
#371=SURFACE_STYLE_USAGE(.BOTH.,#476);
#372=SURFACE_STYLE_USAGE(.BOTH.,#477);
#373=SURFACE_STYLE_USAGE(.BOTH.,#478);
#374=SURFACE_STYLE_USAGE(.BOTH.,#479);
#375=SURFACE_STYLE_USAGE(.BOTH.,#480);
#376=SURFACE_STYLE_USAGE(.BOTH.,#481);
#377=SURFACE_STYLE_USAGE(.BOTH.,#482);
#378=SURFACE_STYLE_USAGE(.BOTH.,#483);
#379=SURFACE_STYLE_USAGE(.BOTH.,#484);
#380=SURFACE_STYLE_USAGE(.BOTH.,#485);
#381=SURFACE_STYLE_USAGE(.BOTH.,#486);
#382=SURFACE_STYLE_USAGE(.BOTH.,#487);
#383=SURFACE_STYLE_USAGE(.BOTH.,#488);
#384=SURFACE_STYLE_USAGE(.BOTH.,#489);
#385=SURFACE_STYLE_USAGE(.BOTH.,#490);
#386=SURFACE_STYLE_USAGE(.BOTH.,#491);
#387=SURFACE_STYLE_USAGE(.BOTH.,#492);
#388=SURFACE_STYLE_USAGE(.BOTH.,#493);
#389=SURFACE_STYLE_USAGE(.BOTH.,#494);
#390=SURFACE_STYLE_USAGE(.BOTH.,#495);
#391=SURFACE_STYLE_USAGE(.BOTH.,#496);
#392=SURFACE_STYLE_USAGE(.BOTH.,#497);
#393=SURFACE_STYLE_USAGE(.BOTH.,#498);
#394=SURFACE_STYLE_USAGE(.BOTH.,#499);
#395=SURFACE_STYLE_USAGE(.BOTH.,#500);
#396=SURFACE_STYLE_USAGE(.BOTH.,#501);
#397=SURFACE_STYLE_USAGE(.BOTH.,#502);
#398=SURFACE_STYLE_USAGE(.BOTH.,#503);
#399=SURFACE_STYLE_USAGE(.BOTH.,#504);
#400=SURFACE_STYLE_USAGE(.BOTH.,#505);
#401=SURFACE_STYLE_USAGE(.BOTH.,#506);
#402=SURFACE_STYLE_USAGE(.BOTH.,#507);
#403=SURFACE_STYLE_USAGE(.BOTH.,#508);
#404=SURFACE_STYLE_USAGE(.BOTH.,#509);
#405=SURFACE_STYLE_USAGE(.BOTH.,#510);
#406=SURFACE_STYLE_USAGE(.BOTH.,#511);
#407=SURFACE_STYLE_USAGE(.BOTH.,#512);
#408=SURFACE_STYLE_USAGE(.BOTH.,#513);
#409=SURFACE_STYLE_USAGE(.BOTH.,#514);
#410=SURFACE_STYLE_USAGE(.BOTH.,#515);
#411=SURFACE_STYLE_USAGE(.BOTH.,#516);
#412=SURFACE_STYLE_USAGE(.BOTH.,#517);
#413=SURFACE_STYLE_USAGE(.BOTH.,#518);
#414=SURFACE_STYLE_USAGE(.BOTH.,#519);
#415=SURFACE_STYLE_USAGE(.BOTH.,#520);
#416=SURFACE_STYLE_USAGE(.BOTH.,#521);
#417=SURFACE_STYLE_USAGE(.BOTH.,#522);
#418=SURFACE_STYLE_USAGE(.BOTH.,#523);
#419=SURFACE_SIDE_STYLE('',(#524));
#420=SURFACE_SIDE_STYLE('',(#525));
#421=SURFACE_SIDE_STYLE('',(#526));
#422=SURFACE_SIDE_STYLE('',(#527));
#423=SURFACE_SIDE_STYLE('',(#528));
#424=SURFACE_SIDE_STYLE('',(#529));
#425=SURFACE_SIDE_STYLE('',(#530));
#426=SURFACE_SIDE_STYLE('',(#531));
#427=SURFACE_SIDE_STYLE('',(#532));
#428=SURFACE_SIDE_STYLE('',(#533));
#429=SURFACE_SIDE_STYLE('',(#534));
#430=SURFACE_SIDE_STYLE('',(#535));
#431=SURFACE_SIDE_STYLE('',(#536));
#432=SURFACE_SIDE_STYLE('',(#537));
#433=SURFACE_SIDE_STYLE('',(#538));
#434=SURFACE_SIDE_STYLE('',(#539));
#435=SURFACE_SIDE_STYLE('',(#540));
#436=SURFACE_SIDE_STYLE('',(#541));
#437=SURFACE_SIDE_STYLE('',(#542));
#438=SURFACE_SIDE_STYLE('',(#543));
#439=SURFACE_SIDE_STYLE('',(#544));
#440=SURFACE_SIDE_STYLE('',(#545));
#441=SURFACE_SIDE_STYLE('',(#546));
#442=SURFACE_SIDE_STYLE('',(#547));
#443=SURFACE_SIDE_STYLE('',(#548));
#444=SURFACE_SIDE_STYLE('',(#549));
#445=SURFACE_SIDE_STYLE('',(#550));
#446=SURFACE_SIDE_STYLE('',(#551));
#447=SURFACE_SIDE_STYLE('',(#552));
#448=SURFACE_SIDE_STYLE('',(#553));
#449=SURFACE_SIDE_STYLE('',(#554));
#450=SURFACE_SIDE_STYLE('',(#555));
#451=SURFACE_SIDE_STYLE('',(#556));
#452=SURFACE_SIDE_STYLE('',(#557));
#453=SURFACE_SIDE_STYLE('',(#558));
#454=SURFACE_SIDE_STYLE('',(#559));
#455=SURFACE_SIDE_STYLE('',(#560));
#456=SURFACE_SIDE_STYLE('',(#561));
#457=SURFACE_SIDE_STYLE('',(#562));
#458=SURFACE_SIDE_STYLE('',(#563));
#459=SURFACE_SIDE_STYLE('',(#564));
#460=SURFACE_SIDE_STYLE('',(#565));
#461=SURFACE_SIDE_STYLE('',(#566));
#462=SURFACE_SIDE_STYLE('',(#567));
#463=SURFACE_SIDE_STYLE('',(#568));
#464=SURFACE_SIDE_STYLE('',(#569));
#465=SURFACE_SIDE_STYLE('',(#570));
#466=SURFACE_SIDE_STYLE('',(#571));
#467=SURFACE_SIDE_STYLE('',(#572));
#468=SURFACE_SIDE_STYLE('',(#573));
#469=SURFACE_SIDE_STYLE('',(#574));
#470=SURFACE_SIDE_STYLE('',(#575));
#471=SURFACE_SIDE_STYLE('',(#576));
#472=SURFACE_SIDE_STYLE('',(#577));
#473=SURFACE_SIDE_STYLE('',(#578));
#474=SURFACE_SIDE_STYLE('',(#579));
#475=SURFACE_SIDE_STYLE('',(#580));
#476=SURFACE_SIDE_STYLE('',(#581));
#477=SURFACE_SIDE_STYLE('',(#582));
#478=SURFACE_SIDE_STYLE('',(#583));
#479=SURFACE_SIDE_STYLE('',(#584));
#480=SURFACE_SIDE_STYLE('',(#585));
#481=SURFACE_SIDE_STYLE('',(#586));
#482=SURFACE_SIDE_STYLE('',(#587));
#483=SURFACE_SIDE_STYLE('',(#588));
#484=SURFACE_SIDE_STYLE('',(#589));
#485=SURFACE_SIDE_STYLE('',(#590));
#486=SURFACE_SIDE_STYLE('',(#591));
#487=SURFACE_SIDE_STYLE('',(#592));
#488=SURFACE_SIDE_STYLE('',(#593));
#489=SURFACE_SIDE_STYLE('',(#594));
#490=SURFACE_SIDE_STYLE('',(#595));
#491=SURFACE_SIDE_STYLE('',(#596));
#492=SURFACE_SIDE_STYLE('',(#597));
#493=SURFACE_SIDE_STYLE('',(#598));
#494=SURFACE_SIDE_STYLE('',(#599));
#495=SURFACE_SIDE_STYLE('',(#600));
#496=SURFACE_SIDE_STYLE('',(#601));
#497=SURFACE_SIDE_STYLE('',(#602));
#498=SURFACE_SIDE_STYLE('',(#603));
#499=SURFACE_SIDE_STYLE('',(#604));
#500=SURFACE_SIDE_STYLE('',(#605));
#501=SURFACE_SIDE_STYLE('',(#606));
#502=SURFACE_SIDE_STYLE('',(#607));
#503=SURFACE_SIDE_STYLE('',(#608));
#504=SURFACE_SIDE_STYLE('',(#609));
#505=SURFACE_SIDE_STYLE('',(#610));
#506=SURFACE_SIDE_STYLE('',(#611));
#507=SURFACE_SIDE_STYLE('',(#612));
#508=SURFACE_SIDE_STYLE('',(#613));
#509=SURFACE_SIDE_STYLE('',(#614));
#510=SURFACE_SIDE_STYLE('',(#615));
#511=SURFACE_SIDE_STYLE('',(#616));
#512=SURFACE_SIDE_STYLE('',(#617));
#513=SURFACE_SIDE_STYLE('',(#618));
#514=SURFACE_SIDE_STYLE('',(#619));
#515=SURFACE_SIDE_STYLE('',(#620));
#516=SURFACE_SIDE_STYLE('',(#621));
#517=SURFACE_SIDE_STYLE('',(#622));
#518=SURFACE_SIDE_STYLE('',(#623));
#519=SURFACE_SIDE_STYLE('',(#624));
#520=SURFACE_SIDE_STYLE('',(#625));
#521=SURFACE_SIDE_STYLE('',(#626));
#522=SURFACE_SIDE_STYLE('',(#627));
#523=SURFACE_SIDE_STYLE('',(#628));
#524=SURFACE_STYLE_FILL_AREA(#629);
#525=SURFACE_STYLE_FILL_AREA(#630);
#526=SURFACE_STYLE_FILL_AREA(#631);
#527=SURFACE_STYLE_FILL_AREA(#632);
#528=SURFACE_STYLE_FILL_AREA(#633);
#529=SURFACE_STYLE_FILL_AREA(#634);
#530=SURFACE_STYLE_FILL_AREA(#635);
#531=SURFACE_STYLE_FILL_AREA(#636);
#532=SURFACE_STYLE_FILL_AREA(#637);
#533=SURFACE_STYLE_FILL_AREA(#638);
#534=SURFACE_STYLE_FILL_AREA(#639);
#535=SURFACE_STYLE_FILL_AREA(#640);
#536=SURFACE_STYLE_FILL_AREA(#641);
#537=SURFACE_STYLE_FILL_AREA(#642);
#538=SURFACE_STYLE_FILL_AREA(#643);
#539=SURFACE_STYLE_FILL_AREA(#644);
#540=SURFACE_STYLE_FILL_AREA(#645);
#541=SURFACE_STYLE_FILL_AREA(#646);
#542=SURFACE_STYLE_FILL_AREA(#647);
#543=SURFACE_STYLE_FILL_AREA(#648);
#544=SURFACE_STYLE_FILL_AREA(#649);
#545=SURFACE_STYLE_FILL_AREA(#650);
#546=SURFACE_STYLE_FILL_AREA(#651);
#547=SURFACE_STYLE_FILL_AREA(#652);
#548=SURFACE_STYLE_FILL_AREA(#653);
#549=SURFACE_STYLE_FILL_AREA(#654);
#550=SURFACE_STYLE_FILL_AREA(#655);
#551=SURFACE_STYLE_FILL_AREA(#656);
#552=SURFACE_STYLE_FILL_AREA(#657);
#553=SURFACE_STYLE_FILL_AREA(#658);
#554=SURFACE_STYLE_FILL_AREA(#659);
#555=SURFACE_STYLE_FILL_AREA(#660);
#556=SURFACE_STYLE_FILL_AREA(#661);
#557=SURFACE_STYLE_FILL_AREA(#662);
#558=SURFACE_STYLE_FILL_AREA(#663);
#559=SURFACE_STYLE_FILL_AREA(#664);
#560=SURFACE_STYLE_FILL_AREA(#665);
#561=SURFACE_STYLE_FILL_AREA(#666);
#562=SURFACE_STYLE_FILL_AREA(#667);
#563=SURFACE_STYLE_FILL_AREA(#668);
#564=SURFACE_STYLE_FILL_AREA(#669);
#565=SURFACE_STYLE_FILL_AREA(#670);
#566=SURFACE_STYLE_FILL_AREA(#671);
#567=SURFACE_STYLE_FILL_AREA(#672);
#568=SURFACE_STYLE_FILL_AREA(#673);
#569=SURFACE_STYLE_FILL_AREA(#674);
#570=SURFACE_STYLE_FILL_AREA(#675);
#571=SURFACE_STYLE_FILL_AREA(#676);
#572=SURFACE_STYLE_FILL_AREA(#677);
#573=SURFACE_STYLE_FILL_AREA(#678);
#574=SURFACE_STYLE_FILL_AREA(#679);
#575=SURFACE_STYLE_FILL_AREA(#680);
#576=SURFACE_STYLE_FILL_AREA(#681);
#577=SURFACE_STYLE_FILL_AREA(#682);
#578=SURFACE_STYLE_FILL_AREA(#683);
#579=SURFACE_STYLE_FILL_AREA(#684);
#580=SURFACE_STYLE_FILL_AREA(#685);
#581=SURFACE_STYLE_FILL_AREA(#686);
#582=SURFACE_STYLE_FILL_AREA(#687);
#583=SURFACE_STYLE_FILL_AREA(#688);
#584=SURFACE_STYLE_FILL_AREA(#689);
#585=SURFACE_STYLE_FILL_AREA(#690);
#586=SURFACE_STYLE_FILL_AREA(#691);
#587=SURFACE_STYLE_FILL_AREA(#692);
#588=SURFACE_STYLE_FILL_AREA(#693);
#589=SURFACE_STYLE_FILL_AREA(#694);
#590=SURFACE_STYLE_FILL_AREA(#695);
#591=SURFACE_STYLE_FILL_AREA(#696);
#592=SURFACE_STYLE_FILL_AREA(#697);
#593=SURFACE_STYLE_FILL_AREA(#698);
#594=SURFACE_STYLE_FILL_AREA(#699);
#595=SURFACE_STYLE_FILL_AREA(#700);
#596=SURFACE_STYLE_FILL_AREA(#701);
#597=SURFACE_STYLE_FILL_AREA(#702);
#598=SURFACE_STYLE_FILL_AREA(#703);
#599=SURFACE_STYLE_FILL_AREA(#704);
#600=SURFACE_STYLE_FILL_AREA(#705);
#601=SURFACE_STYLE_FILL_AREA(#706);
#602=SURFACE_STYLE_FILL_AREA(#707);
#603=SURFACE_STYLE_FILL_AREA(#708);
#604=SURFACE_STYLE_FILL_AREA(#709);
#605=SURFACE_STYLE_FILL_AREA(#710);
#606=SURFACE_STYLE_FILL_AREA(#711);
#607=SURFACE_STYLE_FILL_AREA(#712);
#608=SURFACE_STYLE_FILL_AREA(#713);
#609=SURFACE_STYLE_FILL_AREA(#714);
#610=SURFACE_STYLE_FILL_AREA(#715);
#611=SURFACE_STYLE_FILL_AREA(#716);
#612=SURFACE_STYLE_FILL_AREA(#717);
#613=SURFACE_STYLE_FILL_AREA(#718);
#614=SURFACE_STYLE_FILL_AREA(#719);
#615=SURFACE_STYLE_FILL_AREA(#720);
#616=SURFACE_STYLE_FILL_AREA(#721);
#617=SURFACE_STYLE_FILL_AREA(#722);
#618=SURFACE_STYLE_FILL_AREA(#723);
#619=SURFACE_STYLE_FILL_AREA(#724);
#620=SURFACE_STYLE_FILL_AREA(#725);
#621=SURFACE_STYLE_FILL_AREA(#726);
#622=SURFACE_STYLE_FILL_AREA(#727);
#623=SURFACE_STYLE_FILL_AREA(#728);
#624=SURFACE_STYLE_FILL_AREA(#729);
#625=SURFACE_STYLE_FILL_AREA(#730);
#626=SURFACE_STYLE_FILL_AREA(#731);
#627=SURFACE_STYLE_FILL_AREA(#732);
#628=SURFACE_STYLE_FILL_AREA(#733);
#629=FILL_AREA_STYLE('',(#734));
#630=FILL_AREA_STYLE('',(#735));
#631=FILL_AREA_STYLE('',(#736));
#632=FILL_AREA_STYLE('',(#737));
#633=FILL_AREA_STYLE('',(#738));
#634=FILL_AREA_STYLE('',(#739));
#635=FILL_AREA_STYLE('',(#740));
#636=FILL_AREA_STYLE('',(#741));
#637=FILL_AREA_STYLE('',(#742));
#638=FILL_AREA_STYLE('',(#743));
#639=FILL_AREA_STYLE('',(#744));
#640=FILL_AREA_STYLE('',(#745));
#641=FILL_AREA_STYLE('',(#746));
#642=FILL_AREA_STYLE('',(#747));
#643=FILL_AREA_STYLE('',(#748));
#644=FILL_AREA_STYLE('',(#749));
#645=FILL_AREA_STYLE('',(#750));
#646=FILL_AREA_STYLE('',(#751));
#647=FILL_AREA_STYLE('',(#752));
#648=FILL_AREA_STYLE('',(#753));
#649=FILL_AREA_STYLE('',(#754));
#650=FILL_AREA_STYLE('',(#755));
#651=FILL_AREA_STYLE('',(#756));
#652=FILL_AREA_STYLE('',(#757));
#653=FILL_AREA_STYLE('',(#758));
#654=FILL_AREA_STYLE('',(#759));
#655=FILL_AREA_STYLE('',(#760));
#656=FILL_AREA_STYLE('',(#761));
#657=FILL_AREA_STYLE('',(#762));
#658=FILL_AREA_STYLE('',(#763));
#659=FILL_AREA_STYLE('',(#764));
#660=FILL_AREA_STYLE('',(#765));
#661=FILL_AREA_STYLE('',(#766));
#662=FILL_AREA_STYLE('',(#767));
#663=FILL_AREA_STYLE('',(#768));
#664=FILL_AREA_STYLE('',(#769));
#665=FILL_AREA_STYLE('',(#770));
#666=FILL_AREA_STYLE('',(#771));
#667=FILL_AREA_STYLE('',(#772));
#668=FILL_AREA_STYLE('',(#773));
#669=FILL_AREA_STYLE('',(#774));
#670=FILL_AREA_STYLE('',(#775));
#671=FILL_AREA_STYLE('',(#776));
#672=FILL_AREA_STYLE('',(#777));
#673=FILL_AREA_STYLE('',(#778));
#674=FILL_AREA_STYLE('',(#779));
#675=FILL_AREA_STYLE('',(#780));
#676=FILL_AREA_STYLE('',(#781));
#677=FILL_AREA_STYLE('',(#782));
#678=FILL_AREA_STYLE('',(#783));
#679=FILL_AREA_STYLE('',(#784));
#680=FILL_AREA_STYLE('',(#785));
#681=FILL_AREA_STYLE('',(#786));
#682=FILL_AREA_STYLE('',(#787));
#683=FILL_AREA_STYLE('',(#788));
#684=FILL_AREA_STYLE('',(#789));
#685=FILL_AREA_STYLE('',(#790));
#686=FILL_AREA_STYLE('',(#791));
#687=FILL_AREA_STYLE('',(#792));
#688=FILL_AREA_STYLE('',(#793));
#689=FILL_AREA_STYLE('',(#794));
#690=FILL_AREA_STYLE('',(#795));
#691=FILL_AREA_STYLE('',(#796));
#692=FILL_AREA_STYLE('',(#797));
#693=FILL_AREA_STYLE('',(#798));
#694=FILL_AREA_STYLE('',(#799));
#695=FILL_AREA_STYLE('',(#800));
#696=FILL_AREA_STYLE('',(#801));
#697=FILL_AREA_STYLE('',(#802));
#698=FILL_AREA_STYLE('',(#803));
#699=FILL_AREA_STYLE('',(#804));
#700=FILL_AREA_STYLE('',(#805));
#701=FILL_AREA_STYLE('',(#806));
#702=FILL_AREA_STYLE('',(#807));
#703=FILL_AREA_STYLE('',(#808));
#704=FILL_AREA_STYLE('',(#809));
#705=FILL_AREA_STYLE('',(#810));
#706=FILL_AREA_STYLE('',(#811));
#707=FILL_AREA_STYLE('',(#812));
#708=FILL_AREA_STYLE('',(#813));
#709=FILL_AREA_STYLE('',(#814));
#710=FILL_AREA_STYLE('',(#815));
#711=FILL_AREA_STYLE('',(#816));
#712=FILL_AREA_STYLE('',(#817));
#713=FILL_AREA_STYLE('',(#818));
#714=FILL_AREA_STYLE('',(#819));
#715=FILL_AREA_STYLE('',(#820));
#716=FILL_AREA_STYLE('',(#821));
#717=FILL_AREA_STYLE('',(#822));
#718=FILL_AREA_STYLE('',(#823));
#719=FILL_AREA_STYLE('',(#824));
#720=FILL_AREA_STYLE('',(#825));
#721=FILL_AREA_STYLE('',(#826));
#722=FILL_AREA_STYLE('',(#827));
#723=FILL_AREA_STYLE('',(#828));
#724=FILL_AREA_STYLE('',(#829));
#725=FILL_AREA_STYLE('',(#830));
#726=FILL_AREA_STYLE('',(#831));
#727=FILL_AREA_STYLE('',(#832));
#728=FILL_AREA_STYLE('',(#833));
#729=FILL_AREA_STYLE('',(#834));
#730=FILL_AREA_STYLE('',(#835));
#731=FILL_AREA_STYLE('',(#836));
#732=FILL_AREA_STYLE('',(#837));
#733=FILL_AREA_STYLE('',(#838));
#734=FILL_AREA_STYLE_COLOUR('',#839);
#735=FILL_AREA_STYLE_COLOUR('',#839);
#736=FILL_AREA_STYLE_COLOUR('',#201);
#737=FILL_AREA_STYLE_COLOUR('',#201);
#738=FILL_AREA_STYLE_COLOUR('',#201);
#739=FILL_AREA_STYLE_COLOUR('',#201);
#740=FILL_AREA_STYLE_COLOUR('',#201);
#741=FILL_AREA_STYLE_COLOUR('',#201);
#742=FILL_AREA_STYLE_COLOUR('',#201);
#743=FILL_AREA_STYLE_COLOUR('',#201);
#744=FILL_AREA_STYLE_COLOUR('',#201);
#745=FILL_AREA_STYLE_COLOUR('',#201);
#746=FILL_AREA_STYLE_COLOUR('',#201);
#747=FILL_AREA_STYLE_COLOUR('',#201);
#748=FILL_AREA_STYLE_COLOUR('',#201);
#749=FILL_AREA_STYLE_COLOUR('',#201);
#750=FILL_AREA_STYLE_COLOUR('',#201);
#751=FILL_AREA_STYLE_COLOUR('',#201);
#752=FILL_AREA_STYLE_COLOUR('',#201);
#753=FILL_AREA_STYLE_COLOUR('',#201);
#754=FILL_AREA_STYLE_COLOUR('',#201);
#755=FILL_AREA_STYLE_COLOUR('',#201);
#756=FILL_AREA_STYLE_COLOUR('',#201);
#757=FILL_AREA_STYLE_COLOUR('',#201);
#758=FILL_AREA_STYLE_COLOUR('',#201);
#759=FILL_AREA_STYLE_COLOUR('',#201);
#760=FILL_AREA_STYLE_COLOUR('',#201);
#761=FILL_AREA_STYLE_COLOUR('',#201);
#762=FILL_AREA_STYLE_COLOUR('',#201);
#763=FILL_AREA_STYLE_COLOUR('',#201);
#764=FILL_AREA_STYLE_COLOUR('',#839);
#765=FILL_AREA_STYLE_COLOUR('',#201);
#766=FILL_AREA_STYLE_COLOUR('',#201);
#767=FILL_AREA_STYLE_COLOUR('',#201);
#768=FILL_AREA_STYLE_COLOUR('',#201);
#769=FILL_AREA_STYLE_COLOUR('',#839);
#770=FILL_AREA_STYLE_COLOUR('',#201);
#771=FILL_AREA_STYLE_COLOUR('',#201);
#772=FILL_AREA_STYLE_COLOUR('',#201);
#773=FILL_AREA_STYLE_COLOUR('',#201);
#774=FILL_AREA_STYLE_COLOUR('',#201);
#775=FILL_AREA_STYLE_COLOUR('',#201);
#776=FILL_AREA_STYLE_COLOUR('',#201);
#777=FILL_AREA_STYLE_COLOUR('',#201);
#778=FILL_AREA_STYLE_COLOUR('',#201);
#779=FILL_AREA_STYLE_COLOUR('',#201);
#780=FILL_AREA_STYLE_COLOUR('',#201);
#781=FILL_AREA_STYLE_COLOUR('',#201);
#782=FILL_AREA_STYLE_COLOUR('',#201);
#783=FILL_AREA_STYLE_COLOUR('',#201);
#784=FILL_AREA_STYLE_COLOUR('',#201);
#785=FILL_AREA_STYLE_COLOUR('',#201);
#786=FILL_AREA_STYLE_COLOUR('',#201);
#787=FILL_AREA_STYLE_COLOUR('',#201);
#788=FILL_AREA_STYLE_COLOUR('',#201);
#789=FILL_AREA_STYLE_COLOUR('',#201);
#790=FILL_AREA_STYLE_COLOUR('',#201);
#791=FILL_AREA_STYLE_COLOUR('',#201);
#792=FILL_AREA_STYLE_COLOUR('',#201);
#793=FILL_AREA_STYLE_COLOUR('',#201);
#794=FILL_AREA_STYLE_COLOUR('',#201);
#795=FILL_AREA_STYLE_COLOUR('',#201);
#796=FILL_AREA_STYLE_COLOUR('',#201);
#797=FILL_AREA_STYLE_COLOUR('',#201);
#798=FILL_AREA_STYLE_COLOUR('',#201);
#799=FILL_AREA_STYLE_COLOUR('',#201);
#800=FILL_AREA_STYLE_COLOUR('',#201);
#801=FILL_AREA_STYLE_COLOUR('',#201);
#802=FILL_AREA_STYLE_COLOUR('',#201);
#803=FILL_AREA_STYLE_COLOUR('',#201);
#804=FILL_AREA_STYLE_COLOUR('',#201);
#805=FILL_AREA_STYLE_COLOUR('',#839);
#806=FILL_AREA_STYLE_COLOUR('',#201);
#807=FILL_AREA_STYLE_COLOUR('',#201);
#808=FILL_AREA_STYLE_COLOUR('',#201);
#809=FILL_AREA_STYLE_COLOUR('',#201);
#810=FILL_AREA_STYLE_COLOUR('',#201);
#811=FILL_AREA_STYLE_COLOUR('',#201);
#812=FILL_AREA_STYLE_COLOUR('',#201);
#813=FILL_AREA_STYLE_COLOUR('',#201);
#814=FILL_AREA_STYLE_COLOUR('',#201);
#815=FILL_AREA_STYLE_COLOUR('',#201);
#816=FILL_AREA_STYLE_COLOUR('',#201);
#817=FILL_AREA_STYLE_COLOUR('',#201);
#818=FILL_AREA_STYLE_COLOUR('',#201);
#819=FILL_AREA_STYLE_COLOUR('',#201);
#820=FILL_AREA_STYLE_COLOUR('',#201);
#821=FILL_AREA_STYLE_COLOUR('',#201);
#822=FILL_AREA_STYLE_COLOUR('',#201);
#823=FILL_AREA_STYLE_COLOUR('',#201);
#824=FILL_AREA_STYLE_COLOUR('',#201);
#825=FILL_AREA_STYLE_COLOUR('',#201);
#826=FILL_AREA_STYLE_COLOUR('',#201);
#827=FILL_AREA_STYLE_COLOUR('',#201);
#828=FILL_AREA_STYLE_COLOUR('',#201);
#829=FILL_AREA_STYLE_COLOUR('',#201);
#830=FILL_AREA_STYLE_COLOUR('',#201);
#831=FILL_AREA_STYLE_COLOUR('',#201);
#832=FILL_AREA_STYLE_COLOUR('',#201);
#833=FILL_AREA_STYLE_COLOUR('',#201);
#834=FILL_AREA_STYLE_COLOUR('',#201);
#835=FILL_AREA_STYLE_COLOUR('',#201);
#836=FILL_AREA_STYLE_COLOUR('',#201);
#837=FILL_AREA_STYLE_COLOUR('',#201);
#838=FILL_AREA_STYLE_COLOUR('',#201);
#839=DRAUGHTING_PRE_DEFINED_COLOUR('black');
#840=MANIFOLD_SOLID_BREP('SOLID1',#846);
#841=MANIFOLD_SOLID_BREP('SOLID1',#847);
#842=MANIFOLD_SOLID_BREP('SOLID1',#848);
#843=MANIFOLD_SOLID_BREP('SOLID1',#849);
#844=MANIFOLD_SOLID_BREP('',#850);
#845=MANIFOLD_SOLID_BREP('SOLID1',#851);
#846=CLOSED_SHELL('',(#1648,#1649,#1650,#1651,#1652,#1653,#1654,#1655,#1656,
#1657,#1658,#1659,#1660,#1661,#1662,#1663,#1664,#1665,#1666,#1667,#1668,
#1669,#1670,#1671,#1672,#1673,#1674,#1675,#1676,#1677,#1678,#1679,#1680,
#1681,#1682,#1683,#1684,#1685,#1686,#1687,#1688,#1689,#1690,#1691,#1692,
#1693,#1694,#1695,#1696,#1697,#1698,#1699,#1700,#1701,#1702,#1703,#1704,
#1705,#1706,#1707,#1708,#1709,#1710,#1711,#1712,#1713,#1714,#1715,#1716,
#1717,#1718,#1719,#1720,#1721,#1722,#1723,#1724,#1725,#1726,#1727,#1728,
#1729,#1730,#1731,#1732,#1733,#1734,#1735,#1736,#1737,#1738,#1739,#1740,
#1741,#1742,#1743,#1744,#1745,#1746,#1747,#1748,#1749,#1750,#1751,#1752,
#1753,#1754,#1755,#1756,#1757,#1758,#1759,#1760,#1761,#1762,#1763,#1764,
#1765,#1766,#1767,#1768,#1769,#1770,#1771,#1772,#1773,#1774,#1775,#1776,
#1777,#1778,#1779,#1780,#1781,#1782,#1783,#1784,#1785,#1786,#1787));
#847=CLOSED_SHELL('',(#1788,#1789,#1790,#1791,#1792,#1793,#1794,#1795,#1796,
#1797,#1798,#1799,#1800,#1801,#1802,#1803,#1804,#1805,#1806,#1807,#1808,
#1809,#1810,#1811,#1812,#1813,#1814,#1815,#1816,#1817));
#848=CLOSED_SHELL('',(#1818,#1819,#1820,#1821,#1822));
#849=CLOSED_SHELL('',(#1823,#1824,#1825,#1826,#1827,#1828,#1829,#1830,#1831,
#1832,#1833,#1834,#1835,#1836,#1837,#1838,#1839,#1840,#1841,#1842,#1843,
#1844,#1845,#1846,#1847,#1848,#1849,#1850,#1851,#1852,#1853,#1854,#1855,
#1856,#1857,#1858,#1859));
#850=CLOSED_SHELL('',(#1860,#1861,#1862,#1863,#1864,#1865,#1866,#1867,#1868,
#1869,#1870,#1871,#1872,#1873,#1874,#1875,#1876,#1877,#1878,#1879,#1880,
#1881,#1882,#1883,#1884,#1885,#1886,#1887,#1888,#1889,#1890,#1891,#1892,
#1893,#1894));
#851=CLOSED_SHELL('',(#1895,#1896,#1897,#1898,#1899,#1900,#1901,#1902,#1903,
#1904,#1905,#1906,#1907,#1908,#1909,#1910,#1911,#1912,#1913,#1914,#1915,
#1916,#1917,#1918,#1919,#1920,#1921,#1922,#1923,#1924,#1925,#1926,#1927));
#852=(
BOUNDED_CURVE()
B_SPLINE_CURVE(2,(#8532,#8533,#8534),.UNSPECIFIED.,.F.,.F.)
B_SPLINE_CURVE_WITH_KNOTS((3,3),(0.,1.),.UNSPECIFIED.)
CURVE()
GEOMETRIC_REPRESENTATION_ITEM()
RATIONAL_B_SPLINE_CURVE((0.999269886078599,0.635941423119773,0.991421787990945))
REPRESENTATION_ITEM('')
);
#853=(
BOUNDED_SURFACE()
B_SPLINE_SURFACE(3,2,((#8096,#8097,#8098),(#8099,#8100,#8101),(#8102,#8103,
#8104),(#8105,#8106,#8107),(#8108,#8109,#8110),(#8111,#8112,#8113),(#8114,
#8115,#8116),(#8117,#8118,#8119),(#8120,#8121,#8122),(#8123,#8124,#8125),
(#8126,#8127,#8128),(#8129,#8130,#8131),(#8132,#8133,#8134),(#8135,#8136,
#8137),(#8138,#8139,#8140),(#8141,#8142,#8143),(#8144,#8145,#8146),(#8147,
#8148,#8149)),.UNSPECIFIED.,.F.,.F.,.F.)
B_SPLINE_SURFACE_WITH_KNOTS((4,2,2,2,2,2,2,2,4),(3,3),(0.,0.125,0.25,0.375,
0.5,0.625,0.75,0.875,1.),(0.,1.),.UNSPECIFIED.)
GEOMETRIC_REPRESENTATION_ITEM()
RATIONAL_B_SPLINE_SURFACE(((1.,1.,1.),(1.,0.999999536083674,1.),(1.,0.999473632370461,
1.),(1.,0.997473162969222,1.),(1.,0.995971152251012,1.),(1.,0.992285580339929,
1.),(1.,0.990105225309555,1.),(1.,0.985324591031344,1.),(1.,0.982729111590997,
1.),(1.,0.977743913766801,1.),(1.,0.975331036936804,1.),(1.,0.97103104384725,
1.),(1.,0.969213741780288,1.),(1.,0.966572126315767,1.),(1.,0.965743482303184,
1.),(1.,0.96533019321709,1.),(1.,0.965721195603867,1.),(1.,0.966714240927692,
1.)))
REPRESENTATION_ITEM('')
SURFACE()
);
#854=(
BOUNDED_SURFACE()
B_SPLINE_SURFACE(3,2,((#8381,#8382,#8383),(#8384,#8385,#8386),(#8387,#8388,
#8389),(#8390,#8391,#8392)),.UNSPECIFIED.,.F.,.F.,.F.)
B_SPLINE_SURFACE_WITH_KNOTS((4,4),(3,3),(0.,1.),(0.,1.),.UNSPECIFIED.)
GEOMETRIC_REPRESENTATION_ITEM()
RATIONAL_B_SPLINE_SURFACE(((1.,0.678069320765386,1.),(1.,0.659578979711494,
1.),(1.,0.64146548594282,1.),(1.,0.62371764567708,1.)))
REPRESENTATION_ITEM('')
SURFACE()
);
#855=(
BOUNDED_SURFACE()
B_SPLINE_SURFACE(3,2,((#8540,#8541,#8542),(#8543,#8544,#8545),(#8546,#8547,
#8548),(#8549,#8550,#8551),(#8552,#8553,#8554),(#8555,#8556,#8557),(#8558,
#8559,#8560),(#8561,#8562,#8563),(#8564,#8565,#8566),(#8567,#8568,#8569),
(#8570,#8571,#8572),(#8573,#8574,#8575),(#8576,#8577,#8578),(#8579,#8580,
#8581),(#8582,#8583,#8584),(#8585,#8586,#8587),(#8588,#8589,#8590),(#8591,
#8592,#8593)),.UNSPECIFIED.,.F.,.F.,.F.)
B_SPLINE_SURFACE_WITH_KNOTS((4,2,2,2,2,2,2,2,4),(3,3),(0.,0.125,0.25,0.375,
0.5,0.625,0.75,0.875,1.),(0.,1.),.UNSPECIFIED.)
GEOMETRIC_REPRESENTATION_ITEM()
RATIONAL_B_SPLINE_SURFACE(((1.00000010210874,0.779208228395022,1.),(1.00000010176867,
0.779943573912962,1.),(1.00000010208966,0.779249482081751,1.),(1.000000104046,
0.775019237314501,1.),(1.000000105646,0.771559541799444,1.),(1.00000010992599,
0.762304834839269,1.),(1.00000011265039,0.756413807647335,1.),(1.00000011885135,
0.743005341793549,1.),(1.00000012231541,0.735514940281767,1.),(1.00000012977129,
0.719392930668254,1.),(1.00000013379508,0.71069221915328,1.),(1.00000014183459,
0.693308218108157,1.),(1.00000014588573,0.684548356364732,1.),(1.00000015381639,
0.667399742193971,1.),(1.00000015766074,0.659087023428256,1.),(1.00000016463185,
0.644013254909644,1.),(1.00000016779771,0.637167649930457,1.),(1.00000017053704,
0.631244331336266,1.)))
REPRESENTATION_ITEM('')
SURFACE()
);
#856=(
BOUNDED_SURFACE()
B_SPLINE_SURFACE(3,2,((#8691,#8692,#8693),(#8694,#8695,#8696),(#8697,#8698,
#8699),(#8700,#8701,#8702)),.UNSPECIFIED.,.F.,.F.,.F.)
B_SPLINE_SURFACE_WITH_KNOTS((4,4),(3,3),(0.,1.),(0.,1.),.UNSPECIFIED.)
GEOMETRIC_REPRESENTATION_ITEM()
RATIONAL_B_SPLINE_SURFACE(((1.,0.678069321443754,1.),(1.,0.659578963229483,
1.),(1.,0.641465488733873,1.),(1.,0.623717645884125,1.)))
REPRESENTATION_ITEM('')
SURFACE()
);
#857=(
BOUNDED_SURFACE()
B_SPLINE_SURFACE(3,2,((#8728,#8729,#8730),(#8731,#8732,#8733),(#8734,#8735,
#8736),(#8737,#8738,#8739),(#8740,#8741,#8742),(#8743,#8744,#8745),(#8746,
#8747,#8748),(#8749,#8750,#8751),(#8752,#8753,#8754),(#8755,#8756,#8757),
(#8758,#8759,#8760),(#8761,#8762,#8763),(#8764,#8765,#8766),(#8767,#8768,
#8769),(#8770,#8771,#8772),(#8773,#8774,#8775),(#8776,#8777,#8778),(#8779,
#8780,#8781)),.UNSPECIFIED.,.F.,.F.,.F.)
B_SPLINE_SURFACE_WITH_KNOTS((4,2,2,2,2,2,2,2,4),(3,3),(0.,0.125,0.25,0.375,
0.5,0.625,0.75,0.875,1.),(0.,1.),.UNSPECIFIED.)
GEOMETRIC_REPRESENTATION_ITEM()
RATIONAL_B_SPLINE_SURFACE(((1.,0.779208200726573,1.00000015744567),(1.,
0.779943546335771,1.0000001569213),(1.,0.77924945441966,1.00000015741625),
(1.,0.775019209119921,1.00000016043282),(1.,0.771559513173152,1.00000016289991),
(1.,0.762304805051924,1.00000016949941),(1.,0.756413777121887,1.00000017370027),
(1.,0.743005309588871,1.00000018326179),(1.,0.735514907138822,1.00000018860317),
(1.,0.719392895503155,1.0000002000997),(1.,0.710692182899683,1.00000020630414),
(1.,0.693308179674262,1.0000002187006),(1.,0.68454831683283,1.00000022494722),
(1.,0.667399700515459,1.00000023717582),(1.,0.659086980706597,1.00000024310359),
(1.,0.644013210299542,1.00000025385263),(1.,0.637167604462044,1.0000002587342),
(1.,0.63124428512577,1.00000026295809)))
REPRESENTATION_ITEM('')
SURFACE()
);
#858=(
BOUNDED_SURFACE()
B_SPLINE_SURFACE(3,2,((#8798,#8799,#8800),(#8801,#8802,#8803),(#8804,#8805,
#8806),(#8807,#8808,#8809),(#8810,#8811,#8812),(#8813,#8814,#8815),(#8816,
#8817,#8818),(#8819,#8820,#8821),(#8822,#8823,#8824),(#8825,#8826,#8827),
(#8828,#8829,#8830),(#8831,#8832,#8833)),.UNSPECIFIED.,.F.,.F.,.F.)
B_SPLINE_SURFACE_WITH_KNOTS((4,2,2,2,2,4),(3,3),(0.,0.25,0.5,0.625,0.75,
1.),(0.,1.),.UNSPECIFIED.)
GEOMETRIC_REPRESENTATION_ITEM()
RATIONAL_B_SPLINE_SURFACE(((1.00012226852347,0.707170982199236,1.00013027353534),
(1.0001234789493,0.704272052869836,1.00013156320866),(1.00012255242852,
0.706491039099715,1.00013057602787),(1.0001178024356,0.717867113023444,
1.00012551504935),(1.0001139478131,0.727098804778987,1.00012140806183),
(1.00010807245433,0.741170092220061,1.00011514803892),(1.00010606568661,
0.745976233687601,1.00011300988661),(1.00010239041371,0.75477838915992,
1.00010909399084),(1.00010071415213,0.758792979496386,1.00010730798316),
(1.00009647130616,0.768954453457241,1.00010278735488),(1.00009478909231,
0.772983299278438,1.00010099500523),(1.00009482237259,0.772903594128729,
1.00010103046439)))
REPRESENTATION_ITEM('')
SURFACE()
);
#859=(
BOUNDED_SURFACE()
B_SPLINE_SURFACE(3,2,((#8963,#8964,#8965),(#8966,#8967,#8968),(#8969,#8970,
#8971),(#8972,#8973,#8974)),.UNSPECIFIED.,.F.,.F.,.F.)
B_SPLINE_SURFACE_WITH_KNOTS((4,4),(3,3),(0.,1.),(0.,1.),.UNSPECIFIED.)
GEOMETRIC_REPRESENTATION_ITEM()
RATIONAL_B_SPLINE_SURFACE(((1.,0.651425854938333,1.),(1.,0.682579928185453,
1.),(1.,0.711669564789515,1.),(1.,0.738990016381854,1.)))
REPRESENTATION_ITEM('')
SURFACE()
);
#860=(
BOUNDED_SURFACE()
B_SPLINE_SURFACE(3,2,((#9024,#9025,#9026),(#9027,#9028,#9029),(#9030,#9031,
#9032),(#9033,#9034,#9035),(#9036,#9037,#9038),(#9039,#9040,#9041),(#9042,
#9043,#9044),(#9045,#9046,#9047),(#9048,#9049,#9050),(#9051,#9052,#9053),
(#9054,#9055,#9056),(#9057,#9058,#9059)),.UNSPECIFIED.,.F.,.F.,.F.)
B_SPLINE_SURFACE_WITH_KNOTS((4,2,2,2,2,4),(3,3),(0.,0.25,0.5,0.625,0.75,
1.),(0.,1.),.UNSPECIFIED.)
GEOMETRIC_REPRESENTATION_ITEM()
RATIONAL_B_SPLINE_SURFACE(((1.00012226852168,0.707170982200703,1.00013027353419),
(1.0001234789475,0.70427205287121,1.0001315632075),(1.00012255242673,0.706491039101331,
1.00013057602672),(1.00011780243388,0.717867113024712,1.00012551504825),
(1.00011394781144,0.727098804781083,1.00012140806076),(1.00010807245275,
0.741170092220991,1.0001151480379),(1.00010606568506,0.745976233687409,
1.00011300988561),(1.00010239041222,0.754778389162614,1.00010909398988),
(1.00010071415066,0.758792979497447,1.00010730798221),(1.00009647130475,
0.768954453458691,1.00010278735398),(1.00009478909093,0.772983299279355,
1.00010099500434),(1.0000948223712,0.772903594129868,1.0001010304635)))
REPRESENTATION_ITEM('')
SURFACE()
);
#861=(
BOUNDED_SURFACE()
B_SPLINE_SURFACE(3,2,((#9147,#9148,#9149),(#9150,#9151,#9152),(#9153,#9154,
#9155),(#9156,#9157,#9158),(#9159,#9160,#9161),(#9162,#9163,#9164),(#9165,
#9166,#9167),(#9168,#9169,#9170),(#9171,#9172,#9173),(#9174,#9175,#9176),
(#9177,#9178,#9179),(#9180,#9181,#9182)),.UNSPECIFIED.,.F.,.F.,.F.)
B_SPLINE_SURFACE_WITH_KNOTS((4,2,2,2,2,4),(3,3),(0.,0.25,0.5,0.625,0.75,
1.),(0.,1.),.UNSPECIFIED.)
GEOMETRIC_REPRESENTATION_ITEM()
RATIONAL_B_SPLINE_SURFACE(((1.00000201105139,0.707296247651712,1.),(1.00000203096027,
0.704398558416294,1.),(1.00000201572101,0.706616595416932,1.),(1.00000193759396,
0.717987802918712,1.),(1.0000018741938,0.727215545573126,1.),(1.00000177755692,
0.741280813642287,1.),(1.00000174454995,0.746084899155086,1.),(1.0000016840997,
0.75488328926915,1.),(1.00000165652884,0.758896162258287,1.),(1.00000158674325,
0.769053289373955,1.),(1.00000155907449,0.773080411751565,1.),(1.00000155962188,
0.77300074069655,1.)))
REPRESENTATION_ITEM('')
SURFACE()
);
#862=(
BOUNDED_SURFACE()
B_SPLINE_SURFACE(3,2,((#9986,#9987,#9988),(#9989,#9990,#9991),(#9992,#9993,
#9994),(#9995,#9996,#9997)),.UNSPECIFIED.,.F.,.F.,.F.)
B_SPLINE_SURFACE_WITH_KNOTS((4,4),(3,3),(0.,1.),(0.,1.),.UNSPECIFIED.)
GEOMETRIC_REPRESENTATION_ITEM()
RATIONAL_B_SPLINE_SURFACE(((1.,0.985992770361559,1.),(1.,0.970783282630886,
1.),(1.,0.875110024352239,1.),(1.,0.774730733290009,1.)))
REPRESENTATION_ITEM('')
SURFACE()
);
#863=(
BOUNDED_SURFACE()
B_SPLINE_SURFACE(3,2,((#10050,#10051,#10052),(#10053,#10054,#10055),(#10056,
#10057,#10058),(#10059,#10060,#10061)),.UNSPECIFIED.,.F.,.F.,.F.)
B_SPLINE_SURFACE_WITH_KNOTS((4,4),(3,3),(0.,1.),(0.,1.),.UNSPECIFIED.)
GEOMETRIC_REPRESENTATION_ITEM()
RATIONAL_B_SPLINE_SURFACE(((1.,0.707106781186547,1.),(1.,0.736030799225921,
1.),(1.,0.762065649580894,1.),(1.,0.783515256912534,1.)))
REPRESENTATION_ITEM('')
SURFACE()
);
#864=(
BOUNDED_SURFACE()
B_SPLINE_SURFACE(3,2,((#10568,#10569,#10570),(#10571,#10572,#10573),(#10574,
#10575,#10576),(#10577,#10578,#10579)),.UNSPECIFIED.,.F.,.F.,.F.)
B_SPLINE_SURFACE_WITH_KNOTS((4,4),(3,3),(0.,1.),(0.,1.),.UNSPECIFIED.)
GEOMETRIC_REPRESENTATION_ITEM()
RATIONAL_B_SPLINE_SURFACE(((1.,1.,1.),(1.,1.00057665309177,1.),(1.,0.810829833513549,
1.),(1.,0.707106781186547,1.)))
REPRESENTATION_ITEM('')
SURFACE()
);
#865=(
BOUNDED_SURFACE()
B_SPLINE_SURFACE(3,2,((#10580,#10581,#10582),(#10583,#10584,#10585),(#10586,
#10587,#10588),(#10589,#10590,#10591)),.UNSPECIFIED.,.F.,.F.,.F.)
B_SPLINE_SURFACE_WITH_KNOTS((4,4),(3,3),(0.,1.),(0.,1.),.UNSPECIFIED.)
GEOMETRIC_REPRESENTATION_ITEM()
RATIONAL_B_SPLINE_SURFACE(((1.,1.,1.),(1.,1.00057665309177,1.),(1.,0.810829833513548,
1.),(1.,0.707106781186547,1.)))
REPRESENTATION_ITEM('')
SURFACE()
);
#866=(
BOUNDED_SURFACE()
B_SPLINE_SURFACE(3,2,((#10593,#10594,#10595),(#10596,#10597,#10598),(#10599,
#10600,#10601),(#10602,#10603,#10604)),.UNSPECIFIED.,.F.,.F.,.F.)
B_SPLINE_SURFACE_WITH_KNOTS((4,4),(3,3),(0.,1.),(0.,1.),.UNSPECIFIED.)
GEOMETRIC_REPRESENTATION_ITEM()
RATIONAL_B_SPLINE_SURFACE(((1.,1.,1.),(1.,0.980098019291164,1.),(1.,0.749603566320033,
1.),(1.,0.707106781186548,1.)))
REPRESENTATION_ITEM('')
SURFACE()
);
#867=(
BOUNDED_SURFACE()
B_SPLINE_SURFACE(3,2,((#10626,#10627,#10628),(#10629,#10630,#10631),(#10632,
#10633,#10634),(#10635,#10636,#10637)),.UNSPECIFIED.,.F.,.F.,.F.)
B_SPLINE_SURFACE_WITH_KNOTS((4,4),(3,3),(0.,1.),(0.,1.),.UNSPECIFIED.)
GEOMETRIC_REPRESENTATION_ITEM()
RATIONAL_B_SPLINE_SURFACE(((1.,1.,1.),(1.,0.980098019291164,1.),(1.,0.749603566320033,
1.),(1.,0.707106781186548,1.)))
REPRESENTATION_ITEM('')
SURFACE()
);
#868=(
BOUNDED_SURFACE()
B_SPLINE_SURFACE(3,2,((#10639,#10640,#10641),(#10642,#10643,#10644),(#10645,
#10646,#10647),(#10648,#10649,#10650)),.UNSPECIFIED.,.F.,.F.,.F.)
B_SPLINE_SURFACE_WITH_KNOTS((4,4),(3,3),(0.,1.),(0.,1.),.UNSPECIFIED.)
GEOMETRIC_REPRESENTATION_ITEM()
RATIONAL_B_SPLINE_SURFACE(((1.,0.707106781186548,1.),(1.,0.707106781186548,
1.),(1.,0.707106781186548,1.),(1.,0.707106781186548,1.)))
REPRESENTATION_ITEM('')
SURFACE()
);
#869=(
BOUNDED_SURFACE()
B_SPLINE_SURFACE(3,2,((#10672,#10673,#10674),(#10675,#10676,#10677),(#10678,
#10679,#10680),(#10681,#10682,#10683),(#10684,#10685,#10686),(#10687,#10688,
#10689),(#10690,#10691,#10692),(#10693,#10694,#10695),(#10696,#10697,#10698),
(#10699,#10700,#10701)),.UNSPECIFIED.,.F.,.F.,.F.)
B_SPLINE_SURFACE_WITH_KNOTS((4,2,2,2,4),(3,3),(0.,0.25,0.5,0.75,1.),(0.,
1.),.UNSPECIFIED.)
GEOMETRIC_REPRESENTATION_ITEM()
RATIONAL_B_SPLINE_SURFACE(((1.,0.707106781186548,1.),(1.,0.782878552668444,
1.),(1.,0.858832265340343,1.),(1.,0.951524274791695,1.),(1.,0.99580916876334,
1.),(1.,0.992227233910539,1.),(1.,0.94996135513911,1.),(1.,0.857173094336074,
1.),(1.,0.780897174849062,1.),(1.,0.707106781186547,1.)))
REPRESENTATION_ITEM('')
SURFACE()
);
#870=(
BOUNDED_SURFACE()
B_SPLINE_SURFACE(3,2,((#10702,#10703,#10704),(#10705,#10706,#10707),(#10708,
#10709,#10710),(#10711,#10712,#10713)),.UNSPECIFIED.,.F.,.F.,.F.)
B_SPLINE_SURFACE_WITH_KNOTS((4,4),(3,3),(0.,1.),(0.,1.),.UNSPECIFIED.)
GEOMETRIC_REPRESENTATION_ITEM()
RATIONAL_B_SPLINE_SURFACE(((1.,0.707106781186548,1.),(1.,0.707106781186548,
1.),(1.,0.707106781186547,1.),(1.,0.707106781186547,1.)))
REPRESENTATION_ITEM('')
SURFACE()
);
#871=(
BOUNDED_SURFACE()
B_SPLINE_SURFACE(3,2,((#10765,#10766,#10767),(#10768,#10769,#10770),(#10771,
#10772,#10773),(#10774,#10775,#10776),(#10777,#10778,#10779),(#10780,#10781,
#10782)),.UNSPECIFIED.,.F.,.F.,.F.)
B_SPLINE_SURFACE_WITH_KNOTS((4,2,4),(3,3),(0.,0.5,1.),(0.,1.),
 .UNSPECIFIED.)
GEOMETRIC_REPRESENTATION_ITEM()
RATIONAL_B_SPLINE_SURFACE(((1.,0.169007293116778,1.),(1.,0.194924999502195,
1.),(1.,0.337049462045334,1.),(1.,0.571460818584327,1.),(1.,0.683052471941074,
1.),(1.,0.758052480611428,1.)))
REPRESENTATION_ITEM('')
SURFACE()
);
#872=(
BOUNDED_SURFACE()
B_SPLINE_SURFACE(3,2,((#10787,#10788,#10789),(#10790,#10791,#10792),(#10793,
#10794,#10795),(#10796,#10797,#10798),(#10799,#10800,#10801),(#10802,#10803,
#10804)),.UNSPECIFIED.,.F.,.F.,.F.)
B_SPLINE_SURFACE_WITH_KNOTS((4,2,4),(3,3),(0.,0.5,1.),(0.,1.),
 .UNSPECIFIED.)
GEOMETRIC_REPRESENTATION_ITEM()
RATIONAL_B_SPLINE_SURFACE(((1.,0.758052480612289,1.),(1.,0.683589467108135,
1.),(1.,0.570051900115083,1.),(1.,0.337159496757623,1.),(1.,0.193590806707261,
1.),(1.,0.169007293105918,1.)))
REPRESENTATION_ITEM('')
SURFACE()
);
#873=TOROIDAL_SURFACE('',#5190,0.049826680980159,0.019778356103938);
#874=TOROIDAL_SURFACE('',#5196,0.039600966880951,0.019822610777013);
#875=TOROIDAL_SURFACE('',#5203,0.039600966880951,0.019822610777013);
#876=TOROIDAL_SURFACE('',#5204,0.039600966880951,0.019822610777013);
#877=TOROIDAL_SURFACE('',#5209,0.039600966880951,0.019822610777013);
#878=TOROIDAL_SURFACE('',#5215,0.036125738516769,0.019778356103938);
#879=TOROIDAL_SURFACE('',#5220,0.12419245837458,0.025);
#880=TOROIDAL_SURFACE('',#5222,0.0361257386069179,0.019778356103938);
#881=TOROIDAL_SURFACE('',#5223,0.0361257385815788,0.019778356103938);
#882=TOROIDAL_SURFACE('',#5226,0.12419245837458,0.025);
#883=TOROIDAL_SURFACE('',#5228,0.0361257385421186,0.019778356103938);
#884=TOROIDAL_SURFACE('',#5231,0.12419245837458,0.025);
#885=TOROIDAL_SURFACE('',#5235,0.543517310442729,0.523738954338791);
#886=TOROIDAL_SURFACE('',#5236,0.538543281501728,0.51876492539779);
#887=TOROIDAL_SURFACE('',#5241,0.538543281501728,0.51876492539779);
#888=TOROIDAL_SURFACE('',#5242,0.54351653785647,0.523738181752532);
#889=TOROIDAL_SURFACE('',#5308,0.177,0.002);
#890=TOROIDAL_SURFACE('',#5309,0.177,0.002);
#891=TOROIDAL_SURFACE('',#5310,0.177,0.002);
#892=TOROIDAL_SURFACE('',#5311,0.177,0.002);
#893=TOROIDAL_SURFACE('',#5384,0.052,0.008);
#894=TOROIDAL_SURFACE('',#5400,0.55,0.05);
#895=TOROIDAL_SURFACE('',#5403,0.3,0.05);
#896=TOROIDAL_SURFACE('',#5465,0.075,0.05);
#897=TOROIDAL_SURFACE('',#5476,0.225,0.1);
#898=TOROIDAL_SURFACE('',#5477,0.145,0.02);
#899=TOROIDAL_SURFACE('',#5494,0.119181510798547,0.01);
#900=TOROIDAL_SURFACE('',#5496,0.114281698419722,0.01);
#901=TOROIDAL_SURFACE('',#5522,0.20300000000001,0.01585);
#902=B_SPLINE_SURFACE_WITH_KNOTS('',3,3,((#6946,#6947,#6948,#6949,#6950,
#6951,#6952),(#6953,#6954,#6955,#6956,#6957,#6958,#6959),(#6960,#6961,#6962,
#6963,#6964,#6965,#6966),(#6967,#6968,#6969,#6970,#6971,#6972,#6973),(#6974,
#6975,#6976,#6977,#6978,#6979,#6980),(#6981,#6982,#6983,#6984,#6985,#6986,
#6987),(#6988,#6989,#6990,#6991,#6992,#6993,#6994),(#6995,#6996,#6997,#6998,
#6999,#7000,#7001),(#7002,#7003,#7004,#7005,#7006,#7007,#7008),(#7009,#7010,
#7011,#7012,#7013,#7014,#7015),(#7016,#7017,#7018,#7019,#7020,#7021,#7022),
(#7023,#7024,#7025,#7026,#7027,#7028,#7029),(#7030,#7031,#7032,#7033,#7034,
#7035,#7036),(#7037,#7038,#7039,#7040,#7041,#7042,#7043),(#7044,#7045,#7046,
#7047,#7048,#7049,#7050),(#7051,#7052,#7053,#7054,#7055,#7056,#7057),(#7058,
#7059,#7060,#7061,#7062,#7063,#7064),(#7065,#7066,#7067,#7068,#7069,#7070,
#7071),(#7072,#7073,#7074,#7075,#7076,#7077,#7078),(#7079,#7080,#7081,#7082,
#7083,#7084,#7085),(#7086,#7087,#7088,#7089,#7090,#7091,#7092),(#7093,#7094,
#7095,#7096,#7097,#7098,#7099),(#7100,#7101,#7102,#7103,#7104,#7105,#7106),
(#7107,#7108,#7109,#7110,#7111,#7112,#7113),(#7114,#7115,#7116,#7117,#7118,
#7119,#7120),(#7121,#7122,#7123,#7124,#7125,#7126,#7127),(#7128,#7129,#7130,
#7131,#7132,#7133,#7134),(#7135,#7136,#7137,#7138,#7139,#7140,#7141),(#7142,
#7143,#7144,#7145,#7146,#7147,#7148),(#7149,#7150,#7151,#7152,#7153,#7154,
#7155),(#7156,#7157,#7158,#7159,#7160,#7161,#7162),(#7163,#7164,#7165,#7166,
#7167,#7168,#7169),(#7170,#7171,#7172,#7173,#7174,#7175,#7176),(#7177,#7178,
#7179,#7180,#7181,#7182,#7183),(#7184,#7185,#7186,#7187,#7188,#7189,#7190),
(#7191,#7192,#7193,#7194,#7195,#7196,#7197),(#7198,#7199,#7200,#7201,#7202,
#7203,#7204),(#7205,#7206,#7207,#7208,#7209,#7210,#7211),(#7212,#7213,#7214,
#7215,#7216,#7217,#7218),(#7219,#7220,#7221,#7222,#7223,#7224,#7225),(#7226,
#7227,#7228,#7229,#7230,#7231,#7232),(#7233,#7234,#7235,#7236,#7237,#7238,
#7239),(#7240,#7241,#7242,#7243,#7244,#7245,#7246),(#7247,#7248,#7249,#7250,
#7251,#7252,#7253),(#7254,#7255,#7256,#7257,#7258,#7259,#7260),(#7261,#7262,
#7263,#7264,#7265,#7266,#7267),(#7268,#7269,#7270,#7271,#7272,#7273,#7274),
(#7275,#7276,#7277,#7278,#7279,#7280,#7281),(#7282,#7283,#7284,#7285,#7286,
#7287,#7288),(#7289,#7290,#7291,#7292,#7293,#7294,#7295),(#7296,#7297,#7298,
#7299,#7300,#7301,#7302),(#7303,#7304,#7305,#7306,#7307,#7308,#7309),(#7310,
#7311,#7312,#7313,#7314,#7315,#7316),(#7317,#7318,#7319,#7320,#7321,#7322,
#7323),(#7324,#7325,#7326,#7327,#7328,#7329,#7330),(#7331,#7332,#7333,#7334,
#7335,#7336,#7337),(#7338,#7339,#7340,#7341,#7342,#7343,#7344),(#7345,#7346,
#7347,#7348,#7349,#7350,#7351),(#7352,#7353,#7354,#7355,#7356,#7357,#7358),
(#7359,#7360,#7361,#7362,#7363,#7364,#7365),(#7366,#7367,#7368,#7369,#7370,
#7371,#7372),(#7373,#7374,#7375,#7376,#7377,#7378,#7379),(#7380,#7381,#7382,
#7383,#7384,#7385,#7386),(#7387,#7388,#7389,#7390,#7391,#7392,#7393),(#7394,
#7395,#7396,#7397,#7398,#7399,#7400),(#7401,#7402,#7403,#7404,#7405,#7406,
#7407)),.UNSPECIFIED.,.T.,.F.,.F.,(1,3,2,2,2,2,2,2,2,2,2,2,2,2,2,2,2,2,
2,2,2,2,2,2,2,2,2,2,2,2,2,2,2,3,1),(4,3,4),(-0.03125,0.,0.03125,0.0625,
0.09375,0.125,0.15625,0.1875,0.21875,0.25,0.28125,0.3125,0.34375,0.375,
0.40625,0.4375,0.46875,0.5,0.53125,0.5625,0.59375,0.625,0.65625,0.6875,
0.71875,0.75,0.78125,0.8125,0.84375,0.875,0.90625,0.9375,0.96875,1.,1.03125),
(0.,0.983096958801052,1.),.UNSPECIFIED.);
#903=B_SPLINE_SURFACE_WITH_KNOTS('',3,3,((#7414,#7415,#7416,#7417),(#7418,
#7419,#7420,#7421),(#7422,#7423,#7424,#7425),(#7426,#7427,#7428,#7429),
(#7430,#7431,#7432,#7433),(#7434,#7435,#7436,#7437),(#7438,#7439,#7440,
#7441),(#7442,#7443,#7444,#7445),(#7446,#7447,#7448,#7449),(#7450,#7451,
#7452,#7453),(#7454,#7455,#7456,#7457),(#7458,#7459,#7460,#7461),(#7462,
#7463,#7464,#7465),(#7466,#7467,#7468,#7469),(#7470,#7471,#7472,#7473),
(#7474,#7475,#7476,#7477),(#7478,#7479,#7480,#7481),(#7482,#7483,#7484,
#7485),(#7486,#7487,#7488,#7489),(#7490,#7491,#7492,#7493),(#7494,#7495,
#7496,#7497),(#7498,#7499,#7500,#7501),(#7502,#7503,#7504,#7505),(#7506,
#7507,#7508,#7509),(#7510,#7511,#7512,#7513),(#7514,#7515,#7516,#7517),
(#7518,#7519,#7520,#7521),(#7522,#7523,#7524,#7525),(#7526,#7527,#7528,
#7529),(#7530,#7531,#7532,#7533),(#7534,#7535,#7536,#7537),(#7538,#7539,
#7540,#7541),(#7542,#7543,#7544,#7545),(#7546,#7547,#7548,#7549),(#7550,
#7551,#7552,#7553),(#7554,#7555,#7556,#7557),(#7558,#7559,#7560,#7561),
(#7562,#7563,#7564,#7565),(#7566,#7567,#7568,#7569),(#7570,#7571,#7572,
#7573),(#7574,#7575,#7576,#7577),(#7578,#7579,#7580,#7581),(#7582,#7583,
#7584,#7585),(#7586,#7587,#7588,#7589),(#7590,#7591,#7592,#7593),(#7594,
#7595,#7596,#7597),(#7598,#7599,#7600,#7601),(#7602,#7603,#7604,#7605),
(#7606,#7607,#7608,#7609),(#7610,#7611,#7612,#7613),(#7614,#7615,#7616,
#7617),(#7618,#7619,#7620,#7621),(#7622,#7623,#7624,#7625),(#7626,#7627,
#7628,#7629),(#7630,#7631,#7632,#7633),(#7634,#7635,#7636,#7637),(#7638,
#7639,#7640,#7641),(#7642,#7643,#7644,#7645),(#7646,#7647,#7648,#7649),
(#7650,#7651,#7652,#7653),(#7654,#7655,#7656,#7657),(#7658,#7659,#7660,
#7661),(#7662,#7663,#7664,#7665),(#7666,#7667,#7668,#7669),(#7670,#7671,
#7672,#7673),(#7674,#7675,#7676,#7677),(#7678,#7679,#7680,#7681),(#7682,
#7683,#7684,#7685),(#7686,#7687,#7688,#7689),(#7690,#7691,#7692,#7693),
(#7694,#7695,#7696,#7697)),.UNSPECIFIED.,.F.,.F.,.F.,(4,2,2,2,2,2,2,2,2,
2,2,2,2,2,2,2,2,2,2,2,2,2,2,2,2,2,2,2,2,2,2,2,2,3,4),(4,4),(0.,0.00592885375397407,
0.0394661653342264,0.0730034769144817,0.106540788494735,0.140078100074988,
0.173615411655242,0.207152723235495,0.240690034815749,0.274227346396003,
0.302448928096443,0.330670509796881,0.358892091497321,0.387113673197759,
0.415335254898199,0.443556836598638,0.471778418299078,0.499999999999517,
0.528221581699956,0.556443163400396,0.584664745100834,0.612886326801274,
0.641107908501712,0.669329490202152,0.697551071902591,0.72577265360303,
0.759309965183284,0.792847276763538,0.826384588343792,0.859921899924044,
0.893459211504298,0.926996523084552,0.960533834664805,0.994071146245059,
1.),(0.,1.),.UNSPECIFIED.);
#904=B_SPLINE_SURFACE_WITH_KNOTS('',3,3,((#7778,#7779,#7780,#7781),(#7782,
#7783,#7784,#7785),(#7786,#7787,#7788,#7789),(#7790,#7791,#7792,#7793)),
 .UNSPECIFIED.,.F.,.F.,.F.,(4,4),(4,4),(0.,1.),(0.,1.),.UNSPECIFIED.);
#905=B_SPLINE_SURFACE_WITH_KNOTS('',3,3,((#7962,#7963,#7964,#7965),(#7966,
#7967,#7968,#7969),(#7970,#7971,#7972,#7973),(#7974,#7975,#7976,#7977)),
 .UNSPECIFIED.,.F.,.F.,.F.,(4,4),(4,4),(0.,1.),(0.,1.),.UNSPECIFIED.);
#906=B_SPLINE_SURFACE_WITH_KNOTS('',3,3,((#7993,#7994,#7995,#7996),(#7997,
#7998,#7999,#8000),(#8001,#8002,#8003,#8004),(#8005,#8006,#8007,#8008)),
 .UNSPECIFIED.,.F.,.F.,.F.,(4,4),(4,4),(0.,1.),(0.,1.),.UNSPECIFIED.);
#907=B_SPLINE_SURFACE_WITH_KNOTS('',3,3,((#8245,#8246,#8247,#8248,#8249,
#8250,#8251,#8252,#8253,#8254,#8255,#8256,#8257),(#8258,#8259,#8260,#8261,
#8262,#8263,#8264,#8265,#8266,#8267,#8268,#8269,#8270),(#8271,#8272,#8273,
#8274,#8275,#8276,#8277,#8278,#8279,#8280,#8281,#8282,#8283),(#8284,#8285,
#8286,#8287,#8288,#8289,#8290,#8291,#8292,#8293,#8294,#8295,#8296)),
 .UNSPECIFIED.,.F.,.F.,.F.,(4,4),(4,3,3,3,4),(0.,1.),(0.,0.249999876256151,
0.499999752512302,0.749999628768454,1.),.UNSPECIFIED.);
#908=B_SPLINE_SURFACE_WITH_KNOTS('',3,3,((#8413,#8414,#8415,#8416,#8417,
#8418,#8419,#8420,#8421,#8422,#8423,#8424,#8425),(#8426,#8427,#8428,#8429,
#8430,#8431,#8432,#8433,#8434,#8435,#8436,#8437,#8438),(#8439,#8440,#8441,
#8442,#8443,#8444,#8445,#8446,#8447,#8448,#8449,#8450,#8451),(#8452,#8453,
#8454,#8455,#8456,#8457,#8458,#8459,#8460,#8461,#8462,#8463,#8464)),
 .UNSPECIFIED.,.F.,.F.,.F.,(4,4),(4,3,3,3,4),(0.,1.),(0.,0.250000371232704,
0.500000247488469,0.750000123744235,1.),.UNSPECIFIED.);
#909=B_SPLINE_SURFACE_WITH_KNOTS('',3,3,((#8619,#8620,#8621,#8622,#8623,
#8624,#8625,#8626,#8627,#8628,#8629,#8630,#8631),(#8632,#8633,#8634,#8635,
#8636,#8637,#8638,#8639,#8640,#8641,#8642,#8643,#8644),(#8645,#8646,#8647,
#8648,#8649,#8650,#8651,#8652,#8653,#8654,#8655,#8656,#8657),(#8658,#8659,
#8660,#8661,#8662,#8663,#8664,#8665,#8666,#8667,#8668,#8669,#8670)),
 .UNSPECIFIED.,.F.,.F.,.F.,(4,4),(4,3,3,3,4),(0.,1.),(0.,0.250000371232704,
0.500000247488469,0.750000123744235,1.),.UNSPECIFIED.);
#910=B_SPLINE_SURFACE_WITH_KNOTS('',3,3,((#8892,#8893,#8894,#8895),(#8896,
#8897,#8898,#8899),(#8900,#8901,#8902,#8903),(#8904,#8905,#8906,#8907)),
 .UNSPECIFIED.,.F.,.F.,.F.,(4,4),(4,4),(0.,1.),(0.,1.),.UNSPECIFIED.);
#911=B_SPLINE_SURFACE_WITH_KNOTS('',3,3,((#8927,#8928,#8929,#8930),(#8931,
#8932,#8933,#8934),(#8935,#8936,#8937,#8938),(#8939,#8940,#8941,#8942)),
 .UNSPECIFIED.,.F.,.F.,.F.,(4,4),(4,4),(0.,1.),(0.,1.),.UNSPECIFIED.);
#912=B_SPLINE_SURFACE_WITH_KNOTS('',3,3,((#8983,#8984,#8985,#8986),(#8987,
#8988,#8989,#8990),(#8991,#8992,#8993,#8994),(#8995,#8996,#8997,#8998)),
 .UNSPECIFIED.,.F.,.F.,.F.,(4,4),(4,4),(0.,1.),(0.,1.),.UNSPECIFIED.);
#913=B_SPLINE_SURFACE_WITH_KNOTS('',3,3,((#9079,#9080,#9081,#9082),(#9083,
#9084,#9085,#9086),(#9087,#9088,#9089,#9090),(#9091,#9092,#9093,#9094)),
 .UNSPECIFIED.,.F.,.F.,.F.,(4,4),(4,4),(0.,1.),(0.,1.),.UNSPECIFIED.);
#914=B_SPLINE_SURFACE_WITH_KNOTS('',3,3,((#9283,#9284,#9285,#9286),(#9287,
#9288,#9289,#9290),(#9291,#9292,#9293,#9294),(#9295,#9296,#9297,#9298),
(#9299,#9300,#9301,#9302),(#9303,#9304,#9305,#9306),(#9307,#9308,#9309,
#9310),(#9311,#9312,#9313,#9314),(#9315,#9316,#9317,#9318),(#9319,#9320,
#9321,#9322),(#9323,#9324,#9325,#9326),(#9327,#9328,#9329,#9330),(#9331,
#9332,#9333,#9334),(#9335,#9336,#9337,#9338),(#9339,#9340,#9341,#9342),
(#9343,#9344,#9345,#9346),(#9347,#9348,#9349,#9350),(#9351,#9352,#9353,
#9354),(#9355,#9356,#9357,#9358),(#9359,#9360,#9361,#9362),(#9363,#9364,
#9365,#9366),(#9367,#9368,#9369,#9370),(#9371,#9372,#9373,#9374),(#9375,
#9376,#9377,#9378),(#9379,#9380,#9381,#9382),(#9383,#9384,#9385,#9386),
(#9387,#9388,#9389,#9390),(#9391,#9392,#9393,#9394),(#9395,#9396,#9397,
#9398),(#9399,#9400,#9401,#9402),(#9403,#9404,#9405,#9406),(#9407,#9408,
#9409,#9410),(#9411,#9412,#9413,#9414),(#9415,#9416,#9417,#9418),(#9419,
#9420,#9421,#9422),(#9423,#9424,#9425,#9426),(#9427,#9428,#9429,#9430),
(#9431,#9432,#9433,#9434),(#9435,#9436,#9437,#9438),(#9439,#9440,#9441,
#9442),(#9443,#9444,#9445,#9446),(#9447,#9448,#9449,#9450),(#9451,#9452,
#9453,#9454),(#9455,#9456,#9457,#9458),(#9459,#9460,#9461,#9462),(#9463,
#9464,#9465,#9466),(#9467,#9468,#9469,#9470),(#9471,#9472,#9473,#9474),
(#9475,#9476,#9477,#9478),(#9479,#9480,#9481,#9482),(#9483,#9484,#9485,
#9486),(#9487,#9488,#9489,#9490),(#9491,#9492,#9493,#9494),(#9495,#9496,
#9497,#9498),(#9499,#9500,#9501,#9502),(#9503,#9504,#9505,#9506),(#9507,
#9508,#9509,#9510),(#9511,#9512,#9513,#9514),(#9515,#9516,#9517,#9518),
(#9519,#9520,#9521,#9522),(#9523,#9524,#9525,#9526),(#9527,#9528,#9529,
#9530),(#9531,#9532,#9533,#9534),(#9535,#9536,#9537,#9538),(#9539,#9540,
#9541,#9542),(#9543,#9544,#9545,#9546),(#9547,#9548,#9549,#9550),(#9551,
#9552,#9553,#9554),(#9555,#9556,#9557,#9558),(#9559,#9560,#9561,#9562),
(#9563,#9564,#9565,#9566),(#9567,#9568,#9569,#9570),(#9571,#9572,#9573,
#9574),(#9575,#9576,#9577,#9578),(#9579,#9580,#9581,#9582),(#9583,#9584,
#9585,#9586),(#9587,#9588,#9589,#9590),(#9591,#9592,#9593,#9594)),
 .UNSPECIFIED.,.T.,.F.,.F.,(1,3,2,2,2,2,2,2,2,2,2,2,2,2,2,2,2,2,2,2,2,2,
2,2,2,2,2,2,2,2,2,2,2,2,2,2,2,2,2,3,1),(4,4),(-0.03125,0.,0.03125,0.0625,
0.09375,0.125,0.15625,0.1875,0.21875,0.25,0.28125,0.3125,0.34375,0.375,
0.40625,0.421875,0.4375,0.453125,0.46875,0.484375,0.5,0.515625,0.53125,
0.546875,0.5625,0.578125,0.59375,0.625,0.65625,0.6875,0.71875,0.75,0.78125,
0.8125,0.84375,0.875,0.90625,0.9375,0.96875,1.,1.03125),(0.,1.),
 .UNSPECIFIED.);
#915=CONICAL_SURFACE('',#5188,0.07,5.);
#916=CONICAL_SURFACE('',#5258,0.0700000000000001,25.);
#917=CONICAL_SURFACE('',#5266,0.15141,25.);
#918=CONICAL_SURFACE('',#5267,0.175,12.3936724036546);
#919=CONICAL_SURFACE('',#5277,0.0699999999999998,80.4900000000002);
#920=CONICAL_SURFACE('',#5278,0.0699999999999998,80.4900000000002);
#921=CONICAL_SURFACE('',#5279,0.0699999999999998,80.4900000000002);
#922=CONICAL_SURFACE('',#5280,0.175,12.3936724036546);
#923=CONICAL_SURFACE('',#5281,0.175,12.3936724036546);
#924=CONICAL_SURFACE('',#5318,0.0700000000000002,17.8142570928251);
#925=CONICAL_SURFACE('',#5321,0.0749999999999976,3.7036720558309);
#926=CONICAL_SURFACE('',#5374,0.075,21.8014094863518);
#927=CONICAL_SURFACE('',#5487,0.112842655041826,8.58561677997489);
#928=CONICAL_SURFACE('',#5490,0.05,4.08561677997488);
#929=CONICAL_SURFACE('',#5497,0.075,3.86546116985175);
#930=CONICAL_SURFACE('',#5536,0.177834620444898,45.6233649548857);
#931=CONICAL_SURFACE('',#5538,0.173694030590332,44.3766350436245);
#932=CONICAL_SURFACE('',#5540,0.178859410145377,56.5558264494561);
#933=CONICAL_SURFACE('',#5544,0.177832063258012,45.710325732243);
#934=CONICAL_SURFACE('',#5546,0.173688569593445,44.3468669981685);
#935=CONICAL_SURFACE('',#5547,0.178856506335404,56.6427872270975);
#936=CONICAL_SURFACE('',#5551,0.177834620444895,45.6233649548849);
#937=CONICAL_SURFACE('',#5553,0.17369403059033,44.3766350436269);
#938=CONICAL_SURFACE('',#5555,0.178859410145375,56.5558264494549);
#939=CONICAL_SURFACE('',#5559,0.17783206325801,45.7103257322415);
#940=CONICAL_SURFACE('',#5561,0.173688569593444,44.3468669981693);
#941=CONICAL_SURFACE('',#5562,0.178856506335402,56.6427872270959);
#942=CONICAL_SURFACE('',#5563,0.075,9.46232220802571);
#943=FACE_OUTER_BOUND('',#2434,.T.);
#944=FACE_OUTER_BOUND('',#2435,.T.);
#945=FACE_OUTER_BOUND('',#2436,.T.);
#946=FACE_OUTER_BOUND('',#2437,.T.);
#947=FACE_OUTER_BOUND('',#2438,.T.);
#948=FACE_OUTER_BOUND('',#2449,.T.);
#949=FACE_OUTER_BOUND('',#2450,.T.);
#950=FACE_OUTER_BOUND('',#2458,.T.);
#951=FACE_OUTER_BOUND('',#2461,.T.);
#952=FACE_OUTER_BOUND('',#2462,.T.);
#953=FACE_OUTER_BOUND('',#2463,.T.);
#954=FACE_OUTER_BOUND('',#2464,.T.);
#955=FACE_OUTER_BOUND('',#2465,.T.);
#956=FACE_OUTER_BOUND('',#2466,.T.);
#957=FACE_OUTER_BOUND('',#2467,.T.);
#958=FACE_OUTER_BOUND('',#2468,.T.);
#959=FACE_OUTER_BOUND('',#2469,.T.);
#960=FACE_OUTER_BOUND('',#2470,.T.);
#961=FACE_OUTER_BOUND('',#2471,.T.);
#962=FACE_OUTER_BOUND('',#2472,.T.);
#963=FACE_OUTER_BOUND('',#2473,.T.);
#964=FACE_OUTER_BOUND('',#2474,.T.);
#965=FACE_OUTER_BOUND('',#2475,.T.);
#966=FACE_OUTER_BOUND('',#2476,.T.);
#967=FACE_OUTER_BOUND('',#2477,.T.);
#968=FACE_OUTER_BOUND('',#2478,.T.);
#969=FACE_OUTER_BOUND('',#2479,.T.);
#970=FACE_OUTER_BOUND('',#2480,.T.);
#971=FACE_OUTER_BOUND('',#2481,.T.);
#972=FACE_OUTER_BOUND('',#2482,.T.);
#973=FACE_OUTER_BOUND('',#2483,.T.);
#974=FACE_OUTER_BOUND('',#2484,.T.);
#975=FACE_OUTER_BOUND('',#2485,.T.);
#976=FACE_OUTER_BOUND('',#2486,.T.);
#977=FACE_OUTER_BOUND('',#2487,.T.);
#978=FACE_OUTER_BOUND('',#2488,.T.);
#979=FACE_OUTER_BOUND('',#2489,.T.);
#980=FACE_OUTER_BOUND('',#2490,.T.);
#981=FACE_OUTER_BOUND('',#2491,.T.);
#982=FACE_OUTER_BOUND('',#2492,.T.);
#983=FACE_OUTER_BOUND('',#2493,.T.);
#984=FACE_OUTER_BOUND('',#2494,.T.);
#985=FACE_OUTER_BOUND('',#2495,.T.);
#986=FACE_OUTER_BOUND('',#2496,.T.);
#987=FACE_OUTER_BOUND('',#2497,.T.);
#988=FACE_OUTER_BOUND('',#2498,.T.);
#989=FACE_OUTER_BOUND('',#2499,.T.);
#990=FACE_OUTER_BOUND('',#2500,.T.);
#991=FACE_OUTER_BOUND('',#2501,.T.);
#992=FACE_OUTER_BOUND('',#2502,.T.);
#993=FACE_OUTER_BOUND('',#2503,.T.);
#994=FACE_OUTER_BOUND('',#2504,.T.);
#995=FACE_OUTER_BOUND('',#2505,.T.);
#996=FACE_OUTER_BOUND('',#2506,.T.);
#997=FACE_OUTER_BOUND('',#2507,.T.);
#998=FACE_OUTER_BOUND('',#2508,.T.);
#999=FACE_OUTER_BOUND('',#2509,.T.);
#1000=FACE_OUTER_BOUND('',#2510,.T.);
#1001=FACE_OUTER_BOUND('',#2511,.T.);
#1002=FACE_OUTER_BOUND('',#2512,.T.);
#1003=FACE_OUTER_BOUND('',#2513,.T.);
#1004=FACE_OUTER_BOUND('',#2514,.T.);
#1005=FACE_OUTER_BOUND('',#2515,.T.);
#1006=FACE_OUTER_BOUND('',#2516,.T.);
#1007=FACE_OUTER_BOUND('',#2517,.T.);
#1008=FACE_OUTER_BOUND('',#2518,.T.);
#1009=FACE_OUTER_BOUND('',#2519,.T.);
#1010=FACE_OUTER_BOUND('',#2520,.T.);
#1011=FACE_OUTER_BOUND('',#2521,.T.);
#1012=FACE_OUTER_BOUND('',#2522,.T.);
#1013=FACE_OUTER_BOUND('',#2523,.T.);
#1014=FACE_OUTER_BOUND('',#2524,.T.);
#1015=FACE_OUTER_BOUND('',#2525,.T.);
#1016=FACE_OUTER_BOUND('',#2526,.T.);
#1017=FACE_OUTER_BOUND('',#2527,.T.);
#1018=FACE_OUTER_BOUND('',#2528,.T.);
#1019=FACE_OUTER_BOUND('',#2529,.T.);
#1020=FACE_OUTER_BOUND('',#2530,.T.);
#1021=FACE_OUTER_BOUND('',#2531,.T.);
#1022=FACE_OUTER_BOUND('',#2532,.T.);
#1023=FACE_OUTER_BOUND('',#2533,.T.);
#1024=FACE_OUTER_BOUND('',#2534,.T.);
#1025=FACE_OUTER_BOUND('',#2535,.T.);
#1026=FACE_OUTER_BOUND('',#2544,.T.);
#1027=FACE_OUTER_BOUND('',#2547,.T.);
#1028=FACE_OUTER_BOUND('',#2548,.T.);
#1029=FACE_OUTER_BOUND('',#2549,.T.);
#1030=FACE_OUTER_BOUND('',#2550,.T.);
#1031=FACE_OUTER_BOUND('',#2551,.T.);
#1032=FACE_OUTER_BOUND('',#2552,.T.);
#1033=FACE_OUTER_BOUND('',#2553,.T.);
#1034=FACE_OUTER_BOUND('',#2554,.T.);
#1035=FACE_OUTER_BOUND('',#2555,.T.);
#1036=FACE_OUTER_BOUND('',#2556,.T.);
#1037=FACE_OUTER_BOUND('',#2557,.T.);
#1038=FACE_OUTER_BOUND('',#2558,.T.);
#1039=FACE_OUTER_BOUND('',#2559,.T.);
#1040=FACE_OUTER_BOUND('',#2560,.T.);
#1041=FACE_OUTER_BOUND('',#2595,.T.);
#1042=FACE_OUTER_BOUND('',#2596,.T.);
#1043=FACE_OUTER_BOUND('',#2597,.T.);
#1044=FACE_OUTER_BOUND('',#2606,.T.);
#1045=FACE_OUTER_BOUND('',#2607,.T.);
#1046=FACE_OUTER_BOUND('',#2608,.T.);
#1047=FACE_OUTER_BOUND('',#2609,.T.);
#1048=FACE_OUTER_BOUND('',#2610,.T.);
#1049=FACE_OUTER_BOUND('',#2611,.T.);
#1050=FACE_OUTER_BOUND('',#2612,.T.);
#1051=FACE_OUTER_BOUND('',#2613,.T.);
#1052=FACE_OUTER_BOUND('',#2614,.T.);
#1053=FACE_OUTER_BOUND('',#2615,.T.);
#1054=FACE_OUTER_BOUND('',#2616,.T.);
#1055=FACE_OUTER_BOUND('',#2617,.T.);
#1056=FACE_OUTER_BOUND('',#2618,.T.);
#1057=FACE_OUTER_BOUND('',#2619,.T.);
#1058=FACE_OUTER_BOUND('',#2620,.T.);
#1059=FACE_OUTER_BOUND('',#2621,.T.);
#1060=FACE_OUTER_BOUND('',#2622,.T.);
#1061=FACE_OUTER_BOUND('',#2623,.T.);
#1062=FACE_OUTER_BOUND('',#2624,.T.);
#1063=FACE_OUTER_BOUND('',#2627,.T.);
#1064=FACE_OUTER_BOUND('',#2628,.T.);
#1065=FACE_OUTER_BOUND('',#2629,.T.);
#1066=FACE_OUTER_BOUND('',#2630,.T.);
#1067=FACE_OUTER_BOUND('',#2631,.T.);
#1068=FACE_OUTER_BOUND('',#2632,.T.);
#1069=FACE_OUTER_BOUND('',#2633,.T.);
#1070=FACE_OUTER_BOUND('',#2654,.T.);
#1071=FACE_OUTER_BOUND('',#2655,.T.);
#1072=FACE_OUTER_BOUND('',#2656,.T.);
#1073=FACE_OUTER_BOUND('',#2657,.T.);
#1074=FACE_OUTER_BOUND('',#2658,.T.);
#1075=FACE_OUTER_BOUND('',#2659,.T.);
#1076=FACE_OUTER_BOUND('',#2660,.T.);
#1077=FACE_OUTER_BOUND('',#2661,.T.);
#1078=FACE_OUTER_BOUND('',#2662,.T.);
#1079=FACE_OUTER_BOUND('',#2663,.T.);
#1080=FACE_OUTER_BOUND('',#2664,.T.);
#1081=FACE_OUTER_BOUND('',#2665,.T.);
#1082=FACE_OUTER_BOUND('',#2666,.T.);
#1083=FACE_OUTER_BOUND('',#2667,.T.);
#1084=FACE_OUTER_BOUND('',#2668,.T.);
#1085=FACE_OUTER_BOUND('',#2669,.T.);
#1086=FACE_OUTER_BOUND('',#2670,.T.);
#1087=FACE_OUTER_BOUND('',#2671,.T.);
#1088=FACE_OUTER_BOUND('',#2672,.T.);
#1089=FACE_OUTER_BOUND('',#2673,.T.);
#1090=FACE_OUTER_BOUND('',#2674,.T.);
#1091=FACE_OUTER_BOUND('',#2675,.T.);
#1092=FACE_OUTER_BOUND('',#2676,.T.);
#1093=FACE_OUTER_BOUND('',#2677,.T.);
#1094=FACE_OUTER_BOUND('',#2678,.T.);
#1095=FACE_OUTER_BOUND('',#2679,.T.);
#1096=FACE_OUTER_BOUND('',#2680,.T.);
#1097=FACE_OUTER_BOUND('',#2681,.T.);
#1098=FACE_OUTER_BOUND('',#2682,.T.);
#1099=FACE_OUTER_BOUND('',#2683,.T.);
#1100=FACE_OUTER_BOUND('',#2684,.T.);
#1101=FACE_OUTER_BOUND('',#2685,.T.);
#1102=FACE_OUTER_BOUND('',#2686,.T.);
#1103=FACE_OUTER_BOUND('',#2687,.T.);
#1104=FACE_OUTER_BOUND('',#2697,.T.);
#1105=FACE_OUTER_BOUND('',#2698,.T.);
#1106=FACE_OUTER_BOUND('',#2699,.T.);
#1107=FACE_OUTER_BOUND('',#2700,.T.);
#1108=FACE_OUTER_BOUND('',#2703,.T.);
#1109=FACE_OUTER_BOUND('',#2704,.T.);
#1110=FACE_OUTER_BOUND('',#2705,.T.);
#1111=FACE_OUTER_BOUND('',#2706,.T.);
#1112=FACE_OUTER_BOUND('',#2707,.T.);
#1113=FACE_OUTER_BOUND('',#2708,.T.);
#1114=FACE_OUTER_BOUND('',#2711,.T.);
#1115=FACE_OUTER_BOUND('',#2712,.T.);
#1116=FACE_OUTER_BOUND('',#2713,.T.);
#1117=FACE_OUTER_BOUND('',#2714,.T.);
#1118=FACE_OUTER_BOUND('',#2715,.T.);
#1119=FACE_OUTER_BOUND('',#2716,.T.);
#1120=FACE_OUTER_BOUND('',#2717,.T.);
#1121=FACE_OUTER_BOUND('',#2718,.T.);
#1122=FACE_OUTER_BOUND('',#2719,.T.);
#1123=FACE_OUTER_BOUND('',#2720,.T.);
#1124=FACE_OUTER_BOUND('',#2721,.T.);
#1125=FACE_OUTER_BOUND('',#2722,.T.);
#1126=FACE_OUTER_BOUND('',#2723,.T.);
#1127=FACE_OUTER_BOUND('',#2724,.T.);
#1128=FACE_OUTER_BOUND('',#2731,.T.);
#1129=FACE_OUTER_BOUND('',#2732,.T.);
#1130=FACE_OUTER_BOUND('',#2733,.T.);
#1131=FACE_OUTER_BOUND('',#2734,.T.);
#1132=FACE_OUTER_BOUND('',#2737,.T.);
#1133=FACE_OUTER_BOUND('',#2738,.T.);
#1134=FACE_OUTER_BOUND('',#2739,.T.);
#1135=FACE_OUTER_BOUND('',#2740,.T.);
#1136=FACE_OUTER_BOUND('',#2741,.T.);
#1137=FACE_OUTER_BOUND('',#2742,.T.);
#1138=FACE_OUTER_BOUND('',#2747,.T.);
#1139=FACE_OUTER_BOUND('',#2748,.T.);
#1140=FACE_OUTER_BOUND('',#2761,.T.);
#1141=PLANE('',#5154);
#1142=PLANE('',#5157);
#1143=PLANE('',#5158);
#1144=PLANE('',#5163);
#1145=PLANE('',#5179);
#1146=PLANE('',#5180);
#1147=PLANE('',#5181);
#1148=PLANE('',#5195);
#1149=PLANE('',#5212);
#1150=PLANE('',#5260);
#1151=PLANE('',#5262);
#1152=PLANE('',#5270);
#1153=PLANE('',#5271);
#1154=PLANE('',#5272);
#1155=PLANE('',#5273);
#1156=PLANE('',#5274);
#1157=PLANE('',#5275);
#1158=PLANE('',#5276);
#1159=PLANE('',#5282);
#1160=PLANE('',#5283);
#1161=PLANE('',#5285);
#1162=PLANE('',#5288);
#1163=PLANE('',#5290);
#1164=PLANE('',#5293);
#1165=PLANE('',#5298);
#1166=PLANE('',#5300);
#1167=PLANE('',#5305);
#1168=PLANE('',#5307);
#1169=PLANE('',#5314);
#1170=PLANE('',#5320);
#1171=PLANE('',#5334);
#1172=PLANE('',#5338);
#1173=PLANE('',#5339);
#1174=PLANE('',#5340);
#1175=PLANE('',#5341);
#1176=PLANE('',#5342);
#1177=PLANE('',#5343);
#1178=PLANE('',#5344);
#1179=PLANE('',#5345);
#1180=PLANE('',#5346);
#1181=PLANE('',#5347);
#1182=PLANE('',#5348);
#1183=PLANE('',#5349);
#1184=PLANE('',#5354);
#1185=PLANE('',#5359);
#1186=PLANE('',#5364);
#1187=PLANE('',#5365);
#1188=PLANE('',#5367);
#1189=PLANE('',#5369);
#1190=PLANE('',#5377);
#1191=PLANE('',#5380);
#1192=PLANE('',#5386);
#1193=PLANE('',#5396);
#1194=PLANE('',#5397);
#1195=PLANE('',#5398);
#1196=PLANE('',#5401);
#1197=PLANE('',#5404);
#1198=PLANE('',#5406);
#1199=PLANE('',#5408);
#1200=PLANE('',#5409);
#1201=PLANE('',#5412);
#1202=PLANE('',#5418);
#1203=PLANE('',#5419);
#1204=PLANE('',#5425);
#1205=PLANE('',#5430);
#1206=PLANE('',#5431);
#1207=PLANE('',#5432);
#1208=PLANE('',#5433);
#1209=PLANE('',#5434);
#1210=PLANE('',#5437);
#1211=PLANE('',#5443);
#1212=PLANE('',#5446);
#1213=PLANE('',#5449);
#1214=PLANE('',#5450);
#1215=PLANE('',#5451);
#1216=PLANE('',#5452);
#1217=PLANE('',#5453);
#1218=PLANE('',#5456);
#1219=PLANE('',#5467);
#1220=PLANE('',#5471);
#1221=PLANE('',#5474);
#1222=PLANE('',#5475);
#1223=PLANE('',#5489);
#1224=PLANE('',#5498);
#1225=PLANE('',#5502);
#1226=PLANE('',#5503);
#1227=PLANE('',#5504);
#1228=PLANE('',#5513);
#1229=PLANE('',#5517);
#1230=PLANE('',#5520);
#1231=PLANE('',#5525);
#1232=PLANE('',#5532);
#1233=LINE('',#6656,#1440);
#1234=LINE('',#6657,#1441);
#1235=LINE('',#6661,#1442);
#1236=LINE('',#6665,#1443);
#1237=LINE('',#6674,#1444);
#1238=LINE('',#6689,#1445);
#1239=LINE('',#6698,#1446);
#1240=LINE('',#6707,#1447);
#1241=LINE('',#6710,#1448);
#1242=LINE('',#6712,#1449);
#1243=LINE('',#6713,#1450);
#1244=LINE('',#6721,#1451);
#1245=LINE('',#6723,#1452);
#1246=LINE('',#6724,#1453);
#1247=LINE('',#6726,#1454);
#1248=LINE('',#6751,#1455);
#1249=LINE('',#6752,#1456);
#1250=LINE('',#6756,#1457);
#1251=LINE('',#6798,#1458);
#1252=LINE('',#6799,#1459);
#1253=LINE('',#7800,#1460);
#1254=LINE('',#7850,#1461);
#1255=LINE('',#7888,#1462);
#1256=LINE('',#7951,#1463);
#1257=LINE('',#8015,#1464);
#1258=LINE('',#8085,#1465);
#1259=LINE('',#8188,#1466);
#1260=LINE('',#8301,#1467);
#1261=LINE('',#8360,#1468);
#1262=LINE('',#8465,#1469);
#1263=LINE('',#8594,#1470);
#1264=LINE('',#8708,#1471);
#1265=LINE('',#8834,#1472);
#1266=LINE('',#8835,#1473);
#1267=LINE('',#8947,#1474);
#1268=LINE('',#9004,#1475);
#1269=LINE('',#9095,#1476);
#1270=LINE('',#9128,#1477);
#1271=LINE('',#9130,#1478);
#1272=LINE('',#9183,#1479);
#1273=LINE('',#9184,#1480);
#1274=LINE('',#9186,#1481);
#1275=LINE('',#9187,#1482);
#1276=LINE('',#9189,#1483);
#1277=LINE('',#9190,#1484);
#1278=LINE('',#9192,#1485);
#1279=LINE('',#9193,#1486);
#1280=LINE('',#9195,#1487);
#1281=LINE('',#9196,#1488);
#1282=LINE('',#9649,#1489);
#1283=LINE('',#9654,#1490);
#1284=LINE('',#9658,#1491);
#1285=LINE('',#9663,#1492);
#1286=LINE('',#9677,#1493);
#1287=LINE('',#9680,#1494);
#1288=LINE('',#9682,#1495);
#1289=LINE('',#9684,#1496);
#1290=LINE('',#9688,#1497);
#1291=LINE('',#9692,#1498);
#1292=LINE('',#9694,#1499);
#1293=LINE('',#9696,#1500);
#1294=LINE('',#9698,#1501);
#1295=LINE('',#9700,#1502);
#1296=LINE('',#9702,#1503);
#1297=LINE('',#9704,#1504);
#1298=LINE('',#9706,#1505);
#1299=LINE('',#9708,#1506);
#1300=LINE('',#9710,#1507);
#1301=LINE('',#9712,#1508);
#1302=LINE('',#9714,#1509);
#1303=LINE('',#9715,#1510);
#1304=LINE('',#9717,#1511);
#1305=LINE('',#9718,#1512);
#1306=LINE('',#9720,#1513);
#1307=LINE('',#9723,#1514);
#1308=LINE('',#9725,#1515);
#1309=LINE('',#9727,#1516);
#1310=LINE('',#9729,#1517);
#1311=LINE('',#9731,#1518);
#1312=LINE('',#9733,#1519);
#1313=LINE('',#9735,#1520);
#1314=LINE('',#9737,#1521);
#1315=LINE('',#9739,#1522);
#1316=LINE('',#9741,#1523);
#1317=LINE('',#9743,#1524);
#1318=LINE('',#9745,#1525);
#1319=LINE('',#9747,#1526);
#1320=LINE('',#9749,#1527);
#1321=LINE('',#9751,#1528);
#1322=LINE('',#9753,#1529);
#1323=LINE('',#9755,#1530);
#1324=LINE('',#9757,#1531);
#1325=LINE('',#9759,#1532);
#1326=LINE('',#9760,#1533);
#1327=LINE('',#9770,#1534);
#1328=LINE('',#9772,#1535);
#1329=LINE('',#9774,#1536);
#1330=LINE('',#9776,#1537);
#1331=LINE('',#9790,#1538);
#1332=LINE('',#9792,#1539);
#1333=LINE('',#9800,#1540);
#1334=LINE('',#9834,#1541);
#1335=LINE('',#9836,#1542);
#1336=LINE('',#9842,#1543);
#1337=LINE('',#9847,#1544);
#1338=LINE('',#9856,#1545);
#1339=LINE('',#9858,#1546);
#1340=LINE('',#9861,#1547);
#1341=LINE('',#9863,#1548);
#1342=LINE('',#9865,#1549);
#1343=LINE('',#9867,#1550);
#1344=LINE('',#9870,#1551);
#1345=LINE('',#9872,#1552);
#1346=LINE('',#9874,#1553);
#1347=LINE('',#9876,#1554);
#1348=LINE('',#9878,#1555);
#1349=LINE('',#9879,#1556);
#1350=LINE('',#9880,#1557);
#1351=LINE('',#9998,#1558);
#1352=LINE('',#10000,#1559);
#1353=LINE('',#10002,#1560);
#1354=LINE('',#10003,#1561);
#1355=LINE('',#10062,#1562);
#1356=LINE('',#10064,#1563);
#1357=LINE('',#10066,#1564);
#1358=LINE('',#10070,#1565);
#1359=LINE('',#10072,#1566);
#1360=LINE('',#10076,#1567);
#1361=LINE('',#10078,#1568);
#1362=LINE('',#10084,#1569);
#1363=LINE('',#10086,#1570);
#1364=LINE('',#10090,#1571);
#1365=LINE('',#10094,#1572);
#1366=LINE('',#10096,#1573);
#1367=LINE('',#10099,#1574);
#1368=LINE('',#10103,#1575);
#1369=LINE('',#10105,#1576);
#1370=LINE('',#10106,#1577);
#1371=LINE('',#10110,#1578);
#1372=LINE('',#10114,#1579);
#1373=LINE('',#10117,#1580);
#1374=LINE('',#10119,#1581);
#1375=LINE('',#10123,#1582);
#1376=LINE('',#10125,#1583);
#1377=LINE('',#10129,#1584);
#1378=LINE('',#10132,#1585);
#1379=LINE('',#10134,#1586);
#1380=LINE('',#10136,#1587);
#1381=LINE('',#10138,#1588);
#1382=LINE('',#10140,#1589);
#1383=LINE('',#10142,#1590);
#1384=LINE('',#10144,#1591);
#1385=LINE('',#10146,#1592);
#1386=LINE('',#10147,#1593);
#1387=LINE('',#10149,#1594);
#1388=LINE('',#10151,#1595);
#1389=LINE('',#10153,#1596);
#1390=LINE('',#10155,#1597);
#1391=LINE('',#10159,#1598);
#1392=LINE('',#10161,#1599);
#1393=LINE('',#10178,#1600);
#1394=LINE('',#10181,#1601);
#1395=LINE('',#10183,#1602);
#1396=LINE('',#10185,#1603);
#1397=LINE('',#10187,#1604);
#1398=LINE('',#10189,#1605);
#1399=LINE('',#10191,#1606);
#1400=LINE('',#10193,#1607);
#1401=LINE('',#10195,#1608);
#1402=LINE('',#10197,#1609);
#1403=LINE('',#10199,#1610);
#1404=LINE('',#10201,#1611);
#1405=LINE('',#10208,#1612);
#1406=LINE('',#10230,#1613);
#1407=LINE('',#10254,#1614);
#1408=LINE('',#10258,#1615);
#1409=LINE('',#10263,#1616);
#1410=LINE('',#10266,#1617);
#1411=LINE('',#10270,#1618);
#1412=LINE('',#10272,#1619);
#1413=LINE('',#10273,#1620);
#1414=LINE('',#10278,#1621);
#1415=LINE('',#10283,#1622);
#1416=LINE('',#10349,#1623);
#1417=LINE('',#10380,#1624);
#1418=LINE('',#10806,#1626);
#1419=LINE('',#10809,#1627);
#1420=LINE('',#10811,#1628);
#1421=LINE('',#10813,#1629);
#1422=LINE('',#10815,#1630);
#1423=LINE('',#10820,#1631);
#1424=LINE('',#10824,#1632);
#1425=LINE('',#10827,#1633);
#1426=LINE('',#10829,#1634);
#1427=LINE('',#10831,#1635);
#1428=LINE('',#10833,#1636);
#1429=LINE('',#10834,#1637);
#1430=LINE('',#10836,#1638);
#1431=LINE('',#10838,#1639);
#1432=LINE('',#10839,#1640);
#1433=LINE('',#10843,#1641);
#1434=LINE('',#10871,#1642);
#1435=LINE('',#10875,#1643);
#1436=LINE('',#10876,#1644);
#1437=LINE('',#10886,#1645);
#1438=LINE('',#10890,#1646);
#1439=LINE('',#10894,#1647);
#1440=VECTOR('',#5583,1.);
#1441=VECTOR('',#5584,1.);
#1442=VECTOR('',#5587,1.);
#1443=VECTOR('',#5590,1.);
#1444=VECTOR('',#5593,1.);
#1445=VECTOR('',#5598,1.);
#1446=VECTOR('',#5599,1.);
#1447=VECTOR('',#5602,1.);
#1448=VECTOR('',#5603,1.);
#1449=VECTOR('',#5604,1.);
#1450=VECTOR('',#5605,1.);
#1451=VECTOR('',#5608,1.);
#1452=VECTOR('',#5609,1.);
#1453=VECTOR('',#5610,1.);
#1454=VECTOR('',#5613,1.);
#1455=VECTOR('',#5618,1.);
#1456=VECTOR('',#5619,1.);
#1457=VECTOR('',#5624,1.);
#1458=VECTOR('',#5659,1.);
#1459=VECTOR('',#5660,1.);
#1460=VECTOR('',#5683,1.);
#1461=VECTOR('',#5698,1.);
#1462=VECTOR('',#5705,1.);
#1463=VECTOR('',#5716,1.);
#1464=VECTOR('',#5719,1.);
#1465=VECTOR('',#5734,1.);
#1466=VECTOR('',#5739,1.);
#1467=VECTOR('',#5750,1.);
#1468=VECTOR('',#5757,1.);
#1469=VECTOR('',#5764,1.);
#1470=VECTOR('',#5769,1.);
#1471=VECTOR('',#5776,1.);
#1472=VECTOR('',#5781,1.);
#1473=VECTOR('',#5782,1.);
#1474=VECTOR('',#5791,1.);
#1475=VECTOR('',#5794,1.);
#1476=VECTOR('',#5797,1.);
#1477=VECTOR('',#5804,1.);
#1478=VECTOR('',#5805,1.);
#1479=VECTOR('',#5810,1.);
#1480=VECTOR('',#5811,1.);
#1481=VECTOR('',#5814,1.);
#1482=VECTOR('',#5815,1.);
#1483=VECTOR('',#5818,1.);
#1484=VECTOR('',#5819,1.);
#1485=VECTOR('',#5822,1.);
#1486=VECTOR('',#5823,1.);
#1487=VECTOR('',#5826,1.);
#1488=VECTOR('',#5827,1.);
#1489=VECTOR('',#5978,1.);
#1490=VECTOR('',#5981,1.);
#1491=VECTOR('',#5986,1.);
#1492=VECTOR('',#5989,1.);
#1493=VECTOR('',#6002,1.);
#1494=VECTOR('',#6003,1.);
#1495=VECTOR('',#6004,1.);
#1496=VECTOR('',#6005,1.);
#1497=VECTOR('',#6010,1.);
#1498=VECTOR('',#6015,1.);
#1499=VECTOR('',#6016,1.);
#1500=VECTOR('',#6017,1.);
#1501=VECTOR('',#6018,1.);
#1502=VECTOR('',#6019,1.);
#1503=VECTOR('',#6022,1.);
#1504=VECTOR('',#6023,1.);
#1505=VECTOR('',#6024,1.);
#1506=VECTOR('',#6027,1.);
#1507=VECTOR('',#6028,1.);
#1508=VECTOR('',#6029,1.);
#1509=VECTOR('',#6032,1.);
#1510=VECTOR('',#6033,1.);
#1511=VECTOR('',#6036,1.);
#1512=VECTOR('',#6037,1.);
#1513=VECTOR('',#6040,1.);
#1514=VECTOR('',#6041,1.);
#1515=VECTOR('',#6042,1.);
#1516=VECTOR('',#6043,1.);
#1517=VECTOR('',#6046,1.);
#1518=VECTOR('',#6047,1.);
#1519=VECTOR('',#6048,1.);
#1520=VECTOR('',#6051,1.);
#1521=VECTOR('',#6052,1.);
#1522=VECTOR('',#6053,1.);
#1523=VECTOR('',#6056,1.);
#1524=VECTOR('',#6057,1.);
#1525=VECTOR('',#6058,1.);
#1526=VECTOR('',#6061,1.);
#1527=VECTOR('',#6062,1.);
#1528=VECTOR('',#6063,1.);
#1529=VECTOR('',#6066,1.);
#1530=VECTOR('',#6067,1.);
#1531=VECTOR('',#6068,1.);
#1532=VECTOR('',#6071,1.);
#1533=VECTOR('',#6072,1.);
#1534=VECTOR('',#6083,1.);
#1535=VECTOR('',#6084,1.);
#1536=VECTOR('',#6087,1.);
#1537=VECTOR('',#6088,1.);
#1538=VECTOR('',#6099,1.);
#1539=VECTOR('',#6102,1.);
#1540=VECTOR('',#6109,1.);
#1541=VECTOR('',#6154,1.);
#1542=VECTOR('',#6155,1.);
#1543=VECTOR('',#6162,1.);
#1544=VECTOR('',#6167,1.);
#1545=VECTOR('',#6176,1.);
#1546=VECTOR('',#6179,1.);
#1547=VECTOR('',#6180,1.);
#1548=VECTOR('',#6181,1.);
#1549=VECTOR('',#6182,1.);
#1550=VECTOR('',#6185,1.);
#1551=VECTOR('',#6186,1.);
#1552=VECTOR('',#6187,1.);
#1553=VECTOR('',#6188,1.);
#1554=VECTOR('',#6191,1.);
#1555=VECTOR('',#6192,1.);
#1556=VECTOR('',#6193,1.);
#1557=VECTOR('',#6194,1.);
#1558=VECTOR('',#6201,1.);
#1559=VECTOR('',#6202,1.);
#1560=VECTOR('',#6203,1.);
#1561=VECTOR('',#6204,1.);
#1562=VECTOR('',#6211,1.);
#1563=VECTOR('',#6212,1.);
#1564=VECTOR('',#6215,1.);
#1565=VECTOR('',#6220,1.);
#1566=VECTOR('',#6221,1.);
#1567=VECTOR('',#6226,1.);
#1568=VECTOR('',#6229,1.);
#1569=VECTOR('',#6234,1.);
#1570=VECTOR('',#6235,1.);
#1571=VECTOR('',#6240,1.);
#1572=VECTOR('',#6245,1.);
#1573=VECTOR('',#6248,1.);
#1574=VECTOR('',#6249,1.);
#1575=VECTOR('',#6254,1.);
#1576=VECTOR('',#6255,1.);
#1577=VECTOR('',#6256,1.);
#1578=VECTOR('',#6261,1.);
#1579=VECTOR('',#6266,1.);
#1580=VECTOR('',#6269,1.);
#1581=VECTOR('',#6270,1.);
#1582=VECTOR('',#6275,1.);
#1583=VECTOR('',#6278,1.);
#1584=VECTOR('',#6281,1.);
#1585=VECTOR('',#6286,1.);
#1586=VECTOR('',#6287,1.);
#1587=VECTOR('',#6288,1.);
#1588=VECTOR('',#6291,1.);
#1589=VECTOR('',#6292,1.);
#1590=VECTOR('',#6295,1.);
#1591=VECTOR('',#6296,1.);
#1592=VECTOR('',#6297,1.);
#1593=VECTOR('',#6298,1.);
#1594=VECTOR('',#6301,1.);
#1595=VECTOR('',#6302,1.);
#1596=VECTOR('',#6305,1.);
#1597=VECTOR('',#6306,1.);
#1598=VECTOR('',#6311,1.);
#1599=VECTOR('',#6314,1.);
#1600=VECTOR('',#6339,1.);
#1601=VECTOR('',#6340,1.);
#1602=VECTOR('',#6341,1.);
#1603=VECTOR('',#6342,1.);
#1604=VECTOR('',#6345,1.);
#1605=VECTOR('',#6346,1.);
#1606=VECTOR('',#6347,1.);
#1607=VECTOR('',#6350,1.);
#1608=VECTOR('',#6351,1.);
#1609=VECTOR('',#6354,1.);
#1610=VECTOR('',#6355,1.);
#1611=VECTOR('',#6358,1.);
#1612=VECTOR('',#6367,1.);
#1613=VECTOR('',#6370,1.);
#1614=VECTOR('',#6377,1.);
#1615=VECTOR('',#6380,1.);
#1616=VECTOR('',#6389,1.);
#1617=VECTOR('',#6390,1.);
#1618=VECTOR('',#6393,1.);
#1619=VECTOR('',#6396,1.);
#1620=VECTOR('',#6397,1.);
#1621=VECTOR('',#6406,1.);
#1622=VECTOR('',#6409,1.);
#1623=VECTOR('',#6412,1.);
#1624=VECTOR('',#6415,1.);
#1625=VECTOR('',#6422,1.);
#1626=VECTOR('',#6463,1.);
#1627=VECTOR('',#6464,1.);
#1628=VECTOR('',#6465,1.);
#1629=VECTOR('',#6466,1.);
#1630=VECTOR('',#6469,1.);
#1631=VECTOR('',#6472,1.);
#1632=VECTOR('',#6477,1.);
#1633=VECTOR('',#6478,1.);
#1634=VECTOR('',#6479,1.);
#1635=VECTOR('',#6480,1.);
#1636=VECTOR('',#6483,1.);
#1637=VECTOR('',#6484,1.);
#1638=VECTOR('',#6485,1.);
#1639=VECTOR('',#6488,1.);
#1640=VECTOR('',#6489,1.);
#1641=VECTOR('',#6494,1.);
#1642=VECTOR('',#6513,1.);
#1643=VECTOR('',#6518,1.);
#1644=VECTOR('',#6519,1.);
#1645=VECTOR('',#6532,1.);
#1646=VECTOR('',#6535,1.);
#1647=VECTOR('',#6538,1.);
#1648=ADVANCED_FACE('',(#2262,#2263),#1928,.F.);
#1649=ADVANCED_FACE('',(#2264,#2265),#1141,.T.);
#1650=ADVANCED_FACE('',(#943),#1929,.T.);
#1651=ADVANCED_FACE('',(#944),#1142,.T.);
#1652=ADVANCED_FACE('',(#945),#1143,.F.);
#1653=ADVANCED_FACE('',(#946),#1930,.T.);
#1654=ADVANCED_FACE('',(#947),#1144,.T.);
#1655=ADVANCED_FACE('',(#2266,#2267),#1931,.F.);
#1656=ADVANCED_FACE('',(#2268,#2269),#1932,.F.);
#1657=ADVANCED_FACE('',(#2270,#2271),#1933,.F.);
#1658=ADVANCED_FACE('',(#2272,#2273),#1934,.F.);
#1659=ADVANCED_FACE('',(#2274,#2275),#1935,.F.);
#1660=ADVANCED_FACE('',(#948),#1145,.T.);
#1661=ADVANCED_FACE('',(#949),#1146,.T.);
#1662=ADVANCED_FACE('',(#2276,#2277),#1147,.T.);
#1663=ADVANCED_FACE('',(#2278,#2279),#915,.T.);
#1664=ADVANCED_FACE('',(#2280,#2281,#2282),#902,.F.);
#1665=ADVANCED_FACE('',(#950),#903,.T.);
#1666=ADVANCED_FACE('',(#2283,#2284),#873,.F.);
#1667=ADVANCED_FACE('',(#951),#904,.T.);
#1668=ADVANCED_FACE('',(#952),#1936,.T.);
#1669=ADVANCED_FACE('',(#953),#1937,.T.);
#1670=ADVANCED_FACE('',(#954),#1148,.T.);
#1671=ADVANCED_FACE('',(#955),#874,.T.);
#1672=ADVANCED_FACE('',(#956),#1938,.T.);
#1673=ADVANCED_FACE('',(#957),#1939,.T.);
#1674=ADVANCED_FACE('',(#958),#1940,.F.);
#1675=ADVANCED_FACE('',(#959),#1941,.F.);
#1676=ADVANCED_FACE('',(#960),#1942,.T.);
#1677=ADVANCED_FACE('',(#961),#1943,.T.);
#1678=ADVANCED_FACE('',(#962),#875,.T.);
#1679=ADVANCED_FACE('',(#963),#876,.T.);
#1680=ADVANCED_FACE('',(#964),#1944,.T.);
#1681=ADVANCED_FACE('',(#965),#1945,.T.);
#1682=ADVANCED_FACE('',(#966),#905,.T.);
#1683=ADVANCED_FACE('',(#967),#906,.T.);
#1684=ADVANCED_FACE('',(#968),#1946,.T.);
#1685=ADVANCED_FACE('',(#969),#1947,.T.);
#1686=ADVANCED_FACE('',(#970),#877,.T.);
#1687=ADVANCED_FACE('',(#971),#1149,.T.);
#1688=ADVANCED_FACE('',(#972),#1948,.T.);
#1689=ADVANCED_FACE('',(#973),#1949,.T.);
#1690=ADVANCED_FACE('',(#974),#853,.T.);
#1691=ADVANCED_FACE('',(#975),#878,.F.);
#1692=ADVANCED_FACE('',(#976),#1950,.F.);
#1693=ADVANCED_FACE('',(#977),#1951,.F.);
#1694=ADVANCED_FACE('',(#978),#879,.F.);
#1695=ADVANCED_FACE('',(#979),#907,.T.);
#1696=ADVANCED_FACE('',(#980),#1952,.F.);
#1697=ADVANCED_FACE('',(#981),#880,.F.);
#1698=ADVANCED_FACE('',(#982),#881,.F.);
#1699=ADVANCED_FACE('',(#983),#1953,.F.);
#1700=ADVANCED_FACE('',(#984),#854,.T.);
#1701=ADVANCED_FACE('',(#985),#882,.F.);
#1702=ADVANCED_FACE('',(#986),#908,.T.);
#1703=ADVANCED_FACE('',(#987),#1954,.F.);
#1704=ADVANCED_FACE('',(#988),#883,.F.);
#1705=ADVANCED_FACE('',(#989),#855,.T.);
#1706=ADVANCED_FACE('',(#990),#1955,.F.);
#1707=ADVANCED_FACE('',(#991),#909,.T.);
#1708=ADVANCED_FACE('',(#992),#884,.F.);
#1709=ADVANCED_FACE('',(#993),#856,.T.);
#1710=ADVANCED_FACE('',(#994),#1956,.F.);
#1711=ADVANCED_FACE('',(#995),#857,.T.);
#1712=ADVANCED_FACE('',(#996),#858,.T.);
#1713=ADVANCED_FACE('',(#997),#1957,.F.);
#1714=ADVANCED_FACE('',(#998),#885,.T.);
#1715=ADVANCED_FACE('',(#999),#886,.T.);
#1716=ADVANCED_FACE('',(#1000),#1958,.F.);
#1717=ADVANCED_FACE('',(#1001),#910,.T.);
#1718=ADVANCED_FACE('',(#1002),#911,.T.);
#1719=ADVANCED_FACE('',(#1003),#1959,.F.);
#1720=ADVANCED_FACE('',(#1004),#859,.T.);
#1721=ADVANCED_FACE('',(#1005),#912,.T.);
#1722=ADVANCED_FACE('',(#1006),#1960,.F.);
#1723=ADVANCED_FACE('',(#1007),#860,.T.);
#1724=ADVANCED_FACE('',(#1008),#913,.T.);
#1725=ADVANCED_FACE('',(#1009),#1961,.F.);
#1726=ADVANCED_FACE('',(#1010),#887,.T.);
#1727=ADVANCED_FACE('',(#1011),#888,.T.);
#1728=ADVANCED_FACE('',(#1012),#1962,.F.);
#1729=ADVANCED_FACE('',(#1013),#861,.T.);
#1730=ADVANCED_FACE('',(#1014),#1963,.T.);
#1731=ADVANCED_FACE('',(#1015),#1964,.T.);
#1732=ADVANCED_FACE('',(#1016),#1965,.T.);
#1733=ADVANCED_FACE('',(#1017),#1966,.T.);
#1734=ADVANCED_FACE('',(#1018),#1967,.T.);
#1735=ADVANCED_FACE('',(#1019),#1968,.T.);
#1736=ADVANCED_FACE('',(#1020),#1969,.F.);
#1737=ADVANCED_FACE('',(#1021),#1970,.T.);
#1738=ADVANCED_FACE('',(#1022),#1971,.F.);
#1739=ADVANCED_FACE('',(#1023),#1972,.F.);
#1740=ADVANCED_FACE('',(#1024),#1973,.T.);
#1741=ADVANCED_FACE('',(#1025),#1974,.T.);
#1742=ADVANCED_FACE('',(#2285,#2286),#916,.T.);
#1743=ADVANCED_FACE('',(#2287,#2288),#1150,.F.);
#1744=ADVANCED_FACE('',(#2289,#2290),#1151,.F.);
#1745=ADVANCED_FACE('',(#2291,#2292),#917,.F.);
#1746=ADVANCED_FACE('',(#1026),#918,.F.);
#1747=ADVANCED_FACE('',(#2293,#2294),#1975,.T.);
#1748=ADVANCED_FACE('',(#1027),#1152,.F.);
#1749=ADVANCED_FACE('',(#1028),#1153,.F.);
#1750=ADVANCED_FACE('',(#1029),#1154,.F.);
#1751=ADVANCED_FACE('',(#1030),#1155,.F.);
#1752=ADVANCED_FACE('',(#1031),#1156,.F.);
#1753=ADVANCED_FACE('',(#1032),#1157,.T.);
#1754=ADVANCED_FACE('',(#1033),#1158,.T.);
#1755=ADVANCED_FACE('',(#1034),#919,.F.);
#1756=ADVANCED_FACE('',(#1035),#920,.F.);
#1757=ADVANCED_FACE('',(#1036),#921,.F.);
#1758=ADVANCED_FACE('',(#1037),#922,.F.);
#1759=ADVANCED_FACE('',(#1038),#923,.F.);
#1760=ADVANCED_FACE('',(#1039),#1159,.F.);
#1761=ADVANCED_FACE('',(#1040),#1160,.F.);
#1762=ADVANCED_FACE('',(#2295,#2296),#914,.F.);
#1763=ADVANCED_FACE('',(#2297,#2298),#1161,.F.);
#1764=ADVANCED_FACE('',(#2299,#2300),#1976,.F.);
#1765=ADVANCED_FACE('',(#2301,#2302),#1162,.F.);
#1766=ADVANCED_FACE('',(#2303,#2304),#1163,.F.);
#1767=ADVANCED_FACE('',(#2305,#2306),#1977,.F.);
#1768=ADVANCED_FACE('',(#2307,#2308),#1164,.F.);
#1769=ADVANCED_FACE('',(#2309,#2310),#1978,.F.);
#1770=ADVANCED_FACE('',(#2311,#2312),#1165,.F.);
#1771=ADVANCED_FACE('',(#2313,#2314),#1166,.F.);
#1772=ADVANCED_FACE('',(#2315,#2316),#1979,.F.);
#1773=ADVANCED_FACE('',(#2317,#2318),#1167,.F.);
#1774=ADVANCED_FACE('',(#2319,#2320),#1168,.F.);
#1775=ADVANCED_FACE('',(#2321,#2322),#889,.T.);
#1776=ADVANCED_FACE('',(#2323,#2324),#890,.T.);
#1777=ADVANCED_FACE('',(#2325,#2326),#891,.T.);
#1778=ADVANCED_FACE('',(#2327,#2328),#892,.T.);
#1779=ADVANCED_FACE('',(#1041),#1980,.T.);
#1780=ADVANCED_FACE('',(#1042),#1169,.F.);
#1781=ADVANCED_FACE('',(#1043),#1981,.T.);
#1782=ADVANCED_FACE('',(#2329,#2330),#1982,.F.);
#1783=ADVANCED_FACE('',(#2331,#2332),#924,.T.);
#1784=ADVANCED_FACE('',(#2333,#2334),#1170,.T.);
#1785=ADVANCED_FACE('',(#2335,#2336),#925,.F.);
#1786=ADVANCED_FACE('',(#1044),#1983,.T.);
#1787=ADVANCED_FACE('',(#1045),#1984,.T.);
#1788=ADVANCED_FACE('',(#1046),#1985,.T.);
#1789=ADVANCED_FACE('',(#1047),#1986,.T.);
#1790=ADVANCED_FACE('',(#1048),#1987,.F.);
#1791=ADVANCED_FACE('',(#1049),#1171,.F.);
#1792=ADVANCED_FACE('',(#1050),#1988,.T.);
#1793=ADVANCED_FACE('',(#1051),#1172,.F.);
#1794=ADVANCED_FACE('',(#1052),#1173,.F.);
#1795=ADVANCED_FACE('',(#1053),#1174,.F.);
#1796=ADVANCED_FACE('',(#1054),#1175,.F.);
#1797=ADVANCED_FACE('',(#1055),#1176,.F.);
#1798=ADVANCED_FACE('',(#1056),#1177,.T.);
#1799=ADVANCED_FACE('',(#1057),#1178,.T.);
#1800=ADVANCED_FACE('',(#1058),#1179,.T.);
#1801=ADVANCED_FACE('',(#1059),#1180,.T.);
#1802=ADVANCED_FACE('',(#1060),#1181,.T.);
#1803=ADVANCED_FACE('',(#1061),#1182,.T.);
#1804=ADVANCED_FACE('',(#1062),#1183,.T.);
#1805=ADVANCED_FACE('',(#2337,#2338),#1184,.F.);
#1806=ADVANCED_FACE('',(#1063),#1185,.T.);
#1807=ADVANCED_FACE('',(#1064),#1989,.T.);
#1808=ADVANCED_FACE('',(#1065),#1990,.T.);
#1809=ADVANCED_FACE('',(#1066),#1991,.T.);
#1810=ADVANCED_FACE('',(#1067),#1992,.T.);
#1811=ADVANCED_FACE('',(#1068),#1186,.T.);
#1812=ADVANCED_FACE('',(#1069),#1187,.F.);
#1813=ADVANCED_FACE('',(#2339,#2340),#1188,.F.);
#1814=ADVANCED_FACE('',(#2341,#2342),#1189,.T.);
#1815=ADVANCED_FACE('',(#2343,#2344),#1993,.F.);
#1816=ADVANCED_FACE('',(#2345,#2346),#1994,.F.);
#1817=ADVANCED_FACE('',(#2347,#2348),#926,.F.);
#1818=ADVANCED_FACE('',(#2349,#2350),#1190,.T.);
#1819=ADVANCED_FACE('',(#2351,#2352),#1191,.F.);
#1820=ADVANCED_FACE('',(#2353,#2354),#1995,.F.);
#1821=ADVANCED_FACE('',(#2355,#2356),#1996,.T.);
#1822=ADVANCED_FACE('',(#2357,#2358),#893,.T.);
#1823=ADVANCED_FACE('',(#1070),#1192,.T.);
#1824=ADVANCED_FACE('',(#1071),#1997,.T.);
#1825=ADVANCED_FACE('',(#1072),#1998,.T.);
#1826=ADVANCED_FACE('',(#1073),#1999,.T.);
#1827=ADVANCED_FACE('',(#1074),#1193,.F.);
#1828=ADVANCED_FACE('',(#1075),#1194,.F.);
#1829=ADVANCED_FACE('',(#1076),#1195,.T.);
#1830=ADVANCED_FACE('',(#1077),#894,.F.);
#1831=ADVANCED_FACE('',(#1078),#862,.T.);
#1832=ADVANCED_FACE('',(#1079),#1196,.T.);
#1833=ADVANCED_FACE('',(#1080),#895,.F.);
#1834=ADVANCED_FACE('',(#1081),#863,.T.);
#1835=ADVANCED_FACE('',(#1082),#1197,.F.);
#1836=ADVANCED_FACE('',(#1083),#1198,.F.);
#1837=ADVANCED_FACE('',(#1084),#1199,.F.);
#1838=ADVANCED_FACE('',(#1085),#1200,.F.);
#1839=ADVANCED_FACE('',(#1086),#1201,.T.);
#1840=ADVANCED_FACE('',(#1087),#2000,.T.);
#1841=ADVANCED_FACE('',(#1088),#2001,.T.);
#1842=ADVANCED_FACE('',(#1089),#1202,.T.);
#1843=ADVANCED_FACE('',(#1090),#1203,.F.);
#1844=ADVANCED_FACE('',(#1091),#2002,.F.);
#1845=ADVANCED_FACE('',(#1092),#1204,.T.);
#1846=ADVANCED_FACE('',(#1093),#2003,.T.);
#1847=ADVANCED_FACE('',(#1094),#2004,.F.);
#1848=ADVANCED_FACE('',(#1095),#1205,.F.);
#1849=ADVANCED_FACE('',(#1096),#1206,.F.);
#1850=ADVANCED_FACE('',(#1097),#1207,.F.);
#1851=ADVANCED_FACE('',(#1098),#1208,.F.);
#1852=ADVANCED_FACE('',(#1099),#1209,.F.);
#1853=ADVANCED_FACE('',(#1100),#2005,.T.);
#1854=ADVANCED_FACE('',(#1101),#1210,.F.);
#1855=ADVANCED_FACE('',(#1102),#2006,.T.);
#1856=ADVANCED_FACE('',(#1103),#2007,.T.);
#1857=ADVANCED_FACE('',(#2359,#2360),#1211,.F.);
#1858=ADVANCED_FACE('',(#2361,#2362),#2008,.F.);
#1859=ADVANCED_FACE('',(#2363,#2364),#1212,.F.);
#1860=ADVANCED_FACE('',(#2365,#2366,#2367),#1213,.F.);
#1861=ADVANCED_FACE('',(#1104),#1214,.T.);
#1862=ADVANCED_FACE('',(#1105),#1215,.T.);
#1863=ADVANCED_FACE('',(#1106),#1216,.T.);
#1864=ADVANCED_FACE('',(#1107),#1217,.T.);
#1865=ADVANCED_FACE('',(#2368,#2369),#1218,.T.);
#1866=ADVANCED_FACE('',(#1108),#2009,.F.);
#1867=ADVANCED_FACE('',(#1109),#2010,.F.);
#1868=ADVANCED_FACE('',(#1110),#896,.F.);
#1869=ADVANCED_FACE('',(#1111),#1219,.F.);
#1870=ADVANCED_FACE('',(#1112),#2011,.F.);
#1871=ADVANCED_FACE('',(#1113),#1220,.F.);
#1872=ADVANCED_FACE('',(#2370,#2371),#2012,.F.);
#1873=ADVANCED_FACE('',(#1114),#1221,.T.);
#1874=ADVANCED_FACE('',(#1115),#1222,.T.);
#1875=ADVANCED_FACE('',(#1116),#897,.T.);
#1876=ADVANCED_FACE('',(#1117),#898,.T.);
#1877=ADVANCED_FACE('',(#1118),#101,.T.);
#1878=ADVANCED_FACE('',(#1119),#864,.T.);
#1879=ADVANCED_FACE('',(#1120),#865,.T.);
#1880=ADVANCED_FACE('',(#1121),#866,.T.);
#1881=ADVANCED_FACE('',(#1122),#2013,.F.);
#1882=ADVANCED_FACE('',(#1123),#867,.T.);
#1883=ADVANCED_FACE('',(#1124),#868,.T.);
#1884=ADVANCED_FACE('',(#1125),#2014,.F.);
#1885=ADVANCED_FACE('',(#1126),#869,.T.);
#1886=ADVANCED_FACE('',(#1127),#870,.T.);
#1887=ADVANCED_FACE('',(#2372,#2373),#927,.T.);
#1888=ADVANCED_FACE('',(#2374,#2375),#1223,.T.);
#1889=ADVANCED_FACE('',(#2376,#2377),#928,.F.);
#1890=ADVANCED_FACE('',(#1128),#871,.T.);
#1891=ADVANCED_FACE('',(#1129),#899,.F.);
#1892=ADVANCED_FACE('',(#1130),#900,.F.);
#1893=ADVANCED_FACE('',(#1131),#872,.T.);
#1894=ADVANCED_FACE('',(#2378,#2379),#929,.F.);
#1895=ADVANCED_FACE('',(#1132),#1224,.T.);
#1896=ADVANCED_FACE('',(#1133),#2015,.T.);
#1897=ADVANCED_FACE('',(#1134),#1225,.F.);
#1898=ADVANCED_FACE('',(#1135),#1226,.F.);
#1899=ADVANCED_FACE('',(#1136),#1227,.F.);
#1900=ADVANCED_FACE('',(#1137),#2016,.T.);
#1901=ADVANCED_FACE('',(#2380,#2381),#2017,.F.);
#1902=ADVANCED_FACE('',(#2382,#2383),#1228,.F.);
#1903=ADVANCED_FACE('',(#1138),#2018,.T.);
#1904=ADVANCED_FACE('',(#1139),#1229,.T.);
#1905=ADVANCED_FACE('',(#2384,#2385,#2386,#2387),#1230,.T.);
#1906=ADVANCED_FACE('',(#2388,#2389),#901,.T.);
#1907=ADVANCED_FACE('',(#2390,#2391),#1231,.T.);
#1908=ADVANCED_FACE('',(#2392,#2393),#2019,.F.);
#1909=ADVANCED_FACE('',(#2394,#2395),#2020,.F.);
#1910=ADVANCED_FACE('',(#1140),#1232,.F.);
#1911=ADVANCED_FACE('',(#2396,#2397),#2021,.F.);
#1912=ADVANCED_FACE('',(#2398,#2399),#930,.F.);
#1913=ADVANCED_FACE('',(#2400,#2401),#931,.F.);
#1914=ADVANCED_FACE('',(#2402,#2403),#932,.T.);
#1915=ADVANCED_FACE('',(#2404,#2405),#2022,.F.);
#1916=ADVANCED_FACE('',(#2406,#2407),#933,.F.);
#1917=ADVANCED_FACE('',(#2408,#2409),#934,.F.);
#1918=ADVANCED_FACE('',(#2410,#2411),#935,.T.);
#1919=ADVANCED_FACE('',(#2412,#2413),#2023,.F.);
#1920=ADVANCED_FACE('',(#2414,#2415),#936,.F.);
#1921=ADVANCED_FACE('',(#2416,#2417),#937,.F.);
#1922=ADVANCED_FACE('',(#2418,#2419),#938,.T.);
#1923=ADVANCED_FACE('',(#2420,#2421),#2024,.F.);
#1924=ADVANCED_FACE('',(#2422,#2423),#939,.F.);
#1925=ADVANCED_FACE('',(#2424,#2425),#940,.F.);
#1926=ADVANCED_FACE('',(#2426,#2427),#941,.T.);
#1927=ADVANCED_FACE('',(#2428,#2429),#942,.F.);
#1928=CYLINDRICAL_SURFACE('',#5148,0.182999999999959);
#1929=CYLINDRICAL_SURFACE('',#5156,0.224999999999921);
#1930=CYLINDRICAL_SURFACE('',#5162,0.224999999999921);
#1931=CYLINDRICAL_SURFACE('',#5166,0.182999999999959);
#1932=CYLINDRICAL_SURFACE('',#5169,0.182999999999959);
#1933=CYLINDRICAL_SURFACE('',#5172,0.182999999999959);
#1934=CYLINDRICAL_SURFACE('',#5175,0.182999999999959);
#1935=CYLINDRICAL_SURFACE('',#5177,0.1);
#1936=CYLINDRICAL_SURFACE('',#5191,0.0199999971149121);
#1937=CYLINDRICAL_SURFACE('',#5193,0.019778356103938);
#1938=CYLINDRICAL_SURFACE('',#5197,0.019778356103938);
#1939=CYLINDRICAL_SURFACE('',#5198,0.0199999971097264);
#1940=CYLINDRICAL_SURFACE('',#5199,0.019778356103938);
#1941=CYLINDRICAL_SURFACE('',#5200,0.019778356103938);
#1942=CYLINDRICAL_SURFACE('',#5201,0.0199999971213903);
#1943=CYLINDRICAL_SURFACE('',#5202,0.019778356103938);
#1944=CYLINDRICAL_SURFACE('',#5205,0.019778356103938);
#1945=CYLINDRICAL_SURFACE('',#5206,0.0199999971363143);
#1946=CYLINDRICAL_SURFACE('',#5207,0.0199999971155652);
#1947=CYLINDRICAL_SURFACE('',#5208,0.019778356103938);
#1948=CYLINDRICAL_SURFACE('',#5213,0.019778356103938);
#1949=CYLINDRICAL_SURFACE('',#5214,0.0199999971141105);
#1950=CYLINDRICAL_SURFACE('',#5216,0.019778356103938);
#1951=CYLINDRICAL_SURFACE('',#5217,0.019778356103938);
#1952=CYLINDRICAL_SURFACE('',#5221,0.019778356103938);
#1953=CYLINDRICAL_SURFACE('',#5224,0.019778356103938);
#1954=CYLINDRICAL_SURFACE('',#5227,0.019778356103938);
#1955=CYLINDRICAL_SURFACE('',#5229,0.019778356103938);
#1956=CYLINDRICAL_SURFACE('',#5232,0.019778356103938);
#1957=CYLINDRICAL_SURFACE('',#5234,0.01);
#1958=CYLINDRICAL_SURFACE('',#5237,0.019778356103938);
#1959=CYLINDRICAL_SURFACE('',#5238,0.019778356103938);
#1960=CYLINDRICAL_SURFACE('',#5239,0.019778356103938);
#1961=CYLINDRICAL_SURFACE('',#5240,0.019778356103938);
#1962=CYLINDRICAL_SURFACE('',#5244,0.01);
#1963=CYLINDRICAL_SURFACE('',#5245,0.01);
#1964=CYLINDRICAL_SURFACE('',#5246,0.01);
#1965=CYLINDRICAL_SURFACE('',#5247,0.01);
#1966=CYLINDRICAL_SURFACE('',#5248,0.01);
#1967=CYLINDRICAL_SURFACE('',#5249,0.01);
#1968=CYLINDRICAL_SURFACE('',#5250,0.019778356103938);
#1969=CYLINDRICAL_SURFACE('',#5251,4.64098185145039);
#1970=CYLINDRICAL_SURFACE('',#5252,3.75223317807807);
#1971=CYLINDRICAL_SURFACE('',#5253,4.64098151941499);
#1972=CYLINDRICAL_SURFACE('',#5254,4.64098010742322);
#1973=CYLINDRICAL_SURFACE('',#5255,3.75223229111257);
#1974=CYLINDRICAL_SURFACE('',#5256,3.75222759199747);
#1975=CYLINDRICAL_SURFACE('',#5269,0.0699999999999999);
#1976=CYLINDRICAL_SURFACE('',#5287,0.175000000000001);
#1977=CYLINDRICAL_SURFACE('',#5292,0.175);
#1978=CYLINDRICAL_SURFACE('',#5296,0.175);
#1979=CYLINDRICAL_SURFACE('',#5303,0.175);
#1980=CYLINDRICAL_SURFACE('',#5313,0.225514571745461);
#1981=CYLINDRICAL_SURFACE('',#5315,0.225514571745461);
#1982=CYLINDRICAL_SURFACE('',#5316,0.01);
#1983=CYLINDRICAL_SURFACE('',#5322,0.01);
#1984=CYLINDRICAL_SURFACE('',#5323,0.01);
#1985=CYLINDRICAL_SURFACE('',#5326,0.25);
#1986=CYLINDRICAL_SURFACE('',#5329,0.5);
#1987=CYLINDRICAL_SURFACE('',#5333,0.18300000000001);
#1988=CYLINDRICAL_SURFACE('',#5337,0.5);
#1989=CYLINDRICAL_SURFACE('',#5360,0.25);
#1990=CYLINDRICAL_SURFACE('',#5361,0.01585);
#1991=CYLINDRICAL_SURFACE('',#5362,0.5);
#1992=CYLINDRICAL_SURFACE('',#5363,0.01585);
#1993=CYLINDRICAL_SURFACE('',#5371,0.075);
#1994=CYLINDRICAL_SURFACE('',#5373,0.125);
#1995=CYLINDRICAL_SURFACE('',#5381,0.05);
#1996=CYLINDRICAL_SURFACE('',#5383,0.06);
#1997=CYLINDRICAL_SURFACE('',#5389,0.05);
#1998=CYLINDRICAL_SURFACE('',#5392,0.224999999999921);
#1999=CYLINDRICAL_SURFACE('',#5395,0.224999999999921);
#2000=CYLINDRICAL_SURFACE('',#5414,0.1);
#2001=CYLINDRICAL_SURFACE('',#5416,0.1);
#2002=CYLINDRICAL_SURFACE('',#5422,0.225);
#2003=CYLINDRICAL_SURFACE('',#5426,0.1);
#2004=CYLINDRICAL_SURFACE('',#5429,0.18300000000001);
#2005=CYLINDRICAL_SURFACE('',#5436,0.5);
#2006=CYLINDRICAL_SURFACE('',#5439,0.5);
#2007=CYLINDRICAL_SURFACE('',#5441,0.25);
#2008=CYLINDRICAL_SURFACE('',#5445,0.075);
#2009=CYLINDRICAL_SURFACE('',#5459,0.05);
#2010=CYLINDRICAL_SURFACE('',#5462,0.05);
#2011=CYLINDRICAL_SURFACE('',#5468,0.125);
#2012=CYLINDRICAL_SURFACE('',#5473,0.125);
#2013=CYLINDRICAL_SURFACE('',#5479,0.05);
#2014=CYLINDRICAL_SURFACE('',#5482,0.05);
#2015=CYLINDRICAL_SURFACE('',#5501,0.25);
#2016=CYLINDRICAL_SURFACE('',#5508,0.5);
#2017=CYLINDRICAL_SURFACE('',#5510,0.18300000000001);
#2018=CYLINDRICAL_SURFACE('',#5516,0.25);
#2019=CYLINDRICAL_SURFACE('',#5527,0.183);
#2020=CYLINDRICAL_SURFACE('',#5529,0.183);
#2021=CYLINDRICAL_SURFACE('',#5534,0.183);
#2022=CYLINDRICAL_SURFACE('',#5542,0.183);
#2023=CYLINDRICAL_SURFACE('',#5549,0.183);
#2024=CYLINDRICAL_SURFACE('',#5557,0.183);
#2025=ELLIPSE('',#5147,0.258801081914218,0.182999999999959);
#2026=ELLIPSE('',#5155,0.318198051533834,0.224999999999921);
#2027=ELLIPSE('',#5161,0.318198051533834,0.224999999999921);
#2028=ELLIPSE('',#5178,0.318925765875192,0.225514571745461);
#2029=ELLIPSE('',#5192,0.0286834113217773,0.019778356103938);
#2030=ELLIPSE('',#5194,0.0643132899811483,0.01);
#2031=ELLIPSE('',#5210,0.0286834113459906,0.019778356103938);
#2032=ELLIPSE('',#5211,0.12720111513056,0.019778356103938);
#2033=ELLIPSE('',#5390,0.318198051533834,0.224999999999921);
#2034=ELLIPSE('',#5393,0.318198051533835,0.224999999999921);
#2035=ELLIPSE('',#5405,0.258801081914289,0.18300000000001);
#2036=ELLIPSE('',#5407,0.258801081914289,0.18300000000001);
#2037=ELLIPSE('',#5413,0.14142135623731,0.1);
#2038=ELLIPSE('',#5415,0.141421356237309,0.1);
#2039=ELLIPSE('',#5507,0.559303494303588,0.5);
#2040=ELLIPSE('',#5530,0.204705078915113,0.183);
#2041=ELLIPSE('',#5531,0.204705078915113,0.183);
#2042=B_SPLINE_CURVE_WITH_KNOTS('',3,(#6633,#6634,#6635,#6636,#6637,#6638,
#6639),.UNSPECIFIED.,.F.,.F.,(4,3,4),(0.,0.542322040782166,1.),
 .UNSPECIFIED.);
#2043=B_SPLINE_CURVE_WITH_KNOTS('',3,(#6643,#6644,#6645,#6646,#6647,#6648,
#6649),.UNSPECIFIED.,.F.,.F.,(4,3,4),(0.,0.546189985241934,1.),
 .UNSPECIFIED.);
#2044=B_SPLINE_CURVE_WITH_KNOTS('',3,(#6669,#6670,#6671,#6672),
 .UNSPECIFIED.,.F.,.F.,(4,4),(0.,1.),.UNSPECIFIED.);
#2045=B_SPLINE_CURVE_WITH_KNOTS('',3,(#6679,#6680,#6681,#6682,#6683,#6684,
#6685,#6686,#6687,#6688),.UNSPECIFIED.,.F.,.F.,(4,3,3,4),(0.,0.459055054217201,
0.91623026342612,1.),.UNSPECIFIED.);
#2046=B_SPLINE_CURVE_WITH_KNOTS('',3,(#6691,#6692,#6693,#6694,#6695,#6696),
 .UNSPECIFIED.,.F.,.F.,(4,2,4),(0.,0.5,1.),.UNSPECIFIED.);
#2047=B_SPLINE_CURVE_WITH_KNOTS('',3,(#6699,#6700,#6701,#6702,#6703,#6704,
#6705),.UNSPECIFIED.,.F.,.F.,(4,3,4),(0.,0.487193884143202,1.),
 .UNSPECIFIED.);
#2048=B_SPLINE_CURVE_WITH_KNOTS('',3,(#6715,#6716,#6717,#6718),
 .UNSPECIFIED.,.F.,.F.,(4,4),(0.,1.),.UNSPECIFIED.);
#2049=B_SPLINE_CURVE_WITH_KNOTS('',3,(#6730,#6731,#6732,#6733),
 .UNSPECIFIED.,.F.,.F.,(4,4),(0.,1.),.UNSPECIFIED.);
#2050=B_SPLINE_CURVE_WITH_KNOTS('',3,(#6735,#6736,#6737,#6738),
 .UNSPECIFIED.,.F.,.F.,(4,4),(0.,1.),.UNSPECIFIED.);
#2051=B_SPLINE_CURVE_WITH_KNOTS('',3,(#6742,#6743,#6744,#6745),
 .UNSPECIFIED.,.F.,.F.,(4,4),(0.,1.),.UNSPECIFIED.);
#2052=B_SPLINE_CURVE_WITH_KNOTS('',3,(#6747,#6748,#6749,#6750),
 .UNSPECIFIED.,.F.,.F.,(4,4),(0.,1.),.UNSPECIFIED.);
#2053=B_SPLINE_CURVE_WITH_KNOTS('',3,(#6778,#6779,#6780,#6781),
 .UNSPECIFIED.,.F.,.F.,(4,4),(0.,1.),.UNSPECIFIED.);
#2054=B_SPLINE_CURVE_WITH_KNOTS('',3,(#6784,#6785,#6786,#6787),
 .UNSPECIFIED.,.F.,.F.,(4,4),(0.,1.),.UNSPECIFIED.);
#2055=B_SPLINE_CURVE_WITH_KNOTS('',3,(#6789,#6790,#6791,#6792),
 .UNSPECIFIED.,.F.,.F.,(4,4),(0.,1.),.UNSPECIFIED.);
#2056=B_SPLINE_CURVE_WITH_KNOTS('',3,(#6814,#6815,#6816,#6817),
 .UNSPECIFIED.,.F.,.F.,(4,4),(0.,1.),.UNSPECIFIED.);
#2057=B_SPLINE_CURVE_WITH_KNOTS('',3,(#6820,#6821,#6822,#6823),
 .UNSPECIFIED.,.F.,.F.,(4,4),(0.,1.),.UNSPECIFIED.);
#2058=B_SPLINE_CURVE_WITH_KNOTS('',3,(#6825,#6826,#6827,#6828),
 .UNSPECIFIED.,.F.,.F.,(4,4),(0.,1.),.UNSPECIFIED.);
#2059=B_SPLINE_CURVE_WITH_KNOTS('',3,(#6831,#6832,#6833,#6834),
 .UNSPECIFIED.,.F.,.F.,(4,4),(0.,1.),.UNSPECIFIED.);
#2060=B_SPLINE_CURVE_WITH_KNOTS('',3,(#6836,#6837,#6838,#6839),
 .UNSPECIFIED.,.F.,.F.,(4,4),(0.,1.),.UNSPECIFIED.);
#2061=B_SPLINE_CURVE_WITH_KNOTS('',3,(#6841,#6842,#6843,#6844),
 .UNSPECIFIED.,.F.,.F.,(4,4),(0.,1.),.UNSPECIFIED.);
#2062=B_SPLINE_CURVE_WITH_KNOTS('',3,(#6846,#6847,#6848,#6849),
 .UNSPECIFIED.,.F.,.F.,(4,4),(0.,1.),.UNSPECIFIED.);
#2063=B_SPLINE_CURVE_WITH_KNOTS('',3,(#6851,#6852,#6853,#6854),
 .UNSPECIFIED.,.F.,.F.,(4,4),(0.,1.),.UNSPECIFIED.);
#2064=B_SPLINE_CURVE_WITH_KNOTS('',3,(#6856,#6857,#6858,#6859),
 .UNSPECIFIED.,.F.,.F.,(4,4),(0.,1.),.UNSPECIFIED.);
#2065=B_SPLINE_CURVE_WITH_KNOTS('',3,(#6861,#6862,#6863,#6864),
 .UNSPECIFIED.,.F.,.F.,(4,4),(0.,1.),.UNSPECIFIED.);
#2066=B_SPLINE_CURVE_WITH_KNOTS('',3,(#6866,#6867,#6868,#6869),
 .UNSPECIFIED.,.F.,.F.,(4,4),(0.,1.),.UNSPECIFIED.);
#2067=B_SPLINE_CURVE_WITH_KNOTS('',3,(#6870,#6871,#6872,#6873,#6874,#6875,
#6876,#6877,#6878,#6879,#6880,#6881,#6882,#6883,#6884,#6885,#6886,#6887),
 .UNSPECIFIED.,.F.,.F.,(4,2,2,2,2,2,2,2,4),(0.,0.125,0.25,0.375,0.5,0.625,
0.75,0.875,1.),.UNSPECIFIED.);
#2068=B_SPLINE_CURVE_WITH_KNOTS('',3,(#6890,#6891,#6892,#6893,#6894,#6895,
#6896,#6897,#6898,#6899,#6900,#6901,#6902,#6903),.UNSPECIFIED.,.F.,.F.,
(4,2,2,2,2,2,4),(0.,0.166666666666667,0.333333333333333,0.5,0.666666666666667,
0.833333333333333,1.),.UNSPECIFIED.);
#2069=B_SPLINE_CURVE_WITH_KNOTS('',3,(#6905,#6906,#6907,#6908,#6909,#6910,
#6911,#6912,#6913,#6914),.UNSPECIFIED.,.F.,.F.,(4,2,2,2,4),(0.,0.25,0.5,
0.75,1.),.UNSPECIFIED.);
#2070=B_SPLINE_CURVE_WITH_KNOTS('',3,(#6916,#6917,#6918,#6919,#6920,#6921,
#6922,#6923,#6924,#6925,#6926,#6927,#6928,#6929,#6930,#6931,#6932,#6933,
#6934,#6935,#6936,#6937,#6938,#6939,#6940,#6941,#6942,#6943,#6944,#6945),
 .UNSPECIFIED.,.F.,.F.,(4,2,2,2,2,2,2,2,2,2,2,2,2,2,4),(0.,0.0714285714285714,
0.142857142857143,0.214285714285714,0.285714285714286,0.357142857142857,
0.428571428571429,0.5,0.571428571428571,0.642857142857143,0.714285714285714,
0.785714285714286,0.857142857142857,0.928571428571429,1.),.UNSPECIFIED.);
#2071=B_SPLINE_CURVE_WITH_KNOTS('',3,(#7408,#7409,#7410,#7411,#7412,#7413),
 .UNSPECIFIED.,.F.,.F.,(4,2,4),(0.,0.5,1.),.UNSPECIFIED.);
#2072=B_SPLINE_CURVE_WITH_KNOTS('',3,(#7700,#7701,#7702,#7703,#7704,#7705,
#7706,#7707,#7708,#7709,#7710,#7711,#7712,#7713,#7714,#7715,#7716,#7717,
#7718,#7719,#7720,#7721,#7722,#7723,#7724,#7725,#7726,#7727,#7728,#7729,
#7730,#7731,#7732,#7733,#7734,#7735,#7736,#7737,#7738,#7739,#7740,#7741,
#7742,#7743,#7744,#7745,#7746,#7747,#7748,#7749,#7750,#7751,#7752,#7753,
#7754,#7755,#7756,#7757,#7758,#7759,#7760),.UNSPECIFIED.,.T.,.F.,(1,3,3,
3,3,3,3,3,3,3,3,3,3,3,3,3,3,3,3,3,3,3,1),(-0.0166108060086667,0.,0.0536912486859536,
0.107383224622002,0.161082894007316,0.214794532321187,0.268516728940188,
0.322243453035429,0.375967087184764,0.429681747165292,0.483385516110004,
0.499999944711165,0.553692981021233,0.607386590058584,0.661086434282886,
0.714796634548382,0.76851713849843,0.822243501732797,0.87596844663269,0.929684867124768,
0.983389193991333,1.,1.05369124868595),.UNSPECIFIED.);
#2073=B_SPLINE_CURVE_WITH_KNOTS('',3,(#7763,#7764,#7765,#7766),
 .UNSPECIFIED.,.F.,.F.,(4,4),(0.,1.),.UNSPECIFIED.);
#2074=B_SPLINE_CURVE_WITH_KNOTS('',3,(#7769,#7770,#7771,#7772),
 .UNSPECIFIED.,.F.,.F.,(4,4),(0.,1.),.UNSPECIFIED.);
#2075=B_SPLINE_CURVE_WITH_KNOTS('',3,(#7774,#7775,#7776,#7777),
 .UNSPECIFIED.,.F.,.F.,(4,4),(0.,1.),.UNSPECIFIED.);
#2076=B_SPLINE_CURVE_WITH_KNOTS('',3,(#7794,#7795,#7796,#7797),
 .UNSPECIFIED.,.F.,.F.,(4,4),(0.,1.),.UNSPECIFIED.);
#2077=B_SPLINE_CURVE_WITH_KNOTS('',3,(#7801,#7802,#7803,#7804),
 .UNSPECIFIED.,.F.,.F.,(4,4),(0.,1.),.UNSPECIFIED.);
#2078=B_SPLINE_CURVE_WITH_KNOTS('',3,(#7808,#7809,#7810,#7811),
 .UNSPECIFIED.,.F.,.F.,(4,4),(0.,1.),.UNSPECIFIED.);
#2079=B_SPLINE_CURVE_WITH_KNOTS('',3,(#7815,#7816,#7817,#7818),
 .UNSPECIFIED.,.F.,.F.,(4,4),(0.,1.),.UNSPECIFIED.);
#2080=B_SPLINE_CURVE_WITH_KNOTS('',3,(#7821,#7822,#7823,#7824),
 .UNSPECIFIED.,.F.,.F.,(4,4),(0.,1.),.UNSPECIFIED.);
#2081=B_SPLINE_CURVE_WITH_KNOTS('',3,(#7826,#7827,#7828,#7829,#7830,#7831,
#7832),.UNSPECIFIED.,.F.,.F.,(4,3,4),(0.,0.666908150789647,1.),
 .UNSPECIFIED.);
#2082=B_SPLINE_CURVE_WITH_KNOTS('',3,(#7834,#7835,#7836,#7837),
 .UNSPECIFIED.,.F.,.F.,(4,4),(0.,1.),.UNSPECIFIED.);
#2083=B_SPLINE_CURVE_WITH_KNOTS('',3,(#7839,#7840,#7841,#7842),
 .UNSPECIFIED.,.F.,.F.,(4,4),(0.,1.),.UNSPECIFIED.);
#2084=B_SPLINE_CURVE_WITH_KNOTS('',3,(#7844,#7845,#7846,#7847),
 .UNSPECIFIED.,.F.,.F.,(4,4),(0.,1.),.UNSPECIFIED.);
#2085=B_SPLINE_CURVE_WITH_KNOTS('',3,(#7851,#7852,#7853,#7854),
 .UNSPECIFIED.,.F.,.F.,(4,4),(0.,1.),.UNSPECIFIED.);
#2086=B_SPLINE_CURVE_WITH_KNOTS('',3,(#7856,#7857,#7858,#7859),
 .UNSPECIFIED.,.F.,.F.,(4,4),(0.,1.),.UNSPECIFIED.);
#2087=B_SPLINE_CURVE_WITH_KNOTS('',3,(#7861,#7862,#7863,#7864),
 .UNSPECIFIED.,.F.,.F.,(4,4),(0.,1.),.UNSPECIFIED.);
#2088=B_SPLINE_CURVE_WITH_KNOTS('',3,(#7866,#7867,#7868,#7869),
 .UNSPECIFIED.,.F.,.F.,(4,4),(0.,1.),.UNSPECIFIED.);
#2089=B_SPLINE_CURVE_WITH_KNOTS('',3,(#7872,#7873,#7874,#7875),
 .UNSPECIFIED.,.F.,.F.,(4,4),(0.,1.),.UNSPECIFIED.);
#2090=B_SPLINE_CURVE_WITH_KNOTS('',3,(#7877,#7878,#7879,#7880),
 .UNSPECIFIED.,.F.,.F.,(4,4),(0.,1.),.UNSPECIFIED.);
#2091=B_SPLINE_CURVE_WITH_KNOTS('',3,(#7882,#7883,#7884,#7885),
 .UNSPECIFIED.,.F.,.F.,(4,4),(0.,1.),.UNSPECIFIED.);
#2092=B_SPLINE_CURVE_WITH_KNOTS('',3,(#7889,#7890,#7891,#7892),
 .UNSPECIFIED.,.F.,.F.,(4,4),(0.,1.),.UNSPECIFIED.);
#2093=B_SPLINE_CURVE_WITH_KNOTS('',3,(#7894,#7895,#7896,#7897,#7898,#7899,
#7900),.UNSPECIFIED.,.F.,.F.,(4,3,4),(0.,0.659087521000883,1.),
 .UNSPECIFIED.);
#2094=B_SPLINE_CURVE_WITH_KNOTS('',3,(#7902,#7903,#7904,#7905),
 .UNSPECIFIED.,.F.,.F.,(4,4),(0.,1.),.UNSPECIFIED.);
#2095=B_SPLINE_CURVE_WITH_KNOTS('',3,(#7907,#7908,#7909,#7910),
 .UNSPECIFIED.,.F.,.F.,(4,4),(0.,1.),.UNSPECIFIED.);
#2096=B_SPLINE_CURVE_WITH_KNOTS('',3,(#7912,#7913,#7914,#7915),
 .UNSPECIFIED.,.F.,.F.,(4,4),(0.,1.),.UNSPECIFIED.);
#2097=B_SPLINE_CURVE_WITH_KNOTS('',3,(#7917,#7918,#7919,#7920),
 .UNSPECIFIED.,.F.,.F.,(4,4),(0.,1.),.UNSPECIFIED.);
#2098=B_SPLINE_CURVE_WITH_KNOTS('',3,(#7923,#7924,#7925,#7926),
 .UNSPECIFIED.,.F.,.F.,(4,4),(0.,1.),.UNSPECIFIED.);
#2099=B_SPLINE_CURVE_WITH_KNOTS('',3,(#7928,#7929,#7930,#7931,#7932,#7933,
#7934),.UNSPECIFIED.,.F.,.F.,(4,3,4),(0.,0.659174492092941,1.),
 .UNSPECIFIED.);
#2100=B_SPLINE_CURVE_WITH_KNOTS('',3,(#7936,#7937,#7938,#7939),
 .UNSPECIFIED.,.F.,.F.,(4,4),(0.,1.),.UNSPECIFIED.);
#2101=B_SPLINE_CURVE_WITH_KNOTS('',3,(#7941,#7942,#7943,#7944),
 .UNSPECIFIED.,.F.,.F.,(4,4),(0.,1.),.UNSPECIFIED.);
#2102=B_SPLINE_CURVE_WITH_KNOTS('',3,(#7946,#7947,#7948,#7949),
 .UNSPECIFIED.,.F.,.F.,(4,4),(0.,1.),.UNSPECIFIED.);
#2103=B_SPLINE_CURVE_WITH_KNOTS('',3,(#7953,#7954,#7955,#7956),
 .UNSPECIFIED.,.F.,.F.,(4,4),(0.,1.),.UNSPECIFIED.);
#2104=B_SPLINE_CURVE_WITH_KNOTS('',3,(#7958,#7959,#7960,#7961),
 .UNSPECIFIED.,.F.,.F.,(4,4),(0.,1.),.UNSPECIFIED.);
#2105=B_SPLINE_CURVE_WITH_KNOTS('',3,(#7978,#7979,#7980,#7981),
 .UNSPECIFIED.,.F.,.F.,(4,4),(0.,1.),.UNSPECIFIED.);
#2106=B_SPLINE_CURVE_WITH_KNOTS('',3,(#7984,#7985,#7986,#7987),
 .UNSPECIFIED.,.F.,.F.,(4,4),(0.,1.),.UNSPECIFIED.);
#2107=B_SPLINE_CURVE_WITH_KNOTS('',3,(#7989,#7990,#7991,#7992),
 .UNSPECIFIED.,.F.,.F.,(4,4),(0.,1.),.UNSPECIFIED.);
#2108=B_SPLINE_CURVE_WITH_KNOTS('',3,(#8009,#8010,#8011,#8012),
 .UNSPECIFIED.,.F.,.F.,(4,4),(0.,1.),.UNSPECIFIED.);
#2109=B_SPLINE_CURVE_WITH_KNOTS('',3,(#8016,#8017,#8018,#8019),
 .UNSPECIFIED.,.F.,.F.,(4,4),(0.,1.),.UNSPECIFIED.);
#2110=B_SPLINE_CURVE_WITH_KNOTS('',3,(#8021,#8022,#8023,#8024),
 .UNSPECIFIED.,.F.,.F.,(4,4),(0.,1.),.UNSPECIFIED.);
#2111=B_SPLINE_CURVE_WITH_KNOTS('',3,(#8026,#8027,#8028,#8029),
 .UNSPECIFIED.,.F.,.F.,(4,4),(0.,1.),.UNSPECIFIED.);
#2112=B_SPLINE_CURVE_WITH_KNOTS('',3,(#8031,#8032,#8033,#8034),
 .UNSPECIFIED.,.F.,.F.,(4,4),(0.,1.),.UNSPECIFIED.);
#2113=B_SPLINE_CURVE_WITH_KNOTS('',3,(#8036,#8037,#8038,#8039),
 .UNSPECIFIED.,.F.,.F.,(4,4),(0.,1.),.UNSPECIFIED.);
#2114=B_SPLINE_CURVE_WITH_KNOTS('',3,(#8046,#8047,#8048,#8049,#8050,#8051,
#8052,#8053,#8054,#8055,#8056,#8057,#8058,#8059,#8060,#8061,#8062,#8063,
#8064,#8065,#8066,#8067,#8068,#8069,#8070,#8071,#8072,#8073),
 .UNSPECIFIED.,.F.,.F.,(4,3,3,3,3,3,3,3,3,4),(0.,0.557175938547604,0.61160666946142,
0.66708371630633,0.694120820987146,0.721354944528146,0.752969054143203,
0.805356055834705,0.964425254390909,1.),.UNSPECIFIED.);
#2115=B_SPLINE_CURVE_WITH_KNOTS('',3,(#8075,#8076,#8077,#8078),
 .UNSPECIFIED.,.F.,.F.,(4,4),(0.,1.),.UNSPECIFIED.);
#2116=B_SPLINE_CURVE_WITH_KNOTS('',3,(#8080,#8081,#8082,#8083),
 .UNSPECIFIED.,.F.,.F.,(4,4),(0.,1.),.UNSPECIFIED.);
#2117=B_SPLINE_CURVE_WITH_KNOTS('',3,(#8087,#8088,#8089,#8090),
 .UNSPECIFIED.,.F.,.F.,(4,4),(0.,1.),.UNSPECIFIED.);
#2118=B_SPLINE_CURVE_WITH_KNOTS('',3,(#8092,#8093,#8094,#8095),
 .UNSPECIFIED.,.F.,.F.,(4,4),(0.,1.),.UNSPECIFIED.);
#2119=B_SPLINE_CURVE_WITH_KNOTS('',3,(#8150,#8151,#8152,#8153,#8154,#8155,
#8156,#8157,#8158,#8159,#8160,#8161,#8162,#8163,#8164,#8165,#8166,#8167,
#8168,#8169,#8170,#8171),.UNSPECIFIED.,.F.,.F.,(4,3,3,3,3,3,3,4),(0.,0.0343819242316479,
0.146101096869362,0.256813552046577,0.406334220353384,0.635416201539252,
0.900132238833481,1.),.UNSPECIFIED.);
#2120=B_SPLINE_CURVE_WITH_KNOTS('',3,(#8173,#8174,#8175,#8176),
 .UNSPECIFIED.,.F.,.F.,(4,4),(0.,1.),.UNSPECIFIED.);
#2121=B_SPLINE_CURVE_WITH_KNOTS('',3,(#8178,#8179,#8180,#8181),
 .UNSPECIFIED.,.F.,.F.,(4,4),(0.,1.),.UNSPECIFIED.);
#2122=B_SPLINE_CURVE_WITH_KNOTS('',3,(#8183,#8184,#8185,#8186),
 .UNSPECIFIED.,.F.,.F.,(4,4),(0.,1.),.UNSPECIFIED.);
#2123=B_SPLINE_CURVE_WITH_KNOTS('',3,(#8189,#8190,#8191,#8192),
 .UNSPECIFIED.,.F.,.F.,(4,4),(0.,1.),.UNSPECIFIED.);
#2124=B_SPLINE_CURVE_WITH_KNOTS('',3,(#8194,#8195,#8196,#8197),
 .UNSPECIFIED.,.F.,.F.,(4,4),(0.,1.),.UNSPECIFIED.);
#2125=B_SPLINE_CURVE_WITH_KNOTS('',3,(#8199,#8200,#8201,#8202),
 .UNSPECIFIED.,.F.,.F.,(4,4),(0.,1.),.UNSPECIFIED.);
#2126=B_SPLINE_CURVE_WITH_KNOTS('',3,(#8204,#8205,#8206,#8207,#8208,#8209,
#8210,#8211,#8212,#8213,#8214,#8215,#8216),.UNSPECIFIED.,.F.,.F.,(4,3,3,
3,4),(0.,0.165937527152687,0.329636763494528,0.638553198743727,1.),
 .UNSPECIFIED.);
#2127=B_SPLINE_CURVE_WITH_KNOTS('',3,(#8218,#8219,#8220,#8221),
 .UNSPECIFIED.,.F.,.F.,(4,4),(0.,1.),.UNSPECIFIED.);
#2128=B_SPLINE_CURVE_WITH_KNOTS('',3,(#8223,#8224,#8225,#8226),
 .UNSPECIFIED.,.F.,.F.,(4,4),(0.,1.),.UNSPECIFIED.);
#2129=B_SPLINE_CURVE_WITH_KNOTS('',3,(#8232,#8233,#8234,#8235),
 .UNSPECIFIED.,.F.,.F.,(4,4),(0.,1.),.UNSPECIFIED.);
#2130=B_SPLINE_CURVE_WITH_KNOTS('',3,(#8237,#8238,#8239,#8240),
 .UNSPECIFIED.,.F.,.F.,(4,4),(0.,1.),.UNSPECIFIED.);
#2131=B_SPLINE_CURVE_WITH_KNOTS('',3,(#8241,#8242,#8243,#8244),
 .UNSPECIFIED.,.F.,.F.,(4,4),(0.,1.),.UNSPECIFIED.);
#2132=B_SPLINE_CURVE_WITH_KNOTS('',3,(#8297,#8298,#8299,#8300),
 .UNSPECIFIED.,.F.,.F.,(4,4),(0.,1.),.UNSPECIFIED.);
#2133=B_SPLINE_CURVE_WITH_KNOTS('',3,(#8303,#8304,#8305,#8306),
 .UNSPECIFIED.,.F.,.F.,(4,4),(0.,1.),.UNSPECIFIED.);
#2134=B_SPLINE_CURVE_WITH_KNOTS('',3,(#8308,#8309,#8310,#8311),
 .UNSPECIFIED.,.F.,.F.,(4,4),(0.,1.),.UNSPECIFIED.);
#2135=B_SPLINE_CURVE_WITH_KNOTS('',3,(#8313,#8314,#8315,#8316),
 .UNSPECIFIED.,.F.,.F.,(4,4),(0.,1.),.UNSPECIFIED.);
#2136=B_SPLINE_CURVE_WITH_KNOTS('',3,(#8318,#8319,#8320,#8321),
 .UNSPECIFIED.,.F.,.F.,(4,4),(0.,1.),.UNSPECIFIED.);
#2137=B_SPLINE_CURVE_WITH_KNOTS('',3,(#8324,#8325,#8326,#8327),
 .UNSPECIFIED.,.F.,.F.,(4,4),(0.,1.),.UNSPECIFIED.);
#2138=B_SPLINE_CURVE_WITH_KNOTS('',3,(#8329,#8330,#8331,#8332,#8333,#8334,
#8335,#8336,#8337,#8338,#8339,#8340,#8341,#8342,#8343,#8344,#8345,#8346,
#8347,#8348,#8349,#8350),.UNSPECIFIED.,.F.,.F.,(4,3,3,3,3,3,3,4),(0.,0.117611882785101,
0.341115497504105,0.563100879063216,0.732136148128841,0.83342371473843,
0.953045644257415,1.),.UNSPECIFIED.);
#2139=B_SPLINE_CURVE_WITH_KNOTS('',3,(#8351,#8352,#8353,#8354),
 .UNSPECIFIED.,.F.,.F.,(4,4),(0.,1.),.UNSPECIFIED.);
#2140=B_SPLINE_CURVE_WITH_KNOTS('',3,(#8356,#8357,#8358,#8359),
 .UNSPECIFIED.,.F.,.F.,(4,4),(0.,1.),.UNSPECIFIED.);
#2141=B_SPLINE_CURVE_WITH_KNOTS('',3,(#8362,#8363,#8364,#8365),
 .UNSPECIFIED.,.F.,.F.,(4,4),(0.,1.),.UNSPECIFIED.);
#2142=B_SPLINE_CURVE_WITH_KNOTS('',3,(#8367,#8368,#8369,#8370),
 .UNSPECIFIED.,.F.,.F.,(4,4),(0.,1.),.UNSPECIFIED.);
#2143=B_SPLINE_CURVE_WITH_KNOTS('',3,(#8372,#8373,#8374,#8375),
 .UNSPECIFIED.,.F.,.F.,(4,4),(0.,1.),.UNSPECIFIED.);
#2144=B_SPLINE_CURVE_WITH_KNOTS('',3,(#8377,#8378,#8379,#8380),
 .UNSPECIFIED.,.F.,.F.,(4,4),(0.,1.),.UNSPECIFIED.);
#2145=B_SPLINE_CURVE_WITH_KNOTS('',3,(#8393,#8394,#8395,#8396),
 .UNSPECIFIED.,.F.,.F.,(4,4),(0.,1.),.UNSPECIFIED.);
#2146=B_SPLINE_CURVE_WITH_KNOTS('',3,(#8400,#8401,#8402,#8403),
 .UNSPECIFIED.,.F.,.F.,(4,4),(0.,1.),.UNSPECIFIED.);
#2147=B_SPLINE_CURVE_WITH_KNOTS('',3,(#8404,#8405,#8406,#8407),
 .UNSPECIFIED.,.F.,.F.,(4,4),(0.,1.),.UNSPECIFIED.);
#2148=B_SPLINE_CURVE_WITH_KNOTS('',3,(#8409,#8410,#8411,#8412),
 .UNSPECIFIED.,.F.,.F.,(4,4),(0.,1.),.UNSPECIFIED.);
#2149=B_SPLINE_CURVE_WITH_KNOTS('',3,(#8467,#8468,#8469,#8470),
 .UNSPECIFIED.,.F.,.F.,(4,4),(0.,1.),.UNSPECIFIED.);
#2150=B_SPLINE_CURVE_WITH_KNOTS('',3,(#8471,#8472,#8473,#8474,#8475,#8476,
#8477,#8478,#8479,#8480,#8481,#8482,#8483,#8484,#8485,#8486,#8487,#8488,
#8489,#8490,#8491,#8492),.UNSPECIFIED.,.F.,.F.,(4,3,3,3,3,3,3,4),(0.,0.0764855069586564,
0.184765599766174,0.30911121096728,0.489622118368221,0.674786774572546,
0.875384169121444,1.),.UNSPECIFIED.);
#2151=B_SPLINE_CURVE_WITH_KNOTS('',3,(#8494,#8495,#8496,#8497,#8498,#8499,
#8500,#8501,#8502,#8503,#8504,#8505,#8506,#8507,#8508,#8509,#8510,#8511,
#8512,#8513,#8514,#8515),.UNSPECIFIED.,.F.,.F.,(4,3,3,3,3,3,3,4),(0.,0.0665288739510402,
0.132781038871428,0.253303566827163,0.477841538846555,0.7139772798967,0.95135031524516,
1.),.UNSPECIFIED.);
#2152=B_SPLINE_CURVE_WITH_KNOTS('',3,(#8517,#8518,#8519,#8520),
 .UNSPECIFIED.,.F.,.F.,(4,4),(0.,1.),.UNSPECIFIED.);
#2153=B_SPLINE_CURVE_WITH_KNOTS('',3,(#8522,#8523,#8524,#8525),
 .UNSPECIFIED.,.F.,.F.,(4,4),(0.,1.),.UNSPECIFIED.);
#2154=B_SPLINE_CURVE_WITH_KNOTS('',3,(#8527,#8528,#8529,#8530),
 .UNSPECIFIED.,.F.,.F.,(4,4),(0.,1.),.UNSPECIFIED.);
#2155=B_SPLINE_CURVE_WITH_KNOTS('',3,(#8536,#8537,#8538,#8539),
 .UNSPECIFIED.,.F.,.F.,(4,4),(0.,1.),.UNSPECIFIED.);
#2156=B_SPLINE_CURVE_WITH_KNOTS('',3,(#8595,#8596,#8597,#8598),
 .UNSPECIFIED.,.F.,.F.,(4,4),(0.,1.),.UNSPECIFIED.);
#2157=B_SPLINE_CURVE_WITH_KNOTS('',3,(#8600,#8601,#8602,#8603),
 .UNSPECIFIED.,.F.,.F.,(4,4),(0.,1.),.UNSPECIFIED.);
#2158=B_SPLINE_CURVE_WITH_KNOTS('',3,(#8605,#8606,#8607,#8608),
 .UNSPECIFIED.,.F.,.F.,(4,4),(0.,1.),.UNSPECIFIED.);
#2159=B_SPLINE_CURVE_WITH_KNOTS('',3,(#8610,#8611,#8612,#8613),
 .UNSPECIFIED.,.F.,.F.,(4,4),(0.,1.),.UNSPECIFIED.);
#2160=B_SPLINE_CURVE_WITH_KNOTS('',3,(#8615,#8616,#8617,#8618),
 .UNSPECIFIED.,.F.,.F.,(4,4),(0.,1.),.UNSPECIFIED.);
#2161=B_SPLINE_CURVE_WITH_KNOTS('',3,(#8671,#8672,#8673,#8674),
 .UNSPECIFIED.,.F.,.F.,(4,4),(0.,1.),.UNSPECIFIED.);
#2162=B_SPLINE_CURVE_WITH_KNOTS('',3,(#8678,#8679,#8680,#8681),
 .UNSPECIFIED.,.F.,.F.,(4,4),(0.,1.),.UNSPECIFIED.);
#2163=B_SPLINE_CURVE_WITH_KNOTS('',3,(#8683,#8684,#8685,#8686),
 .UNSPECIFIED.,.F.,.F.,(4,4),(0.,1.),.UNSPECIFIED.);
#2164=B_SPLINE_CURVE_WITH_KNOTS('',3,(#8687,#8688,#8689,#8690),
 .UNSPECIFIED.,.F.,.F.,(4,4),(0.,1.),.UNSPECIFIED.);
#2165=B_SPLINE_CURVE_WITH_KNOTS('',3,(#8703,#8704,#8705,#8706),
 .UNSPECIFIED.,.F.,.F.,(4,4),(0.,1.),.UNSPECIFIED.);
#2166=B_SPLINE_CURVE_WITH_KNOTS('',3,(#8710,#8711,#8712,#8713),
 .UNSPECIFIED.,.F.,.F.,(4,4),(0.,1.),.UNSPECIFIED.);
#2167=B_SPLINE_CURVE_WITH_KNOTS('',3,(#8715,#8716,#8717,#8718),
 .UNSPECIFIED.,.F.,.F.,(4,4),(0.,1.),.UNSPECIFIED.);
#2168=B_SPLINE_CURVE_WITH_KNOTS('',3,(#8719,#8720,#8721,#8722),
 .UNSPECIFIED.,.F.,.F.,(4,4),(0.,1.),.UNSPECIFIED.);
#2169=B_SPLINE_CURVE_WITH_KNOTS('',3,(#8724,#8725,#8726,#8727),
 .UNSPECIFIED.,.F.,.F.,(4,4),(0.,1.),.UNSPECIFIED.);
#2170=B_SPLINE_CURVE_WITH_KNOTS('',3,(#8785,#8786,#8787,#8788),
 .UNSPECIFIED.,.F.,.F.,(4,4),(0.,1.),.UNSPECIFIED.);
#2171=B_SPLINE_CURVE_WITH_KNOTS('',3,(#8790,#8791,#8792,#8793),
 .UNSPECIFIED.,.F.,.F.,(4,4),(0.,1.),.UNSPECIFIED.);
#2172=B_SPLINE_CURVE_WITH_KNOTS('',3,(#8794,#8795,#8796,#8797),
 .UNSPECIFIED.,.F.,.F.,(4,4),(0.,1.),.UNSPECIFIED.);
#2173=B_SPLINE_CURVE_WITH_KNOTS('',3,(#8837,#8838,#8839,#8840),
 .UNSPECIFIED.,.F.,.F.,(4,4),(0.,1.),.UNSPECIFIED.);
#2174=B_SPLINE_CURVE_WITH_KNOTS('',3,(#8842,#8843,#8844,#8845),
 .UNSPECIFIED.,.F.,.F.,(4,4),(0.,1.),.UNSPECIFIED.);
#2175=B_SPLINE_CURVE_WITH_KNOTS('',3,(#8847,#8848,#8849,#8850,#8851,#8852,
#8853),.UNSPECIFIED.,.F.,.F.,(4,3,4),(0.,0.677298549313979,1.),
 .UNSPECIFIED.);
#2176=B_SPLINE_CURVE_WITH_KNOTS('',3,(#8855,#8856,#8857,#8858),
 .UNSPECIFIED.,.F.,.F.,(4,4),(0.,1.),.UNSPECIFIED.);
#2177=B_SPLINE_CURVE_WITH_KNOTS('',3,(#8859,#8860,#8861,#8862),
 .UNSPECIFIED.,.F.,.F.,(4,4),(0.,1.),.UNSPECIFIED.);
#2178=B_SPLINE_CURVE_WITH_KNOTS('',3,(#8864,#8865,#8866,#8867),
 .UNSPECIFIED.,.F.,.F.,(4,4),(0.,1.),.UNSPECIFIED.);
#2179=B_SPLINE_CURVE_WITH_KNOTS('',3,(#8869,#8870,#8871,#8872),
 .UNSPECIFIED.,.F.,.F.,(4,4),(0.,1.),.UNSPECIFIED.);
#2180=B_SPLINE_CURVE_WITH_KNOTS('',3,(#8874,#8875,#8876,#8877),
 .UNSPECIFIED.,.F.,.F.,(4,4),(0.,1.),.UNSPECIFIED.);
#2181=B_SPLINE_CURVE_WITH_KNOTS('',3,(#8879,#8880,#8881,#8882),
 .UNSPECIFIED.,.F.,.F.,(4,4),(0.,1.),.UNSPECIFIED.);
#2182=B_SPLINE_CURVE_WITH_KNOTS('',3,(#8884,#8885,#8886,#8887),
 .UNSPECIFIED.,.F.,.F.,(4,4),(0.,1.),.UNSPECIFIED.);
#2183=B_SPLINE_CURVE_WITH_KNOTS('',3,(#8888,#8889,#8890,#8891),
 .UNSPECIFIED.,.F.,.F.,(4,4),(0.,1.),.UNSPECIFIED.);
#2184=B_SPLINE_CURVE_WITH_KNOTS('',3,(#8908,#8909,#8910,#8911),
 .UNSPECIFIED.,.F.,.F.,(4,4),(0.,1.),.UNSPECIFIED.);
#2185=B_SPLINE_CURVE_WITH_KNOTS('',3,(#8913,#8914,#8915,#8916),
 .UNSPECIFIED.,.F.,.F.,(4,4),(0.,1.),.UNSPECIFIED.);
#2186=B_SPLINE_CURVE_WITH_KNOTS('',3,(#8918,#8919,#8920,#8921),
 .UNSPECIFIED.,.F.,.F.,(4,4),(0.,1.),.UNSPECIFIED.);
#2187=B_SPLINE_CURVE_WITH_KNOTS('',3,(#8923,#8924,#8925,#8926),
 .UNSPECIFIED.,.F.,.F.,(4,4),(0.,1.),.UNSPECIFIED.);
#2188=B_SPLINE_CURVE_WITH_KNOTS('',3,(#8943,#8944,#8945,#8946),
 .UNSPECIFIED.,.F.,.F.,(4,4),(0.,1.),.UNSPECIFIED.);
#2189=B_SPLINE_CURVE_WITH_KNOTS('',3,(#8949,#8950,#8951,#8952),
 .UNSPECIFIED.,.F.,.F.,(4,4),(0.,1.),.UNSPECIFIED.);
#2190=B_SPLINE_CURVE_WITH_KNOTS('',3,(#8954,#8955,#8956,#8957),
 .UNSPECIFIED.,.F.,.F.,(4,4),(0.,1.),.UNSPECIFIED.);
#2191=B_SPLINE_CURVE_WITH_KNOTS('',3,(#8959,#8960,#8961,#8962),
 .UNSPECIFIED.,.F.,.F.,(4,4),(0.,1.),.UNSPECIFIED.);
#2192=B_SPLINE_CURVE_WITH_KNOTS('',3,(#8975,#8976,#8977,#8978),
 .UNSPECIFIED.,.F.,.F.,(4,4),(0.,1.),.UNSPECIFIED.);
#2193=B_SPLINE_CURVE_WITH_KNOTS('',3,(#8979,#8980,#8981,#8982),
 .UNSPECIFIED.,.F.,.F.,(4,4),(0.,1.),.UNSPECIFIED.);
#2194=B_SPLINE_CURVE_WITH_KNOTS('',3,(#8999,#9000,#9001,#9002),
 .UNSPECIFIED.,.F.,.F.,(4,4),(0.,1.),.UNSPECIFIED.);
#2195=B_SPLINE_CURVE_WITH_KNOTS('',3,(#9006,#9007,#9008,#9009),
 .UNSPECIFIED.,.F.,.F.,(4,4),(0.,1.),.UNSPECIFIED.);
#2196=B_SPLINE_CURVE_WITH_KNOTS('',3,(#9011,#9012,#9013,#9014),
 .UNSPECIFIED.,.F.,.F.,(4,4),(0.,1.),.UNSPECIFIED.);
#2197=B_SPLINE_CURVE_WITH_KNOTS('',3,(#9016,#9017,#9018,#9019),
 .UNSPECIFIED.,.F.,.F.,(4,4),(0.,1.),.UNSPECIFIED.);
#2198=B_SPLINE_CURVE_WITH_KNOTS('',3,(#9020,#9021,#9022,#9023),
 .UNSPECIFIED.,.F.,.F.,(4,4),(0.,1.),.UNSPECIFIED.);
#2199=B_SPLINE_CURVE_WITH_KNOTS('',3,(#9060,#9061,#9062,#9063),
 .UNSPECIFIED.,.F.,.F.,(4,4),(0.,1.),.UNSPECIFIED.);
#2200=B_SPLINE_CURVE_WITH_KNOTS('',3,(#9066,#9067,#9068,#9069),
 .UNSPECIFIED.,.F.,.F.,(4,4),(0.,1.),.UNSPECIFIED.);
#2201=B_SPLINE_CURVE_WITH_KNOTS('',3,(#9071,#9072,#9073,#9074),
 .UNSPECIFIED.,.F.,.F.,(4,4),(0.,1.),.UNSPECIFIED.);
#2202=B_SPLINE_CURVE_WITH_KNOTS('',3,(#9075,#9076,#9077,#9078),
 .UNSPECIFIED.,.F.,.F.,(4,4),(0.,1.),.UNSPECIFIED.);
#2203=B_SPLINE_CURVE_WITH_KNOTS('',3,(#9096,#9097,#9098,#9099),
 .UNSPECIFIED.,.F.,.F.,(4,4),(0.,1.),.UNSPECIFIED.);
#2204=B_SPLINE_CURVE_WITH_KNOTS('',3,(#9101,#9102,#9103,#9104),
 .UNSPECIFIED.,.F.,.F.,(4,4),(0.,1.),.UNSPECIFIED.);
#2205=B_SPLINE_CURVE_WITH_KNOTS('',3,(#9106,#9107,#9108,#9109),
 .UNSPECIFIED.,.F.,.F.,(4,4),(0.,1.),.UNSPECIFIED.);
#2206=B_SPLINE_CURVE_WITH_KNOTS('',3,(#9111,#9112,#9113,#9114,#9115,#9116,
#9117),.UNSPECIFIED.,.F.,.F.,(4,3,4),(0.,0.679054765828037,1.),
 .UNSPECIFIED.);
#2207=B_SPLINE_CURVE_WITH_KNOTS('',3,(#9119,#9120,#9121,#9122),
 .UNSPECIFIED.,.F.,.F.,(4,4),(0.,1.),.UNSPECIFIED.);
#2208=B_SPLINE_CURVE_WITH_KNOTS('',3,(#9123,#9124,#9125,#9126),
 .UNSPECIFIED.,.F.,.F.,(4,4),(0.,1.),.UNSPECIFIED.);
#2209=B_SPLINE_CURVE_WITH_KNOTS('',3,(#9134,#9135,#9136,#9137),
 .UNSPECIFIED.,.F.,.F.,(4,4),(0.,1.),.UNSPECIFIED.);
#2210=B_SPLINE_CURVE_WITH_KNOTS('',3,(#9139,#9140,#9141,#9142),
 .UNSPECIFIED.,.F.,.F.,(4,4),(0.,1.),.UNSPECIFIED.);
#2211=B_SPLINE_CURVE_WITH_KNOTS('',3,(#9143,#9144,#9145,#9146),
 .UNSPECIFIED.,.F.,.F.,(4,4),(0.,1.),.UNSPECIFIED.);
#2212=B_SPLINE_CURVE_WITH_KNOTS('',3,(#9198,#9199,#9200,#9201),
 .UNSPECIFIED.,.F.,.F.,(4,4),(0.,1.),.UNSPECIFIED.);
#2213=B_SPLINE_CURVE_WITH_KNOTS('',3,(#9202,#9203,#9204,#9205),
 .UNSPECIFIED.,.F.,.F.,(4,4),(0.,1.),.UNSPECIFIED.);
#2214=B_SPLINE_CURVE_WITH_KNOTS('',3,(#9207,#9208,#9209,#9210),
 .UNSPECIFIED.,.F.,.F.,(4,4),(0.,1.),.UNSPECIFIED.);
#2215=B_SPLINE_CURVE_WITH_KNOTS('',3,(#9212,#9213,#9214,#9215),
 .UNSPECIFIED.,.F.,.F.,(4,4),(0.,1.),.UNSPECIFIED.);
#2216=B_SPLINE_CURVE_WITH_KNOTS('',3,(#9217,#9218,#9219,#9220),
 .UNSPECIFIED.,.F.,.F.,(4,4),(0.,1.),.UNSPECIFIED.);
#2217=B_SPLINE_CURVE_WITH_KNOTS('',3,(#9222,#9223,#9224,#9225),
 .UNSPECIFIED.,.F.,.F.,(4,4),(0.,1.),.UNSPECIFIED.);
#2218=B_SPLINE_CURVE_WITH_KNOTS('',3,(#9227,#9228,#9229,#9230),
 .UNSPECIFIED.,.F.,.F.,(4,4),(0.,1.),.UNSPECIFIED.);
#2219=B_SPLINE_CURVE_WITH_KNOTS('',3,(#9232,#9233,#9234,#9235),
 .UNSPECIFIED.,.F.,.F.,(4,4),(0.,1.),.UNSPECIFIED.);
#2220=B_SPLINE_CURVE_WITH_KNOTS('',3,(#9237,#9238,#9239,#9240),
 .UNSPECIFIED.,.F.,.F.,(4,4),(0.,1.),.UNSPECIFIED.);
#2221=B_SPLINE_CURVE_WITH_KNOTS('',3,(#9242,#9243,#9244,#9245),
 .UNSPECIFIED.,.F.,.F.,(4,4),(0.,1.),.UNSPECIFIED.);
#2222=B_SPLINE_CURVE_WITH_KNOTS('',3,(#9247,#9248,#9249,#9250),
 .UNSPECIFIED.,.F.,.F.,(4,4),(0.,1.),.UNSPECIFIED.);
#2223=B_SPLINE_CURVE_WITH_KNOTS('',3,(#9670,#9671,#9672,#9673),
 .UNSPECIFIED.,.F.,.F.,(4,4),(0.,1.),.UNSPECIFIED.);
#2224=B_SPLINE_CURVE_WITH_KNOTS('',3,(#9786,#9787,#9788,#9789),
 .UNSPECIFIED.,.F.,.F.,(4,4),(0.,1.),.UNSPECIFIED.);
#2225=B_SPLINE_CURVE_WITH_KNOTS('',3,(#9794,#9795,#9796,#9797),
 .UNSPECIFIED.,.F.,.F.,(4,4),(0.,1.),.UNSPECIFIED.);
#2226=B_SPLINE_CURVE_WITH_KNOTS('',3,(#9882,#9883,#9884,#9885,#9886,#9887,
#9888,#9889,#9890,#9891,#9892,#9893,#9894,#9895,#9896,#9897),
 .UNSPECIFIED.,.F.,.F.,(4,3,3,3,3,4),(0.,0.0737877372756056,0.168953975068576,
0.335335838682286,0.662351348810795,1.),.UNSPECIFIED.);
#2227=B_SPLINE_CURVE_WITH_KNOTS('',3,(#9902,#9903,#9904,#9905,#9906,#9907,
#9908,#9909,#9910,#9911,#9912,#9913,#9914,#9915,#9916,#9917,#9918,#9919,
#9920,#9921,#9922,#9923,#9924,#9925,#9926),.UNSPECIFIED.,.F.,.F.,(4,3,3,
3,3,3,3,3,4),(0.,0.018235950362882,0.0255667597161855,0.0664078255159432,
0.0809558784586094,0.201281015969296,0.370317747987286,0.921127078906813,
1.),.UNSPECIFIED.);
#2228=B_SPLINE_CURVE_WITH_KNOTS('',3,(#9928,#9929,#9930,#9931,#9932,#9933,
#9934,#9935,#9936,#9937,#9938,#9939,#9940,#9941,#9942,#9943),
 .UNSPECIFIED.,.F.,.F.,(4,3,3,3,3,4),(0.,0.208426840472375,0.415565600734882,
0.639435334351347,0.909540394291959,1.),.UNSPECIFIED.);
#2229=B_SPLINE_CURVE_WITH_KNOTS('',3,(#9945,#9946,#9947,#9948,#9949,#9950,
#9951,#9952,#9953,#9954,#9955,#9956,#9957),.UNSPECIFIED.,.F.,.F.,(4,3,3,
3,4),(0.,0.253269809700271,0.506348902141556,0.762256273627569,1.),
 .UNSPECIFIED.);
#2230=B_SPLINE_CURVE_WITH_KNOTS('',3,(#9959,#9960,#9961,#9962,#9963,#9964,
#9965,#9966,#9967,#9968,#9969,#9970,#9971),.UNSPECIFIED.,.F.,.F.,(4,3,3,
3,4),(0.,0.427559390198673,0.861795886683946,0.94166731139283,1.),
 .UNSPECIFIED.);
#2231=B_SPLINE_CURVE_WITH_KNOTS('',3,(#9973,#9974,#9975,#9976,#9977,#9978,
#9979,#9980,#9981,#9982,#9983,#9984,#9985),.UNSPECIFIED.,.F.,.F.,(4,3,3,
3,4),(0.,0.134450527934806,0.698918305192076,0.876229865113171,1.),
 .UNSPECIFIED.);
#2232=B_SPLINE_CURVE_WITH_KNOTS('',3,(#10005,#10006,#10007,#10008,#10009,
#10010,#10011,#10012,#10013,#10014,#10015,#10016,#10017,#10018,#10019,#10020),
 .UNSPECIFIED.,.F.,.F.,(4,3,3,3,3,4),(0.,0.141706138091966,0.510930543265469,
0.734969660922069,0.876980901314857,1.),.UNSPECIFIED.);
#2233=B_SPLINE_CURVE_WITH_KNOTS('',3,(#10023,#10024,#10025,#10026),
 .UNSPECIFIED.,.F.,.F.,(4,4),(0.,1.),.UNSPECIFIED.);
#2234=B_SPLINE_CURVE_WITH_KNOTS('',3,(#10029,#10030,#10031,#10032,#10033,
#10034,#10035,#10036,#10037,#10038,#10039,#10040,#10041,#10042,#10043,#10044),
 .UNSPECIFIED.,.F.,.F.,(4,3,3,3,3,4),(0.,0.170851925475605,0.340876480423958,
0.561979517116863,0.873464166929636,1.),.UNSPECIFIED.);
#2235=B_SPLINE_CURVE_WITH_KNOTS('',3,(#10046,#10047,#10048,#10049),
 .UNSPECIFIED.,.F.,.F.,(4,4),(0.,1.),.UNSPECIFIED.);
#2236=B_SPLINE_CURVE_WITH_KNOTS('',3,(#10211,#10212,#10213,#10214,#10215,
#10216,#10217,#10218,#10219,#10220,#10221,#10222,#10223,#10224,#10225,#10226),
 .UNSPECIFIED.,.F.,.F.,(4,3,3,3,3,4),(0.,0.162292110264114,0.408824256399888,
0.823790715904868,0.952662070231098,1.),.UNSPECIFIED.);
#2237=B_SPLINE_CURVE_WITH_KNOTS('',3,(#10237,#10238,#10239,#10240,#10241,
#10242,#10243,#10244,#10245,#10246,#10247,#10248,#10249,#10250,#10251,#10252),
 .UNSPECIFIED.,.F.,.F.,(4,3,3,3,3,4),(0.,0.0979019395563558,0.322778708496217,
0.511814727698981,0.804810794898546,1.),.UNSPECIFIED.);
#2238=B_SPLINE_CURVE_WITH_KNOTS('',3,(#10285,#10286,#10287,#10288,#10289,
#10290,#10291,#10292,#10293,#10294,#10295,#10296,#10297,#10298,#10299,#10300,
#10301,#10302,#10303,#10304,#10305,#10306,#10307,#10308,#10309,#10310,#10311,
#10312,#10313,#10314,#10315,#10316,#10317,#10318,#10319,#10320,#10321,#10322,
#10323,#10324),.UNSPECIFIED.,.F.,.F.,(4,3,3,3,3,3,3,3,3,3,3,3,3,4),(0.,
0.0985645209184938,0.167787688754998,0.292551030590667,0.421645256849744,
0.461874268648508,0.485581959035165,0.506654518306433,0.527114970731157,
0.570178096434234,0.629079175447722,0.73995850990507,0.890113301560195,
1.),.UNSPECIFIED.);
#2239=B_SPLINE_CURVE_WITH_KNOTS('',3,(#10326,#10327,#10328,#10329,#10330,
#10331,#10332,#10333,#10334,#10335,#10336,#10337,#10338,#10339,#10340,#10341,
#10342,#10343,#10344,#10345,#10346,#10347),.UNSPECIFIED.,.F.,.F.,(4,3,3,
3,3,3,3,4),(0.,0.000286514206195774,0.0515184401838935,0.102748140008814,
0.205141829616402,0.569142098375986,0.789109190084465,1.),.UNSPECIFIED.);
#2240=B_SPLINE_CURVE_WITH_KNOTS('',3,(#10351,#10352,#10353,#10354,#10355,
#10356,#10357),.UNSPECIFIED.,.F.,.F.,(4,3,4),(0.,0.496207860911574,1.),
 .UNSPECIFIED.);
#2241=B_SPLINE_CURVE_WITH_KNOTS('',3,(#10358,#10359,#10360,#10361,#10362,
#10363,#10364,#10365,#10366,#10367,#10368,#10369,#10370),.UNSPECIFIED.,
 .F.,.F.,(4,3,3,3,4),(0.,0.000375781194275793,0.409366131237277,0.756273922925713,
1.),.UNSPECIFIED.);
#2242=B_SPLINE_CURVE_WITH_KNOTS('',3,(#10372,#10373,#10374,#10375,#10376,
#10377,#10378),.UNSPECIFIED.,.F.,.F.,(4,3,4),(0.,0.503792139088424,1.),
 .UNSPECIFIED.);
#2243=B_SPLINE_CURVE_WITH_KNOTS('',3,(#10382,#10383,#10384,#10385,#10386,
#10387,#10388,#10389,#10390,#10391,#10392,#10393,#10394,#10395,#10396,#10397,
#10398,#10399,#10400,#10401,#10402,#10403),.UNSPECIFIED.,.F.,.F.,(4,3,3,
3,3,3,3,4),(0.,0.210890809915535,0.430857901624014,0.794858170383597,0.897251859991184,
0.948481559816105,0.999713485793804,1.),.UNSPECIFIED.);
#2244=B_SPLINE_CURVE_WITH_KNOTS('',3,(#10404,#10405,#10406,#10407,#10408,
#10409,#10410,#10411,#10412,#10413,#10414,#10415,#10416),.UNSPECIFIED.,
 .F.,.F.,(4,3,3,3,4),(0.,0.243726077074288,0.590633868762726,0.999624218805696,
1.),.UNSPECIFIED.);
#2245=B_SPLINE_CURVE_WITH_KNOTS('',3,(#10418,#10419,#10420,#10421,#10422,
#10423,#10424,#10425,#10426,#10427,#10428,#10429,#10430,#10431,#10432,#10433,
#10434,#10435,#10436,#10437,#10438,#10439),.UNSPECIFIED.,.F.,.F.,(4,3,3,
3,3,3,3,4),(0.,0.172939788787316,0.369055533933007,0.751487672614086,0.873898122513152,
0.936550718792165,0.999700409455863,1.),.UNSPECIFIED.);
#2246=B_SPLINE_CURVE_WITH_KNOTS('',3,(#10440,#10441,#10442,#10443,#10444,
#10445,#10446,#10447,#10448,#10449,#10450,#10451,#10452,#10453,#10454,#10455,
#10456,#10457,#10458,#10459,#10460,#10461),.UNSPECIFIED.,.F.,.F.,(4,3,3,
3,3,3,3,4),(0.,0.000299590544154989,0.0634492812078381,0.126101877486852,
0.248512327385916,0.630944466066994,0.827060211212684,1.),.UNSPECIFIED.);
#2247=B_SPLINE_CURVE_WITH_KNOTS('',3,(#10463,#10464,#10465,#10466,#10467,
#10468,#10469,#10470,#10471,#10472,#10473,#10474,#10475,#10476,#10477,#10478),
 .UNSPECIFIED.,.F.,.F.,(4,3,3,3,3,4),(0.,0.17033062213631,0.498564294240321,
0.881050201166219,0.999475080827842,1.),.UNSPECIFIED.);
#2248=B_SPLINE_CURVE_WITH_KNOTS('',3,(#10479,#10480,#10481,#10482,#10483,
#10484,#10485,#10486,#10487,#10488,#10489,#10490,#10491,#10492,#10493,#10494),
 .UNSPECIFIED.,.F.,.F.,(4,3,3,3,3,4),(0.,0.000524919172184782,0.118949798833781,
0.501435705759679,0.82966937786369,1.),.UNSPECIFIED.);
#2249=B_SPLINE_CURVE_WITH_KNOTS('',3,(#10496,#10497,#10498,#10499,#10500,
#10501,#10502),.UNSPECIFIED.,.F.,.F.,(4,3,4),(0.,0.516959022213766,1.),
 .UNSPECIFIED.);
#2250=B_SPLINE_CURVE_WITH_KNOTS('',3,(#10505,#10506,#10507,#10508,#10509,
#10510,#10511,#10512,#10513,#10514,#10515,#10516,#10517,#10518,#10519,#10520,
#10521,#10522,#10523,#10524,#10525,#10526,#10527,#10528,#10529,#10530,#10531,
#10532,#10533,#10534,#10535),.UNSPECIFIED.,.F.,.F.,(4,3,3,3,3,3,3,3,3,3,
4),(0.,0.0945175383209858,0.405308979875365,0.469497782025889,0.495650726164372,
0.500830226985023,0.521570479017755,0.553342925471416,0.615604101083267,
0.846308148422862,1.),.UNSPECIFIED.);
#2251=B_SPLINE_CURVE_WITH_KNOTS('',3,(#10537,#10538,#10539,#10540,#10541,
#10542,#10543),.UNSPECIFIED.,.F.,.F.,(4,3,4),(0.,0.53893837054109,1.),
 .UNSPECIFIED.);
#2252=B_SPLINE_CURVE_WITH_KNOTS('',3,(#10545,#10546,#10547,#10548,#10549,
#10550,#10551,#10552,#10553,#10554),.UNSPECIFIED.,.F.,.F.,(4,3,3,4),(0.,
0.0601663414458986,0.510830071606424,1.),.UNSPECIFIED.);
#2253=B_SPLINE_CURVE_WITH_KNOTS('',3,(#10555,#10556,#10557,#10558,#10559,
#10560,#10561),.UNSPECIFIED.,.F.,.F.,(4,3,4),(0.,0.488397920791226,1.),
 .UNSPECIFIED.);
#2254=B_SPLINE_CURVE_WITH_KNOTS('',2,(#10562,#10563,#10564,#10565,#10566,
#10567),.UNSPECIFIED.,.F.,.F.,(3,1,1,1,3),(0.,0.396638914994276,0.606362092611993,
0.765043798520073,1.),.UNSPECIFIED.);
#2255=B_SPLINE_CURVE_WITH_KNOTS('',3,(#10605,#10606,#10607,#10608,#10609,
#10610,#10611,#10612,#10613,#10614,#10615,#10616,#10617,#10618,#10619,#10620,
#10621,#10622,#10623),.UNSPECIFIED.,.F.,.F.,(4,3,3,3,3,3,4),(0.,0.0226758141221936,
0.140312458674284,0.355234351769837,0.570156236739707,0.785078118261917,
1.),.UNSPECIFIED.);
#2256=B_SPLINE_CURVE_WITH_KNOTS('',3,(#10651,#10652,#10653,#10654,#10655,
#10656,#10657,#10658,#10659,#10660,#10661,#10662,#10663,#10664,#10665,#10666,
#10667,#10668,#10669),.UNSPECIFIED.,.F.,.F.,(4,3,3,3,3,3,4),(0.,0.214921881756288,
0.429843763296701,0.644765648284775,0.859687541398532,0.977324185962947,
1.),.UNSPECIFIED.);
#2257=B_SPLINE_CURVE_WITH_KNOTS('',3,(#10717,#10718,#10719,#10720,#10721,
#10722,#10723,#10724,#10725,#10726,#10727,#10728,#10729,#10730,#10731,#10732),
 .UNSPECIFIED.,.F.,.F.,(4,3,3,3,3,4),(0.,0.162257382943807,0.186345284088373,
0.607005442723276,0.847629926190278,1.),.UNSPECIFIED.);
#2258=B_SPLINE_CURVE_WITH_KNOTS('',3,(#10736,#10737,#10738,#10739,#10740,
#10741,#10742,#10743,#10744,#10745,#10746,#10747,#10748),.UNSPECIFIED.,
 .F.,.F.,(4,3,3,3,4),(0.,0.183512165715661,0.471156600752997,0.896896213097359,
1.),.UNSPECIFIED.);
#2259=B_SPLINE_CURVE_WITH_KNOTS('',3,(#10755,#10756,#10757,#10758,#10759,
#10760),.UNSPECIFIED.,.T.,.F.,(2,2,2,2,2),(-0.5,0.,0.5,1.,1.5),
 .UNSPECIFIED.);
#2260=B_SPLINE_CURVE_WITH_KNOTS('',3,(#10849,#10850,#10851,#10852,#10853,
#10854),.UNSPECIFIED.,.F.,.F.,(4,2,4),(0.,0.5,1.),.UNSPECIFIED.);
#2261=B_SPLINE_CURVE_WITH_KNOTS('',3,(#10857,#10858,#10859,#10860),
 .UNSPECIFIED.,.F.,.F.,(4,4),(0.,1.),.UNSPECIFIED.);
#2262=FACE_BOUND('',#2430,.T.);
#2263=FACE_BOUND('',#2431,.T.);
#2264=FACE_BOUND('',#2432,.T.);
#2265=FACE_BOUND('',#2433,.T.);
#2266=FACE_BOUND('',#2439,.T.);
#2267=FACE_BOUND('',#2440,.T.);
#2268=FACE_BOUND('',#2441,.T.);
#2269=FACE_BOUND('',#2442,.T.);
#2270=FACE_BOUND('',#2443,.T.);
#2271=FACE_BOUND('',#2444,.T.);
#2272=FACE_BOUND('',#2445,.T.);
#2273=FACE_BOUND('',#2446,.T.);
#2274=FACE_BOUND('',#2447,.T.);
#2275=FACE_BOUND('',#2448,.T.);
#2276=FACE_BOUND('',#2451,.T.);
#2277=FACE_BOUND('',#2452,.T.);
#2278=FACE_BOUND('',#2453,.T.);
#2279=FACE_BOUND('',#2454,.T.);
#2280=FACE_BOUND('',#2455,.T.);
#2281=FACE_BOUND('',#2456,.T.);
#2282=FACE_BOUND('',#2457,.T.);
#2283=FACE_BOUND('',#2459,.T.);
#2284=FACE_BOUND('',#2460,.T.);
#2285=FACE_BOUND('',#2536,.T.);
#2286=FACE_BOUND('',#2537,.T.);
#2287=FACE_BOUND('',#2538,.T.);
#2288=FACE_BOUND('',#2539,.T.);
#2289=FACE_BOUND('',#2540,.T.);
#2290=FACE_BOUND('',#2541,.T.);
#2291=FACE_BOUND('',#2542,.T.);
#2292=FACE_BOUND('',#2543,.T.);
#2293=FACE_BOUND('',#2545,.T.);
#2294=FACE_BOUND('',#2546,.T.);
#2295=FACE_BOUND('',#2561,.T.);
#2296=FACE_BOUND('',#2562,.T.);
#2297=FACE_BOUND('',#2563,.T.);
#2298=FACE_BOUND('',#2564,.T.);
#2299=FACE_BOUND('',#2565,.T.);
#2300=FACE_BOUND('',#2566,.T.);
#2301=FACE_BOUND('',#2567,.T.);
#2302=FACE_BOUND('',#2568,.T.);
#2303=FACE_BOUND('',#2569,.T.);
#2304=FACE_BOUND('',#2570,.T.);
#2305=FACE_BOUND('',#2571,.T.);
#2306=FACE_BOUND('',#2572,.T.);
#2307=FACE_BOUND('',#2573,.T.);
#2308=FACE_BOUND('',#2574,.T.);
#2309=FACE_BOUND('',#2575,.T.);
#2310=FACE_BOUND('',#2576,.T.);
#2311=FACE_BOUND('',#2577,.T.);
#2312=FACE_BOUND('',#2578,.T.);
#2313=FACE_BOUND('',#2579,.T.);
#2314=FACE_BOUND('',#2580,.T.);
#2315=FACE_BOUND('',#2581,.T.);
#2316=FACE_BOUND('',#2582,.T.);
#2317=FACE_BOUND('',#2583,.T.);
#2318=FACE_BOUND('',#2584,.T.);
#2319=FACE_BOUND('',#2585,.T.);
#2320=FACE_BOUND('',#2586,.T.);
#2321=FACE_BOUND('',#2587,.T.);
#2322=FACE_BOUND('',#2588,.T.);
#2323=FACE_BOUND('',#2589,.T.);
#2324=FACE_BOUND('',#2590,.T.);
#2325=FACE_BOUND('',#2591,.T.);
#2326=FACE_BOUND('',#2592,.T.);
#2327=FACE_BOUND('',#2593,.T.);
#2328=FACE_BOUND('',#2594,.T.);
#2329=FACE_BOUND('',#2598,.T.);
#2330=FACE_BOUND('',#2599,.T.);
#2331=FACE_BOUND('',#2600,.T.);
#2332=FACE_BOUND('',#2601,.T.);
#2333=FACE_BOUND('',#2602,.T.);
#2334=FACE_BOUND('',#2603,.T.);
#2335=FACE_BOUND('',#2604,.T.);
#2336=FACE_BOUND('',#2605,.T.);
#2337=FACE_BOUND('',#2625,.T.);
#2338=FACE_BOUND('',#2626,.T.);
#2339=FACE_BOUND('',#2634,.T.);
#2340=FACE_BOUND('',#2635,.T.);
#2341=FACE_BOUND('',#2636,.T.);
#2342=FACE_BOUND('',#2637,.T.);
#2343=FACE_BOUND('',#2638,.T.);
#2344=FACE_BOUND('',#2639,.T.);
#2345=FACE_BOUND('',#2640,.T.);
#2346=FACE_BOUND('',#2641,.T.);
#2347=FACE_BOUND('',#2642,.T.);
#2348=FACE_BOUND('',#2643,.T.);
#2349=FACE_BOUND('',#2644,.T.);
#2350=FACE_BOUND('',#2645,.T.);
#2351=FACE_BOUND('',#2646,.T.);
#2352=FACE_BOUND('',#2647,.T.);
#2353=FACE_BOUND('',#2648,.T.);
#2354=FACE_BOUND('',#2649,.T.);
#2355=FACE_BOUND('',#2650,.T.);
#2356=FACE_BOUND('',#2651,.T.);
#2357=FACE_BOUND('',#2652,.T.);
#2358=FACE_BOUND('',#2653,.T.);
#2359=FACE_BOUND('',#2688,.T.);
#2360=FACE_BOUND('',#2689,.T.);
#2361=FACE_BOUND('',#2690,.T.);
#2362=FACE_BOUND('',#2691,.T.);
#2363=FACE_BOUND('',#2692,.T.);
#2364=FACE_BOUND('',#2693,.T.);
#2365=FACE_BOUND('',#2694,.T.);
#2366=FACE_BOUND('',#2695,.T.);
#2367=FACE_BOUND('',#2696,.T.);
#2368=FACE_BOUND('',#2701,.T.);
#2369=FACE_BOUND('',#2702,.T.);
#2370=FACE_BOUND('',#2709,.T.);
#2371=FACE_BOUND('',#2710,.T.);
#2372=FACE_BOUND('',#2725,.T.);
#2373=FACE_BOUND('',#2726,.T.);
#2374=FACE_BOUND('',#2727,.T.);
#2375=FACE_BOUND('',#2728,.T.);
#2376=FACE_BOUND('',#2729,.T.);
#2377=FACE_BOUND('',#2730,.T.);
#2378=FACE_BOUND('',#2735,.T.);
#2379=FACE_BOUND('',#2736,.T.);
#2380=FACE_BOUND('',#2743,.T.);
#2381=FACE_BOUND('',#2744,.T.);
#2382=FACE_BOUND('',#2745,.T.);
#2383=FACE_BOUND('',#2746,.T.);
#2384=FACE_BOUND('',#2749,.T.);
#2385=FACE_BOUND('',#2750,.T.);
#2386=FACE_BOUND('',#2751,.T.);
#2387=FACE_BOUND('',#2752,.T.);
#2388=FACE_BOUND('',#2753,.T.);
#2389=FACE_BOUND('',#2754,.T.);
#2390=FACE_BOUND('',#2755,.T.);
#2391=FACE_BOUND('',#2756,.T.);
#2392=FACE_BOUND('',#2757,.T.);
#2393=FACE_BOUND('',#2758,.T.);
#2394=FACE_BOUND('',#2759,.T.);
#2395=FACE_BOUND('',#2760,.T.);
#2396=FACE_BOUND('',#2762,.T.);
#2397=FACE_BOUND('',#2763,.T.);
#2398=FACE_BOUND('',#2764,.T.);
#2399=FACE_BOUND('',#2765,.T.);
#2400=FACE_BOUND('',#2766,.T.);
#2401=FACE_BOUND('',#2767,.T.);
#2402=FACE_BOUND('',#2768,.T.);
#2403=FACE_BOUND('',#2769,.T.);
#2404=FACE_BOUND('',#2770,.T.);
#2405=FACE_BOUND('',#2771,.T.);
#2406=FACE_BOUND('',#2772,.T.);
#2407=FACE_BOUND('',#2773,.T.);
#2408=FACE_BOUND('',#2774,.T.);
#2409=FACE_BOUND('',#2775,.T.);
#2410=FACE_BOUND('',#2776,.T.);
#2411=FACE_BOUND('',#2777,.T.);
#2412=FACE_BOUND('',#2778,.T.);
#2413=FACE_BOUND('',#2779,.T.);
#2414=FACE_BOUND('',#2780,.T.);
#2415=FACE_BOUND('',#2781,.T.);
#2416=FACE_BOUND('',#2782,.T.);
#2417=FACE_BOUND('',#2783,.T.);
#2418=FACE_BOUND('',#2784,.T.);
#2419=FACE_BOUND('',#2785,.T.);
#2420=FACE_BOUND('',#2786,.T.);
#2421=FACE_BOUND('',#2787,.T.);
#2422=FACE_BOUND('',#2788,.T.);
#2423=FACE_BOUND('',#2789,.T.);
#2424=FACE_BOUND('',#2790,.T.);
#2425=FACE_BOUND('',#2791,.T.);
#2426=FACE_BOUND('',#2792,.T.);
#2427=FACE_BOUND('',#2793,.T.);
#2428=FACE_BOUND('',#2794,.T.);
#2429=FACE_BOUND('',#2795,.T.);
#2430=EDGE_LOOP('',(#2796));
#2431=EDGE_LOOP('',(#2797,#2798,#2799,#2800));
#2432=EDGE_LOOP('',(#2801));
#2433=EDGE_LOOP('',(#2802,#2803,#2804,#2805,#2806,#2807,#2808,#2809,#2810,
#2811,#2812));
#2434=EDGE_LOOP('',(#2813,#2814,#2815,#2816,#2817,#2818,#2819,#2820));
#2435=EDGE_LOOP('',(#2821,#2822,#2823,#2824,#2825,#2826));
#2436=EDGE_LOOP('',(#2827,#2828,#2829,#2830,#2831,#2832));
#2437=EDGE_LOOP('',(#2833,#2834,#2835,#2836,#2837,#2838,#2839,#2840,#2841,
#2842,#2843,#2844,#2845));
#2438=EDGE_LOOP('',(#2846,#2847,#2848));
#2439=EDGE_LOOP('',(#2849));
#2440=EDGE_LOOP('',(#2850));
#2441=EDGE_LOOP('',(#2851));
#2442=EDGE_LOOP('',(#2852));
#2443=EDGE_LOOP('',(#2853));
#2444=EDGE_LOOP('',(#2854));
#2445=EDGE_LOOP('',(#2855));
#2446=EDGE_LOOP('',(#2856));
#2447=EDGE_LOOP('',(#2857,#2858,#2859));
#2448=EDGE_LOOP('',(#2860));
#2449=EDGE_LOOP('',(#2861,#2862));
#2450=EDGE_LOOP('',(#2863,#2864,#2865,#2866));
#2451=EDGE_LOOP('',(#2867));
#2452=EDGE_LOOP('',(#2868));
#2453=EDGE_LOOP('',(#2869,#2870,#2871,#2872,#2873,#2874));
#2454=EDGE_LOOP('',(#2875,#2876));
#2455=EDGE_LOOP('',(#2877,#2878,#2879,#2880,#2881,#2882,#2883,#2884,#2885));
#2456=EDGE_LOOP('',(#2886,#2887));
#2457=EDGE_LOOP('',(#2888,#2889,#2890,#2891));
#2458=EDGE_LOOP('',(#2892,#2893,#2894,#2895,#2896,#2897,#2898,#2899));
#2459=EDGE_LOOP('',(#2900));
#2460=EDGE_LOOP('',(#2901));
#2461=EDGE_LOOP('',(#2902,#2903,#2904));
#2462=EDGE_LOOP('',(#2905,#2906,#2907,#2908));
#2463=EDGE_LOOP('',(#2909,#2910));
#2464=EDGE_LOOP('',(#2911,#2912,#2913));
#2465=EDGE_LOOP('',(#2914,#2915,#2916));
#2466=EDGE_LOOP('',(#2917,#2918,#2919));
#2467=EDGE_LOOP('',(#2920,#2921,#2922,#2923));
#2468=EDGE_LOOP('',(#2924,#2925,#2926));
#2469=EDGE_LOOP('',(#2927,#2928,#2929));
#2470=EDGE_LOOP('',(#2930,#2931,#2932,#2933));
#2471=EDGE_LOOP('',(#2934,#2935,#2936));
#2472=EDGE_LOOP('',(#2937,#2938,#2939));
#2473=EDGE_LOOP('',(#2940,#2941,#2942));
#2474=EDGE_LOOP('',(#2943,#2944,#2945));
#2475=EDGE_LOOP('',(#2946,#2947,#2948));
#2476=EDGE_LOOP('',(#2949,#2950));
#2477=EDGE_LOOP('',(#2951,#2952,#2953));
#2478=EDGE_LOOP('',(#2954,#2955,#2956,#2957));
#2479=EDGE_LOOP('',(#2958,#2959,#2960));
#2480=EDGE_LOOP('',(#2961,#2962,#2963));
#2481=EDGE_LOOP('',(#2964,#2965,#2966));
#2482=EDGE_LOOP('',(#2967,#2968));
#2483=EDGE_LOOP('',(#2969,#2970,#2971));
#2484=EDGE_LOOP('',(#2972,#2973));
#2485=EDGE_LOOP('',(#2974,#2975,#2976,#2977));
#2486=EDGE_LOOP('',(#2978,#2979,#2980,#2981));
#2487=EDGE_LOOP('',(#2982,#2983,#2984,#2985,#2986));
#2488=EDGE_LOOP('',(#2987,#2988,#2989,#2990));
#2489=EDGE_LOOP('',(#2991,#2992,#2993,#2994,#2995));
#2490=EDGE_LOOP('',(#2996,#2997,#2998,#2999));
#2491=EDGE_LOOP('',(#3000,#3001,#3002));
#2492=EDGE_LOOP('',(#3003,#3004,#3005,#3006));
#2493=EDGE_LOOP('',(#3007,#3008,#3009,#3010));
#2494=EDGE_LOOP('',(#3011,#3012,#3013,#3014,#3015));
#2495=EDGE_LOOP('',(#3016,#3017,#3018));
#2496=EDGE_LOOP('',(#3019,#3020,#3021,#3022,#3023));
#2497=EDGE_LOOP('',(#3024,#3025,#3026,#3027));
#2498=EDGE_LOOP('',(#3028,#3029,#3030));
#2499=EDGE_LOOP('',(#3031,#3032,#3033,#3034,#3035));
#2500=EDGE_LOOP('',(#3036,#3037,#3038,#3039));
#2501=EDGE_LOOP('',(#3040,#3041,#3042,#3043,#3044));
#2502=EDGE_LOOP('',(#3045,#3046,#3047));
#2503=EDGE_LOOP('',(#3048,#3049,#3050,#3051,#3052));
#2504=EDGE_LOOP('',(#3053,#3054,#3055,#3056));
#2505=EDGE_LOOP('',(#3057,#3058,#3059,#3060,#3061));
#2506=EDGE_LOOP('',(#3062,#3063,#3064,#3065));
#2507=EDGE_LOOP('',(#3066,#3067,#3068,#3069));
#2508=EDGE_LOOP('',(#3070,#3071,#3072,#3073));
#2509=EDGE_LOOP('',(#3074,#3075,#3076,#3077));
#2510=EDGE_LOOP('',(#3078,#3079,#3080,#3081));
#2511=EDGE_LOOP('',(#3082,#3083,#3084,#3085));
#2512=EDGE_LOOP('',(#3086,#3087,#3088,#3089));
#2513=EDGE_LOOP('',(#3090,#3091,#3092,#3093));
#2514=EDGE_LOOP('',(#3094,#3095,#3096,#3097));
#2515=EDGE_LOOP('',(#3098,#3099,#3100,#3101));
#2516=EDGE_LOOP('',(#3102,#3103,#3104,#3105));
#2517=EDGE_LOOP('',(#3106,#3107,#3108,#3109));
#2518=EDGE_LOOP('',(#3110,#3111,#3112,#3113));
#2519=EDGE_LOOP('',(#3114,#3115,#3116,#3117));
#2520=EDGE_LOOP('',(#3118,#3119,#3120,#3121));
#2521=EDGE_LOOP('',(#3122,#3123,#3124,#3125));
#2522=EDGE_LOOP('',(#3126,#3127,#3128,#3129));
#2523=EDGE_LOOP('',(#3130,#3131,#3132,#3133));
#2524=EDGE_LOOP('',(#3134,#3135,#3136,#3137));
#2525=EDGE_LOOP('',(#3138,#3139,#3140,#3141));
#2526=EDGE_LOOP('',(#3142,#3143,#3144,#3145));
#2527=EDGE_LOOP('',(#3146,#3147,#3148,#3149));
#2528=EDGE_LOOP('',(#3150,#3151,#3152,#3153));
#2529=EDGE_LOOP('',(#3154,#3155,#3156,#3157));
#2530=EDGE_LOOP('',(#3158,#3159,#3160,#3161,#3162));
#2531=EDGE_LOOP('',(#3163,#3164,#3165,#3166,#3167));
#2532=EDGE_LOOP('',(#3168,#3169,#3170,#3171,#3172));
#2533=EDGE_LOOP('',(#3173,#3174,#3175,#3176,#3177));
#2534=EDGE_LOOP('',(#3178,#3179,#3180,#3181,#3182));
#2535=EDGE_LOOP('',(#3183,#3184,#3185,#3186,#3187));
#2536=EDGE_LOOP('',(#3188));
#2537=EDGE_LOOP('',(#3189,#3190));
#2538=EDGE_LOOP('',(#3191));
#2539=EDGE_LOOP('',(#3192));
#2540=EDGE_LOOP('',(#3193));
#2541=EDGE_LOOP('',(#3194));
#2542=EDGE_LOOP('',(#3195,#3196,#3197,#3198,#3199,#3200,#3201,#3202,#3203,
#3204,#3205,#3206));
#2543=EDGE_LOOP('',(#3207));
#2544=EDGE_LOOP('',(#3208,#3209,#3210,#3211,#3212,#3213,#3214,#3215));
#2545=EDGE_LOOP('',(#3216));
#2546=EDGE_LOOP('',(#3217,#3218,#3219,#3220,#3221,#3222,#3223,#3224,#3225,
#3226,#3227,#3228,#3229,#3230,#3231,#3232,#3233,#3234,#3235,#3236,#3237));
#2547=EDGE_LOOP('',(#3238,#3239,#3240,#3241,#3242,#3243,#3244,#3245));
#2548=EDGE_LOOP('',(#3246,#3247,#3248,#3249,#3250));
#2549=EDGE_LOOP('',(#3251,#3252,#3253,#3254,#3255));
#2550=EDGE_LOOP('',(#3256,#3257,#3258,#3259));
#2551=EDGE_LOOP('',(#3260,#3261,#3262,#3263));
#2552=EDGE_LOOP('',(#3264,#3265,#3266,#3267,#3268));
#2553=EDGE_LOOP('',(#3269,#3270,#3271,#3272,#3273));
#2554=EDGE_LOOP('',(#3274,#3275));
#2555=EDGE_LOOP('',(#3276,#3277,#3278));
#2556=EDGE_LOOP('',(#3279,#3280));
#2557=EDGE_LOOP('',(#3281,#3282,#3283,#3284,#3285,#3286,#3287,#3288));
#2558=EDGE_LOOP('',(#3289,#3290,#3291,#3292,#3293,#3294,#3295));
#2559=EDGE_LOOP('',(#3296,#3297,#3298,#3299,#3300,#3301,#3302,#3303));
#2560=EDGE_LOOP('',(#3304,#3305,#3306,#3307,#3308,#3309,#3310,#3311));
#2561=EDGE_LOOP('',(#3312,#3313,#3314,#3315));
#2562=EDGE_LOOP('',(#3316,#3317,#3318));
#2563=EDGE_LOOP('',(#3319));
#2564=EDGE_LOOP('',(#3320));
#2565=EDGE_LOOP('',(#3321));
#2566=EDGE_LOOP('',(#3322));
#2567=EDGE_LOOP('',(#3323));
#2568=EDGE_LOOP('',(#3324));
#2569=EDGE_LOOP('',(#3325));
#2570=EDGE_LOOP('',(#3326));
#2571=EDGE_LOOP('',(#3327));
#2572=EDGE_LOOP('',(#3328));
#2573=EDGE_LOOP('',(#3329));
#2574=EDGE_LOOP('',(#3330));
#2575=EDGE_LOOP('',(#3331));
#2576=EDGE_LOOP('',(#3332));
#2577=EDGE_LOOP('',(#3333));
#2578=EDGE_LOOP('',(#3334));
#2579=EDGE_LOOP('',(#3335));
#2580=EDGE_LOOP('',(#3336));
#2581=EDGE_LOOP('',(#3337));
#2582=EDGE_LOOP('',(#3338));
#2583=EDGE_LOOP('',(#3339));
#2584=EDGE_LOOP('',(#3340));
#2585=EDGE_LOOP('',(#3341));
#2586=EDGE_LOOP('',(#3342));
#2587=EDGE_LOOP('',(#3343));
#2588=EDGE_LOOP('',(#3344));
#2589=EDGE_LOOP('',(#3345));
#2590=EDGE_LOOP('',(#3346));
#2591=EDGE_LOOP('',(#3347));
#2592=EDGE_LOOP('',(#3348));
#2593=EDGE_LOOP('',(#3349));
#2594=EDGE_LOOP('',(#3350));
#2595=EDGE_LOOP('',(#3351,#3352,#3353,#3354,#3355,#3356));
#2596=EDGE_LOOP('',(#3357,#3358,#3359));
#2597=EDGE_LOOP('',(#3360,#3361,#3362,#3363));
#2598=EDGE_LOOP('',(#3364));
#2599=EDGE_LOOP('',(#3365));
#2600=EDGE_LOOP('',(#3366));
#2601=EDGE_LOOP('',(#3367));
#2602=EDGE_LOOP('',(#3368));
#2603=EDGE_LOOP('',(#3369));
#2604=EDGE_LOOP('',(#3370));
#2605=EDGE_LOOP('',(#3371));
#2606=EDGE_LOOP('',(#3372,#3373,#3374,#3375));
#2607=EDGE_LOOP('',(#3376,#3377,#3378,#3379));
#2608=EDGE_LOOP('',(#3380,#3381,#3382,#3383));
#2609=EDGE_LOOP('',(#3384,#3385,#3386,#3387));
#2610=EDGE_LOOP('',(#3388,#3389,#3390,#3391,#3392,#3393));
#2611=EDGE_LOOP('',(#3394,#3395,#3396,#3397));
#2612=EDGE_LOOP('',(#3398,#3399,#3400,#3401));
#2613=EDGE_LOOP('',(#3402,#3403,#3404,#3405,#3406,#3407));
#2614=EDGE_LOOP('',(#3408,#3409,#3410,#3411));
#2615=EDGE_LOOP('',(#3412,#3413,#3414,#3415));
#2616=EDGE_LOOP('',(#3416,#3417,#3418,#3419));
#2617=EDGE_LOOP('',(#3420,#3421,#3422,#3423));
#2618=EDGE_LOOP('',(#3424,#3425,#3426,#3427));
#2619=EDGE_LOOP('',(#3428,#3429,#3430,#3431));
#2620=EDGE_LOOP('',(#3432,#3433,#3434,#3435));
#2621=EDGE_LOOP('',(#3436,#3437,#3438,#3439));
#2622=EDGE_LOOP('',(#3440,#3441,#3442,#3443));
#2623=EDGE_LOOP('',(#3444,#3445,#3446,#3447));
#2624=EDGE_LOOP('',(#3448,#3449,#3450,#3451));
#2625=EDGE_LOOP('',(#3452,#3453,#3454,#3455,#3456,#3457,#3458,#3459,#3460,
#3461,#3462,#3463,#3464,#3465));
#2626=EDGE_LOOP('',(#3466,#3467,#3468,#3469,#3470,#3471,#3472));
#2627=EDGE_LOOP('',(#3473,#3474,#3475,#3476,#3477,#3478,#3479,#3480,#3481,
#3482));
#2628=EDGE_LOOP('',(#3483,#3484,#3485,#3486));
#2629=EDGE_LOOP('',(#3487,#3488,#3489,#3490));
#2630=EDGE_LOOP('',(#3491,#3492,#3493,#3494));
#2631=EDGE_LOOP('',(#3495,#3496,#3497,#3498));
#2632=EDGE_LOOP('',(#3499,#3500,#3501,#3502));
#2633=EDGE_LOOP('',(#3503,#3504,#3505,#3506));
#2634=EDGE_LOOP('',(#3507));
#2635=EDGE_LOOP('',(#3508,#3509,#3510,#3511,#3512,#3513,#3514));
#2636=EDGE_LOOP('',(#3515,#3516,#3517,#3518,#3519,#3520,#3521,#3522,#3523,
#3524));
#2637=EDGE_LOOP('',(#3525));
#2638=EDGE_LOOP('',(#3526));
#2639=EDGE_LOOP('',(#3527));
#2640=EDGE_LOOP('',(#3528));
#2641=EDGE_LOOP('',(#3529));
#2642=EDGE_LOOP('',(#3530));
#2643=EDGE_LOOP('',(#3531));
#2644=EDGE_LOOP('',(#3532));
#2645=EDGE_LOOP('',(#3533));
#2646=EDGE_LOOP('',(#3534));
#2647=EDGE_LOOP('',(#3535));
#2648=EDGE_LOOP('',(#3536));
#2649=EDGE_LOOP('',(#3537));
#2650=EDGE_LOOP('',(#3538));
#2651=EDGE_LOOP('',(#3539));
#2652=EDGE_LOOP('',(#3540));
#2653=EDGE_LOOP('',(#3541));
#2654=EDGE_LOOP('',(#3542,#3543,#3544));
#2655=EDGE_LOOP('',(#3545,#3546,#3547,#3548));
#2656=EDGE_LOOP('',(#3549,#3550,#3551));
#2657=EDGE_LOOP('',(#3552,#3553,#3554));
#2658=EDGE_LOOP('',(#3555,#3556,#3557,#3558));
#2659=EDGE_LOOP('',(#3559,#3560,#3561,#3562));
#2660=EDGE_LOOP('',(#3563,#3564,#3565,#3566,#3567,#3568,#3569,#3570));
#2661=EDGE_LOOP('',(#3571,#3572,#3573));
#2662=EDGE_LOOP('',(#3574,#3575,#3576,#3577));
#2663=EDGE_LOOP('',(#3578,#3579,#3580,#3581,#3582,#3583));
#2664=EDGE_LOOP('',(#3584,#3585,#3586,#3587,#3588));
#2665=EDGE_LOOP('',(#3589,#3590,#3591,#3592));
#2666=EDGE_LOOP('',(#3593,#3594,#3595,#3596,#3597));
#2667=EDGE_LOOP('',(#3598,#3599,#3600,#3601,#3602));
#2668=EDGE_LOOP('',(#3603,#3604,#3605,#3606,#3607));
#2669=EDGE_LOOP('',(#3608,#3609,#3610,#3611,#3612));
#2670=EDGE_LOOP('',(#3613,#3614,#3615,#3616,#3617,#3618));
#2671=EDGE_LOOP('',(#3619,#3620,#3621,#3622));
#2672=EDGE_LOOP('',(#3623,#3624,#3625,#3626));
#2673=EDGE_LOOP('',(#3627,#3628,#3629));
#2674=EDGE_LOOP('',(#3630,#3631,#3632,#3633));
#2675=EDGE_LOOP('',(#3634,#3635,#3636,#3637));
#2676=EDGE_LOOP('',(#3638,#3639,#3640,#3641,#3642,#3643,#3644,#3645));
#2677=EDGE_LOOP('',(#3646,#3647,#3648,#3649));
#2678=EDGE_LOOP('',(#3650,#3651,#3652,#3653,#3654,#3655,#3656,#3657,#3658,
#3659));
#2679=EDGE_LOOP('',(#3660,#3661,#3662,#3663));
#2680=EDGE_LOOP('',(#3664,#3665,#3666,#3667));
#2681=EDGE_LOOP('',(#3668,#3669,#3670,#3671,#3672,#3673));
#2682=EDGE_LOOP('',(#3674,#3675,#3676,#3677,#3678));
#2683=EDGE_LOOP('',(#3679,#3680,#3681,#3682));
#2684=EDGE_LOOP('',(#3683,#3684,#3685,#3686));
#2685=EDGE_LOOP('',(#3687,#3688,#3689,#3690,#3691,#3692));
#2686=EDGE_LOOP('',(#3693,#3694,#3695,#3696,#3697,#3698,#3699,#3700));
#2687=EDGE_LOOP('',(#3701,#3702,#3703,#3704,#3705,#3706,#3707,#3708));
#2688=EDGE_LOOP('',(#3709,#3710,#3711,#3712,#3713,#3714,#3715,#3716,#3717,
#3718,#3719));
#2689=EDGE_LOOP('',(#3720));
#2690=EDGE_LOOP('',(#3721));
#2691=EDGE_LOOP('',(#3722));
#2692=EDGE_LOOP('',(#3723,#3724,#3725,#3726,#3727,#3728,#3729,#3730,#3731,
#3732));
#2693=EDGE_LOOP('',(#3733));
#2694=EDGE_LOOP('',(#3734));
#2695=EDGE_LOOP('',(#3735));
#2696=EDGE_LOOP('',(#3736,#3737,#3738,#3739));
#2697=EDGE_LOOP('',(#3740,#3741,#3742,#3743));
#2698=EDGE_LOOP('',(#3744,#3745,#3746,#3747));
#2699=EDGE_LOOP('',(#3748,#3749,#3750,#3751));
#2700=EDGE_LOOP('',(#3752,#3753,#3754,#3755));
#2701=EDGE_LOOP('',(#3756,#3757));
#2702=EDGE_LOOP('',(#3758,#3759,#3760,#3761));
#2703=EDGE_LOOP('',(#3762,#3763,#3764,#3765,#3766));
#2704=EDGE_LOOP('',(#3767,#3768,#3769,#3770,#3771));
#2705=EDGE_LOOP('',(#3772,#3773,#3774,#3775));
#2706=EDGE_LOOP('',(#3776,#3777,#3778,#3779));
#2707=EDGE_LOOP('',(#3780,#3781,#3782,#3783));
#2708=EDGE_LOOP('',(#3784,#3785,#3786,#3787));
#2709=EDGE_LOOP('',(#3788));
#2710=EDGE_LOOP('',(#3789,#3790,#3791,#3792));
#2711=EDGE_LOOP('',(#3793,#3794,#3795,#3796,#3797,#3798,#3799));
#2712=EDGE_LOOP('',(#3800,#3801,#3802,#3803,#3804,#3805,#3806));
#2713=EDGE_LOOP('',(#3807,#3808,#3809,#3810));
#2714=EDGE_LOOP('',(#3811,#3812,#3813,#3814));
#2715=EDGE_LOOP('',(#3815,#3816,#3817,#3818,#3819,#3820));
#2716=EDGE_LOOP('',(#3821,#3822,#3823));
#2717=EDGE_LOOP('',(#3824,#3825,#3826));
#2718=EDGE_LOOP('',(#3827,#3828,#3829));
#2719=EDGE_LOOP('',(#3830,#3831,#3832,#3833));
#2720=EDGE_LOOP('',(#3834,#3835,#3836));
#2721=EDGE_LOOP('',(#3837,#3838,#3839,#3840));
#2722=EDGE_LOOP('',(#3841,#3842,#3843,#3844));
#2723=EDGE_LOOP('',(#3845,#3846,#3847,#3848,#3849,#3850));
#2724=EDGE_LOOP('',(#3851,#3852,#3853,#3854));
#2725=EDGE_LOOP('',(#3855,#3856,#3857,#3858));
#2726=EDGE_LOOP('',(#3859));
#2727=EDGE_LOOP('',(#3860));
#2728=EDGE_LOOP('',(#3861));
#2729=EDGE_LOOP('',(#3862));
#2730=EDGE_LOOP('',(#3863));
#2731=EDGE_LOOP('',(#3864,#3865,#3866,#3867));
#2732=EDGE_LOOP('',(#3868,#3869,#3870,#3871));
#2733=EDGE_LOOP('',(#3872,#3873,#3874,#3875));
#2734=EDGE_LOOP('',(#3876,#3877,#3878,#3879));
#2735=EDGE_LOOP('',(#3880));
#2736=EDGE_LOOP('',(#3881));
#2737=EDGE_LOOP('',(#3882,#3883,#3884,#3885));
#2738=EDGE_LOOP('',(#3886,#3887,#3888,#3889));
#2739=EDGE_LOOP('',(#3890,#3891,#3892,#3893));
#2740=EDGE_LOOP('',(#3894,#3895,#3896,#3897,#3898));
#2741=EDGE_LOOP('',(#3899,#3900,#3901,#3902));
#2742=EDGE_LOOP('',(#3903,#3904,#3905,#3906,#3907));
#2743=EDGE_LOOP('',(#3908,#3909));
#2744=EDGE_LOOP('',(#3910));
#2745=EDGE_LOOP('',(#3911));
#2746=EDGE_LOOP('',(#3912));
#2747=EDGE_LOOP('',(#3913,#3914,#3915,#3916));
#2748=EDGE_LOOP('',(#3917,#3918,#3919,#3920));
#2749=EDGE_LOOP('',(#3921));
#2750=EDGE_LOOP('',(#3922));
#2751=EDGE_LOOP('',(#3923,#3924,#3925,#3926,#3927,#3928,#3929,#3930));
#2752=EDGE_LOOP('',(#3931));
#2753=EDGE_LOOP('',(#3932,#3933));
#2754=EDGE_LOOP('',(#3934));
#2755=EDGE_LOOP('',(#3935));
#2756=EDGE_LOOP('',(#3936,#3937,#3938,#3939,#3940,#3941,#3942,#3943,#3944,
#3945,#3946,#3947));
#2757=EDGE_LOOP('',(#3948));
#2758=EDGE_LOOP('',(#3949));
#2759=EDGE_LOOP('',(#3950));
#2760=EDGE_LOOP('',(#3951));
#2761=EDGE_LOOP('',(#3952,#3953,#3954,#3955,#3956,#3957,#3958,#3959));
#2762=EDGE_LOOP('',(#3960));
#2763=EDGE_LOOP('',(#3961,#3962));
#2764=EDGE_LOOP('',(#3963));
#2765=EDGE_LOOP('',(#3964));
#2766=EDGE_LOOP('',(#3965));
#2767=EDGE_LOOP('',(#3966));
#2768=EDGE_LOOP('',(#3967));
#2769=EDGE_LOOP('',(#3968));
#2770=EDGE_LOOP('',(#3969));
#2771=EDGE_LOOP('',(#3970));
#2772=EDGE_LOOP('',(#3971));
#2773=EDGE_LOOP('',(#3972));
#2774=EDGE_LOOP('',(#3973));
#2775=EDGE_LOOP('',(#3974));
#2776=EDGE_LOOP('',(#3975));
#2777=EDGE_LOOP('',(#3976));
#2778=EDGE_LOOP('',(#3977));
#2779=EDGE_LOOP('',(#3978,#3979));
#2780=EDGE_LOOP('',(#3980));
#2781=EDGE_LOOP('',(#3981));
#2782=EDGE_LOOP('',(#3982));
#2783=EDGE_LOOP('',(#3983));
#2784=EDGE_LOOP('',(#3984));
#2785=EDGE_LOOP('',(#3985));
#2786=EDGE_LOOP('',(#3986));
#2787=EDGE_LOOP('',(#3987));
#2788=EDGE_LOOP('',(#3988));
#2789=EDGE_LOOP('',(#3989));
#2790=EDGE_LOOP('',(#3990));
#2791=EDGE_LOOP('',(#3991));
#2792=EDGE_LOOP('',(#3992));
#2793=EDGE_LOOP('',(#3993));
#2794=EDGE_LOOP('',(#3994));
#2795=EDGE_LOOP('',(#3995));
#2796=ORIENTED_EDGE('',*,*,#4388,.F.);
#2797=ORIENTED_EDGE('',*,*,#4389,.F.);
#2798=ORIENTED_EDGE('',*,*,#4390,.T.);
#2799=ORIENTED_EDGE('',*,*,#4391,.T.);
#2800=ORIENTED_EDGE('',*,*,#4392,.T.);
#2801=ORIENTED_EDGE('',*,*,#4393,.F.);
#2802=ORIENTED_EDGE('',*,*,#4394,.F.);
#2803=ORIENTED_EDGE('',*,*,#4395,.T.);
#2804=ORIENTED_EDGE('',*,*,#4389,.T.);
#2805=ORIENTED_EDGE('',*,*,#4396,.T.);
#2806=ORIENTED_EDGE('',*,*,#4397,.F.);
#2807=ORIENTED_EDGE('',*,*,#4398,.T.);
#2808=ORIENTED_EDGE('',*,*,#4399,.T.);
#2809=ORIENTED_EDGE('',*,*,#4400,.T.);
#2810=ORIENTED_EDGE('',*,*,#4401,.F.);
#2811=ORIENTED_EDGE('',*,*,#4402,.T.);
#2812=ORIENTED_EDGE('',*,*,#4403,.F.);
#2813=ORIENTED_EDGE('',*,*,#4404,.T.);
#2814=ORIENTED_EDGE('',*,*,#4405,.T.);
#2815=ORIENTED_EDGE('',*,*,#4394,.T.);
#2816=ORIENTED_EDGE('',*,*,#4406,.F.);
#2817=ORIENTED_EDGE('',*,*,#4407,.T.);
#2818=ORIENTED_EDGE('',*,*,#4408,.T.);
#2819=ORIENTED_EDGE('',*,*,#4397,.T.);
#2820=ORIENTED_EDGE('',*,*,#4409,.T.);
#2821=ORIENTED_EDGE('',*,*,#4410,.F.);
#2822=ORIENTED_EDGE('',*,*,#4411,.T.);
#2823=ORIENTED_EDGE('',*,*,#4412,.F.);
#2824=ORIENTED_EDGE('',*,*,#4398,.F.);
#2825=ORIENTED_EDGE('',*,*,#4408,.F.);
#2826=ORIENTED_EDGE('',*,*,#4413,.T.);
#2827=ORIENTED_EDGE('',*,*,#4414,.T.);
#2828=ORIENTED_EDGE('',*,*,#4415,.F.);
#2829=ORIENTED_EDGE('',*,*,#4416,.T.);
#2830=ORIENTED_EDGE('',*,*,#4406,.T.);
#2831=ORIENTED_EDGE('',*,*,#4403,.T.);
#2832=ORIENTED_EDGE('',*,*,#4417,.T.);
#2833=ORIENTED_EDGE('',*,*,#4418,.F.);
#2834=ORIENTED_EDGE('',*,*,#4419,.T.);
#2835=ORIENTED_EDGE('',*,*,#4410,.T.);
#2836=ORIENTED_EDGE('',*,*,#4420,.F.);
#2837=ORIENTED_EDGE('',*,*,#4421,.T.);
#2838=ORIENTED_EDGE('',*,*,#4422,.F.);
#2839=ORIENTED_EDGE('',*,*,#4423,.T.);
#2840=ORIENTED_EDGE('',*,*,#4424,.T.);
#2841=ORIENTED_EDGE('',*,*,#4415,.T.);
#2842=ORIENTED_EDGE('',*,*,#4425,.F.);
#2843=ORIENTED_EDGE('',*,*,#4401,.T.);
#2844=ORIENTED_EDGE('',*,*,#4426,.T.);
#2845=ORIENTED_EDGE('',*,*,#4427,.T.);
#2846=ORIENTED_EDGE('',*,*,#4428,.F.);
#2847=ORIENTED_EDGE('',*,*,#4426,.F.);
#2848=ORIENTED_EDGE('',*,*,#4400,.F.);
#2849=ORIENTED_EDGE('',*,*,#4429,.T.);
#2850=ORIENTED_EDGE('',*,*,#4430,.F.);
#2851=ORIENTED_EDGE('',*,*,#4431,.T.);
#2852=ORIENTED_EDGE('',*,*,#4432,.F.);
#2853=ORIENTED_EDGE('',*,*,#4433,.T.);
#2854=ORIENTED_EDGE('',*,*,#4434,.F.);
#2855=ORIENTED_EDGE('',*,*,#4435,.F.);
#2856=ORIENTED_EDGE('',*,*,#4436,.F.);
#2857=ORIENTED_EDGE('',*,*,#4437,.T.);
#2858=ORIENTED_EDGE('',*,*,#4438,.T.);
#2859=ORIENTED_EDGE('',*,*,#4439,.T.);
#2860=ORIENTED_EDGE('',*,*,#4440,.F.);
#2861=ORIENTED_EDGE('',*,*,#4441,.F.);
#2862=ORIENTED_EDGE('',*,*,#4427,.F.);
#2863=ORIENTED_EDGE('',*,*,#4391,.F.);
#2864=ORIENTED_EDGE('',*,*,#4442,.T.);
#2865=ORIENTED_EDGE('',*,*,#4404,.F.);
#2866=ORIENTED_EDGE('',*,*,#4443,.T.);
#2867=ORIENTED_EDGE('',*,*,#4440,.T.);
#2868=ORIENTED_EDGE('',*,*,#4429,.F.);
#2869=ORIENTED_EDGE('',*,*,#4444,.T.);
#2870=ORIENTED_EDGE('',*,*,#4445,.T.);
#2871=ORIENTED_EDGE('',*,*,#4446,.T.);
#2872=ORIENTED_EDGE('',*,*,#4447,.T.);
#2873=ORIENTED_EDGE('',*,*,#4448,.T.);
#2874=ORIENTED_EDGE('',*,*,#4449,.T.);
#2875=ORIENTED_EDGE('',*,*,#4450,.T.);
#2876=ORIENTED_EDGE('',*,*,#4451,.T.);
#2877=ORIENTED_EDGE('',*,*,#4452,.F.);
#2878=ORIENTED_EDGE('',*,*,#4453,.F.);
#2879=ORIENTED_EDGE('',*,*,#4454,.F.);
#2880=ORIENTED_EDGE('',*,*,#4455,.F.);
#2881=ORIENTED_EDGE('',*,*,#4456,.F.);
#2882=ORIENTED_EDGE('',*,*,#4457,.F.);
#2883=ORIENTED_EDGE('',*,*,#4458,.F.);
#2884=ORIENTED_EDGE('',*,*,#4459,.F.);
#2885=ORIENTED_EDGE('',*,*,#4460,.F.);
#2886=ORIENTED_EDGE('',*,*,#4450,.F.);
#2887=ORIENTED_EDGE('',*,*,#4451,.F.);
#2888=ORIENTED_EDGE('',*,*,#4461,.F.);
#2889=ORIENTED_EDGE('',*,*,#4462,.F.);
#2890=ORIENTED_EDGE('',*,*,#4463,.F.);
#2891=ORIENTED_EDGE('',*,*,#4464,.F.);
#2892=ORIENTED_EDGE('',*,*,#4423,.F.);
#2893=ORIENTED_EDGE('',*,*,#4465,.F.);
#2894=ORIENTED_EDGE('',*,*,#4421,.F.);
#2895=ORIENTED_EDGE('',*,*,#4420,.T.);
#2896=ORIENTED_EDGE('',*,*,#4413,.F.);
#2897=ORIENTED_EDGE('',*,*,#4407,.F.);
#2898=ORIENTED_EDGE('',*,*,#4416,.F.);
#2899=ORIENTED_EDGE('',*,*,#4424,.F.);
#2900=ORIENTED_EDGE('',*,*,#4466,.F.);
#2901=ORIENTED_EDGE('',*,*,#4467,.F.);
#2902=ORIENTED_EDGE('',*,*,#4468,.T.);
#2903=ORIENTED_EDGE('',*,*,#4469,.F.);
#2904=ORIENTED_EDGE('',*,*,#4470,.F.);
#2905=ORIENTED_EDGE('',*,*,#4471,.T.);
#2906=ORIENTED_EDGE('',*,*,#4472,.F.);
#2907=ORIENTED_EDGE('',*,*,#4468,.F.);
#2908=ORIENTED_EDGE('',*,*,#4473,.F.);
#2909=ORIENTED_EDGE('',*,*,#4474,.T.);
#2910=ORIENTED_EDGE('',*,*,#4471,.F.);
#2911=ORIENTED_EDGE('',*,*,#4475,.F.);
#2912=ORIENTED_EDGE('',*,*,#4476,.F.);
#2913=ORIENTED_EDGE('',*,*,#4474,.F.);
#2914=ORIENTED_EDGE('',*,*,#4477,.F.);
#2915=ORIENTED_EDGE('',*,*,#4478,.F.);
#2916=ORIENTED_EDGE('',*,*,#4479,.T.);
#2917=ORIENTED_EDGE('',*,*,#4480,.T.);
#2918=ORIENTED_EDGE('',*,*,#4481,.F.);
#2919=ORIENTED_EDGE('',*,*,#4479,.F.);
#2920=ORIENTED_EDGE('',*,*,#4482,.T.);
#2921=ORIENTED_EDGE('',*,*,#4483,.F.);
#2922=ORIENTED_EDGE('',*,*,#4480,.F.);
#2923=ORIENTED_EDGE('',*,*,#4484,.F.);
#2924=ORIENTED_EDGE('',*,*,#4485,.F.);
#2925=ORIENTED_EDGE('',*,*,#4486,.F.);
#2926=ORIENTED_EDGE('',*,*,#4482,.F.);
#2927=ORIENTED_EDGE('',*,*,#4487,.F.);
#2928=ORIENTED_EDGE('',*,*,#4488,.F.);
#2929=ORIENTED_EDGE('',*,*,#4489,.T.);
#2930=ORIENTED_EDGE('',*,*,#4490,.T.);
#2931=ORIENTED_EDGE('',*,*,#4491,.F.);
#2932=ORIENTED_EDGE('',*,*,#4489,.F.);
#2933=ORIENTED_EDGE('',*,*,#4492,.F.);
#2934=ORIENTED_EDGE('',*,*,#4493,.T.);
#2935=ORIENTED_EDGE('',*,*,#4494,.F.);
#2936=ORIENTED_EDGE('',*,*,#4490,.F.);
#2937=ORIENTED_EDGE('',*,*,#4495,.F.);
#2938=ORIENTED_EDGE('',*,*,#4496,.F.);
#2939=ORIENTED_EDGE('',*,*,#4493,.F.);
#2940=ORIENTED_EDGE('',*,*,#4497,.F.);
#2941=ORIENTED_EDGE('',*,*,#4498,.F.);
#2942=ORIENTED_EDGE('',*,*,#4499,.T.);
#2943=ORIENTED_EDGE('',*,*,#4500,.T.);
#2944=ORIENTED_EDGE('',*,*,#4501,.F.);
#2945=ORIENTED_EDGE('',*,*,#4499,.F.);
#2946=ORIENTED_EDGE('',*,*,#4502,.F.);
#2947=ORIENTED_EDGE('',*,*,#4503,.F.);
#2948=ORIENTED_EDGE('',*,*,#4500,.F.);
#2949=ORIENTED_EDGE('',*,*,#4504,.F.);
#2950=ORIENTED_EDGE('',*,*,#4505,.F.);
#2951=ORIENTED_EDGE('',*,*,#4506,.T.);
#2952=ORIENTED_EDGE('',*,*,#4507,.F.);
#2953=ORIENTED_EDGE('',*,*,#4508,.F.);
#2954=ORIENTED_EDGE('',*,*,#4509,.T.);
#2955=ORIENTED_EDGE('',*,*,#4510,.F.);
#2956=ORIENTED_EDGE('',*,*,#4506,.F.);
#2957=ORIENTED_EDGE('',*,*,#4511,.F.);
#2958=ORIENTED_EDGE('',*,*,#4512,.T.);
#2959=ORIENTED_EDGE('',*,*,#4513,.F.);
#2960=ORIENTED_EDGE('',*,*,#4509,.F.);
#2961=ORIENTED_EDGE('',*,*,#4514,.F.);
#2962=ORIENTED_EDGE('',*,*,#4515,.F.);
#2963=ORIENTED_EDGE('',*,*,#4512,.F.);
#2964=ORIENTED_EDGE('',*,*,#4516,.T.);
#2965=ORIENTED_EDGE('',*,*,#4517,.F.);
#2966=ORIENTED_EDGE('',*,*,#4518,.F.);
#2967=ORIENTED_EDGE('',*,*,#4519,.T.);
#2968=ORIENTED_EDGE('',*,*,#4516,.F.);
#2969=ORIENTED_EDGE('',*,*,#4520,.F.);
#2970=ORIENTED_EDGE('',*,*,#4521,.F.);
#2971=ORIENTED_EDGE('',*,*,#4519,.F.);
#2972=ORIENTED_EDGE('',*,*,#4522,.F.);
#2973=ORIENTED_EDGE('',*,*,#4523,.F.);
#2974=ORIENTED_EDGE('',*,*,#4524,.F.);
#2975=ORIENTED_EDGE('',*,*,#4525,.F.);
#2976=ORIENTED_EDGE('',*,*,#4526,.T.);
#2977=ORIENTED_EDGE('',*,*,#4527,.F.);
#2978=ORIENTED_EDGE('',*,*,#4528,.F.);
#2979=ORIENTED_EDGE('',*,*,#4486,.T.);
#2980=ORIENTED_EDGE('',*,*,#4529,.F.);
#2981=ORIENTED_EDGE('',*,*,#4526,.F.);
#2982=ORIENTED_EDGE('',*,*,#4530,.F.);
#2983=ORIENTED_EDGE('',*,*,#4531,.T.);
#2984=ORIENTED_EDGE('',*,*,#4532,.F.);
#2985=ORIENTED_EDGE('',*,*,#4533,.F.);
#2986=ORIENTED_EDGE('',*,*,#4485,.T.);
#2987=ORIENTED_EDGE('',*,*,#4534,.T.);
#2988=ORIENTED_EDGE('',*,*,#4535,.F.);
#2989=ORIENTED_EDGE('',*,*,#4531,.F.);
#2990=ORIENTED_EDGE('',*,*,#4536,.F.);
#2991=ORIENTED_EDGE('',*,*,#4470,.T.);
#2992=ORIENTED_EDGE('',*,*,#4537,.F.);
#2993=ORIENTED_EDGE('',*,*,#4538,.F.);
#2994=ORIENTED_EDGE('',*,*,#4534,.F.);
#2995=ORIENTED_EDGE('',*,*,#4539,.F.);
#2996=ORIENTED_EDGE('',*,*,#4540,.F.);
#2997=ORIENTED_EDGE('',*,*,#4469,.T.);
#2998=ORIENTED_EDGE('',*,*,#4541,.F.);
#2999=ORIENTED_EDGE('',*,*,#4542,.T.);
#3000=ORIENTED_EDGE('',*,*,#4543,.F.);
#3001=ORIENTED_EDGE('',*,*,#4542,.F.);
#3002=ORIENTED_EDGE('',*,*,#4544,.F.);
#3003=ORIENTED_EDGE('',*,*,#4545,.T.);
#3004=ORIENTED_EDGE('',*,*,#4546,.F.);
#3005=ORIENTED_EDGE('',*,*,#4547,.F.);
#3006=ORIENTED_EDGE('',*,*,#4548,.F.);
#3007=ORIENTED_EDGE('',*,*,#4549,.F.);
#3008=ORIENTED_EDGE('',*,*,#4487,.T.);
#3009=ORIENTED_EDGE('',*,*,#4550,.F.);
#3010=ORIENTED_EDGE('',*,*,#4545,.F.);
#3011=ORIENTED_EDGE('',*,*,#4488,.T.);
#3012=ORIENTED_EDGE('',*,*,#4551,.F.);
#3013=ORIENTED_EDGE('',*,*,#4552,.F.);
#3014=ORIENTED_EDGE('',*,*,#4553,.T.);
#3015=ORIENTED_EDGE('',*,*,#4554,.F.);
#3016=ORIENTED_EDGE('',*,*,#4555,.T.);
#3017=ORIENTED_EDGE('',*,*,#4553,.F.);
#3018=ORIENTED_EDGE('',*,*,#4556,.F.);
#3019=ORIENTED_EDGE('',*,*,#4557,.F.);
#3020=ORIENTED_EDGE('',*,*,#4555,.F.);
#3021=ORIENTED_EDGE('',*,*,#4558,.F.);
#3022=ORIENTED_EDGE('',*,*,#4559,.F.);
#3023=ORIENTED_EDGE('',*,*,#4504,.T.);
#3024=ORIENTED_EDGE('',*,*,#4560,.F.);
#3025=ORIENTED_EDGE('',*,*,#4505,.T.);
#3026=ORIENTED_EDGE('',*,*,#4561,.F.);
#3027=ORIENTED_EDGE('',*,*,#4562,.T.);
#3028=ORIENTED_EDGE('',*,*,#4563,.F.);
#3029=ORIENTED_EDGE('',*,*,#4564,.F.);
#3030=ORIENTED_EDGE('',*,*,#4562,.F.);
#3031=ORIENTED_EDGE('',*,*,#4565,.F.);
#3032=ORIENTED_EDGE('',*,*,#4566,.F.);
#3033=ORIENTED_EDGE('',*,*,#4567,.T.);
#3034=ORIENTED_EDGE('',*,*,#4568,.F.);
#3035=ORIENTED_EDGE('',*,*,#4456,.T.);
#3036=ORIENTED_EDGE('',*,*,#4569,.F.);
#3037=ORIENTED_EDGE('',*,*,#4523,.T.);
#3038=ORIENTED_EDGE('',*,*,#4570,.F.);
#3039=ORIENTED_EDGE('',*,*,#4567,.F.);
#3040=ORIENTED_EDGE('',*,*,#4571,.F.);
#3041=ORIENTED_EDGE('',*,*,#4572,.T.);
#3042=ORIENTED_EDGE('',*,*,#4573,.F.);
#3043=ORIENTED_EDGE('',*,*,#4574,.F.);
#3044=ORIENTED_EDGE('',*,*,#4522,.T.);
#3045=ORIENTED_EDGE('',*,*,#4575,.T.);
#3046=ORIENTED_EDGE('',*,*,#4576,.F.);
#3047=ORIENTED_EDGE('',*,*,#4572,.F.);
#3048=ORIENTED_EDGE('',*,*,#4508,.T.);
#3049=ORIENTED_EDGE('',*,*,#4577,.F.);
#3050=ORIENTED_EDGE('',*,*,#4578,.F.);
#3051=ORIENTED_EDGE('',*,*,#4575,.F.);
#3052=ORIENTED_EDGE('',*,*,#4579,.F.);
#3053=ORIENTED_EDGE('',*,*,#4580,.F.);
#3054=ORIENTED_EDGE('',*,*,#4507,.T.);
#3055=ORIENTED_EDGE('',*,*,#4581,.F.);
#3056=ORIENTED_EDGE('',*,*,#4582,.T.);
#3057=ORIENTED_EDGE('',*,*,#4454,.T.);
#3058=ORIENTED_EDGE('',*,*,#4583,.F.);
#3059=ORIENTED_EDGE('',*,*,#4582,.F.);
#3060=ORIENTED_EDGE('',*,*,#4584,.F.);
#3061=ORIENTED_EDGE('',*,*,#4585,.F.);
#3062=ORIENTED_EDGE('',*,*,#4586,.T.);
#3063=ORIENTED_EDGE('',*,*,#4587,.F.);
#3064=ORIENTED_EDGE('',*,*,#4588,.F.);
#3065=ORIENTED_EDGE('',*,*,#4589,.F.);
#3066=ORIENTED_EDGE('',*,*,#4590,.F.);
#3067=ORIENTED_EDGE('',*,*,#4497,.T.);
#3068=ORIENTED_EDGE('',*,*,#4591,.F.);
#3069=ORIENTED_EDGE('',*,*,#4586,.F.);
#3070=ORIENTED_EDGE('',*,*,#4592,.F.);
#3071=ORIENTED_EDGE('',*,*,#4498,.T.);
#3072=ORIENTED_EDGE('',*,*,#4593,.F.);
#3073=ORIENTED_EDGE('',*,*,#4594,.T.);
#3074=ORIENTED_EDGE('',*,*,#4595,.F.);
#3075=ORIENTED_EDGE('',*,*,#4495,.T.);
#3076=ORIENTED_EDGE('',*,*,#4596,.F.);
#3077=ORIENTED_EDGE('',*,*,#4594,.F.);
#3078=ORIENTED_EDGE('',*,*,#4597,.F.);
#3079=ORIENTED_EDGE('',*,*,#4496,.T.);
#3080=ORIENTED_EDGE('',*,*,#4598,.F.);
#3081=ORIENTED_EDGE('',*,*,#4599,.T.);
#3082=ORIENTED_EDGE('',*,*,#4600,.F.);
#3083=ORIENTED_EDGE('',*,*,#4601,.F.);
#3084=ORIENTED_EDGE('',*,*,#4599,.F.);
#3085=ORIENTED_EDGE('',*,*,#4602,.F.);
#3086=ORIENTED_EDGE('',*,*,#4603,.F.);
#3087=ORIENTED_EDGE('',*,*,#4604,.F.);
#3088=ORIENTED_EDGE('',*,*,#4605,.T.);
#3089=ORIENTED_EDGE('',*,*,#4606,.F.);
#3090=ORIENTED_EDGE('',*,*,#4607,.F.);
#3091=ORIENTED_EDGE('',*,*,#4515,.T.);
#3092=ORIENTED_EDGE('',*,*,#4608,.F.);
#3093=ORIENTED_EDGE('',*,*,#4605,.F.);
#3094=ORIENTED_EDGE('',*,*,#4609,.F.);
#3095=ORIENTED_EDGE('',*,*,#4514,.T.);
#3096=ORIENTED_EDGE('',*,*,#4610,.F.);
#3097=ORIENTED_EDGE('',*,*,#4611,.T.);
#3098=ORIENTED_EDGE('',*,*,#4612,.F.);
#3099=ORIENTED_EDGE('',*,*,#4518,.T.);
#3100=ORIENTED_EDGE('',*,*,#4613,.F.);
#3101=ORIENTED_EDGE('',*,*,#4611,.F.);
#3102=ORIENTED_EDGE('',*,*,#4614,.F.);
#3103=ORIENTED_EDGE('',*,*,#4517,.T.);
#3104=ORIENTED_EDGE('',*,*,#4615,.F.);
#3105=ORIENTED_EDGE('',*,*,#4616,.T.);
#3106=ORIENTED_EDGE('',*,*,#4617,.F.);
#3107=ORIENTED_EDGE('',*,*,#4618,.F.);
#3108=ORIENTED_EDGE('',*,*,#4616,.F.);
#3109=ORIENTED_EDGE('',*,*,#4619,.F.);
#3110=ORIENTED_EDGE('',*,*,#4620,.T.);
#3111=ORIENTED_EDGE('',*,*,#4621,.F.);
#3112=ORIENTED_EDGE('',*,*,#4622,.F.);
#3113=ORIENTED_EDGE('',*,*,#4623,.F.);
#3114=ORIENTED_EDGE('',*,*,#4624,.F.);
#3115=ORIENTED_EDGE('',*,*,#4477,.T.);
#3116=ORIENTED_EDGE('',*,*,#4625,.F.);
#3117=ORIENTED_EDGE('',*,*,#4620,.F.);
#3118=ORIENTED_EDGE('',*,*,#4626,.F.);
#3119=ORIENTED_EDGE('',*,*,#4478,.T.);
#3120=ORIENTED_EDGE('',*,*,#4627,.F.);
#3121=ORIENTED_EDGE('',*,*,#4628,.T.);
#3122=ORIENTED_EDGE('',*,*,#4629,.F.);
#3123=ORIENTED_EDGE('',*,*,#4475,.T.);
#3124=ORIENTED_EDGE('',*,*,#4630,.F.);
#3125=ORIENTED_EDGE('',*,*,#4628,.F.);
#3126=ORIENTED_EDGE('',*,*,#4631,.F.);
#3127=ORIENTED_EDGE('',*,*,#4476,.T.);
#3128=ORIENTED_EDGE('',*,*,#4632,.F.);
#3129=ORIENTED_EDGE('',*,*,#4633,.T.);
#3130=ORIENTED_EDGE('',*,*,#4634,.F.);
#3131=ORIENTED_EDGE('',*,*,#4635,.F.);
#3132=ORIENTED_EDGE('',*,*,#4633,.F.);
#3133=ORIENTED_EDGE('',*,*,#4636,.F.);
#3134=ORIENTED_EDGE('',*,*,#4637,.F.);
#3135=ORIENTED_EDGE('',*,*,#4546,.T.);
#3136=ORIENTED_EDGE('',*,*,#4638,.F.);
#3137=ORIENTED_EDGE('',*,*,#4601,.T.);
#3138=ORIENTED_EDGE('',*,*,#4639,.F.);
#3139=ORIENTED_EDGE('',*,*,#4584,.T.);
#3140=ORIENTED_EDGE('',*,*,#4640,.F.);
#3141=ORIENTED_EDGE('',*,*,#4604,.T.);
#3142=ORIENTED_EDGE('',*,*,#4641,.F.);
#3143=ORIENTED_EDGE('',*,*,#4564,.T.);
#3144=ORIENTED_EDGE('',*,*,#4642,.F.);
#3145=ORIENTED_EDGE('',*,*,#4587,.T.);
#3146=ORIENTED_EDGE('',*,*,#4643,.F.);
#3147=ORIENTED_EDGE('',*,*,#4566,.T.);
#3148=ORIENTED_EDGE('',*,*,#4644,.F.);
#3149=ORIENTED_EDGE('',*,*,#4619,.T.);
#3150=ORIENTED_EDGE('',*,*,#4645,.F.);
#3151=ORIENTED_EDGE('',*,*,#4544,.T.);
#3152=ORIENTED_EDGE('',*,*,#4646,.F.);
#3153=ORIENTED_EDGE('',*,*,#4635,.T.);
#3154=ORIENTED_EDGE('',*,*,#4647,.F.);
#3155=ORIENTED_EDGE('',*,*,#4525,.T.);
#3156=ORIENTED_EDGE('',*,*,#4648,.F.);
#3157=ORIENTED_EDGE('',*,*,#4621,.T.);
#3158=ORIENTED_EDGE('',*,*,#4596,.T.);
#3159=ORIENTED_EDGE('',*,*,#4492,.T.);
#3160=ORIENTED_EDGE('',*,*,#4554,.T.);
#3161=ORIENTED_EDGE('',*,*,#4649,.F.);
#3162=ORIENTED_EDGE('',*,*,#4650,.F.);
#3163=ORIENTED_EDGE('',*,*,#4530,.T.);
#3164=ORIENTED_EDGE('',*,*,#4484,.T.);
#3165=ORIENTED_EDGE('',*,*,#4626,.T.);
#3166=ORIENTED_EDGE('',*,*,#4651,.F.);
#3167=ORIENTED_EDGE('',*,*,#4652,.F.);
#3168=ORIENTED_EDGE('',*,*,#4610,.T.);
#3169=ORIENTED_EDGE('',*,*,#4511,.T.);
#3170=ORIENTED_EDGE('',*,*,#4579,.T.);
#3171=ORIENTED_EDGE('',*,*,#4653,.F.);
#3172=ORIENTED_EDGE('',*,*,#4654,.F.);
#3173=ORIENTED_EDGE('',*,*,#4630,.T.);
#3174=ORIENTED_EDGE('',*,*,#4473,.T.);
#3175=ORIENTED_EDGE('',*,*,#4539,.T.);
#3176=ORIENTED_EDGE('',*,*,#4655,.F.);
#3177=ORIENTED_EDGE('',*,*,#4651,.T.);
#3178=ORIENTED_EDGE('',*,*,#4557,.T.);
#3179=ORIENTED_EDGE('',*,*,#4502,.T.);
#3180=ORIENTED_EDGE('',*,*,#4592,.T.);
#3181=ORIENTED_EDGE('',*,*,#4650,.T.);
#3182=ORIENTED_EDGE('',*,*,#4656,.F.);
#3183=ORIENTED_EDGE('',*,*,#4571,.T.);
#3184=ORIENTED_EDGE('',*,*,#4520,.T.);
#3185=ORIENTED_EDGE('',*,*,#4612,.T.);
#3186=ORIENTED_EDGE('',*,*,#4654,.T.);
#3187=ORIENTED_EDGE('',*,*,#4657,.F.);
#3188=ORIENTED_EDGE('',*,*,#4658,.T.);
#3189=ORIENTED_EDGE('',*,*,#4422,.T.);
#3190=ORIENTED_EDGE('',*,*,#4465,.T.);
#3191=ORIENTED_EDGE('',*,*,#4659,.F.);
#3192=ORIENTED_EDGE('',*,*,#4658,.F.);
#3193=ORIENTED_EDGE('',*,*,#4660,.F.);
#3194=ORIENTED_EDGE('',*,*,#4466,.T.);
#3195=ORIENTED_EDGE('',*,*,#4661,.T.);
#3196=ORIENTED_EDGE('',*,*,#4558,.T.);
#3197=ORIENTED_EDGE('',*,*,#4556,.T.);
#3198=ORIENTED_EDGE('',*,*,#4552,.T.);
#3199=ORIENTED_EDGE('',*,*,#4662,.T.);
#3200=ORIENTED_EDGE('',*,*,#4532,.T.);
#3201=ORIENTED_EDGE('',*,*,#4535,.T.);
#3202=ORIENTED_EDGE('',*,*,#4538,.T.);
#3203=ORIENTED_EDGE('',*,*,#4663,.T.);
#3204=ORIENTED_EDGE('',*,*,#4573,.T.);
#3205=ORIENTED_EDGE('',*,*,#4576,.T.);
#3206=ORIENTED_EDGE('',*,*,#4578,.T.);
#3207=ORIENTED_EDGE('',*,*,#4467,.T.);
#3208=ORIENTED_EDGE('',*,*,#4661,.F.);
#3209=ORIENTED_EDGE('',*,*,#4577,.T.);
#3210=ORIENTED_EDGE('',*,*,#4580,.T.);
#3211=ORIENTED_EDGE('',*,*,#4583,.T.);
#3212=ORIENTED_EDGE('',*,*,#4453,.T.);
#3213=ORIENTED_EDGE('',*,*,#4452,.T.);
#3214=ORIENTED_EDGE('',*,*,#4561,.T.);
#3215=ORIENTED_EDGE('',*,*,#4559,.T.);
#3216=ORIENTED_EDGE('',*,*,#4664,.F.);
#3217=ORIENTED_EDGE('',*,*,#4624,.T.);
#3218=ORIENTED_EDGE('',*,*,#4623,.T.);
#3219=ORIENTED_EDGE('',*,*,#4448,.F.);
#3220=ORIENTED_EDGE('',*,*,#4602,.T.);
#3221=ORIENTED_EDGE('',*,*,#4598,.T.);
#3222=ORIENTED_EDGE('',*,*,#4595,.T.);
#3223=ORIENTED_EDGE('',*,*,#4593,.T.);
#3224=ORIENTED_EDGE('',*,*,#4590,.T.);
#3225=ORIENTED_EDGE('',*,*,#4589,.T.);
#3226=ORIENTED_EDGE('',*,*,#4446,.F.);
#3227=ORIENTED_EDGE('',*,*,#4606,.T.);
#3228=ORIENTED_EDGE('',*,*,#4608,.T.);
#3229=ORIENTED_EDGE('',*,*,#4609,.T.);
#3230=ORIENTED_EDGE('',*,*,#4613,.T.);
#3231=ORIENTED_EDGE('',*,*,#4614,.T.);
#3232=ORIENTED_EDGE('',*,*,#4618,.T.);
#3233=ORIENTED_EDGE('',*,*,#4444,.F.);
#3234=ORIENTED_EDGE('',*,*,#4636,.T.);
#3235=ORIENTED_EDGE('',*,*,#4632,.T.);
#3236=ORIENTED_EDGE('',*,*,#4629,.T.);
#3237=ORIENTED_EDGE('',*,*,#4627,.T.);
#3238=ORIENTED_EDGE('',*,*,#4458,.T.);
#3239=ORIENTED_EDGE('',*,*,#4543,.T.);
#3240=ORIENTED_EDGE('',*,*,#4645,.T.);
#3241=ORIENTED_EDGE('',*,*,#4634,.T.);
#3242=ORIENTED_EDGE('',*,*,#4449,.F.);
#3243=ORIENTED_EDGE('',*,*,#4622,.T.);
#3244=ORIENTED_EDGE('',*,*,#4648,.T.);
#3245=ORIENTED_EDGE('',*,*,#4524,.T.);
#3246=ORIENTED_EDGE('',*,*,#4560,.T.);
#3247=ORIENTED_EDGE('',*,*,#4641,.T.);
#3248=ORIENTED_EDGE('',*,*,#4591,.T.);
#3249=ORIENTED_EDGE('',*,*,#4501,.T.);
#3250=ORIENTED_EDGE('',*,*,#4503,.T.);
#3251=ORIENTED_EDGE('',*,*,#4510,.T.);
#3252=ORIENTED_EDGE('',*,*,#4513,.T.);
#3253=ORIENTED_EDGE('',*,*,#4607,.T.);
#3254=ORIENTED_EDGE('',*,*,#4640,.T.);
#3255=ORIENTED_EDGE('',*,*,#4581,.T.);
#3256=ORIENTED_EDGE('',*,*,#4569,.T.);
#3257=ORIENTED_EDGE('',*,*,#4643,.T.);
#3258=ORIENTED_EDGE('',*,*,#4615,.T.);
#3259=ORIENTED_EDGE('',*,*,#4521,.T.);
#3260=ORIENTED_EDGE('',*,*,#4472,.T.);
#3261=ORIENTED_EDGE('',*,*,#4631,.T.);
#3262=ORIENTED_EDGE('',*,*,#4646,.T.);
#3263=ORIENTED_EDGE('',*,*,#4541,.T.);
#3264=ORIENTED_EDGE('',*,*,#4491,.T.);
#3265=ORIENTED_EDGE('',*,*,#4494,.T.);
#3266=ORIENTED_EDGE('',*,*,#4597,.T.);
#3267=ORIENTED_EDGE('',*,*,#4638,.T.);
#3268=ORIENTED_EDGE('',*,*,#4550,.T.);
#3269=ORIENTED_EDGE('',*,*,#4528,.T.);
#3270=ORIENTED_EDGE('',*,*,#4647,.T.);
#3271=ORIENTED_EDGE('',*,*,#4625,.T.);
#3272=ORIENTED_EDGE('',*,*,#4481,.T.);
#3273=ORIENTED_EDGE('',*,*,#4483,.T.);
#3274=ORIENTED_EDGE('',*,*,#4649,.T.);
#3275=ORIENTED_EDGE('',*,*,#4656,.T.);
#3276=ORIENTED_EDGE('',*,*,#4655,.T.);
#3277=ORIENTED_EDGE('',*,*,#4536,.T.);
#3278=ORIENTED_EDGE('',*,*,#4652,.T.);
#3279=ORIENTED_EDGE('',*,*,#4653,.T.);
#3280=ORIENTED_EDGE('',*,*,#4657,.T.);
#3281=ORIENTED_EDGE('',*,*,#4549,.T.);
#3282=ORIENTED_EDGE('',*,*,#4548,.T.);
#3283=ORIENTED_EDGE('',*,*,#4459,.T.);
#3284=ORIENTED_EDGE('',*,*,#4527,.T.);
#3285=ORIENTED_EDGE('',*,*,#4529,.T.);
#3286=ORIENTED_EDGE('',*,*,#4533,.T.);
#3287=ORIENTED_EDGE('',*,*,#4662,.F.);
#3288=ORIENTED_EDGE('',*,*,#4551,.T.);
#3289=ORIENTED_EDGE('',*,*,#4457,.T.);
#3290=ORIENTED_EDGE('',*,*,#4568,.T.);
#3291=ORIENTED_EDGE('',*,*,#4570,.T.);
#3292=ORIENTED_EDGE('',*,*,#4574,.T.);
#3293=ORIENTED_EDGE('',*,*,#4663,.F.);
#3294=ORIENTED_EDGE('',*,*,#4537,.T.);
#3295=ORIENTED_EDGE('',*,*,#4540,.T.);
#3296=ORIENTED_EDGE('',*,*,#4460,.T.);
#3297=ORIENTED_EDGE('',*,*,#4547,.T.);
#3298=ORIENTED_EDGE('',*,*,#4637,.T.);
#3299=ORIENTED_EDGE('',*,*,#4600,.T.);
#3300=ORIENTED_EDGE('',*,*,#4447,.F.);
#3301=ORIENTED_EDGE('',*,*,#4588,.T.);
#3302=ORIENTED_EDGE('',*,*,#4642,.T.);
#3303=ORIENTED_EDGE('',*,*,#4563,.T.);
#3304=ORIENTED_EDGE('',*,*,#4455,.T.);
#3305=ORIENTED_EDGE('',*,*,#4585,.T.);
#3306=ORIENTED_EDGE('',*,*,#4639,.T.);
#3307=ORIENTED_EDGE('',*,*,#4603,.T.);
#3308=ORIENTED_EDGE('',*,*,#4445,.F.);
#3309=ORIENTED_EDGE('',*,*,#4617,.T.);
#3310=ORIENTED_EDGE('',*,*,#4644,.T.);
#3311=ORIENTED_EDGE('',*,*,#4565,.T.);
#3312=ORIENTED_EDGE('',*,*,#4462,.T.);
#3313=ORIENTED_EDGE('',*,*,#4461,.T.);
#3314=ORIENTED_EDGE('',*,*,#4464,.T.);
#3315=ORIENTED_EDGE('',*,*,#4463,.T.);
#3316=ORIENTED_EDGE('',*,*,#4439,.F.);
#3317=ORIENTED_EDGE('',*,*,#4438,.F.);
#3318=ORIENTED_EDGE('',*,*,#4437,.F.);
#3319=ORIENTED_EDGE('',*,*,#4665,.F.);
#3320=ORIENTED_EDGE('',*,*,#4435,.T.);
#3321=ORIENTED_EDGE('',*,*,#4666,.F.);
#3322=ORIENTED_EDGE('',*,*,#4665,.T.);
#3323=ORIENTED_EDGE('',*,*,#4388,.T.);
#3324=ORIENTED_EDGE('',*,*,#4666,.T.);
#3325=ORIENTED_EDGE('',*,*,#4667,.F.);
#3326=ORIENTED_EDGE('',*,*,#4434,.T.);
#3327=ORIENTED_EDGE('',*,*,#4668,.F.);
#3328=ORIENTED_EDGE('',*,*,#4667,.T.);
#3329=ORIENTED_EDGE('',*,*,#4436,.T.);
#3330=ORIENTED_EDGE('',*,*,#4668,.T.);
#3331=ORIENTED_EDGE('',*,*,#4669,.T.);
#3332=ORIENTED_EDGE('',*,*,#4670,.T.);
#3333=ORIENTED_EDGE('',*,*,#4671,.T.);
#3334=ORIENTED_EDGE('',*,*,#4432,.T.);
#3335=ORIENTED_EDGE('',*,*,#4672,.T.);
#3336=ORIENTED_EDGE('',*,*,#4433,.F.);
#3337=ORIENTED_EDGE('',*,*,#4673,.T.);
#3338=ORIENTED_EDGE('',*,*,#4674,.T.);
#3339=ORIENTED_EDGE('',*,*,#4675,.T.);
#3340=ORIENTED_EDGE('',*,*,#4430,.T.);
#3341=ORIENTED_EDGE('',*,*,#4676,.T.);
#3342=ORIENTED_EDGE('',*,*,#4431,.F.);
#3343=ORIENTED_EDGE('',*,*,#4675,.F.);
#3344=ORIENTED_EDGE('',*,*,#4673,.F.);
#3345=ORIENTED_EDGE('',*,*,#4674,.F.);
#3346=ORIENTED_EDGE('',*,*,#4676,.F.);
#3347=ORIENTED_EDGE('',*,*,#4671,.F.);
#3348=ORIENTED_EDGE('',*,*,#4669,.F.);
#3349=ORIENTED_EDGE('',*,*,#4670,.F.);
#3350=ORIENTED_EDGE('',*,*,#4672,.F.);
#3351=ORIENTED_EDGE('',*,*,#4399,.F.);
#3352=ORIENTED_EDGE('',*,*,#4412,.T.);
#3353=ORIENTED_EDGE('',*,*,#4677,.F.);
#3354=ORIENTED_EDGE('',*,*,#4418,.T.);
#3355=ORIENTED_EDGE('',*,*,#4441,.T.);
#3356=ORIENTED_EDGE('',*,*,#4428,.T.);
#3357=ORIENTED_EDGE('',*,*,#4411,.F.);
#3358=ORIENTED_EDGE('',*,*,#4419,.F.);
#3359=ORIENTED_EDGE('',*,*,#4677,.T.);
#3360=ORIENTED_EDGE('',*,*,#4417,.F.);
#3361=ORIENTED_EDGE('',*,*,#4402,.F.);
#3362=ORIENTED_EDGE('',*,*,#4425,.T.);
#3363=ORIENTED_EDGE('',*,*,#4414,.F.);
#3364=ORIENTED_EDGE('',*,*,#4660,.T.);
#3365=ORIENTED_EDGE('',*,*,#4659,.T.);
#3366=ORIENTED_EDGE('',*,*,#4664,.T.);
#3367=ORIENTED_EDGE('',*,*,#4678,.F.);
#3368=ORIENTED_EDGE('',*,*,#4678,.T.);
#3369=ORIENTED_EDGE('',*,*,#4679,.F.);
#3370=ORIENTED_EDGE('',*,*,#4679,.T.);
#3371=ORIENTED_EDGE('',*,*,#4393,.T.);
#3372=ORIENTED_EDGE('',*,*,#4405,.F.);
#3373=ORIENTED_EDGE('',*,*,#4442,.F.);
#3374=ORIENTED_EDGE('',*,*,#4390,.F.);
#3375=ORIENTED_EDGE('',*,*,#4395,.F.);
#3376=ORIENTED_EDGE('',*,*,#4392,.F.);
#3377=ORIENTED_EDGE('',*,*,#4443,.F.);
#3378=ORIENTED_EDGE('',*,*,#4409,.F.);
#3379=ORIENTED_EDGE('',*,*,#4396,.F.);
#3380=ORIENTED_EDGE('',*,*,#4680,.F.);
#3381=ORIENTED_EDGE('',*,*,#4681,.T.);
#3382=ORIENTED_EDGE('',*,*,#4682,.F.);
#3383=ORIENTED_EDGE('',*,*,#4683,.T.);
#3384=ORIENTED_EDGE('',*,*,#4684,.T.);
#3385=ORIENTED_EDGE('',*,*,#4685,.T.);
#3386=ORIENTED_EDGE('',*,*,#4686,.T.);
#3387=ORIENTED_EDGE('',*,*,#4687,.T.);
#3388=ORIENTED_EDGE('',*,*,#4688,.F.);
#3389=ORIENTED_EDGE('',*,*,#4680,.T.);
#3390=ORIENTED_EDGE('',*,*,#4689,.T.);
#3391=ORIENTED_EDGE('',*,*,#4690,.F.);
#3392=ORIENTED_EDGE('',*,*,#4691,.T.);
#3393=ORIENTED_EDGE('',*,*,#4686,.F.);
#3394=ORIENTED_EDGE('',*,*,#4692,.T.);
#3395=ORIENTED_EDGE('',*,*,#4693,.F.);
#3396=ORIENTED_EDGE('',*,*,#4694,.T.);
#3397=ORIENTED_EDGE('',*,*,#4695,.F.);
#3398=ORIENTED_EDGE('',*,*,#4693,.T.);
#3399=ORIENTED_EDGE('',*,*,#4696,.T.);
#3400=ORIENTED_EDGE('',*,*,#4697,.T.);
#3401=ORIENTED_EDGE('',*,*,#4698,.T.);
#3402=ORIENTED_EDGE('',*,*,#4699,.F.);
#3403=ORIENTED_EDGE('',*,*,#4695,.T.);
#3404=ORIENTED_EDGE('',*,*,#4700,.T.);
#3405=ORIENTED_EDGE('',*,*,#4701,.T.);
#3406=ORIENTED_EDGE('',*,*,#4702,.T.);
#3407=ORIENTED_EDGE('',*,*,#4703,.F.);
#3408=ORIENTED_EDGE('',*,*,#4704,.T.);
#3409=ORIENTED_EDGE('',*,*,#4705,.T.);
#3410=ORIENTED_EDGE('',*,*,#4706,.T.);
#3411=ORIENTED_EDGE('',*,*,#4697,.F.);
#3412=ORIENTED_EDGE('',*,*,#4707,.T.);
#3413=ORIENTED_EDGE('',*,*,#4684,.F.);
#3414=ORIENTED_EDGE('',*,*,#4708,.T.);
#3415=ORIENTED_EDGE('',*,*,#4709,.T.);
#3416=ORIENTED_EDGE('',*,*,#4710,.F.);
#3417=ORIENTED_EDGE('',*,*,#4709,.F.);
#3418=ORIENTED_EDGE('',*,*,#4711,.T.);
#3419=ORIENTED_EDGE('',*,*,#4705,.F.);
#3420=ORIENTED_EDGE('',*,*,#4712,.T.);
#3421=ORIENTED_EDGE('',*,*,#4703,.T.);
#3422=ORIENTED_EDGE('',*,*,#4713,.T.);
#3423=ORIENTED_EDGE('',*,*,#4682,.T.);
#3424=ORIENTED_EDGE('',*,*,#4714,.T.);
#3425=ORIENTED_EDGE('',*,*,#4715,.F.);
#3426=ORIENTED_EDGE('',*,*,#4716,.T.);
#3427=ORIENTED_EDGE('',*,*,#4717,.T.);
#3428=ORIENTED_EDGE('',*,*,#4718,.T.);
#3429=ORIENTED_EDGE('',*,*,#4717,.F.);
#3430=ORIENTED_EDGE('',*,*,#4719,.T.);
#3431=ORIENTED_EDGE('',*,*,#4720,.T.);
#3432=ORIENTED_EDGE('',*,*,#4721,.T.);
#3433=ORIENTED_EDGE('',*,*,#4720,.F.);
#3434=ORIENTED_EDGE('',*,*,#4722,.T.);
#3435=ORIENTED_EDGE('',*,*,#4723,.T.);
#3436=ORIENTED_EDGE('',*,*,#4724,.T.);
#3437=ORIENTED_EDGE('',*,*,#4723,.F.);
#3438=ORIENTED_EDGE('',*,*,#4725,.T.);
#3439=ORIENTED_EDGE('',*,*,#4726,.T.);
#3440=ORIENTED_EDGE('',*,*,#4727,.T.);
#3441=ORIENTED_EDGE('',*,*,#4726,.F.);
#3442=ORIENTED_EDGE('',*,*,#4728,.T.);
#3443=ORIENTED_EDGE('',*,*,#4729,.F.);
#3444=ORIENTED_EDGE('',*,*,#4730,.T.);
#3445=ORIENTED_EDGE('',*,*,#4729,.T.);
#3446=ORIENTED_EDGE('',*,*,#4731,.T.);
#3447=ORIENTED_EDGE('',*,*,#4732,.T.);
#3448=ORIENTED_EDGE('',*,*,#4733,.T.);
#3449=ORIENTED_EDGE('',*,*,#4732,.F.);
#3450=ORIENTED_EDGE('',*,*,#4734,.T.);
#3451=ORIENTED_EDGE('',*,*,#4715,.T.);
#3452=ORIENTED_EDGE('',*,*,#4687,.F.);
#3453=ORIENTED_EDGE('',*,*,#4691,.F.);
#3454=ORIENTED_EDGE('',*,*,#4735,.F.);
#3455=ORIENTED_EDGE('',*,*,#4736,.F.);
#3456=ORIENTED_EDGE('',*,*,#4737,.F.);
#3457=ORIENTED_EDGE('',*,*,#4738,.F.);
#3458=ORIENTED_EDGE('',*,*,#4739,.T.);
#3459=ORIENTED_EDGE('',*,*,#4740,.F.);
#3460=ORIENTED_EDGE('',*,*,#4700,.F.);
#3461=ORIENTED_EDGE('',*,*,#4694,.F.);
#3462=ORIENTED_EDGE('',*,*,#4698,.F.);
#3463=ORIENTED_EDGE('',*,*,#4706,.F.);
#3464=ORIENTED_EDGE('',*,*,#4711,.F.);
#3465=ORIENTED_EDGE('',*,*,#4708,.F.);
#3466=ORIENTED_EDGE('',*,*,#4734,.F.);
#3467=ORIENTED_EDGE('',*,*,#4731,.F.);
#3468=ORIENTED_EDGE('',*,*,#4728,.F.);
#3469=ORIENTED_EDGE('',*,*,#4725,.F.);
#3470=ORIENTED_EDGE('',*,*,#4722,.F.);
#3471=ORIENTED_EDGE('',*,*,#4719,.F.);
#3472=ORIENTED_EDGE('',*,*,#4716,.F.);
#3473=ORIENTED_EDGE('',*,*,#4713,.F.);
#3474=ORIENTED_EDGE('',*,*,#4702,.F.);
#3475=ORIENTED_EDGE('',*,*,#4741,.F.);
#3476=ORIENTED_EDGE('',*,*,#4742,.F.);
#3477=ORIENTED_EDGE('',*,*,#4743,.F.);
#3478=ORIENTED_EDGE('',*,*,#4744,.F.);
#3479=ORIENTED_EDGE('',*,*,#4745,.F.);
#3480=ORIENTED_EDGE('',*,*,#4746,.F.);
#3481=ORIENTED_EDGE('',*,*,#4689,.F.);
#3482=ORIENTED_EDGE('',*,*,#4683,.F.);
#3483=ORIENTED_EDGE('',*,*,#4738,.T.);
#3484=ORIENTED_EDGE('',*,*,#4747,.F.);
#3485=ORIENTED_EDGE('',*,*,#4743,.T.);
#3486=ORIENTED_EDGE('',*,*,#4748,.T.);
#3487=ORIENTED_EDGE('',*,*,#4737,.T.);
#3488=ORIENTED_EDGE('',*,*,#4749,.T.);
#3489=ORIENTED_EDGE('',*,*,#4744,.T.);
#3490=ORIENTED_EDGE('',*,*,#4747,.T.);
#3491=ORIENTED_EDGE('',*,*,#4736,.T.);
#3492=ORIENTED_EDGE('',*,*,#4750,.F.);
#3493=ORIENTED_EDGE('',*,*,#4745,.T.);
#3494=ORIENTED_EDGE('',*,*,#4749,.F.);
#3495=ORIENTED_EDGE('',*,*,#4735,.T.);
#3496=ORIENTED_EDGE('',*,*,#4690,.T.);
#3497=ORIENTED_EDGE('',*,*,#4746,.T.);
#3498=ORIENTED_EDGE('',*,*,#4750,.T.);
#3499=ORIENTED_EDGE('',*,*,#4740,.T.);
#3500=ORIENTED_EDGE('',*,*,#4751,.F.);
#3501=ORIENTED_EDGE('',*,*,#4741,.T.);
#3502=ORIENTED_EDGE('',*,*,#4701,.F.);
#3503=ORIENTED_EDGE('',*,*,#4751,.T.);
#3504=ORIENTED_EDGE('',*,*,#4739,.F.);
#3505=ORIENTED_EDGE('',*,*,#4748,.F.);
#3506=ORIENTED_EDGE('',*,*,#4742,.T.);
#3507=ORIENTED_EDGE('',*,*,#4752,.T.);
#3508=ORIENTED_EDGE('',*,*,#4730,.F.);
#3509=ORIENTED_EDGE('',*,*,#4733,.F.);
#3510=ORIENTED_EDGE('',*,*,#4714,.F.);
#3511=ORIENTED_EDGE('',*,*,#4718,.F.);
#3512=ORIENTED_EDGE('',*,*,#4721,.F.);
#3513=ORIENTED_EDGE('',*,*,#4724,.F.);
#3514=ORIENTED_EDGE('',*,*,#4727,.F.);
#3515=ORIENTED_EDGE('',*,*,#4707,.F.);
#3516=ORIENTED_EDGE('',*,*,#4710,.T.);
#3517=ORIENTED_EDGE('',*,*,#4704,.F.);
#3518=ORIENTED_EDGE('',*,*,#4696,.F.);
#3519=ORIENTED_EDGE('',*,*,#4692,.F.);
#3520=ORIENTED_EDGE('',*,*,#4699,.T.);
#3521=ORIENTED_EDGE('',*,*,#4712,.F.);
#3522=ORIENTED_EDGE('',*,*,#4681,.F.);
#3523=ORIENTED_EDGE('',*,*,#4688,.T.);
#3524=ORIENTED_EDGE('',*,*,#4685,.F.);
#3525=ORIENTED_EDGE('',*,*,#4753,.F.);
#3526=ORIENTED_EDGE('',*,*,#4754,.T.);
#3527=ORIENTED_EDGE('',*,*,#4753,.T.);
#3528=ORIENTED_EDGE('',*,*,#4755,.T.);
#3529=ORIENTED_EDGE('',*,*,#4752,.F.);
#3530=ORIENTED_EDGE('',*,*,#4754,.F.);
#3531=ORIENTED_EDGE('',*,*,#4755,.F.);
#3532=ORIENTED_EDGE('',*,*,#4756,.T.);
#3533=ORIENTED_EDGE('',*,*,#4757,.T.);
#3534=ORIENTED_EDGE('',*,*,#4758,.F.);
#3535=ORIENTED_EDGE('',*,*,#4759,.F.);
#3536=ORIENTED_EDGE('',*,*,#4758,.T.);
#3537=ORIENTED_EDGE('',*,*,#4757,.F.);
#3538=ORIENTED_EDGE('',*,*,#4760,.T.);
#3539=ORIENTED_EDGE('',*,*,#4759,.T.);
#3540=ORIENTED_EDGE('',*,*,#4760,.F.);
#3541=ORIENTED_EDGE('',*,*,#4756,.F.);
#3542=ORIENTED_EDGE('',*,*,#4761,.T.);
#3543=ORIENTED_EDGE('',*,*,#4762,.T.);
#3544=ORIENTED_EDGE('',*,*,#4763,.F.);
#3545=ORIENTED_EDGE('',*,*,#4764,.F.);
#3546=ORIENTED_EDGE('',*,*,#4762,.F.);
#3547=ORIENTED_EDGE('',*,*,#4765,.T.);
#3548=ORIENTED_EDGE('',*,*,#4766,.F.);
#3549=ORIENTED_EDGE('',*,*,#4767,.F.);
#3550=ORIENTED_EDGE('',*,*,#4768,.T.);
#3551=ORIENTED_EDGE('',*,*,#4769,.F.);
#3552=ORIENTED_EDGE('',*,*,#4770,.F.);
#3553=ORIENTED_EDGE('',*,*,#4771,.F.);
#3554=ORIENTED_EDGE('',*,*,#4772,.F.);
#3555=ORIENTED_EDGE('',*,*,#4773,.F.);
#3556=ORIENTED_EDGE('',*,*,#4774,.T.);
#3557=ORIENTED_EDGE('',*,*,#4775,.T.);
#3558=ORIENTED_EDGE('',*,*,#4776,.T.);
#3559=ORIENTED_EDGE('',*,*,#4777,.T.);
#3560=ORIENTED_EDGE('',*,*,#4778,.F.);
#3561=ORIENTED_EDGE('',*,*,#4779,.F.);
#3562=ORIENTED_EDGE('',*,*,#4780,.T.);
#3563=ORIENTED_EDGE('',*,*,#4763,.T.);
#3564=ORIENTED_EDGE('',*,*,#4764,.T.);
#3565=ORIENTED_EDGE('',*,*,#4781,.F.);
#3566=ORIENTED_EDGE('',*,*,#4782,.F.);
#3567=ORIENTED_EDGE('',*,*,#4772,.T.);
#3568=ORIENTED_EDGE('',*,*,#4783,.F.);
#3569=ORIENTED_EDGE('',*,*,#4784,.F.);
#3570=ORIENTED_EDGE('',*,*,#4785,.T.);
#3571=ORIENTED_EDGE('',*,*,#4786,.F.);
#3572=ORIENTED_EDGE('',*,*,#4787,.T.);
#3573=ORIENTED_EDGE('',*,*,#4788,.F.);
#3574=ORIENTED_EDGE('',*,*,#4789,.F.);
#3575=ORIENTED_EDGE('',*,*,#4787,.F.);
#3576=ORIENTED_EDGE('',*,*,#4790,.F.);
#3577=ORIENTED_EDGE('',*,*,#4791,.F.);
#3578=ORIENTED_EDGE('',*,*,#4792,.F.);
#3579=ORIENTED_EDGE('',*,*,#4791,.T.);
#3580=ORIENTED_EDGE('',*,*,#4793,.T.);
#3581=ORIENTED_EDGE('',*,*,#4794,.F.);
#3582=ORIENTED_EDGE('',*,*,#4768,.F.);
#3583=ORIENTED_EDGE('',*,*,#4795,.F.);
#3584=ORIENTED_EDGE('',*,*,#4796,.F.);
#3585=ORIENTED_EDGE('',*,*,#4797,.T.);
#3586=ORIENTED_EDGE('',*,*,#4761,.F.);
#3587=ORIENTED_EDGE('',*,*,#4785,.F.);
#3588=ORIENTED_EDGE('',*,*,#4798,.F.);
#3589=ORIENTED_EDGE('',*,*,#4799,.F.);
#3590=ORIENTED_EDGE('',*,*,#4800,.F.);
#3591=ORIENTED_EDGE('',*,*,#4765,.F.);
#3592=ORIENTED_EDGE('',*,*,#4797,.F.);
#3593=ORIENTED_EDGE('',*,*,#4781,.T.);
#3594=ORIENTED_EDGE('',*,*,#4766,.T.);
#3595=ORIENTED_EDGE('',*,*,#4800,.T.);
#3596=ORIENTED_EDGE('',*,*,#4801,.F.);
#3597=ORIENTED_EDGE('',*,*,#4802,.T.);
#3598=ORIENTED_EDGE('',*,*,#4803,.F.);
#3599=ORIENTED_EDGE('',*,*,#4770,.T.);
#3600=ORIENTED_EDGE('',*,*,#4782,.T.);
#3601=ORIENTED_EDGE('',*,*,#4802,.F.);
#3602=ORIENTED_EDGE('',*,*,#4804,.F.);
#3603=ORIENTED_EDGE('',*,*,#4805,.F.);
#3604=ORIENTED_EDGE('',*,*,#4795,.T.);
#3605=ORIENTED_EDGE('',*,*,#4767,.T.);
#3606=ORIENTED_EDGE('',*,*,#4806,.F.);
#3607=ORIENTED_EDGE('',*,*,#4807,.F.);
#3608=ORIENTED_EDGE('',*,*,#4788,.T.);
#3609=ORIENTED_EDGE('',*,*,#4789,.T.);
#3610=ORIENTED_EDGE('',*,*,#4792,.T.);
#3611=ORIENTED_EDGE('',*,*,#4805,.T.);
#3612=ORIENTED_EDGE('',*,*,#4808,.F.);
#3613=ORIENTED_EDGE('',*,*,#4809,.T.);
#3614=ORIENTED_EDGE('',*,*,#4810,.T.);
#3615=ORIENTED_EDGE('',*,*,#4773,.T.);
#3616=ORIENTED_EDGE('',*,*,#4811,.T.);
#3617=ORIENTED_EDGE('',*,*,#4812,.T.);
#3618=ORIENTED_EDGE('',*,*,#4813,.F.);
#3619=ORIENTED_EDGE('',*,*,#4814,.T.);
#3620=ORIENTED_EDGE('',*,*,#4774,.F.);
#3621=ORIENTED_EDGE('',*,*,#4810,.F.);
#3622=ORIENTED_EDGE('',*,*,#4815,.F.);
#3623=ORIENTED_EDGE('',*,*,#4816,.T.);
#3624=ORIENTED_EDGE('',*,*,#4775,.F.);
#3625=ORIENTED_EDGE('',*,*,#4814,.F.);
#3626=ORIENTED_EDGE('',*,*,#4817,.F.);
#3627=ORIENTED_EDGE('',*,*,#4818,.T.);
#3628=ORIENTED_EDGE('',*,*,#4819,.T.);
#3629=ORIENTED_EDGE('',*,*,#4820,.T.);
#3630=ORIENTED_EDGE('',*,*,#4821,.T.);
#3631=ORIENTED_EDGE('',*,*,#4822,.F.);
#3632=ORIENTED_EDGE('',*,*,#4819,.F.);
#3633=ORIENTED_EDGE('',*,*,#4823,.T.);
#3634=ORIENTED_EDGE('',*,*,#4824,.T.);
#3635=ORIENTED_EDGE('',*,*,#4825,.F.);
#3636=ORIENTED_EDGE('',*,*,#4826,.F.);
#3637=ORIENTED_EDGE('',*,*,#4778,.T.);
#3638=ORIENTED_EDGE('',*,*,#4827,.T.);
#3639=ORIENTED_EDGE('',*,*,#4813,.T.);
#3640=ORIENTED_EDGE('',*,*,#4828,.T.);
#3641=ORIENTED_EDGE('',*,*,#4779,.T.);
#3642=ORIENTED_EDGE('',*,*,#4826,.T.);
#3643=ORIENTED_EDGE('',*,*,#4829,.T.);
#3644=ORIENTED_EDGE('',*,*,#4830,.T.);
#3645=ORIENTED_EDGE('',*,*,#4831,.T.);
#3646=ORIENTED_EDGE('',*,*,#4811,.F.);
#3647=ORIENTED_EDGE('',*,*,#4776,.F.);
#3648=ORIENTED_EDGE('',*,*,#4816,.F.);
#3649=ORIENTED_EDGE('',*,*,#4832,.F.);
#3650=ORIENTED_EDGE('',*,*,#4833,.T.);
#3651=ORIENTED_EDGE('',*,*,#4834,.F.);
#3652=ORIENTED_EDGE('',*,*,#4835,.F.);
#3653=ORIENTED_EDGE('',*,*,#4808,.T.);
#3654=ORIENTED_EDGE('',*,*,#4807,.T.);
#3655=ORIENTED_EDGE('',*,*,#4836,.T.);
#3656=ORIENTED_EDGE('',*,*,#4804,.T.);
#3657=ORIENTED_EDGE('',*,*,#4801,.T.);
#3658=ORIENTED_EDGE('',*,*,#4799,.T.);
#3659=ORIENTED_EDGE('',*,*,#4796,.T.);
#3660=ORIENTED_EDGE('',*,*,#4837,.T.);
#3661=ORIENTED_EDGE('',*,*,#4838,.T.);
#3662=ORIENTED_EDGE('',*,*,#4839,.T.);
#3663=ORIENTED_EDGE('',*,*,#4832,.T.);
#3664=ORIENTED_EDGE('',*,*,#4840,.T.);
#3665=ORIENTED_EDGE('',*,*,#4841,.F.);
#3666=ORIENTED_EDGE('',*,*,#4837,.F.);
#3667=ORIENTED_EDGE('',*,*,#4817,.T.);
#3668=ORIENTED_EDGE('',*,*,#4842,.F.);
#3669=ORIENTED_EDGE('',*,*,#4843,.F.);
#3670=ORIENTED_EDGE('',*,*,#4844,.F.);
#3671=ORIENTED_EDGE('',*,*,#4829,.F.);
#3672=ORIENTED_EDGE('',*,*,#4825,.T.);
#3673=ORIENTED_EDGE('',*,*,#4845,.F.);
#3674=ORIENTED_EDGE('',*,*,#4846,.F.);
#3675=ORIENTED_EDGE('',*,*,#4847,.T.);
#3676=ORIENTED_EDGE('',*,*,#4842,.T.);
#3677=ORIENTED_EDGE('',*,*,#4823,.F.);
#3678=ORIENTED_EDGE('',*,*,#4818,.F.);
#3679=ORIENTED_EDGE('',*,*,#4844,.T.);
#3680=ORIENTED_EDGE('',*,*,#4848,.T.);
#3681=ORIENTED_EDGE('',*,*,#4849,.F.);
#3682=ORIENTED_EDGE('',*,*,#4830,.F.);
#3683=ORIENTED_EDGE('',*,*,#4850,.T.);
#3684=ORIENTED_EDGE('',*,*,#4851,.T.);
#3685=ORIENTED_EDGE('',*,*,#4831,.F.);
#3686=ORIENTED_EDGE('',*,*,#4849,.T.);
#3687=ORIENTED_EDGE('',*,*,#4851,.F.);
#3688=ORIENTED_EDGE('',*,*,#4852,.T.);
#3689=ORIENTED_EDGE('',*,*,#4840,.F.);
#3690=ORIENTED_EDGE('',*,*,#4815,.T.);
#3691=ORIENTED_EDGE('',*,*,#4809,.F.);
#3692=ORIENTED_EDGE('',*,*,#4827,.F.);
#3693=ORIENTED_EDGE('',*,*,#4853,.T.);
#3694=ORIENTED_EDGE('',*,*,#4846,.T.);
#3695=ORIENTED_EDGE('',*,*,#4820,.F.);
#3696=ORIENTED_EDGE('',*,*,#4822,.T.);
#3697=ORIENTED_EDGE('',*,*,#4793,.F.);
#3698=ORIENTED_EDGE('',*,*,#4790,.T.);
#3699=ORIENTED_EDGE('',*,*,#4786,.T.);
#3700=ORIENTED_EDGE('',*,*,#4835,.T.);
#3701=ORIENTED_EDGE('',*,*,#4854,.T.);
#3702=ORIENTED_EDGE('',*,*,#4833,.F.);
#3703=ORIENTED_EDGE('',*,*,#4798,.T.);
#3704=ORIENTED_EDGE('',*,*,#4784,.T.);
#3705=ORIENTED_EDGE('',*,*,#4780,.F.);
#3706=ORIENTED_EDGE('',*,*,#4828,.F.);
#3707=ORIENTED_EDGE('',*,*,#4812,.F.);
#3708=ORIENTED_EDGE('',*,*,#4839,.F.);
#3709=ORIENTED_EDGE('',*,*,#4771,.T.);
#3710=ORIENTED_EDGE('',*,*,#4803,.T.);
#3711=ORIENTED_EDGE('',*,*,#4836,.F.);
#3712=ORIENTED_EDGE('',*,*,#4806,.T.);
#3713=ORIENTED_EDGE('',*,*,#4769,.T.);
#3714=ORIENTED_EDGE('',*,*,#4794,.T.);
#3715=ORIENTED_EDGE('',*,*,#4821,.F.);
#3716=ORIENTED_EDGE('',*,*,#4845,.T.);
#3717=ORIENTED_EDGE('',*,*,#4824,.F.);
#3718=ORIENTED_EDGE('',*,*,#4777,.F.);
#3719=ORIENTED_EDGE('',*,*,#4783,.T.);
#3720=ORIENTED_EDGE('',*,*,#4855,.F.);
#3721=ORIENTED_EDGE('',*,*,#4856,.T.);
#3722=ORIENTED_EDGE('',*,*,#4855,.T.);
#3723=ORIENTED_EDGE('',*,*,#4847,.F.);
#3724=ORIENTED_EDGE('',*,*,#4853,.F.);
#3725=ORIENTED_EDGE('',*,*,#4834,.T.);
#3726=ORIENTED_EDGE('',*,*,#4854,.F.);
#3727=ORIENTED_EDGE('',*,*,#4838,.F.);
#3728=ORIENTED_EDGE('',*,*,#4841,.T.);
#3729=ORIENTED_EDGE('',*,*,#4852,.F.);
#3730=ORIENTED_EDGE('',*,*,#4850,.F.);
#3731=ORIENTED_EDGE('',*,*,#4848,.F.);
#3732=ORIENTED_EDGE('',*,*,#4843,.T.);
#3733=ORIENTED_EDGE('',*,*,#4856,.F.);
#3734=ORIENTED_EDGE('',*,*,#4857,.T.);
#3735=ORIENTED_EDGE('',*,*,#4858,.T.);
#3736=ORIENTED_EDGE('',*,*,#4859,.T.);
#3737=ORIENTED_EDGE('',*,*,#4860,.T.);
#3738=ORIENTED_EDGE('',*,*,#4861,.T.);
#3739=ORIENTED_EDGE('',*,*,#4862,.T.);
#3740=ORIENTED_EDGE('',*,*,#4859,.F.);
#3741=ORIENTED_EDGE('',*,*,#4863,.T.);
#3742=ORIENTED_EDGE('',*,*,#4864,.F.);
#3743=ORIENTED_EDGE('',*,*,#4865,.F.);
#3744=ORIENTED_EDGE('',*,*,#4862,.F.);
#3745=ORIENTED_EDGE('',*,*,#4866,.T.);
#3746=ORIENTED_EDGE('',*,*,#4867,.F.);
#3747=ORIENTED_EDGE('',*,*,#4863,.F.);
#3748=ORIENTED_EDGE('',*,*,#4861,.F.);
#3749=ORIENTED_EDGE('',*,*,#4868,.T.);
#3750=ORIENTED_EDGE('',*,*,#4869,.F.);
#3751=ORIENTED_EDGE('',*,*,#4866,.F.);
#3752=ORIENTED_EDGE('',*,*,#4860,.F.);
#3753=ORIENTED_EDGE('',*,*,#4865,.T.);
#3754=ORIENTED_EDGE('',*,*,#4870,.F.);
#3755=ORIENTED_EDGE('',*,*,#4868,.F.);
#3756=ORIENTED_EDGE('',*,*,#4871,.T.);
#3757=ORIENTED_EDGE('',*,*,#4872,.T.);
#3758=ORIENTED_EDGE('',*,*,#4864,.T.);
#3759=ORIENTED_EDGE('',*,*,#4867,.T.);
#3760=ORIENTED_EDGE('',*,*,#4869,.T.);
#3761=ORIENTED_EDGE('',*,*,#4870,.T.);
#3762=ORIENTED_EDGE('',*,*,#4873,.F.);
#3763=ORIENTED_EDGE('',*,*,#4874,.T.);
#3764=ORIENTED_EDGE('',*,*,#4875,.F.);
#3765=ORIENTED_EDGE('',*,*,#4876,.F.);
#3766=ORIENTED_EDGE('',*,*,#4877,.T.);
#3767=ORIENTED_EDGE('',*,*,#4878,.F.);
#3768=ORIENTED_EDGE('',*,*,#4879,.T.);
#3769=ORIENTED_EDGE('',*,*,#4880,.F.);
#3770=ORIENTED_EDGE('',*,*,#4881,.T.);
#3771=ORIENTED_EDGE('',*,*,#4882,.F.);
#3772=ORIENTED_EDGE('',*,*,#4875,.T.);
#3773=ORIENTED_EDGE('',*,*,#4883,.T.);
#3774=ORIENTED_EDGE('',*,*,#4878,.T.);
#3775=ORIENTED_EDGE('',*,*,#4884,.F.);
#3776=ORIENTED_EDGE('',*,*,#4885,.T.);
#3777=ORIENTED_EDGE('',*,*,#4886,.T.);
#3778=ORIENTED_EDGE('',*,*,#4887,.T.);
#3779=ORIENTED_EDGE('',*,*,#4888,.T.);
#3780=ORIENTED_EDGE('',*,*,#4889,.T.);
#3781=ORIENTED_EDGE('',*,*,#4872,.F.);
#3782=ORIENTED_EDGE('',*,*,#4890,.F.);
#3783=ORIENTED_EDGE('',*,*,#4884,.T.);
#3784=ORIENTED_EDGE('',*,*,#4880,.T.);
#3785=ORIENTED_EDGE('',*,*,#4891,.T.);
#3786=ORIENTED_EDGE('',*,*,#4873,.T.);
#3787=ORIENTED_EDGE('',*,*,#4892,.T.);
#3788=ORIENTED_EDGE('',*,*,#4858,.F.);
#3789=ORIENTED_EDGE('',*,*,#4893,.F.);
#3790=ORIENTED_EDGE('',*,*,#4894,.T.);
#3791=ORIENTED_EDGE('',*,*,#4895,.T.);
#3792=ORIENTED_EDGE('',*,*,#4896,.T.);
#3793=ORIENTED_EDGE('',*,*,#4876,.T.);
#3794=ORIENTED_EDGE('',*,*,#4890,.T.);
#3795=ORIENTED_EDGE('',*,*,#4897,.T.);
#3796=ORIENTED_EDGE('',*,*,#4898,.T.);
#3797=ORIENTED_EDGE('',*,*,#4899,.T.);
#3798=ORIENTED_EDGE('',*,*,#4895,.F.);
#3799=ORIENTED_EDGE('',*,*,#4900,.T.);
#3800=ORIENTED_EDGE('',*,*,#4893,.T.);
#3801=ORIENTED_EDGE('',*,*,#4901,.T.);
#3802=ORIENTED_EDGE('',*,*,#4902,.T.);
#3803=ORIENTED_EDGE('',*,*,#4903,.T.);
#3804=ORIENTED_EDGE('',*,*,#4889,.F.);
#3805=ORIENTED_EDGE('',*,*,#4882,.T.);
#3806=ORIENTED_EDGE('',*,*,#4904,.T.);
#3807=ORIENTED_EDGE('',*,*,#4887,.F.);
#3808=ORIENTED_EDGE('',*,*,#4905,.T.);
#3809=ORIENTED_EDGE('',*,*,#4871,.F.);
#3810=ORIENTED_EDGE('',*,*,#4906,.T.);
#3811=ORIENTED_EDGE('',*,*,#4892,.F.);
#3812=ORIENTED_EDGE('',*,*,#4907,.T.);
#3813=ORIENTED_EDGE('',*,*,#4894,.F.);
#3814=ORIENTED_EDGE('',*,*,#4908,.T.);
#3815=ORIENTED_EDGE('',*,*,#4909,.T.);
#3816=ORIENTED_EDGE('',*,*,#4910,.T.);
#3817=ORIENTED_EDGE('',*,*,#4911,.T.);
#3818=ORIENTED_EDGE('',*,*,#4912,.T.);
#3819=ORIENTED_EDGE('',*,*,#4885,.F.);
#3820=ORIENTED_EDGE('',*,*,#4913,.T.);
#3821=ORIENTED_EDGE('',*,*,#4907,.F.);
#3822=ORIENTED_EDGE('',*,*,#4877,.F.);
#3823=ORIENTED_EDGE('',*,*,#4900,.F.);
#3824=ORIENTED_EDGE('',*,*,#4904,.F.);
#3825=ORIENTED_EDGE('',*,*,#4881,.F.);
#3826=ORIENTED_EDGE('',*,*,#4908,.F.);
#3827=ORIENTED_EDGE('',*,*,#4905,.F.);
#3828=ORIENTED_EDGE('',*,*,#4914,.F.);
#3829=ORIENTED_EDGE('',*,*,#4897,.F.);
#3830=ORIENTED_EDGE('',*,*,#4914,.T.);
#3831=ORIENTED_EDGE('',*,*,#4886,.F.);
#3832=ORIENTED_EDGE('',*,*,#4915,.F.);
#3833=ORIENTED_EDGE('',*,*,#4898,.F.);
#3834=ORIENTED_EDGE('',*,*,#4903,.F.);
#3835=ORIENTED_EDGE('',*,*,#4916,.F.);
#3836=ORIENTED_EDGE('',*,*,#4906,.F.);
#3837=ORIENTED_EDGE('',*,*,#4915,.T.);
#3838=ORIENTED_EDGE('',*,*,#4912,.F.);
#3839=ORIENTED_EDGE('',*,*,#4917,.F.);
#3840=ORIENTED_EDGE('',*,*,#4899,.F.);
#3841=ORIENTED_EDGE('',*,*,#4916,.T.);
#3842=ORIENTED_EDGE('',*,*,#4902,.F.);
#3843=ORIENTED_EDGE('',*,*,#4918,.F.);
#3844=ORIENTED_EDGE('',*,*,#4888,.F.);
#3845=ORIENTED_EDGE('',*,*,#4917,.T.);
#3846=ORIENTED_EDGE('',*,*,#4911,.F.);
#3847=ORIENTED_EDGE('',*,*,#4910,.F.);
#3848=ORIENTED_EDGE('',*,*,#4909,.F.);
#3849=ORIENTED_EDGE('',*,*,#4919,.T.);
#3850=ORIENTED_EDGE('',*,*,#4896,.F.);
#3851=ORIENTED_EDGE('',*,*,#4918,.T.);
#3852=ORIENTED_EDGE('',*,*,#4901,.F.);
#3853=ORIENTED_EDGE('',*,*,#4919,.F.);
#3854=ORIENTED_EDGE('',*,*,#4913,.F.);
#3855=ORIENTED_EDGE('',*,*,#4920,.T.);
#3856=ORIENTED_EDGE('',*,*,#4921,.T.);
#3857=ORIENTED_EDGE('',*,*,#4922,.T.);
#3858=ORIENTED_EDGE('',*,*,#4923,.T.);
#3859=ORIENTED_EDGE('',*,*,#4924,.F.);
#3860=ORIENTED_EDGE('',*,*,#4924,.T.);
#3861=ORIENTED_EDGE('',*,*,#4925,.F.);
#3862=ORIENTED_EDGE('',*,*,#4926,.F.);
#3863=ORIENTED_EDGE('',*,*,#4925,.T.);
#3864=ORIENTED_EDGE('',*,*,#4927,.F.);
#3865=ORIENTED_EDGE('',*,*,#4923,.F.);
#3866=ORIENTED_EDGE('',*,*,#4928,.F.);
#3867=ORIENTED_EDGE('',*,*,#4879,.F.);
#3868=ORIENTED_EDGE('',*,*,#4928,.T.);
#3869=ORIENTED_EDGE('',*,*,#4922,.F.);
#3870=ORIENTED_EDGE('',*,*,#4929,.F.);
#3871=ORIENTED_EDGE('',*,*,#4891,.F.);
#3872=ORIENTED_EDGE('',*,*,#4927,.T.);
#3873=ORIENTED_EDGE('',*,*,#4883,.F.);
#3874=ORIENTED_EDGE('',*,*,#4930,.F.);
#3875=ORIENTED_EDGE('',*,*,#4920,.F.);
#3876=ORIENTED_EDGE('',*,*,#4929,.T.);
#3877=ORIENTED_EDGE('',*,*,#4921,.F.);
#3878=ORIENTED_EDGE('',*,*,#4930,.T.);
#3879=ORIENTED_EDGE('',*,*,#4874,.F.);
#3880=ORIENTED_EDGE('',*,*,#4857,.F.);
#3881=ORIENTED_EDGE('',*,*,#4926,.T.);
#3882=ORIENTED_EDGE('',*,*,#4931,.F.);
#3883=ORIENTED_EDGE('',*,*,#4932,.T.);
#3884=ORIENTED_EDGE('',*,*,#4933,.F.);
#3885=ORIENTED_EDGE('',*,*,#4934,.F.);
#3886=ORIENTED_EDGE('',*,*,#4935,.T.);
#3887=ORIENTED_EDGE('',*,*,#4936,.F.);
#3888=ORIENTED_EDGE('',*,*,#4937,.T.);
#3889=ORIENTED_EDGE('',*,*,#4938,.F.);
#3890=ORIENTED_EDGE('',*,*,#4939,.F.);
#3891=ORIENTED_EDGE('',*,*,#4940,.F.);
#3892=ORIENTED_EDGE('',*,*,#4941,.T.);
#3893=ORIENTED_EDGE('',*,*,#4942,.F.);
#3894=ORIENTED_EDGE('',*,*,#4943,.F.);
#3895=ORIENTED_EDGE('',*,*,#4942,.T.);
#3896=ORIENTED_EDGE('',*,*,#4944,.T.);
#3897=ORIENTED_EDGE('',*,*,#4945,.F.);
#3898=ORIENTED_EDGE('',*,*,#4933,.T.);
#3899=ORIENTED_EDGE('',*,*,#4946,.F.);
#3900=ORIENTED_EDGE('',*,*,#4931,.T.);
#3901=ORIENTED_EDGE('',*,*,#4947,.F.);
#3902=ORIENTED_EDGE('',*,*,#4937,.F.);
#3903=ORIENTED_EDGE('',*,*,#4940,.T.);
#3904=ORIENTED_EDGE('',*,*,#4948,.T.);
#3905=ORIENTED_EDGE('',*,*,#4949,.T.);
#3906=ORIENTED_EDGE('',*,*,#4950,.F.);
#3907=ORIENTED_EDGE('',*,*,#4951,.T.);
#3908=ORIENTED_EDGE('',*,*,#4952,.F.);
#3909=ORIENTED_EDGE('',*,*,#4953,.F.);
#3910=ORIENTED_EDGE('',*,*,#4954,.F.);
#3911=ORIENTED_EDGE('',*,*,#4955,.T.);
#3912=ORIENTED_EDGE('',*,*,#4956,.F.);
#3913=ORIENTED_EDGE('',*,*,#4949,.F.);
#3914=ORIENTED_EDGE('',*,*,#4957,.F.);
#3915=ORIENTED_EDGE('',*,*,#4958,.T.);
#3916=ORIENTED_EDGE('',*,*,#4959,.F.);
#3917=ORIENTED_EDGE('',*,*,#4935,.F.);
#3918=ORIENTED_EDGE('',*,*,#4960,.F.);
#3919=ORIENTED_EDGE('',*,*,#4958,.F.);
#3920=ORIENTED_EDGE('',*,*,#4961,.F.);
#3921=ORIENTED_EDGE('',*,*,#4962,.F.);
#3922=ORIENTED_EDGE('',*,*,#4963,.T.);
#3923=ORIENTED_EDGE('',*,*,#4936,.T.);
#3924=ORIENTED_EDGE('',*,*,#4961,.T.);
#3925=ORIENTED_EDGE('',*,*,#4957,.T.);
#3926=ORIENTED_EDGE('',*,*,#4948,.F.);
#3927=ORIENTED_EDGE('',*,*,#4939,.T.);
#3928=ORIENTED_EDGE('',*,*,#4943,.T.);
#3929=ORIENTED_EDGE('',*,*,#4932,.F.);
#3930=ORIENTED_EDGE('',*,*,#4946,.T.);
#3931=ORIENTED_EDGE('',*,*,#4954,.T.);
#3932=ORIENTED_EDGE('',*,*,#4952,.T.);
#3933=ORIENTED_EDGE('',*,*,#4953,.T.);
#3934=ORIENTED_EDGE('',*,*,#4964,.T.);
#3935=ORIENTED_EDGE('',*,*,#4964,.F.);
#3936=ORIENTED_EDGE('',*,*,#4965,.T.);
#3937=ORIENTED_EDGE('',*,*,#4966,.T.);
#3938=ORIENTED_EDGE('',*,*,#4967,.T.);
#3939=ORIENTED_EDGE('',*,*,#4968,.T.);
#3940=ORIENTED_EDGE('',*,*,#4969,.T.);
#3941=ORIENTED_EDGE('',*,*,#4950,.T.);
#3942=ORIENTED_EDGE('',*,*,#4959,.T.);
#3943=ORIENTED_EDGE('',*,*,#4960,.T.);
#3944=ORIENTED_EDGE('',*,*,#4938,.T.);
#3945=ORIENTED_EDGE('',*,*,#4947,.T.);
#3946=ORIENTED_EDGE('',*,*,#4934,.T.);
#3947=ORIENTED_EDGE('',*,*,#4945,.T.);
#3948=ORIENTED_EDGE('',*,*,#4970,.T.);
#3949=ORIENTED_EDGE('',*,*,#4962,.T.);
#3950=ORIENTED_EDGE('',*,*,#4956,.T.);
#3951=ORIENTED_EDGE('',*,*,#4971,.T.);
#3952=ORIENTED_EDGE('',*,*,#4944,.F.);
#3953=ORIENTED_EDGE('',*,*,#4941,.F.);
#3954=ORIENTED_EDGE('',*,*,#4951,.F.);
#3955=ORIENTED_EDGE('',*,*,#4969,.F.);
#3956=ORIENTED_EDGE('',*,*,#4972,.F.);
#3957=ORIENTED_EDGE('',*,*,#4967,.F.);
#3958=ORIENTED_EDGE('',*,*,#4973,.F.);
#3959=ORIENTED_EDGE('',*,*,#4965,.F.);
#3960=ORIENTED_EDGE('',*,*,#4974,.T.);
#3961=ORIENTED_EDGE('',*,*,#4972,.T.);
#3962=ORIENTED_EDGE('',*,*,#4968,.F.);
#3963=ORIENTED_EDGE('',*,*,#4974,.F.);
#3964=ORIENTED_EDGE('',*,*,#4975,.T.);
#3965=ORIENTED_EDGE('',*,*,#4975,.F.);
#3966=ORIENTED_EDGE('',*,*,#4976,.T.);
#3967=ORIENTED_EDGE('',*,*,#4977,.F.);
#3968=ORIENTED_EDGE('',*,*,#4976,.F.);
#3969=ORIENTED_EDGE('',*,*,#4978,.T.);
#3970=ORIENTED_EDGE('',*,*,#4977,.T.);
#3971=ORIENTED_EDGE('',*,*,#4978,.F.);
#3972=ORIENTED_EDGE('',*,*,#4979,.T.);
#3973=ORIENTED_EDGE('',*,*,#4979,.F.);
#3974=ORIENTED_EDGE('',*,*,#4980,.T.);
#3975=ORIENTED_EDGE('',*,*,#4970,.F.);
#3976=ORIENTED_EDGE('',*,*,#4980,.F.);
#3977=ORIENTED_EDGE('',*,*,#4981,.T.);
#3978=ORIENTED_EDGE('',*,*,#4973,.T.);
#3979=ORIENTED_EDGE('',*,*,#4966,.F.);
#3980=ORIENTED_EDGE('',*,*,#4981,.F.);
#3981=ORIENTED_EDGE('',*,*,#4982,.T.);
#3982=ORIENTED_EDGE('',*,*,#4982,.F.);
#3983=ORIENTED_EDGE('',*,*,#4983,.T.);
#3984=ORIENTED_EDGE('',*,*,#4984,.F.);
#3985=ORIENTED_EDGE('',*,*,#4983,.F.);
#3986=ORIENTED_EDGE('',*,*,#4985,.T.);
#3987=ORIENTED_EDGE('',*,*,#4984,.T.);
#3988=ORIENTED_EDGE('',*,*,#4985,.F.);
#3989=ORIENTED_EDGE('',*,*,#4986,.T.);
#3990=ORIENTED_EDGE('',*,*,#4986,.F.);
#3991=ORIENTED_EDGE('',*,*,#4987,.T.);
#3992=ORIENTED_EDGE('',*,*,#4971,.F.);
#3993=ORIENTED_EDGE('',*,*,#4987,.F.);
#3994=ORIENTED_EDGE('',*,*,#4955,.F.);
#3995=ORIENTED_EDGE('',*,*,#4963,.F.);
#3996=VERTEX_POINT('',#6629);
#3997=VERTEX_POINT('',#6631);
#3998=VERTEX_POINT('',#6632);
#3999=VERTEX_POINT('',#6640);
#4000=VERTEX_POINT('',#6642);
#4001=VERTEX_POINT('',#6652);
#4002=VERTEX_POINT('',#6654);
#4003=VERTEX_POINT('',#6655);
#4004=VERTEX_POINT('',#6658);
#4005=VERTEX_POINT('',#6660);
#4006=VERTEX_POINT('',#6662);
#4007=VERTEX_POINT('',#6664);
#4008=VERTEX_POINT('',#6666);
#4009=VERTEX_POINT('',#6668);
#4010=VERTEX_POINT('',#6673);
#4011=VERTEX_POINT('',#6677);
#4012=VERTEX_POINT('',#6678);
#4013=VERTEX_POINT('',#6690);
#4014=VERTEX_POINT('',#6697);
#4015=VERTEX_POINT('',#6708);
#4016=VERTEX_POINT('',#6709);
#4017=VERTEX_POINT('',#6711);
#4018=VERTEX_POINT('',#6719);
#4019=VERTEX_POINT('',#6720);
#4020=VERTEX_POINT('',#6722);
#4021=VERTEX_POINT('',#6727);
#4022=VERTEX_POINT('',#6728);
#4023=VERTEX_POINT('',#6734);
#4024=VERTEX_POINT('',#6739);
#4025=VERTEX_POINT('',#6741);
#4026=VERTEX_POINT('',#6746);
#4027=VERTEX_POINT('',#6753);
#4028=VERTEX_POINT('',#6759);
#4029=VERTEX_POINT('',#6761);
#4030=VERTEX_POINT('',#6764);
#4031=VERTEX_POINT('',#6766);
#4032=VERTEX_POINT('',#6769);
#4033=VERTEX_POINT('',#6771);
#4034=VERTEX_POINT('',#6774);
#4035=VERTEX_POINT('',#6776);
#4036=VERTEX_POINT('',#6782);
#4037=VERTEX_POINT('',#6783);
#4038=VERTEX_POINT('',#6788);
#4039=VERTEX_POINT('',#6794);
#4040=VERTEX_POINT('',#6803);
#4041=VERTEX_POINT('',#6804);
#4042=VERTEX_POINT('',#6806);
#4043=VERTEX_POINT('',#6808);
#4044=VERTEX_POINT('',#6810);
#4045=VERTEX_POINT('',#6812);
#4046=VERTEX_POINT('',#6818);
#4047=VERTEX_POINT('',#6819);
#4048=VERTEX_POINT('',#6829);
#4049=VERTEX_POINT('',#6830);
#4050=VERTEX_POINT('',#6835);
#4051=VERTEX_POINT('',#6840);
#4052=VERTEX_POINT('',#6845);
#4053=VERTEX_POINT('',#6850);
#4054=VERTEX_POINT('',#6855);
#4055=VERTEX_POINT('',#6860);
#4056=VERTEX_POINT('',#6865);
#4057=VERTEX_POINT('',#6888);
#4058=VERTEX_POINT('',#6889);
#4059=VERTEX_POINT('',#6904);
#4060=VERTEX_POINT('',#6915);
#4061=VERTEX_POINT('',#7699);
#4062=VERTEX_POINT('',#7761);
#4063=VERTEX_POINT('',#7767);
#4064=VERTEX_POINT('',#7768);
#4065=VERTEX_POINT('',#7773);
#4066=VERTEX_POINT('',#7798);
#4067=VERTEX_POINT('',#7799);
#4068=VERTEX_POINT('',#7812);
#4069=VERTEX_POINT('',#7819);
#4070=VERTEX_POINT('',#7820);
#4071=VERTEX_POINT('',#7825);
#4072=VERTEX_POINT('',#7838);
#4073=VERTEX_POINT('',#7848);
#4074=VERTEX_POINT('',#7849);
#4075=VERTEX_POINT('',#7860);
#4076=VERTEX_POINT('',#7870);
#4077=VERTEX_POINT('',#7871);
#4078=VERTEX_POINT('',#7876);
#4079=VERTEX_POINT('',#7886);
#4080=VERTEX_POINT('',#7887);
#4081=VERTEX_POINT('',#7901);
#4082=VERTEX_POINT('',#7911);
#4083=VERTEX_POINT('',#7921);
#4084=VERTEX_POINT('',#7922);
#4085=VERTEX_POINT('',#7927);
#4086=VERTEX_POINT('',#7940);
#4087=VERTEX_POINT('',#7950);
#4088=VERTEX_POINT('',#7957);
#4089=VERTEX_POINT('',#7982);
#4090=VERTEX_POINT('',#7983);
#4091=VERTEX_POINT('',#7988);
#4092=VERTEX_POINT('',#8013);
#4093=VERTEX_POINT('',#8014);
#4094=VERTEX_POINT('',#8025);
#4095=VERTEX_POINT('',#8035);
#4096=VERTEX_POINT('',#8042);
#4097=VERTEX_POINT('',#8043);
#4098=VERTEX_POINT('',#8045);
#4099=VERTEX_POINT('',#8084);
#4100=VERTEX_POINT('',#8091);
#4101=VERTEX_POINT('',#8172);
#4102=VERTEX_POINT('',#8177);
#4103=VERTEX_POINT('',#8182);
#4104=VERTEX_POINT('',#8198);
#4105=VERTEX_POINT('',#8203);
#4106=VERTEX_POINT('',#8217);
#4107=VERTEX_POINT('',#8227);
#4108=VERTEX_POINT('',#8228);
#4109=VERTEX_POINT('',#8236);
#4110=VERTEX_POINT('',#8302);
#4111=VERTEX_POINT('',#8312);
#4112=VERTEX_POINT('',#8322);
#4113=VERTEX_POINT('',#8323);
#4114=VERTEX_POINT('',#8328);
#4115=VERTEX_POINT('',#8366);
#4116=VERTEX_POINT('',#8371);
#4117=VERTEX_POINT('',#8376);
#4118=VERTEX_POINT('',#8397);
#4119=VERTEX_POINT('',#8408);
#4120=VERTEX_POINT('',#8466);
#4121=VERTEX_POINT('',#8516);
#4122=VERTEX_POINT('',#8526);
#4123=VERTEX_POINT('',#8531);
#4124=VERTEX_POINT('',#8535);
#4125=VERTEX_POINT('',#8604);
#4126=VERTEX_POINT('',#8609);
#4127=VERTEX_POINT('',#8614);
#4128=VERTEX_POINT('',#8675);
#4129=VERTEX_POINT('',#8682);
#4130=VERTEX_POINT('',#8707);
#4131=VERTEX_POINT('',#8709);
#4132=VERTEX_POINT('',#8723);
#4133=VERTEX_POINT('',#8783);
#4134=VERTEX_POINT('',#8784);
#4135=VERTEX_POINT('',#8789);
#4136=VERTEX_POINT('',#8841);
#4137=VERTEX_POINT('',#8846);
#4138=VERTEX_POINT('',#8868);
#4139=VERTEX_POINT('',#8873);
#4140=VERTEX_POINT('',#8883);
#4141=VERTEX_POINT('',#8912);
#4142=VERTEX_POINT('',#8917);
#4143=VERTEX_POINT('',#8922);
#4144=VERTEX_POINT('',#8953);
#4145=VERTEX_POINT('',#8958);
#4146=VERTEX_POINT('',#9003);
#4147=VERTEX_POINT('',#9005);
#4148=VERTEX_POINT('',#9015);
#4149=VERTEX_POINT('',#9064);
#4150=VERTEX_POINT('',#9065);
#4151=VERTEX_POINT('',#9070);
#4152=VERTEX_POINT('',#9105);
#4153=VERTEX_POINT('',#9110);
#4154=VERTEX_POINT('',#9129);
#4155=VERTEX_POINT('',#9131);
#4156=VERTEX_POINT('',#9138);
#4157=VERTEX_POINT('',#9211);
#4158=VERTEX_POINT('',#9221);
#4159=VERTEX_POINT('',#9231);
#4160=VERTEX_POINT('',#9253);
#4161=VERTEX_POINT('',#9256);
#4162=VERTEX_POINT('',#9259);
#4163=VERTEX_POINT('',#9267);
#4164=VERTEX_POINT('',#9596);
#4165=VERTEX_POINT('',#9599);
#4166=VERTEX_POINT('',#9603);
#4167=VERTEX_POINT('',#9606);
#4168=VERTEX_POINT('',#9610);
#4169=VERTEX_POINT('',#9612);
#4170=VERTEX_POINT('',#9615);
#4171=VERTEX_POINT('',#9618);
#4172=VERTEX_POINT('',#9621);
#4173=VERTEX_POINT('',#9623);
#4174=VERTEX_POINT('',#9626);
#4175=VERTEX_POINT('',#9629);
#4176=VERTEX_POINT('',#9641);
#4177=VERTEX_POINT('',#9644);
#4178=VERTEX_POINT('',#9650);
#4179=VERTEX_POINT('',#9651);
#4180=VERTEX_POINT('',#9653);
#4181=VERTEX_POINT('',#9655);
#4182=VERTEX_POINT('',#9659);
#4183=VERTEX_POINT('',#9660);
#4184=VERTEX_POINT('',#9662);
#4185=VERTEX_POINT('',#9664);
#4186=VERTEX_POINT('',#9669);
#4187=VERTEX_POINT('',#9674);
#4188=VERTEX_POINT('',#9678);
#4189=VERTEX_POINT('',#9679);
#4190=VERTEX_POINT('',#9681);
#4191=VERTEX_POINT('',#9683);
#4192=VERTEX_POINT('',#9687);
#4193=VERTEX_POINT('',#9689);
#4194=VERTEX_POINT('',#9693);
#4195=VERTEX_POINT('',#9695);
#4196=VERTEX_POINT('',#9697);
#4197=VERTEX_POINT('',#9699);
#4198=VERTEX_POINT('',#9703);
#4199=VERTEX_POINT('',#9705);
#4200=VERTEX_POINT('',#9709);
#4201=VERTEX_POINT('',#9711);
#4202=VERTEX_POINT('',#9721);
#4203=VERTEX_POINT('',#9722);
#4204=VERTEX_POINT('',#9724);
#4205=VERTEX_POINT('',#9726);
#4206=VERTEX_POINT('',#9730);
#4207=VERTEX_POINT('',#9732);
#4208=VERTEX_POINT('',#9736);
#4209=VERTEX_POINT('',#9738);
#4210=VERTEX_POINT('',#9742);
#4211=VERTEX_POINT('',#9744);
#4212=VERTEX_POINT('',#9748);
#4213=VERTEX_POINT('',#9750);
#4214=VERTEX_POINT('',#9754);
#4215=VERTEX_POINT('',#9756);
#4216=VERTEX_POINT('',#9763);
#4217=VERTEX_POINT('',#9765);
#4218=VERTEX_POINT('',#9767);
#4219=VERTEX_POINT('',#9769);
#4220=VERTEX_POINT('',#9771);
#4221=VERTEX_POINT('',#9775);
#4222=VERTEX_POINT('',#9777);
#4223=VERTEX_POINT('',#9779);
#4224=VERTEX_POINT('',#9781);
#4225=VERTEX_POINT('',#9783);
#4226=VERTEX_POINT('',#9804);
#4227=VERTEX_POINT('',#9807);
#4228=VERTEX_POINT('',#9810);
#4229=VERTEX_POINT('',#9813);
#4230=VERTEX_POINT('',#9817);
#4231=VERTEX_POINT('',#9819);
#4232=VERTEX_POINT('',#9822);
#4233=VERTEX_POINT('',#9824);
#4234=VERTEX_POINT('',#9828);
#4235=VERTEX_POINT('',#9832);
#4236=VERTEX_POINT('',#9833);
#4237=VERTEX_POINT('',#9835);
#4238=VERTEX_POINT('',#9839);
#4239=VERTEX_POINT('',#9841);
#4240=VERTEX_POINT('',#9845);
#4241=VERTEX_POINT('',#9846);
#4242=VERTEX_POINT('',#9848);
#4243=VERTEX_POINT('',#9852);
#4244=VERTEX_POINT('',#9853);
#4245=VERTEX_POINT('',#9855);
#4246=VERTEX_POINT('',#9859);
#4247=VERTEX_POINT('',#9860);
#4248=VERTEX_POINT('',#9862);
#4249=VERTEX_POINT('',#9864);
#4250=VERTEX_POINT('',#9868);
#4251=VERTEX_POINT('',#9869);
#4252=VERTEX_POINT('',#9871);
#4253=VERTEX_POINT('',#9873);
#4254=VERTEX_POINT('',#9877);
#4255=VERTEX_POINT('',#9881);
#4256=VERTEX_POINT('',#9900);
#4257=VERTEX_POINT('',#9901);
#4258=VERTEX_POINT('',#9927);
#4259=VERTEX_POINT('',#9958);
#4260=VERTEX_POINT('',#9972);
#4261=VERTEX_POINT('',#9999);
#4262=VERTEX_POINT('',#10001);
#4263=VERTEX_POINT('',#10021);
#4264=VERTEX_POINT('',#10022);
#4265=VERTEX_POINT('',#10045);
#4266=VERTEX_POINT('',#10063);
#4267=VERTEX_POINT('',#10067);
#4268=VERTEX_POINT('',#10071);
#4269=VERTEX_POINT('',#10073);
#4270=VERTEX_POINT('',#10079);
#4271=VERTEX_POINT('',#10080);
#4272=VERTEX_POINT('',#10083);
#4273=VERTEX_POINT('',#10085);
#4274=VERTEX_POINT('',#10089);
#4275=VERTEX_POINT('',#10093);
#4276=VERTEX_POINT('',#10097);
#4277=VERTEX_POINT('',#10098);
#4278=VERTEX_POINT('',#10100);
#4279=VERTEX_POINT('',#10104);
#4280=VERTEX_POINT('',#10109);
#4281=VERTEX_POINT('',#10111);
#4282=VERTEX_POINT('',#10115);
#4283=VERTEX_POINT('',#10118);
#4284=VERTEX_POINT('',#10120);
#4285=VERTEX_POINT('',#10126);
#4286=VERTEX_POINT('',#10128);
#4287=VERTEX_POINT('',#10133);
#4288=VERTEX_POINT('',#10135);
#4289=VERTEX_POINT('',#10139);
#4290=VERTEX_POINT('',#10143);
#4291=VERTEX_POINT('',#10145);
#4292=VERTEX_POINT('',#10150);
#4293=VERTEX_POINT('',#10154);
#4294=VERTEX_POINT('',#10158);
#4295=VERTEX_POINT('',#10168);
#4296=VERTEX_POINT('',#10171);
#4297=VERTEX_POINT('',#10175);
#4298=VERTEX_POINT('',#10177);
#4299=VERTEX_POINT('',#10179);
#4300=VERTEX_POINT('',#10180);
#4301=VERTEX_POINT('',#10182);
#4302=VERTEX_POINT('',#10184);
#4303=VERTEX_POINT('',#10188);
#4304=VERTEX_POINT('',#10190);
#4305=VERTEX_POINT('',#10194);
#4306=VERTEX_POINT('',#10198);
#4307=VERTEX_POINT('',#10204);
#4308=VERTEX_POINT('',#10205);
#4309=VERTEX_POINT('',#10209);
#4310=VERTEX_POINT('',#10210);
#4311=VERTEX_POINT('',#10227);
#4312=VERTEX_POINT('',#10229);
#4313=VERTEX_POINT('',#10231);
#4314=VERTEX_POINT('',#10235);
#4315=VERTEX_POINT('',#10236);
#4316=VERTEX_POINT('',#10253);
#4317=VERTEX_POINT('',#10255);
#4318=VERTEX_POINT('',#10257);
#4319=VERTEX_POINT('',#10264);
#4320=VERTEX_POINT('',#10265);
#4321=VERTEX_POINT('',#10267);
#4322=VERTEX_POINT('',#10269);
#4323=VERTEX_POINT('',#10279);
#4324=VERTEX_POINT('',#10280);
#4325=VERTEX_POINT('',#10282);
#4326=VERTEX_POINT('',#10284);
#4327=VERTEX_POINT('',#10348);
#4328=VERTEX_POINT('',#10350);
#4329=VERTEX_POINT('',#10379);
#4330=VERTEX_POINT('',#10381);
#4331=VERTEX_POINT('',#10503);
#4332=VERTEX_POINT('',#10504);
#4333=VERTEX_POINT('',#10536);
#4334=VERTEX_POINT('',#10544);
#4335=VERTEX_POINT('',#10715);
#4336=VERTEX_POINT('',#10716);
#4337=VERTEX_POINT('',#10733);
#4338=VERTEX_POINT('',#10735);
#4339=VERTEX_POINT('',#10750);
#4340=VERTEX_POINT('',#10753);
#4341=VERTEX_POINT('',#10761);
#4342=VERTEX_POINT('',#10807);
#4343=VERTEX_POINT('',#10808);
#4344=VERTEX_POINT('',#10810);
#4345=VERTEX_POINT('',#10812);
#4346=VERTEX_POINT('',#10816);
#4347=VERTEX_POINT('',#10817);
#4348=VERTEX_POINT('',#10819);
#4349=VERTEX_POINT('',#10821);
#4350=VERTEX_POINT('',#10825);
#4351=VERTEX_POINT('',#10826);
#4352=VERTEX_POINT('',#10828);
#4353=VERTEX_POINT('',#10830);
#4354=VERTEX_POINT('',#10835);
#4355=VERTEX_POINT('',#10842);
#4356=VERTEX_POINT('',#10844);
#4357=VERTEX_POINT('',#10846);
#4358=VERTEX_POINT('',#10855);
#4359=VERTEX_POINT('',#10856);
#4360=VERTEX_POINT('',#10862);
#4361=VERTEX_POINT('',#10865);
#4362=VERTEX_POINT('',#10867);
#4363=VERTEX_POINT('',#10870);
#4364=VERTEX_POINT('',#10872);
#4365=VERTEX_POINT('',#10879);
#4366=VERTEX_POINT('',#10881);
#4367=VERTEX_POINT('',#10884);
#4368=VERTEX_POINT('',#10887);
#4369=VERTEX_POINT('',#10889);
#4370=VERTEX_POINT('',#10891);
#4371=VERTEX_POINT('',#10893);
#4372=VERTEX_POINT('',#10897);
#4373=VERTEX_POINT('',#10900);
#4374=VERTEX_POINT('',#10906);
#4375=VERTEX_POINT('',#10909);
#4376=VERTEX_POINT('',#10912);
#4377=VERTEX_POINT('',#10915);
#4378=VERTEX_POINT('',#10918);
#4379=VERTEX_POINT('',#10921);
#4380=VERTEX_POINT('',#10924);
#4381=VERTEX_POINT('',#10928);
#4382=VERTEX_POINT('',#10931);
#4383=VERTEX_POINT('',#10934);
#4384=VERTEX_POINT('',#10937);
#4385=VERTEX_POINT('',#10940);
#4386=VERTEX_POINT('',#10943);
#4387=VERTEX_POINT('',#10946);
#4388=EDGE_CURVE('',#3996,#3996,#4988,.T.);
#4389=EDGE_CURVE('',#3997,#3998,#4989,.T.);
#4390=EDGE_CURVE('',#3997,#3999,#2042,.T.);
#4391=EDGE_CURVE('',#3999,#4000,#2025,.T.);
#4392=EDGE_CURVE('',#4000,#3998,#2043,.T.);
#4393=EDGE_CURVE('',#4001,#4001,#4990,.T.);
#4394=EDGE_CURVE('',#4002,#4003,#4991,.T.);
#4395=EDGE_CURVE('',#4002,#3997,#1233,.T.);
#4396=EDGE_CURVE('',#3998,#4004,#1234,.T.);
#4397=EDGE_CURVE('',#4005,#4004,#4992,.T.);
#4398=EDGE_CURVE('',#4005,#4006,#1235,.T.);
#4399=EDGE_CURVE('',#4006,#4007,#4993,.T.);
#4400=EDGE_CURVE('',#4007,#4008,#1236,.T.);
#4401=EDGE_CURVE('',#4009,#4008,#4994,.T.);
#4402=EDGE_CURVE('',#4009,#4010,#2044,.T.);
#4403=EDGE_CURVE('',#4003,#4010,#1237,.T.);
#4404=EDGE_CURVE('',#4011,#4012,#2026,.T.);
#4405=EDGE_CURVE('',#4012,#4002,#2045,.T.);
#4406=EDGE_CURVE('',#4013,#4003,#1238,.T.);
#4407=EDGE_CURVE('',#4013,#4014,#2046,.T.);
#4408=EDGE_CURVE('',#4014,#4005,#1239,.T.);
#4409=EDGE_CURVE('',#4004,#4011,#2047,.T.);
#4410=EDGE_CURVE('',#4015,#4016,#1240,.T.);
#4411=EDGE_CURVE('',#4015,#4017,#1241,.T.);
#4412=EDGE_CURVE('',#4006,#4017,#1242,.T.);
#4413=EDGE_CURVE('',#4014,#4016,#1243,.T.);
#4414=EDGE_CURVE('',#4018,#4019,#2048,.T.);
#4415=EDGE_CURVE('',#4020,#4019,#1244,.T.);
#4416=EDGE_CURVE('',#4020,#4013,#1245,.T.);
#4417=EDGE_CURVE('',#4010,#4018,#1246,.T.);
#4418=EDGE_CURVE('',#4021,#4022,#1247,.T.);
#4419=EDGE_CURVE('',#4021,#4015,#4995,.T.);
#4420=EDGE_CURVE('',#4023,#4016,#2049,.T.);
#4421=EDGE_CURVE('',#4023,#4024,#2050,.T.);
#4422=EDGE_CURVE('',#4025,#4024,#4996,.T.);
#4423=EDGE_CURVE('',#4025,#4026,#2051,.T.);
#4424=EDGE_CURVE('',#4026,#4020,#2052,.T.);
#4425=EDGE_CURVE('',#4009,#4019,#1248,.T.);
#4426=EDGE_CURVE('',#4008,#4027,#1249,.T.);
#4427=EDGE_CURVE('',#4027,#4022,#2027,.T.);
#4428=EDGE_CURVE('',#4027,#4007,#1250,.T.);
#4429=EDGE_CURVE('',#4028,#4028,#4997,.T.);
#4430=EDGE_CURVE('',#4029,#4029,#4998,.T.);
#4431=EDGE_CURVE('',#4030,#4030,#4999,.T.);
#4432=EDGE_CURVE('',#4031,#4031,#5000,.T.);
#4433=EDGE_CURVE('',#4032,#4032,#5001,.T.);
#4434=EDGE_CURVE('',#4033,#4033,#5002,.T.);
#4435=EDGE_CURVE('',#4034,#4034,#5003,.T.);
#4436=EDGE_CURVE('',#4035,#4035,#5004,.T.);
#4437=EDGE_CURVE('',#4036,#4037,#2053,.T.);
#4438=EDGE_CURVE('',#4037,#4038,#2054,.T.);
#4439=EDGE_CURVE('',#4038,#4036,#2055,.T.);
#4440=EDGE_CURVE('',#4039,#4039,#5005,.T.);
#4441=EDGE_CURVE('',#4022,#4027,#2028,.T.);
#4442=EDGE_CURVE('',#3999,#4012,#1251,.T.);
#4443=EDGE_CURVE('',#4011,#4000,#1252,.T.);
#4444=EDGE_CURVE('',#4040,#4041,#5006,.T.);
#4445=EDGE_CURVE('',#4041,#4042,#5007,.T.);
#4446=EDGE_CURVE('',#4042,#4043,#5008,.T.);
#4447=EDGE_CURVE('',#4043,#4044,#5009,.T.);
#4448=EDGE_CURVE('',#4044,#4045,#5010,.T.);
#4449=EDGE_CURVE('',#4045,#4040,#5011,.T.);
#4450=EDGE_CURVE('',#4046,#4047,#2056,.T.);
#4451=EDGE_CURVE('',#4047,#4046,#2057,.T.);
#4452=EDGE_CURVE('',#4048,#4049,#2058,.T.);
#4453=EDGE_CURVE('',#4050,#4048,#2059,.T.);
#4454=EDGE_CURVE('',#4051,#4050,#2060,.T.);
#4455=EDGE_CURVE('',#4052,#4051,#2061,.T.);
#4456=EDGE_CURVE('',#4053,#4052,#2062,.T.);
#4457=EDGE_CURVE('',#4054,#4053,#2063,.T.);
#4458=EDGE_CURVE('',#4055,#4054,#2064,.T.);
#4459=EDGE_CURVE('',#4056,#4055,#2065,.T.);
#4460=EDGE_CURVE('',#4049,#4056,#2066,.T.);
#4461=EDGE_CURVE('',#4057,#4058,#2067,.T.);
#4462=EDGE_CURVE('',#4059,#4057,#2068,.T.);
#4463=EDGE_CURVE('',#4060,#4059,#2069,.T.);
#4464=EDGE_CURVE('',#4058,#4060,#2070,.T.);
#4465=EDGE_CURVE('',#4024,#4025,#2071,.T.);
#4466=EDGE_CURVE('',#4061,#4061,#5012,.T.);
#4467=EDGE_CURVE('',#4062,#4062,#2072,.T.);
#4468=EDGE_CURVE('',#4063,#4064,#2073,.T.);
#4469=EDGE_CURVE('',#4065,#4064,#2074,.T.);
#4470=EDGE_CURVE('',#4063,#4065,#2075,.T.);
#4471=EDGE_CURVE('',#4066,#4067,#2076,.T.);
#4472=EDGE_CURVE('',#4064,#4067,#1253,.T.);
#4473=EDGE_CURVE('',#4066,#4063,#2077,.T.);
#4474=EDGE_CURVE('',#4066,#4067,#2029,.T.);
#4475=EDGE_CURVE('',#4068,#4066,#2078,.T.);
#4476=EDGE_CURVE('',#4067,#4068,#2030,.T.);
#4477=EDGE_CURVE('',#4069,#4070,#2079,.T.);
#4478=EDGE_CURVE('',#4071,#4069,#2080,.T.);
#4479=EDGE_CURVE('',#4071,#4070,#2081,.T.);
#4480=EDGE_CURVE('',#4071,#4072,#2082,.T.);
#4481=EDGE_CURVE('',#4070,#4072,#2083,.T.);
#4482=EDGE_CURVE('',#4073,#4074,#2084,.T.);
#4483=EDGE_CURVE('',#4072,#4074,#1254,.T.);
#4484=EDGE_CURVE('',#4073,#4071,#2085,.T.);
#4485=EDGE_CURVE('',#4075,#4073,#2086,.T.);
#4486=EDGE_CURVE('',#4074,#4075,#2087,.T.);
#4487=EDGE_CURVE('',#4076,#4077,#2088,.T.);
#4488=EDGE_CURVE('',#4078,#4076,#2089,.T.);
#4489=EDGE_CURVE('',#4078,#4077,#2090,.T.);
#4490=EDGE_CURVE('',#4079,#4080,#2091,.T.);
#4491=EDGE_CURVE('',#4077,#4080,#1255,.T.);
#4492=EDGE_CURVE('',#4079,#4078,#2092,.T.);
#4493=EDGE_CURVE('',#4079,#4081,#2093,.T.);
#4494=EDGE_CURVE('',#4080,#4081,#2094,.T.);
#4495=EDGE_CURVE('',#4082,#4079,#2095,.T.);
#4496=EDGE_CURVE('',#4081,#4082,#2096,.T.);
#4497=EDGE_CURVE('',#4083,#4084,#2097,.T.);
#4498=EDGE_CURVE('',#4085,#4083,#2098,.T.);
#4499=EDGE_CURVE('',#4085,#4084,#2099,.T.);
#4500=EDGE_CURVE('',#4085,#4086,#2100,.T.);
#4501=EDGE_CURVE('',#4084,#4086,#2101,.T.);
#4502=EDGE_CURVE('',#4087,#4085,#2102,.T.);
#4503=EDGE_CURVE('',#4086,#4087,#1256,.T.);
#4504=EDGE_CURVE('',#4088,#4087,#2103,.T.);
#4505=EDGE_CURVE('',#4087,#4088,#2104,.T.);
#4506=EDGE_CURVE('',#4089,#4090,#2105,.T.);
#4507=EDGE_CURVE('',#4091,#4090,#2106,.T.);
#4508=EDGE_CURVE('',#4089,#4091,#2107,.T.);
#4509=EDGE_CURVE('',#4092,#4093,#2108,.T.);
#4510=EDGE_CURVE('',#4090,#4093,#1257,.T.);
#4511=EDGE_CURVE('',#4092,#4089,#2109,.T.);
#4512=EDGE_CURVE('',#4092,#4094,#2110,.T.);
#4513=EDGE_CURVE('',#4093,#4094,#2111,.T.);
#4514=EDGE_CURVE('',#4095,#4092,#2112,.T.);
#4515=EDGE_CURVE('',#4094,#4095,#2113,.T.);
#4516=EDGE_CURVE('',#4096,#4097,#2031,.T.);
#4517=EDGE_CURVE('',#4098,#4097,#2032,.T.);
#4518=EDGE_CURVE('',#4096,#4098,#2114,.T.);
#4519=EDGE_CURVE('',#4096,#4097,#2115,.T.);
#4520=EDGE_CURVE('',#4099,#4096,#2116,.T.);
#4521=EDGE_CURVE('',#4097,#4099,#1258,.T.);
#4522=EDGE_CURVE('',#4100,#4099,#2117,.T.);
#4523=EDGE_CURVE('',#4099,#4100,#2118,.T.);
#4524=EDGE_CURVE('',#4101,#4055,#2119,.T.);
#4525=EDGE_CURVE('',#4102,#4101,#2120,.T.);
#4526=EDGE_CURVE('',#4102,#4103,#2121,.T.);
#4527=EDGE_CURVE('',#4055,#4103,#2122,.T.);
#4528=EDGE_CURVE('',#4074,#4102,#1259,.T.);
#4529=EDGE_CURVE('',#4103,#4075,#2123,.T.);
#4530=EDGE_CURVE('',#4104,#4073,#2124,.T.);
#4531=EDGE_CURVE('',#4104,#4105,#2125,.T.);
#4532=EDGE_CURVE('',#4106,#4105,#2126,.T.);
#4533=EDGE_CURVE('',#4075,#4106,#2127,.T.);
#4534=EDGE_CURVE('',#4107,#4108,#2128,.T.);
#4535=EDGE_CURVE('',#4105,#4108,#5013,.T.);
#4536=EDGE_CURVE('',#4107,#4104,#5014,.T.);
#4537=EDGE_CURVE('',#4109,#4065,#2129,.T.);
#4538=EDGE_CURVE('',#4108,#4109,#2130,.T.);
#4539=EDGE_CURVE('',#4063,#4107,#2131,.T.);
#4540=EDGE_CURVE('',#4065,#4054,#2132,.T.);
#4541=EDGE_CURVE('',#4110,#4064,#1260,.T.);
#4542=EDGE_CURVE('',#4110,#4054,#2133,.T.);
#4543=EDGE_CURVE('',#4054,#4111,#2134,.T.);
#4544=EDGE_CURVE('',#4111,#4110,#2135,.T.);
#4545=EDGE_CURVE('',#4112,#4113,#2136,.T.);
#4546=EDGE_CURVE('',#4114,#4113,#2137,.T.);
#4547=EDGE_CURVE('',#4056,#4114,#2138,.T.);
#4548=EDGE_CURVE('',#4112,#4056,#2139,.T.);
#4549=EDGE_CURVE('',#4076,#4112,#2140,.T.);
#4550=EDGE_CURVE('',#4113,#4077,#1261,.T.);
#4551=EDGE_CURVE('',#4115,#4076,#2141,.T.);
#4552=EDGE_CURVE('',#4116,#4115,#2142,.T.);
#4553=EDGE_CURVE('',#4116,#4117,#2143,.T.);
#4554=EDGE_CURVE('',#4078,#4117,#2144,.T.);
#4555=EDGE_CURVE('',#4118,#4117,#2145,.T.);
#4556=EDGE_CURVE('',#4118,#4116,#5015,.T.);
#4557=EDGE_CURVE('',#4117,#4087,#2146,.T.);
#4558=EDGE_CURVE('',#4119,#4118,#2147,.T.);
#4559=EDGE_CURVE('',#4088,#4119,#2148,.T.);
#4560=EDGE_CURVE('',#4087,#4120,#1262,.T.);
#4561=EDGE_CURVE('',#4049,#4088,#2149,.T.);
#4562=EDGE_CURVE('',#4049,#4120,#2150,.T.);
#4563=EDGE_CURVE('',#4121,#4049,#2151,.T.);
#4564=EDGE_CURVE('',#4120,#4121,#2152,.T.);
#4565=EDGE_CURVE('',#4122,#4052,#2153,.T.);
#4566=EDGE_CURVE('',#4123,#4122,#2154,.T.);
#4567=EDGE_CURVE('',#4123,#4124,#852,.T.);
#4568=EDGE_CURVE('',#4053,#4124,#2155,.T.);
#4569=EDGE_CURVE('',#4099,#4123,#1263,.T.);
#4570=EDGE_CURVE('',#4124,#4100,#2156,.T.);
#4571=EDGE_CURVE('',#4125,#4099,#2157,.T.);
#4572=EDGE_CURVE('',#4125,#4126,#2158,.T.);
#4573=EDGE_CURVE('',#4127,#4126,#2159,.T.);
#4574=EDGE_CURVE('',#4100,#4127,#2160,.T.);
#4575=EDGE_CURVE('',#4125,#4128,#2161,.T.);
#4576=EDGE_CURVE('',#4126,#4128,#5016,.T.);
#4577=EDGE_CURVE('',#4129,#4091,#2162,.T.);
#4578=EDGE_CURVE('',#4128,#4129,#2163,.T.);
#4579=EDGE_CURVE('',#4089,#4125,#2164,.T.);
#4580=EDGE_CURVE('',#4091,#4130,#2165,.T.);
#4581=EDGE_CURVE('',#4131,#4090,#1264,.T.);
#4582=EDGE_CURVE('',#4131,#4130,#2166,.T.);
#4583=EDGE_CURVE('',#4130,#4050,#2167,.T.);
#4584=EDGE_CURVE('',#4132,#4131,#2168,.T.);
#4585=EDGE_CURVE('',#4051,#4132,#2169,.T.);
#4586=EDGE_CURVE('',#4133,#4134,#5017,.T.);
#4587=EDGE_CURVE('',#4135,#4134,#2170,.T.);
#4588=EDGE_CURVE('',#4043,#4135,#2171,.T.);
#4589=EDGE_CURVE('',#4133,#4043,#2172,.T.);
#4590=EDGE_CURVE('',#4083,#4133,#1265,.T.);
#4591=EDGE_CURVE('',#4134,#4084,#1266,.T.);
#4592=EDGE_CURVE('',#4085,#4136,#2173,.T.);
#4593=EDGE_CURVE('',#4137,#4083,#2174,.T.);
#4594=EDGE_CURVE('',#4137,#4136,#2175,.T.);
#4595=EDGE_CURVE('',#4082,#4137,#2176,.T.);
#4596=EDGE_CURVE('',#4136,#4079,#2177,.T.);
#4597=EDGE_CURVE('',#4081,#4138,#2178,.T.);
#4598=EDGE_CURVE('',#4139,#4082,#2179,.T.);
#4599=EDGE_CURVE('',#4139,#4138,#2180,.T.);
#4600=EDGE_CURVE('',#4140,#4044,#2181,.T.);
#4601=EDGE_CURVE('',#4138,#4140,#2182,.T.);
#4602=EDGE_CURVE('',#4044,#4139,#2183,.T.);
#4603=EDGE_CURVE('',#4141,#4042,#2184,.T.);
#4604=EDGE_CURVE('',#4142,#4141,#2185,.T.);
#4605=EDGE_CURVE('',#4142,#4143,#2186,.T.);
#4606=EDGE_CURVE('',#4042,#4143,#2187,.T.);
#4607=EDGE_CURVE('',#4094,#4142,#2188,.T.);
#4608=EDGE_CURVE('',#4143,#4095,#1267,.T.);
#4609=EDGE_CURVE('',#4095,#4144,#2189,.T.);
#4610=EDGE_CURVE('',#4145,#4092,#2190,.T.);
#4611=EDGE_CURVE('',#4145,#4144,#2191,.T.);
#4612=EDGE_CURVE('',#4096,#4145,#2192,.T.);
#4613=EDGE_CURVE('',#4144,#4098,#2193,.T.);
#4614=EDGE_CURVE('',#4098,#4146,#2194,.T.);
#4615=EDGE_CURVE('',#4147,#4097,#1268,.T.);
#4616=EDGE_CURVE('',#4147,#4146,#2195,.T.);
#4617=EDGE_CURVE('',#4041,#4148,#2196,.T.);
#4618=EDGE_CURVE('',#4146,#4041,#2197,.T.);
#4619=EDGE_CURVE('',#4148,#4147,#2198,.T.);
#4620=EDGE_CURVE('',#4149,#4150,#2199,.T.);
#4621=EDGE_CURVE('',#4151,#4150,#2200,.T.);
#4622=EDGE_CURVE('',#4045,#4151,#2201,.T.);
#4623=EDGE_CURVE('',#4149,#4045,#2202,.T.);
#4624=EDGE_CURVE('',#4069,#4149,#1269,.T.);
#4625=EDGE_CURVE('',#4150,#4070,#2203,.T.);
#4626=EDGE_CURVE('',#4071,#4152,#2204,.T.);
#4627=EDGE_CURVE('',#4153,#4069,#2205,.T.);
#4628=EDGE_CURVE('',#4153,#4152,#2206,.T.);
#4629=EDGE_CURVE('',#4068,#4153,#2207,.T.);
#4630=EDGE_CURVE('',#4152,#4066,#2208,.T.);
#4631=EDGE_CURVE('',#4067,#4154,#1270,.T.);
#4632=EDGE_CURVE('',#4155,#4068,#1271,.T.);
#4633=EDGE_CURVE('',#4155,#4154,#5018,.T.);
#4634=EDGE_CURVE('',#4156,#4040,#2209,.T.);
#4635=EDGE_CURVE('',#4154,#4156,#2210,.T.);
#4636=EDGE_CURVE('',#4040,#4155,#2211,.T.);
#4637=EDGE_CURVE('',#4114,#4140,#1272,.T.);
#4638=EDGE_CURVE('',#4138,#4113,#1273,.T.);
#4639=EDGE_CURVE('',#4132,#4141,#1274,.T.);
#4640=EDGE_CURVE('',#4142,#4131,#1275,.T.);
#4641=EDGE_CURVE('',#4120,#4134,#1276,.T.);
#4642=EDGE_CURVE('',#4135,#4121,#1277,.T.);
#4643=EDGE_CURVE('',#4123,#4147,#1278,.T.);
#4644=EDGE_CURVE('',#4148,#4122,#1279,.T.);
#4645=EDGE_CURVE('',#4111,#4156,#1280,.T.);
#4646=EDGE_CURVE('',#4154,#4110,#1281,.T.);
#4647=EDGE_CURVE('',#4102,#4150,#2212,.T.);
#4648=EDGE_CURVE('',#4151,#4101,#2213,.T.);
#4649=EDGE_CURVE('',#4157,#4117,#2214,.T.);
#4650=EDGE_CURVE('',#4136,#4157,#2215,.T.);
#4651=EDGE_CURVE('',#4158,#4152,#2216,.T.);
#4652=EDGE_CURVE('',#4104,#4158,#2217,.T.);
#4653=EDGE_CURVE('',#4159,#4125,#2218,.T.);
#4654=EDGE_CURVE('',#4145,#4159,#2219,.T.);
#4655=EDGE_CURVE('',#4158,#4107,#2220,.T.);
#4656=EDGE_CURVE('',#4117,#4157,#2221,.T.);
#4657=EDGE_CURVE('',#4125,#4159,#2222,.T.);
#4658=EDGE_CURVE('',#4160,#4160,#5019,.T.);
#4659=EDGE_CURVE('',#4161,#4161,#5020,.T.);
#4660=EDGE_CURVE('',#4162,#4162,#5021,.T.);
#4661=EDGE_CURVE('',#4129,#4119,#5022,.T.);
#4662=EDGE_CURVE('',#4115,#4106,#5023,.T.);
#4663=EDGE_CURVE('',#4109,#4127,#5024,.T.);
#4664=EDGE_CURVE('',#4163,#4163,#5025,.T.);
#4665=EDGE_CURVE('',#4164,#4164,#5026,.T.);
#4666=EDGE_CURVE('',#4165,#4165,#5027,.T.);
#4667=EDGE_CURVE('',#4166,#4166,#5028,.T.);
#4668=EDGE_CURVE('',#4167,#4167,#5029,.T.);
#4669=EDGE_CURVE('',#4168,#4168,#5030,.T.);
#4670=EDGE_CURVE('',#4169,#4169,#5031,.T.);
#4671=EDGE_CURVE('',#4170,#4170,#5032,.T.);
#4672=EDGE_CURVE('',#4171,#4171,#5033,.T.);
#4673=EDGE_CURVE('',#4172,#4172,#5034,.T.);
#4674=EDGE_CURVE('',#4173,#4173,#5035,.T.);
#4675=EDGE_CURVE('',#4174,#4174,#5036,.T.);
#4676=EDGE_CURVE('',#4175,#4175,#5037,.T.);
#4677=EDGE_CURVE('',#4021,#4017,#5038,.T.);
#4678=EDGE_CURVE('',#4176,#4176,#5039,.T.);
#4679=EDGE_CURVE('',#4177,#4177,#5040,.T.);
#4680=EDGE_CURVE('',#4178,#4179,#1282,.T.);
#4681=EDGE_CURVE('',#4178,#4180,#5041,.T.);
#4682=EDGE_CURVE('',#4181,#4180,#1283,.T.);
#4683=EDGE_CURVE('',#4181,#4179,#5042,.T.);
#4684=EDGE_CURVE('',#4182,#4183,#1284,.T.);
#4685=EDGE_CURVE('',#4183,#4184,#5043,.T.);
#4686=EDGE_CURVE('',#4184,#4185,#1285,.T.);
#4687=EDGE_CURVE('',#4185,#4182,#5044,.T.);
#4688=EDGE_CURVE('',#4178,#4184,#5045,.T.);
#4689=EDGE_CURVE('',#4179,#4186,#5046,.T.);
#4690=EDGE_CURVE('',#4187,#4186,#2223,.T.);
#4691=EDGE_CURVE('',#4187,#4185,#5047,.T.);
#4692=EDGE_CURVE('',#4188,#4189,#1286,.T.);
#4693=EDGE_CURVE('',#4190,#4189,#1287,.T.);
#4694=EDGE_CURVE('',#4190,#4191,#1288,.T.);
#4695=EDGE_CURVE('',#4188,#4191,#1289,.T.);
#4696=EDGE_CURVE('',#4189,#4192,#5048,.T.);
#4697=EDGE_CURVE('',#4192,#4193,#1290,.T.);
#4698=EDGE_CURVE('',#4193,#4190,#5049,.T.);
#4699=EDGE_CURVE('',#4188,#4194,#1291,.T.);
#4700=EDGE_CURVE('',#4191,#4195,#1292,.T.);
#4701=EDGE_CURVE('',#4195,#4196,#1293,.T.);
#4702=EDGE_CURVE('',#4196,#4197,#1294,.T.);
#4703=EDGE_CURVE('',#4194,#4197,#1295,.T.);
#4704=EDGE_CURVE('',#4192,#4198,#1296,.T.);
#4705=EDGE_CURVE('',#4198,#4199,#1297,.T.);
#4706=EDGE_CURVE('',#4199,#4193,#1298,.T.);
#4707=EDGE_CURVE('',#4200,#4183,#1299,.T.);
#4708=EDGE_CURVE('',#4182,#4201,#1300,.T.);
#4709=EDGE_CURVE('',#4201,#4200,#1301,.T.);
#4710=EDGE_CURVE('',#4200,#4198,#1302,.T.);
#4711=EDGE_CURVE('',#4201,#4199,#1303,.T.);
#4712=EDGE_CURVE('',#4180,#4194,#1304,.T.);
#4713=EDGE_CURVE('',#4197,#4181,#1305,.T.);
#4714=EDGE_CURVE('',#4202,#4203,#1306,.T.);
#4715=EDGE_CURVE('',#4204,#4203,#1307,.T.);
#4716=EDGE_CURVE('',#4204,#4205,#1308,.T.);
#4717=EDGE_CURVE('',#4205,#4202,#1309,.T.);
#4718=EDGE_CURVE('',#4206,#4202,#1310,.T.);
#4719=EDGE_CURVE('',#4205,#4207,#1311,.T.);
#4720=EDGE_CURVE('',#4207,#4206,#1312,.T.);
#4721=EDGE_CURVE('',#4208,#4206,#1313,.T.);
#4722=EDGE_CURVE('',#4207,#4209,#1314,.T.);
#4723=EDGE_CURVE('',#4209,#4208,#1315,.T.);
#4724=EDGE_CURVE('',#4210,#4208,#1316,.T.);
#4725=EDGE_CURVE('',#4209,#4211,#1317,.T.);
#4726=EDGE_CURVE('',#4211,#4210,#1318,.T.);
#4727=EDGE_CURVE('',#4212,#4210,#1319,.T.);
#4728=EDGE_CURVE('',#4211,#4213,#1320,.T.);
#4729=EDGE_CURVE('',#4212,#4213,#1321,.T.);
#4730=EDGE_CURVE('',#4214,#4212,#1322,.T.);
#4731=EDGE_CURVE('',#4213,#4215,#1323,.T.);
#4732=EDGE_CURVE('',#4215,#4214,#1324,.T.);
#4733=EDGE_CURVE('',#4203,#4214,#1325,.T.);
#4734=EDGE_CURVE('',#4215,#4204,#1326,.T.);
#4735=EDGE_CURVE('',#4216,#4187,#5050,.T.);
#4736=EDGE_CURVE('',#4217,#4216,#5051,.T.);
#4737=EDGE_CURVE('',#4218,#4217,#5052,.T.);
#4738=EDGE_CURVE('',#4219,#4218,#5053,.T.);
#4739=EDGE_CURVE('',#4219,#4220,#1327,.T.);
#4740=EDGE_CURVE('',#4195,#4220,#1328,.T.);
#4741=EDGE_CURVE('',#4221,#4196,#1329,.T.);
#4742=EDGE_CURVE('',#4222,#4221,#1330,.T.);
#4743=EDGE_CURVE('',#4223,#4222,#5054,.T.);
#4744=EDGE_CURVE('',#4224,#4223,#5055,.T.);
#4745=EDGE_CURVE('',#4225,#4224,#5056,.T.);
#4746=EDGE_CURVE('',#4186,#4225,#5057,.T.);
#4747=EDGE_CURVE('',#4223,#4218,#2224,.T.);
#4748=EDGE_CURVE('',#4222,#4219,#1331,.T.);
#4749=EDGE_CURVE('',#4217,#4224,#1332,.T.);
#4750=EDGE_CURVE('',#4225,#4216,#2225,.T.);
#4751=EDGE_CURVE('',#4221,#4220,#1333,.T.);
#4752=EDGE_CURVE('',#4226,#4226,#5058,.T.);
#4753=EDGE_CURVE('',#4227,#4227,#5059,.T.);
#4754=EDGE_CURVE('',#4228,#4228,#5060,.T.);
#4755=EDGE_CURVE('',#4229,#4229,#5061,.T.);
#4756=EDGE_CURVE('',#4230,#4230,#5062,.T.);
#4757=EDGE_CURVE('',#4231,#4231,#5063,.T.);
#4758=EDGE_CURVE('',#4232,#4232,#5064,.T.);
#4759=EDGE_CURVE('',#4233,#4233,#5065,.T.);
#4760=EDGE_CURVE('',#4234,#4234,#5066,.T.);
#4761=EDGE_CURVE('',#4235,#4236,#5067,.T.);
#4762=EDGE_CURVE('',#4236,#4237,#1334,.T.);
#4763=EDGE_CURVE('',#4235,#4237,#1335,.T.);
#4764=EDGE_CURVE('',#4237,#4238,#5068,.T.);
#4765=EDGE_CURVE('',#4236,#4239,#5069,.T.);
#4766=EDGE_CURVE('',#4238,#4239,#1336,.T.);
#4767=EDGE_CURVE('',#4240,#4241,#2033,.T.);
#4768=EDGE_CURVE('',#4240,#4242,#1337,.T.);
#4769=EDGE_CURVE('',#4241,#4242,#5070,.T.);
#4770=EDGE_CURVE('',#4243,#4244,#2034,.T.);
#4771=EDGE_CURVE('',#4245,#4243,#5071,.T.);
#4772=EDGE_CURVE('',#4244,#4245,#1338,.T.);
#4773=EDGE_CURVE('',#4246,#4247,#1339,.T.);
#4774=EDGE_CURVE('',#4246,#4248,#1340,.T.);
#4775=EDGE_CURVE('',#4248,#4249,#1341,.T.);
#4776=EDGE_CURVE('',#4249,#4247,#1342,.T.);
#4777=EDGE_CURVE('',#4250,#4251,#1343,.T.);
#4778=EDGE_CURVE('',#4252,#4251,#1344,.T.);
#4779=EDGE_CURVE('',#4253,#4252,#1345,.T.);
#4780=EDGE_CURVE('',#4253,#4250,#1346,.T.);
#4781=EDGE_CURVE('',#4254,#4238,#1347,.T.);
#4782=EDGE_CURVE('',#4244,#4254,#1348,.T.);
#4783=EDGE_CURVE('',#4250,#4245,#1349,.T.);
#4784=EDGE_CURVE('',#4255,#4250,#1350,.T.);
#4785=EDGE_CURVE('',#4255,#4235,#2226,.T.);
#4786=EDGE_CURVE('',#4256,#4257,#5072,.T.);
#4787=EDGE_CURVE('',#4256,#4258,#2227,.T.);
#4788=EDGE_CURVE('',#4257,#4258,#2228,.T.);
#4789=EDGE_CURVE('',#4258,#4259,#2229,.T.);
#4790=EDGE_CURVE('',#4260,#4256,#2230,.T.);
#4791=EDGE_CURVE('',#4259,#4260,#2231,.T.);
#4792=EDGE_CURVE('',#4259,#4261,#1351,.T.);
#4793=EDGE_CURVE('',#4260,#4262,#1352,.T.);
#4794=EDGE_CURVE('',#4242,#4262,#1353,.T.);
#4795=EDGE_CURVE('',#4261,#4240,#1354,.T.);
#4796=EDGE_CURVE('',#4263,#4264,#2232,.T.);
#4797=EDGE_CURVE('',#4263,#4236,#2233,.T.);
#4798=EDGE_CURVE('',#4264,#4255,#5073,.T.);
#4799=EDGE_CURVE('',#4265,#4263,#2234,.T.);
#4800=EDGE_CURVE('',#4239,#4265,#2235,.T.);
#4801=EDGE_CURVE('',#4266,#4265,#1355,.T.);
#4802=EDGE_CURVE('',#4266,#4254,#1356,.T.);
#4803=EDGE_CURVE('',#4243,#4267,#1357,.T.);
#4804=EDGE_CURVE('',#4267,#4266,#2035,.T.);
#4805=EDGE_CURVE('',#4261,#4268,#1358,.T.);
#4806=EDGE_CURVE('',#4269,#4241,#1359,.T.);
#4807=EDGE_CURVE('',#4268,#4269,#2036,.T.);
#4808=EDGE_CURVE('',#4257,#4268,#1360,.T.);
#4809=EDGE_CURVE('',#4270,#4271,#1361,.T.);
#4810=EDGE_CURVE('',#4271,#4246,#5074,.T.);
#4811=EDGE_CURVE('',#4247,#4272,#5075,.T.);
#4812=EDGE_CURVE('',#4272,#4273,#1362,.T.);
#4813=EDGE_CURVE('',#4270,#4273,#1363,.T.);
#4814=EDGE_CURVE('',#4274,#4248,#2037,.T.);
#4815=EDGE_CURVE('',#4274,#4271,#1364,.T.);
#4816=EDGE_CURVE('',#4275,#4249,#2038,.T.);
#4817=EDGE_CURVE('',#4275,#4274,#1365,.T.);
#4818=EDGE_CURVE('',#4276,#4277,#1366,.T.);
#4819=EDGE_CURVE('',#4277,#4278,#1367,.T.);
#4820=EDGE_CURVE('',#4278,#4276,#5076,.T.);
#4821=EDGE_CURVE('',#4279,#4262,#1368,.T.);
#4822=EDGE_CURVE('',#4278,#4262,#1369,.T.);
#4823=EDGE_CURVE('',#4277,#4279,#1370,.T.);
#4824=EDGE_CURVE('',#4251,#4280,#5077,.T.);
#4825=EDGE_CURVE('',#4281,#4280,#1371,.T.);
#4826=EDGE_CURVE('',#4252,#4281,#5078,.T.);
#4827=EDGE_CURVE('',#4282,#4270,#1372,.T.);
#4828=EDGE_CURVE('',#4273,#4253,#5079,.T.);
#4829=EDGE_CURVE('',#4281,#4283,#1373,.T.);
#4830=EDGE_CURVE('',#4283,#4284,#1374,.T.);
#4831=EDGE_CURVE('',#4284,#4282,#5080,.T.);
#4832=EDGE_CURVE('',#4272,#4275,#1375,.T.);
#4833=EDGE_CURVE('',#4264,#4285,#1376,.T.);
#4834=EDGE_CURVE('',#4286,#4285,#5081,.T.);
#4835=EDGE_CURVE('',#4257,#4286,#1377,.T.);
#4836=EDGE_CURVE('',#4269,#4267,#5082,.T.);
#4837=EDGE_CURVE('',#4275,#4287,#1378,.T.);
#4838=EDGE_CURVE('',#4287,#4288,#1379,.T.);
#4839=EDGE_CURVE('',#4288,#4272,#1380,.T.);
#4840=EDGE_CURVE('',#4274,#4289,#1381,.T.);
#4841=EDGE_CURVE('',#4287,#4289,#1382,.T.);
#4842=EDGE_CURVE('',#4290,#4279,#1383,.T.);
#4843=EDGE_CURVE('',#4291,#4290,#1384,.T.);
#4844=EDGE_CURVE('',#4283,#4291,#1385,.T.);
#4845=EDGE_CURVE('',#4279,#4280,#1386,.T.);
#4846=EDGE_CURVE('',#4292,#4276,#1387,.T.);
#4847=EDGE_CURVE('',#4292,#4290,#1388,.T.);
#4848=EDGE_CURVE('',#4291,#4293,#1389,.T.);
#4849=EDGE_CURVE('',#4284,#4293,#1390,.T.);
#4850=EDGE_CURVE('',#4293,#4294,#5083,.T.);
#4851=EDGE_CURVE('',#4294,#4282,#1391,.T.);
#4852=EDGE_CURVE('',#4294,#4289,#1392,.T.);
#4853=EDGE_CURVE('',#4286,#4292,#5084,.T.);
#4854=EDGE_CURVE('',#4288,#4285,#5085,.T.);
#4855=EDGE_CURVE('',#4295,#4295,#5086,.T.);
#4856=EDGE_CURVE('',#4296,#4296,#5087,.T.);
#4857=EDGE_CURVE('',#4297,#4297,#5088,.T.);
#4858=EDGE_CURVE('',#4298,#4298,#5089,.T.);
#4859=EDGE_CURVE('',#4299,#4300,#1393,.T.);
#4860=EDGE_CURVE('',#4300,#4301,#1394,.T.);
#4861=EDGE_CURVE('',#4301,#4302,#1395,.T.);
#4862=EDGE_CURVE('',#4302,#4299,#1396,.T.);
#4863=EDGE_CURVE('',#4299,#4303,#1397,.T.);
#4864=EDGE_CURVE('',#4304,#4303,#1398,.T.);
#4865=EDGE_CURVE('',#4300,#4304,#1399,.T.);
#4866=EDGE_CURVE('',#4302,#4305,#1400,.T.);
#4867=EDGE_CURVE('',#4303,#4305,#1401,.T.);
#4868=EDGE_CURVE('',#4301,#4306,#1402,.T.);
#4869=EDGE_CURVE('',#4305,#4306,#1403,.T.);
#4870=EDGE_CURVE('',#4306,#4304,#1404,.T.);
#4871=EDGE_CURVE('',#4307,#4308,#5090,.T.);
#4872=EDGE_CURVE('',#4308,#4307,#5091,.T.);
#4873=EDGE_CURVE('',#4309,#4310,#1405,.T.);
#4874=EDGE_CURVE('',#4309,#4311,#2236,.T.);
#4875=EDGE_CURVE('',#4312,#4311,#5092,.T.);
#4876=EDGE_CURVE('',#4313,#4312,#1406,.T.);
#4877=EDGE_CURVE('',#4313,#4310,#5093,.T.);
#4878=EDGE_CURVE('',#4314,#4315,#5094,.T.);
#4879=EDGE_CURVE('',#4314,#4316,#2237,.T.);
#4880=EDGE_CURVE('',#4317,#4316,#1407,.T.);
#4881=EDGE_CURVE('',#4317,#4318,#5095,.T.);
#4882=EDGE_CURVE('',#4315,#4318,#1408,.T.);
#4883=EDGE_CURVE('',#4311,#4314,#5096,.T.);
#4884=EDGE_CURVE('',#4312,#4315,#5097,.T.);
#4885=EDGE_CURVE('',#4319,#4320,#1409,.T.);
#4886=EDGE_CURVE('',#4320,#4321,#1410,.T.);
#4887=EDGE_CURVE('',#4321,#4322,#5098,.T.);
#4888=EDGE_CURVE('',#4322,#4319,#1411,.T.);
#4889=EDGE_CURVE('',#4315,#4307,#1412,.T.);
#4890=EDGE_CURVE('',#4312,#4308,#1413,.T.);
#4891=EDGE_CURVE('',#4316,#4309,#5099,.T.);
#4892=EDGE_CURVE('',#4310,#4317,#5100,.T.);
#4893=EDGE_CURVE('',#4323,#4324,#1414,.T.);
#4894=EDGE_CURVE('',#4323,#4325,#5101,.T.);
#4895=EDGE_CURVE('',#4325,#4326,#1415,.T.);
#4896=EDGE_CURVE('',#4326,#4324,#2238,.T.);
#4897=EDGE_CURVE('',#4308,#4327,#2239,.T.);
#4898=EDGE_CURVE('',#4327,#4328,#1416,.T.);
#4899=EDGE_CURVE('',#4328,#4326,#2240,.T.);
#4900=EDGE_CURVE('',#4325,#4313,#2241,.T.);
#4901=EDGE_CURVE('',#4324,#4329,#2242,.T.);
#4902=EDGE_CURVE('',#4329,#4330,#1417,.T.);
#4903=EDGE_CURVE('',#4330,#4307,#2243,.T.);
#4904=EDGE_CURVE('',#4318,#4323,#2244,.T.);
#4905=EDGE_CURVE('',#4321,#4308,#2245,.T.);
#4906=EDGE_CURVE('',#4307,#4322,#2246,.T.);
#4907=EDGE_CURVE('',#4310,#4325,#2247,.T.);
#4908=EDGE_CURVE('',#4323,#4317,#2248,.T.);
#4909=EDGE_CURVE('',#4331,#4332,#2249,.T.);
#4910=EDGE_CURVE('',#4332,#4333,#2250,.T.);
#4911=EDGE_CURVE('',#4333,#4334,#2251,.T.);
#4912=EDGE_CURVE('',#4334,#4320,#2252,.T.);
#4913=EDGE_CURVE('',#4319,#4331,#2253,.T.);
#4914=EDGE_CURVE('',#4327,#4321,#5102,.T.);
#4915=EDGE_CURVE('',#4328,#4320,#2255,.T.);
#4916=EDGE_CURVE('',#4322,#4330,#5103,.T.);
#4917=EDGE_CURVE('',#4326,#4334,#5104,.T.);
#4918=EDGE_CURVE('',#4319,#4329,#2256,.T.);
#4919=EDGE_CURVE('',#4331,#4324,#5105,.T.);
#4920=EDGE_CURVE('',#4335,#4336,#5106,.T.);
#4921=EDGE_CURVE('',#4336,#4337,#2257,.T.);
#4922=EDGE_CURVE('',#4337,#4338,#5107,.T.);
#4923=EDGE_CURVE('',#4338,#4335,#2258,.T.);
#4924=EDGE_CURVE('',#4339,#4339,#5108,.T.);
#4925=EDGE_CURVE('',#4340,#4340,#5109,.T.);
#4926=EDGE_CURVE('',#4341,#4341,#2259,.T.);
#4927=EDGE_CURVE('',#4335,#4314,#5110,.T.);
#4928=EDGE_CURVE('',#4316,#4338,#5111,.T.);
#4929=EDGE_CURVE('',#4309,#4337,#5112,.T.);
#4930=EDGE_CURVE('',#4336,#4311,#5113,.T.);
#4931=EDGE_CURVE('',#4342,#4343,#1418,.T.);
#4932=EDGE_CURVE('',#4342,#4344,#1419,.T.);
#4933=EDGE_CURVE('',#4345,#4344,#1420,.T.);
#4934=EDGE_CURVE('',#4343,#4345,#1421,.T.);
#4935=EDGE_CURVE('',#4346,#4347,#1422,.T.);
#4936=EDGE_CURVE('',#4348,#4347,#5114,.T.);
#4937=EDGE_CURVE('',#4348,#4349,#1423,.T.);
#4938=EDGE_CURVE('',#4346,#4349,#5115,.T.);
#4939=EDGE_CURVE('',#4350,#4351,#1424,.T.);
#4940=EDGE_CURVE('',#4352,#4350,#1425,.T.);
#4941=EDGE_CURVE('',#4352,#4353,#1426,.T.);
#4942=EDGE_CURVE('',#4351,#4353,#1427,.T.);
#4943=EDGE_CURVE('',#4351,#4344,#1428,.T.);
#4944=EDGE_CURVE('',#4353,#4354,#1429,.T.);
#4945=EDGE_CURVE('',#4345,#4354,#1430,.T.);
#4946=EDGE_CURVE('',#4342,#4348,#1431,.T.);
#4947=EDGE_CURVE('',#4349,#4343,#1432,.T.);
#4948=EDGE_CURVE('',#4350,#4355,#5116,.T.);
#4949=EDGE_CURVE('',#4355,#4356,#1433,.T.);
#4950=EDGE_CURVE('',#4357,#4356,#5117,.T.);
#4951=EDGE_CURVE('',#4357,#4352,#2039,.T.);
#4952=EDGE_CURVE('',#4358,#4359,#2260,.T.);
#4953=EDGE_CURVE('',#4359,#4358,#2261,.T.);
#4954=EDGE_CURVE('',#4360,#4360,#5118,.T.);
#4955=EDGE_CURVE('',#4361,#4361,#5119,.T.);
#4956=EDGE_CURVE('',#4362,#4362,#5120,.T.);
#4957=EDGE_CURVE('',#4363,#4355,#5121,.T.);
#4958=EDGE_CURVE('',#4363,#4364,#1434,.T.);
#4959=EDGE_CURVE('',#4356,#4364,#5122,.T.);
#4960=EDGE_CURVE('',#4364,#4346,#1435,.T.);
#4961=EDGE_CURVE('',#4347,#4363,#1436,.T.);
#4962=EDGE_CURVE('',#4365,#4365,#5123,.T.);
#4963=EDGE_CURVE('',#4366,#4366,#5124,.T.);
#4964=EDGE_CURVE('',#4367,#4367,#5125,.T.);
#4965=EDGE_CURVE('',#4354,#4368,#1437,.T.);
#4966=EDGE_CURVE('',#4368,#4369,#5126,.T.);
#4967=EDGE_CURVE('',#4369,#4370,#1438,.T.);
#4968=EDGE_CURVE('',#4370,#4371,#5127,.T.);
#4969=EDGE_CURVE('',#4371,#4357,#1439,.T.);
#4970=EDGE_CURVE('',#4372,#4372,#5128,.T.);
#4971=EDGE_CURVE('',#4373,#4373,#5129,.T.);
#4972=EDGE_CURVE('',#4370,#4371,#2040,.T.);
#4973=EDGE_CURVE('',#4368,#4369,#2041,.T.);
#4974=EDGE_CURVE('',#4374,#4374,#5130,.T.);
#4975=EDGE_CURVE('',#4375,#4375,#5131,.T.);
#4976=EDGE_CURVE('',#4376,#4376,#5132,.T.);
#4977=EDGE_CURVE('',#4377,#4377,#5133,.T.);
#4978=EDGE_CURVE('',#4378,#4378,#5134,.T.);
#4979=EDGE_CURVE('',#4379,#4379,#5135,.T.);
#4980=EDGE_CURVE('',#4380,#4380,#5136,.T.);
#4981=EDGE_CURVE('',#4381,#4381,#5137,.T.);
#4982=EDGE_CURVE('',#4382,#4382,#5138,.T.);
#4983=EDGE_CURVE('',#4383,#4383,#5139,.T.);
#4984=EDGE_CURVE('',#4384,#4384,#5140,.T.);
#4985=EDGE_CURVE('',#4385,#4385,#5141,.T.);
#4986=EDGE_CURVE('',#4386,#4386,#5142,.T.);
#4987=EDGE_CURVE('',#4387,#4387,#5143,.T.);
#4988=CIRCLE('',#5145,0.182999999999959);
#4989=CIRCLE('',#5146,0.182999999999959);
#4990=CIRCLE('',#5149,0.075);
#4991=CIRCLE('',#5150,0.224999999999921);
#4992=CIRCLE('',#5151,0.224999999999921);
#4993=CIRCLE('',#5152,0.225514571745461);
#4994=CIRCLE('',#5153,0.224999999999921);
#4995=CIRCLE('',#5159,0.224999999999921);
#4996=CIRCLE('',#5160,0.22499999999992);
#4997=CIRCLE('',#5164,0.183);
#4998=CIRCLE('',#5165,0.182999999999959);
#4999=CIRCLE('',#5167,0.183);
#5000=CIRCLE('',#5168,0.182999999999959);
#5001=CIRCLE('',#5170,0.183);
#5002=CIRCLE('',#5171,0.182999999999959);
#5003=CIRCLE('',#5173,0.182999999999959);
#5004=CIRCLE('',#5174,0.182999999999959);
#5005=CIRCLE('',#5176,0.1);
#5006=CIRCLE('',#5182,0.07);
#5007=CIRCLE('',#5183,0.07);
#5008=CIRCLE('',#5184,0.07);
#5009=CIRCLE('',#5185,0.07);
#5010=CIRCLE('',#5186,0.07);
#5011=CIRCLE('',#5187,0.07);
#5012=CIRCLE('',#5189,0.049826680980159);
#5013=CIRCLE('',#5218,0.149079089762097);
#5014=CIRCLE('',#5219,0.128322951941008);
#5015=CIRCLE('',#5225,0.149079089762097);
#5016=CIRCLE('',#5230,0.149079089762097);
#5017=CIRCLE('',#5233,0.01);
#5018=CIRCLE('',#5243,0.01);
#5019=CIRCLE('',#5257,0.0700000000000001);
#5020=CIRCLE('',#5259,0.01);
#5021=CIRCLE('',#5261,0.01);
#5022=CIRCLE('',#5263,0.15141);
#5023=CIRCLE('',#5264,0.15141);
#5024=CIRCLE('',#5265,0.15141);
#5025=CIRCLE('',#5268,0.0700000000000002);
#5026=CIRCLE('',#5284,0.175000000000001);
#5027=CIRCLE('',#5286,0.175000000000001);
#5028=CIRCLE('',#5289,0.175);
#5029=CIRCLE('',#5291,0.175);
#5030=CIRCLE('',#5294,0.175);
#5031=CIRCLE('',#5295,0.175);
#5032=CIRCLE('',#5297,0.177);
#5033=CIRCLE('',#5299,0.177);
#5034=CIRCLE('',#5301,0.175);
#5035=CIRCLE('',#5302,0.175);
#5036=CIRCLE('',#5304,0.177);
#5037=CIRCLE('',#5306,0.177);
#5038=CIRCLE('',#5312,0.225514571745461);
#5039=CIRCLE('',#5317,0.01375);
#5040=CIRCLE('',#5319,0.01);
#5041=CIRCLE('',#5324,0.25);
#5042=CIRCLE('',#5325,0.25);
#5043=CIRCLE('',#5327,0.5);
#5044=CIRCLE('',#5328,0.5);
#5045=CIRCLE('',#5330,0.18300000000001);
#5046=CIRCLE('',#5331,0.18300000000001);
#5047=CIRCLE('',#5332,0.18300000000001);
#5048=CIRCLE('',#5335,0.5);
#5049=CIRCLE('',#5336,0.5);
#5050=CIRCLE('',#5350,0.01585);
#5051=CIRCLE('',#5351,0.5);
#5052=CIRCLE('',#5352,0.01585);
#5053=CIRCLE('',#5353,0.25);
#5054=CIRCLE('',#5355,0.25);
#5055=CIRCLE('',#5356,0.01585);
#5056=CIRCLE('',#5357,0.5);
#5057=CIRCLE('',#5358,0.01585);
#5058=CIRCLE('',#5366,0.125);
#5059=CIRCLE('',#5368,0.075);
#5060=CIRCLE('',#5370,0.075);
#5061=CIRCLE('',#5372,0.125);
#5062=CIRCLE('',#5375,0.052);
#5063=CIRCLE('',#5376,0.05);
#5064=CIRCLE('',#5378,0.05);
#5065=CIRCLE('',#5379,0.06);
#5066=CIRCLE('',#5382,0.06);
#5067=CIRCLE('',#5385,0.3);
#5068=CIRCLE('',#5387,0.05);
#5069=CIRCLE('',#5388,0.05);
#5070=CIRCLE('',#5391,0.224999999999921);
#5071=CIRCLE('',#5394,0.224999999999921);
#5072=CIRCLE('',#5399,0.5);
#5073=CIRCLE('',#5402,0.25);
#5074=CIRCLE('',#5410,0.1);
#5075=CIRCLE('',#5411,0.1);
#5076=CIRCLE('',#5417,0.5);
#5077=CIRCLE('',#5420,0.225);
#5078=CIRCLE('',#5421,0.225);
#5079=CIRCLE('',#5423,0.250000000000005);
#5080=CIRCLE('',#5424,0.499999999999994);
#5081=CIRCLE('',#5427,0.18300000000001);
#5082=CIRCLE('',#5428,0.18300000000001);
#5083=CIRCLE('',#5435,0.5);
#5084=CIRCLE('',#5438,0.5);
#5085=CIRCLE('',#5440,0.25);
#5086=CIRCLE('',#5442,0.075);
#5087=CIRCLE('',#5444,0.075);
#5088=CIRCLE('',#5447,0.075);
#5089=CIRCLE('',#5448,0.125);
#5090=CIRCLE('',#5454,0.125);
#5091=CIRCLE('',#5455,0.125);
#5092=CIRCLE('',#5457,0.05);
#5093=CIRCLE('',#5458,0.05);
#5094=CIRCLE('',#5460,0.05);
#5095=CIRCLE('',#5461,0.05);
#5096=CIRCLE('',#5463,0.124102123024651);
#5097=CIRCLE('',#5464,0.125);
#5098=CIRCLE('',#5466,0.225);
#5099=CIRCLE('',#5469,0.119181510798547);
#5100=CIRCLE('',#5470,0.145);
#5101=CIRCLE('',#5472,0.125);
#5102=CIRCLE('',#5478,0.05);
#5103=CIRCLE('',#5480,0.05);
#5104=CIRCLE('',#5481,0.05);
#5105=CIRCLE('',#5483,0.05);
#5106=CIRCLE('',#5484,0.104393759535434);
#5107=CIRCLE('',#5485,0.109293571914259);
#5108=CIRCLE('',#5486,0.06);
#5109=CIRCLE('',#5488,0.05);
#5110=CIRCLE('',#5491,0.01);
#5111=CIRCLE('',#5492,0.01);
#5112=CIRCLE('',#5493,0.01);
#5113=CIRCLE('',#5495,0.01);
#5114=CIRCLE('',#5499,0.25);
#5115=CIRCLE('',#5500,0.25);
#5116=CIRCLE('',#5505,0.5);
#5117=CIRCLE('',#5506,0.499999999999999);
#5118=CIRCLE('',#5509,0.183);
#5119=CIRCLE('',#5511,0.075);
#5120=CIRCLE('',#5512,0.183);
#5121=CIRCLE('',#5514,0.25);
#5122=CIRCLE('',#5515,0.25);
#5123=CIRCLE('',#5518,0.183);
#5124=CIRCLE('',#5519,0.125);
#5125=CIRCLE('',#5521,0.20300000000001);
#5126=CIRCLE('',#5523,0.183);
#5127=CIRCLE('',#5524,0.183);
#5128=CIRCLE('',#5526,0.183);
#5129=CIRCLE('',#5528,0.183);
#5130=CIRCLE('',#5533,0.183);
#5131=CIRCLE('',#5535,0.172669240889881);
#5132=CIRCLE('',#5537,0.174718820290783);
#5133=CIRCLE('',#5539,0.183);
#5134=CIRCLE('',#5541,0.183);
#5135=CIRCLE('',#5543,0.172664126516053);
#5136=CIRCLE('',#5545,0.174713012670837);
#5137=CIRCLE('',#5548,0.183);
#5138=CIRCLE('',#5550,0.172669240889878);
#5139=CIRCLE('',#5552,0.174718820290781);
#5140=CIRCLE('',#5554,0.183);
#5141=CIRCLE('',#5556,0.183);
#5142=CIRCLE('',#5558,0.172664126516052);
#5143=CIRCLE('',#5560,0.174713012670836);
#5144=AXIS2_PLACEMENT_3D('',#6627,#5569,#5570);
#5145=AXIS2_PLACEMENT_3D('',#6628,#5571,#5572);
#5146=AXIS2_PLACEMENT_3D('',#6630,#5573,#5574);
#5147=AXIS2_PLACEMENT_3D('',#6641,#5575,#5576);
#5148=AXIS2_PLACEMENT_3D('',#6650,#5577,#5578);
#5149=AXIS2_PLACEMENT_3D('',#6651,#5579,#5580);
#5150=AXIS2_PLACEMENT_3D('',#6653,#5581,#5582);
#5151=AXIS2_PLACEMENT_3D('',#6659,#5585,#5586);
#5152=AXIS2_PLACEMENT_3D('',#6663,#5588,#5589);
#5153=AXIS2_PLACEMENT_3D('',#6667,#5591,#5592);
#5154=AXIS2_PLACEMENT_3D('',#6675,#5594,#5595);
#5155=AXIS2_PLACEMENT_3D('',#6676,#5596,#5597);
#5156=AXIS2_PLACEMENT_3D('',#6706,#5600,#5601);
#5157=AXIS2_PLACEMENT_3D('',#6714,#5606,#5607);
#5158=AXIS2_PLACEMENT_3D('',#6725,#5611,#5612);
#5159=AXIS2_PLACEMENT_3D('',#6729,#5614,#5615);
#5160=AXIS2_PLACEMENT_3D('',#6740,#5616,#5617);
#5161=AXIS2_PLACEMENT_3D('',#6754,#5620,#5621);
#5162=AXIS2_PLACEMENT_3D('',#6755,#5622,#5623);
#5163=AXIS2_PLACEMENT_3D('',#6757,#5625,#5626);
#5164=AXIS2_PLACEMENT_3D('',#6758,#5627,#5628);
#5165=AXIS2_PLACEMENT_3D('',#6760,#5629,#5630);
#5166=AXIS2_PLACEMENT_3D('',#6762,#5631,#5632);
#5167=AXIS2_PLACEMENT_3D('',#6763,#5633,#5634);
#5168=AXIS2_PLACEMENT_3D('',#6765,#5635,#5636);
#5169=AXIS2_PLACEMENT_3D('',#6767,#5637,#5638);
#5170=AXIS2_PLACEMENT_3D('',#6768,#5639,#5640);
#5171=AXIS2_PLACEMENT_3D('',#6770,#5641,#5642);
#5172=AXIS2_PLACEMENT_3D('',#6772,#5643,#5644);
#5173=AXIS2_PLACEMENT_3D('',#6773,#5645,#5646);
#5174=AXIS2_PLACEMENT_3D('',#6775,#5647,#5648);
#5175=AXIS2_PLACEMENT_3D('',#6777,#5649,#5650);
#5176=AXIS2_PLACEMENT_3D('',#6793,#5651,#5652);
#5177=AXIS2_PLACEMENT_3D('',#6795,#5653,#5654);
#5178=AXIS2_PLACEMENT_3D('',#6796,#5655,#5656);
#5179=AXIS2_PLACEMENT_3D('',#6797,#5657,#5658);
#5180=AXIS2_PLACEMENT_3D('',#6800,#5661,#5662);
#5181=AXIS2_PLACEMENT_3D('',#6801,#5663,#5664);
#5182=AXIS2_PLACEMENT_3D('',#6802,#5665,#5666);
#5183=AXIS2_PLACEMENT_3D('',#6805,#5667,#5668);
#5184=AXIS2_PLACEMENT_3D('',#6807,#5669,#5670);
#5185=AXIS2_PLACEMENT_3D('',#6809,#5671,#5672);
#5186=AXIS2_PLACEMENT_3D('',#6811,#5673,#5674);
#5187=AXIS2_PLACEMENT_3D('',#6813,#5675,#5676);
#5188=AXIS2_PLACEMENT_3D('',#6824,#5677,#5678);
#5189=AXIS2_PLACEMENT_3D('',#7698,#5679,#5680);
#5190=AXIS2_PLACEMENT_3D('',#7762,#5681,#5682);
#5191=AXIS2_PLACEMENT_3D('',#7805,#5684,#5685);
#5192=AXIS2_PLACEMENT_3D('',#7806,#5686,#5687);
#5193=AXIS2_PLACEMENT_3D('',#7807,#5688,#5689);
#5194=AXIS2_PLACEMENT_3D('',#7813,#5690,#5691);
#5195=AXIS2_PLACEMENT_3D('',#7814,#5692,#5693);
#5196=AXIS2_PLACEMENT_3D('',#7833,#5694,#5695);
#5197=AXIS2_PLACEMENT_3D('',#7843,#5696,#5697);
#5198=AXIS2_PLACEMENT_3D('',#7855,#5699,#5700);
#5199=AXIS2_PLACEMENT_3D('',#7865,#5701,#5702);
#5200=AXIS2_PLACEMENT_3D('',#7881,#5703,#5704);
#5201=AXIS2_PLACEMENT_3D('',#7893,#5706,#5707);
#5202=AXIS2_PLACEMENT_3D('',#7906,#5708,#5709);
#5203=AXIS2_PLACEMENT_3D('',#7916,#5710,#5711);
#5204=AXIS2_PLACEMENT_3D('',#7935,#5712,#5713);
#5205=AXIS2_PLACEMENT_3D('',#7945,#5714,#5715);
#5206=AXIS2_PLACEMENT_3D('',#7952,#5717,#5718);
#5207=AXIS2_PLACEMENT_3D('',#8020,#5720,#5721);
#5208=AXIS2_PLACEMENT_3D('',#8030,#5722,#5723);
#5209=AXIS2_PLACEMENT_3D('',#8040,#5724,#5725);
#5210=AXIS2_PLACEMENT_3D('',#8041,#5726,#5727);
#5211=AXIS2_PLACEMENT_3D('',#8044,#5728,#5729);
#5212=AXIS2_PLACEMENT_3D('',#8074,#5730,#5731);
#5213=AXIS2_PLACEMENT_3D('',#8079,#5732,#5733);
#5214=AXIS2_PLACEMENT_3D('',#8086,#5735,#5736);
#5215=AXIS2_PLACEMENT_3D('',#8187,#5737,#5738);
#5216=AXIS2_PLACEMENT_3D('',#8193,#5740,#5741);
#5217=AXIS2_PLACEMENT_3D('',#8222,#5742,#5743);
#5218=AXIS2_PLACEMENT_3D('',#8229,#5744,#5745);
#5219=AXIS2_PLACEMENT_3D('',#8230,#5746,#5747);
#5220=AXIS2_PLACEMENT_3D('',#8231,#5748,#5749);
#5221=AXIS2_PLACEMENT_3D('',#8307,#5751,#5752);
#5222=AXIS2_PLACEMENT_3D('',#8317,#5753,#5754);
#5223=AXIS2_PLACEMENT_3D('',#8355,#5755,#5756);
#5224=AXIS2_PLACEMENT_3D('',#8361,#5758,#5759);
#5225=AXIS2_PLACEMENT_3D('',#8398,#5760,#5761);
#5226=AXIS2_PLACEMENT_3D('',#8399,#5762,#5763);
#5227=AXIS2_PLACEMENT_3D('',#8493,#5765,#5766);
#5228=AXIS2_PLACEMENT_3D('',#8521,#5767,#5768);
#5229=AXIS2_PLACEMENT_3D('',#8599,#5770,#5771);
#5230=AXIS2_PLACEMENT_3D('',#8676,#5772,#5773);
#5231=AXIS2_PLACEMENT_3D('',#8677,#5774,#5775);
#5232=AXIS2_PLACEMENT_3D('',#8714,#5777,#5778);
#5233=AXIS2_PLACEMENT_3D('',#8782,#5779,#5780);
#5234=AXIS2_PLACEMENT_3D('',#8836,#5783,#5784);
#5235=AXIS2_PLACEMENT_3D('',#8854,#5785,#5786);
#5236=AXIS2_PLACEMENT_3D('',#8863,#5787,#5788);
#5237=AXIS2_PLACEMENT_3D('',#8878,#5789,#5790);
#5238=AXIS2_PLACEMENT_3D('',#8948,#5792,#5793);
#5239=AXIS2_PLACEMENT_3D('',#9010,#5795,#5796);
#5240=AXIS2_PLACEMENT_3D('',#9100,#5798,#5799);
#5241=AXIS2_PLACEMENT_3D('',#9118,#5800,#5801);
#5242=AXIS2_PLACEMENT_3D('',#9127,#5802,#5803);
#5243=AXIS2_PLACEMENT_3D('',#9132,#5806,#5807);
#5244=AXIS2_PLACEMENT_3D('',#9133,#5808,#5809);
#5245=AXIS2_PLACEMENT_3D('',#9185,#5812,#5813);
#5246=AXIS2_PLACEMENT_3D('',#9188,#5816,#5817);
#5247=AXIS2_PLACEMENT_3D('',#9191,#5820,#5821);
#5248=AXIS2_PLACEMENT_3D('',#9194,#5824,#5825);
#5249=AXIS2_PLACEMENT_3D('',#9197,#5828,#5829);
#5250=AXIS2_PLACEMENT_3D('',#9206,#5830,#5831);
#5251=AXIS2_PLACEMENT_3D('',#9216,#5832,#5833);
#5252=AXIS2_PLACEMENT_3D('',#9226,#5834,#5835);
#5253=AXIS2_PLACEMENT_3D('',#9236,#5836,#5837);
#5254=AXIS2_PLACEMENT_3D('',#9241,#5838,#5839);
#5255=AXIS2_PLACEMENT_3D('',#9246,#5840,#5841);
#5256=AXIS2_PLACEMENT_3D('',#9251,#5842,#5843);
#5257=AXIS2_PLACEMENT_3D('',#9252,#5844,#5845);
#5258=AXIS2_PLACEMENT_3D('',#9254,#5846,#5847);
#5259=AXIS2_PLACEMENT_3D('',#9255,#5848,#5849);
#5260=AXIS2_PLACEMENT_3D('',#9257,#5850,#5851);
#5261=AXIS2_PLACEMENT_3D('',#9258,#5852,#5853);
#5262=AXIS2_PLACEMENT_3D('',#9260,#5854,#5855);
#5263=AXIS2_PLACEMENT_3D('',#9261,#5856,#5857);
#5264=AXIS2_PLACEMENT_3D('',#9262,#5858,#5859);
#5265=AXIS2_PLACEMENT_3D('',#9263,#5860,#5861);
#5266=AXIS2_PLACEMENT_3D('',#9264,#5862,#5863);
#5267=AXIS2_PLACEMENT_3D('',#9265,#5864,#5865);
#5268=AXIS2_PLACEMENT_3D('',#9266,#5866,#5867);
#5269=AXIS2_PLACEMENT_3D('',#9268,#5868,#5869);
#5270=AXIS2_PLACEMENT_3D('',#9269,#5870,#5871);
#5271=AXIS2_PLACEMENT_3D('',#9270,#5872,#5873);
#5272=AXIS2_PLACEMENT_3D('',#9271,#5874,#5875);
#5273=AXIS2_PLACEMENT_3D('',#9272,#5876,#5877);
#5274=AXIS2_PLACEMENT_3D('',#9273,#5878,#5879);
#5275=AXIS2_PLACEMENT_3D('',#9274,#5880,#5881);
#5276=AXIS2_PLACEMENT_3D('',#9275,#5882,#5883);
#5277=AXIS2_PLACEMENT_3D('',#9276,#5884,#5885);
#5278=AXIS2_PLACEMENT_3D('',#9277,#5886,#5887);
#5279=AXIS2_PLACEMENT_3D('',#9278,#5888,#5889);
#5280=AXIS2_PLACEMENT_3D('',#9279,#5890,#5891);
#5281=AXIS2_PLACEMENT_3D('',#9280,#5892,#5893);
#5282=AXIS2_PLACEMENT_3D('',#9281,#5894,#5895);
#5283=AXIS2_PLACEMENT_3D('',#9282,#5896,#5897);
#5284=AXIS2_PLACEMENT_3D('',#9595,#5898,#5899);
#5285=AXIS2_PLACEMENT_3D('',#9597,#5900,#5901);
#5286=AXIS2_PLACEMENT_3D('',#9598,#5902,#5903);
#5287=AXIS2_PLACEMENT_3D('',#9600,#5904,#5905);
#5288=AXIS2_PLACEMENT_3D('',#9601,#5906,#5907);
#5289=AXIS2_PLACEMENT_3D('',#9602,#5908,#5909);
#5290=AXIS2_PLACEMENT_3D('',#9604,#5910,#5911);
#5291=AXIS2_PLACEMENT_3D('',#9605,#5912,#5913);
#5292=AXIS2_PLACEMENT_3D('',#9607,#5914,#5915);
#5293=AXIS2_PLACEMENT_3D('',#9608,#5916,#5917);
#5294=AXIS2_PLACEMENT_3D('',#9609,#5918,#5919);
#5295=AXIS2_PLACEMENT_3D('',#9611,#5920,#5921);
#5296=AXIS2_PLACEMENT_3D('',#9613,#5922,#5923);
#5297=AXIS2_PLACEMENT_3D('',#9614,#5924,#5925);
#5298=AXIS2_PLACEMENT_3D('',#9616,#5926,#5927);
#5299=AXIS2_PLACEMENT_3D('',#9617,#5928,#5929);
#5300=AXIS2_PLACEMENT_3D('',#9619,#5930,#5931);
#5301=AXIS2_PLACEMENT_3D('',#9620,#5932,#5933);
#5302=AXIS2_PLACEMENT_3D('',#9622,#5934,#5935);
#5303=AXIS2_PLACEMENT_3D('',#9624,#5936,#5937);
#5304=AXIS2_PLACEMENT_3D('',#9625,#5938,#5939);
#5305=AXIS2_PLACEMENT_3D('',#9627,#5940,#5941);
#5306=AXIS2_PLACEMENT_3D('',#9628,#5942,#5943);
#5307=AXIS2_PLACEMENT_3D('',#9630,#5944,#5945);
#5308=AXIS2_PLACEMENT_3D('',#9631,#5946,#5947);
#5309=AXIS2_PLACEMENT_3D('',#9632,#5948,#5949);
#5310=AXIS2_PLACEMENT_3D('',#9633,#5950,#5951);
#5311=AXIS2_PLACEMENT_3D('',#9634,#5952,#5953);
#5312=AXIS2_PLACEMENT_3D('',#9635,#5954,#5955);
#5313=AXIS2_PLACEMENT_3D('',#9636,#5956,#5957);
#5314=AXIS2_PLACEMENT_3D('',#9637,#5958,#5959);
#5315=AXIS2_PLACEMENT_3D('',#9638,#5960,#5961);
#5316=AXIS2_PLACEMENT_3D('',#9639,#5962,#5963);
#5317=AXIS2_PLACEMENT_3D('',#9640,#5964,#5965);
#5318=AXIS2_PLACEMENT_3D('',#9642,#5966,#5967);
#5319=AXIS2_PLACEMENT_3D('',#9643,#5968,#5969);
#5320=AXIS2_PLACEMENT_3D('',#9645,#5970,#5971);
#5321=AXIS2_PLACEMENT_3D('',#9646,#5972,#5973);
#5322=AXIS2_PLACEMENT_3D('',#9647,#5974,#5975);
#5323=AXIS2_PLACEMENT_3D('',#9648,#5976,#5977);
#5324=AXIS2_PLACEMENT_3D('',#9652,#5979,#5980);
#5325=AXIS2_PLACEMENT_3D('',#9656,#5982,#5983);
#5326=AXIS2_PLACEMENT_3D('',#9657,#5984,#5985);
#5327=AXIS2_PLACEMENT_3D('',#9661,#5987,#5988);
#5328=AXIS2_PLACEMENT_3D('',#9665,#5990,#5991);
#5329=AXIS2_PLACEMENT_3D('',#9666,#5992,#5993);
#5330=AXIS2_PLACEMENT_3D('',#9667,#5994,#5995);
#5331=AXIS2_PLACEMENT_3D('',#9668,#5996,#5997);
#5332=AXIS2_PLACEMENT_3D('',#9675,#5998,#5999);
#5333=AXIS2_PLACEMENT_3D('',#9676,#6000,#6001);
#5334=AXIS2_PLACEMENT_3D('',#9685,#6006,#6007);
#5335=AXIS2_PLACEMENT_3D('',#9686,#6008,#6009);
#5336=AXIS2_PLACEMENT_3D('',#9690,#6011,#6012);
#5337=AXIS2_PLACEMENT_3D('',#9691,#6013,#6014);
#5338=AXIS2_PLACEMENT_3D('',#9701,#6020,#6021);
#5339=AXIS2_PLACEMENT_3D('',#9707,#6025,#6026);
#5340=AXIS2_PLACEMENT_3D('',#9713,#6030,#6031);
#5341=AXIS2_PLACEMENT_3D('',#9716,#6034,#6035);
#5342=AXIS2_PLACEMENT_3D('',#9719,#6038,#6039);
#5343=AXIS2_PLACEMENT_3D('',#9728,#6044,#6045);
#5344=AXIS2_PLACEMENT_3D('',#9734,#6049,#6050);
#5345=AXIS2_PLACEMENT_3D('',#9740,#6054,#6055);
#5346=AXIS2_PLACEMENT_3D('',#9746,#6059,#6060);
#5347=AXIS2_PLACEMENT_3D('',#9752,#6064,#6065);
#5348=AXIS2_PLACEMENT_3D('',#9758,#6069,#6070);
#5349=AXIS2_PLACEMENT_3D('',#9761,#6073,#6074);
#5350=AXIS2_PLACEMENT_3D('',#9762,#6075,#6076);
#5351=AXIS2_PLACEMENT_3D('',#9764,#6077,#6078);
#5352=AXIS2_PLACEMENT_3D('',#9766,#6079,#6080);
#5353=AXIS2_PLACEMENT_3D('',#9768,#6081,#6082);
#5354=AXIS2_PLACEMENT_3D('',#9773,#6085,#6086);
#5355=AXIS2_PLACEMENT_3D('',#9778,#6089,#6090);
#5356=AXIS2_PLACEMENT_3D('',#9780,#6091,#6092);
#5357=AXIS2_PLACEMENT_3D('',#9782,#6093,#6094);
#5358=AXIS2_PLACEMENT_3D('',#9784,#6095,#6096);
#5359=AXIS2_PLACEMENT_3D('',#9785,#6097,#6098);
#5360=AXIS2_PLACEMENT_3D('',#9791,#6100,#6101);
#5361=AXIS2_PLACEMENT_3D('',#9793,#6103,#6104);
#5362=AXIS2_PLACEMENT_3D('',#9798,#6105,#6106);
#5363=AXIS2_PLACEMENT_3D('',#9799,#6107,#6108);
#5364=AXIS2_PLACEMENT_3D('',#9801,#6110,#6111);
#5365=AXIS2_PLACEMENT_3D('',#9802,#6112,#6113);
#5366=AXIS2_PLACEMENT_3D('',#9803,#6114,#6115);
#5367=AXIS2_PLACEMENT_3D('',#9805,#6116,#6117);
#5368=AXIS2_PLACEMENT_3D('',#9806,#6118,#6119);
#5369=AXIS2_PLACEMENT_3D('',#9808,#6120,#6121);
#5370=AXIS2_PLACEMENT_3D('',#9809,#6122,#6123);
#5371=AXIS2_PLACEMENT_3D('',#9811,#6124,#6125);
#5372=AXIS2_PLACEMENT_3D('',#9812,#6126,#6127);
#5373=AXIS2_PLACEMENT_3D('',#9814,#6128,#6129);
#5374=AXIS2_PLACEMENT_3D('',#9815,#6130,#6131);
#5375=AXIS2_PLACEMENT_3D('',#9816,#6132,#6133);
#5376=AXIS2_PLACEMENT_3D('',#9818,#6134,#6135);
#5377=AXIS2_PLACEMENT_3D('',#9820,#6136,#6137);
#5378=AXIS2_PLACEMENT_3D('',#9821,#6138,#6139);
#5379=AXIS2_PLACEMENT_3D('',#9823,#6140,#6141);
#5380=AXIS2_PLACEMENT_3D('',#9825,#6142,#6143);
#5381=AXIS2_PLACEMENT_3D('',#9826,#6144,#6145);
#5382=AXIS2_PLACEMENT_3D('',#9827,#6146,#6147);
#5383=AXIS2_PLACEMENT_3D('',#9829,#6148,#6149);
#5384=AXIS2_PLACEMENT_3D('',#9830,#6150,#6151);
#5385=AXIS2_PLACEMENT_3D('',#9831,#6152,#6153);
#5386=AXIS2_PLACEMENT_3D('',#9837,#6156,#6157);
#5387=AXIS2_PLACEMENT_3D('',#9838,#6158,#6159);
#5388=AXIS2_PLACEMENT_3D('',#9840,#6160,#6161);
#5389=AXIS2_PLACEMENT_3D('',#9843,#6163,#6164);
#5390=AXIS2_PLACEMENT_3D('',#9844,#6165,#6166);
#5391=AXIS2_PLACEMENT_3D('',#9849,#6168,#6169);
#5392=AXIS2_PLACEMENT_3D('',#9850,#6170,#6171);
#5393=AXIS2_PLACEMENT_3D('',#9851,#6172,#6173);
#5394=AXIS2_PLACEMENT_3D('',#9854,#6174,#6175);
#5395=AXIS2_PLACEMENT_3D('',#9857,#6177,#6178);
#5396=AXIS2_PLACEMENT_3D('',#9866,#6183,#6184);
#5397=AXIS2_PLACEMENT_3D('',#9875,#6189,#6190);
#5398=AXIS2_PLACEMENT_3D('',#9898,#6195,#6196);
#5399=AXIS2_PLACEMENT_3D('',#9899,#6197,#6198);
#5400=AXIS2_PLACEMENT_3D('',#9944,#6199,#6200);
#5401=AXIS2_PLACEMENT_3D('',#10004,#6205,#6206);
#5402=AXIS2_PLACEMENT_3D('',#10027,#6207,#6208);
#5403=AXIS2_PLACEMENT_3D('',#10028,#6209,#6210);
#5404=AXIS2_PLACEMENT_3D('',#10065,#6213,#6214);
#5405=AXIS2_PLACEMENT_3D('',#10068,#6216,#6217);
#5406=AXIS2_PLACEMENT_3D('',#10069,#6218,#6219);
#5407=AXIS2_PLACEMENT_3D('',#10074,#6222,#6223);
#5408=AXIS2_PLACEMENT_3D('',#10075,#6224,#6225);
#5409=AXIS2_PLACEMENT_3D('',#10077,#6227,#6228);
#5410=AXIS2_PLACEMENT_3D('',#10081,#6230,#6231);
#5411=AXIS2_PLACEMENT_3D('',#10082,#6232,#6233);
#5412=AXIS2_PLACEMENT_3D('',#10087,#6236,#6237);
#5413=AXIS2_PLACEMENT_3D('',#10088,#6238,#6239);
#5414=AXIS2_PLACEMENT_3D('',#10091,#6241,#6242);
#5415=AXIS2_PLACEMENT_3D('',#10092,#6243,#6244);
#5416=AXIS2_PLACEMENT_3D('',#10095,#6246,#6247);
#5417=AXIS2_PLACEMENT_3D('',#10101,#6250,#6251);
#5418=AXIS2_PLACEMENT_3D('',#10102,#6252,#6253);
#5419=AXIS2_PLACEMENT_3D('',#10107,#6257,#6258);
#5420=AXIS2_PLACEMENT_3D('',#10108,#6259,#6260);
#5421=AXIS2_PLACEMENT_3D('',#10112,#6262,#6263);
#5422=AXIS2_PLACEMENT_3D('',#10113,#6264,#6265);
#5423=AXIS2_PLACEMENT_3D('',#10116,#6267,#6268);
#5424=AXIS2_PLACEMENT_3D('',#10121,#6271,#6272);
#5425=AXIS2_PLACEMENT_3D('',#10122,#6273,#6274);
#5426=AXIS2_PLACEMENT_3D('',#10124,#6276,#6277);
#5427=AXIS2_PLACEMENT_3D('',#10127,#6279,#6280);
#5428=AXIS2_PLACEMENT_3D('',#10130,#6282,#6283);
#5429=AXIS2_PLACEMENT_3D('',#10131,#6284,#6285);
#5430=AXIS2_PLACEMENT_3D('',#10137,#6289,#6290);
#5431=AXIS2_PLACEMENT_3D('',#10141,#6293,#6294);
#5432=AXIS2_PLACEMENT_3D('',#10148,#6299,#6300);
#5433=AXIS2_PLACEMENT_3D('',#10152,#6303,#6304);
#5434=AXIS2_PLACEMENT_3D('',#10156,#6307,#6308);
#5435=AXIS2_PLACEMENT_3D('',#10157,#6309,#6310);
#5436=AXIS2_PLACEMENT_3D('',#10160,#6312,#6313);
#5437=AXIS2_PLACEMENT_3D('',#10162,#6315,#6316);
#5438=AXIS2_PLACEMENT_3D('',#10163,#6317,#6318);
#5439=AXIS2_PLACEMENT_3D('',#10164,#6319,#6320);
#5440=AXIS2_PLACEMENT_3D('',#10165,#6321,#6322);
#5441=AXIS2_PLACEMENT_3D('',#10166,#6323,#6324);
#5442=AXIS2_PLACEMENT_3D('',#10167,#6325,#6326);
#5443=AXIS2_PLACEMENT_3D('',#10169,#6327,#6328);
#5444=AXIS2_PLACEMENT_3D('',#10170,#6329,#6330);
#5445=AXIS2_PLACEMENT_3D('',#10172,#6331,#6332);
#5446=AXIS2_PLACEMENT_3D('',#10173,#6333,#6334);
#5447=AXIS2_PLACEMENT_3D('',#10174,#6335,#6336);
#5448=AXIS2_PLACEMENT_3D('',#10176,#6337,#6338);
#5449=AXIS2_PLACEMENT_3D('',#10186,#6343,#6344);
#5450=AXIS2_PLACEMENT_3D('',#10192,#6348,#6349);
#5451=AXIS2_PLACEMENT_3D('',#10196,#6352,#6353);
#5452=AXIS2_PLACEMENT_3D('',#10200,#6356,#6357);
#5453=AXIS2_PLACEMENT_3D('',#10202,#6359,#6360);
#5454=AXIS2_PLACEMENT_3D('',#10203,#6361,#6362);
#5455=AXIS2_PLACEMENT_3D('',#10206,#6363,#6364);
#5456=AXIS2_PLACEMENT_3D('',#10207,#6365,#6366);
#5457=AXIS2_PLACEMENT_3D('',#10228,#6368,#6369);
#5458=AXIS2_PLACEMENT_3D('',#10232,#6371,#6372);
#5459=AXIS2_PLACEMENT_3D('',#10233,#6373,#6374);
#5460=AXIS2_PLACEMENT_3D('',#10234,#6375,#6376);
#5461=AXIS2_PLACEMENT_3D('',#10256,#6378,#6379);
#5462=AXIS2_PLACEMENT_3D('',#10259,#6381,#6382);
#5463=AXIS2_PLACEMENT_3D('',#10260,#6383,#6384);
#5464=AXIS2_PLACEMENT_3D('',#10261,#6385,#6386);
#5465=AXIS2_PLACEMENT_3D('',#10262,#6387,#6388);
#5466=AXIS2_PLACEMENT_3D('',#10268,#6391,#6392);
#5467=AXIS2_PLACEMENT_3D('',#10271,#6394,#6395);
#5468=AXIS2_PLACEMENT_3D('',#10274,#6398,#6399);
#5469=AXIS2_PLACEMENT_3D('',#10275,#6400,#6401);
#5470=AXIS2_PLACEMENT_3D('',#10276,#6402,#6403);
#5471=AXIS2_PLACEMENT_3D('',#10277,#6404,#6405);
#5472=AXIS2_PLACEMENT_3D('',#10281,#6407,#6408);
#5473=AXIS2_PLACEMENT_3D('',#10325,#6410,#6411);
#5474=AXIS2_PLACEMENT_3D('',#10371,#6413,#6414);
#5475=AXIS2_PLACEMENT_3D('',#10417,#6416,#6417);
#5476=AXIS2_PLACEMENT_3D('',#10462,#6418,#6419);
#5477=AXIS2_PLACEMENT_3D('',#10495,#6420,#6421);
#5478=AXIS2_PLACEMENT_3D('',#10592,#6423,#6424);
#5479=AXIS2_PLACEMENT_3D('',#10624,#6425,#6426);
#5480=AXIS2_PLACEMENT_3D('',#10625,#6427,#6428);
#5481=AXIS2_PLACEMENT_3D('',#10638,#6429,#6430);
#5482=AXIS2_PLACEMENT_3D('',#10670,#6431,#6432);
#5483=AXIS2_PLACEMENT_3D('',#10671,#6433,#6434);
#5484=AXIS2_PLACEMENT_3D('',#10714,#6435,#6436);
#5485=AXIS2_PLACEMENT_3D('',#10734,#6437,#6438);
#5486=AXIS2_PLACEMENT_3D('',#10749,#6439,#6440);
#5487=AXIS2_PLACEMENT_3D('',#10751,#6441,#6442);
#5488=AXIS2_PLACEMENT_3D('',#10752,#6443,#6444);
#5489=AXIS2_PLACEMENT_3D('',#10754,#6445,#6446);
#5490=AXIS2_PLACEMENT_3D('',#10762,#6447,#6448);
#5491=AXIS2_PLACEMENT_3D('',#10763,#6449,#6450);
#5492=AXIS2_PLACEMENT_3D('',#10764,#6451,#6452);
#5493=AXIS2_PLACEMENT_3D('',#10783,#6453,#6454);
#5494=AXIS2_PLACEMENT_3D('',#10784,#6455,#6456);
#5495=AXIS2_PLACEMENT_3D('',#10785,#6457,#6458);
#5496=AXIS2_PLACEMENT_3D('',#10786,#6459,#6460);
#5497=AXIS2_PLACEMENT_3D('',#10805,#6461,#6462);
#5498=AXIS2_PLACEMENT_3D('',#10814,#6467,#6468);
#5499=AXIS2_PLACEMENT_3D('',#10818,#6470,#6471);
#5500=AXIS2_PLACEMENT_3D('',#10822,#6473,#6474);
#5501=AXIS2_PLACEMENT_3D('',#10823,#6475,#6476);
#5502=AXIS2_PLACEMENT_3D('',#10832,#6481,#6482);
#5503=AXIS2_PLACEMENT_3D('',#10837,#6486,#6487);
#5504=AXIS2_PLACEMENT_3D('',#10840,#6490,#6491);
#5505=AXIS2_PLACEMENT_3D('',#10841,#6492,#6493);
#5506=AXIS2_PLACEMENT_3D('',#10845,#6495,#6496);
#5507=AXIS2_PLACEMENT_3D('',#10847,#6497,#6498);
#5508=AXIS2_PLACEMENT_3D('',#10848,#6499,#6500);
#5509=AXIS2_PLACEMENT_3D('',#10861,#6501,#6502);
#5510=AXIS2_PLACEMENT_3D('',#10863,#6503,#6504);
#5511=AXIS2_PLACEMENT_3D('',#10864,#6505,#6506);
#5512=AXIS2_PLACEMENT_3D('',#10866,#6507,#6508);
#5513=AXIS2_PLACEMENT_3D('',#10868,#6509,#6510);
#5514=AXIS2_PLACEMENT_3D('',#10869,#6511,#6512);
#5515=AXIS2_PLACEMENT_3D('',#10873,#6514,#6515);
#5516=AXIS2_PLACEMENT_3D('',#10874,#6516,#6517);
#5517=AXIS2_PLACEMENT_3D('',#10877,#6520,#6521);
#5518=AXIS2_PLACEMENT_3D('',#10878,#6522,#6523);
#5519=AXIS2_PLACEMENT_3D('',#10880,#6524,#6525);
#5520=AXIS2_PLACEMENT_3D('',#10882,#6526,#6527);
#5521=AXIS2_PLACEMENT_3D('',#10883,#6528,#6529);
#5522=AXIS2_PLACEMENT_3D('',#10885,#6530,#6531);
#5523=AXIS2_PLACEMENT_3D('',#10888,#6533,#6534);
#5524=AXIS2_PLACEMENT_3D('',#10892,#6536,#6537);
#5525=AXIS2_PLACEMENT_3D('',#10895,#6539,#6540);
#5526=AXIS2_PLACEMENT_3D('',#10896,#6541,#6542);
#5527=AXIS2_PLACEMENT_3D('',#10898,#6543,#6544);
#5528=AXIS2_PLACEMENT_3D('',#10899,#6545,#6546);
#5529=AXIS2_PLACEMENT_3D('',#10901,#6547,#6548);
#5530=AXIS2_PLACEMENT_3D('',#10902,#6549,#6550);
#5531=AXIS2_PLACEMENT_3D('',#10903,#6551,#6552);
#5532=AXIS2_PLACEMENT_3D('',#10904,#6553,#6554);
#5533=AXIS2_PLACEMENT_3D('',#10905,#6555,#6556);
#5534=AXIS2_PLACEMENT_3D('',#10907,#6557,#6558);
#5535=AXIS2_PLACEMENT_3D('',#10908,#6559,#6560);
#5536=AXIS2_PLACEMENT_3D('',#10910,#6561,#6562);
#5537=AXIS2_PLACEMENT_3D('',#10911,#6563,#6564);
#5538=AXIS2_PLACEMENT_3D('',#10913,#6565,#6566);
#5539=AXIS2_PLACEMENT_3D('',#10914,#6567,#6568);
#5540=AXIS2_PLACEMENT_3D('',#10916,#6569,#6570);
#5541=AXIS2_PLACEMENT_3D('',#10917,#6571,#6572);
#5542=AXIS2_PLACEMENT_3D('',#10919,#6573,#6574);
#5543=AXIS2_PLACEMENT_3D('',#10920,#6575,#6576);
#5544=AXIS2_PLACEMENT_3D('',#10922,#6577,#6578);
#5545=AXIS2_PLACEMENT_3D('',#10923,#6579,#6580);
#5546=AXIS2_PLACEMENT_3D('',#10925,#6581,#6582);
#5547=AXIS2_PLACEMENT_3D('',#10926,#6583,#6584);
#5548=AXIS2_PLACEMENT_3D('',#10927,#6585,#6586);
#5549=AXIS2_PLACEMENT_3D('',#10929,#6587,#6588);
#5550=AXIS2_PLACEMENT_3D('',#10930,#6589,#6590);
#5551=AXIS2_PLACEMENT_3D('',#10932,#6591,#6592);
#5552=AXIS2_PLACEMENT_3D('',#10933,#6593,#6594);
#5553=AXIS2_PLACEMENT_3D('',#10935,#6595,#6596);
#5554=AXIS2_PLACEMENT_3D('',#10936,#6597,#6598);
#5555=AXIS2_PLACEMENT_3D('',#10938,#6599,#6600);
#5556=AXIS2_PLACEMENT_3D('',#10939,#6601,#6602);
#5557=AXIS2_PLACEMENT_3D('',#10941,#6603,#6604);
#5558=AXIS2_PLACEMENT_3D('',#10942,#6605,#6606);
#5559=AXIS2_PLACEMENT_3D('',#10944,#6607,#6608);
#5560=AXIS2_PLACEMENT_3D('',#10945,#6609,#6610);
#5561=AXIS2_PLACEMENT_3D('',#10947,#6611,#6612);
#5562=AXIS2_PLACEMENT_3D('',#10948,#6613,#6614);
#5563=AXIS2_PLACEMENT_3D('',#10949,#6615,#6616);
#5564=AXIS2_PLACEMENT_3D('',#10950,#6617,#6618);
#5565=AXIS2_PLACEMENT_3D('',#10951,#6619,#6620);
#5566=AXIS2_PLACEMENT_3D('',#10952,#6621,#6622);
#5567=AXIS2_PLACEMENT_3D('',#10953,#6623,#6624);
#5568=AXIS2_PLACEMENT_3D('',#10954,#6625,#6626);
#5569=DIRECTION('',(0.,0.,1.));
#5570=DIRECTION('',(1.,0.,0.));
#5571=DIRECTION('',(0.,1.,0.));
#5572=DIRECTION('',(0.,0.,-1.));
#5573=DIRECTION('',(-6.12303176911189E-17,-1.,0.));
#5574=DIRECTION('',(1.,-5.55431440822616E-17,0.));
#5575=DIRECTION('',(0.,0.707106781186548,0.707106781186548));
#5576=DIRECTION('',(-8.65927457071936E-17,-0.707106781186548,0.707106781186548));
#5577=DIRECTION('',(-6.12303176911189E-17,-1.,0.));
#5578=DIRECTION('',(1.,0.,0.));
#5579=DIRECTION('',(6.12303176911189E-17,1.,0.));
#5580=DIRECTION('',(-1.,4.51750905202294E-17,0.));
#5581=DIRECTION('',(-6.12303176911189E-17,-1.,0.));
#5582=DIRECTION('',(1.,-6.02334540269936E-17,0.));
#5583=DIRECTION('',(1.,-6.12303176911189E-17,6.12303176911189E-17));
#5584=DIRECTION('',(1.,-6.12303176911189E-17,6.12303176911189E-17));
#5585=DIRECTION('',(-6.12303176911189E-17,-1.,0.));
#5586=DIRECTION('',(1.,-6.02334540269936E-17,0.));
#5587=DIRECTION('',(-4.62592926927149E-16,0.,-1.));
#5588=DIRECTION('',(0.,1.,0.));
#5589=DIRECTION('',(-1.,0.,-1.83574546764901E-16));
#5590=DIRECTION('',(-1.,6.12303176911189E-17,6.12343622236165E-17));
#5591=DIRECTION('',(-6.12303176911189E-17,-1.,0.));
#5592=DIRECTION('',(-1.,6.02334540269936E-17,0.));
#5593=DIRECTION('',(-6.60847038467355E-16,0.,-1.));
#5594=DIRECTION('',(6.12303176911189E-17,1.,0.));
#5595=DIRECTION('',(-1.,6.12303176911189E-17,0.));
#5596=DIRECTION('',(0.,-0.707106781186548,-0.707106781186548));
#5597=DIRECTION('',(-8.65927457071935E-17,-0.707106781186548,0.707106781186548));
#5598=DIRECTION('',(0.,1.,0.));
#5599=DIRECTION('',(0.,1.,0.));
#5600=DIRECTION('',(-6.12303176911189E-17,-1.,0.));
#5601=DIRECTION('',(1.,0.,0.));
#5602=DIRECTION('',(-6.12303176911189E-17,-1.,0.));
#5603=DIRECTION('',(4.62592926927149E-16,-2.83247118774139E-32,1.));
#5604=DIRECTION('',(0.,-1.,0.));
#5605=DIRECTION('',(-2.36847578594881E-15,0.,-1.));
#5606=DIRECTION('',(1.,0.,-4.62592926927149E-16));
#5607=DIRECTION('',(-4.62601961945253E-16,0.,-1.));
#5608=DIRECTION('',(0.,1.,0.));
#5609=DIRECTION('',(0.,0.,1.));
#5610=DIRECTION('',(0.,-1.,0.));
#5611=DIRECTION('',(1.,0.,-6.60847038467355E-16));
#5612=DIRECTION('',(-6.60848329184227E-16,0.,-1.));
#5613=DIRECTION('',(0.,1.,0.));
#5614=DIRECTION('',(-6.12303176911189E-17,-1.,0.));
#5615=DIRECTION('',(-1.,0.,0.));
#5616=DIRECTION('',(1.92396106393177E-15,-1.,1.2109714074213E-15));
#5617=DIRECTION('',(-0.731055268242751,-2.40933816107976E-15,-0.682318250360137));
#5618=DIRECTION('',(0.,-1.,0.));
#5619=DIRECTION('',(0.,-1.,0.));
#5620=DIRECTION('',(2.85991635575595E-21,-0.707106781186548,0.707106781186548));
#5621=DIRECTION('',(-8.65956056235492E-17,-0.707106781186548,-0.707106781186548));
#5622=DIRECTION('',(-6.12303176911189E-17,-1.,0.));
#5623=DIRECTION('',(-0.0516023203331669,0.,-0.99866771277349));
#5624=DIRECTION('',(0.,1.,0.));
#5625=DIRECTION('',(-6.12343622236165E-17,0.,-1.));
#5626=DIRECTION('',(-1.,0.,6.12303176911189E-17));
#5627=DIRECTION('',(0.,-1.,1.83697019872103E-16));
#5628=DIRECTION('',(1.,0.,0.));
#5629=DIRECTION('',(0.,-1.,0.));
#5630=DIRECTION('',(0.,0.,1.));
#5631=DIRECTION('',(-6.12303176911189E-17,-1.,0.));
#5632=DIRECTION('',(1.,0.,0.));
#5633=DIRECTION('',(0.,-1.,0.));
#5634=DIRECTION('',(0.,0.,-1.));
#5635=DIRECTION('',(0.,-1.,0.));
#5636=DIRECTION('',(0.,0.,1.));
#5637=DIRECTION('',(-6.12303176911189E-17,-1.,0.));
#5638=DIRECTION('',(1.,0.,0.));
#5639=DIRECTION('',(0.,-1.,0.));
#5640=DIRECTION('',(0.,0.,-1.));
#5641=DIRECTION('',(0.,-1.,0.));
#5642=DIRECTION('',(0.,0.,1.));
#5643=DIRECTION('',(-6.12303176911189E-17,-1.,0.));
#5644=DIRECTION('',(1.,0.,0.));
#5645=DIRECTION('',(0.,-1.,0.));
#5646=DIRECTION('',(0.,0.,1.));
#5647=DIRECTION('',(0.,1.,0.));
#5648=DIRECTION('',(0.,0.,-1.));
#5649=DIRECTION('',(-6.12303176911189E-17,-1.,0.));
#5650=DIRECTION('',(1.,0.,0.));
#5651=DIRECTION('',(-6.12303176911189E-17,-1.,0.));
#5652=DIRECTION('',(-1.,0.,0.));
#5653=DIRECTION('',(-6.12303176911189E-17,-1.,0.));
#5654=DIRECTION('',(1.,0.,0.));
#5655=DIRECTION('',(-2.85991635576212E-21,0.707106781186548,-0.707106781186548));
#5656=DIRECTION('',(2.85991635576212E-21,0.707106781186548,0.707106781186548));
#5657=DIRECTION('',(-2.85991635576212E-21,0.707106781186548,-0.707106781186548));
#5658=DIRECTION('',(-1.73188351330743E-16,-0.707106781186548,-0.707106781186548));
#5659=DIRECTION('',(-1.,6.12303176911189E-17,-6.12303176911189E-17));
#5660=DIRECTION('',(-1.,6.12303176911189E-17,-6.12303176911189E-17));
#5661=DIRECTION('',(0.,0.707106781186548,0.707106781186548));
#5662=DIRECTION('',(0.,-0.707106781186548,0.707106781186548));
#5663=DIRECTION('',(6.12303176911189E-17,1.,0.));
#5664=DIRECTION('',(-1.,6.1257422745431E-17,0.));
#5665=DIRECTION('',(0.,1.,0.));
#5666=DIRECTION('',(1.,0.,0.));
#5667=DIRECTION('',(0.,1.,0.));
#5668=DIRECTION('',(1.,0.,0.));
#5669=DIRECTION('',(0.,1.,0.));
#5670=DIRECTION('',(1.,0.,0.));
#5671=DIRECTION('',(0.,1.,0.));
#5672=DIRECTION('',(1.,0.,0.));
#5673=DIRECTION('',(0.,1.,0.));
#5674=DIRECTION('',(1.,0.,0.));
#5675=DIRECTION('',(0.,1.,0.));
#5676=DIRECTION('',(1.,0.,0.));
#5677=DIRECTION('',(0.,1.,0.));
#5678=DIRECTION('',(0.,2.47651603810626E-16,-1.));
#5679=DIRECTION('',(0.,1.,0.));
#5680=DIRECTION('',(0.,0.,-1.));
#5681=DIRECTION('',(0.,-1.,0.));
#5682=DIRECTION('',(1.,0.,0.));
#5683=DIRECTION('',(0.894105422216224,0.163543160534498,0.416928205577333));
#5684=DIRECTION('',(0.894105422216224,0.163543160534498,0.416928205577333));
#5685=DIRECTION('',(0.422618277779887,-1.06754789691243E-7,-0.906307779557448));
#5686=DIRECTION('',(-0.919715251869832,-0.155488857791776,0.360481720175407));
#5687=DIRECTION('',(0.373322931873424,-0.0622951297784351,0.925607533106402));
#5688=DIRECTION('',(0.904558627114805,0.0620986636658068,0.421802615073805));
#5689=DIRECTION('',(0.422618766134192,-8.94513980078751E-6,-0.906307551789787));
#5690=DIRECTION('',(-0.919715251869832,-0.155488857791776,0.360481720175407));
#5691=DIRECTION('',(-0.144766171412705,0.987837646125419,0.056740994985093));
#5692=DIRECTION('',(-0.919715251869832,-0.155488857791776,0.360481720175407));
#5693=DIRECTION('',(0.364920006429517,0.,0.931038876152592));
#5694=DIRECTION('',(0.181226108397769,0.965055408883439,-0.189275342873332));
#5695=DIRECTION('',(0.,0.192462237272537,0.981304380518119));
#5696=DIRECTION('',(0.817571093867535,0.0620986582993902,0.572469442948406));
#5697=DIRECTION('',(0.573575980427643,8.94507969876206E-6,-0.819152363480967));
#5698=DIRECTION('',(-0.808123128686618,-0.163543160576668,-0.565853906507985));
#5699=DIRECTION('',(0.808123128686618,0.163543160576668,0.565853906507985));
#5700=DIRECTION('',(0.573576421854233,1.06755082453552E-7,-0.819152054439763));
#5701=DIRECTION('',(0.0144319772055258,0.953675438967961,-0.300491056677577));
#5702=DIRECTION('',(0.,0.300522355000852,0.953774771182767));
#5703=DIRECTION('',(-0.0144319726957353,0.953675436451274,-0.300491064881439));
#5704=DIRECTION('',(0.,0.300522363186009,0.95377476860373));
#5705=DIRECTION('',(-0.808123128686208,0.163543160579686,0.565853906507698));
#5706=DIRECTION('',(0.808123128686208,-0.163543160579686,-0.565853906507698));
#5707=DIRECTION('',(-0.573576421854282,1.06754719183513E-7,-0.819152054439729));
#5708=DIRECTION('',(0.81757109387023,-0.0620986582465082,-0.572469442950293));
#5709=DIRECTION('',(-0.57357598042766,8.94507935889289E-6,-0.819152363480955));
#5710=DIRECTION('',(-0.181226108446098,0.965055408868762,-0.189275342901894));
#5711=DIRECTION('',(0.,0.192462237303322,0.981304380512081));
#5712=DIRECTION('',(0.0733042098143214,0.965055406449273,0.251584091918641));
#5713=DIRECTION('',(0.,-0.252262772780804,0.967658769127289));
#5714=DIRECTION('',(0.904558627416054,-0.0620986583235073,-0.42180261521428));
#5715=DIRECTION('',(-0.422618766130754,-8.94507959460861E-6,-0.906307551791391));
#5716=DIRECTION('',(0.894105422208791,-0.163543160583975,-0.416928205573867));
#5717=DIRECTION('',(0.894105422208791,-0.163543160583975,-0.416928205573867));
#5718=DIRECTION('',(-0.422618277779777,-1.06754052319421E-7,-0.906307779557499));
#5719=DIRECTION('',(-0.0859822935249907,0.163543160457643,-0.98278211210202));
#5720=DIRECTION('',(0.0859822935249907,-0.163543160457643,0.98278211210202));
#5721=DIRECTION('',(-8.02956941318117E-10,-0.986435211906333,-0.16415106673826));
#5722=DIRECTION('',(0.0869875335504432,-0.0620986581952752,0.994272058169773));
#5723=DIRECTION('',(0.9961947465584,8.9450791615495E-6,-0.0871551883104556));
#5724=DIRECTION('',(0.254530305228321,0.965055409885285,-0.0623087439411354));
#5725=DIRECTION('',(-0.966934238106278,0.255025840215912,0.));
#5726=DIRECTION('',(0.772043953180504,0.155488857811013,-0.616255912307579));
#5727=DIRECTION('',(0.614938170511367,0.062295137056533,0.786110909698651));
#5728=DIRECTION('',(-0.772043953180504,-0.155488857811013,0.616255912307579));
#5729=DIRECTION('',(-0.121522228810728,0.987837646122391,0.0970006845761752));
#5730=DIRECTION('',(-0.772043953180504,-0.155488857811013,0.616255912307579));
#5731=DIRECTION('',(0.623843315474561,0.,0.781549433969283));
#5732=DIRECTION('',(-0.0869875335499682,-0.0620986582828962,0.994272058164342));
#5733=DIRECTION('',(0.996194746558403,-8.94507977550671E-6,0.0871551883104166));
#5734=DIRECTION('',(-0.0859822935240246,-0.163543160524503,0.982782112090979));
#5735=DIRECTION('',(-0.0859822935240246,-0.163543160524503,0.982782112090979));
#5736=DIRECTION('',(8.0295363794755E-10,-0.986435211895168,-0.164151066805354));
#5737=DIRECTION('',(0.768530000438569,0.283803490867834,0.573425860070092));
#5738=DIRECTION('',(0.598014753602666,0.,-0.801485093107503));
#5739=DIRECTION('',(-0.179945981950945,0.975573452516661,-0.1259995330326));
#5740=DIRECTION('',(-0.179945981950945,0.975573452516661,-0.1259995330326));
#5741=DIRECTION('',(-0.983410943363929,-0.181391610809499,6.23013894253129E-8));
#5742=DIRECTION('',(0.18770124223372,0.861535375480573,-0.471725598690029));
#5743=DIRECTION('',(0.,0.480261689629599,0.877125253013572));
#5744=DIRECTION('',(0.,1.,0.));
#5745=DIRECTION('',(-1.,0.,0.));
#5746=DIRECTION('',(0.,-1.,0.));
#5747=DIRECTION('',(1.,0.,0.));
#5748=DIRECTION('',(0.,1.,0.));
#5749=DIRECTION('',(-1.,0.,0.));
#5750=DIRECTION('',(0.19909178738055,-0.975573452533091,0.0928380251313173));
#5751=DIRECTION('',(-0.19909178738055,0.975573452533091,-0.0928380251313173));
#5752=DIRECTION('',(-0.97980500964615,-0.19995535269731,-3.36986606456071E-8));
#5753=DIRECTION('',(0.880866362899686,0.283803489889679,0.37885357308374));
#5754=DIRECTION('',(0.395099073597877,0.,-0.918638515435805));
#5755=DIRECTION('',(-0.768530000115426,0.283803490033051,0.573425860916337));
#5756=DIRECTION('',(0.59801475433111,0.,0.801485092563987));
#5757=DIRECTION('',(-0.179945981894134,-0.975573452532277,0.12599953299282));
#5758=DIRECTION('',(0.179945981894134,0.975573452532277,-0.12599953299282));
#5759=DIRECTION('',(-0.983410943374658,0.181391610751333,-6.23012051011059E-8));
#5760=DIRECTION('',(0.,1.,0.));
#5761=DIRECTION('',(-1.,0.,0.));
#5762=DIRECTION('',(0.,1.,0.));
#5763=DIRECTION('',(-1.,0.,0.));
#5764=DIRECTION('',(0.199091787451202,0.975573452515537,-0.0928380251642623));
#5765=DIRECTION('',(0.199091787451202,0.975573452515537,-0.0928380251642623));
#5766=DIRECTION('',(-0.979805009631548,0.199955352768869,3.3698462274388E-8));
#5767=DIRECTION('',(0.880866362328172,-0.283803490724921,-0.37885357378687));
#5768=DIRECTION('',(-0.395099074433017,0.,-0.918638515076618));
#5769=DIRECTION('',(-0.0191458054957582,0.975573452516603,0.218837558195009));
#5770=DIRECTION('',(-0.0191458054957582,0.975573452516603,0.218837558195009));
#5771=DIRECTION('',(1.4273114135552E-9,-0.218877677950534,0.975752305708259));
#5772=DIRECTION('',(0.,1.,0.));
#5773=DIRECTION('',(-1.,0.,0.));
#5774=DIRECTION('',(0.,1.,0.));
#5775=DIRECTION('',(-1.,0.,0.));
#5776=DIRECTION('',(-0.0191458054892909,-0.975573452533312,-0.218837558121088));
#5777=DIRECTION('',(0.0191458054892909,0.975573452533312,0.218837558121088));
#5778=DIRECTION('',(-1.42731449704565E-9,-0.218877677876574,0.97575230572485));
#5779=DIRECTION('',(0.,-1.,0.));
#5780=DIRECTION('',(1.,0.,0.));
#5781=DIRECTION('',(0.,1.,0.));
#5782=DIRECTION('',(0.,-1.,0.));
#5783=DIRECTION('',(0.,1.,0.));
#5784=DIRECTION('',(-1.,0.,0.));
#5785=DIRECTION('',(-0.174954531890717,-0.877126952406908,-0.447257443909288));
#5786=DIRECTION('',(0.,0.454263774916506,-0.89086723073565));
#5787=DIRECTION('',(-0.299859100748592,0.877126993280492,-0.375143648962594));
#5788=DIRECTION('',(0.,0.393239137436539,0.919436229864892));
#5789=DIRECTION('',(0.,1.,0.));
#5790=DIRECTION('',(-1.,0.,0.));
#5791=DIRECTION('',(0.,-1.,0.));
#5792=DIRECTION('',(0.,1.,0.));
#5793=DIRECTION('',(-1.,0.,0.));
#5794=DIRECTION('',(0.,-1.,0.));
#5795=DIRECTION('',(0.,1.,0.));
#5796=DIRECTION('',(0.825351982871312,0.,-0.56461854766771));
#5797=DIRECTION('',(0.,1.,0.));
#5798=DIRECTION('',(0.,1.,0.));
#5799=DIRECTION('',(-1.,0.,0.));
#5800=DIRECTION('',(0.29985910496864,0.877126997252472,-0.375143636302509));
#5801=DIRECTION('',(0.,0.393239124712557,0.919436235306888));
#5802=DIRECTION('',(0.17495451671423,-0.877126956927415,-0.447257440980632));
#5803=DIRECTION('',(0.,0.454263770697729,-0.890867232886855));
#5804=DIRECTION('',(0.,1.,0.));
#5805=DIRECTION('',(0.,-1.,0.));
#5806=DIRECTION('',(0.,1.,0.));
#5807=DIRECTION('',(-1.,0.,0.));
#5808=DIRECTION('',(0.,1.,0.));
#5809=DIRECTION('',(0.901649997163784,0.,-0.432466510396524));
#5810=DIRECTION('',(-0.819152044288992,0.,0.573576436351046));
#5811=DIRECTION('',(0.819152044288992,0.,-0.573576436351046));
#5812=DIRECTION('',(0.819152044288992,0.,-0.573576436351046));
#5813=DIRECTION('',(0.573576436351046,0.,0.819152044288992));
#5814=DIRECTION('',(-0.0871557427476583,0.,-0.996194698091746));
#5815=DIRECTION('',(0.0871557427476583,0.,0.996194698091746));
#5816=DIRECTION('',(0.0871557427476583,0.,0.996194698091746));
#5817=DIRECTION('',(-0.996194698091745,0.,0.0871557427476586));
#5818=DIRECTION('',(-0.90630778703665,0.,0.422618261740699));
#5819=DIRECTION('',(0.90630778703665,0.,-0.422618261740699));
#5820=DIRECTION('',(-0.90630778703665,0.,0.422618261740699));
#5821=DIRECTION('',(-0.422618261740698,0.,-0.90630778703665));
#5822=DIRECTION('',(0.0871557427476583,0.,-0.996194698091746));
#5823=DIRECTION('',(-0.0871557427476583,0.,0.996194698091746));
#5824=DIRECTION('',(0.0871557427476583,0.,-0.996194698091746));
#5825=DIRECTION('',(0.996194698091746,0.,0.0871557427476572));
#5826=DIRECTION('',(0.90630778703665,0.,0.422618261740699));
#5827=DIRECTION('',(-0.90630778703665,0.,-0.422618261740699));
#5828=DIRECTION('',(-0.90630778703665,0.,-0.422618261740699));
#5829=DIRECTION('',(0.422618261740699,0.,-0.90630778703665));
#5830=DIRECTION('',(0.819152044288992,0.,0.573576436351046));
#5831=DIRECTION('',(-0.573576436351046,0.,0.819152044288992));
#5832=DIRECTION('',(0.804252018702172,-0.506093971831637,-0.311524609122873));
#5833=DIRECTION('',(0.53259701952308,0.846368959021497,0.));
#5834=DIRECTION('',(-0.758090311955819,0.014311396825503,-0.651992532809719));
#5835=DIRECTION('',(-0.652059312345121,0.,0.758167958426105));
#5836=DIRECTION('',(0.132337776737457,0.506093961492574,-0.85226499106143));
#5837=DIRECTION('',(0.,0.85982745071967,0.510584718718563));
#5838=DIRECTION('',(0.671914294034473,0.506093909710185,0.540740359161784));
#5839=DIRECTION('',(0.626961060375125,0.,-0.779050594488766));
#5840=DIRECTION('',(-0.943687252723978,-0.0143113982342659,0.330529201322443));
#5841=DIRECTION('',(0.330563055377109,0.,0.94378390875229));
#5842=DIRECTION('',(0.185596797088189,-0.0143111334158506,-0.982521765850996));
#5843=DIRECTION('',(-0.982622395732672,0.,-0.185615805912604));
#5844=DIRECTION('',(0.,1.,0.));
#5845=DIRECTION('',(-1.,0.,0.));
#5846=DIRECTION('',(0.,1.,0.));
#5847=DIRECTION('',(-1.,5.62584680362824E-17,0.));
#5848=DIRECTION('',(0.,-1.,0.));
#5849=DIRECTION('',(1.,0.,-6.12323399573677E-17));
#5850=DIRECTION('',(0.,1.,0.));
#5851=DIRECTION('',(-1.,0.,0.));
#5852=DIRECTION('',(0.,1.,0.));
#5853=DIRECTION('',(0.,0.,-1.));
#5854=DIRECTION('',(0.,-1.,0.));
#5855=DIRECTION('',(1.,0.,0.));
#5856=DIRECTION('',(0.,1.,0.));
#5857=DIRECTION('',(0.,0.,-1.));
#5858=DIRECTION('',(0.,1.,0.));
#5859=DIRECTION('',(-1.,0.,0.));
#5860=DIRECTION('',(0.,1.,0.));
#5861=DIRECTION('',(-1.,0.,0.));
#5862=DIRECTION('',(0.,1.,0.));
#5863=DIRECTION('',(-1.,-9.8551352630388E-17,0.));
#5864=DIRECTION('',(0.,1.,0.));
#5865=DIRECTION('',(-1.,7.14836408261615E-17,0.));
#5866=DIRECTION('',(0.,-1.,0.));
#5867=DIRECTION('',(0.,0.,-1.));
#5868=DIRECTION('',(0.,1.,0.));
#5869=DIRECTION('',(-1.,0.,0.));
#5870=DIRECTION('',(0.,-1.,0.));
#5871=DIRECTION('',(1.,0.,0.));
#5872=DIRECTION('',(-0.422618261740699,0.,-0.90630778703665));
#5873=DIRECTION('',(0.90630778703665,0.,-0.422618261740699));
#5874=DIRECTION('',(-0.996194698091746,0.,0.0871557427476583));
#5875=DIRECTION('',(-0.0871557427476583,0.,-0.996194698091746));
#5876=DIRECTION('',(0.996194698091746,0.,0.0871557427476583));
#5877=DIRECTION('',(-0.0871557427476583,0.,0.996194698091746));
#5878=DIRECTION('',(0.422618261740699,0.,-0.90630778703665));
#5879=DIRECTION('',(0.90630778703665,0.,0.422618261740699));
#5880=DIRECTION('',(-0.573576436351046,0.,-0.819152044288992));
#5881=DIRECTION('',(0.819152044288992,0.,-0.573576436351046));
#5882=DIRECTION('',(0.573576436351046,0.,-0.819152044288992));
#5883=DIRECTION('',(0.819152044288992,0.,0.573576436351046));
#5884=DIRECTION('',(0.,-1.,0.));
#5885=DIRECTION('',(1.,1.56561288076013E-17,0.));
#5886=DIRECTION('',(0.,-1.,0.));
#5887=DIRECTION('',(1.,1.56561288076013E-17,0.));
#5888=DIRECTION('',(0.,-1.,0.));
#5889=DIRECTION('',(1.,1.56561288076013E-17,0.));
#5890=DIRECTION('',(0.,1.,0.));
#5891=DIRECTION('',(-1.,7.14836408261615E-17,0.));
#5892=DIRECTION('',(0.,1.,0.));
#5893=DIRECTION('',(-1.,7.14836408261615E-17,0.));
#5894=DIRECTION('',(0.,-1.,0.));
#5895=DIRECTION('',(1.,0.,0.));
#5896=DIRECTION('',(0.,-1.,0.));
#5897=DIRECTION('',(1.,0.,0.));
#5898=DIRECTION('',(0.,-1.,0.));
#5899=DIRECTION('',(0.,0.,-1.));
#5900=DIRECTION('',(0.,1.,0.));
#5901=DIRECTION('',(0.,0.,1.));
#5902=DIRECTION('',(0.,-1.,0.));
#5903=DIRECTION('',(0.,0.,-1.));
#5904=DIRECTION('',(0.,-1.,0.));
#5905=DIRECTION('',(0.,0.,-1.));
#5906=DIRECTION('',(0.,-1.,0.));
#5907=DIRECTION('',(0.,0.,-1.));
#5908=DIRECTION('',(0.,-1.,0.));
#5909=DIRECTION('',(0.,0.,-1.));
#5910=DIRECTION('',(0.,1.,0.));
#5911=DIRECTION('',(0.,0.,1.));
#5912=DIRECTION('',(0.,-1.,0.));
#5913=DIRECTION('',(0.,0.,-1.));
#5914=DIRECTION('',(0.,-1.,0.));
#5915=DIRECTION('',(0.,0.,-1.));
#5916=DIRECTION('',(0.,-1.,0.));
#5917=DIRECTION('',(0.,0.,-1.));
#5918=DIRECTION('',(0.,-1.,0.));
#5919=DIRECTION('',(0.,0.,1.));
#5920=DIRECTION('',(0.,1.,0.));
#5921=DIRECTION('',(0.,0.,-1.));
#5922=DIRECTION('',(0.,-1.,0.));
#5923=DIRECTION('',(0.,0.,-1.));
#5924=DIRECTION('',(0.,1.,0.));
#5925=DIRECTION('',(0.,0.,1.));
#5926=DIRECTION('',(0.,1.,0.));
#5927=DIRECTION('',(0.,0.,1.));
#5928=DIRECTION('',(0.,-1.,0.));
#5929=DIRECTION('',(0.,0.,-1.));
#5930=DIRECTION('',(0.,-1.,0.));
#5931=DIRECTION('',(0.,0.,-1.));
#5932=DIRECTION('',(0.,-1.,0.));
#5933=DIRECTION('',(0.,0.,1.));
#5934=DIRECTION('',(0.,1.,0.));
#5935=DIRECTION('',(0.,0.,-1.));
#5936=DIRECTION('',(0.,-1.,0.));
#5937=DIRECTION('',(0.,0.,-1.));
#5938=DIRECTION('',(0.,1.,0.));
#5939=DIRECTION('',(0.,0.,1.));
#5940=DIRECTION('',(0.,1.,0.));
#5941=DIRECTION('',(0.,0.,1.));
#5942=DIRECTION('',(0.,-1.,0.));
#5943=DIRECTION('',(0.,0.,-1.));
#5944=DIRECTION('',(0.,-1.,0.));
#5945=DIRECTION('',(0.,0.,-1.));
#5946=DIRECTION('',(0.,1.,0.));
#5947=DIRECTION('',(0.,0.,1.));
#5948=DIRECTION('',(0.,-1.,0.));
#5949=DIRECTION('',(0.,0.,-1.));
#5950=DIRECTION('',(0.,1.,0.));
#5951=DIRECTION('',(0.,0.,1.));
#5952=DIRECTION('',(0.,-1.,0.));
#5953=DIRECTION('',(0.,0.,-1.));
#5954=DIRECTION('',(-6.12303176911189E-17,-1.,0.));
#5955=DIRECTION('',(-1.,0.,0.));
#5956=DIRECTION('',(0.,1.,0.));
#5957=DIRECTION('',(0.,0.,1.));
#5958=DIRECTION('',(6.12303176911189E-17,1.,0.));
#5959=DIRECTION('',(-1.,6.1257422745431E-17,0.));
#5960=DIRECTION('',(0.,1.,0.));
#5961=DIRECTION('',(0.,0.,1.));
#5962=DIRECTION('',(0.,-1.,0.));
#5963=DIRECTION('',(0.,0.,-1.));
#5964=DIRECTION('',(0.,-1.,0.));
#5965=DIRECTION('',(0.,0.,-1.));
#5966=DIRECTION('',(0.,1.,0.));
#5967=DIRECTION('',(0.,-1.42014869980413E-16,1.));
#5968=DIRECTION('',(0.,-1.,0.));
#5969=DIRECTION('',(0.,0.,-1.));
#5970=DIRECTION('',(0.,-1.,0.));
#5971=DIRECTION('',(0.,0.,-1.));
#5972=DIRECTION('',(0.,1.,0.));
#5973=DIRECTION('',(0.,-6.42530724078402E-17,1.));
#5974=DIRECTION('',(1.,-6.12303176911189E-17,6.12303176911189E-17));
#5975=DIRECTION('',(6.12303176911167E-17,0.,-1.));
#5976=DIRECTION('',(1.,-6.12303176911189E-17,6.12303176911189E-17));
#5977=DIRECTION('',(6.12303176911167E-17,0.,-1.));
#5978=DIRECTION('',(-1.,3.70074341541719E-16,-1.85037170770859E-16));
#5979=DIRECTION('',(-1.,0.,0.));
#5980=DIRECTION('',(0.,0.,-1.));
#5981=DIRECTION('',(1.,-4.27642353614751E-50,6.31088724176809E-30));
#5982=DIRECTION('',(1.,1.28292706084425E-49,0.));
#5983=DIRECTION('',(0.,0.978147619047643,-0.207911604657911));
#5984=DIRECTION('',(-1.,-1.48029736616684E-16,-3.55271367880042E-15));
#5985=DIRECTION('',(-3.25260651745651E-15,0.400000000000158,0.916515138991099));
#5986=DIRECTION('',(1.,2.59052039079198E-15,2.88657986402535E-15));
#5987=DIRECTION('',(-1.,0.,0.));
#5988=DIRECTION('',(0.,0.,-1.));
#5989=DIRECTION('',(-1.,0.,2.01858731750028E-16));
#5990=DIRECTION('',(1.,0.,0.));
#5991=DIRECTION('',(0.,0.,-1.));
#5992=DIRECTION('',(-1.,1.3684555315672E-48,1.93082265152201E-16));
#5993=DIRECTION('',(0.,-1.,0.));
#5994=DIRECTION('',(-1.,0.,0.));
#5995=DIRECTION('',(0.,0.,-1.));
#5996=DIRECTION('',(1.,1.28292706084425E-49,0.));
#5997=DIRECTION('',(1.18492040708792E-15,9.77559335847533E-15,-1.));
#5998=DIRECTION('',(-1.,0.,0.));
#5999=DIRECTION('',(0.,0.,-1.));
#6000=DIRECTION('',(-1.,5.9211894646675E-15,-1.48029736616688E-15));
#6001=DIRECTION('',(1.4811505088599E-15,9.77559335847533E-15,-1.));
#6002=DIRECTION('',(0.,-6.44905224473552E-17,1.));
#6003=DIRECTION('',(1.,-1.3684555315672E-48,-1.93082265152201E-16));
#6004=DIRECTION('',(0.,6.44905224473552E-17,-1.));
#6005=DIRECTION('',(-1.,0.,1.45564838681678E-16));
#6006=DIRECTION('',(2.86807614694832E-16,1.,6.44905224473552E-17));
#6007=DIRECTION('',(0.,-6.45100292628875E-17,1.));
#6008=DIRECTION('',(-1.,0.,0.));
#6009=DIRECTION('',(0.,0.,-1.));
#6010=DIRECTION('',(-1.,1.3684555315672E-48,1.93082265152201E-16));
#6011=DIRECTION('',(1.,0.,0.));
#6012=DIRECTION('',(0.,0.,-1.));
#6013=DIRECTION('',(-1.,1.3684555315672E-48,1.93082265152201E-16));
#6014=DIRECTION('',(0.,-1.,0.));
#6015=DIRECTION('',(0.,1.,1.00929365875014E-16));
#6016=DIRECTION('',(0.,1.,1.00929365875014E-16));
#6017=DIRECTION('',(1.,-2.79716948691016E-16,2.69630192214213E-33));
#6018=DIRECTION('',(-3.42113882891801E-49,-1.,-1.00929365875014E-16));
#6019=DIRECTION('',(-1.,0.,0.));
#6020=DIRECTION('',(-3.08148791101958E-32,-1.00929365875014E-16,1.));
#6021=DIRECTION('',(-3.02709246557953E-16,-1.,-1.009392222584E-16));
#6022=DIRECTION('',(0.,0.,-1.));
#6023=DIRECTION('',(-1.,8.75811540203011E-47,-9.71551056909325E-15));
#6024=DIRECTION('',(0.,0.,1.));
#6025=DIRECTION('',(-1.28292706084425E-49,-1.,0.));
#6026=DIRECTION('',(-1.,0.,-9.71553566764261E-15));
#6027=DIRECTION('',(0.,-4.93038065763132E-32,1.));
#6028=DIRECTION('',(0.,4.93038065763132E-32,-1.));
#6029=DIRECTION('',(1.,-4.51884212515964E-16,-4.93038065763132E-32));
#6030=DIRECTION('',(4.51884212515964E-16,1.,4.93038065763132E-32));
#6031=DIRECTION('',(1.,-4.51881912964802E-16,0.));
#6032=DIRECTION('',(0.,-1.,4.93038065763132E-32));
#6033=DIRECTION('',(0.,-1.,4.93038065763132E-32));
#6034=DIRECTION('',(4.93038065763132E-32,-4.93038065763132E-32,-1.));
#6035=DIRECTION('',(-1.,0.,0.));
#6036=DIRECTION('',(0.,-3.79443312213626E-15,-1.));
#6037=DIRECTION('',(0.,3.79443312213626E-15,1.));
#6038=DIRECTION('',(0.,-1.,3.79443312213626E-15));
#6039=DIRECTION('',(0.,-3.79443312213626E-15,-1.));
#6040=DIRECTION('',(0.,0.,-1.));
#6041=DIRECTION('',(1.,0.,0.));
#6042=DIRECTION('',(0.,0.,1.));
#6043=DIRECTION('',(1.,0.,0.));
#6044=DIRECTION('',(0.,1.,0.));
#6045=DIRECTION('',(0.,0.,1.));
#6046=DIRECTION('',(0.,1.93607530800983E-15,-1.));
#6047=DIRECTION('',(0.,-1.93607530800983E-15,1.));
#6048=DIRECTION('',(1.,0.,0.));
#6049=DIRECTION('',(0.,1.,1.93607530800983E-15));
#6050=DIRECTION('',(0.,-1.93608692446168E-15,1.));
#6051=DIRECTION('',(0.,-1.,0.));
#6052=DIRECTION('',(0.,1.,0.));
#6053=DIRECTION('',(1.,0.,0.));
#6054=DIRECTION('',(0.,0.,-1.));
#6055=DIRECTION('',(-1.,0.,0.));
#6056=DIRECTION('',(0.,-1.,0.));
#6057=DIRECTION('',(0.,1.,0.));
#6058=DIRECTION('',(1.,0.,0.));
#6059=DIRECTION('',(0.,0.,-1.));
#6060=DIRECTION('',(-1.,0.,0.));
#6061=DIRECTION('',(0.,-1.20036669096606E-15,1.));
#6062=DIRECTION('',(0.,1.20036669096606E-15,-1.));
#6063=DIRECTION('',(-1.,0.,0.));
#6064=DIRECTION('',(0.,-1.,-1.20036669096606E-15));
#6065=DIRECTION('',(0.,1.20037443526733E-15,-1.));
#6066=DIRECTION('',(0.,1.,2.3232903696118E-15));
#6067=DIRECTION('',(0.,-1.,-2.3232903696118E-15));
#6068=DIRECTION('',(1.,0.,0.));
#6069=DIRECTION('',(0.,-2.3232903696118E-15,1.));
#6070=DIRECTION('',(0.,-1.,-2.32333683541919E-15));
#6071=DIRECTION('',(0.,1.,7.74430123203933E-16));
#6072=DIRECTION('',(0.,-1.,-7.74430123203933E-16));
#6073=DIRECTION('',(0.,-7.74430123203933E-16,1.));
#6074=DIRECTION('',(0.,-1.,-7.74445611806396E-16));
#6075=DIRECTION('',(1.,0.,0.));
#6076=DIRECTION('',(0.,0.,-1.));
#6077=DIRECTION('',(1.,0.,0.));
#6078=DIRECTION('',(0.,0.,-1.));
#6079=DIRECTION('',(1.,0.,0.));
#6080=DIRECTION('',(0.,0.,-0.999999999999999));
#6081=DIRECTION('',(1.,0.,0.));
#6082=DIRECTION('',(0.,0.,-1.));
#6083=DIRECTION('',(0.,-1.,4.93038065763132E-32));
#6084=DIRECTION('',(0.,6.44905224473552E-17,1.));
#6085=DIRECTION('',(1.,0.,0.));
#6086=DIRECTION('',(0.,0.,-1.));
#6087=DIRECTION('',(0.,-6.44905224473552E-17,-1.));
#6088=DIRECTION('',(-2.99349647530326E-49,-1.,4.93038065763132E-32));
#6089=DIRECTION('',(-1.,-1.28292706084425E-49,0.));
#6090=DIRECTION('',(0.,0.707106781186548,-0.707106781186548));
#6091=DIRECTION('',(-1.,-1.28292706084425E-49,0.));
#6092=DIRECTION('',(0.,0.999999999999999,0.));
#6093=DIRECTION('',(-1.,-1.28292706084425E-49,0.));
#6094=DIRECTION('',(0.,1.,0.));
#6095=DIRECTION('',(-1.,-1.28292706084425E-49,0.));
#6096=DIRECTION('',(0.,0.999999999999999,0.));
#6097=DIRECTION('',(1.,1.28292706084425E-49,0.));
#6098=DIRECTION('',(0.,0.,-1.));
#6099=DIRECTION('',(-1.,1.28292706084425E-49,4.93038065763132E-32));
#6100=DIRECTION('',(-1.,1.28292706084425E-49,4.93038065763132E-32));
#6101=DIRECTION('',(0.,0.707106781186548,-0.707106781186548));
#6102=DIRECTION('',(1.,3.86781115729775E-18,1.04340471481954E-18));
#6103=DIRECTION('',(-1.,-3.86781115729775E-18,-1.04340471481954E-18));
#6104=DIRECTION('',(0.,0.787772489979363,-0.615966317286682));
#6105=DIRECTION('',(-1.,1.3684555315672E-48,1.93082265152201E-16));
#6106=DIRECTION('',(0.,-1.,0.));
#6107=DIRECTION('',(1.,-3.80177680798065E-16,3.09596890083568E-15));
#6108=DIRECTION('',(0.,0.55303283866161,0.833159456143829));
#6109=DIRECTION('',(-1.,2.3994446177332E-16,-4.93038065763132E-32));
#6110=DIRECTION('',(2.79716948691016E-16,1.,-6.44905224473552E-17));
#6111=DIRECTION('',(0.,6.45100292628875E-17,1.));
#6112=DIRECTION('',(-4.93038065763132E-32,4.93038065763132E-32,1.));
#6113=DIRECTION('',(1.,0.,0.));
#6114=DIRECTION('',(1.,0.,0.));
#6115=DIRECTION('',(0.,0.,-1.));
#6116=DIRECTION('',(1.,0.,0.));
#6117=DIRECTION('',(0.,0.,-1.));
#6118=DIRECTION('',(1.,0.,0.));
#6119=DIRECTION('',(0.,0.,-1.));
#6120=DIRECTION('',(1.,0.,0.));
#6121=DIRECTION('',(0.,0.,-1.));
#6122=DIRECTION('',(-1.,0.,0.));
#6123=DIRECTION('',(0.,0.,-1.));
#6124=DIRECTION('',(1.,0.,0.));
#6125=DIRECTION('',(0.,0.,-1.));
#6126=DIRECTION('',(1.,0.,0.));
#6127=DIRECTION('',(8.67361737988404E-16,0.,-1.));
#6128=DIRECTION('',(1.,0.,0.));
#6129=DIRECTION('',(0.,0.,-1.));
#6130=DIRECTION('',(-1.,0.,0.));
#6131=DIRECTION('',(3.382076638785E-16,0.,-1.));
#6132=DIRECTION('',(1.,-7.44756244916849E-16,2.80810082592005E-15));
#6133=DIRECTION('',(2.08500417785674E-15,0.,-1.));
#6134=DIRECTION('',(-1.,7.44756244916849E-16,-2.80810082592005E-15));
#6135=DIRECTION('',(2.16840434497101E-15,0.,-1.));
#6136=DIRECTION('',(1.,-7.44756244916849E-16,2.80810082592005E-15));
#6137=DIRECTION('',(2.80808362673746E-15,0.,-1.));
#6138=DIRECTION('',(-1.,0.,0.));
#6139=DIRECTION('',(0.,-1.,-1.83697019872103E-16));
#6140=DIRECTION('',(1.,0.,0.));
#6141=DIRECTION('',(0.,0.,-1.));
#6142=DIRECTION('',(1.,0.,0.));
#6143=DIRECTION('',(0.,0.,-1.));
#6144=DIRECTION('',(-1.,0.,0.));
#6145=DIRECTION('',(0.,0.,1.));
#6146=DIRECTION('',(-1.,7.44756244916849E-16,-2.80810082592005E-15));
#6147=DIRECTION('',(3.61400724161835E-15,0.,-1.));
#6148=DIRECTION('',(1.,0.,0.));
#6149=DIRECTION('',(0.,0.,-1.));
#6150=DIRECTION('',(1.,-7.44756244916849E-16,2.80810082592005E-15));
#6151=DIRECTION('',(3.61400724161835E-15,0.,-1.));
#6152=DIRECTION('',(1.,0.,0.));
#6153=DIRECTION('',(0.,0.,1.));
#6154=DIRECTION('',(0.,0.,-1.));
#6155=DIRECTION('',(0.,1.,2.35296365846293E-15));
#6156=DIRECTION('',(-1.,0.,0.));
#6157=DIRECTION('',(0.,0.,1.));
#6158=DIRECTION('',(0.,2.35296365846293E-15,-1.));
#6159=DIRECTION('',(0.,1.,2.16840434497101E-15));
#6160=DIRECTION('',(0.,0.,-1.));
#6161=DIRECTION('',(-1.,0.,0.));
#6162=DIRECTION('',(0.,0.,1.));
#6163=DIRECTION('',(0.,0.,-1.));
#6164=DIRECTION('',(-1.,0.,0.));
#6165=DIRECTION('',(-0.707106781186548,0.707106781186547,0.));
#6166=DIRECTION('',(0.707106781186547,0.707106781186548,0.));
#6167=DIRECTION('',(1.,0.,0.));
#6168=DIRECTION('',(1.,0.,0.));
#6169=DIRECTION('',(0.,-1.,1.83697019872103E-16));
#6170=DIRECTION('',(1.,0.,0.));
#6171=DIRECTION('',(0.,0.,-1.));
#6172=DIRECTION('',(-0.707106781186548,0.707106781186547,0.));
#6173=DIRECTION('',(0.707106781186547,0.707106781186548,0.));
#6174=DIRECTION('',(1.,0.,0.));
#6175=DIRECTION('',(0.,-1.,1.83697019872103E-16));
#6176=DIRECTION('',(1.,0.,0.));
#6177=DIRECTION('',(1.,0.,0.));
#6178=DIRECTION('',(0.,0.,-1.));
#6179=DIRECTION('',(0.,1.,0.));
#6180=DIRECTION('',(0.,6.44905224473552E-17,-1.));
#6181=DIRECTION('',(0.,1.,1.00929365875014E-16));
#6182=DIRECTION('',(0.,3.79443312213626E-15,1.));
#6183=DIRECTION('',(-1.,0.,0.));
#6184=DIRECTION('',(0.,0.,1.));
#6185=DIRECTION('',(0.,-1.,-1.88539642095041E-13));
#6186=DIRECTION('',(-1.,0.,0.));
#6187=DIRECTION('',(0.,-1.,-1.88539642095041E-13));
#6188=DIRECTION('',(-1.,0.,0.));
#6189=DIRECTION('',(0.,1.88539642095041E-13,-1.));
#6190=DIRECTION('',(0.,1.,1.88539640713983E-13));
#6191=DIRECTION('',(-1.,1.50179892888445E-15,3.53367830198367E-30));
#6192=DIRECTION('',(-0.707106781186547,-0.707106781186548,-1.66379655878465E-15));
#6193=DIRECTION('',(0.,1.,2.35296365846293E-15));
#6194=DIRECTION('',(1.,0.,0.));
#6195=DIRECTION('',(0.,2.35296365846293E-15,-1.));
#6196=DIRECTION('',(0.,1.,2.35296265978235E-15));
#6197=DIRECTION('',(-1.,0.,0.));
#6198=DIRECTION('',(0.,0.,1.));
#6199=DIRECTION('',(-1.,0.,0.));
#6200=DIRECTION('',(0.,0.,1.));
#6201=DIRECTION('',(1.,-1.50179892888445E-15,0.));
#6202=DIRECTION('',(1.,0.,0.));
#6203=DIRECTION('',(0.,-1.,0.));
#6204=DIRECTION('',(0.707106781186547,0.707106781186548,0.));
#6205=DIRECTION('',(0.,0.,1.));
#6206=DIRECTION('',(1.,0.,0.));
#6207=DIRECTION('',(-1.,0.,0.));
#6208=DIRECTION('',(0.,0.,1.));
#6209=DIRECTION('',(-1.,0.,0.));
#6210=DIRECTION('',(0.,0.,1.));
#6211=DIRECTION('',(-1.,5.9211894646675E-15,-1.48029736616688E-15));
#6212=DIRECTION('',(0.,0.,-1.));
#6213=DIRECTION('',(-1.50179892888445E-15,-1.,0.));
#6214=DIRECTION('',(1.,-1.5017826392183E-15,0.));
#6215=DIRECTION('',(0.,0.,1.));
#6216=DIRECTION('',(-0.707106781186548,0.707106781186547,0.));
#6217=DIRECTION('',(-0.707106781186547,-0.707106781186548,-2.09345661157839E-15));
#6218=DIRECTION('',(0.707106781186548,-0.707106781186547,0.));
#6219=DIRECTION('',(0.707106781186547,0.707106781186548,0.));
#6220=DIRECTION('',(0.,0.,-1.));
#6221=DIRECTION('',(0.,0.,1.));
#6222=DIRECTION('',(-0.707106781186548,0.707106781186547,0.));
#6223=DIRECTION('',(-0.707106781186547,-0.707106781186548,-2.09345661157839E-15));
#6224=DIRECTION('',(0.707106781186548,-0.707106781186547,0.));
#6225=DIRECTION('',(0.707106781186547,0.707106781186548,0.));
#6226=DIRECTION('',(1.,-5.9211894646675E-15,1.48029736616688E-15));
#6227=DIRECTION('',(-1.50179892888445E-15,-1.,0.));
#6228=DIRECTION('',(1.,-1.5017826392183E-15,0.));
#6229=DIRECTION('',(-1.,2.86807614694832E-16,-3.33066907387538E-16));
#6230=DIRECTION('',(-3.33066907387538E-16,-5.72118872612549E-18,1.));
#6231=DIRECTION('',(-1.,0.,-5.42101086242752E-16));
#6232=DIRECTION('',(-3.33066907387538E-16,-5.72118872612549E-18,1.));
#6233=DIRECTION('',(-1.,0.,-5.42101086242752E-16));
#6234=DIRECTION('',(1.,-4.27642353614751E-50,6.31088724176809E-30));
#6235=DIRECTION('',(0.,1.,0.));
#6236=DIRECTION('',(3.33066907387538E-16,5.72118872612549E-18,-1.));
#6237=DIRECTION('',(-4.70734562441066E-14,1.,5.74627151417317E-18));
#6238=DIRECTION('',(0.,-0.707106781186548,0.707106781186547));
#6239=DIRECTION('',(0.,-0.707106781186547,-0.707106781186548));
#6240=DIRECTION('',(0.,-6.44905224473552E-17,1.));
#6241=DIRECTION('',(0.,-6.44905224473552E-17,1.));
#6242=DIRECTION('',(0.,-1.,0.));
#6243=DIRECTION('',(0.,-0.707106781186549,-0.707106781186546));
#6244=DIRECTION('',(0.,-0.707106781186546,0.707106781186549));
#6245=DIRECTION('',(0.,-1.,-1.00929365875014E-16));
#6246=DIRECTION('',(0.,-1.,-1.00929365875014E-16));
#6247=DIRECTION('',(0.,0.,-1.));
#6248=DIRECTION('',(0.,-1.81938165573691E-15,-1.));
#6249=DIRECTION('',(0.,1.,0.));
#6250=DIRECTION('',(1.,0.,0.));
#6251=DIRECTION('',(0.,1.,-1.0842021724855E-16));
#6252=DIRECTION('',(1.,0.,0.));
#6253=DIRECTION('',(0.,0.,-1.));
#6254=DIRECTION('',(0.,1.,0.));
#6255=DIRECTION('',(-1.,0.,0.));
#6256=DIRECTION('',(-1.,0.,0.));
#6257=DIRECTION('',(0.,0.,1.));
#6258=DIRECTION('',(1.,0.,0.));
#6259=DIRECTION('',(-1.,0.,0.));
#6260=DIRECTION('',(0.,1.,6.12323399573677E-17));
#6261=DIRECTION('',(-1.,0.,0.));
#6262=DIRECTION('',(-1.,0.,0.));
#6263=DIRECTION('',(0.,1.,6.12323399573677E-17));
#6264=DIRECTION('',(-1.,0.,0.));
#6265=DIRECTION('',(0.,0.,1.));
#6266=DIRECTION('',(0.,-1.93224528386742E-15,-1.));
#6267=DIRECTION('',(1.,0.,0.));
#6268=DIRECTION('',(0.,1.,-6.12323399573677E-17));
#6269=DIRECTION('',(0.,-1.,0.));
#6270=DIRECTION('',(0.,1.81938165573538E-15,1.));
#6271=DIRECTION('',(1.,0.,0.));
#6272=DIRECTION('',(0.,1.,-1.08420217248552E-16));
#6273=DIRECTION('',(1.,0.,0.));
#6274=DIRECTION('',(0.,0.,-1.));
#6275=DIRECTION('',(0.,-3.79443312213626E-15,-1.));
#6276=DIRECTION('',(0.,-3.79443312213626E-15,-1.));
#6277=DIRECTION('',(0.,1.,-3.25260651745651E-15));
#6278=DIRECTION('',(-1.,3.70074341541719E-16,-1.85037170770859E-16));
#6279=DIRECTION('',(1.,0.,0.));
#6280=DIRECTION('',(0.,0.,-1.));
#6281=DIRECTION('',(-1.,0.,2.01858731750028E-16));
#6282=DIRECTION('',(1.,0.,0.));
#6283=DIRECTION('',(0.,0.,1.));
#6284=DIRECTION('',(-1.,5.9211894646675E-15,-1.48029736616688E-15));
#6285=DIRECTION('',(1.4811505088599E-15,9.77559335847533E-15,-1.));
#6286=DIRECTION('',(-1.,0.,0.));
#6287=DIRECTION('',(0.,3.79443312213626E-15,1.));
#6288=DIRECTION('',(1.,-4.27642353614751E-50,6.31088724176809E-30));
#6289=DIRECTION('',(0.,-1.,3.79443312213626E-15));
#6290=DIRECTION('',(0.,-3.79443312213626E-15,-1.));
#6291=DIRECTION('',(-1.,0.,1.45564838681678E-16));
#6292=DIRECTION('',(0.,-1.,-1.00929365875014E-16));
#6293=DIRECTION('',(-3.08148791101958E-32,-1.00929365875014E-16,1.));
#6294=DIRECTION('',(-3.02709246557953E-16,-1.,-1.009392222584E-16));
#6295=DIRECTION('',(1.,-4.51884212515964E-16,-4.93038065763132E-32));
#6296=DIRECTION('',(0.,1.,-4.93038065763132E-32));
#6297=DIRECTION('',(-1.,8.75811540203011E-47,-9.71551056909325E-15));
#6298=DIRECTION('',(0.,-1.,4.93038065763132E-32));
#6299=DIRECTION('',(4.93038065763132E-32,-4.93038065763132E-32,-1.));
#6300=DIRECTION('',(-1.,0.,0.));
#6301=DIRECTION('',(1.,2.59052039079198E-15,2.88657986402535E-15));
#6302=DIRECTION('',(0.,4.93038065763132E-32,-1.));
#6303=DIRECTION('',(4.51884212515964E-16,1.,4.93038065763132E-32));
#6304=DIRECTION('',(1.,-4.51881912964802E-16,0.));
#6305=DIRECTION('',(0.,0.,1.));
#6306=DIRECTION('',(-1.,1.3684555315672E-48,1.93082265152201E-16));
#6307=DIRECTION('',(-1.28292706084425E-49,-1.,0.));
#6308=DIRECTION('',(-1.,0.,-9.71553566764261E-15));
#6309=DIRECTION('',(1.,0.,0.));
#6310=DIRECTION('',(0.,0.,-1.));
#6311=DIRECTION('',(1.,-1.3684555315672E-48,-1.93082265152201E-16));
#6312=DIRECTION('',(-1.,1.3684555315672E-48,1.93082265152201E-16));
#6313=DIRECTION('',(0.,-1.,0.));
#6314=DIRECTION('',(0.,6.44905224473552E-17,-1.));
#6315=DIRECTION('',(2.86807614694832E-16,1.,6.44905224473552E-17));
#6316=DIRECTION('',(0.,-6.45100292628875E-17,1.));
#6317=DIRECTION('',(1.,0.,0.));
#6318=DIRECTION('',(0.,0.,-1.));
#6319=DIRECTION('',(-1.,1.3684555315672E-48,1.93082265152201E-16));
#6320=DIRECTION('',(0.,-1.,0.));
#6321=DIRECTION('',(1.,0.,0.));
#6322=DIRECTION('',(0.,0.,-1.));
#6323=DIRECTION('',(-1.,-1.48029736616684E-16,-3.55271367880042E-15));
#6324=DIRECTION('',(-3.25260651745651E-15,0.400000000000158,0.916515138991099));
#6325=DIRECTION('',(1.,0.,0.));
#6326=DIRECTION('',(0.,0.,-1.));
#6327=DIRECTION('',(-1.,0.,0.));
#6328=DIRECTION('',(0.,0.,1.));
#6329=DIRECTION('',(-1.,0.,0.));
#6330=DIRECTION('',(0.,0.,-1.));
#6331=DIRECTION('',(1.,0.,0.));
#6332=DIRECTION('',(0.,0.,-1.));
#6333=DIRECTION('',(1.,0.,0.));
#6334=DIRECTION('',(0.,0.,-1.));
#6335=DIRECTION('',(0.,-1.,0.));
#6336=DIRECTION('',(0.,0.,-1.));
#6337=DIRECTION('',(0.,-1.,0.));
#6338=DIRECTION('',(0.,0.,-1.));
#6339=DIRECTION('',(-3.09772049281573E-16,0.,1.));
#6340=DIRECTION('',(1.,0.,0.));
#6341=DIRECTION('',(0.,0.,-1.));
#6342=DIRECTION('',(-1.,0.,0.));
#6343=DIRECTION('',(0.,-1.,0.));
#6344=DIRECTION('',(0.,0.,-1.));
#6345=DIRECTION('',(0.,-1.,0.));
#6346=DIRECTION('',(3.09772049281573E-16,0.,-1.));
#6347=DIRECTION('',(0.,-1.,0.));
#6348=DIRECTION('',(-1.,0.,-3.09772049281573E-16));
#6349=DIRECTION('',(-3.09783665733421E-16,0.,1.));
#6350=DIRECTION('',(0.,-1.,0.));
#6351=DIRECTION('',(1.,0.,0.));
#6352=DIRECTION('',(0.,0.,-1.));
#6353=DIRECTION('',(-1.,0.,0.));
#6354=DIRECTION('',(0.,-1.,0.));
#6355=DIRECTION('',(0.,0.,1.));
#6356=DIRECTION('',(1.,0.,0.));
#6357=DIRECTION('',(0.,0.,-1.));
#6358=DIRECTION('',(-1.,0.,0.));
#6359=DIRECTION('',(0.,0.,1.));
#6360=DIRECTION('',(1.,0.,0.));
#6361=DIRECTION('',(0.,1.,0.));
#6362=DIRECTION('',(0.,0.,1.));
#6363=DIRECTION('',(0.,1.,0.));
#6364=DIRECTION('',(0.,0.,1.));
#6365=DIRECTION('',(0.,-1.,0.));
#6366=DIRECTION('',(0.,0.,-1.));
#6367=DIRECTION('',(-3.30423519233678E-17,0.,1.));
#6368=DIRECTION('',(-3.5527136788005E-18,0.,1.));
#6369=DIRECTION('',(-1.,0.,-3.5527136788005E-18));
#6370=DIRECTION('',(3.30423519233678E-17,0.,-1.));
#6371=DIRECTION('',(0.,-1.11022302462516E-15,1.));
#6372=DIRECTION('',(0.,1.,1.0842021724855E-15));
#6373=DIRECTION('',(3.30423519233678E-17,0.,-1.));
#6374=DIRECTION('',(-1.,0.,-3.30423519233678E-17));
#6375=DIRECTION('',(0.,0.,1.));
#6376=DIRECTION('',(-1.,0.,0.));
#6377=DIRECTION('',(0.,0.,-1.));
#6378=DIRECTION('',(0.,0.,1.));
#6379=DIRECTION('',(-1.,0.,0.));
#6380=DIRECTION('',(0.,0.,1.));
#6381=DIRECTION('',(0.,0.,1.));
#6382=DIRECTION('',(1.,0.,0.));
#6383=DIRECTION('',(0.,1.,0.));
#6384=DIRECTION('',(0.,0.,-1.));
#6385=DIRECTION('',(0.,1.,0.));
#6386=DIRECTION('',(0.,0.,1.));
#6387=DIRECTION('',(0.,1.,0.));
#6388=DIRECTION('',(0.,0.,1.));
#6389=DIRECTION('',(1.,0.,0.));
#6390=DIRECTION('',(3.30423519233678E-17,0.,-1.));
#6391=DIRECTION('',(0.,-1.,0.));
#6392=DIRECTION('',(0.,0.,-1.));
#6393=DIRECTION('',(0.,0.,1.));
#6394=DIRECTION('',(0.,-1.,0.));
#6395=DIRECTION('',(0.,0.,-1.));
#6396=DIRECTION('',(0.,-1.,0.));
#6397=DIRECTION('',(0.,-1.,0.));
#6398=DIRECTION('',(0.,-1.,0.));
#6399=DIRECTION('',(0.,0.,-1.));
#6400=DIRECTION('',(0.,1.,0.));
#6401=DIRECTION('',(0.,0.,1.));
#6402=DIRECTION('',(0.,1.,0.));
#6403=DIRECTION('',(0.,0.,1.));
#6404=DIRECTION('',(0.,1.,0.));
#6405=DIRECTION('',(0.,0.,1.));
#6406=DIRECTION('',(0.,-1.,0.));
#6407=DIRECTION('',(0.,-1.,0.));
#6408=DIRECTION('',(0.,0.,1.));
#6409=DIRECTION('',(0.,-1.,0.));
#6410=DIRECTION('',(0.,1.,0.));
#6411=DIRECTION('',(0.,0.,1.));
#6412=DIRECTION('',(-3.30423519233678E-17,0.,1.));
#6413=DIRECTION('',(-1.,0.,-3.30423519233678E-17));
#6414=DIRECTION('',(-3.30410612064957E-17,0.,1.));
#6415=DIRECTION('',(0.,0.,-1.));
#6416=DIRECTION('',(1.,0.,0.));
#6417=DIRECTION('',(0.,0.,-1.));
#6418=DIRECTION('',(0.,-1.,0.));
#6419=DIRECTION('',(0.,0.,-1.));
#6420=DIRECTION('',(0.,1.,0.));
#6421=DIRECTION('',(0.,0.,1.));
#6422=DIRECTION('',(-1.,0.,0.));
#6423=DIRECTION('',(0.,0.,-1.));
#6424=DIRECTION('',(1.,0.,0.));
#6425=DIRECTION('',(3.30423519233678E-17,0.,-1.));
#6426=DIRECTION('',(-1.,0.,0.));
#6427=DIRECTION('',(0.,0.,-1.));
#6428=DIRECTION('',(1.,0.,0.));
#6429=DIRECTION('',(-3.66042455095696E-15,-0.603916748136667,-0.797047402178838));
#6430=DIRECTION('',(0.,-0.797047402178837,0.603916748136667));
#6431=DIRECTION('',(0.,0.,1.));
#6432=DIRECTION('',(1.,0.,0.));
#6433=DIRECTION('',(2.77552417334034E-15,-0.603916748136668,-0.797047402178837));
#6434=DIRECTION('',(0.,0.797047402178837,-0.603916748136668));
#6435=DIRECTION('',(0.,-1.,0.));
#6436=DIRECTION('',(0.,0.,1.));
#6437=DIRECTION('',(0.,-1.,0.));
#6438=DIRECTION('',(0.,0.,1.));
#6439=DIRECTION('',(0.,-1.,0.));
#6440=DIRECTION('',(0.,0.,-1.));
#6441=DIRECTION('',(0.,1.,0.));
#6442=DIRECTION('',(0.,4.79342212950276E-16,1.));
#6443=DIRECTION('',(0.,-1.,0.));
#6444=DIRECTION('',(0.,0.,-1.));
#6445=DIRECTION('',(0.,-1.,0.));
#6446=DIRECTION('',(0.,0.,-1.));
#6447=DIRECTION('',(0.,1.,0.));
#6448=DIRECTION('',(0.,0.,1.));
#6449=DIRECTION('',(0.,0.,1.));
#6450=DIRECTION('',(1.,0.,0.));
#6451=DIRECTION('',(-0.777168756183688,0.,-0.62929224086421));
#6452=DIRECTION('',(-0.62929224086421,0.,0.777168756183688));
#6453=DIRECTION('',(-0.777168756183688,0.,0.629292240864211));
#6454=DIRECTION('',(0.62929224086421,0.,0.777168756183688));
#6455=DIRECTION('',(0.,1.,0.));
#6456=DIRECTION('',(0.,0.,1.));
#6457=DIRECTION('',(1.51109198333717E-17,9.33394740240249E-17,-1.));
#6458=DIRECTION('',(0.,1.,9.33394740240249E-17));
#6459=DIRECTION('',(0.,-1.,0.));
#6460=DIRECTION('',(0.,0.,-1.));
#6461=DIRECTION('',(0.,1.,0.));
#6462=DIRECTION('',(0.,-2.7408565074031E-16,1.));
#6463=DIRECTION('',(-1.,2.3994446177332E-16,-4.93038065763132E-32));
#6464=DIRECTION('',(0.,-6.44905224473552E-17,-1.));
#6465=DIRECTION('',(1.,-2.79716948691016E-16,2.69630192214213E-33));
#6466=DIRECTION('',(-2.71732908125016E-16,6.21103790000037E-16,-1.));
#6467=DIRECTION('',(2.79716948691016E-16,1.,-6.44905224473552E-17));
#6468=DIRECTION('',(0.,6.45100292628875E-17,1.));
#6469=DIRECTION('',(1.,-1.28292706084425E-49,-4.93038065763132E-32));
#6470=DIRECTION('',(1.,0.,0.));
#6471=DIRECTION('',(0.,0.,-1.));
#6472=DIRECTION('',(-1.,1.28292706084425E-49,4.93038065763132E-32));
#6473=DIRECTION('',(-1.,-1.28292706084425E-49,0.));
#6474=DIRECTION('',(0.,1.,-4.87890977618477E-16));
#6475=DIRECTION('',(-1.,1.28292706084425E-49,4.93038065763132E-32));
#6476=DIRECTION('',(0.,0.707106781186548,-0.707106781186548));
#6477=DIRECTION('',(0.,6.44905224473552E-17,-1.));
#6478=DIRECTION('',(1.,-1.3684555315672E-48,-1.93082265152201E-16));
#6479=DIRECTION('',(-3.23278062981477E-17,6.44905224473552E-17,-1.));
#6480=DIRECTION('',(-1.,0.,1.45564838681678E-16));
#6481=DIRECTION('',(2.86807614694832E-16,1.,6.44905224473552E-17));
#6482=DIRECTION('',(0.,-6.45100292628875E-17,1.));
#6483=DIRECTION('',(0.,1.,1.00929365875014E-16));
#6484=DIRECTION('',(-0.448128754582428,0.893969025926739,9.022772689869E-17));
#6485=DIRECTION('',(-1.28292706084425E-49,-1.,0.));
#6486=DIRECTION('',(-3.08148791101958E-32,-1.00929365875014E-16,1.));
#6487=DIRECTION('',(-3.02709246557953E-16,-1.,-1.009392222584E-16));
#6488=DIRECTION('',(0.,1.,-4.93038065763132E-32));
#6489=DIRECTION('',(-1.28292706084425E-49,-1.,0.));
#6490=DIRECTION('',(-4.93038065763132E-32,4.93038065763132E-32,1.));
#6491=DIRECTION('',(1.,0.,0.));
#6492=DIRECTION('',(-1.,0.,0.));
#6493=DIRECTION('',(0.,0.,-1.));
#6494=DIRECTION('',(-1.,1.28292706084425E-49,4.93038065763132E-32));
#6495=DIRECTION('',(-1.,-1.28292706084425E-49,0.));
#6496=DIRECTION('',(0.,-4.00790511889682E-14,1.));
#6497=DIRECTION('',(0.893969025926739,0.448128754582427,-6.16297582203915E-33));
#6498=DIRECTION('',(0.448128754582427,-0.893969025926739,-8.652571501461E-17));
#6499=DIRECTION('',(-1.,1.3684555315672E-48,1.93082265152201E-16));
#6500=DIRECTION('',(0.,-1.,0.));
#6501=DIRECTION('',(-1.,1.28292706084425E-49,4.93038065763132E-32));
#6502=DIRECTION('',(0.,1.,0.));
#6503=DIRECTION('',(-1.,5.9211894646675E-15,-1.48029736616688E-15));
#6504=DIRECTION('',(1.4811505088599E-15,9.77559335847533E-15,-1.));
#6505=DIRECTION('',(1.,0.,0.));
#6506=DIRECTION('',(0.,2.77555756156289E-16,-1.));
#6507=DIRECTION('',(1.,-2.77555756156289E-16,6.44905224473553E-17));
#6508=DIRECTION('',(0.,1.,0.));
#6509=DIRECTION('',(1.,-2.77555756156289E-16,6.44905224473553E-17));
#6510=DIRECTION('',(6.46184494801361E-17,0.,-1.));
#6511=DIRECTION('',(1.,-1.28292706084425E-49,-4.93038065763132E-32));
#6512=DIRECTION('',(0.,1.,-2.30926389122033E-14));
#6513=DIRECTION('',(-1.,-1.28292706084425E-49,0.));
#6514=DIRECTION('',(-1.,-1.28292706084425E-49,0.));
#6515=DIRECTION('',(0.,-0.680771395094037,0.73249594375786));
#6516=DIRECTION('',(1.,-1.3684555315672E-48,-1.83697019872103E-16));
#6517=DIRECTION('',(0.,0.,1.));
#6518=DIRECTION('',(1.34815096107107E-32,-5.92118946466718E-15,-1.));
#6519=DIRECTION('',(-4.93038065763132E-32,4.93038065763132E-32,1.));
#6520=DIRECTION('',(0.,1.,-6.12323399573676E-17));
#6521=DIRECTION('',(0.,-6.1257422745431E-17,-1.));
#6522=DIRECTION('',(1.,-1.28292706084425E-49,-4.93038065763132E-32));
#6523=DIRECTION('',(0.,0.,-1.));
#6524=DIRECTION('',(-1.,0.,0.));
#6525=DIRECTION('',(0.,2.77555756156289E-16,-1.));
#6526=DIRECTION('',(1.,-1.28292706084425E-49,-4.93038065763132E-32));
#6527=DIRECTION('',(0.,0.,-1.));
#6528=DIRECTION('',(-1.,2.83262281692924E-16,0.));
#6529=DIRECTION('',(0.,1.,0.));
#6530=DIRECTION('',(1.,-2.83262281692924E-16,0.));
#6531=DIRECTION('',(0.,0.,-1.));
#6532=DIRECTION('',(0.,0.,1.));
#6533=DIRECTION('',(1.,-2.83262281692924E-16,0.));
#6534=DIRECTION('',(0.,1.,0.));
#6535=DIRECTION('',(0.,0.,1.));
#6536=DIRECTION('',(1.,-2.83262281692924E-16,0.));
#6537=DIRECTION('',(0.,-1.,0.));
#6538=DIRECTION('',(0.,0.,1.));
#6539=DIRECTION('',(-1.,2.83262281692924E-16,0.));
#6540=DIRECTION('',(0.,0.,1.));
#6541=DIRECTION('',(-1.,-1.46796155478214E-14,8.49209114763572E-17));
#6542=DIRECTION('',(1.42190448850558E-14,-1.,0.));
#6543=DIRECTION('',(-1.,-6.12323399576288E-17,-1.29653844823109E-14));
#6544=DIRECTION('',(1.29653844823109E-14,-2.75106609189889E-14,-1.));
#6545=DIRECTION('',(-1.,2.99930577216649E-16,0.));
#6546=DIRECTION('',(0.,1.,0.));
#6547=DIRECTION('',(1.,-2.99930577216649E-16,0.));
#6548=DIRECTION('',(0.,1.,0.));
#6549=DIRECTION('',(-0.893969025926739,-0.448128754582427,0.));
#6550=DIRECTION('',(-0.448128754582427,0.893969025926739,-2.89322752662731E-14));
#6551=DIRECTION('',(-0.893969025926739,-0.448128754582427,0.));
#6552=DIRECTION('',(-0.448128754582427,0.893969025926739,0.));
#6553=DIRECTION('',(0.893969025926739,0.448128754582427,0.));
#6554=DIRECTION('',(0.448128754582428,-0.893969025926739,-3.00296896724173E-16));
#6555=DIRECTION('',(1.,1.46796155478214E-14,-8.49209114763572E-17));
#6556=DIRECTION('',(1.42190448850558E-14,-1.,0.));
#6557=DIRECTION('',(-1.,-6.12323399576288E-17,-1.29653844823109E-14));
#6558=DIRECTION('',(1.29653844823109E-14,-2.75106609189889E-14,-1.));
#6559=DIRECTION('',(1.,1.46796155478214E-14,-8.49209114763572E-17));
#6560=DIRECTION('',(0.,0.,-1.));
#6561=DIRECTION('',(-1.,-1.46796155478214E-14,8.49209114763572E-17));
#6562=DIRECTION('',(-1.48685963191325E-14,1.,-1.54931599336609E-13));
#6563=DIRECTION('',(1.,1.46796155478214E-14,-8.49209114763572E-17));
#6564=DIRECTION('',(0.,0.,-1.));
#6565=DIRECTION('',(1.,1.46796155478214E-14,-8.49209114763572E-17));
#6566=DIRECTION('',(-1.46906362569101E-14,1.,-1.54931599336609E-13));
#6567=DIRECTION('',(-1.,-1.46796155478214E-14,8.49209114763572E-17));
#6568=DIRECTION('',(1.42190448850558E-14,-1.,0.));
#6569=DIRECTION('',(-1.,-1.46796155478214E-14,8.49209114763572E-17));
#6570=DIRECTION('',(-1.47327237757968E-14,1.,-1.54931599336609E-13));
#6571=DIRECTION('',(1.,1.46796155478214E-14,-8.49209114763572E-17));
#6572=DIRECTION('',(1.42190448850558E-14,-1.,0.));
#6573=DIRECTION('',(-1.,-6.12323399576288E-17,-1.29653844823109E-14));
#6574=DIRECTION('',(1.29653844823109E-14,-2.75106609189889E-14,-1.));
#6575=DIRECTION('',(1.,1.46796155478214E-14,-8.49209114763572E-17));
#6576=DIRECTION('',(0.,0.,-1.));
#6577=DIRECTION('',(-1.,-1.46796155478214E-14,8.49209114763572E-17));
#6578=DIRECTION('',(-1.47778442829985E-14,1.,-1.5476045931716E-13));
#6579=DIRECTION('',(1.,1.46796155478214E-14,-8.49209114763572E-17));
#6580=DIRECTION('',(0.,0.,-1.));
#6581=DIRECTION('',(1.,1.46796155478214E-14,-8.49209114763572E-17));
#6582=DIRECTION('',(-1.47019179700571E-14,1.,-1.5476045931716E-13));
#6583=DIRECTION('',(-1.,-1.46796155478214E-14,8.49209114763572E-17));
#6584=DIRECTION('',(-1.46578920002809E-14,1.,-1.5476045931716E-13));
#6585=DIRECTION('',(1.,-2.99930577216649E-16,0.));
#6586=DIRECTION('',(0.,1.,0.));
#6587=DIRECTION('',(1.,-2.99930577216649E-16,0.));
#6588=DIRECTION('',(0.,1.,0.));
#6589=DIRECTION('',(1.,-2.3994446177332E-16,0.));
#6590=DIRECTION('',(0.,0.,-1.));
#6591=DIRECTION('',(-1.,2.3994446177332E-16,0.));
#6592=DIRECTION('',(1.23038748253632E-16,1.,-1.16179072868776E-13));
#6593=DIRECTION('',(1.,-2.3994446177332E-16,0.));
#6594=DIRECTION('',(0.,0.,-1.));
#6595=DIRECTION('',(1.,-2.3994446177332E-16,0.));
#6596=DIRECTION('',(1.73712087499873E-16,1.,-1.16179098341572E-13));
#6597=DIRECTION('',(-1.,2.99930577216649E-16,0.));
#6598=DIRECTION('',(0.,1.,0.));
#6599=DIRECTION('',(-1.,2.3994446177332E-16,0.));
#6600=DIRECTION('',(2.26547132711038E-16,1.,-1.16179083453585E-13));
#6601=DIRECTION('',(1.,-2.99930577216649E-16,0.));
#6602=DIRECTION('',(0.,1.,0.));
#6603=DIRECTION('',(1.,-2.99930577216649E-16,0.));
#6604=DIRECTION('',(0.,1.,0.));
#6605=DIRECTION('',(1.,-2.3994446177332E-16,0.));
#6606=DIRECTION('',(0.,0.,-1.));
#6607=DIRECTION('',(-1.,2.3994446177332E-16,0.));
#6608=DIRECTION('',(1.68348227513345E-16,1.,-1.16179099838792E-13));
#6609=DIRECTION('',(1.,-2.3994446177332E-16,0.));
#6610=DIRECTION('',(0.,0.,-1.));
#6611=DIRECTION('',(1.,-2.3994446177332E-16,0.));
#6612=DIRECTION('',(1.7788513384807E-16,1.,-1.16179065475873E-13));
#6613=DIRECTION('',(-1.,2.3994446177332E-16,0.));
#6614=DIRECTION('',(2.52062760696596E-16,1.,-1.16179059171461E-13));
#6615=DIRECTION('',(1.,0.,0.));
#6616=DIRECTION('',(9.88347624875576E-16,2.77555756156289E-16,-1.));
#6617=DIRECTION('',(1.27988878160469E-30,1.,1.55431223447522E-14));
#6618=DIRECTION('',(-6.12303176911204E-17,1.55431223447522E-14,-1.));
#6619=DIRECTION('',(0.,0.,1.));
#6620=DIRECTION('',(1.,0.,0.));
#6621=DIRECTION('',(0.,0.,1.));
#6622=DIRECTION('',(1.,0.,0.));
#6623=DIRECTION('',(2.74461534241835E-30,2.34291072916505E-15,-1.));
#6624=DIRECTION('',(-1.17145536458252E-15,-1.,-2.34291072916505E-15));
#6625=DIRECTION('',(0.,0.,1.));
#6626=DIRECTION('',(1.,0.,0.));
#6627=CARTESIAN_POINT('',(0.,0.,0.));
#6628=CARTESIAN_POINT('',(2.23367096565518E-16,-0.152832891616652,0.42));
#6629=CARTESIAN_POINT('',(2.23367096565518E-16,-0.152832891616652,0.237000000000041));
#6630=CARTESIAN_POINT('',(2.32725103072858E-16,0.01732547,0.42));
#6631=CARTESIAN_POINT('',(-0.150202938022977,0.01732547,0.524537445010153));
#6632=CARTESIAN_POINT('',(0.150202938022977,0.01732547,0.524537445010153));
#6633=CARTESIAN_POINT('',(-0.150202938022977,0.01732547,0.524537445010153));
#6634=CARTESIAN_POINT('',(-0.14923668741736,0.01732547,0.525925786573466));
#6635=CARTESIAN_POINT('',(-0.148235707813248,0.0170322746131455,0.527320598604814));
#6636=CARTESIAN_POINT('',(-0.147290648929776,0.0164620319246048,0.528602323814136));
#6637=CARTESIAN_POINT('',(-0.146491080086167,0.0159795770267921,0.529686729835141));
#6638=CARTESIAN_POINT('',(-0.145710033615693,0.0152853866386318,0.530719664305275));
#6639=CARTESIAN_POINT('',(-0.145025997155705,0.014396538067773,0.531608512898667));
#6640=CARTESIAN_POINT('',(-0.145025997206164,0.0143965378118655,0.531608512822019));
#6641=CARTESIAN_POINT('',(2.40440432353856E-16,0.126005050633884,0.42));
#6642=CARTESIAN_POINT('',(0.145025997206164,0.0143965378118655,0.531608512822018));
#6643=CARTESIAN_POINT('',(0.145025997206164,0.0143965378118655,0.531608512822018));
#6644=CARTESIAN_POINT('',(0.145838553034999,0.0154523866569295,0.530552663976954));
#6645=CARTESIAN_POINT('',(0.146789241773894,0.0162342313508791,0.529291244952895));
#6646=CARTESIAN_POINT('',(0.147751135163628,0.0167160594954963,0.527975006643142));
#6647=CARTESIAN_POINT('',(0.148555764839318,0.0171191116714235,0.526873965284908));
#6648=CARTESIAN_POINT('',(0.149390612978373,0.0173254700061335,0.525704621119971));
#6649=CARTESIAN_POINT('',(0.150202938022219,0.0173254700063397,0.52453744501192));
#6650=CARTESIAN_POINT('',(2.02145180503834E-16,-0.499424528928404,0.42));
#6651=CARTESIAN_POINT('',(0.,0.0173254700000003,0.));
#6652=CARTESIAN_POINT('',(-0.075,0.0173254700000003,0.));
#6653=CARTESIAN_POINT('',(2.32725103072858E-16,0.01732547,0.42));
#6654=CARTESIAN_POINT('',(-0.199240865764816,0.01732547,0.524537445010153));
#6655=CARTESIAN_POINT('',(-0.224999999999921,0.01732547,0.42));
#6656=CARTESIAN_POINT('',(2.37529390241741E-16,0.01732547,0.524537445010153));
#6657=CARTESIAN_POINT('',(2.37529390241741E-16,0.01732547,0.524537445010153));
#6658=CARTESIAN_POINT('',(0.199240865764817,0.01732547,0.524537445010153));
#6659=CARTESIAN_POINT('',(2.32725103072858E-16,0.01732547,0.42));
#6660=CARTESIAN_POINT('',(0.224999999999921,0.01732547,0.42));
#6661=CARTESIAN_POINT('',(0.224999999999921,0.01732547,0.42));
#6662=CARTESIAN_POINT('',(0.224999999999921,0.01732547,0.0220279720287979));
#6663=CARTESIAN_POINT('',(0.000513986013985999,0.01732547,0.000513986013985988));
#6664=CARTESIAN_POINT('',(-0.186166905978831,0.01732547,-0.126005050633884));
#6665=CARTESIAN_POINT('',(1.88084943739499E-16,0.01732547,-0.126005050633884));
#6666=CARTESIAN_POINT('',(-0.186407422638469,0.01732547,-0.126005050633884));
#6667=CARTESIAN_POINT('',(0.,0.01732547,0.));
#6668=CARTESIAN_POINT('',(-0.224999999999921,0.01732547,0.));
#6669=CARTESIAN_POINT('',(-0.224999999999921,0.01732547,0.));
#6670=CARTESIAN_POINT('',(-0.224999999999921,0.01732547,0.000342657354170048));
#6671=CARTESIAN_POINT('',(-0.224999999999921,0.01732547,0.000685314708340097));
#6672=CARTESIAN_POINT('',(-0.224999999999921,0.01732547,0.00102797206251014));
#6673=CARTESIAN_POINT('',(-0.224999999999921,0.01732547,0.00102797206251011));
#6674=CARTESIAN_POINT('',(-0.224999999999921,0.01732547,0.42));
#6675=CARTESIAN_POINT('',(2.32725103072858E-16,0.01732547,0.602999999999959));
#6676=CARTESIAN_POINT('',(2.40440432353856E-16,0.126005050633884,0.42));
#6677=CARTESIAN_POINT('',(0.195367704254367,0.0143965378118655,0.531608512822018));
#6678=CARTESIAN_POINT('',(-0.195367704254367,0.0143965378118655,0.531608512822019));
#6679=CARTESIAN_POINT('',(-0.195367704254367,0.0143965378118655,0.531608512822019));
#6680=CARTESIAN_POINT('',(-0.19586685069767,0.0152702802554229,0.530734770378461));
#6681=CARTESIAN_POINT('',(-0.196446194555533,0.0159684984907524,0.52970611887762));
#6682=CARTESIAN_POINT('',(-0.197045250515893,0.0164544252686017,0.528619377873453));
#6683=CARTESIAN_POINT('',(-0.197642725571549,0.0169390696889092,0.527535504771585));
#6684=CARTESIAN_POINT('',(-0.198276026945962,0.0172271950607394,0.526364363709397));
#6685=CARTESIAN_POINT('',(-0.198896387035496,0.0173040653050842,0.525191383793939));
#6686=CARTESIAN_POINT('',(-0.199011426568394,0.0173183201179781,0.524973866478031));
#6687=CARTESIAN_POINT('',(-0.199126349716699,0.01732547,0.524755704377107));
#6688=CARTESIAN_POINT('',(-0.199240865764816,0.01732547,0.524537445010153));
#6689=CARTESIAN_POINT('',(-0.224999999999921,-0.5,0.42));
#6690=CARTESIAN_POINT('',(-0.224999999999921,-0.505,0.41999999999964));
#6691=CARTESIAN_POINT('',(-0.224999999999921,-0.505,0.42));
#6692=CARTESIAN_POINT('',(-0.224999999999921,-0.505,0.537809724509576));
#6693=CARTESIAN_POINT('',(-0.117809724509576,-0.505,0.644999999999921));
#6694=CARTESIAN_POINT('',(0.117809724509576,-0.505,0.644999999999921));
#6695=CARTESIAN_POINT('',(0.224999999999921,-0.505,0.537809724509576));
#6696=CARTESIAN_POINT('',(0.224999999999921,-0.505,0.42));
#6697=CARTESIAN_POINT('',(0.224999999999921,-0.505,0.42));
#6698=CARTESIAN_POINT('',(0.224999999999921,-0.5,0.42));
#6699=CARTESIAN_POINT('',(0.199240865764817,0.01732547,0.524537445010153));
#6700=CARTESIAN_POINT('',(0.198582311564013,0.01732547,0.525792602041286));
#6701=CARTESIAN_POINT('',(0.197902068885715,0.0170844620394282,0.527058687520238));
#6702=CARTESIAN_POINT('',(0.197258233145552,0.0166179108950793,0.528232109174032));
#6703=CARTESIAN_POINT('',(0.196582658859948,0.0161283606319,0.529463375855924));
#6704=CARTESIAN_POINT('',(0.195924770477855,0.0153716672750994,0.530633383358785));
#6705=CARTESIAN_POINT('',(0.195367704254367,0.0143965378118655,0.531608512822018));
#6706=CARTESIAN_POINT('',(2.02145180503834E-16,-0.499424528928404,0.42));
#6707=CARTESIAN_POINT('',(0.224999999999921,-0.5,0.));
#6708=CARTESIAN_POINT('',(0.224999999999921,-0.459369136889803,0.));
#6709=CARTESIAN_POINT('',(0.224999999999921,-0.505000000002422,1.51373358292517E-12));
#6710=CARTESIAN_POINT('',(0.224999999999921,-0.459369136889803,0.42));
#6711=CARTESIAN_POINT('',(0.224999999999921,-0.459369136889803,0.0220279720287979));
#6712=CARTESIAN_POINT('',(0.224999999999921,-4.70195113820905,0.0220279720287979));
#6713=CARTESIAN_POINT('',(0.224999999999921,-0.505,0.42));
#6714=CARTESIAN_POINT('',(0.224999999999921,-0.5,0.42));
#6715=CARTESIAN_POINT('',(-0.224999999999921,-0.459369136889803,0.00102797206251014));
#6716=CARTESIAN_POINT('',(-0.224999999999921,-0.459369136889803,0.000685314708340097));
#6717=CARTESIAN_POINT('',(-0.224999999999921,-0.459369136889803,0.000342657354170048));
#6718=CARTESIAN_POINT('',(-0.224999999999921,-0.459369136889803,0.));
#6719=CARTESIAN_POINT('',(-0.224999999999921,-0.459369136889803,0.00102797206251011));
#6720=CARTESIAN_POINT('',(-0.224999999999921,-0.459369136889803,-3.46538300442442E-11));
#6721=CARTESIAN_POINT('',(-0.224999999999921,-0.5,0.));
#6722=CARTESIAN_POINT('',(-0.224999999999921,-0.505,0.));
#6723=CARTESIAN_POINT('',(-0.224999999999921,-0.505,0.));
#6724=CARTESIAN_POINT('',(-0.224999999999921,-4.70195113820905,0.00102797206251011));
#6725=CARTESIAN_POINT('',(-0.224999999999921,-0.5,0.42));
#6726=CARTESIAN_POINT('',(-3.46644519729281E-11,-0.221021833444902,-0.224999999999921));
#6727=CARTESIAN_POINT('',(-3.46644371193583E-11,-0.459369136889803,-0.224999999999921));
#6728=CARTESIAN_POINT('',(-3.46644519729281E-11,-0.098994949366037,-0.224999999999921));
#6729=CARTESIAN_POINT('',(-2.81273181892582E-17,-0.459369136889803,0.));
#6730=CARTESIAN_POINT('',(0.224998535382155,-0.687226830834906,0.000811834865914773));
#6731=CARTESIAN_POINT('',(0.224969263024421,-0.604475163641119,0.00892461480888086));
#6732=CARTESIAN_POINT('',(0.224999999999504,-0.620059919059373,0.046383995736804));
#6733=CARTESIAN_POINT('',(0.22499999999992,-0.505000000005031,2.02783733539153E-12));
#6734=CARTESIAN_POINT('',(0.224998535382155,-0.687226830834903,0.000811834865893924));
#6735=CARTESIAN_POINT('',(0.224998535382155,-0.687226830834904,0.000811834865893888));
#6736=CARTESIAN_POINT('',(0.225000420563826,-0.692611578560711,0.000289360243668833));
#6737=CARTESIAN_POINT('',(0.225000420563813,-0.698344144540748,0.000289360239759854));
#6738=CARTESIAN_POINT('',(0.224998535382198,-0.704424528775015,0.000811834854167245));
#6739=CARTESIAN_POINT('',(0.22499850972929,-0.70442452887727,0.000811834761315248));
#6740=CARTESIAN_POINT('',(-4.72870418468261E-16,-0.704424528928398,-7.21644966006352E-16));
#6741=CARTESIAN_POINT('',(-0.224996223513238,-0.7044245287686,0.00128881142625092));
#6742=CARTESIAN_POINT('',(-0.224996308778196,-0.7044245287686,0.00128881191466119));
#6743=CARTESIAN_POINT('',(-0.22500111734767,-0.698422334757805,0.000449348553182371));
#6744=CARTESIAN_POINT('',(-0.225001117347715,-0.692775286862105,0.000449348561407519));
#6745=CARTESIAN_POINT('',(-0.224996308778054,-0.6874833850815,0.00128881193933505));
#6746=CARTESIAN_POINT('',(-0.224996308778054,-0.6874833850815,0.00128881193933494));
#6747=CARTESIAN_POINT('',(-0.224996308778054,-0.68748338508151,0.0012888119393924));
#6748=CARTESIAN_POINT('',(-0.224941259692548,-0.627818343650006,0.0108990899495892));
#6749=CARTESIAN_POINT('',(-0.224999999999921,-0.651117667345441,0.101679314758566));
#6750=CARTESIAN_POINT('',(-0.224999999999921,-0.505,5.05845365594659E-16));
#6751=CARTESIAN_POINT('',(-0.224999999999921,-0.5,0.));
#6752=CARTESIAN_POINT('',(-0.186407422638469,0.,-0.126005050633884));
#6753=CARTESIAN_POINT('',(-0.18628716430865,5.69952939832824E-18,-0.126005050633884));
#6754=CARTESIAN_POINT('',(7.71532928099799E-18,0.126005050633884,0.));
#6755=CARTESIAN_POINT('',(-3.0579922569024E-17,-0.499424528928404,0.));
#6756=CARTESIAN_POINT('',(-0.186166905978831,-4.70195113820905,-0.126005050633884));
#6757=CARTESIAN_POINT('',(-1.8920987049993E-17,0.,-0.126005050633884));
#6758=CARTESIAN_POINT('',(2.32725103072858E-16,-0.459369136889803,0.42));
#6759=CARTESIAN_POINT('',(0.183,-0.459369136889803,0.42));
#6760=CARTESIAN_POINT('',(2.07030756219763E-16,-0.419634387375085,0.42));
#6761=CARTESIAN_POINT('',(2.07030756219763E-16,-0.419634387375085,0.602999999999959));
#6762=CARTESIAN_POINT('',(2.02145180503834E-16,-0.499424528928404,0.42));
#6763=CARTESIAN_POINT('',(2.32725103072858E-16,-0.409634387375085,0.42));
#6764=CARTESIAN_POINT('',(2.32725103072858E-16,-0.409634387375085,0.237));
#6765=CARTESIAN_POINT('',(2.11525107331173E-16,-0.346233639495868,0.42));
#6766=CARTESIAN_POINT('',(2.11525107331173E-16,-0.346233639495868,0.602999999999959));
#6767=CARTESIAN_POINT('',(2.02145180503834E-16,-0.499424528928404,0.42));
#6768=CARTESIAN_POINT('',(2.32725103072858E-16,-0.336233639495868,0.42));
#6769=CARTESIAN_POINT('',(2.32725103072858E-16,-0.336233639495868,0.237));
#6770=CARTESIAN_POINT('',(2.18260442277196E-16,-0.236233639495869,0.42));
#6771=CARTESIAN_POINT('',(2.18260442277196E-16,-0.236233639495869,0.602999999999959));
#6772=CARTESIAN_POINT('',(2.02145180503834E-16,-0.499424528928404,0.42));
#6773=CARTESIAN_POINT('',(2.22754793388606E-16,-0.162832891616652,0.42));
#6774=CARTESIAN_POINT('',(2.22754793388606E-16,-0.162832891616652,0.602999999999959));
#6775=CARTESIAN_POINT('',(2.18872745454107E-16,-0.226233639495869,0.42));
#6776=CARTESIAN_POINT('',(2.18872745454107E-16,-0.226233639495869,0.237000000000041));
#6777=CARTESIAN_POINT('',(2.02145180503834E-16,-0.499424528928404,0.42));
#6778=CARTESIAN_POINT('',(3.44460226744919E-16,-0.505,0.52));
#6779=CARTESIAN_POINT('',(-0.0523598775598296,-0.505,0.52));
#6780=CARTESIAN_POINT('',(-0.0999999999999998,-0.505,0.47235987755983));
#6781=CARTESIAN_POINT('',(-0.0999999999999998,-0.505,0.42));
#6782=CARTESIAN_POINT('',(3.50662410309927E-16,-0.505,0.52));
#6783=CARTESIAN_POINT('',(-0.0999999999999998,-0.505,0.42));
#6784=CARTESIAN_POINT('',(-0.0999999999999998,-0.505,0.42));
#6785=CARTESIAN_POINT('',(-0.0999999999999998,-0.505,0.31528024488034));
#6786=CARTESIAN_POINT('',(0.1,-0.505,0.31528024488034));
#6787=CARTESIAN_POINT('',(0.1,-0.505,0.42));
#6788=CARTESIAN_POINT('',(0.1,-0.505,0.419999999999998));
#6789=CARTESIAN_POINT('',(0.1,-0.505,0.42));
#6790=CARTESIAN_POINT('',(0.1,-0.505,0.47235987755983));
#6791=CARTESIAN_POINT('',(0.0523598775598301,-0.505,0.52));
#6792=CARTESIAN_POINT('',(2.112334637899E-16,-0.505,0.52));
#6793=CARTESIAN_POINT('',(2.0790422203892E-16,-0.459369136889803,0.42));
#6794=CARTESIAN_POINT('',(-0.0999999999999998,-0.459369136889803,0.42));
#6795=CARTESIAN_POINT('',(2.73134040091003E-16,0.605949818029546,0.42));
#6796=CARTESIAN_POINT('',(0.000513986013985999,0.12651903664787,0.000513986013985988));
#6797=CARTESIAN_POINT('',(-3.0581187354153E-17,-0.18670973914726,-0.312714789781144));
#6798=CARTESIAN_POINT('',(2.26772782959605E-16,0.0143965378118655,0.531608512822019));
#6799=CARTESIAN_POINT('',(2.26772782959605E-16,0.0143965378118655,0.531608512822018));
#6800=CARTESIAN_POINT('',(2.02145180503834E-16,-0.18670973914726,0.732714789781144));
#6801=CARTESIAN_POINT('',(2.045977848836E-16,-0.459369136889803,0.598));
#6802=CARTESIAN_POINT('',(-3.061515884556E-17,-0.704424528928404,0.));
#6803=CARTESIAN_POINT('',(-0.0673877622622558,-0.704424528928209,-0.0189444075029866));
#6804=CARTESIAN_POINT('',(-0.0172875429739051,-0.704424528928209,0.067831717774791));
#6805=CARTESIAN_POINT('',(-3.061515884556E-17,-0.704424528928404,0.));
#6806=CARTESIAN_POINT('',(0.0172875429739073,-0.704424528928212,0.0678317177747904));
#6807=CARTESIAN_POINT('',(-3.061515884556E-17,-0.704424528928404,0.));
#6808=CARTESIAN_POINT('',(0.067387762262258,-0.704424528928209,-0.0189444075029788));
#6809=CARTESIAN_POINT('',(-3.061515884556E-17,-0.704424528928404,0.));
#6810=CARTESIAN_POINT('',(0.0501002192883576,-0.704424528928212,-0.0488873102718076));
#6811=CARTESIAN_POINT('',(-3.061515884556E-17,-0.704424528928404,0.));
#6812=CARTESIAN_POINT('',(-0.0501002192883588,-0.704424528928209,-0.0488873102718065));
#6813=CARTESIAN_POINT('',(-3.061515884556E-17,-0.704424528928404,0.));
#6814=CARTESIAN_POINT('',(-9.86797154657134E-18,-0.536324802305173,-0.0847068204213397));
#6815=CARTESIAN_POINT('',(0.09057070923379,-0.53632480026471,-0.0847068205998571));
#6816=CARTESIAN_POINT('',(0.0891707768040487,-0.516917556092102,0.0863985339991785));
#6817=CARTESIAN_POINT('',(6.00832904175177E-6,-0.516916524178648,0.0864048245270683));
#6818=CARTESIAN_POINT('',(-3.7926005111925E-17,-0.536324802305173,-0.0847068204213401));
#6819=CARTESIAN_POINT('',(-2.00336194292993E-17,-0.51691650440302,0.086404826466112));
#6820=CARTESIAN_POINT('',(-4.06381911636732E-14,-0.516916524143907,0.0864048247390082));
#6821=CARTESIAN_POINT('',(-0.0892105855384042,-0.516916524919872,0.0864048246710781));
#6822=CARTESIAN_POINT('',(-0.0906722093262965,-0.536324804347959,-0.084706820242619));
#6823=CARTESIAN_POINT('',(-3.061515884556E-17,-0.536324802305173,-0.0847068204213397));
#6824=CARTESIAN_POINT('',(-3.061515884556E-17,-0.704424528928404,0.));
#6825=CARTESIAN_POINT('',(0.175,-0.704424528928398,-5.62842927386823E-17));
#6826=CARTESIAN_POINT('',(0.175,-0.704424528928398,-0.0146931159271204));
#6827=CARTESIAN_POINT('',(0.173139812839683,-0.704424528928398,-0.0293852491139204));
#6828=CARTESIAN_POINT('',(0.169477891622777,-0.704424528928398,-0.0436147251636199));
#6829=CARTESIAN_POINT('',(0.175,-0.7044245289284,-2.08166817117217E-17));
#6830=CARTESIAN_POINT('',(0.166199947180053,-0.711660840339117,-0.0432054436830702));
#6831=CARTESIAN_POINT('',(0.0463227287395478,-0.704424528928398,0.168757828861722));
#6832=CARTESIAN_POINT('',(0.119614375257735,-0.704424528928398,0.148639834434816));
#6833=CARTESIAN_POINT('',(0.175,-0.704424528928398,0.0760026259356077));
#6834=CARTESIAN_POINT('',(0.175,-0.704424528928398,2.14313189850787E-17));
#6835=CARTESIAN_POINT('',(0.0463226303699134,-0.704424532352367,0.168757470463466));
#6836=CARTESIAN_POINT('',(0.0460203734908382,-0.70442437859961,0.168839261069809));
#6837=CARTESIAN_POINT('',(0.0461213712395399,-0.704424186553214,0.168812681153674));
#6838=CARTESIAN_POINT('',(0.0462221609208494,-0.704424279251421,0.168785541274697));
#6839=CARTESIAN_POINT('',(0.0463227340132995,-0.704424660975404,0.168757848127901));
#6840=CARTESIAN_POINT('',(0.0460204824452898,-0.704424528928398,0.168839682358594));
#6841=CARTESIAN_POINT('',(-0.0460466985724852,-0.704424528928398,0.168832766018704));
#6842=CARTESIAN_POINT('',(-0.0160730156942003,-0.704424528928398,0.177009708283267));
#6843=CARTESIAN_POINT('',(0.0160427666436698,-0.704424528928398,0.177012973661487));
#6844=CARTESIAN_POINT('',(0.0460205414622177,-0.704424528928398,0.168839898825005));
#6845=CARTESIAN_POINT('',(-0.0460466584741482,-0.704424528928398,0.168832619032851));
#6846=CARTESIAN_POINT('',(-0.0463227340248371,-0.704424660975404,0.168757848124734));
#6847=CARTESIAN_POINT('',(-0.046230862319627,-0.704424342433016,0.168783138442042));
#6848=CARTESIAN_POINT('',(-0.0461388098195111,-0.704424264921365,0.16880796700703));
#6849=CARTESIAN_POINT('',(-0.0460465830143206,-0.704424425180898,0.168832328707939));
#6850=CARTESIAN_POINT('',(-0.0463226303699134,-0.704424532352367,0.168757470463466));
#6851=CARTESIAN_POINT('',(-0.169309931263767,-0.704424528928398,-0.0442622545229974));
#6852=CARTESIAN_POINT('',(-0.192305747727796,-0.704424528928398,0.043700280301254));
#6853=CARTESIAN_POINT('',(-0.13399842671729,-0.704424528928398,0.144691522712445));
#6854=CARTESIAN_POINT('',(-0.0463227287395478,-0.704424528928398,0.168757828861722));
#6855=CARTESIAN_POINT('',(-0.167860978655993,-0.709946921255209,-0.0422842535444523));
#6856=CARTESIAN_POINT('',(-0.122987195629324,-0.704424528928398,-0.124495567357381));
#6857=CARTESIAN_POINT('',(-0.145158556777902,-0.704424528928398,-0.102593708718921));
#6858=CARTESIAN_POINT('',(-0.161307692005506,-0.704424528928398,-0.0746719741999288));
#6859=CARTESIAN_POINT('',(-0.169239506104663,-0.704424528928398,-0.044528830036581));
#6860=CARTESIAN_POINT('',(-0.122987207274187,-0.704424531496375,-0.124495579145159));
#6861=CARTESIAN_POINT('',(0.122987202495722,-0.704424528928398,-0.12449557430799));
#6862=CARTESIAN_POINT('',(0.0583073209973477,-0.704424528928398,-0.188391802968781));
#6863=CARTESIAN_POINT('',(-0.058307320997347,-0.704424528928398,-0.188391802968781));
#6864=CARTESIAN_POINT('',(-0.122987202495721,-0.704424528928398,-0.124495574307991));
#6865=CARTESIAN_POINT('',(0.122987207274187,-0.704424531496375,-0.124495579145158));
#6866=CARTESIAN_POINT('',(0.169475659979028,-0.704424528928398,-0.0436298694914734));
#6867=CARTESIAN_POINT('',(0.159169438827047,-0.704424528928398,-0.0828650696012571));
#6868=CARTESIAN_POINT('',(0.14540027065243,-0.704424528928398,-0.102354932581603));
#6869=CARTESIAN_POINT('',(0.122987195629324,-0.704424528928398,-0.12449556735738));
#6870=CARTESIAN_POINT('',(0.174122801493658,-0.559999999999999,0.3));
#6871=CARTESIAN_POINT('',(0.174122801493659,-0.562945243112739,0.3));
#6872=CARTESIAN_POINT('',(0.173000390613418,-0.56589041339854,0.3));
#6873=CARTESIAN_POINT('',(0.16855377076169,-0.57166771558291,0.3));
#6874=CARTESIAN_POINT('',(0.16522967174164,-0.574499704626298,0.3));
#6875=CARTESIAN_POINT('',(0.156507313145393,-0.57994180428656,0.3));
#6876=CARTESIAN_POINT('',(0.1511092692467,-0.582551780336795,0.3));
#6877=CARTESIAN_POINT('',(0.138446367255231,-0.587449540634969,0.3));
#6878=CARTESIAN_POINT('',(0.131181822277662,-0.589737203776133,0.3));
#6879=CARTESIAN_POINT('',(0.115065005113068,-0.593902406530656,0.3));
#6880=CARTESIAN_POINT('',(0.106213131446108,-0.59577984315117,0.3));
#6881=CARTESIAN_POINT('',(0.0872617593536083,-0.599052421956059,0.3));
#6882=CARTESIAN_POINT('',(0.0771627295380897,-0.600447483219475,0.3));
#6883=CARTESIAN_POINT('',(0.0561050931191473,-0.602701674706541,0.3));
#6884=CARTESIAN_POINT('',(0.0451470072072802,-0.603560749190865,0.3));
#6885=CARTESIAN_POINT('',(0.0227923396202164,-0.604709926045425,0.3));
#6886=CARTESIAN_POINT('',(0.0113963107082284,-0.605,0.3));
#6887=CARTESIAN_POINT('',(2.51534904016637E-16,-0.605,0.3));
#6888=CARTESIAN_POINT('',(0.174122801493658,-0.56,0.3));
#6889=CARTESIAN_POINT('',(2.50994993587341E-16,-0.605,0.3));
#6890=CARTESIAN_POINT('',(0.0666339113286187,-0.518425421036992,0.3));
#6891=CARTESIAN_POINT('',(0.0771627295380899,-0.519552516780525,0.3));
#6892=CARTESIAN_POINT('',(0.0872617593536079,-0.520947578043941,0.3));
#6893=CARTESIAN_POINT('',(0.106213131446107,-0.52422015684883,0.3));
#6894=CARTESIAN_POINT('',(0.115065005113068,-0.526097593469344,0.3));
#6895=CARTESIAN_POINT('',(0.131181822277662,-0.530262796223867,0.3));
#6896=CARTESIAN_POINT('',(0.138446367255231,-0.532550459365031,0.3));
#6897=CARTESIAN_POINT('',(0.1511092692467,-0.537448219663205,0.3));
#6898=CARTESIAN_POINT('',(0.156507313145393,-0.54005819571344,0.3));
#6899=CARTESIAN_POINT('',(0.16522967174164,-0.545500295373701,0.3));
#6900=CARTESIAN_POINT('',(0.16855377076169,-0.548332284417089,0.3));
#6901=CARTESIAN_POINT('',(0.173000390613418,-0.554109586601458,0.3));
#6902=CARTESIAN_POINT('',(0.174122801493658,-0.557054756887258,0.3));
#6903=CARTESIAN_POINT('',(0.174122801493658,-0.559999999999999,0.3));
#6904=CARTESIAN_POINT('',(0.0666339113286187,-0.518425421036992,0.3));
#6905=CARTESIAN_POINT('',(-0.0666339113286184,-0.518425421036992,0.3));
#6906=CARTESIAN_POINT('',(-0.056105093119147,-0.517298325293459,0.3));
#6907=CARTESIAN_POINT('',(-0.04514700720728,-0.516439250809135,0.3));
#6908=CARTESIAN_POINT('',(-0.0227923396202161,-0.515290073954574,0.3));
#6909=CARTESIAN_POINT('',(-0.0113963107082281,-0.515,0.3));
#6910=CARTESIAN_POINT('',(0.0113963107082284,-0.515,0.3));
#6911=CARTESIAN_POINT('',(0.0227923396202163,-0.515290073954574,0.3));
#6912=CARTESIAN_POINT('',(0.0451470072072802,-0.516439250809135,0.3));
#6913=CARTESIAN_POINT('',(0.0561050931191475,-0.517298325293459,0.3));
#6914=CARTESIAN_POINT('',(0.0666339113286187,-0.518425421036992,0.3));
#6915=CARTESIAN_POINT('',(-0.0666339113286184,-0.518425421036992,0.3));
#6916=CARTESIAN_POINT('',(-4.48511411651892E-15,-0.605,0.3));
#6917=CARTESIAN_POINT('',(-0.0113963107082279,-0.605,0.3));
#6918=CARTESIAN_POINT('',(-0.0227923396202161,-0.604709926045425,0.3));
#6919=CARTESIAN_POINT('',(-0.0451470072072799,-0.603560749190865,0.3));
#6920=CARTESIAN_POINT('',(-0.056105093119147,-0.602701674706541,0.3));
#6921=CARTESIAN_POINT('',(-0.0771627295380894,-0.600447483219475,0.3));
#6922=CARTESIAN_POINT('',(-0.0872617593536077,-0.599052421956059,0.3));
#6923=CARTESIAN_POINT('',(-0.106213131446108,-0.59577984315117,0.3));
#6924=CARTESIAN_POINT('',(-0.115065005113068,-0.593902406530656,0.3));
#6925=CARTESIAN_POINT('',(-0.131181822277662,-0.589737203776133,0.3));
#6926=CARTESIAN_POINT('',(-0.138446367255231,-0.587449540634969,0.3));
#6927=CARTESIAN_POINT('',(-0.1511092692467,-0.582551780336795,0.3));
#6928=CARTESIAN_POINT('',(-0.156507313145393,-0.57994180428656,0.3));
#6929=CARTESIAN_POINT('',(-0.16522967174164,-0.574499704626298,0.3));
#6930=CARTESIAN_POINT('',(-0.16855377076169,-0.571667715582911,0.3));
#6931=CARTESIAN_POINT('',(-0.173000390613418,-0.565890413398541,0.3));
#6932=CARTESIAN_POINT('',(-0.174122801493658,-0.56294524311274,0.3));
#6933=CARTESIAN_POINT('',(-0.174122801493658,-0.557054756887259,0.3));
#6934=CARTESIAN_POINT('',(-0.173000390613418,-0.554109586601459,0.3));
#6935=CARTESIAN_POINT('',(-0.16855377076169,-0.548332284417089,0.3));
#6936=CARTESIAN_POINT('',(-0.16522967174164,-0.545500295373702,0.3));
#6937=CARTESIAN_POINT('',(-0.156507313145393,-0.54005819571344,0.3));
#6938=CARTESIAN_POINT('',(-0.1511092692467,-0.537448219663205,0.3));
#6939=CARTESIAN_POINT('',(-0.138446367255231,-0.532550459365031,0.3));
#6940=CARTESIAN_POINT('',(-0.131181822277662,-0.530262796223867,0.3));
#6941=CARTESIAN_POINT('',(-0.115065005113068,-0.526097593469344,0.3));
#6942=CARTESIAN_POINT('',(-0.106213131446108,-0.52422015684883,0.3));
#6943=CARTESIAN_POINT('',(-0.0872617593536077,-0.520947578043941,0.3));
#6944=CARTESIAN_POINT('',(-0.0771627295380898,-0.519552516780525,0.3));
#6945=CARTESIAN_POINT('',(-0.0666339113286184,-0.518425421036992,0.3));
#6946=CARTESIAN_POINT('',(0.174122801493658,-0.56,0.3));
#6947=CARTESIAN_POINT('',(0.174122801493658,-0.56,0.0326371701766504));
#6948=CARTESIAN_POINT('',(0.175,-0.567440755324889,0.));
#6949=CARTESIAN_POINT('',(0.175,-0.704424528928404,0.));
#6950=CARTESIAN_POINT('',(0.175,-0.706779782240988,0.));
#6951=CARTESIAN_POINT('',(0.175,-0.709135035553572,0.));
#6952=CARTESIAN_POINT('',(0.175,-0.711490288866156,0.));
#6953=CARTESIAN_POINT('',(0.174122801493658,-0.56294524311274,0.3));
#6954=CARTESIAN_POINT('',(0.174122801493658,-0.56294524311274,0.042746606658651));
#6955=CARTESIAN_POINT('',(0.175,-0.570637604751331,0.0114537232162129));
#6956=CARTESIAN_POINT('',(0.175,-0.704424528928404,0.0114537232162129));
#6957=CARTESIAN_POINT('',(0.175,-0.706724816678255,0.0114537232162129));
#6958=CARTESIAN_POINT('',(0.175,-0.709025104428106,0.0114537232162129));
#6959=CARTESIAN_POINT('',(0.175,-0.711325392177956,0.0114537232162129));
#6960=CARTESIAN_POINT('',(0.173000390613418,-0.565890413398541,0.3));
#6961=CARTESIAN_POINT('',(0.173000390613418,-0.565890413398541,0.052853654345275));
#6962=CARTESIAN_POINT('',(0.1738719346211,-0.573832339579963,0.022907163216548));
#6963=CARTESIAN_POINT('',(0.1738719346211,-0.704424528928404,0.022907163216548));
#6964=CARTESIAN_POINT('',(0.1738719346211,-0.706669887473211,0.022907163216548));
#6965=CARTESIAN_POINT('',(0.1738719346211,-0.708915246018018,0.022907163216548));
#6966=CARTESIAN_POINT('',(0.1738719346211,-0.711160604562824,0.022907163216548));
#6967=CARTESIAN_POINT('',(0.16855377076169,-0.571667715582911,0.3));
#6968=CARTESIAN_POINT('',(0.16855377076169,-0.571667715582911,0.072674246347962));
#6969=CARTESIAN_POINT('',(0.16940291352003,-0.580093876578159,0.045374449489097));
#6970=CARTESIAN_POINT('',(0.16940291352003,-0.704424528928404,0.045374449489097));
#6971=CARTESIAN_POINT('',(0.16940291352003,-0.706562228694591,0.045374449489097));
#6972=CARTESIAN_POINT('',(0.16940291352003,-0.708699928460778,0.045374449489097));
#6973=CARTESIAN_POINT('',(0.16940291352003,-0.710837628226965,0.045374449489097));
#6974=CARTESIAN_POINT('',(0.16522967174164,-0.574499704626298,0.3));
#6975=CARTESIAN_POINT('',(0.16522967174164,-0.574499704626298,0.082387276033615));
#6976=CARTESIAN_POINT('',(0.166062068303215,-0.583160500575931,0.0563877402133829));
#6977=CARTESIAN_POINT('',(0.166062068303215,-0.704424528928404,0.0563877402133829));
#6978=CARTESIAN_POINT('',(0.166062068303215,-0.706509502184442,0.0563877402133829));
#6979=CARTESIAN_POINT('',(0.166062068303215,-0.708594475440479,0.0563877402133829));
#6980=CARTESIAN_POINT('',(0.166062068303215,-0.710679448696517,0.0563877402133829));
#6981=CARTESIAN_POINT('',(0.156507313145393,-0.57994180428656,0.3));
#6982=CARTESIAN_POINT('',(0.156507313145393,-0.57994180428656,0.10104541938667));
#6983=CARTESIAN_POINT('',(0.157295768075735,-0.589046894338526,0.077551461114399));
#6984=CARTESIAN_POINT('',(0.157295768075735,-0.704424528928404,0.077551461114399));
#6985=CARTESIAN_POINT('',(0.157295768075735,-0.706408293493487,0.077551461114399));
#6986=CARTESIAN_POINT('',(0.157295768075735,-0.708392058058569,0.077551461114399));
#6987=CARTESIAN_POINT('',(0.157295768075735,-0.710375822623651,0.077551461114399));
#6988=CARTESIAN_POINT('',(0.1511092692467,-0.582551780336795,0.3));
#6989=CARTESIAN_POINT('',(0.1511092692467,-0.582551780336795,0.109990034238047));
#6990=CARTESIAN_POINT('',(0.151870529829119,-0.591866482902547,0.087701367976425));
#6991=CARTESIAN_POINT('',(0.151870529829119,-0.704424528928404,0.087701367976425));
#6992=CARTESIAN_POINT('',(0.151870529829119,-0.706359814428187,0.087701367976425));
#6993=CARTESIAN_POINT('',(0.151870529829119,-0.708295099927969,0.087701367976425));
#6994=CARTESIAN_POINT('',(0.151870529829119,-0.710230385427752,0.087701367976425));
#6995=CARTESIAN_POINT('',(0.138446367255231,-0.587449540634969,0.3));
#6996=CARTESIAN_POINT('',(0.138446367255231,-0.587449540634969,0.126767171295221));
#6997=CARTESIAN_POINT('',(0.139143834476772,-0.597150061105033,0.106748213580436));
#6998=CARTESIAN_POINT('',(0.139143834476772,-0.704424528928404,0.106748213580436));
#6999=CARTESIAN_POINT('',(0.139143834476772,-0.706268970346904,0.106748213580436));
#7000=CARTESIAN_POINT('',(0.139143834476772,-0.708113411765403,0.106748213580436));
#7001=CARTESIAN_POINT('',(0.139143834476772,-0.709957853183903,0.106748213580436));
#7002=CARTESIAN_POINT('',(0.131181822277662,-0.589737203776133,0.3));
#7003=CARTESIAN_POINT('',(0.131181822277662,-0.589737203776133,0.134599237682361));
#7004=CARTESIAN_POINT('',(0.131842692063663,-0.59961388110396,0.115644681351628));
#7005=CARTESIAN_POINT('',(0.131842692063663,-0.704424528928404,0.115644681351628));
#7006=CARTESIAN_POINT('',(0.131842692063663,-0.706226608247646,0.115644681351628));
#7007=CARTESIAN_POINT('',(0.131842692063663,-0.708028687566888,0.115644681351628));
#7008=CARTESIAN_POINT('',(0.131842692063663,-0.70983076688613,0.115644681351628));
#7009=CARTESIAN_POINT('',(0.115065005113068,-0.593902406530656,0.3));
#7010=CARTESIAN_POINT('',(0.115065005113068,-0.593902406530656,0.148851294291935));
#7011=CARTESIAN_POINT('',(0.115644681351628,-0.604092228660753,0.131842692063664));
#7012=CARTESIAN_POINT('',(0.115644681351628,-0.704424528928404,0.131842692063664));
#7013=CARTESIAN_POINT('',(0.115644681351628,-0.706149609033501,0.131842692063664));
#7014=CARTESIAN_POINT('',(0.115644681351628,-0.707874689138598,0.131842692063664));
#7015=CARTESIAN_POINT('',(0.115644681351628,-0.709599769243696,0.131842692063664));
#7016=CARTESIAN_POINT('',(0.106213131446108,-0.59577984315117,0.3));
#7017=CARTESIAN_POINT('',(0.106213131446108,-0.59577984315117,0.155270920476293));
#7018=CARTESIAN_POINT('',(0.106748213580435,-0.606106634416197,0.139143834476772));
#7019=CARTESIAN_POINT('',(0.106748213580435,-0.704424528928404,0.139143834476772));
#7020=CARTESIAN_POINT('',(0.106748213580435,-0.706114974012845,0.139143834476772));
#7021=CARTESIAN_POINT('',(0.106748213580435,-0.707805419097285,0.139143834476772));
#7022=CARTESIAN_POINT('',(0.106748213580435,-0.709495864181725,0.139143834476772));
#7023=CARTESIAN_POINT('',(0.0872617593536082,-0.599052421956059,0.3));
#7024=CARTESIAN_POINT('',(0.0872617593536082,-0.599052421956059,0.166454477291858));
#7025=CARTESIAN_POINT('',(0.0877013679764252,-0.609611723522984,0.151870529829119));
#7026=CARTESIAN_POINT('',(0.0877013679764252,-0.704424528928404,0.151870529829119));
#7027=CARTESIAN_POINT('',(0.0877013679764252,-0.70605470867986,0.151870529829119));
#7028=CARTESIAN_POINT('',(0.0877013679764252,-0.707684888431317,0.151870529829119));
#7029=CARTESIAN_POINT('',(0.0877013679764252,-0.709315068182773,0.151870529829119));
#7030=CARTESIAN_POINT('',(0.0771627295380898,-0.600447483219475,0.3));
#7031=CARTESIAN_POINT('',(0.0771627295380898,-0.600447483219475,0.171218198204385));
#7032=CARTESIAN_POINT('',(0.0775514611143991,-0.611102383794726,0.157295768075735));
#7033=CARTESIAN_POINT('',(0.0775514611143991,-0.704424528928404,0.157295768075735));
#7034=CARTESIAN_POINT('',(0.0775514611143991,-0.706029078764356,0.157295768075735));
#7035=CARTESIAN_POINT('',(0.0775514611143991,-0.707633628600307,0.157295768075735));
#7036=CARTESIAN_POINT('',(0.0775514611143991,-0.709238178436259,0.157295768075735));
#7037=CARTESIAN_POINT('',(0.0561050931191474,-0.602701674706541,0.3));
#7038=CARTESIAN_POINT('',(0.0561050931191474,-0.602701674706541,0.178911840140278));
#7039=CARTESIAN_POINT('',(0.0563877402133824,-0.613507474789759,0.166062068303215));
#7040=CARTESIAN_POINT('',(0.0563877402133824,-0.704424528928404,0.166062068303215));
#7041=CARTESIAN_POINT('',(0.0563877402133824,-0.705987726432002,0.166062068303215));
#7042=CARTESIAN_POINT('',(0.0563877402133824,-0.7075509239356,0.166062068303215));
#7043=CARTESIAN_POINT('',(0.0563877402133824,-0.709114121439198,0.166062068303215));
#7044=CARTESIAN_POINT('',(0.0451470072072803,-0.603560749190865,0.3));
#7045=CARTESIAN_POINT('',(0.0451470072072803,-0.603560749190865,0.181841723604131));
#7046=CARTESIAN_POINT('',(0.0453744494890965,-0.614421991351374,0.169402913520031));
#7047=CARTESIAN_POINT('',(0.0453744494890965,-0.704424528928404,0.169402913520031));
#7048=CARTESIAN_POINT('',(0.0453744494890965,-0.705972002539277,0.169402913520031));
#7049=CARTESIAN_POINT('',(0.0453744494890965,-0.707519476150151,0.169402913520031));
#7050=CARTESIAN_POINT('',(0.0453744494890965,-0.709066949761024,0.169402913520031));
#7051=CARTESIAN_POINT('',(0.0227923396202165,-0.604709926045425,0.3));
#7052=CARTESIAN_POINT('',(0.0227923396202165,-0.604709926045425,0.185760123674326));
#7053=CARTESIAN_POINT('',(0.022907163216548,-0.615644494265563,0.1738719346211));
#7054=CARTESIAN_POINT('',(0.022907163216548,-0.704424528928404,0.1738719346211));
#7055=CARTESIAN_POINT('',(0.022907163216548,-0.705950983231935,0.1738719346211));
#7056=CARTESIAN_POINT('',(0.022907163216548,-0.707477437535466,0.1738719346211));
#7057=CARTESIAN_POINT('',(0.022907163216548,-0.709003891838997,0.1738719346211));
#7058=CARTESIAN_POINT('',(0.0113963107082284,-0.605,0.3));
#7059=CARTESIAN_POINT('',(0.0113963107082284,-0.605,0.186748648487041));
#7060=CARTESIAN_POINT('',(0.0114537232162127,-0.615952550411427,0.175));
#7061=CARTESIAN_POINT('',(0.0114537232162127,-0.704424528928404,0.175));
#7062=CARTESIAN_POINT('',(0.0114537232162127,-0.705945686617315,0.175));
#7063=CARTESIAN_POINT('',(0.0114537232162127,-0.707466844306225,0.175));
#7064=CARTESIAN_POINT('',(0.0114537232162127,-0.708988001995136,0.175));
#7065=CARTESIAN_POINT('',(-0.0113963107082279,-0.605,0.3));
#7066=CARTESIAN_POINT('',(-0.0113963107082279,-0.605,0.186748721773342));
#7067=CARTESIAN_POINT('',(-0.0114537232162128,-0.615952620159191,0.175));
#7068=CARTESIAN_POINT('',(-0.0114537232162128,-0.704424528928404,0.175));
#7069=CARTESIAN_POINT('',(-0.0114537232162128,-0.705945685418095,0.175));
#7070=CARTESIAN_POINT('',(-0.0114537232162128,-0.707466841907786,0.175));
#7071=CARTESIAN_POINT('',(-0.0114537232162128,-0.708987998397477,0.175));
#7072=CARTESIAN_POINT('',(-0.0227923396202161,-0.604709926045425,0.3));
#7073=CARTESIAN_POINT('',(-0.0227923396202161,-0.604709926045425,0.185760123674326));
#7074=CARTESIAN_POINT('',(-0.0229071632165482,-0.615644494265563,0.1738719346211));
#7075=CARTESIAN_POINT('',(-0.0229071632165482,-0.704424528928404,0.1738719346211));
#7076=CARTESIAN_POINT('',(-0.0229071632165482,-0.705950983231935,0.1738719346211));
#7077=CARTESIAN_POINT('',(-0.0229071632165482,-0.707477437535466,0.1738719346211));
#7078=CARTESIAN_POINT('',(-0.0229071632165482,-0.709003891838997,0.1738719346211));
#7079=CARTESIAN_POINT('',(-0.0451470072072799,-0.603560749190865,0.3));
#7080=CARTESIAN_POINT('',(-0.0451470072072799,-0.603560749190865,0.181841723604131));
#7081=CARTESIAN_POINT('',(-0.0453744494890967,-0.614421991351374,0.169402913520031));
#7082=CARTESIAN_POINT('',(-0.0453744494890967,-0.704424528928404,0.169402913520031));
#7083=CARTESIAN_POINT('',(-0.0453744494890967,-0.705972002539277,0.169402913520031));
#7084=CARTESIAN_POINT('',(-0.0453744494890967,-0.707519476150151,0.169402913520031));
#7085=CARTESIAN_POINT('',(-0.0453744494890967,-0.709066949761024,0.169402913520031));
#7086=CARTESIAN_POINT('',(-0.0561050931191469,-0.602701674706541,0.3));
#7087=CARTESIAN_POINT('',(-0.0561050931191469,-0.602701674706541,0.178911840140278));
#7088=CARTESIAN_POINT('',(-0.0563877402133825,-0.613507474789759,0.166062068303215));
#7089=CARTESIAN_POINT('',(-0.0563877402133825,-0.704424528928404,0.166062068303215));
#7090=CARTESIAN_POINT('',(-0.0563877402133825,-0.705987726432002,0.166062068303215));
#7091=CARTESIAN_POINT('',(-0.0563877402133825,-0.7075509239356,0.166062068303215));
#7092=CARTESIAN_POINT('',(-0.0563877402133825,-0.709114121439198,0.166062068303215));
#7093=CARTESIAN_POINT('',(-0.0771627295380893,-0.600447483219475,0.3));
#7094=CARTESIAN_POINT('',(-0.0771627295380893,-0.600447483219475,0.171218198204385));
#7095=CARTESIAN_POINT('',(-0.0775514611143992,-0.611102383794726,0.157295768075735));
#7096=CARTESIAN_POINT('',(-0.0775514611143992,-0.704424528928404,0.157295768075735));
#7097=CARTESIAN_POINT('',(-0.0775514611143992,-0.706029078764356,0.157295768075735));
#7098=CARTESIAN_POINT('',(-0.0775514611143992,-0.707633628600307,0.157295768075735));
#7099=CARTESIAN_POINT('',(-0.0775514611143992,-0.709238178436259,0.157295768075735));
#7100=CARTESIAN_POINT('',(-0.0872617593536077,-0.599052421956059,0.3));
#7101=CARTESIAN_POINT('',(-0.0872617593536078,-0.599052421956059,0.166454477291858));
#7102=CARTESIAN_POINT('',(-0.0877013679764253,-0.609611723522984,0.151870529829119));
#7103=CARTESIAN_POINT('',(-0.0877013679764253,-0.704424528928404,0.151870529829119));
#7104=CARTESIAN_POINT('',(-0.0877013679764253,-0.70605470867986,0.151870529829119));
#7105=CARTESIAN_POINT('',(-0.0877013679764253,-0.707684888431317,0.151870529829119));
#7106=CARTESIAN_POINT('',(-0.0877013679764253,-0.709315068182773,0.151870529829119));
#7107=CARTESIAN_POINT('',(-0.106213131446108,-0.59577984315117,0.3));
#7108=CARTESIAN_POINT('',(-0.106213131446108,-0.59577984315117,0.155270920476293));
#7109=CARTESIAN_POINT('',(-0.106748213580436,-0.606106634416197,0.139143834476772));
#7110=CARTESIAN_POINT('',(-0.106748213580436,-0.704424528928404,0.139143834476772));
#7111=CARTESIAN_POINT('',(-0.106748213580436,-0.706114974012845,0.139143834476772));
#7112=CARTESIAN_POINT('',(-0.106748213580436,-0.707805419097285,0.139143834476772));
#7113=CARTESIAN_POINT('',(-0.106748213580436,-0.709495864181725,0.139143834476772));
#7114=CARTESIAN_POINT('',(-0.115065005113068,-0.593902406530656,0.3));
#7115=CARTESIAN_POINT('',(-0.115065005113068,-0.593902406530656,0.148851294291934));
#7116=CARTESIAN_POINT('',(-0.115644681351628,-0.604092228660753,0.131842692063664));
#7117=CARTESIAN_POINT('',(-0.115644681351628,-0.704424528928404,0.131842692063664));
#7118=CARTESIAN_POINT('',(-0.115644681351628,-0.706149609033501,0.131842692063664));
#7119=CARTESIAN_POINT('',(-0.115644681351628,-0.707874689138598,0.131842692063664));
#7120=CARTESIAN_POINT('',(-0.115644681351628,-0.709599769243696,0.131842692063664));
#7121=CARTESIAN_POINT('',(-0.131181822277662,-0.589737203776133,0.3));
#7122=CARTESIAN_POINT('',(-0.131181822277662,-0.589737203776133,0.134599237682361));
#7123=CARTESIAN_POINT('',(-0.131842692063664,-0.59961388110396,0.115644681351628));
#7124=CARTESIAN_POINT('',(-0.131842692063664,-0.704424528928404,0.115644681351628));
#7125=CARTESIAN_POINT('',(-0.131842692063664,-0.706226608247646,0.115644681351628));
#7126=CARTESIAN_POINT('',(-0.131842692063664,-0.708028687566888,0.115644681351628));
#7127=CARTESIAN_POINT('',(-0.131842692063664,-0.70983076688613,0.115644681351628));
#7128=CARTESIAN_POINT('',(-0.138446367255231,-0.587449540634969,0.3));
#7129=CARTESIAN_POINT('',(-0.138446367255231,-0.587449540634969,0.126767171295221));
#7130=CARTESIAN_POINT('',(-0.139143834476772,-0.597150061105033,0.106748213580436));
#7131=CARTESIAN_POINT('',(-0.139143834476772,-0.704424528928404,0.106748213580436));
#7132=CARTESIAN_POINT('',(-0.139143834476772,-0.706268970346904,0.106748213580436));
#7133=CARTESIAN_POINT('',(-0.139143834476772,-0.708113411765403,0.106748213580436));
#7134=CARTESIAN_POINT('',(-0.139143834476772,-0.709957853183903,0.106748213580436));
#7135=CARTESIAN_POINT('',(-0.1511092692467,-0.582551780336795,0.3));
#7136=CARTESIAN_POINT('',(-0.1511092692467,-0.582551780336795,0.109990034238047));
#7137=CARTESIAN_POINT('',(-0.151870529829119,-0.591866482902547,0.087701367976425));
#7138=CARTESIAN_POINT('',(-0.151870529829119,-0.704424528928404,0.087701367976425));
#7139=CARTESIAN_POINT('',(-0.151870529829119,-0.706359814428187,0.087701367976425));
#7140=CARTESIAN_POINT('',(-0.151870529829119,-0.708295099927969,0.087701367976425));
#7141=CARTESIAN_POINT('',(-0.151870529829119,-0.710230385427752,0.087701367976425));
#7142=CARTESIAN_POINT('',(-0.156507313145393,-0.57994180428656,0.3));
#7143=CARTESIAN_POINT('',(-0.156507313145393,-0.57994180428656,0.10104541938667));
#7144=CARTESIAN_POINT('',(-0.157295768075736,-0.589046894338526,0.077551461114399));
#7145=CARTESIAN_POINT('',(-0.157295768075736,-0.704424528928404,0.077551461114399));
#7146=CARTESIAN_POINT('',(-0.157295768075736,-0.706408293493487,0.077551461114399));
#7147=CARTESIAN_POINT('',(-0.157295768075736,-0.708392058058569,0.077551461114399));
#7148=CARTESIAN_POINT('',(-0.157295768075736,-0.710375822623651,0.077551461114399));
#7149=CARTESIAN_POINT('',(-0.16522967174164,-0.574499704626298,0.3));
#7150=CARTESIAN_POINT('',(-0.16522967174164,-0.574499704626298,0.082387276033615));
#7151=CARTESIAN_POINT('',(-0.166062068303216,-0.583160500575931,0.0563877402133829));
#7152=CARTESIAN_POINT('',(-0.166062068303216,-0.704424528928404,0.0563877402133829));
#7153=CARTESIAN_POINT('',(-0.166062068303216,-0.706509502184442,0.0563877402133829));
#7154=CARTESIAN_POINT('',(-0.166062068303216,-0.708594475440479,0.0563877402133829));
#7155=CARTESIAN_POINT('',(-0.166062068303216,-0.710679448696517,0.0563877402133829));
#7156=CARTESIAN_POINT('',(-0.16855377076169,-0.571667715582911,0.3));
#7157=CARTESIAN_POINT('',(-0.16855377076169,-0.571667715582911,0.072674246347962));
#7158=CARTESIAN_POINT('',(-0.169402913520031,-0.580093876578159,0.045374449489097));
#7159=CARTESIAN_POINT('',(-0.169402913520031,-0.704424528928404,0.045374449489097));
#7160=CARTESIAN_POINT('',(-0.169402913520031,-0.706562228694591,0.045374449489097));
#7161=CARTESIAN_POINT('',(-0.169402913520031,-0.708699928460778,0.045374449489097));
#7162=CARTESIAN_POINT('',(-0.169402913520031,-0.710837628226965,0.045374449489097));
#7163=CARTESIAN_POINT('',(-0.173000390613418,-0.565890413398541,0.3));
#7164=CARTESIAN_POINT('',(-0.173000390613418,-0.565890413398541,0.052853654345275));
#7165=CARTESIAN_POINT('',(-0.1738719346211,-0.573832339579963,0.022907163216548));
#7166=CARTESIAN_POINT('',(-0.1738719346211,-0.704424528928404,0.022907163216548));
#7167=CARTESIAN_POINT('',(-0.1738719346211,-0.706669887473211,0.022907163216548));
#7168=CARTESIAN_POINT('',(-0.1738719346211,-0.708915246018018,0.022907163216548));
#7169=CARTESIAN_POINT('',(-0.1738719346211,-0.711160604562824,0.022907163216548));
#7170=CARTESIAN_POINT('',(-0.174122801493658,-0.56294524311274,0.3));
#7171=CARTESIAN_POINT('',(-0.174122801493658,-0.56294524311274,0.042746606658651));
#7172=CARTESIAN_POINT('',(-0.175,-0.570637604751331,0.0114537232162129));
#7173=CARTESIAN_POINT('',(-0.175,-0.704424528928404,0.0114537232162129));
#7174=CARTESIAN_POINT('',(-0.175,-0.706724816678255,0.0114537232162129));
#7175=CARTESIAN_POINT('',(-0.175,-0.709025104428106,0.0114537232162129));
#7176=CARTESIAN_POINT('',(-0.175,-0.711325392177956,0.0114537232162129));
#7177=CARTESIAN_POINT('',(-0.174122801493658,-0.557054756887259,0.3));
#7178=CARTESIAN_POINT('',(-0.174122801493658,-0.557054756887259,0.0225277336946499));
#7179=CARTESIAN_POINT('',(-0.175,-0.564243905898447,-0.011453723216213));
#7180=CARTESIAN_POINT('',(-0.175,-0.704424528928404,-0.011453723216213));
#7181=CARTESIAN_POINT('',(-0.175,-0.706834747803722,-0.011453723216213));
#7182=CARTESIAN_POINT('',(-0.175,-0.709244966679039,-0.011453723216213));
#7183=CARTESIAN_POINT('',(-0.175,-0.711655185554357,-0.011453723216213));
#7184=CARTESIAN_POINT('',(-0.173000390613418,-0.554109586601459,0.3));
#7185=CARTESIAN_POINT('',(-0.173000390613418,-0.554109586601459,0.012416421816554));
#7186=CARTESIAN_POINT('',(-0.1738719346211,-0.561045112769491,-0.022907163216548));
#7187=CARTESIAN_POINT('',(-0.1738719346211,-0.704424528928404,-0.022907163216548));
#7188=CARTESIAN_POINT('',(-0.1738719346211,-0.706889746785828,-0.022907163216548));
#7189=CARTESIAN_POINT('',(-0.1738719346211,-0.709354964643251,-0.022907163216548));
#7190=CARTESIAN_POINT('',(-0.1738719346211,-0.711820182500675,-0.022907163216548));
#7191=CARTESIAN_POINT('',(-0.16855377076169,-0.548332284417089,0.3));
#7192=CARTESIAN_POINT('',(-0.16855377076169,-0.548332284417089,-0.00742110528699103));
#7193=CARTESIAN_POINT('',(-0.169402913520031,-0.554767458360586,-0.045374449489097));
#7194=CARTESIAN_POINT('',(-0.169402913520031,-0.704424528928404,-0.045374449489097));
#7195=CARTESIAN_POINT('',(-0.169402913520031,-0.706997682681831,-0.045374449489097));
#7196=CARTESIAN_POINT('',(-0.169402913520031,-0.709570836435258,-0.045374449489097));
#7197=CARTESIAN_POINT('',(-0.169402913520031,-0.712143990188685,-0.045374449489097));
#7198=CARTESIAN_POINT('',(-0.16522967174164,-0.545500295373702,0.3));
#7199=CARTESIAN_POINT('',(-0.16522967174164,-0.545500295373702,-0.0171468234892981));
#7200=CARTESIAN_POINT('',(-0.166062068303216,-0.551688758495303,-0.0563877402133821));
#7201=CARTESIAN_POINT('',(-0.166062068303216,-0.704424528928404,-0.0563877402133821));
#7202=CARTESIAN_POINT('',(-0.166062068303216,-0.707050616820419,-0.0563877402133821));
#7203=CARTESIAN_POINT('',(-0.166062068303216,-0.709676704712433,-0.0563877402133821));
#7204=CARTESIAN_POINT('',(-0.166062068303216,-0.712302792604448,-0.0563877402133821));
#7205=CARTESIAN_POINT('',(-0.156507313145393,-0.54005819571344,0.3));
#7206=CARTESIAN_POINT('',(-0.156507313145393,-0.54005819571344,-0.0358382669333991));
#7207=CARTESIAN_POINT('',(-0.157295768075736,-0.545770672494878,-0.077551461114399));
#7208=CARTESIAN_POINT('',(-0.157295768075736,-0.704424528928404,-0.077551461114399));
#7209=CARTESIAN_POINT('',(-0.157295768075736,-0.70715237041714,-0.077551461114399));
#7210=CARTESIAN_POINT('',(-0.157295768075736,-0.709880211905876,-0.077551461114399));
#7211=CARTESIAN_POINT('',(-0.157295768075736,-0.712608053394612,-0.077551461114399));
#7212=CARTESIAN_POINT('',(-0.1511092692467,-0.537448219663205,0.3));
#7213=CARTESIAN_POINT('',(-0.1511092692467,-0.537448219663205,-0.0448035272159911));
#7214=CARTESIAN_POINT('',(-0.151870529829119,-0.542931435338447,-0.087701367976425));
#7215=CARTESIAN_POINT('',(-0.151870529829119,-0.704424528928404,-0.087701367976425));
#7216=CARTESIAN_POINT('',(-0.151870529829119,-0.707201187313784,-0.087701367976425));
#7217=CARTESIAN_POINT('',(-0.151870529829119,-0.709977845699164,-0.087701367976425));
#7218=CARTESIAN_POINT('',(-0.151870529829119,-0.712754504084544,-0.087701367976425));
#7219=CARTESIAN_POINT('',(-0.138446367255231,-0.532550459365031,0.3));
#7220=CARTESIAN_POINT('',(-0.138446367255231,-0.532550459365031,-0.0616285737590851));
#7221=CARTESIAN_POINT('',(-0.139143834476772,-0.537602260899602,-0.106748213580436));
#7222=CARTESIAN_POINT('',(-0.139143834476772,-0.704424528928404,-0.106748213580436));
#7223=CARTESIAN_POINT('',(-0.139143834476772,-0.707292815361547,-0.106748213580436));
#7224=CARTESIAN_POINT('',(-0.139143834476772,-0.710161101794689,-0.106748213580436));
#7225=CARTESIAN_POINT('',(-0.139143834476772,-0.713029388227832,-0.106748213580436));
#7226=CARTESIAN_POINT('',(-0.131181822277662,-0.530262796223867,0.3));
#7227=CARTESIAN_POINT('',(-0.131181822277662,-0.530262796223867,-0.0694879430038821));
#7228=CARTESIAN_POINT('',(-0.131842692063664,-0.535112456327324,-0.115644681351628));
#7229=CARTESIAN_POINT('',(-0.131842692063664,-0.704424528928404,-0.115644681351628));
#7230=CARTESIAN_POINT('',(-0.131842692063664,-0.707335624230891,-0.115644681351628));
#7231=CARTESIAN_POINT('',(-0.131842692063664,-0.710246719533379,-0.115644681351628));
#7232=CARTESIAN_POINT('',(-0.131842692063664,-0.713157814835866,-0.115644681351628));
#7233=CARTESIAN_POINT('',(-0.115065005113068,-0.526097593469344,0.3));
#7234=CARTESIAN_POINT('',(-0.115065005113068,-0.526097593469344,-0.083798411717313));
#7235=CARTESIAN_POINT('',(-0.115644681351628,-0.530578517021996,-0.131842692063664));
#7236=CARTESIAN_POINT('',(-0.115644681351628,-0.704424528928404,-0.131842692063664));
#7237=CARTESIAN_POINT('',(-0.115644681351628,-0.707413579271018,-0.131842692063664));
#7238=CARTESIAN_POINT('',(-0.115644681351628,-0.710402629613632,-0.131842692063664));
#7239=CARTESIAN_POINT('',(-0.115644681351628,-0.713391679956245,-0.131842692063664));
#7240=CARTESIAN_POINT('',(-0.106213131446108,-0.52422015684883,0.3));
#7241=CARTESIAN_POINT('',(-0.106213131446108,-0.52422015684883,-0.0902491571223441));
#7242=CARTESIAN_POINT('',(-0.106748213580436,-0.528534494598498,-0.139143834476772));
#7243=CARTESIAN_POINT('',(-0.106748213580436,-0.704424528928404,-0.139143834476772));
#7244=CARTESIAN_POINT('',(-0.106748213580436,-0.707448723510786,-0.139143834476772));
#7245=CARTESIAN_POINT('',(-0.106748213580436,-0.710472918093169,-0.139143834476772));
#7246=CARTESIAN_POINT('',(-0.106748213580436,-0.713497112675551,-0.139143834476772));
#7247=CARTESIAN_POINT('',(-0.0872617593536078,-0.520947578043941,0.3));
#7248=CARTESIAN_POINT('',(-0.0872617593536078,-0.520947578043941,-0.101493885117097));
#7249=CARTESIAN_POINT('',(-0.0877013679764253,-0.524971187886344,-0.151870529829119));
#7250=CARTESIAN_POINT('',(-0.0877013679764253,-0.704424528928404,-0.151870529829119));
#7251=CARTESIAN_POINT('',(-0.0877013679764253,-0.707509989817859,-0.151870529829119));
#7252=CARTESIAN_POINT('',(-0.0877013679764253,-0.710595450707314,-0.151870529829119));
#7253=CARTESIAN_POINT('',(-0.0877013679764253,-0.713680911596769,-0.151870529829119));
#7254=CARTESIAN_POINT('',(-0.0771627295380895,-0.519552516780525,0.3));
#7255=CARTESIAN_POINT('',(-0.0771627295380895,-0.519552516780525,-0.106287589728032));
#7256=CARTESIAN_POINT('',(-0.077551461114399,-0.523451991641542,-0.157295768075735));
#7257=CARTESIAN_POINT('',(-0.077551461114399,-0.704424528928404,-0.157295768075735));
#7258=CARTESIAN_POINT('',(-0.077551461114399,-0.707536110371366,-0.157295768075735));
#7259=CARTESIAN_POINT('',(-0.077551461114399,-0.710647691814329,-0.157295768075735));
#7260=CARTESIAN_POINT('',(-0.077551461114399,-0.713759273257291,-0.157295768075735));
#7261=CARTESIAN_POINT('',(-0.0561050931191471,-0.517298325293459,0.3));
#7262=CARTESIAN_POINT('',(-0.0561050931191471,-0.517298325293459,-0.114033575581503));
#7263=CARTESIAN_POINT('',(-0.0563877402133823,-0.520997084089473,-0.166062068303215));
#7264=CARTESIAN_POINT('',(-0.0563877402133823,-0.704424528928404,-0.166062068303215));
#7265=CARTESIAN_POINT('',(-0.0563877402133823,-0.707578319232985,-0.166062068303215));
#7266=CARTESIAN_POINT('',(-0.0563877402133823,-0.710732109537567,-0.166062068303215));
#7267=CARTESIAN_POINT('',(-0.0563877402133823,-0.713885899842148,-0.166062068303215));
#7268=CARTESIAN_POINT('',(-0.0451470072072798,-0.516439250809135,0.3));
#7269=CARTESIAN_POINT('',(-0.0451470072072798,-0.516439250809135,-0.116985665410714));
#7270=CARTESIAN_POINT('',(-0.0453744494890967,-0.520061433369058,-0.169402913520031));
#7271=CARTESIAN_POINT('',(-0.0453744494890967,-0.704424528928404,-0.169402913520031));
#7272=CARTESIAN_POINT('',(-0.0453744494890967,-0.707594406499387,-0.169402913520031));
#7273=CARTESIAN_POINT('',(-0.0453744494890967,-0.71076428407037,-0.169402913520031));
#7274=CARTESIAN_POINT('',(-0.0453744494890967,-0.713934161641353,-0.169402913520031));
#7275=CARTESIAN_POINT('',(-0.022792339620216,-0.515290073954574,0.3));
#7276=CARTESIAN_POINT('',(-0.022792339620216,-0.515290073954574,-0.120934674408017));
#7277=CARTESIAN_POINT('',(-0.0229071632165483,-0.518809799441493,-0.1738719346211));
#7278=CARTESIAN_POINT('',(-0.0229071632165483,-0.704424528928404,-0.1738719346211));
#7279=CARTESIAN_POINT('',(-0.0229071632165483,-0.707615926675657,-0.1738719346211));
#7280=CARTESIAN_POINT('',(-0.0229071632165483,-0.71080732442291,-0.1738719346211));
#7281=CARTESIAN_POINT('',(-0.0229071632165483,-0.713998722170162,-0.1738719346211));
#7282=CARTESIAN_POINT('',(-0.011396310708228,-0.515,0.3));
#7283=CARTESIAN_POINT('',(-0.011396310708228,-0.515,-0.121931497219851));
#7284=CARTESIAN_POINT('',(-0.0114537232162128,-0.518493848263844,-0.175));
#7285=CARTESIAN_POINT('',(-0.0114537232162128,-0.704424528928404,-0.175));
#7286=CARTESIAN_POINT('',(-0.0114537232162128,-0.70762135903482,-0.175));
#7287=CARTESIAN_POINT('',(-0.0114537232162128,-0.710818189141237,-0.175));
#7288=CARTESIAN_POINT('',(-0.0114537232162128,-0.714015019247653,-0.175));
#7289=CARTESIAN_POINT('',(0.0113963107082283,-0.515,0.3));
#7290=CARTESIAN_POINT('',(0.0113963107082283,-0.515,-0.121931494793884));
#7291=CARTESIAN_POINT('',(0.0114537232162128,-0.51849384595501,-0.175));
#7292=CARTESIAN_POINT('',(0.0114537232162128,-0.704424528928404,-0.175));
#7293=CARTESIAN_POINT('',(0.0114537232162128,-0.707621359074518,-0.175));
#7294=CARTESIAN_POINT('',(0.0114537232162128,-0.710818189220631,-0.175));
#7295=CARTESIAN_POINT('',(0.0114537232162128,-0.714015019366745,-0.175));
#7296=CARTESIAN_POINT('',(0.0227923396202164,-0.515290073954574,0.3));
#7297=CARTESIAN_POINT('',(0.0227923396202164,-0.515290073954574,-0.120934674408017));
#7298=CARTESIAN_POINT('',(0.0229071632165481,-0.518809799441493,-0.1738719346211));
#7299=CARTESIAN_POINT('',(0.0229071632165482,-0.704424528928404,-0.1738719346211));
#7300=CARTESIAN_POINT('',(0.0229071632165482,-0.707615926675657,-0.1738719346211));
#7301=CARTESIAN_POINT('',(0.0229071632165482,-0.71080732442291,-0.1738719346211));
#7302=CARTESIAN_POINT('',(0.0229071632165482,-0.713998722170162,-0.1738719346211));
#7303=CARTESIAN_POINT('',(0.0451470072072802,-0.516439250809135,0.3));
#7304=CARTESIAN_POINT('',(0.0451470072072802,-0.516439250809135,-0.116985665410714));
#7305=CARTESIAN_POINT('',(0.0453744494890967,-0.520061433369058,-0.169402913520031));
#7306=CARTESIAN_POINT('',(0.0453744494890967,-0.704424528928404,-0.169402913520031));
#7307=CARTESIAN_POINT('',(0.0453744494890967,-0.707594406499387,-0.169402913520031));
#7308=CARTESIAN_POINT('',(0.0453744494890967,-0.71076428407037,-0.169402913520031));
#7309=CARTESIAN_POINT('',(0.0453744494890967,-0.713934161641353,-0.169402913520031));
#7310=CARTESIAN_POINT('',(0.0561050931191475,-0.517298325293459,0.3));
#7311=CARTESIAN_POINT('',(0.0561050931191475,-0.517298325293459,-0.114033575581503));
#7312=CARTESIAN_POINT('',(0.0563877402133823,-0.520997084089474,-0.166062068303215));
#7313=CARTESIAN_POINT('',(0.0563877402133824,-0.704424528928404,-0.166062068303215));
#7314=CARTESIAN_POINT('',(0.0563877402133824,-0.707578319232985,-0.166062068303215));
#7315=CARTESIAN_POINT('',(0.0563877402133824,-0.710732109537567,-0.166062068303215));
#7316=CARTESIAN_POINT('',(0.0563877402133824,-0.713885899842148,-0.166062068303215));
#7317=CARTESIAN_POINT('',(0.0771627295380899,-0.519552516780525,0.3));
#7318=CARTESIAN_POINT('',(0.0771627295380899,-0.519552516780525,-0.106287589728032));
#7319=CARTESIAN_POINT('',(0.077551461114399,-0.523451991641542,-0.157295768075735));
#7320=CARTESIAN_POINT('',(0.077551461114399,-0.704424528928404,-0.157295768075735));
#7321=CARTESIAN_POINT('',(0.077551461114399,-0.707536110371366,-0.157295768075735));
#7322=CARTESIAN_POINT('',(0.077551461114399,-0.710647691814329,-0.157295768075735));
#7323=CARTESIAN_POINT('',(0.077551461114399,-0.713759273257291,-0.157295768075735));
#7324=CARTESIAN_POINT('',(0.0872617593536081,-0.520947578043941,0.3));
#7325=CARTESIAN_POINT('',(0.0872617593536081,-0.520947578043941,-0.101493885117097));
#7326=CARTESIAN_POINT('',(0.0877013679764253,-0.524971187886344,-0.151870529829119));
#7327=CARTESIAN_POINT('',(0.0877013679764253,-0.704424528928404,-0.151870529829119));
#7328=CARTESIAN_POINT('',(0.0877013679764253,-0.707509989817859,-0.151870529829119));
#7329=CARTESIAN_POINT('',(0.0877013679764253,-0.710595450707314,-0.151870529829119));
#7330=CARTESIAN_POINT('',(0.0877013679764253,-0.713680911596769,-0.151870529829119));
#7331=CARTESIAN_POINT('',(0.106213131446107,-0.52422015684883,0.3));
#7332=CARTESIAN_POINT('',(0.106213131446107,-0.52422015684883,-0.0902491571223441));
#7333=CARTESIAN_POINT('',(0.106748213580435,-0.528534494598498,-0.139143834476772));
#7334=CARTESIAN_POINT('',(0.106748213580435,-0.704424528928404,-0.139143834476772));
#7335=CARTESIAN_POINT('',(0.106748213580435,-0.707448723510786,-0.139143834476772));
#7336=CARTESIAN_POINT('',(0.106748213580435,-0.710472918093169,-0.139143834476772));
#7337=CARTESIAN_POINT('',(0.106748213580435,-0.713497112675551,-0.139143834476772));
#7338=CARTESIAN_POINT('',(0.115065005113068,-0.526097593469344,0.3));
#7339=CARTESIAN_POINT('',(0.115065005113068,-0.526097593469344,-0.083798411717313));
#7340=CARTESIAN_POINT('',(0.115644681351628,-0.530578517021996,-0.131842692063664));
#7341=CARTESIAN_POINT('',(0.115644681351628,-0.704424528928404,-0.131842692063664));
#7342=CARTESIAN_POINT('',(0.115644681351628,-0.707413579271018,-0.131842692063664));
#7343=CARTESIAN_POINT('',(0.115644681351628,-0.710402629613632,-0.131842692063664));
#7344=CARTESIAN_POINT('',(0.115644681351628,-0.713391679956245,-0.131842692063664));
#7345=CARTESIAN_POINT('',(0.131181822277662,-0.530262796223867,0.3));
#7346=CARTESIAN_POINT('',(0.131181822277662,-0.530262796223867,-0.0694879430038821));
#7347=CARTESIAN_POINT('',(0.131842692063663,-0.535112456327324,-0.115644681351628));
#7348=CARTESIAN_POINT('',(0.131842692063663,-0.704424528928404,-0.115644681351628));
#7349=CARTESIAN_POINT('',(0.131842692063663,-0.707335624230891,-0.115644681351628));
#7350=CARTESIAN_POINT('',(0.131842692063663,-0.710246719533379,-0.115644681351628));
#7351=CARTESIAN_POINT('',(0.131842692063663,-0.713157814835866,-0.115644681351628));
#7352=CARTESIAN_POINT('',(0.138446367255231,-0.532550459365031,0.3));
#7353=CARTESIAN_POINT('',(0.138446367255231,-0.532550459365031,-0.0616285737590851));
#7354=CARTESIAN_POINT('',(0.139143834476772,-0.537602260899602,-0.106748213580436));
#7355=CARTESIAN_POINT('',(0.139143834476772,-0.704424528928404,-0.106748213580436));
#7356=CARTESIAN_POINT('',(0.139143834476772,-0.707292815361547,-0.106748213580436));
#7357=CARTESIAN_POINT('',(0.139143834476772,-0.710161101794689,-0.106748213580436));
#7358=CARTESIAN_POINT('',(0.139143834476772,-0.713029388227832,-0.106748213580436));
#7359=CARTESIAN_POINT('',(0.1511092692467,-0.537448219663205,0.3));
#7360=CARTESIAN_POINT('',(0.1511092692467,-0.537448219663205,-0.0448035272159911));
#7361=CARTESIAN_POINT('',(0.151870529829119,-0.542931435338447,-0.087701367976425));
#7362=CARTESIAN_POINT('',(0.151870529829119,-0.704424528928404,-0.087701367976425));
#7363=CARTESIAN_POINT('',(0.151870529829119,-0.707201187313784,-0.087701367976425));
#7364=CARTESIAN_POINT('',(0.151870529829119,-0.709977845699164,-0.087701367976425));
#7365=CARTESIAN_POINT('',(0.151870529829119,-0.712754504084544,-0.087701367976425));
#7366=CARTESIAN_POINT('',(0.156507313145393,-0.54005819571344,0.3));
#7367=CARTESIAN_POINT('',(0.156507313145393,-0.54005819571344,-0.0358382669333991));
#7368=CARTESIAN_POINT('',(0.157295768075735,-0.545770672494878,-0.077551461114399));
#7369=CARTESIAN_POINT('',(0.157295768075735,-0.704424528928404,-0.077551461114399));
#7370=CARTESIAN_POINT('',(0.157295768075735,-0.70715237041714,-0.077551461114399));
#7371=CARTESIAN_POINT('',(0.157295768075735,-0.709880211905876,-0.077551461114399));
#7372=CARTESIAN_POINT('',(0.157295768075735,-0.712608053394612,-0.077551461114399));
#7373=CARTESIAN_POINT('',(0.16522967174164,-0.545500295373701,0.3));
#7374=CARTESIAN_POINT('',(0.16522967174164,-0.545500295373701,-0.0171468234892981));
#7375=CARTESIAN_POINT('',(0.166062068303215,-0.551688758495303,-0.0563877402133821));
#7376=CARTESIAN_POINT('',(0.166062068303215,-0.704424528928404,-0.0563877402133821));
#7377=CARTESIAN_POINT('',(0.166062068303215,-0.707050616820419,-0.0563877402133821));
#7378=CARTESIAN_POINT('',(0.166062068303215,-0.709676704712433,-0.0563877402133821));
#7379=CARTESIAN_POINT('',(0.166062068303215,-0.712302792604448,-0.0563877402133821));
#7380=CARTESIAN_POINT('',(0.16855377076169,-0.548332284417089,0.3));
#7381=CARTESIAN_POINT('',(0.16855377076169,-0.548332284417089,-0.00742110528699103));
#7382=CARTESIAN_POINT('',(0.16940291352003,-0.554767458360586,-0.045374449489097));
#7383=CARTESIAN_POINT('',(0.16940291352003,-0.704424528928404,-0.045374449489097));
#7384=CARTESIAN_POINT('',(0.16940291352003,-0.706997682681831,-0.045374449489097));
#7385=CARTESIAN_POINT('',(0.16940291352003,-0.709570836435258,-0.045374449489097));
#7386=CARTESIAN_POINT('',(0.16940291352003,-0.712143990188685,-0.045374449489097));
#7387=CARTESIAN_POINT('',(0.173000390613418,-0.554109586601459,0.3));
#7388=CARTESIAN_POINT('',(0.173000390613418,-0.554109586601459,0.012416421816554));
#7389=CARTESIAN_POINT('',(0.1738719346211,-0.561045112769491,-0.022907163216548));
#7390=CARTESIAN_POINT('',(0.1738719346211,-0.704424528928404,-0.022907163216548));
#7391=CARTESIAN_POINT('',(0.1738719346211,-0.706889746785828,-0.022907163216548));
#7392=CARTESIAN_POINT('',(0.1738719346211,-0.709354964643251,-0.022907163216548));
#7393=CARTESIAN_POINT('',(0.1738719346211,-0.711820182500675,-0.022907163216548));
#7394=CARTESIAN_POINT('',(0.174122801493658,-0.557054756887259,0.3));
#7395=CARTESIAN_POINT('',(0.174122801493658,-0.557054756887259,0.0225277336946499));
#7396=CARTESIAN_POINT('',(0.175,-0.564243905898447,-0.011453723216213));
#7397=CARTESIAN_POINT('',(0.175,-0.704424528928404,-0.011453723216213));
#7398=CARTESIAN_POINT('',(0.175,-0.706834747803722,-0.011453723216213));
#7399=CARTESIAN_POINT('',(0.175,-0.709244966679039,-0.011453723216213));
#7400=CARTESIAN_POINT('',(0.175,-0.711655185554357,-0.011453723216213));
#7401=CARTESIAN_POINT('',(0.174122801493658,-0.56,0.3));
#7402=CARTESIAN_POINT('',(0.174122801493658,-0.56,0.0326371701766504));
#7403=CARTESIAN_POINT('',(0.175,-0.567440755324889,0.));
#7404=CARTESIAN_POINT('',(0.175,-0.704424528928404,0.));
#7405=CARTESIAN_POINT('',(0.175,-0.706779782240988,0.));
#7406=CARTESIAN_POINT('',(0.175,-0.709135035553572,0.));
#7407=CARTESIAN_POINT('',(0.175,-0.711490288866156,0.));
#7408=CARTESIAN_POINT('',(0.22499853538228,-0.704424528928398,0.000811834853292344));
#7409=CARTESIAN_POINT('',(0.22457472289556,-0.704424528928398,0.118270685507259));
#7410=CARTESIAN_POINT('',(0.11769804039144,-0.704424528928398,0.224875371043585));
#7411=CARTESIAN_POINT('',(-0.117221058134731,-0.704424528928398,0.225124376165152));
#7412=CARTESIAN_POINT('',(-0.224323493883075,-0.704424528928398,0.118746500184489));
#7413=CARTESIAN_POINT('',(-0.224996308778284,-0.704424528928398,0.00128881191296042));
#7414=CARTESIAN_POINT('',(0.224808223450836,-0.505,-0.00927848504619134));
#7415=CARTESIAN_POINT('',(0.224808223450836,-0.639252414510718,-0.00927848504619134));
#7416=CARTESIAN_POINT('',(0.203002707024953,-0.603735332287548,-0.0970302747730007));
#7417=CARTESIAN_POINT('',(0.203002707024953,-0.704424528928404,-0.0970302747730007));
#7418=CARTESIAN_POINT('',(0.224935988572073,-0.505,-0.00618741731629074));
#7419=CARTESIAN_POINT('',(0.224935988572073,-0.639283515225599,-0.00618741731629074));
#7420=CARTESIAN_POINT('',(0.20383962301164,-0.603711977967555,-0.0952793813420483));
#7421=CARTESIAN_POINT('',(0.20383962301164,-0.704424528928404,-0.0952793813420483));
#7422=CARTESIAN_POINT('',(0.22499999999992,-0.505,-0.00309371669360703));
#7423=CARTESIAN_POINT('',(0.22499999999992,-0.639315077362635,-0.00309371669360703));
#7424=CARTESIAN_POINT('',(0.204653886484837,-0.60368826874068,-0.0935176603985052));
#7425=CARTESIAN_POINT('',(0.204653886484837,-0.704424528928404,-0.0935176603985052));
#7426=CARTESIAN_POINT('',(0.224999999999921,-0.505,0.0175));
#7427=CARTESIAN_POINT('',(0.224999999999921,-0.63952816962933,0.0175));
#7428=CARTESIAN_POINT('',(0.209921342767999,-0.603528131125904,-0.0817222984404632));
#7429=CARTESIAN_POINT('',(0.209921342767999,-0.704424528928404,-0.0817222984404632));
#7430=CARTESIAN_POINT('',(0.224999999999921,-0.505,0.035));
#7431=CARTESIAN_POINT('',(0.224999999999921,-0.639734889170578,0.035));
#7432=CARTESIAN_POINT('',(0.213662606847918,-0.60337336205047,-0.0713708248996991));
#7433=CARTESIAN_POINT('',(0.213662606847918,-0.704424528928404,-0.0713708248996991));
#7434=CARTESIAN_POINT('',(0.224999999999921,-0.505,0.07));
#7435=CARTESIAN_POINT('',(0.224999999999921,-0.640176654864913,0.07));
#7436=CARTESIAN_POINT('',(0.219595478672322,-0.60304203777972,-0.0502327578238081));
#7437=CARTESIAN_POINT('',(0.219595478672322,-0.704424528928404,-0.0502327578238081));
#7438=CARTESIAN_POINT('',(0.224999999999921,-0.505,0.0875));
#7439=CARTESIAN_POINT('',(0.224999999999921,-0.640411719540659,0.0875));
#7440=CARTESIAN_POINT('',(0.22178704108218,-0.602865739272909,-0.0394463258101851));
#7441=CARTESIAN_POINT('',(0.22178704108218,-0.704424528928404,-0.0394463258101851));
#7442=CARTESIAN_POINT('',(0.224999999999921,-0.505,0.1225));
#7443=CARTESIAN_POINT('',(0.224999999999921,-0.64090079934028,0.1225));
#7444=CARTESIAN_POINT('',(0.224573619503975,-0.602498929423194,-0.017669002088274));
#7445=CARTESIAN_POINT('',(0.224573619503975,-0.704424528928404,-0.017669002088274));
#7446=CARTESIAN_POINT('',(0.224999999999921,-0.505,0.14));
#7447=CARTESIAN_POINT('',(0.224999999999921,-0.641154945672714,0.14));
#7448=CARTESIAN_POINT('',(0.225168614222938,-0.602308319673868,-0.00667827678622007));
#7449=CARTESIAN_POINT('',(0.225168614222938,-0.704424528928404,-0.00667827678622007));
#7450=CARTESIAN_POINT('',(0.224999999999921,-0.505,0.175));
#7451=CARTESIAN_POINT('',(0.224999999999921,-0.641684907464023,0.175));
#7452=CARTESIAN_POINT('',(0.224749308950843,-0.601910848330387,0.015272600892782));
#7453=CARTESIAN_POINT('',(0.224749308950843,-0.704424528928404,0.015272600892782));
#7454=CARTESIAN_POINT('',(0.224999999999921,-0.505,0.1925));
#7455=CARTESIAN_POINT('',(0.224999999999921,-0.641960873072311,0.1925));
#7456=CARTESIAN_POINT('',(0.223735012163806,-0.601703771161351,0.026232585537325));
#7457=CARTESIAN_POINT('',(0.223735012163806,-0.704424528928404,0.026232585537325));
#7458=CARTESIAN_POINT('',(0.224999999999921,-0.505,0.2275));
#7459=CARTESIAN_POINT('',(0.224999999999921,-0.642546490282013,0.2275));
#7460=CARTESIAN_POINT('',(0.220118789937498,-0.601264764179713,0.0478876030759839));
#7461=CARTESIAN_POINT('',(0.220118789937498,-0.704424528928404,0.0478876030759839));
#7462=CARTESIAN_POINT('',(0.224999999999921,-0.505,0.245));
#7463=CARTESIAN_POINT('',(0.224999999999921,-0.642856309717124,0.245));
#7464=CARTESIAN_POINT('',(0.217516892130728,-0.601032676165474,0.0585824704984419));
#7465=CARTESIAN_POINT('',(0.217516892130728,-0.704424528928404,0.0585824704984419));
#7466=CARTESIAN_POINT('',(0.224999999999921,-0.505,0.28));
#7467=CARTESIAN_POINT('',(0.224999999999921,-0.643528023951469,0.28));
#7468=CARTESIAN_POINT('',(0.210781084969333,-0.600528723331123,0.079478540695352));
#7469=CARTESIAN_POINT('',(0.210781084969333,-0.704424528928404,0.079478540695352));
#7470=CARTESIAN_POINT('',(0.224999999999921,-0.505,0.2975));
#7471=CARTESIAN_POINT('',(0.224999999999921,-0.643890103618977,0.2975));
#7472=CARTESIAN_POINT('',(0.206647227084773,-0.600256858511012,0.08967958379746));
#7473=CARTESIAN_POINT('',(0.206647227084773,-0.704424528928404,0.08967958379746));
#7474=CARTESIAN_POINT('',(0.224999999999921,-0.505,0.3325));
#7475=CARTESIAN_POINT('',(0.224999999999921,-0.644687836434233,0.3325));
#7476=CARTESIAN_POINT('',(0.196935878560733,-0.599658744305889,0.109369849352661));
#7477=CARTESIAN_POINT('',(0.196935878560733,-0.704424528928404,0.109369849352661));
#7478=CARTESIAN_POINT('',(0.224999999999921,-0.505,0.35));
#7479=CARTESIAN_POINT('',(0.224999999999921,-0.645123671470144,0.35));
#7480=CARTESIAN_POINT('',(0.191358462128209,-0.599331775325796,0.118858921347278));
#7481=CARTESIAN_POINT('',(0.191358462128209,-0.704424528928404,0.118858921347278));
#7482=CARTESIAN_POINT('',(0.224999999999921,-0.505,0.385));
#7483=CARTESIAN_POINT('',(0.224999999999921,-0.646090057452967,0.385));
#7484=CARTESIAN_POINT('',(0.178879247031068,-0.598606985838679,0.136922310795246));
#7485=CARTESIAN_POINT('',(0.178879247031068,-0.704424528928404,0.136922310795246));
#7486=CARTESIAN_POINT('',(0.224999999999921,-0.505,0.4025));
#7487=CARTESIAN_POINT('',(0.224999999999921,-0.646620404789231,0.4025));
#7488=CARTESIAN_POINT('',(0.171977543723401,-0.598209225336481,0.145496490221509));
#7489=CARTESIAN_POINT('',(0.171977543723401,-0.704424528928404,0.145496490221509));
#7490=CARTESIAN_POINT('',(0.224999999999921,-0.505,0.434726215563697));
#7491=CARTESIAN_POINT('',(0.224999999999921,-0.6477017837689,0.434726215563697));
#7492=CARTESIAN_POINT('',(0.158184523901133,-0.597398191101729,0.160274725745362));
#7493=CARTESIAN_POINT('',(0.158184523901133,-0.704424528928404,0.160274725745362));
#7494=CARTESIAN_POINT('',(0.223549630227049,-0.505,0.449452066992695));
#7495=CARTESIAN_POINT('',(0.223549630227049,-0.648217349254747,0.449452066992695));
#7496=CARTESIAN_POINT('',(0.151465232280291,-0.597011516987344,0.166639175240567));
#7497=CARTESIAN_POINT('',(0.151465232280291,-0.704424528928404,0.166639175240567));
#7498=CARTESIAN_POINT('',(0.217803745954249,-0.505,0.478338577914533));
#7499=CARTESIAN_POINT('',(0.217803745954249,-0.649251741880182,0.478338577914533));
#7500=CARTESIAN_POINT('',(0.137295589018403,-0.596235722518268,0.178494404816142));
#7501=CARTESIAN_POINT('',(0.137295589018403,-0.704424528928404,0.178494404816142));
#7502=CARTESIAN_POINT('',(0.21350837353263,-0.505,0.492498523131465));
#7503=CARTESIAN_POINT('',(0.21350837353263,-0.649770374798581,0.492498523131465));
#7504=CARTESIAN_POINT('',(0.129845291685598,-0.595846747829468,0.183985139458764));
#7505=CARTESIAN_POINT('',(0.129845291685598,-0.704424528928404,0.183985139458764));
#7506=CARTESIAN_POINT('',(0.202237416097303,-0.505,0.519709021432763));
#7507=CARTESIAN_POINT('',(0.202237416097303,-0.650778970790716,0.519709021432763));
#7508=CARTESIAN_POINT('',(0.114326510119653,-0.595090300835367,0.194009743050291));
#7509=CARTESIAN_POINT('',(0.114326510119653,-0.704424528928404,0.194009743050291));
#7510=CARTESIAN_POINT('',(0.195262109780226,-0.505,0.532758901683936));
#7511=CARTESIAN_POINT('',(0.195262109780226,-0.651269056627543,0.532758901683936));
#7512=CARTESIAN_POINT('',(0.106258085365621,-0.594722736457747,0.19854357357772));
#7513=CARTESIAN_POINT('',(0.106258085365621,-0.704424528928404,0.19854357357772));
#7514=CARTESIAN_POINT('',(0.178899215755786,-0.505,0.557247703174797));
#7515=CARTESIAN_POINT('',(0.178899215755786,-0.652197376163367,0.557247703174797));
#7516=CARTESIAN_POINT('',(0.0896252881302287,-0.594026496805878,0.206585669982583));
#7517=CARTESIAN_POINT('',(0.0896252881302287,-0.704424528928404,0.206585669982583));
#7518=CARTESIAN_POINT('',(0.169512032653222,-0.505,0.568686018880612));
#7519=CARTESIAN_POINT('',(0.169512032653222,-0.652635715396894,0.568686018880612));
#7520=CARTESIAN_POINT('',(0.0810609793976839,-0.593697742380734,0.210093905036932));
#7521=CARTESIAN_POINT('',(0.0810609793976839,-0.704424528928404,0.210093905036932));
#7522=CARTESIAN_POINT('',(0.148686018880612,-0.505,0.589512032653222));
#7523=CARTESIAN_POINT('',(0.148686018880612,-0.653443725892479,0.589512032653222));
#7524=CARTESIAN_POINT('',(0.0635661674047918,-0.593091734509044,0.216031649709123));
#7525=CARTESIAN_POINT('',(0.0635661674047918,-0.704424528928404,0.216031649709123));
#7526=CARTESIAN_POINT('',(0.137247703174797,-0.505,0.598899215755787));
#7527=CARTESIAN_POINT('',(0.137247703174797,-0.653813475140215,0.598899215755787));
#7528=CARTESIAN_POINT('',(0.0546357311971193,-0.592814422573243,0.218461136569265));
#7529=CARTESIAN_POINT('',(0.0546357311971193,-0.704424528928404,0.218461136569265));
#7530=CARTESIAN_POINT('',(0.112758901683935,-0.505,0.615262109780227));
#7531=CARTESIAN_POINT('',(0.112758901683935,-0.65447249102097,0.615262109780227));
#7532=CARTESIAN_POINT('',(0.0365439656095703,-0.592320160662676,0.222204567667061));
#7533=CARTESIAN_POINT('',(0.0365439656095703,-0.704424528928404,0.222204567667061));
#7534=CARTESIAN_POINT('',(0.0997090214327632,-0.505,0.622237416097303));
#7535=CARTESIAN_POINT('',(0.0997090214327632,-0.654761810235821,0.622237416097303));
#7536=CARTESIAN_POINT('',(0.0273827055703227,-0.592103163639545,0.2235184975572));
#7537=CARTESIAN_POINT('',(0.0273827055703227,-0.704424528928404,0.2235184975572));
#7538=CARTESIAN_POINT('',(0.0724985231314656,-0.505,0.633508373532631));
#7539=CARTESIAN_POINT('',(0.0724985231314656,-0.655252225512906,0.633508373532631));
#7540=CARTESIAN_POINT('',(0.00896809190159502,-0.591735367405717,0.22501089894097));
#7541=CARTESIAN_POINT('',(0.00896809190159502,-0.704424528928404,0.22501089894097));
#7542=CARTESIAN_POINT('',(0.0583385779145323,-0.505,0.637803745954249));
#7543=CARTESIAN_POINT('',(0.0583385779145323,-0.655453353330559,0.637803745954249));
#7544=CARTESIAN_POINT('',(-0.000285191149869898,-0.591584823960736,0.225189364714649));
#7545=CARTESIAN_POINT('',(-0.000285191149869898,-0.704424528928404,0.225189364714649));
#7546=CARTESIAN_POINT('',(0.0294520669926944,-0.505,0.64354963022705));
#7547=CARTESIAN_POINT('',(0.0294520669926944,-0.655763138209595,0.64354963022705));
#7548=CARTESIAN_POINT('',(-0.0187436559654666,-0.591352475070908,0.224408125244224));
#7549=CARTESIAN_POINT('',(-0.0187436559654666,-0.704424528928404,0.224408125244224));
#7550=CARTESIAN_POINT('',(0.0147262155636972,-0.505,0.644999999999921));
#7551=CARTESIAN_POINT('',(0.0147262155636972,-0.655871810011545,0.644999999999921));
#7552=CARTESIAN_POINT('',(-0.027948766983514,-0.59127066962606,0.223448422994391));
#7553=CARTESIAN_POINT('',(-0.027948766983514,-0.704424528928404,0.223448422994391));
#7554=CARTESIAN_POINT('',(-0.0147262155636967,-0.505,0.644999999999921));
#7555=CARTESIAN_POINT('',(-0.0147262155636967,-0.655995607105764,0.644999999999921));
#7556=CARTESIAN_POINT('',(-0.046171421629796,-0.591177825392766,0.220405379106914));
#7557=CARTESIAN_POINT('',(-0.046171421629796,-0.704424528928404,0.220405379106914));
#7558=CARTESIAN_POINT('',(-0.0294520669926945,-0.505,0.64354963022705));
#7559=CARTESIAN_POINT('',(-0.0294520669926945,-0.656010732516614,0.64354963022705));
#7560=CARTESIAN_POINT('',(-0.0551888954157404,-0.59116677399971,0.218322049132399));
#7561=CARTESIAN_POINT('',(-0.0551888954157404,-0.704424528928404,0.218322049132399));
#7562=CARTESIAN_POINT('',(-0.0583385779145324,-0.505,0.637803745954249));
#7563=CARTESIAN_POINT('',(-0.0583385779145324,-0.655949413977824,0.637803745954249));
#7564=CARTESIAN_POINT('',(-0.0728996512995525,-0.591212768523135,0.213063305510317));
#7565=CARTESIAN_POINT('',(-0.0728996512995525,-0.704424528928404,0.213063305510317));
#7566=CARTESIAN_POINT('',(-0.0724985231314666,-0.505,0.63350837353263));
#7567=CARTESIAN_POINT('',(-0.0724985231314666,-0.655872956626595,0.63350837353263));
#7568=CARTESIAN_POINT('',(-0.0815928655170936,-0.591269814439616,0.209887912018031));
#7569=CARTESIAN_POINT('',(-0.0815928655170936,-0.704424528928404,0.209887912018031));
#7570=CARTESIAN_POINT('',(-0.0997090214327641,-0.505,0.622237416097302));
#7571=CARTESIAN_POINT('',(-0.0997090214327641,-0.655633555337032,0.622237416097302));
#7572=CARTESIAN_POINT('',(-0.098523389743444,-0.591449359444472,0.202493143064254));
#7573=CARTESIAN_POINT('',(-0.098523389743444,-0.704424528928404,0.202493143064254));
#7574=CARTESIAN_POINT('',(-0.112758901683936,-0.505,0.615262109780227));
#7575=CARTESIAN_POINT('',(-0.112758901683936,-0.655470584659382,0.615262109780227));
#7576=CARTESIAN_POINT('',(-0.106760634862334,-0.591571590433867,0.198273795944826));
#7577=CARTESIAN_POINT('',(-0.106760634862334,-0.704424528928404,0.198273795944826));
#7578=CARTESIAN_POINT('',(-0.137247703174797,-0.505,0.598899215755787));
#7579=CARTESIAN_POINT('',(-0.137247703174797,-0.655066560706974,0.598899215755787));
#7580=CARTESIAN_POINT('',(-0.122654415704157,-0.591874608398173,0.1888550386483));
#7581=CARTESIAN_POINT('',(-0.122654415704157,-0.704424528928404,0.1888550386483));
#7582=CARTESIAN_POINT('',(-0.148686018880612,-0.505,0.589512032653222));
#7583=CARTESIAN_POINT('',(-0.148686018880612,-0.654825467257653,0.589512032653222));
#7584=CARTESIAN_POINT('',(-0.130310890510716,-0.592055428485165,0.18365566457064));
#7585=CARTESIAN_POINT('',(-0.130310890510716,-0.704424528928404,0.18365566457064));
#7586=CARTESIAN_POINT('',(-0.169512032653222,-0.505,0.568686018880612));
#7587=CARTESIAN_POINT('',(-0.169512032653222,-0.654277305738565,0.568686018880612));
#7588=CARTESIAN_POINT('',(-0.144927123777969,-0.592466549624481,0.172355621051431));
#7589=CARTESIAN_POINT('',(-0.144927123777969,-0.704424528928404,0.172355621051431));
#7590=CARTESIAN_POINT('',(-0.178899215755787,-0.505,0.557247703174797));
#7591=CARTESIAN_POINT('',(-0.178899215755787,-0.653970184989207,0.557247703174797));
#7592=CARTESIAN_POINT('',(-0.151886826218768,-0.592696890186498,0.166254994919758));
#7593=CARTESIAN_POINT('',(-0.151886826218768,-0.704424528928404,0.166254994919758));
#7594=CARTESIAN_POINT('',(-0.195262109780227,-0.505,0.532758901683935));
#7595=CARTESIAN_POINT('',(-0.195262109780227,-0.653306332701116,0.532758901683935));
#7596=CARTESIAN_POINT('',(-0.165004063645086,-0.593194779402567,0.153244870371531));
#7597=CARTESIAN_POINT('',(-0.165004063645086,-0.704424528928404,0.153244870371531));
#7598=CARTESIAN_POINT('',(-0.202237416097303,-0.505,0.519709021432763));
#7599=CARTESIAN_POINT('',(-0.202237416097303,-0.652949540722455,0.519709021432763));
#7600=CARTESIAN_POINT('',(-0.171161548355937,-0.593462373386563,0.146335421819111));
#7601=CARTESIAN_POINT('',(-0.171161548355937,-0.704424528928404,0.146335421819111));
#7602=CARTESIAN_POINT('',(-0.21350837353263,-0.505,0.492498523131465));
#7603=CARTESIAN_POINT('',(-0.21350837353263,-0.652207653114231,0.492498523131465));
#7604=CARTESIAN_POINT('',(-0.182581052726715,-0.594018789092731,0.131812330605992));
#7605=CARTESIAN_POINT('',(-0.182581052726715,-0.704424528928404,0.131812330605992));
#7606=CARTESIAN_POINT('',(-0.217803745954249,-0.505,0.478338577914532));
#7607=CARTESIAN_POINT('',(-0.217803745954249,-0.651822503193895,0.478338577914532));
#7608=CARTESIAN_POINT('',(-0.187843028618905,-0.594307651532982,0.124198743608203));
#7609=CARTESIAN_POINT('',(-0.187843028618905,-0.704424528928404,0.124198743608203));
#7610=CARTESIAN_POINT('',(-0.223549630227049,-0.505,0.449452066992694));
#7611=CARTESIAN_POINT('',(-0.223549630227049,-0.651050835862413,0.449452066992694));
#7612=CARTESIAN_POINT('',(-0.197391784807782,-0.594886402031594,0.108382722815849));
#7613=CARTESIAN_POINT('',(-0.197391784807782,-0.704424528928404,0.108382722815849));
#7614=CARTESIAN_POINT('',(-0.224999999999921,-0.505,0.434726215563697));
#7615=CARTESIAN_POINT('',(-0.224999999999921,-0.650664463045345,0.434726215563697));
#7616=CARTESIAN_POINT('',(-0.201678528506782,-0.595176181644395,0.100180349639628));
#7617=CARTESIAN_POINT('',(-0.201678528506782,-0.704424528928404,0.100180349639628));
#7618=CARTESIAN_POINT('',(-0.224999999999921,-0.505,0.4025));
#7619=CARTESIAN_POINT('',(-0.224999999999921,-0.649852722735599,0.4025));
#7620=CARTESIAN_POINT('',(-0.209921342767999,-0.595784986876705,0.081722298440462));
#7621=CARTESIAN_POINT('',(-0.209921342767999,-0.704424528928404,0.081722298440462));
#7622=CARTESIAN_POINT('',(-0.224999999999921,-0.505,0.384999999999999));
#7623=CARTESIAN_POINT('',(-0.224999999999921,-0.64944177117901,0.384999999999999));
#7624=CARTESIAN_POINT('',(-0.213662606847919,-0.596093200544146,0.071370824899698));
#7625=CARTESIAN_POINT('',(-0.213662606847919,-0.704424528928404,0.071370824899698));
#7626=CARTESIAN_POINT('',(-0.224999999999921,-0.505,0.35));
#7627=CARTESIAN_POINT('',(-0.224999999999921,-0.648658192095958,0.35));
#7628=CARTESIAN_POINT('',(-0.219595478672323,-0.596680884856435,0.050232757823807));
#7629=CARTESIAN_POINT('',(-0.219595478672323,-0.704424528928404,0.050232757823807));
#7630=CARTESIAN_POINT('',(-0.224999999999921,-0.505,0.3325));
#7631=CARTESIAN_POINT('',(-0.224999999999921,-0.648285650095505,0.3325));
#7632=CARTESIAN_POINT('',(-0.22178704108218,-0.596960291356775,0.039446325810184));
#7633=CARTESIAN_POINT('',(-0.22178704108218,-0.704424528928404,0.039446325810184));
#7634=CARTESIAN_POINT('',(-0.224999999999921,-0.505,0.2975));
#7635=CARTESIAN_POINT('',(-0.224999999999921,-0.64756125641514,0.2975));
#7636=CARTESIAN_POINT('',(-0.224573619503975,-0.597503586617049,0.0176690020882739));
#7637=CARTESIAN_POINT('',(-0.224573619503975,-0.704424528928404,0.0176690020882739));
#7638=CARTESIAN_POINT('',(-0.224999999999921,-0.505,0.28));
#7639=CARTESIAN_POINT('',(-0.224999999999921,-0.647209300205463,0.28));
#7640=CARTESIAN_POINT('',(-0.225168614222938,-0.597767553774307,0.00667827678621991));
#7641=CARTESIAN_POINT('',(-0.225168614222938,-0.704424528928404,0.00667827678621991));
#7642=CARTESIAN_POINT('',(-0.224999999999921,-0.505,0.245));
#7643=CARTESIAN_POINT('',(-0.224999999999921,-0.646512519188204,0.245));
#7644=CARTESIAN_POINT('',(-0.224749308950843,-0.598290139537251,-0.015272600892781));
#7645=CARTESIAN_POINT('',(-0.224749308950843,-0.704424528928404,-0.015272600892781));
#7646=CARTESIAN_POINT('',(-0.224999999999921,-0.505,0.2275));
#7647=CARTESIAN_POINT('',(-0.224999999999921,-0.646167595906884,0.2275));
#7648=CARTESIAN_POINT('',(-0.223735012163807,-0.598548831998241,-0.0262325855373251));
#7649=CARTESIAN_POINT('',(-0.223735012163807,-0.704424528928404,-0.0262325855373251));
#7650=CARTESIAN_POINT('',(-0.224999999999921,-0.505,0.1925));
#7651=CARTESIAN_POINT('',(-0.224999999999921,-0.645477697393149,0.1925));
#7652=CARTESIAN_POINT('',(-0.220118789937499,-0.599066255883542,-0.0478876030759841));
#7653=CARTESIAN_POINT('',(-0.220118789937499,-0.704424528928404,-0.0478876030759841));
#7654=CARTESIAN_POINT('',(-0.224999999999921,-0.505,0.175));
#7655=CARTESIAN_POINT('',(-0.224999999999921,-0.645132616706608,0.175));
#7656=CARTESIAN_POINT('',(-0.217516892130729,-0.599325066398448,-0.0585824704984411));
#7657=CARTESIAN_POINT('',(-0.217516892130729,-0.704424528928404,-0.0585824704984411));
#7658=CARTESIAN_POINT('',(-0.224999999999921,-0.505,0.14));
#7659=CARTESIAN_POINT('',(-0.224999999999921,-0.644443475215817,0.14));
#7660=CARTESIAN_POINT('',(-0.210781084969333,-0.599841922516541,-0.0794785406953511));
#7661=CARTESIAN_POINT('',(-0.210781084969333,-0.704424528928404,-0.0794785406953511));
#7662=CARTESIAN_POINT('',(-0.224999999999921,-0.505,0.1225));
#7663=CARTESIAN_POINT('',(-0.224999999999921,-0.64409929394749,0.1225));
#7664=CARTESIAN_POINT('',(-0.206647227084773,-0.600100058467786,-0.0896795837974601));
#7665=CARTESIAN_POINT('',(-0.206647227084773,-0.704424528928404,-0.0896795837974601));
#7666=CARTESIAN_POINT('',(-0.224999999999921,-0.505,0.0875));
#7667=CARTESIAN_POINT('',(-0.224999999999921,-0.643423375111384,0.0875));
#7668=CARTESIAN_POINT('',(-0.196935878560733,-0.600606997594866,-0.109369849352661));
#7669=CARTESIAN_POINT('',(-0.196935878560733,-0.704424528928404,-0.109369849352661));
#7670=CARTESIAN_POINT('',(-0.224999999999921,-0.505,0.07));
#7671=CARTESIAN_POINT('',(-0.224999999999921,-0.643091523157576,0.07));
#7672=CARTESIAN_POINT('',(-0.19135846212821,-0.600855886560222,-0.118858921347277));
#7673=CARTESIAN_POINT('',(-0.19135846212821,-0.704424528928404,-0.118858921347277));
#7674=CARTESIAN_POINT('',(-0.224999999999921,-0.505,0.035));
#7675=CARTESIAN_POINT('',(-0.224999999999921,-0.642464333078558,0.035));
#7676=CARTESIAN_POINT('',(-0.178879247031069,-0.601326279119485,-0.136922310795245));
#7677=CARTESIAN_POINT('',(-0.178879247031069,-0.704424528928404,-0.136922310795245));
#7678=CARTESIAN_POINT('',(-0.224999999999921,-0.505,0.0175));
#7679=CARTESIAN_POINT('',(-0.224999999999921,-0.642169003312623,0.0175));
#7680=CARTESIAN_POINT('',(-0.171977543723401,-0.601547776443937,-0.145496490221509));
#7681=CARTESIAN_POINT('',(-0.171977543723401,-0.704424528928404,-0.145496490221509));
#7682=CARTESIAN_POINT('',(-0.224999999999921,-0.505,4.99600361081321E-16));
#7683=CARTESIAN_POINT('',(-0.224999999999921,-0.641911058778061,4.99600361081321E-16));
#7684=CARTESIAN_POINT('',(-0.164487435354561,-0.601741234844859,-0.153521606330977));
#7685=CARTESIAN_POINT('',(-0.164487435354561,-0.704424528928404,-0.153521606330977));
#7686=CARTESIAN_POINT('',(-0.224999999999921,-0.505,-0.00309371669411191));
#7687=CARTESIAN_POINT('',(-0.224999999999921,-0.641865458360191,-0.00309371669411191));
#7688=CARTESIAN_POINT('',(-0.163163305451625,-0.601775435158262,-0.154940316941266));
#7689=CARTESIAN_POINT('',(-0.163163305451625,-0.704424528928404,-0.154940316941266));
#7690=CARTESIAN_POINT('',(-0.224935988572053,-0.505,-0.00618741731730002));
#7691=CARTESIAN_POINT('',(-0.224935988572053,-0.641820053012309,-0.00618741731730002));
#7692=CARTESIAN_POINT('',(-0.161820798794325,-0.601809489169173,-0.15634187377673));
#7693=CARTESIAN_POINT('',(-0.161820798794325,-0.704424528928404,-0.15634187377673));
#7694=CARTESIAN_POINT('',(-0.224808223450774,-0.505,-0.00927848504770376));
#7695=CARTESIAN_POINT('',(-0.224808223450774,-0.641774853365922,-0.00927848504770376));
#7696=CARTESIAN_POINT('',(-0.160460386859609,-0.601843388903963,-0.157725830258863));
#7697=CARTESIAN_POINT('',(-0.160460386859609,-0.704424528928404,-0.157725830258863));
#7698=CARTESIAN_POINT('',(0.000722357950400821,-1.01682310160738,2.18767108375917E-19));
#7699=CARTESIAN_POINT('',(0.000722357950400821,-1.01682310160738,-0.049826680980159));
#7700=CARTESIAN_POINT('',(-0.0564548671302917,-1.01540646850539,-3.85586687033128E-18));
#7701=CARTESIAN_POINT('',(-0.0564548671302917,-1.01540646850539,-0.0063002992641624));
#7702=CARTESIAN_POINT('',(-0.0553671126114128,-1.01541323905269,-0.0126874729806761));
#7703=CARTESIAN_POINT('',(-0.0532817577046049,-1.01542605936544,-0.018632630789367));
#7704=CARTESIAN_POINT('',(-0.0511963694991591,-1.0154388798829,-0.0245778835294563));
#7705=CARTESIAN_POINT('',(-0.0480558618292742,-1.01545808842525,-0.0302450538532985));
#7706=CARTESIAN_POINT('',(-0.0441204024075005,-1.01548169287099,-0.0351650782888408));
#7707=CARTESIAN_POINT('',(-0.0401843783836665,-1.01550530070315,-0.0400858085774069));
#7708=CARTESIAN_POINT('',(-0.0353446635666275,-1.01553393379324,-0.0443948696486131));
#7709=CARTESIAN_POINT('',(-0.0300020084682753,-1.01556476957213,-0.0477357549614516));
#7710=CARTESIAN_POINT('',(-0.0246581767468824,-1.01559561214205,-0.0510773760437835));
#7711=CARTESIAN_POINT('',(-0.0186638381649891,-1.01562948975295,-0.0535425465637298));
#7712=CARTESIAN_POINT('',(-0.0125152506859637,-1.0156632997148,-0.0549273386375883));
#7713=CARTESIAN_POINT('',(-0.00636547964089391,-1.01569711618487,-0.0563123972755776));
#7714=CARTESIAN_POINT('',(0.000108201247905739,-1.01573179040387,-0.0566548570632947));
#7715=CARTESIAN_POINT('',(0.00636978690052085,-1.01576443037412,-0.055926369150971));
#7716=CARTESIAN_POINT('',(0.0126318778504554,-1.01579707297835,-0.0551978224511436));
#7717=CARTESIAN_POINT('',(0.0188545699463246,-1.01582858815093,-0.0533780455669741));
#7718=CARTESIAN_POINT('',(0.0245224575436882,-1.01585661812116,-0.0506176301266618));
#7719=CARTESIAN_POINT('',(0.0301900101735122,-1.01588464643484,-0.0478573778246531));
#7720=CARTESIAN_POINT('',(0.0354591711142757,-1.01590998004385,-0.0440804322653383));
#7721=CARTESIAN_POINT('',(0.0398933313946997,-1.01593092897695,-0.0395995043571199));
#7722=CARTESIAN_POINT('',(0.0443267549981241,-1.01595187442966,-0.0351193208957231));
#7723=CARTESIAN_POINT('',(0.0480477577340355,-1.01596903414345,-0.0298117744831595));
#7724=CARTESIAN_POINT('',(0.0507479194183508,-1.01598137711077,-0.0241164516708093));
#7725=CARTESIAN_POINT('',(0.0534475413928492,-1.01599371761097,-0.0184222672427456));
#7726=CARTESIAN_POINT('',(0.0552011983573222,-1.01600159826461,-0.0121833735146455));
#7727=CARTESIAN_POINT('',(0.0558635250293537,-1.01600457855972,-0.0059165432240361));
#7728=CARTESIAN_POINT('',(0.0560710934008884,-1.01600551256258,-0.00395256409857414));
#7729=CARTESIAN_POINT('',(0.056175309893188,-1.0160059809358,-0.0019749175890655));
#7730=CARTESIAN_POINT('',(0.0561753098929849,-1.0160059809358,5.79087169621097E-12));
#7731=CARTESIAN_POINT('',(0.0561753098923367,-1.0160059809358,0.0063005063486982));
#7732=CARTESIAN_POINT('',(0.0550875135319372,-1.01600111287987,0.0126878921768487));
#7733=CARTESIAN_POINT('',(0.0530020639556979,-1.01599164567177,0.018633242512527));
#7734=CARTESIAN_POINT('',(0.0509165880173228,-1.015982178344,0.0245786680032868));
#7735=CARTESIAN_POINT('',(0.0477759377388406,-1.01596783898258,0.0302460040184137));
#7736=CARTESIAN_POINT('',(0.0438402806429897,-1.01594946552802,0.0351661309909684));
#7737=CARTESIAN_POINT('',(0.0399041650052708,-1.01593108993278,0.0400868312055909));
#7738=CARTESIAN_POINT('',(0.0350643376584899,-1.01590815384662,0.0443958411811411));
#7739=CARTESIAN_POINT('',(0.0297215731761152,-1.01588213390535,0.0477366233091335));
#7740=CARTESIAN_POINT('',(0.0243777883345293,-1.0158561089948,0.0510780434584775));
#7741=CARTESIAN_POINT('',(0.0183835312182405,-1.0158262628576,0.0535430131743622));
#7742=CARTESIAN_POINT('',(0.0122350648203227,-1.01579474848854,0.0549276323067563));
#7743=CARTESIAN_POINT('',(0.00608544017775969,-1.01576322818282,0.0563125122729246));
#7744=CARTESIAN_POINT('',(-0.000388042513397479,-1.01572915920002,0.0566548283754655));
#7745=CARTESIAN_POINT('',(-0.00664941920033279,-1.01569529113688,0.0559262789719338));
#7746=CARTESIAN_POINT('',(-0.0129114556780041,-1.01566141950489,0.055197652797722));
#7747=CARTESIAN_POINT('',(-0.0191340646215607,-1.01562681727824,0.053377827964921));
#7748=CARTESIAN_POINT('',(-0.0248018871601158,-1.01559456928363,0.0506174127832542));
#7749=CARTESIAN_POINT('',(-0.0304695468568571,-1.01556232221554,0.0478570769108834));
#7750=CARTESIAN_POINT('',(-0.0357388012486919,-1.01553155562097,0.0440800363762716));
#7751=CARTESIAN_POINT('',(-0.0401730384043053,-1.01550524259073,0.039598997555643));
#7752=CARTESIAN_POINT('',(-0.0446065729920151,-1.01547893372958,0.0351186687182519));
#7753=CARTESIAN_POINT('',(-0.0483276613106861,-1.01545637402447,0.0298109391580356));
#7754=CARTESIAN_POINT('',(-0.0510278391171314,-1.01543987411768,0.024115411513084));
#7755=CARTESIAN_POINT('',(-0.053727416844444,-1.01542337787777,0.0184211496245139));
#7756=CARTESIAN_POINT('',(-0.0554810039714497,-1.01541250255395,0.0121821641043572));
#7757=CARTESIAN_POINT('',(-0.0561432098567625,-1.01540840010857,0.00591526080027209));
#7758=CARTESIAN_POINT('',(-0.0563506932928641,-1.01540711472364,0.00395170435946171));
#7759=CARTESIAN_POINT('',(-0.0564548671302917,-1.01540646850539,0.00197448852230619));
#7760=CARTESIAN_POINT('',(-0.0564548671302917,-1.01540646850539,-3.85586687033128E-18));
#7761=CARTESIAN_POINT('',(-0.0564548671302917,-1.01540646850539,-3.85586687033128E-18));
#7762=CARTESIAN_POINT('',(0.000722357950400821,-0.997044745503442,2.18767108375917E-19));
#7763=CARTESIAN_POINT('',(-0.120059245138643,-0.774190918010867,-0.0526892015162469));
#7764=CARTESIAN_POINT('',(-0.121213776027914,-0.771266800839521,-0.0513658969465836));
#7765=CARTESIAN_POINT('',(-0.122131339932364,-0.767798287556226,-0.050766779582496));
#7766=CARTESIAN_POINT('',(-0.122638374771448,-0.764434199974628,-0.0510027624347965));
#7767=CARTESIAN_POINT('',(-0.120057466013212,-0.774188437152458,-0.0526931310870324));
#7768=CARTESIAN_POINT('',(-0.122718705254777,-0.764441464059305,-0.0509335432598553));
#7769=CARTESIAN_POINT('',(-0.151118589591044,-0.780352251930627,-0.0344415505174087));
#7770=CARTESIAN_POINT('',(-0.150922664221376,-0.777773814713475,-0.0486842481509793));
#7771=CARTESIAN_POINT('',(-0.133233195492841,-0.771180768461958,-0.0582550973616939));
#7772=CARTESIAN_POINT('',(-0.122829072496795,-0.764451496111044,-0.0507709621795263));
#7773=CARTESIAN_POINT('',(-0.152690626688641,-0.780181176232629,-0.0344322049565656));
#7774=CARTESIAN_POINT('',(-0.120059068961351,-0.774190542444599,-0.0526888906146177));
#7775=CARTESIAN_POINT('',(-0.133713283822724,-0.777237644485962,-0.0593730790852501));
#7776=CARTESIAN_POINT('',(-0.151035062510369,-0.780885530304768,-0.0506936478379501));
#7777=CARTESIAN_POINT('',(-0.154756687403921,-0.781437779484174,-0.0322262845969061));
#7778=CARTESIAN_POINT('',(-0.15475668693255,-0.781437779377599,-0.0322262844463231));
#7779=CARTESIAN_POINT('',(-0.15475668693255,-0.781437779377599,-0.0322262844463231));
#7780=CARTESIAN_POINT('',(-0.15475668693255,-0.781437779377599,-0.0322262844463231));
#7781=CARTESIAN_POINT('',(-0.15475668693255,-0.781437779377599,-0.0322262844463231));
#7782=CARTESIAN_POINT('',(-0.151513195559576,-0.780956776113553,-0.048320619487612));
#7783=CARTESIAN_POINT('',(-0.152009747250294,-0.779044667995013,-0.0479971668425801));
#7784=CARTESIAN_POINT('',(-0.152506360398981,-0.777132640310608,-0.0476733323639743));
#7785=CARTESIAN_POINT('',(-0.153003035018965,-0.775220693077779,-0.0473491159689992));
#7786=CARTESIAN_POINT('',(-0.133614575451034,-0.777219541819519,-0.059316888032411));
#7787=CARTESIAN_POINT('',(-0.134446104264294,-0.773908960825405,-0.0575326196718357));
#7788=CARTESIAN_POINT('',(-0.135488969823629,-0.769980098316196,-0.0568673589571307));
#7789=CARTESIAN_POINT('',(-0.136509364721233,-0.766313731438644,-0.0574709111654902));
#7790=CARTESIAN_POINT('',(-0.120047384892156,-0.77418826811418,-0.0526834026169275));
#7791=CARTESIAN_POINT('',(-0.12120627505963,-0.771265070875183,-0.0513622993895004));
#7792=CARTESIAN_POINT('',(-0.122127483563656,-0.767797021469868,-0.050764782371773));
#7793=CARTESIAN_POINT('',(-0.12263853316371,-0.764433157472665,-0.0510028361852383));
#7794=CARTESIAN_POINT('',(-0.0735690718319356,-0.765650536062438,-0.030992805868957));
#7795=CARTESIAN_POINT('',(-0.0748120290798092,-0.762589750929361,-0.029626950513799));
#7796=CARTESIAN_POINT('',(-0.0749418010566974,-0.762754859931319,-0.0288924071145202));
#7797=CARTESIAN_POINT('',(-0.0761493112836707,-0.756276640194274,-0.0293279403426287));
#7798=CARTESIAN_POINT('',(-0.0727069577220239,-0.765380461596913,-0.0309700226349381));
#7799=CARTESIAN_POINT('',(-0.0741078143982329,-0.755861457801805,-0.0288118575866948));
#7800=CARTESIAN_POINT('',(-0.0994423128890143,-0.760181996489273,-0.0401862614873374));
#7801=CARTESIAN_POINT('',(-0.0737258957442064,-0.765622299528699,-0.0310162717378757));
#7802=CARTESIAN_POINT('',(-0.0891644141276486,-0.768468675925701,-0.038256890773407));
#7803=CARTESIAN_POINT('',(-0.104607860517696,-0.771323128899824,-0.0454838272634302));
#7804=CARTESIAN_POINT('',(-0.120056182495057,-0.774185713356659,-0.0526970949555564));
#7805=CARTESIAN_POINT('',(-0.0909899486986648,-0.760181996489273,-0.0583124149882093));
#7806=CARTESIAN_POINT('',(-0.0820925167664262,-0.756910455554345,-0.0539201855965984));
#7807=CARTESIAN_POINT('',(-0.0668283779770363,-0.755862560379375,-0.0468024007839652));
#7808=CARTESIAN_POINT('',(-0.0697012896944081,-0.763397823957066,-0.0173660230417098));
#7809=CARTESIAN_POINT('',(-0.0694017570664716,-0.763713303164499,-0.0221602093333911));
#7810=CARTESIAN_POINT('',(-0.0702745496822477,-0.764265931318378,-0.0269512134770761));
#7811=CARTESIAN_POINT('',(-0.0720673092140142,-0.765280653319352,-0.031198616074366));
#7812=CARTESIAN_POINT('',(-0.0673104845860434,-0.763315596264346,-0.016921352899929));
#7813=CARTESIAN_POINT('',(-0.0777068300640654,-0.70193316639465,-0.0190170597463031));
#7814=CARTESIAN_POINT('',(-0.069370191214018,-0.761765060136363,-0.023555039971494));
#7815=CARTESIAN_POINT('',(-0.0484767665209391,-0.763302389107709,-0.0508789718033811));
#7816=CARTESIAN_POINT('',(-0.0533444824213018,-0.758695449087953,-0.0491639122463819));
#7817=CARTESIAN_POINT('',(-0.0577240109401563,-0.756186229703113,-0.0496832050454907));
#7818=CARTESIAN_POINT('',(-0.0607516831044533,-0.755774730953192,-0.0505948343687383));
#7819=CARTESIAN_POINT('',(-0.0482873923413962,-0.763304779607058,-0.0503350649820431));
#7820=CARTESIAN_POINT('',(-0.0610795532434532,-0.755768511147533,-0.0495031157170581));
#7821=CARTESIAN_POINT('',(-0.0632171520401621,-0.765460466298206,-0.04856160386594));
#7822=CARTESIAN_POINT('',(-0.058446818988337,-0.764348061456803,-0.0484479402173155));
#7823=CARTESIAN_POINT('',(-0.0534689449913436,-0.763809388274583,-0.0495065392572747));
#7824=CARTESIAN_POINT('',(-0.0490116786632605,-0.763610572069778,-0.0517720070935005));
#7825=CARTESIAN_POINT('',(-0.063243187473723,-0.765391454250161,-0.048144334551364));
#7826=CARTESIAN_POINT('',(-0.0624987623980231,-0.76539906710877,-0.0475446566201487));
#7827=CARTESIAN_POINT('',(-0.0618146898888733,-0.763475283659243,-0.0483694247368136));
#7828=CARTESIAN_POINT('',(-0.0612675974979885,-0.761343729318023,-0.0489039560000242));
#7829=CARTESIAN_POINT('',(-0.0608646469259427,-0.759186510829207,-0.049086108773023));
#7830=CARTESIAN_POINT('',(-0.0606612267453403,-0.758097489482579,-0.0491780643441306));
#7831=CARTESIAN_POINT('',(-0.0604915826331931,-0.756990827843953,-0.0491831650049727));
#7832=CARTESIAN_POINT('',(-0.0603527458472392,-0.755891057740253,-0.0490993010901031));
#7833=CARTESIAN_POINT('',(-0.0566119346869409,-0.765725026183751,-0.0674928524802701));
#7834=CARTESIAN_POINT('',(-0.0635861868150215,-0.765426966314869,-0.048344027966263));
#7835=CARTESIAN_POINT('',(-0.0628227354223008,-0.761041532633526,-0.0508001515056942));
#7836=CARTESIAN_POINT('',(-0.0628190766900272,-0.760335149098626,-0.050825488372946));
#7837=CARTESIAN_POINT('',(-0.063527643547,-0.755940218137299,-0.0513236073504853));
#7838=CARTESIAN_POINT('',(-0.0635612512895552,-0.75594846105298,-0.0513485285306536));
#7839=CARTESIAN_POINT('',(-0.0610302285938819,-0.755743355663071,-0.0495762873597625));
#7840=CARTESIAN_POINT('',(-0.0618741204841467,-0.755807453518937,-0.05016718682276));
#7841=CARTESIAN_POINT('',(-0.0627180123744115,-0.755871551374803,-0.0507580862857575));
#7842=CARTESIAN_POINT('',(-0.0635619042646763,-0.75593564923067,-0.0513489857487549));
#7843=CARTESIAN_POINT('',(-0.0735450457942427,-0.755832205337637,-0.0341929549810014));
#7844=CARTESIAN_POINT('',(-0.105668377406213,-0.774155656055726,-0.0776577530249662));
#7845=CARTESIAN_POINT('',(-0.105116661111118,-0.771280956134792,-0.0792883863506187));
#7846=CARTESIAN_POINT('',(-0.105051096595811,-0.767991262403818,-0.0803446645392853));
#7847=CARTESIAN_POINT('',(-0.105480322488992,-0.764687050291584,-0.0806985048965242));
#7848=CARTESIAN_POINT('',(-0.105267422733674,-0.774720422658755,-0.0785177386885596));
#7849=CARTESIAN_POINT('',(-0.105438951635047,-0.764823811759392,-0.0818058830728346));
#7850=CARTESIAN_POINT('',(-0.0845234797859818,-0.76018199649111,-0.0660264384530154));
#7851=CARTESIAN_POINT('',(-0.105880630453379,-0.774234908975545,-0.0777828552581284));
#7852=CARTESIAN_POINT('',(-0.0916804349093786,-0.771336971264255,-0.0678711191862712));
#7853=CARTESIAN_POINT('',(-0.0774831592620673,-0.768436525998579,-0.0579559330258249));
#7854=CARTESIAN_POINT('',(-0.0632888083415529,-0.765533586181299,-0.0480372914460989));
#7855=CARTESIAN_POINT('',(-0.0959950070847345,-0.76018199649111,-0.0496433996070141));
#7856=CARTESIAN_POINT('',(-0.104972283246261,-0.780971119396176,-0.116571413134735));
#7857=CARTESIAN_POINT('',(-0.122907447641309,-0.781672422038073,-0.105610345341261));
#7858=CARTESIAN_POINT('',(-0.114947674663529,-0.776027124190783,-0.0831872580286841));
#7859=CARTESIAN_POINT('',(-0.105004929230931,-0.7751615791239,-0.0791374039377714));
#7860=CARTESIAN_POINT('',(-0.105007373751404,-0.781080232402273,-0.116635811533795));
#7861=CARTESIAN_POINT('',(-0.105146218422257,-0.764955386368439,-0.0812210506997674));
#7862=CARTESIAN_POINT('',(-0.120253281302725,-0.76849186900989,-0.0868062922390971));
#7863=CARTESIAN_POINT('',(-0.127499744831097,-0.774403848727223,-0.1059253117034));
#7864=CARTESIAN_POINT('',(-0.104567541943486,-0.780708938927983,-0.115707668091282));
#7865=CARTESIAN_POINT('',(-0.0964676714137006,-0.773464358151049,-0.0987920561826259));
#7866=CARTESIAN_POINT('',(0.104287485778311,-0.780978048243952,-0.11578322497945));
#7867=CARTESIAN_POINT('',(0.122356110685763,-0.773957260489622,-0.108793261265792));
#7868=CARTESIAN_POINT('',(0.116743485945498,-0.765852780163597,-0.0856429308172033));
#7869=CARTESIAN_POINT('',(0.105276123106996,-0.764468886131082,-0.0812993327005242));
#7870=CARTESIAN_POINT('',(0.104787314247888,-0.781205025992037,-0.116847272026371));
#7871=CARTESIAN_POINT('',(0.105730833423873,-0.764746601190198,-0.0816823495719187));
#7872=CARTESIAN_POINT('',(0.105756035109234,-0.774213703633887,-0.0776951852305179));
#7873=CARTESIAN_POINT('',(0.112292505664535,-0.775775142905944,-0.0821584225195054));
#7874=CARTESIAN_POINT('',(0.120666801436199,-0.780719396358732,-0.104067691963156));
#7875=CARTESIAN_POINT('',(0.105546466775384,-0.7814266495464,-0.117679068585133));
#7876=CARTESIAN_POINT('',(0.105448076911649,-0.774327764091934,-0.0781062906885707));
#7877=CARTESIAN_POINT('',(0.10477403143337,-0.77477293898505,-0.0794867034598405));
#7878=CARTESIAN_POINT('',(0.104719340966367,-0.771525162119369,-0.0805073871903733));
#7879=CARTESIAN_POINT('',(0.104664649330183,-0.768277386041885,-0.0815280733662741));
#7880=CARTESIAN_POINT('',(0.104609956527197,-0.765029610752891,-0.0825487619885844));
#7881=CARTESIAN_POINT('',(0.0964781943081454,-0.77344052198339,-0.0987806267207744));
#7882=CARTESIAN_POINT('',(0.0636008224028379,-0.765510224458536,-0.0482971702280321));
#7883=CARTESIAN_POINT('',(0.063036444797193,-0.762331107322102,-0.0500950125140769));
#7884=CARTESIAN_POINT('',(0.0628228822589012,-0.760307476483149,-0.0508295408820961));
#7885=CARTESIAN_POINT('',(0.0635269922120551,-0.755940218396844,-0.0513245376138344));
#7886=CARTESIAN_POINT('',(0.0633510929386782,-0.765520761126633,-0.0482265757020642));
#7887=CARTESIAN_POINT('',(0.0635614148378566,-0.755948460896929,-0.0513482949815847));
#7888=CARTESIAN_POINT('',(0.0845234797612977,-0.760181996518503,-0.066026438503927));
#7889=CARTESIAN_POINT('',(0.0637238271283033,-0.765622299560616,-0.04834036276496));
#7890=CARTESIAN_POINT('',(0.0777137284964466,-0.768468692670363,-0.0580902596149545));
#7891=CARTESIAN_POINT('',(0.0916942443256063,-0.771323162452144,-0.0678512656471605));
#7892=CARTESIAN_POINT('',(0.105665360311661,-0.774185763812499,-0.0776233285904203));
#7893=CARTESIAN_POINT('',(0.0959950070346991,-0.760181996518503,-0.0496433996941309));
#7894=CARTESIAN_POINT('',(0.0625343442986517,-0.765498615463238,-0.0475016488694655));
#7895=CARTESIAN_POINT('',(0.0618456354457463,-0.763581742942915,-0.0483361502357844));
#7896=CARTESIAN_POINT('',(0.0612936888509157,-0.761455372953526,-0.0488820308459257));
#7897=CARTESIAN_POINT('',(0.0608861659640828,-0.759300989614063,-0.0490761189624604));
#7898=CARTESIAN_POINT('',(0.0606731637653818,-0.758174946383174,-0.0491775640515568));
#7899=CARTESIAN_POINT('',(0.0604964316757929,-0.757029238672777,-0.0491860940535001));
#7900=CARTESIAN_POINT('',(0.0603527458474957,-0.755891057771134,-0.0490993010902768));
#7901=CARTESIAN_POINT('',(0.0610795532433886,-0.755768511178455,-0.0495031157170295));
#7902=CARTESIAN_POINT('',(0.0635619042656287,-0.75593564925976,-0.0513489857494222));
#7903=CARTESIAN_POINT('',(0.0627180123750566,-0.755871551403925,-0.0507580862862096));
#7904=CARTESIAN_POINT('',(0.0618741204844845,-0.75580745354809,-0.050167186822997));
#7905=CARTESIAN_POINT('',(0.0610302285939124,-0.755743355692255,-0.0495762873597843));
#7906=CARTESIAN_POINT('',(0.0735450457944468,-0.755832205366759,-0.0341929549811584));
#7907=CARTESIAN_POINT('',(0.0490307805383127,-0.763571512705964,-0.0517679439611374));
#7908=CARTESIAN_POINT('',(0.0533464806188729,-0.763851854300988,-0.0495696438956222));
#7909=CARTESIAN_POINT('',(0.0581351159155209,-0.764447238003112,-0.0484820722167825));
#7910=CARTESIAN_POINT('',(0.0627538752299365,-0.765565161255512,-0.0484771645998237));
#7911=CARTESIAN_POINT('',(0.0485397286178544,-0.763455556772311,-0.0507891331303877));
#7912=CARTESIAN_POINT('',(0.0607540624983532,-0.755774408085754,-0.0505955509649268));
#7913=CARTESIAN_POINT('',(0.0587738928924824,-0.756042918993037,-0.0499990523503059));
#7914=CARTESIAN_POINT('',(0.0543593427378034,-0.758565424320716,-0.048791619064006));
#7915=CARTESIAN_POINT('',(0.0484354255940502,-0.763341924068792,-0.0508935891338188));
#7916=CARTESIAN_POINT('',(0.0566119346872851,-0.765725026214781,-0.0674928524800154));
#7917=CARTESIAN_POINT('',(0.0679934763048567,-0.763399525447287,-0.0166399272829207));
#7918=CARTESIAN_POINT('',(0.0669169297629097,-0.760883546077799,-0.0210388733077059));
#7919=CARTESIAN_POINT('',(0.0692639571923444,-0.758367566708311,-0.0260332963627456));
#7920=CARTESIAN_POINT('',(0.0733375653935661,-0.755851587338823,-0.0280120320219205));
#7921=CARTESIAN_POINT('',(0.0679954950621655,-0.763399622843872,-0.0166399412287251));
#7922=CARTESIAN_POINT('',(0.072940700020074,-0.755837909155506,-0.0282148381388789));
#7923=CARTESIAN_POINT('',(0.0723435272811497,-0.764829977125837,-0.0314071336293247));
#7924=CARTESIAN_POINT('',(0.0702919626350666,-0.763935751526081,-0.0269550223491641));
#7925=CARTESIAN_POINT('',(0.069318972458324,-0.763592022318114,-0.0218478787922766));
#7926=CARTESIAN_POINT('',(0.0697344930605213,-0.763506467749975,-0.0167807403063616));
#7927=CARTESIAN_POINT('',(0.0729933279396252,-0.765222028183333,-0.0311334982522684));
#7928=CARTESIAN_POINT('',(0.07136201524865,-0.765502243868489,-0.0299656324848128));
#7929=CARTESIAN_POINT('',(0.0717517511904711,-0.763628465392153,-0.0289716455542402));
#7930=CARTESIAN_POINT('',(0.0719481596879927,-0.761551469839819,-0.0282212553384562));
#7931=CARTESIAN_POINT('',(0.0718991331508071,-0.759447781706651,-0.0277489815429787));
#7932=CARTESIAN_POINT('',(0.0718735203052816,-0.758348755703962,-0.027502252394568));
#7933=CARTESIAN_POINT('',(0.0717822670272198,-0.757230922827675,-0.0273271361896793));
#7934=CARTESIAN_POINT('',(0.0716231318155574,-0.756120489048221,-0.0272222445743166));
#7935=CARTESIAN_POINT('',(0.0876884594493906,-0.765427601886921,-0.0170907906693715));
#7936=CARTESIAN_POINT('',(0.073617985651365,-0.765529429114029,-0.030939272888313));
#7937=CARTESIAN_POINT('',(0.0754050434809769,-0.761080333146181,-0.0289912497068101));
#7938=CARTESIAN_POINT('',(0.0754145415457291,-0.760385583341329,-0.0289849888424299));
#7939=CARTESIAN_POINT('',(0.0762103342981676,-0.755939982549158,-0.0293542788962113));
#7940=CARTESIAN_POINT('',(0.0762496341394426,-0.755948460894921,-0.0293716549785741));
#7941=CARTESIAN_POINT('',(0.0730954401461515,-0.755718934917058,-0.0279005125024653));
#7942=CARTESIAN_POINT('',(0.0741471217331402,-0.755791133681799,-0.0283909196804187));
#7943=CARTESIAN_POINT('',(0.0751988033201288,-0.75586333244654,-0.0288813268583721));
#7944=CARTESIAN_POINT('',(0.0762504849071175,-0.755935531211282,-0.0293717340363256));
#7945=CARTESIAN_POINT('',(0.0668283779567822,-0.755862560400281,-0.0468024007740148));
#7946=CARTESIAN_POINT('',(0.120059005905316,-0.774190028409327,-0.0526900625008563));
#7947=CARTESIAN_POINT('',(0.104432476663374,-0.771302631277804,-0.0453750905063569));
#7948=CARTESIAN_POINT('',(0.0888044306186371,-0.768412744915635,-0.0380643413251065));
#7949=CARTESIAN_POINT('',(0.0731748655936877,-0.765520382183923,-0.0307578217306754));
#7950=CARTESIAN_POINT('',(0.120817302874028,-0.771374103398304,-0.0522085537793915));
#7951=CARTESIAN_POINT('',(0.0994423128550721,-0.76018199650878,-0.0401862615331446));
#7952=CARTESIAN_POINT('',(0.0909899486320698,-0.76018199650878,-0.0583124151040404));
#7953=CARTESIAN_POINT('',(0.154654342399602,-0.78142228652828,-0.0327137842093016));
#7954=CARTESIAN_POINT('',(0.150741444765226,-0.780819134136394,-0.0506321317943471));
#7955=CARTESIAN_POINT('',(0.133569360174927,-0.777210031902746,-0.05929232301277));
#7956=CARTESIAN_POINT('',(0.120074284748939,-0.774193940600532,-0.0526963334424076));
#7957=CARTESIAN_POINT('',(0.152902765559184,-0.781068107734188,-0.03232009427362));
#7958=CARTESIAN_POINT('',(0.124546393056794,-0.765517051836139,-0.0518536420805104));
#7959=CARTESIAN_POINT('',(0.135704974644108,-0.772250847344798,-0.0579711342746088));
#7960=CARTESIAN_POINT('',(0.152221082665148,-0.778411813048507,-0.0465798841010126));
#7961=CARTESIAN_POINT('',(0.151048744363033,-0.780698924408736,-0.0324138543019002));
#7962=CARTESIAN_POINT('',(0.154739489216161,-0.781378081352521,-0.0323712130399414));
#7963=CARTESIAN_POINT('',(0.154734670831171,-0.781396516912264,-0.0323743334548926));
#7964=CARTESIAN_POINT('',(0.154729880808405,-0.781414959416665,-0.0323774567388341));
#7965=CARTESIAN_POINT('',(0.154725118180722,-0.781433408506202,-0.0323805827713647));
#7966=CARTESIAN_POINT('',(0.152914719259748,-0.775172925191859,-0.0474059008330558));
#7967=CARTESIAN_POINT('',(0.152406924040468,-0.777104183063254,-0.0477321750362694));
#7968=CARTESIAN_POINT('',(0.151904973694343,-0.779036809680884,-0.0480594496677713));
#7969=CARTESIAN_POINT('',(0.151408671995934,-0.780970721283303,-0.0483876835205353));
#7970=CARTESIAN_POINT('',(0.136483256287077,-0.766310191749729,-0.0574587366027076));
#7971=CARTESIAN_POINT('',(0.135457740548739,-0.769997850765808,-0.0568522770832093));
#7972=CARTESIAN_POINT('',(0.134411258296594,-0.773943461965514,-0.0575422766562927));
#7973=CARTESIAN_POINT('',(0.133574150683939,-0.777273052597276,-0.0593363087759878));
#7974=CARTESIAN_POINT('',(0.122665901481439,-0.7644368680292,-0.0510155982413861));
#7975=CARTESIAN_POINT('',(0.122150793186814,-0.767821393350704,-0.0507753992988236));
#7976=CARTESIAN_POINT('',(0.121218583634423,-0.771305162474846,-0.0513902420393787));
#7977=CARTESIAN_POINT('',(0.120053432017285,-0.774246561532247,-0.0527201431760465));
#7978=CARTESIAN_POINT('',(0.0143981283522151,-0.774193136140195,0.130318700580289));
#7979=CARTESIAN_POINT('',(0.016122243845236,-0.771267602730008,0.130657065101682));
#7980=CARTESIAN_POINT('',(0.0171005394315478,-0.767797557948918,0.13115233882425));
#7981=CARTESIAN_POINT('',(0.0171495335380986,-0.764431864406336,0.131709716687666));
#7982=CARTESIAN_POINT('',(0.0143981717743934,-0.774193215845892,0.130319168696013));
#7983=CARTESIAN_POINT('',(0.0171508405115309,-0.76443436179855,0.131724656471617));
#7984=CARTESIAN_POINT('',(0.0475800446853665,-0.780754135632894,0.14725400590062));
#7985=CARTESIAN_POINT('',(0.0352045356037515,-0.778378024443832,0.155930288252892));
#7986=CARTESIAN_POINT('',(0.0159195690307627,-0.771520519311835,0.145233105335736));
#7987=CARTESIAN_POINT('',(0.0175006657603289,-0.764449397095822,0.131758077743697));
#7988=CARTESIAN_POINT('',(0.0485248069402486,-0.781095713329534,0.148695240914965));
#7989=CARTESIAN_POINT('',(0.0143996612262908,-0.774190716222518,0.130319568902912));
#7990=CARTESIAN_POINT('',(0.0154377363627221,-0.777240560410479,0.145505024476267));
#7991=CARTESIAN_POINT('',(0.036770266895579,-0.781003202139882,0.154203594263519));
#7992=CARTESIAN_POINT('',(0.0490220109303894,-0.781423184986081,0.150283295121793));
#7993=CARTESIAN_POINT('',(0.0493436951279709,-0.781434121875874,0.150178377197634));
#7994=CARTESIAN_POINT('',(0.0493480107237783,-0.78141847981633,0.150180552625658));
#7995=CARTESIAN_POINT('',(0.049352335025329,-0.781402842659206,0.15018274612317));
#7996=CARTESIAN_POINT('',(0.0493566680213747,-0.781387210479882,0.150184957697488));
#7997=CARTESIAN_POINT('',(0.0337135026363086,-0.780972602961695,0.155359172400964));
#7998=CARTESIAN_POINT('',(0.0342526349312567,-0.779015408939872,0.155628962759734));
#7999=CARTESIAN_POINT('',(0.0347935613926209,-0.77705934808089,0.155903395976707));
#8000=CARTESIAN_POINT('',(0.0353362765286769,-0.775104447512424,0.156182472826292));
#8001=CARTESIAN_POINT('',(0.0153854654794022,-0.777237332864218,0.145155326632965));
#8002=CARTESIAN_POINT('',(0.0173672323114051,-0.773891470701635,0.144988795424617));
#8003=CARTESIAN_POINT('',(0.0184754733433358,-0.76992625420548,0.145564285522906));
#8004=CARTESIAN_POINT('',(0.0184637382072503,-0.766218945795129,0.146755217152616));
#8005=CARTESIAN_POINT('',(0.0143477263766375,-0.774188901285752,0.130030324138638));
#8006=CARTESIAN_POINT('',(0.0160883381374846,-0.77123649711419,0.130386955371048));
#8007=CARTESIAN_POINT('',(0.0170755469959003,-0.767737895500464,0.130890264574894));
#8008=CARTESIAN_POINT('',(0.0171266400532212,-0.764337833266945,0.131447558894409));
#8009=CARTESIAN_POINT('',(0.0100227674006155,-0.765517090728962,0.0792308304869576));
#8010=CARTESIAN_POINT('',(0.0118666272282203,-0.762332533607235,0.0796414983398093));
#8011=CARTESIAN_POINT('',(0.0126083147697719,-0.760310385054274,0.0798221655174789));
#8012=CARTESIAN_POINT('',(0.0126851549049872,-0.755940876088398,0.0806816619491163));
#8013=CARTESIAN_POINT('',(0.010010085360196,-0.765475289471802,0.0788362837558904));
#8014=CARTESIAN_POINT('',(0.01268821631145,-0.755948460872825,0.080719947800552));
#8015=CARTESIAN_POINT('',(0.0149188330830293,-0.760181996470169,0.106212699824091));
#8016=CARTESIAN_POINT('',(0.00995734526765442,-0.765534060092369,0.0788309267670932));
#8017=CARTESIAN_POINT('',(0.0114206641740738,-0.768409699023044,0.0959967744013677));
#8018=CARTESIAN_POINT('',(0.0128985936310081,-0.771293581378863,0.113159995599101));
#8019=CARTESIAN_POINT('',(0.0143910943333596,-0.774185763782424,0.130320550633325));
#8020=CARTESIAN_POINT('',(-0.00500505843950167,-0.760181996470169,0.107955814465633));
#8021=CARTESIAN_POINT('',(0.00998421534105387,-0.765472072792751,0.0787098960876449));
#8022=CARTESIAN_POINT('',(0.0116864882128999,-0.762385469819254,0.0784400183287517));
#8023=CARTESIAN_POINT('',(0.0124611594236946,-0.75897759703831,0.0781469172790395));
#8024=CARTESIAN_POINT('',(0.0124271877099304,-0.755756896794716,0.0777463029330925));
#8025=CARTESIAN_POINT('',(0.0125333569837801,-0.755763640082091,0.0776830878742043));
#8026=CARTESIAN_POINT('',(0.0126885720615382,-0.755936003819094,0.0807206946992433));
#8027=CARTESIAN_POINT('',(0.0126002967377659,-0.755872985833248,0.0797117031314823));
#8028=CARTESIAN_POINT('',(0.0125120214139936,-0.755809967847403,0.0787027115637213));
#8029=CARTESIAN_POINT('',(0.0124237460902212,-0.755746949861557,0.0776937199959603));
#8030=CARTESIAN_POINT('',(-0.00713199618130603,-0.755852961101437,0.0811149816132554));
#8031=CARTESIAN_POINT('',(0.0193427392828074,-0.763410584421955,0.0672774046217113));
#8032=CARTESIAN_POINT('',(0.0148720897502442,-0.763604698112319,0.0686697648284182));
#8033=CARTESIAN_POINT('',(0.0107596789067596,-0.763459928745309,0.0737309843550264));
#8034=CARTESIAN_POINT('',(0.0100259055652328,-0.765332682634279,0.0783145299153309));
#8035=CARTESIAN_POINT('',(0.01913704707176,-0.763348543936639,0.0667585089643479));
#8036=CARTESIAN_POINT('',(0.012644490944454,-0.755763908573936,0.0776901462390053));
#8037=CARTESIAN_POINT('',(0.0129251001287489,-0.758255599851694,0.0731771733753438));
#8038=CARTESIAN_POINT('',(0.0148101698264713,-0.760747291129452,0.0687803002099509));
#8039=CARTESIAN_POINT('',(0.0178855470636412,-0.76323898240721,0.0654655271511197));
#8040=CARTESIAN_POINT('',(0.0306092586245447,-0.765837787924627,0.0819276721021968));
#8041=CARTESIAN_POINT('',(0.00565000677594252,-0.756910923657911,0.0980541980276472));
#8042=CARTESIAN_POINT('',(-0.00952876399407661,-0.765378257870288,0.0784517733373647));
#8043=CARTESIAN_POINT('',(-0.0121121801774383,-0.755683154681868,0.0788132721911963));
#8044=CARTESIAN_POINT('',(-0.0323847245513476,-0.643903347910284,0.0789175614135984));
#8045=CARTESIAN_POINT('',(-0.0187949400781427,-0.76353376404506,0.0661741257066038));
#8046=CARTESIAN_POINT('',(-0.00957699822770145,-0.76630283113643,0.0766081496560773));
#8047=CARTESIAN_POINT('',(-0.0111476944089346,-0.763637891394679,0.0753127818770722));
#8048=CARTESIAN_POINT('',(-0.0127709750456283,-0.760833164878582,0.073986806764075));
#8049=CARTESIAN_POINT('',(-0.0147463112293637,-0.759024493784233,0.0719684599560454));
#8050=CARTESIAN_POINT('',(-0.0149445662977434,-0.758842966095712,0.0717658881165101));
#8051=CARTESIAN_POINT('',(-0.0151489273950718,-0.758677205919457,0.0715516879352293));
#8052=CARTESIAN_POINT('',(-0.0153582109536729,-0.758547388954375,0.0713222523850474));
#8053=CARTESIAN_POINT('',(-0.0155696723920279,-0.758416221067407,0.0710904292462614));
#8054=CARTESIAN_POINT('',(-0.0157929784881536,-0.758317858724809,0.0708354898532451));
#8055=CARTESIAN_POINT('',(-0.0160060113036519,-0.758310371508227,0.0705704919602944));
#8056=CARTESIAN_POINT('',(-0.0161110514502254,-0.758306679784371,0.0704398293792639));
#8057=CARTESIAN_POINT('',(-0.0162151880792481,-0.758326391991125,0.0703043936287374));
#8058=CARTESIAN_POINT('',(-0.0163092617422768,-0.758374852841238,0.0701743111040485));
#8059=CARTESIAN_POINT('',(-0.0164037867334643,-0.758423546187308,0.0700436044949508));
#8060=CARTESIAN_POINT('',(-0.0164901312733209,-0.758503101823254,0.0699153594030517));
#8061=CARTESIAN_POINT('',(-0.0165610508930548,-0.758604440054106,0.0698009426032499));
#8062=CARTESIAN_POINT('',(-0.0166434274782693,-0.758722149334564,0.0696680419293011));
#8063=CARTESIAN_POINT('',(-0.0167078716470318,-0.75887118426309,0.0695497031026128));
#8064=CARTESIAN_POINT('',(-0.0167562548747692,-0.759031629007186,0.069448606549757));
#8065=CARTESIAN_POINT('',(-0.0168362285132106,-0.759296831445183,0.0692815019653001));
#8066=CARTESIAN_POINT('',(-0.0168773487065813,-0.759599263519569,0.0691536794335216));
#8067=CARTESIAN_POINT('',(-0.016898590003465,-0.759904942112901,0.069049941962003));
#8068=CARTESIAN_POINT('',(-0.0169625567487447,-0.760825472757717,0.0687375435028637));
#8069=CARTESIAN_POINT('',(-0.016868665149686,-0.761810950158439,0.0686065227109272));
#8070=CARTESIAN_POINT('',(-0.0167529067941837,-0.762773290355291,0.0685087343758622));
#8071=CARTESIAN_POINT('',(-0.0167268647281467,-0.762989787271196,0.0684867350111653));
#8072=CARTESIAN_POINT('',(-0.0166987392953343,-0.763206314549071,0.0684673380227475));
#8073=CARTESIAN_POINT('',(-0.0166689405245468,-0.763422755194519,0.0684500592466202));
#8074=CARTESIAN_POINT('',(-0.0142858326041824,-0.761765060131525,0.071853867842603));
#8075=CARTESIAN_POINT('',(-0.00994469438527251,-0.765650728061456,0.0792136260956221));
#8076=CARTESIAN_POINT('',(-0.0125819032733678,-0.761176770760554,0.0797887600714715));
#8077=CARTESIAN_POINT('',(-0.0125786659657285,-0.760412415938444,0.0798045440506186));
#8078=CARTESIAN_POINT('',(-0.0126815797646619,-0.756058634492555,0.0806586294243789));
#8079=CARTESIAN_POINT('',(0.00713199618103092,-0.755852961098339,0.0811149816153486));
#8080=CARTESIAN_POINT('',(-0.0143985702948778,-0.774190028372696,0.130319180325461));
#8081=CARTESIAN_POINT('',(-0.0129103419718036,-0.771283207095923,0.11301324325482));
#8082=CARTESIAN_POINT('',(-0.0114176385904762,-0.768373862992634,0.0957081147687814));
#8083=CARTESIAN_POINT('',(-0.00992045305494996,-0.765462009185254,0.0784037963988963));
#8084=CARTESIAN_POINT('',(-0.0151398783395482,-0.771568468848836,0.130706987141283));
#8085=CARTESIAN_POINT('',(-0.0149188330265526,-0.760181996468298,0.106212699818999));
#8086=CARTESIAN_POINT('',(0.00500505855013478,-0.760181996468298,0.107955814465279));
#8087=CARTESIAN_POINT('',(-0.0494695625714614,-0.781437779480485,0.150136364996517));
#8088=CARTESIAN_POINT('',(-0.0316236098806628,-0.780885779765682,0.156144309626591));
#8089=CARTESIAN_POINT('',(-0.0154464969095057,-0.777240549287303,0.145472242566072));
#8090=CARTESIAN_POINT('',(-0.0144007789292144,-0.774193940567999,0.130335547661882));
#8091=CARTESIAN_POINT('',(-0.049469562457688,-0.781437779374209,0.150136364624396));
#8092=CARTESIAN_POINT('',(-0.0174992136445864,-0.76445107874775,0.13177257506667));
#8093=CARTESIAN_POINT('',(-0.0159294381913999,-0.771522084973128,0.145243803919738));
#8094=CARTESIAN_POINT('',(-0.0352086441078245,-0.778377039260766,0.155927828044601));
#8095=CARTESIAN_POINT('',(-0.047580044522015,-0.78075413556208,0.147254005600573));
#8096=CARTESIAN_POINT('',(-0.0494695624662067,-0.781437779373932,0.150136364513104));
#8097=CARTESIAN_POINT('',(-0.0494695624662067,-0.781437779373932,0.150136364513104));
#8098=CARTESIAN_POINT('',(-0.0494695624662067,-0.781437779373932,0.150136364513104));
#8099=CARTESIAN_POINT('',(-0.0477240134859862,-0.780661154695394,0.150891206313241));
#8100=CARTESIAN_POINT('',(-0.0476248720320044,-0.781019395889343,0.150840986886956));
#8101=CARTESIAN_POINT('',(-0.0475258677391532,-0.781377667617662,0.150790715201676));
#8102=CARTESIAN_POINT('',(-0.0459463431897786,-0.779855031522347,0.15144421936287));
#8103=CARTESIAN_POINT('',(-0.0457418261455848,-0.780559653983911,0.151324539181028));
#8104=CARTESIAN_POINT('',(-0.0455538720161557,-0.781274406763426,0.151244319329491));
#8105=CARTESIAN_POINT('',(-0.0423330877641146,-0.778185391382191,0.152159157286377));
#8106=CARTESIAN_POINT('',(-0.0419373654236927,-0.779569233357208,0.151861306736268));
#8107=CARTESIAN_POINT('',(-0.0415584176823883,-0.780985912811589,0.151762527427234));
#8108=CARTESIAN_POINT('',(-0.0404755768955341,-0.777311186157685,0.152318276432388));
#8109=CARTESIAN_POINT('',(-0.0399900316800198,-0.779030614495752,0.151909737185411));
#8110=CARTESIAN_POINT('',(-0.0395109307294121,-0.780797555114007,0.151823225214126));
#8111=CARTESIAN_POINT('',(-0.0368539188380876,-0.775573141133875,0.152216124345263));
#8112=CARTESIAN_POINT('',(-0.0362367273367531,-0.777931432269059,0.151570056368673));
#8113=CARTESIAN_POINT('',(-0.0355304492117623,-0.780352135108394,0.151534499638428));
#8114=CARTESIAN_POINT('',(-0.0350790492124351,-0.774704742506715,0.151961940506961));
#8115=CARTESIAN_POINT('',(-0.0344168981094872,-0.777367725828631,0.151187221522424));
#8116=CARTESIAN_POINT('',(-0.0335854537952117,-0.780095161465191,0.15119151477176));
#8117=CARTESIAN_POINT('',(-0.031604271112539,-0.772967733658148,0.151031823212647));
#8118=CARTESIAN_POINT('',(-0.0309075192785191,-0.7762185803978,0.150009567320349));
#8119=CARTESIAN_POINT('',(-0.0297887501443328,-0.779510984351903,0.150093289464046));
#8120=CARTESIAN_POINT('',(-0.0299126339885556,-0.772102551013691,0.150349989797928));
#8121=CARTESIAN_POINT('',(-0.0292270591181255,-0.775634721965939,0.149207893021973));
#8122=CARTESIAN_POINT('',(-0.0279462793526368,-0.779183658827258,0.149332659056537));
#8123=CARTESIAN_POINT('',(-0.0268030985581175,-0.770471106707043,0.148623859125078));
#8124=CARTESIAN_POINT('',(-0.0261858529223397,-0.774513023506227,0.147295042107833));
#8125=CARTESIAN_POINT('',(-0.0245712053294555,-0.778493848299909,0.147468340371813));
#8126=CARTESIAN_POINT('',(-0.0253672243721248,-0.769696209041122,0.147578815486376));
#8127=CARTESIAN_POINT('',(-0.0248080480431957,-0.773969934035724,0.146180480861585));
#8128=CARTESIAN_POINT('',(-0.0230188575327306,-0.778129101169408,0.146362977679762));
#8129=CARTESIAN_POINT('',(-0.0227448386777775,-0.76823242202965,0.145106906050457));
#8130=CARTESIAN_POINT('',(-0.0223215735198326,-0.772915855396398,0.143640609350895));
#8131=CARTESIAN_POINT('',(-0.0201979433515477,-0.777357946410028,0.143789394529471));
#8132=CARTESIAN_POINT('',(-0.0215982071037683,-0.767565532445297,0.143714520798046));
#8133=CARTESIAN_POINT('',(-0.0212529967858884,-0.77242125969635,0.142251872056943));
#8134=CARTESIAN_POINT('',(-0.0189723581669291,-0.776962685581879,0.142357253691156));
#8135=CARTESIAN_POINT('',(-0.0196621386018569,-0.766380645136805,0.140663296005921));
#8136=CARTESIAN_POINT('',(-0.0194526602760835,-0.771499489622724,0.139277718545602));
#8137=CARTESIAN_POINT('',(-0.0169215453398004,-0.776164177580508,0.139250091058535));
#8138=CARTESIAN_POINT('',(-0.0188622702455652,-0.765855220268538,0.138975410608319));
#8139=CARTESIAN_POINT('',(-0.0187133878004552,-0.771066703788254,0.137667234754556));
#8140=CARTESIAN_POINT('',(-0.0160856119767798,-0.775754261387036,0.137545928819857));
#8141=CARTESIAN_POINT('',(-0.0176970687182855,-0.765004372977919,0.135471363967247));
#8142=CARTESIAN_POINT('',(-0.017619651999803,-0.770297192691796,0.134357693155036));
#8143=CARTESIAN_POINT('',(-0.0148971025691136,-0.77496025587869,0.134035468323279));
#8144=CARTESIAN_POINT('',(-0.017318774329259,-0.764671785141215,0.133644148791655));
#8145=CARTESIAN_POINT('',(-0.0172544652552828,-0.769956356063133,0.132650870908426));
#8146=CARTESIAN_POINT('',(-0.0145305353726831,-0.774572586855288,0.132217589095015));
#8147=CARTESIAN_POINT('',(-0.0171521466750041,-0.764436867999396,0.131739585988435));
#8148=CARTESIAN_POINT('',(-0.0170757430433803,-0.769657137561499,0.130866288482854));
#8149=CARTESIAN_POINT('',(-0.0144007640130888,-0.774193932093118,0.130335550398124));
#8150=CARTESIAN_POINT('',(-0.125721395162626,-0.704424528928398,-0.0920674215789206));
#8151=CARTESIAN_POINT('',(-0.126103586083253,-0.704424528928398,-0.0922725312541352));
#8152=CARTESIAN_POINT('',(-0.126477264866566,-0.704424528928398,-0.0924946683405796));
#8153=CARTESIAN_POINT('',(-0.126838416516698,-0.704424528928398,-0.0927348960747891));
#8154=CARTESIAN_POINT('',(-0.128001335688625,-0.704424528928398,-0.0935084366017084));
#8155=CARTESIAN_POINT('',(-0.129048331604508,-0.704424528928398,-0.0945024129990227));
#8156=CARTESIAN_POINT('',(-0.129856138240744,-0.704424528928398,-0.0956417963347244));
#8157=CARTESIAN_POINT('',(-0.130659199508929,-0.704424528928398,-0.0967744864928315));
#8158=CARTESIAN_POINT('',(-0.131254153906283,-0.704424528928398,-0.098069229268234));
#8159=CARTESIAN_POINT('',(-0.131656202992018,-0.704424528928398,-0.0993982330031392));
#8160=CARTESIAN_POINT('',(-0.132198584894946,-0.704424528928398,-0.101191117504839));
#8161=CARTESIAN_POINT('',(-0.132420327876408,-0.704424528928398,-0.103094411833393));
#8162=CARTESIAN_POINT('',(-0.13240520553045,-0.704424528928398,-0.104967479979434));
#8163=CARTESIAN_POINT('',(-0.132382182860065,-0.704424528928398,-0.107819089819126));
#8164=CARTESIAN_POINT('',(-0.131806578446257,-0.704424528928398,-0.110702581236593));
#8165=CARTESIAN_POINT('',(-0.130799556694379,-0.704424528928398,-0.113370560980224));
#8166=CARTESIAN_POINT('',(-0.129640505425319,-0.704424528928398,-0.116441324150845));
#8167=CARTESIAN_POINT('',(-0.12785225970726,-0.704424528928398,-0.11934017878326));
#8168=CARTESIAN_POINT('',(-0.125615010723359,-0.704424528928398,-0.121741783096712));
#8169=CARTESIAN_POINT('',(-0.124756233817767,-0.704424528928398,-0.122663648448133));
#8170=CARTESIAN_POINT('',(-0.12382472341436,-0.704424528928398,-0.12352289561128));
#8171=CARTESIAN_POINT('',(-0.122835294885408,-0.704424528928398,-0.124302872973661));
#8172=CARTESIAN_POINT('',(-0.129090727337358,-0.705307471337068,-0.0857891796363125));
#8173=CARTESIAN_POINT('',(-0.116183614768551,-0.71517838170733,-0.0855351880103992));
#8174=CARTESIAN_POINT('',(-0.120176290532411,-0.711439072717008,-0.0859901651943486));
#8175=CARTESIAN_POINT('',(-0.124871754653216,-0.708340791411311,-0.0854414565871647));
#8176=CARTESIAN_POINT('',(-0.129924860300409,-0.706476781045912,-0.0843819829469429));
#8177=CARTESIAN_POINT('',(-0.11504347762321,-0.715006010001409,-0.088485955358896));
#8178=CARTESIAN_POINT('',(-0.113745410644614,-0.714802043983021,-0.0913623733155077));
#8179=CARTESIAN_POINT('',(-0.125932756761926,-0.717226146149338,-0.0970341585760235));
#8180=CARTESIAN_POINT('',(-0.133876795783789,-0.7212678168418,-0.112130081095826));
#8181=CARTESIAN_POINT('',(-0.116651159525974,-0.719606025950305,-0.124947792491304));
#8182=CARTESIAN_POINT('',(-0.116893146854649,-0.719710731515978,-0.125286572506244));
#8183=CARTESIAN_POINT('',(-0.122987202495466,-0.704424528929602,-0.124495574307871));
#8184=CARTESIAN_POINT('',(-0.120052093281023,-0.709330784274626,-0.125879607353531));
#8185=CARTESIAN_POINT('',(-0.118064018471974,-0.714445799960605,-0.126174749682736));
#8186=CARTESIAN_POINT('',(-0.117051534885642,-0.719769575987539,-0.125519285792842));
#8187=CARTESIAN_POINT('',(-0.126746318113658,-0.716171870993353,-0.0801687596396635));
#8188=CARTESIAN_POINT('',(-0.113105806529445,-0.746054945317734,-0.0860399995868708));
#8189=CARTESIAN_POINT('',(-0.117051537447849,-0.7197695359927,-0.1255192954208));
#8190=CARTESIAN_POINT('',(-0.113076257146687,-0.740279083300567,-0.123063859580821));
#8191=CARTESIAN_POINT('',(-0.109162945939083,-0.760788630608434,-0.120532476127083));
#8192=CARTESIAN_POINT('',(-0.105313922523141,-0.781298177916301,-0.117927278068189));
#8193=CARTESIAN_POINT('',(-0.101761407518466,-0.746054945317734,-0.102241480422087));
#8194=CARTESIAN_POINT('',(-0.110408000418786,-0.794605787796364,-0.0667006270064097));
#8195=CARTESIAN_POINT('',(-0.108929624328928,-0.78782451292538,-0.0704502318770806));
#8196=CARTESIAN_POINT('',(-0.107464796803854,-0.7810314304882,-0.0741838242660996));
#8197=CARTESIAN_POINT('',(-0.106013566765188,-0.774226670823925,-0.0779013501518728));
#8198=CARTESIAN_POINT('',(-0.109610130950412,-0.795017638841081,-0.0671233760992474));
#8199=CARTESIAN_POINT('',(-0.109234528857979,-0.794604282097095,-0.0684887917354851));
#8200=CARTESIAN_POINT('',(-0.119983546897318,-0.796730988139877,-0.0720894843172604));
#8201=CARTESIAN_POINT('',(-0.124033291289197,-0.808760031224387,-0.0819059572928134));
#8202=CARTESIAN_POINT('',(-0.123457262167939,-0.817686907562007,-0.0836892287436628));
#8203=CARTESIAN_POINT('',(-0.121271919596662,-0.816942675035133,-0.0867088760162612));
#8204=CARTESIAN_POINT('',(-0.116019717183813,-0.814138543229009,-0.0955605173515527));
#8205=CARTESIAN_POINT('',(-0.116468847259203,-0.813792763175913,-0.0952688450384168));
#8206=CARTESIAN_POINT('',(-0.116938735159269,-0.813537454147668,-0.0948811704012118));
#8207=CARTESIAN_POINT('',(-0.117379474962907,-0.8133855701269,-0.0944463899074982));
#8208=CARTESIAN_POINT('',(-0.117816860490597,-0.813234842028318,-0.0940149183360575));
#8209=CARTESIAN_POINT('',(-0.11823763882597,-0.813176773516625,-0.0935289763074582));
#8210=CARTESIAN_POINT('',(-0.118625575181601,-0.813183364875739,-0.093029321712302));
#8211=CARTESIAN_POINT('',(-0.119353803609024,-0.813195738078232,-0.0920913774469507));
#8212=CARTESIAN_POINT('',(-0.119990994986307,-0.813424417815757,-0.0910826751475469));
#8213=CARTESIAN_POINT('',(-0.120552679975879,-0.813740064564071,-0.0900851350298974));
#8214=CARTESIAN_POINT('',(-0.121212451911935,-0.814110832646023,-0.0889133946648646));
#8215=CARTESIAN_POINT('',(-0.121782796794795,-0.814611706937055,-0.0877304088269386));
#8216=CARTESIAN_POINT('',(-0.122293192775904,-0.815170198089871,-0.0865585184583716));
#8217=CARTESIAN_POINT('',(-0.114764889808981,-0.812396633610859,-0.0983019620494394));
#8218=CARTESIAN_POINT('',(-0.105360655336044,-0.781650299964735,-0.117781727641551));
#8219=CARTESIAN_POINT('',(-0.108831473235486,-0.791691645974233,-0.111716343231438));
#8220=CARTESIAN_POINT('',(-0.111816138330007,-0.801732991983731,-0.105525234369637));
#8221=CARTESIAN_POINT('',(-0.114315895006196,-0.81177433799323,-0.0992818057579997));
#8222=CARTESIAN_POINT('',(-0.0999844055688876,-0.795066772201954,-0.089194637830339));
#8223=CARTESIAN_POINT('',(-0.112456047316417,-0.794513550009349,-0.0620371122219652));
#8224=CARTESIAN_POINT('',(-0.123329342583262,-0.796581359061194,-0.0672006717932883));
#8225=CARTESIAN_POINT('',(-0.132627015448875,-0.806293155904761,-0.066147682821319));
#8226=CARTESIAN_POINT('',(-0.136075971275088,-0.816772770426117,-0.0608924733978783));
#8227=CARTESIAN_POINT('',(-0.112458301121145,-0.794516684223753,-0.0620310741247494));
#8228=CARTESIAN_POINT('',(-0.136076033346993,-0.816773052669885,-0.0608923899686015));
#8229=CARTESIAN_POINT('',(-3.061515884556E-17,-0.816773182064668,0.));
#8230=CARTESIAN_POINT('',(-3.061515884556E-17,-0.794494908512526,0.));
#8231=CARTESIAN_POINT('',(-3.061515884556E-17,-0.819151328019374,0.));
#8232=CARTESIAN_POINT('',(-0.143138871549292,-0.811773493840444,-0.0493590967379341));
#8233=CARTESIAN_POINT('',(-0.147147912150593,-0.802320440147281,-0.0441052332864968));
#8234=CARTESIAN_POINT('',(-0.150983225854669,-0.792374414959912,-0.0384925991093983));
#8235=CARTESIAN_POINT('',(-0.154585278718052,-0.781935418278339,-0.0325114763655324));
#8236=CARTESIAN_POINT('',(-0.143139071237696,-0.811773487448376,-0.0493596328106704));
#8237=CARTESIAN_POINT('',(-0.136076074284237,-0.816773211194054,-0.0608923062605407));
#8238=CARTESIAN_POINT('',(-0.138951407426637,-0.814193102629055,-0.057412336658719));
#8239=CARTESIAN_POINT('',(-0.141892874237407,-0.811773383833075,-0.0529733315892838));
#8240=CARTESIAN_POINT('',(-0.14313948363358,-0.811772325760799,-0.0493597754196937));
#8241=CARTESIAN_POINT('',(-0.12005622478509,-0.774186385999759,-0.0526975101913418));
#8242=CARTESIAN_POINT('',(-0.11755316950094,-0.780961769355079,-0.0558353161226173));
#8243=CARTESIAN_POINT('',(-0.115054865498497,-0.787745076873402,-0.0589598017521864));
#8244=CARTESIAN_POINT('',(-0.112561363205832,-0.794536255736556,-0.0620709538530213));
#8245=CARTESIAN_POINT('',(-0.108694654864377,-0.803544252454601,-0.0660525216148841));
#8246=CARTESIAN_POINT('',(-0.111758823750987,-0.804136314239042,-0.0675485886619151));
#8247=CARTESIAN_POINT('',(-0.115043181218885,-0.805085212595734,-0.0684485228646611));
#8248=CARTESIAN_POINT('',(-0.118271624174157,-0.806311177349033,-0.068676670272501));
#8249=CARTESIAN_POINT('',(-0.121500067129429,-0.807537142102332,-0.068904817680342));
#8250=CARTESIAN_POINT('',(-0.12466942024669,-0.809038967458282,-0.0684609538995781));
#8251=CARTESIAN_POINT('',(-0.127513248398238,-0.81069040082978,-0.0673823928232151));
#8252=CARTESIAN_POINT('',(-0.130357076549786,-0.812341834201277,-0.066303831746852));
#8253=CARTESIAN_POINT('',(-0.132872582696973,-0.814141251325984,-0.0645916341904001));
#8254=CARTESIAN_POINT('',(-0.13484829807101,-0.815937382240069,-0.062389737909524));
#8255=CARTESIAN_POINT('',(-0.136824017356772,-0.817733516710319,-0.0601878372691069));
#8256=CARTESIAN_POINT('',(-0.138258000515292,-0.819524598370767,-0.0574984016422111));
#8257=CARTESIAN_POINT('',(-0.13902969762029,-0.821160057390414,-0.0545475221832265));
#8258=CARTESIAN_POINT('',(-0.114143848328201,-0.790330349571672,-0.0601556342685541));
#8259=CARTESIAN_POINT('',(-0.117336551038928,-0.79085744110439,-0.061658061011408));
#8260=CARTESIAN_POINT('',(-0.120762568687687,-0.79176318981605,-0.0625272302724521));
#8261=CARTESIAN_POINT('',(-0.124117490951896,-0.792966715214974,-0.0626855811237031));
#8262=CARTESIAN_POINT('',(-0.127472413216105,-0.794170240613899,-0.0628439319749541));
#8263=CARTESIAN_POINT('',(-0.130752555026865,-0.795670212645814,-0.062291281439357));
#8264=CARTESIAN_POINT('',(-0.133666343476287,-0.79733303608775,-0.0610763048468671));
#8265=CARTESIAN_POINT('',(-0.136580131925708,-0.798995859529686,-0.0598613282543781));
#8266=CARTESIAN_POINT('',(-0.139124361728143,-0.800819701802457,-0.057985349328034));
#8267=CARTESIAN_POINT('',(-0.141072589802702,-0.802642255337197,-0.0556146230843101));
#8268=CARTESIAN_POINT('',(-0.143020821734564,-0.804464812480416,-0.0532438921467791));
#8269=CARTESIAN_POINT('',(-0.1443708975758,-0.806284073920295,-0.0503810064808482));
#8270=CARTESIAN_POINT('',(-0.145002161435688,-0.807938158157063,-0.0472800666491473));
#8271=CARTESIAN_POINT('',(-0.119012014952009,-0.776999515028465,-0.053979518771759));
#8272=CARTESIAN_POINT('',(-0.122324732512319,-0.777459527981883,-0.055483766125526));
#8273=CARTESIAN_POINT('',(-0.125883722639581,-0.778319812308596,-0.056317819350319));
#8274=CARTESIAN_POINT('',(-0.129355113695926,-0.779499282357058,-0.0564031015086161));
#8275=CARTESIAN_POINT('',(-0.132826504752272,-0.78067875240552,-0.0564883836669131));
#8276=CARTESIAN_POINT('',(-0.136206035159513,-0.782175951554613,-0.0558247792187891));
#8277=CARTESIAN_POINT('',(-0.139176525076762,-0.783850149860723,-0.0544741092649071));
#8278=CARTESIAN_POINT('',(-0.142147014994011,-0.785524348166832,-0.053123439311026));
#8279=CARTESIAN_POINT('',(-0.144704811324671,-0.787373484673901,-0.0510873492675241));
#8280=CARTESIAN_POINT('',(-0.146609533268747,-0.789223899710258,-0.0485564411986791));
#8281=CARTESIAN_POINT('',(-0.148514258983986,-0.791074318410257,-0.0460255281188817));
#8282=CARTESIAN_POINT('',(-0.149763553561283,-0.792923740102779,-0.0430028921669133));
#8283=CARTESIAN_POINT('',(-0.150239457049292,-0.794598507755806,-0.0397719029857103));
#8284=CARTESIAN_POINT('',(-0.123357823942083,-0.763610400417719,-0.047586028854297));
#8285=CARTESIAN_POINT('',(-0.126784013284812,-0.764000902124446,-0.0490878417182241));
#8286=CARTESIAN_POINT('',(-0.130469196248176,-0.764813048149324,-0.0498827063022171));
#8287=CARTESIAN_POINT('',(-0.134049141734373,-0.765966568708964,-0.049892060862419));
#8288=CARTESIAN_POINT('',(-0.13762908722057,-0.767120089268604,-0.0499014154226211));
#8289=CARTESIAN_POINT('',(-0.141098890948228,-0.768613404118442,-0.049125247143922));
#8290=CARTESIAN_POINT('',(-0.144115609179291,-0.770298919037914,-0.047640269890203));
#8291=CARTESIAN_POINT('',(-0.147132327410354,-0.771984433957385,-0.046155292636484));
#8292=CARTESIAN_POINT('',(-0.14969182744641,-0.773859839905903,-0.0439635407253931));
#8293=CARTESIAN_POINT('',(-0.151541136906651,-0.77573977806296,-0.0412816395491091));
#8294=CARTESIAN_POINT('',(-0.153390450028344,-0.777619719942111,-0.038599733062921));
#8295=CARTESIAN_POINT('',(-0.154527036324028,-0.779501618650375,-0.0354313494070519));
#8296=CARTESIAN_POINT('',(-0.154838558840122,-0.78119947290855,-0.032089642117594));
#8297=CARTESIAN_POINT('',(-0.154961072460591,-0.78043500422285,-0.0323256409674902));
#8298=CARTESIAN_POINT('',(-0.159080766219771,-0.760220074664037,-0.0343300549595578));
#8299=CARTESIAN_POINT('',(-0.163169533054106,-0.740005145105224,-0.0364244214445459));
#8300=CARTESIAN_POINT('',(-0.167224492728105,-0.719790215546411,-0.0386078377566688));
#8301=CARTESIAN_POINT('',(-0.129556220102491,-0.746264945390062,-0.0542286065815116));
#8302=CARTESIAN_POINT('',(-0.134862252300216,-0.714295540429587,-0.0545153773365716));
#8303=CARTESIAN_POINT('',(-0.134774175827741,-0.714893203547896,-0.0566150177825271));
#8304=CARTESIAN_POINT('',(-0.146557886991745,-0.717911695024049,-0.0631051952752564));
#8305=CARTESIAN_POINT('',(-0.163765470371674,-0.720403779901959,-0.052432182208695));
#8306=CARTESIAN_POINT('',(-0.163643024748763,-0.719069061512128,-0.0387101897380408));
#8307=CARTESIAN_POINT('',(-0.137914914579226,-0.746264945390062,-0.0363033284297287));
#8308=CARTESIAN_POINT('',(-0.169239035227692,-0.704424528928398,-0.0445287036562083));
#8309=CARTESIAN_POINT('',(-0.164983094413748,-0.704424528928398,-0.0592377126278876));
#8310=CARTESIAN_POINT('',(-0.154769527140945,-0.704424528928398,-0.0675296725560134));
#8311=CARTESIAN_POINT('',(-0.138598333409284,-0.704424528928398,-0.0694045834405857));
#8312=CARTESIAN_POINT('',(-0.138595502008694,-0.703747341872899,-0.0693801624785838));
#8313=CARTESIAN_POINT('',(-0.138467791533539,-0.704424539241128,-0.0694020735438788));
#8314=CARTESIAN_POINT('',(-0.137484574292544,-0.70443168928144,-0.0634503259791402));
#8315=CARTESIAN_POINT('',(-0.136341959390296,-0.708703130716318,-0.0578404078020712));
#8316=CARTESIAN_POINT('',(-0.133413994907638,-0.713667436574181,-0.0560591841557206));
#8317=CARTESIAN_POINT('',(-0.131174855334854,-0.718020382518685,-0.0683438154393744));
#8318=CARTESIAN_POINT('',(0.118237094035649,-0.719742980227817,-0.123636613205409));
#8319=CARTESIAN_POINT('',(0.133185136634831,-0.720868383167994,-0.109935893385865));
#8320=CARTESIAN_POINT('',(0.127443732186871,-0.71739042269447,-0.097100837385559));
#8321=CARTESIAN_POINT('',(0.113059280076847,-0.714669041337314,-0.0910587522197734));
#8322=CARTESIAN_POINT('',(0.118477275467077,-0.719845850617361,-0.123907110883385));
#8323=CARTESIAN_POINT('',(0.113897926022164,-0.714539893581053,-0.0891203482213187));
#8324=CARTESIAN_POINT('',(0.129275515919796,-0.704424767122798,-0.0852386645937903));
#8325=CARTESIAN_POINT('',(0.123377774914,-0.704460501515973,-0.0874292588607862));
#8326=CARTESIAN_POINT('',(0.117755000430666,-0.709140601120136,-0.0892271602368069));
#8327=CARTESIAN_POINT('',(0.114795064678943,-0.714317663843162,-0.087222133786001));
#8328=CARTESIAN_POINT('',(0.129077768056098,-0.702939585182585,-0.086349173391759));
#8329=CARTESIAN_POINT('',(0.122835294758404,-0.704424528928398,-0.124302872831788));
#8330=CARTESIAN_POINT('',(0.123983768564457,-0.704424528928398,-0.123397518304973));
#8331=CARTESIAN_POINT('',(0.125054628020538,-0.704424528928398,-0.122384717264478));
#8332=CARTESIAN_POINT('',(0.126025073058383,-0.704424528928398,-0.121290690148299));
#8333=CARTESIAN_POINT('',(0.127865558599293,-0.704424528928398,-0.119215826544317));
#8334=CARTESIAN_POINT('',(0.129377144085059,-0.704424528928398,-0.116802113420608));
#8335=CARTESIAN_POINT('',(0.130451066112314,-0.704424528928398,-0.114244939691507));
#8336=CARTESIAN_POINT('',(0.131517505197685,-0.704424528928398,-0.111705583999392));
#8337=CARTESIAN_POINT('',(0.132187263254793,-0.704424528928398,-0.10895480573339));
#8338=CARTESIAN_POINT('',(0.132360869396067,-0.704424528928398,-0.106206082291209));
#8339=CARTESIAN_POINT('',(0.132493468282448,-0.704424528928398,-0.104106630827513));
#8340=CARTESIAN_POINT('',(0.132343454655867,-0.704424528928398,-0.101953109553877));
#8341=CARTESIAN_POINT('',(0.131804139296859,-0.704424528928398,-0.0999197827585429));
#8342=CARTESIAN_POINT('',(0.13147906396738,-0.704424528928398,-0.0986941837339828));
#8343=CARTESIAN_POINT('',(0.131002299575143,-0.704424528928398,-0.0974925122040918));
#8344=CARTESIAN_POINT('',(0.130352312982741,-0.704424528928398,-0.0964038045442785));
#8345=CARTESIAN_POINT('',(0.12959146434023,-0.704424528928398,-0.0951294063416951));
#8346=CARTESIAN_POINT('',(0.128555173799742,-0.704424528928398,-0.0939878908427019));
#8347=CARTESIAN_POINT('',(0.127363167191126,-0.704424528928398,-0.0931035257141634));
#8348=CARTESIAN_POINT('',(0.12689012631862,-0.704424528928398,-0.092752570569289));
#8349=CARTESIAN_POINT('',(0.12639051911747,-0.704424528928398,-0.0924356263922403));
#8350=CARTESIAN_POINT('',(0.125874864041915,-0.704424528928398,-0.0921509563660164));
#8351=CARTESIAN_POINT('',(0.117050824391189,-0.71977331272949,-0.125518825571052));
#8352=CARTESIAN_POINT('',(0.118063094172858,-0.714448193426146,-0.126174892938463));
#8353=CARTESIAN_POINT('',(0.120051406572449,-0.709331932159517,-0.125879931166826));
#8354=CARTESIAN_POINT('',(0.122987202495466,-0.704424528929601,-0.124495574307872));
#8355=CARTESIAN_POINT('',(0.126746317708474,-0.716171871118999,-0.0801687596921053));
#8356=CARTESIAN_POINT('',(0.105287828846941,-0.781434025988118,-0.117910556865684));
#8357=CARTESIAN_POINT('',(0.109144956413479,-0.76088080813779,-0.120521464167092));
#8358=CARTESIAN_POINT('',(0.113066665013906,-0.740327590287463,-0.123058227046115));
#8359=CARTESIAN_POINT('',(0.117050620000524,-0.719774372437135,-0.125518697760984));
#8360=CARTESIAN_POINT('',(0.113105807490647,-0.746054940824748,-0.0860400002599125));
#8361=CARTESIAN_POINT('',(0.101761408479668,-0.746054940824748,-0.102241481095129));
#8362=CARTESIAN_POINT('',(0.114315895004265,-0.811774338028147,-0.0992818057485214));
#8363=CARTESIAN_POINT('',(0.111742709692694,-0.802218256563157,-0.105447156372567));
#8364=CARTESIAN_POINT('',(0.108763204908399,-0.792158265492969,-0.111642176608358));
#8365=CARTESIAN_POINT('',(0.105337917217157,-0.781594364817585,-0.117818552459908));
#8366=CARTESIAN_POINT('',(0.114316135884763,-0.811774504202302,-0.0992817557570801));
#8367=CARTESIAN_POINT('',(0.120774224703915,-0.816773182064668,-0.087396576886418));
#8368=CARTESIAN_POINT('',(0.119122709018961,-0.814063199338356,-0.0918343896013867));
#8369=CARTESIAN_POINT('',(0.117221284406289,-0.811774546688018,-0.095936377465272));
#8370=CARTESIAN_POINT('',(0.11431591743312,-0.811774528928491,-0.0992817159471519));
#8371=CARTESIAN_POINT('',(0.120774224799701,-0.816773181859062,-0.0873965772282229));
#8372=CARTESIAN_POINT('',(0.120774226078995,-0.81677318303699,-0.0873965751446708));
#8373=CARTESIAN_POINT('',(0.124986468879735,-0.801056652368574,-0.0790137981465814));
#8374=CARTESIAN_POINT('',(0.119331590154298,-0.796527237299332,-0.0728414328882601));
#8375=CARTESIAN_POINT('',(0.110052141364714,-0.794534381600484,-0.066439093046569));
#8376=CARTESIAN_POINT('',(0.111297595441596,-0.794531847310779,-0.0642616650391151));
#8377=CARTESIAN_POINT('',(0.105665996508882,-0.774187193341552,-0.0776228181249739));
#8378=CARTESIAN_POINT('',(0.107209870704195,-0.781323074655794,-0.0736873816085571));
#8379=CARTESIAN_POINT('',(0.108743584105365,-0.78846774582642,-0.069763897104159));
#8380=CARTESIAN_POINT('',(0.110267152792675,-0.795621145142507,-0.0658524233516826));
#8381=CARTESIAN_POINT('',(0.111752197251063,-0.803587229423608,-0.0612432879832321));
#8382=CARTESIAN_POINT('',(0.133743016395387,-0.808354417289445,-0.0763439326451621));
#8383=CARTESIAN_POINT('',(0.116754401528799,-0.821160047323647,-0.09312947643541));
#8384=CARTESIAN_POINT('',(0.109374600707153,-0.790367096444907,-0.0689195994130401));
#8385=CARTESIAN_POINT('',(0.132303237231089,-0.794346869876066,-0.08542772292191));
#8386=CARTESIAN_POINT('',(0.113446460419524,-0.807936656602392,-0.101936503143357));
#8387=CARTESIAN_POINT('',(0.106464600677391,-0.777032846701885,-0.0762302363738951));
#8388=CARTESIAN_POINT('',(0.130337776230449,-0.780564156296635,-0.0939063185282311));
#8389=CARTESIAN_POINT('',(0.109563111462839,-0.794598157395242,-0.110225421709864));
#8390=CARTESIAN_POINT('',(0.103104515240749,-0.763639058479651,-0.0831975932025711));
#8391=CARTESIAN_POINT('',(0.128018786820519,-0.767056636084897,-0.101884089698823));
#8392=CARTESIAN_POINT('',(0.10520974089657,-0.781199462685079,-0.118049292949609));
#8393=CARTESIAN_POINT('',(0.136075971278376,-0.81677277042606,-0.0608924733905169));
#8394=CARTESIAN_POINT('',(0.132616934227232,-0.806262524189966,-0.0661630436752967));
#8395=CARTESIAN_POINT('',(0.124808781201518,-0.796813401005203,-0.067903763984337));
#8396=CARTESIAN_POINT('',(0.112377937433838,-0.794498851059596,-0.0620000174689463));
#8397=CARTESIAN_POINT('',(0.136076033349391,-0.8167730526705,-0.0608923899625153));
#8398=CARTESIAN_POINT('',(-3.061515884556E-17,-0.816773182064668,0.));
#8399=CARTESIAN_POINT('',(-3.061515884556E-17,-0.819151328019374,0.));
#8400=CARTESIAN_POINT('',(0.112560182433632,-0.794532068525826,-0.0620750286818546));
#8401=CARTESIAN_POINT('',(0.115066775377178,-0.787763350042528,-0.0589271282697051));
#8402=CARTESIAN_POINT('',(0.117566301838156,-0.780982868684887,-0.0557988939152479));
#8403=CARTESIAN_POINT('',(0.120058739619295,-0.774190754062536,-0.0526903946053594));
#8404=CARTESIAN_POINT('',(0.143139191162871,-0.811772326471349,-0.0493606225373433));
#8405=CARTESIAN_POINT('',(0.141892537339839,-0.811773742774931,-0.0529737257327877));
#8406=CARTESIAN_POINT('',(0.138951490710755,-0.814193027904278,-0.0574122358515034));
#8407=CARTESIAN_POINT('',(0.136076074286606,-0.816773211194895,-0.0608923062542856));
#8408=CARTESIAN_POINT('',(0.143138779007695,-0.811773487646567,-0.0493604798734697));
#8409=CARTESIAN_POINT('',(0.154679987220028,-0.78166067634357,-0.0323540405673327));
#8410=CARTESIAN_POINT('',(0.151050383455176,-0.792200244194133,-0.0383943027904341));
#8411=CARTESIAN_POINT('',(0.147182877298289,-0.802238029549956,-0.0440594336129945));
#8412=CARTESIAN_POINT('',(0.143138643145909,-0.811774032411041,-0.0493593960531183));
#8413=CARTESIAN_POINT('',(0.139029697754307,-0.821160057099944,-0.0545475220164098));
#8414=CARTESIAN_POINT('',(0.138258000653065,-0.819524598079923,-0.0574984014774069));
#8415=CARTESIAN_POINT('',(0.136824017497535,-0.817733516419004,-0.0601878371070604));
#8416=CARTESIAN_POINT('',(0.134848298213816,-0.815937381948316,-0.0623897377506121));
#8417=CARTESIAN_POINT('',(0.132872582841834,-0.814141251033804,-0.0645916340346101));
#8418=CARTESIAN_POINT('',(0.130357076695763,-0.812341833908706,-0.0663038315945611));
#8419=CARTESIAN_POINT('',(0.127513248544421,-0.810690400536973,-0.067382392674424));
#8420=CARTESIAN_POINT('',(0.124669420393078,-0.80903896716524,-0.0684609537542881));
#8421=CARTESIAN_POINT('',(0.121500067275116,-0.807537141809213,-0.0689048175385471));
#8422=CARTESIAN_POINT('',(0.11827162431845,-0.806311177056076,-0.068676670133882));
#8423=CARTESIAN_POINT('',(0.115043181361784,-0.805085212302939,-0.0684485227292171));
#8424=CARTESIAN_POINT('',(0.111758823891804,-0.804136313946648,-0.0675485885293231));
#8425=CARTESIAN_POINT('',(0.10869465500276,-0.80354425216286,-0.0660525214846261));
#8426=CARTESIAN_POINT('',(0.145002154389228,-0.807938173739489,-0.047280075200259));
#8427=CARTESIAN_POINT('',(0.144370890364874,-0.806284089524833,-0.0503810148530036));
#8428=CARTESIAN_POINT('',(0.143020814426528,-0.804464828118493,-0.053243900312813));
#8429=CARTESIAN_POINT('',(0.141072582464494,-0.802642271006729,-0.0556146310504261));
#8430=CARTESIAN_POINT('',(0.139124354359773,-0.800819717503455,-0.0579853570942181));
#8431=CARTESIAN_POINT('',(0.136580124593869,-0.798995875259778,-0.05986133582735));
#8432=CARTESIAN_POINT('',(0.133666336229566,-0.797333051831372,-0.0610763122597911));
#8433=CARTESIAN_POINT('',(0.130752547865263,-0.795670228402965,-0.0622912886922331));
#8434=CARTESIAN_POINT('',(0.127472406187721,-0.794170256368767,-0.062843939101257));
#8435=CARTESIAN_POINT('',(0.124117484074708,-0.792966730942967,-0.0626855881701791));
#8436=CARTESIAN_POINT('',(0.120762561961694,-0.791763205517167,-0.0625272372391));
#8437=CARTESIAN_POINT('',(0.117336544481498,-0.790857456753891,-0.0616580679450181));
#8438=CARTESIAN_POINT('',(0.114143841922928,-0.790330365143483,-0.060155641213303));
#8439=CARTESIAN_POINT('',(0.150239454517405,-0.794598515155664,-0.0397719072129378));
#8440=CARTESIAN_POINT('',(0.149763550939472,-0.792923747515796,-0.0430028963308274));
#8441=CARTESIAN_POINT('',(0.148514256301725,-0.791074325841836,-0.0460255322004722));
#8442=CARTESIAN_POINT('',(0.146609530558309,-0.789223907158718,-0.0485564451959041));
#8443=CARTESIAN_POINT('',(0.14470480858607,-0.787373492139253,-0.051087353180368));
#8444=CARTESIAN_POINT('',(0.14214701225942,-0.785524355647223,-0.0531234431377811));
#8445=CARTESIAN_POINT('',(0.139176522370824,-0.783850157347574,-0.054474113018489));
#8446=CARTESIAN_POINT('',(0.136206032482228,-0.782175959047925,-0.0558247828991981));
#8447=CARTESIAN_POINT('',(0.132826502128005,-0.780678759896575,-0.0564883872872821));
#8448=CARTESIAN_POINT('',(0.129355111134129,-0.779499289833184,-0.056403105090188));
#8449=CARTESIAN_POINT('',(0.125883720140254,-0.778319819769793,-0.056317822893094));
#8450=CARTESIAN_POINT('',(0.122324730084545,-0.777459535415408,-0.0554837696507991));
#8451=CARTESIAN_POINT('',(0.119012012587518,-0.776999522422032,-0.053979522300356));
#8452=CARTESIAN_POINT('',(0.15483855888133,-0.781199472800796,-0.0320896420354392));
#8453=CARTESIAN_POINT('',(0.154527036367427,-0.779501618543138,-0.0354313493230429));
#8454=CARTESIAN_POINT('',(0.153390450074755,-0.777619719835593,-0.0385997329777205));
#8455=CARTESIAN_POINT('',(0.151541136956477,-0.775739777957095,-0.041281639463829));
#8456=CARTESIAN_POINT('',(0.149691827499663,-0.773859839800703,-0.0439635406400191));
#8457=CARTESIAN_POINT('',(0.147132327467437,-0.771984433852775,-0.0461552925521411));
#8458=CARTESIAN_POINT('',(0.144115609239956,-0.770298918933564,-0.0476402698081511));
#8459=CARTESIAN_POINT('',(0.141098891012475,-0.768613404014353,-0.0491252470641601));
#8460=CARTESIAN_POINT('',(0.137629087288136,-0.767120089164438,-0.04990141534641));
#8461=CARTESIAN_POINT('',(0.1340491418043,-0.765966568604234,-0.0498920607907491));
#8462=CARTESIAN_POINT('',(0.130469196320464,-0.76481304804403,-0.0498827062350891));
#8463=CARTESIAN_POINT('',(0.126784013358487,-0.764000902018097,-0.0490878416566231));
#8464=CARTESIAN_POINT('',(0.123357824015642,-0.763610400309842,-0.0475860287985761));
#8465=CARTESIAN_POINT('',(0.124295575841268,-0.772042729949057,-0.0517755278758506));
#8466=CARTESIAN_POINT('',(0.134410609334661,-0.713154774463401,-0.0544824358050506));
#8467=CARTESIAN_POINT('',(0.168679153668679,-0.711531912658498,-0.0403502114774226));
#8468=CARTESIAN_POINT('',(0.164010644030782,-0.73484962756472,-0.0378416115002453));
#8469=CARTESIAN_POINT('',(0.159298806680045,-0.758167342470941,-0.0354460185867738));
#8470=CARTESIAN_POINT('',(0.154547672345231,-0.781485057377163,-0.0331647108021669));
#8471=CARTESIAN_POINT('',(0.1619680539803,-0.716329570058569,-0.0485850927273981));
#8472=CARTESIAN_POINT('',(0.161870638016699,-0.715655066059584,-0.0490938290574964));
#8473=CARTESIAN_POINT('',(0.161713420552256,-0.715019525287869,-0.0496554053903125));
#8474=CARTESIAN_POINT('',(0.161475370765153,-0.714460925334233,-0.0502508519108581));
#8475=CARTESIAN_POINT('',(0.161140180585207,-0.713674378867397,-0.0510892808327997));
#8476=CARTESIAN_POINT('',(0.160625655390398,-0.713031517997903,-0.0520170158646028));
#8477=CARTESIAN_POINT('',(0.159966813553624,-0.712555017210476,-0.0528961320640147));
#8478=CARTESIAN_POINT('',(0.159208298136838,-0.712006428500408,-0.0539082462819955));
#8479=CARTESIAN_POINT('',(0.158246665480063,-0.711642630182961,-0.0548806452346691));
#8480=CARTESIAN_POINT('',(0.15718639369179,-0.711360744237952,-0.0557155311248078));
#8481=CARTESIAN_POINT('',(0.155652200917852,-0.710952860726676,-0.0569235948626923));
#8482=CARTESIAN_POINT('',(0.153864824397826,-0.710690884986331,-0.0578914174840492));
#8483=CARTESIAN_POINT('',(0.152004364685988,-0.710410453769129,-0.0585544276002696));
#8484=CARTESIAN_POINT('',(0.15009524761098,-0.710122688319697,-0.0592347776910159));
#8485=CARTESIAN_POINT('',(0.148055851733011,-0.709815297822624,-0.059614751255381));
#8486=CARTESIAN_POINT('',(0.146048574582967,-0.709418455314863,-0.059676132627917));
#8487=CARTESIAN_POINT('',(0.143880303718733,-0.708989784043809,-0.0597424370949776));
#8488=CARTESIAN_POINT('',(0.141689058501677,-0.708443565614879,-0.0594352566582184));
#8489=CARTESIAN_POINT('',(0.13968666415706,-0.70775903405119,-0.0587938618432809));
#8490=CARTESIAN_POINT('',(0.138439391832756,-0.707332645874057,-0.058394343135203));
#8491=CARTESIAN_POINT('',(0.137245551340763,-0.70684783843288,-0.057861740837199));
#8492=CARTESIAN_POINT('',(0.136149771375563,-0.706312908261112,-0.0572212517226333));
#8493=CARTESIAN_POINT('',(0.137914914015762,-0.746264949818516,-0.0363033281669804));
#8494=CARTESIAN_POINT('',(0.141578995542803,-0.704424528928398,-0.0655773976295022));
#8495=CARTESIAN_POINT('',(0.142313976442448,-0.704424528928398,-0.0660080355530614));
#8496=CARTESIAN_POINT('',(0.143129816962407,-0.704424528928398,-0.0663273905145458));
#8497=CARTESIAN_POINT('',(0.143965963367918,-0.704424528928398,-0.066490194484405));
#8498=CARTESIAN_POINT('',(0.144800952382298,-0.704424528928398,-0.0666527731015396));
#8499=CARTESIAN_POINT('',(0.145670035111563,-0.704424528928398,-0.0666686986737127));
#8500=CARTESIAN_POINT('',(0.146516308092362,-0.704424528928398,-0.0665823244712208));
#8501=CARTESIAN_POINT('',(0.148048826358918,-0.704424528928398,-0.0664259091701517));
#8502=CARTESIAN_POINT('',(0.149553381643534,-0.704424528928398,-0.0659555525690656));
#8503=CARTESIAN_POINT('',(0.150971459578379,-0.704424528928398,-0.0653537777320679));
#8504=CARTESIAN_POINT('',(0.153599167147393,-0.704424528928398,-0.0642386850737836));
#8505=CARTESIAN_POINT('',(0.156039859473276,-0.704424528928398,-0.0626216855061255));
#8506=CARTESIAN_POINT('',(0.158184465942563,-0.704424528928398,-0.0607378219769111));
#8507=CARTESIAN_POINT('',(0.160439429300961,-0.704424528928398,-0.0587570188358987));
#8508=CARTESIAN_POINT('',(0.162418470209186,-0.704424528928398,-0.056406823008613));
#8509=CARTESIAN_POINT('',(0.163966832466381,-0.704424528928398,-0.0538356335656402));
#8510=CARTESIAN_POINT('',(0.165520981305581,-0.704424528928398,-0.051254835002779));
#8511=CARTESIAN_POINT('',(0.166676098175481,-0.704424528928398,-0.0483817496981612));
#8512=CARTESIAN_POINT('',(0.167297753751991,-0.704424528928398,-0.0454339633794733));
#8513=CARTESIAN_POINT('',(0.167426931563781,-0.704424528928398,-0.0448214238951334));
#8514=CARTESIAN_POINT('',(0.167534029644107,-0.704424528928398,-0.0442037951330843));
#8515=CARTESIAN_POINT('',(0.167618210352762,-0.704424528928398,-0.0435834684971702));
#8516=CARTESIAN_POINT('',(0.138243891462069,-0.704022670933063,-0.0674107425776712));
#8517=CARTESIAN_POINT('',(0.133092311756256,-0.714060851769886,-0.0558848123113883));
#8518=CARTESIAN_POINT('',(0.135887337295948,-0.709484759329744,-0.0573719020716547));
#8519=CARTESIAN_POINT('',(0.137186187945084,-0.705285978127299,-0.0620675492390123));
#8520=CARTESIAN_POINT('',(0.138141301990925,-0.704553348296469,-0.0675003419309672));
#8521=CARTESIAN_POINT('',(0.13117485605637,-0.718020381505658,-0.0683438162711063));
#8522=CARTESIAN_POINT('',(-0.0091164865128779,-0.704424528928398,0.154628702504816));
#8523=CARTESIAN_POINT('',(-0.0176435547871778,-0.704424528928398,0.166476736878782));
#8524=CARTESIAN_POINT('',(-0.0326179545329429,-0.704424528928398,0.172388358510482));
#8525=CARTESIAN_POINT('',(-0.0460465724075728,-0.704424528928398,0.168832294023073));
#8526=CARTESIAN_POINT('',(-0.00911648651285388,-0.704424529565586,0.154628702504816));
#8527=CARTESIAN_POINT('',(-0.0181340586404428,-0.714411732028297,0.142962985057284));
#8528=CARTESIAN_POINT('',(-0.0184481794992206,-0.709746865506754,0.146621896243109));
#8529=CARTESIAN_POINT('',(-0.0155938699456705,-0.704424528928352,0.154704854485317));
#8530=CARTESIAN_POINT('',(-0.00911648651280602,-0.704424528928398,0.154628702504819));
#8531=CARTESIAN_POINT('',(-0.0183066053697267,-0.714432914449834,0.142975172254237));
#8532=CARTESIAN_POINT('',(-0.0181364877301535,-0.714432955265579,0.14299031661204));
#8533=CARTESIAN_POINT('',(-0.0207422292725507,-0.721030806692892,0.172243013332394));
#8534=CARTESIAN_POINT('',(-0.0497364752142811,-0.719809715761794,0.164250239279279));
#8535=CARTESIAN_POINT('',(-0.0492995317263024,-0.719457946204168,0.162718943103692));
#8536=CARTESIAN_POINT('',(-0.046322760930497,-0.704424588126735,0.168757806535625));
#8537=CARTESIAN_POINT('',(-0.0488909028712965,-0.709150490040052,0.166975947483509));
#8538=CARTESIAN_POINT('',(-0.050242025717274,-0.714384741321542,0.165346777427047));
#8539=CARTESIAN_POINT('',(-0.0501769227298973,-0.719786529156323,0.164125411156697));
#8540=CARTESIAN_POINT('',(-0.00901992463824999,-0.704424990050211,0.154626843554951));
#8541=CARTESIAN_POINT('',(-0.0101175719069499,-0.70443130104977,0.174705904122599));
#8542=CARTESIAN_POINT('',(-0.0101649248818558,-0.684791829480713,0.179025910698807));
#8543=CARTESIAN_POINT('',(-0.00969295283354994,-0.704418566073709,0.154644737719323));
#8544=CARTESIAN_POINT('',(-0.011384469573367,-0.704375249087415,0.174643317738208));
#8545=CARTESIAN_POINT('',(-0.0128723293448477,-0.684769347054385,0.178877135225226));
#8546=CARTESIAN_POINT('',(-0.010362940267096,-0.704479515615967,0.154557433940094));
#8547=CARTESIAN_POINT('',(-0.0126697437576334,-0.70450903005871,0.17453977660273));
#8548=CARTESIAN_POINT('',(-0.0155947155179717,-0.684982668990429,0.178613175500203));
#8549=CARTESIAN_POINT('',(-0.0116666551653435,-0.704739318914091,0.154173068253201));
#8550=CARTESIAN_POINT('',(-0.015130353560691,-0.705150143472589,0.174265978949881));
#8551=CARTESIAN_POINT('',(-0.0209488194708376,-0.685891981011394,0.177863442384652));
#8552=CARTESIAN_POINT('',(-0.0122824282686075,-0.704933497367771,0.153883109319466));
#8553=CARTESIAN_POINT('',(-0.0162787219613075,-0.705649247937638,0.174099249088012));
#8554=CARTESIAN_POINT('',(-0.0235065375868699,-0.686571605978105,0.177389981499211));
#8555=CARTESIAN_POINT('',(-0.0134482432025851,-0.705442380956376,0.153135293257484));
#8556=CARTESIAN_POINT('',(-0.0183549022845398,-0.706932743145584,0.173739667560048));
#8557=CARTESIAN_POINT('',(-0.0284039072430639,-0.688352699483259,0.176275567480512));
#8558=CARTESIAN_POINT('',(-0.0140042713358068,-0.705762231691247,0.152670111168109));
#8559=CARTESIAN_POINT('',(-0.0192949928311392,-0.707736766862953,0.173543178380313));
#8560=CARTESIAN_POINT('',(-0.0307696718654815,-0.689472177634052,0.175625073525811));
#8561=CARTESIAN_POINT('',(-0.0150123312373049,-0.706499993130323,0.151627874495778));
#8562=CARTESIAN_POINT('',(-0.0208484548946883,-0.709508810313549,0.17317456114105));
#8563=CARTESIAN_POINT('',(-0.0351155117676847,-0.692054343871564,0.174229255915936));
#8564=CARTESIAN_POINT('',(-0.0154661909941875,-0.706916364457348,0.151052764268031));
#8565=CARTESIAN_POINT('',(-0.0214653462770846,-0.710480603586959,0.173002116891399));
#8566=CARTESIAN_POINT('',(-0.0371023866683385,-0.693511644141068,0.17348558861527));
#8567=CARTESIAN_POINT('',(-0.016280883924264,-0.707841672321586,0.149824361827374));
#8568=CARTESIAN_POINT('',(-0.0223835727812927,-0.712496126116653,0.172713982488399));
#8569=CARTESIAN_POINT('',(-0.0407263658841732,-0.696750222842349,0.171939545697222));
#8570=CARTESIAN_POINT('',(-0.0166428279069011,-0.708355093967121,0.149165987441996));
#8571=CARTESIAN_POINT('',(-0.0226767570791265,-0.713550797544371,0.172599607388925));
#8572=CARTESIAN_POINT('',(-0.0423694141616336,-0.698547199158832,0.17113140535927));
#8573=CARTESIAN_POINT('',(-0.0172469641584875,-0.709434612058013,0.147851086744225));
#8574=CARTESIAN_POINT('',(-0.0229419932099767,-0.715555511608986,0.172457486328959));
#8575=CARTESIAN_POINT('',(-0.0451761917651988,-0.702325513368972,0.169552894283935));
#8576=CARTESIAN_POINT('',(-0.0174937627820264,-0.710004701109535,0.147188768181141));
#8577=CARTESIAN_POINT('',(-0.0229130148598909,-0.716514283694475,0.172429943279724));
#8578=CARTESIAN_POINT('',(-0.0463600666538937,-0.704320825393227,0.168775001218345));
#8579=CARTESIAN_POINT('',(-0.0178781856787581,-0.711208171980046,0.145878463700822));
#8580=CARTESIAN_POINT('',(-0.0226036893573813,-0.718262351452519,0.172452606441073));
#8581=CARTESIAN_POINT('',(-0.0482873491487405,-0.708532973847605,0.167270555284178));
#8582=CARTESIAN_POINT('',(-0.0180130842638576,-0.711837576138201,0.14523595039745));
#8583=CARTESIAN_POINT('',(-0.0223168080202573,-0.719035440596807,0.172505227585406));
#8584=CARTESIAN_POINT('',(-0.0490182323706949,-0.710735888459605,0.166550688287781));
#8585=CARTESIAN_POINT('',(-0.0181623074055911,-0.713110894543397,0.144036474656906));
#8586=CARTESIAN_POINT('',(-0.0216080150055497,-0.720301047641383,0.172646046340684));
#8587=CARTESIAN_POINT('',(-0.0499720538525606,-0.715192502693997,0.165244126437954));
#8588=CARTESIAN_POINT('',(-0.0181786868160407,-0.713760613849926,0.143472994986828));
#8589=CARTESIAN_POINT('',(-0.0211827622272405,-0.720793910070038,0.172734737217721));
#8590=CARTESIAN_POINT('',(-0.0502051601524237,-0.717466528276977,0.16464988844516));
#8591=CARTESIAN_POINT('',(-0.0181331885316426,-0.714424526962877,0.142952945720992));
#8592=CARTESIAN_POINT('',(-0.0207451910347044,-0.72115739911723,0.17280839735675));
#8593=CARTESIAN_POINT('',(-0.0501768780815891,-0.719790215546411,0.164124577715839));
#8594=CARTESIAN_POINT('',(-0.0178439597035417,-0.746172033671832,0.139647045088352));
#8595=CARTESIAN_POINT('',(-0.0501768780815892,-0.719790215546411,0.164124577715839));
#8596=CARTESIAN_POINT('',(-0.0500380337604932,-0.740339403479569,0.159445053120551));
#8597=CARTESIAN_POINT('',(-0.0498020311194326,-0.760888591412727,0.154781284034094));
#8598=CARTESIAN_POINT('',(-0.0494695624665156,-0.781437779345885,0.150136364519491));
#8599=CARTESIAN_POINT('',(-0.0375470531912552,-0.746172033671832,0.137923247771786));
#8600=CARTESIAN_POINT('',(-0.00252153937779298,-0.794532068555513,0.12851749178563));
#8601=CARTESIAN_POINT('',(-0.00650105497387667,-0.787763252514809,0.129114323343756));
#8602=CARTESIAN_POINT('',(-0.0104600054022266,-0.78098267324448,0.129714868289454));
#8603=CARTESIAN_POINT('',(-0.014398319816564,-0.774190460360115,0.130319141893417));
#8604=CARTESIAN_POINT('',(3.43672219372052E-6,-0.794531847336778,0.128517377620004));
#8605=CARTESIAN_POINT('',(-0.00249607580197885,-0.79449846255923,0.128322170307848));
#8606=CARTESIAN_POINT('',(-0.00349559550269324,-0.796853957220162,0.141960511234006));
#8607=CARTESIAN_POINT('',(-0.00842332310095129,-0.805283520762666,0.147897592113754));
#8608=CARTESIAN_POINT('',(-0.0153035567705013,-0.81677277042606,0.14829148466834));
#8609=CARTESIAN_POINT('',(-0.0153036600590607,-0.816773052669576,0.148291496709611));
#8610=CARTESIAN_POINT('',(-0.0288220425021653,-0.811772326471349,0.148642487095845));
#8611=CARTESIAN_POINT('',(-0.0250696764193502,-0.811773742774936,0.149369404816096));
#8612=CARTESIAN_POINT('',(-0.0197552906483405,-0.814193027879789,0.149041638783859));
#8613=CARTESIAN_POINT('',(-0.015303753020942,-0.816773211193676,0.148291490308322));
#8614=CARTESIAN_POINT('',(-0.0288219599751162,-0.811773487646567,0.148642058827056));
#8615=CARTESIAN_POINT('',(-0.0494695623661704,-0.781437779318219,0.150136364558956));
#8616=CARTESIAN_POINT('',(-0.0423712547495156,-0.792058623161469,0.150017894019556));
#8617=CARTESIAN_POINT('',(-0.0354816487185149,-0.80217052806747,0.149499847179345));
#8618=CARTESIAN_POINT('',(-0.028823203954102,-0.811773494036223,0.148641447382558));
#8619=CARTESIAN_POINT('',(-0.0222753090848648,-0.821160057099182,0.147677011145975));
#8620=CARTESIAN_POINT('',(-0.0193339239573166,-0.819524598079653,0.148484141582431));
#8621=CARTESIAN_POINT('',(-0.0162878128022998,-0.817733516419241,0.148586993555678));
#8622=CARTESIAN_POINT('',(-0.013393051266446,-0.815937381949017,0.147976920786792));
#8623=CARTESIAN_POINT('',(-0.0104982954619446,-0.814141251034969,0.147366849225792));
#8624=CARTESIAN_POINT('',(-0.00775773580568188,-0.812341833910292,0.146044455779756));
#8625=CARTESIAN_POINT('',(-0.00540176043534534,-0.81069040053889,0.144120908896568));
#8626=CARTESIAN_POINT('',(-0.0030457850650088,-0.809038967167488,0.142197362013379));
#8627=CARTESIAN_POINT('',(-0.00107671119310897,-0.807537141811701,0.139674553591808));
#8628=CARTESIAN_POINT('',(0.000339928836885877,-0.806311177058682,0.136764566274412));
#8629=CARTESIAN_POINT('',(0.00175656886688072,-0.805085212305663,0.133854578957015));
#8630=CARTESIAN_POINT('',(0.00261938172291719,-0.804136313949369,0.130560274853094));
#8631=CARTESIAN_POINT('',(0.00285583410085039,-0.803544252165451,0.127158593231509));
#8632=CARTESIAN_POINT('',(-0.0315553309702638,-0.807938173727851,0.149215586909252));
#8633=CARTESIAN_POINT('',(-0.0285542064429478,-0.806284089513699,0.150219366053793));
#8634=CARTESIAN_POINT('',(-0.0253998369372474,-0.804464828107871,0.150481608723834));
#8635=CARTESIAN_POINT('',(-0.0223726079117735,-0.802642270996573,0.149979755720885));
#8636=CARTESIAN_POINT('',(-0.019345384879925,-0.800819717493764,0.149477903711557));
#8637=CARTESIAN_POINT('',(-0.0164486247570268,-0.798995875250507,0.148212525467665));
#8638=CARTESIAN_POINT('',(-0.0139395301193377,-0.797333051822429,0.146296598939084));
#8639=CARTESIAN_POINT('',(-0.0114304354816486,-0.795670228394351,0.144380672410502));
#8640=CARTESIAN_POINT('',(-0.00931175534925768,-0.794170256360388,0.141816311594241));
#8641=CARTESIAN_POINT('',(-0.00777143022182429,-0.792966730934705,0.138831688351148));
#8642=CARTESIAN_POINT('',(-0.0062311050943909,-0.791763205509021,0.135847065108055));
#8643=CARTESIAN_POINT('',(-0.00527081904324417,-0.790857456745741,0.132445462289433));
#8644=CARTESIAN_POINT('',(-0.00497560748106381,-0.790330365135206,0.128929287401226));
#8645=CARTESIAN_POINT('',(-0.0406762452515862,-0.794598515133022,0.149997137875628));
#8646=CARTESIAN_POINT('',(-0.03764017480688,-0.792923747493667,0.15120048784618));
#8647=CARTESIAN_POINT('',(-0.0343978480382391,-0.791074325820224,0.15162988488776));
#8648=CARTESIAN_POINT('',(-0.0312536502175044,-0.789223907137574,0.151245800504321));
#8649=CARTESIAN_POINT('',(-0.0281094586219821,-0.787373492118576,0.150861716881332));
#8650=CARTESIAN_POINT('',(-0.0250672548309825,-0.785524355626965,0.149664645263363));
#8651=CARTESIAN_POINT('',(-0.0224122954577573,-0.783850157327642,0.14776746049845));
#8652=CARTESIAN_POINT('',(-0.0197573360845322,-0.782175959028319,0.145870275733536));
#8653=CARTESIAN_POINT('',(-0.0174928726492278,-0.780678759877202,0.143275318787933));
#8654=CARTESIAN_POINT('',(-0.0158310337014723,-0.779499289813925,0.140226364902223));
#8655=CARTESIAN_POINT('',(-0.0141691947537168,-0.778319819750648,0.137177411016513));
#8656=CARTESIAN_POINT('',(-0.0131120110218638,-0.777459535396259,0.133678208595335));
#8657=CARTESIAN_POINT('',(-0.0127583686925234,-0.776999522402758,0.130057187412173));
#8658=CARTESIAN_POINT('',(-0.0496288342400594,-0.781199472767077,0.150138946501984));
#8659=CARTESIAN_POINT('',(-0.0465790695797137,-0.779501618509943,0.151540013734835));
#8660=CARTESIAN_POINT('',(-0.0432668756991853,-0.777619719802921,0.152139892959064));
#8661=CARTESIAN_POINT('',(-0.0400196199922354,-0.775739777924894,0.151879294062079));
#8662=CARTESIAN_POINT('',(-0.0367723707145428,-0.773859839768972,0.151618695681054));
#8663=CARTESIAN_POINT('',(-0.0335945078635133,-0.771984433821463,0.150497979588165));
#8664=CARTESIAN_POINT('',(-0.030800120721864,-0.770298918902576,0.148627913595065));
#8665=CARTESIAN_POINT('',(-0.0280057335802148,-0.768613403983689,0.146757847601964));
#8666=CARTESIAN_POINT('',(-0.0255986502679067,-0.767120089134003,0.144140993571628));
#8667=CARTESIAN_POINT('',(-0.0238167788088052,-0.765966568573911,0.141035992560608));
#8668=CARTESIAN_POINT('',(-0.0220349073497037,-0.764813048013819,0.137930991549587));
#8669=CARTESIAN_POINT('',(-0.0208806887862822,-0.764000901987881,0.134342097197676));
#8670=CARTESIAN_POINT('',(-0.0204682022017733,-0.763610400279504,0.130624023759576));
#8671=CARTESIAN_POINT('',(0.00249546104365803,-0.794499004197002,0.128323064666107));
#8672=CARTESIAN_POINT('',(0.00359292145826427,-0.796807672765385,0.142002471399403));
#8673=CARTESIAN_POINT('',(0.00864817408860957,-0.805610023787425,0.147905812302876));
#8674=CARTESIAN_POINT('',(0.0153005412266654,-0.816773183037308,0.14829183548051));
#8675=CARTESIAN_POINT('',(0.0153005436711624,-0.816773181859204,0.148291835414302));
#8676=CARTESIAN_POINT('',(-3.061515884556E-17,-0.816773182064668,0.));
#8677=CARTESIAN_POINT('',(-3.061515884556E-17,-0.819151328019374,0.));
#8678=CARTESIAN_POINT('',(0.028822618423017,-0.811774337982796,0.148641372011874));
#8679=CARTESIAN_POINT('',(0.0354370550547507,-0.802234851129341,0.149494120060942));
#8680=CARTESIAN_POINT('',(0.0422795340975118,-0.792193225785386,0.150010986389384));
#8681=CARTESIAN_POINT('',(0.0493280694373372,-0.781649461950932,0.150133949617541));
#8682=CARTESIAN_POINT('',(0.0288224546801183,-0.811774504198185,0.148641555670713));
#8683=CARTESIAN_POINT('',(0.0153005434233191,-0.816773182064669,0.148291835160424));
#8684=CARTESIAN_POINT('',(0.0199695220168656,-0.814063221276082,0.149080480596204));
#8685=CARTESIAN_POINT('',(0.0244726266115443,-0.811774590229694,0.149484788646156));
#8686=CARTESIAN_POINT('',(0.0288224183056061,-0.811774528929501,0.148641368073834));
#8687=CARTESIAN_POINT('',(0.0143911422373685,-0.774185813888489,0.130320968426047));
#8688=CARTESIAN_POINT('',(0.0102107457917196,-0.781322153892221,0.129690244159429));
#8689=CARTESIAN_POINT('',(0.00604578247651586,-0.788467284889912,0.129056696026041));
#8690=CARTESIAN_POINT('',(0.00189629513016286,-0.795621145158704,0.128420367330145));
#8691=CARTESIAN_POINT('',(-0.00283785564113175,-0.803587229781648,0.127401885703996));
#8692=CARTESIAN_POINT('',(-0.000755723327978263,-0.808354417662817,0.153996816010516));
#8693=CARTESIAN_POINT('',(0.0222752914100258,-0.821160047676597,0.147677015906041));
#8694=CARTESIAN_POINT('',(0.00499883059042882,-0.790367084564591,0.129180984070527));
#8695=CARTESIAN_POINT('',(0.00783096756243568,-0.794346856910956,0.157291828976456));
#8696=CARTESIAN_POINT('',(0.0315563793973042,-0.80793664474436,0.149215769661123));
#8697=CARTESIAN_POINT('',(0.0127850198459834,-0.777032848501406,0.130316166906573));
#8698=CARTESIAN_POINT('',(0.0161563682362937,-0.780564158069582,0.159828984292977));
#8699=CARTESIAN_POINT('',(0.0406764583850337,-0.794598159201861,0.149997148680857));
#8700=CARTESIAN_POINT('',(0.0204989715289844,-0.763639058618015,0.130889926043373));
#8701=CARTESIAN_POINT('',(0.0242248164035001,-0.767056636229931,0.161809566379474));
#8702=CARTESIAN_POINT('',(0.0496288160332577,-0.78119946282049,0.150138954822366));
#8703=CARTESIAN_POINT('',(0.0485997222632276,-0.781482666728725,0.150409820634897));
#8704=CARTESIAN_POINT('',(0.0489399880277062,-0.760930716731542,0.155046040407687));
#8705=CARTESIAN_POINT('',(0.0491868484157374,-0.740378766734359,0.159700336334247));
#8706=CARTESIAN_POINT('',(0.0493396621018792,-0.719826816737177,0.164369806105731));
#8707=CARTESIAN_POINT('',(0.049299530141706,-0.719458068100426,0.162718915456322));
#8708=CARTESIAN_POINT('',(0.0178439598271616,-0.74617202914923,0.139647046501334));
#8709=CARTESIAN_POINT('',(0.0185399180667427,-0.714927492288147,0.145164722584789));
#8710=CARTESIAN_POINT('',(0.0183806012013314,-0.714925420821354,0.145167078192144));
#8711=CARTESIAN_POINT('',(0.0185413381879087,-0.717962306106247,0.158708774632755));
#8712=CARTESIAN_POINT('',(0.0365627251850036,-0.720484672125143,0.168394150088146));
#8713=CARTESIAN_POINT('',(0.0484220124545964,-0.719125210003272,0.161313527283719));
#8714=CARTESIAN_POINT('',(0.0375470533148752,-0.74617202914923,0.137923249184768));
#8715=CARTESIAN_POINT('',(0.0501769212399263,-0.719786652763155,0.164125383208763));
#8716=CARTESIAN_POINT('',(0.0502420341602813,-0.714385830133775,0.165346524661203));
#8717=CARTESIAN_POINT('',(0.0488911676992141,-0.709150977377095,0.166975763737431));
#8718=CARTESIAN_POINT('',(0.0463227609305013,-0.704424588126742,0.168757806535622));
#8719=CARTESIAN_POINT('',(0.00911648651280598,-0.704424528928398,0.154628702504819));
#8720=CARTESIAN_POINT('',(0.0152612297746011,-0.704424528928354,0.154700943769155));
#8721=CARTESIAN_POINT('',(0.0181271209588023,-0.709394758786193,0.147200636274528));
#8722=CARTESIAN_POINT('',(0.0181580611794456,-0.713613430832522,0.143615280566448));
#8723=CARTESIAN_POINT('',(0.00911648651285384,-0.704424529565586,0.154628702504817));
#8724=CARTESIAN_POINT('',(0.0460203612369472,-0.704424528928398,0.16883922305508));
#8725=CARTESIAN_POINT('',(0.0326000976302821,-0.704424528928398,0.172380776834054));
#8726=CARTESIAN_POINT('',(0.0176391276047803,-0.704424528928398,0.166470585482049));
#8727=CARTESIAN_POINT('',(0.00911648651287785,-0.704424528928398,0.154628702504816));
#8728=CARTESIAN_POINT('',(0.0101649248818558,-0.684791829480713,0.179025910698807));
#8729=CARTESIAN_POINT('',(0.0101175718993344,-0.704431304208251,0.174705903427843));
#8730=CARTESIAN_POINT('',(0.00901992442388774,-0.704424990048978,0.154626839633663));
#8731=CARTESIAN_POINT('',(0.0128723293448366,-0.684769347054509,0.178877135225199));
#8732=CARTESIAN_POINT('',(0.0113844693343096,-0.704375252237947,0.17464331705789));
#8733=CARTESIAN_POINT('',(0.00969295250288803,-0.704418566082176,0.15464473380987));
#8734=CARTESIAN_POINT('',(0.0155947155179862,-0.684982668990383,0.178613175500211));
#8735=CARTESIAN_POINT('',(0.0126697432872775,-0.704509033198769,0.174539775947667));
#8736=CARTESIAN_POINT('',(0.0103629398165871,-0.704479515610203,0.154557430037619));
#8737=CARTESIAN_POINT('',(0.0209488194708225,-0.68589198101144,0.177863442384643));
#8738=CARTESIAN_POINT('',(0.0151303526198706,-0.705150146586554,0.174265978368197));
#8739=CARTESIAN_POINT('',(0.0116666544925295,-0.70473931883429,0.15417306435017));
#8740=CARTESIAN_POINT('',(0.0235065375868829,-0.686571605978153,0.177389981499198));
#8741=CARTESIAN_POINT('',(0.0162787207873976,-0.705649251036243,0.174099248553637));
#8742=CARTESIAN_POINT('',(0.0122824274958401,-0.704933497229367,0.153883105410226));
#8743=CARTESIAN_POINT('',(0.0284039072430508,-0.688352699483211,0.176275567480524));
#8744=CARTESIAN_POINT('',(0.0183549006325805,-0.706932746199877,0.173739667143075));
#8745=CARTESIAN_POINT('',(0.0134482422651214,-0.705442380671628,0.153135289320832));
#8746=CARTESIAN_POINT('',(0.0307696718654951,-0.689472177634058,0.175625073525807));
#8747=CARTESIAN_POINT('',(0.0192949909301225,-0.707736769888805,0.173543178035505));
#8748=CARTESIAN_POINT('',(0.0140042703327845,-0.705762231316912,0.152670107210937));
#8749=CARTESIAN_POINT('',(0.0351155117676711,-0.692054343871557,0.17422925591594));
#8750=CARTESIAN_POINT('',(0.0208484524884298,-0.709508813257437,0.173174560963067));
#8751=CARTESIAN_POINT('',(0.0150123301505187,-0.706499992570027,0.151627870483443));
#8752=CARTESIAN_POINT('',(0.0371023866683493,-0.693511644141005,0.173485588615282));
#8753=CARTESIAN_POINT('',(0.0214653436129366,-0.710480606478013,0.173002116808994));
#8754=CARTESIAN_POINT('',(0.0154661898882885,-0.706916363800299,0.15105276022192));
#8755=CARTESIAN_POINT('',(0.0407263658841623,-0.696750222842412,0.17193954569721));
#8756=CARTESIAN_POINT('',(0.0223835695860283,-0.712496128859579,0.172713982623335));
#8757=CARTESIAN_POINT('',(0.0162808828239487,-0.707841671482395,0.149824357700286));
#8758=CARTESIAN_POINT('',(0.0423694141616259,-0.698547199158832,0.171131405359272));
#8759=CARTESIAN_POINT('',(0.0226767536067992,-0.713550800189856,0.172599607647809));
#8760=CARTESIAN_POINT('',(0.0166428268321362,-0.708355093041652,0.149165983268056));
#8761=CARTESIAN_POINT('',(0.0451761917652065,-0.702325513368972,0.169552894283933));
#8762=CARTESIAN_POINT('',(0.0229419891911374,-0.715555514000361,0.172457486853961));
#8763=CARTESIAN_POINT('',(0.0172469631689004,-0.709434610994433,0.14785108246847));
#8764=CARTESIAN_POINT('',(0.0463600666539166,-0.704320825393226,0.168775001218339));
#8765=CARTESIAN_POINT('',(0.022913010567586,-0.716514285926631,0.172429943948804));
#8766=CARTESIAN_POINT('',(0.0174937618522536,-0.710004699992704,0.147188763850501));
#8767=CARTESIAN_POINT('',(0.0482873491487175,-0.708532973847606,0.167270555284184));
#8768=CARTESIAN_POINT('',(0.0226036845349206,-0.71826235327936,0.172452607414083));
#8769=CARTESIAN_POINT('',(0.0178781848883273,-0.711208170800089,0.145878459255831));
#8770=CARTESIAN_POINT('',(0.0490182323707063,-0.710735888459588,0.166550688287782));
#8771=CARTESIAN_POINT('',(0.0223168029434115,-0.7190354421748,0.172505228717532));
#8772=CARTESIAN_POINT('',(0.0180130835529408,-0.711837574949211,0.145235945892933));
#8773=CARTESIAN_POINT('',(0.0499720538525491,-0.715192502694015,0.165244126437953));
#8774=CARTESIAN_POINT('',(0.0216080094863654,-0.720301048635456,0.172646047781012));
#8775=CARTESIAN_POINT('',(0.0181623068494247,-0.713110893382845,0.144036470039075));
#8776=CARTESIAN_POINT('',(0.0502051601524465,-0.717466528276963,0.164649888445156));
#8777=CARTESIAN_POINT('',(0.0211827565192535,-0.7207939107244,0.172734738807808));
#8778=CARTESIAN_POINT('',(0.0181786863363012,-0.713760612726664,0.143472990313817));
#8779=CARTESIAN_POINT('',(0.050176878081589,-0.719790215546411,0.164124577715839));
#8780=CARTESIAN_POINT('',(0.0207451851919231,-0.721157399388644,0.172808399080663));
#8781=CARTESIAN_POINT('',(0.0181331881184024,-0.714424525897681,0.142952940997612));
#8782=CARTESIAN_POINT('',(0.0777068300640654,-0.714424528928398,-0.0190170597463031));
#8783=CARTESIAN_POINT('',(0.0679934763060572,-0.714424528928398,-0.0166399272780151));
#8784=CARTESIAN_POINT('',(0.0734806474466584,-0.714424528928398,-0.0280801376166691));
#8785=CARTESIAN_POINT('',(0.0705377139973014,-0.704424528928399,-0.03774160026903));
#8786=CARTESIAN_POINT('',(0.0731678092250195,-0.704424530815245,-0.0334091955977267));
#8787=CARTESIAN_POINT('',(0.0734806474466583,-0.70953399286545,-0.0280801376166694));
#8788=CARTESIAN_POINT('',(0.0734806474466583,-0.714424528928398,-0.0280801376166694));
#8789=CARTESIAN_POINT('',(0.0705377178066721,-0.704424534777635,-0.0377416017037696));
#8790=CARTESIAN_POINT('',(0.0673877548471679,-0.704424528928398,-0.0189444054184341));
#8791=CARTESIAN_POINT('',(0.0658312230320981,-0.704424528928398,-0.0244811948847146));
#8792=CARTESIAN_POINT('',(0.0686731866985564,-0.704424528928398,-0.0315561944348737));
#8793=CARTESIAN_POINT('',(0.0705377232266696,-0.704424528928398,-0.0377415994155615));
#8794=CARTESIAN_POINT('',(0.0679934763060571,-0.714424528928398,-0.0166399272780151));
#8795=CARTESIAN_POINT('',(0.0679934763057097,-0.710950918599715,-0.0166399272794347));
#8796=CARTESIAN_POINT('',(0.0678119892206343,-0.707486714203448,-0.0174353476609823));
#8797=CARTESIAN_POINT('',(0.0673877548471851,-0.70442452892763,-0.0189444054183724));
#8798=CARTESIAN_POINT('',(0.0616425554546711,-0.694422461498295,-0.0331691938102959));
#8799=CARTESIAN_POINT('',(0.0616844514848022,-0.704422729651818,-0.0330851023418402));
#8800=CARTESIAN_POINT('',(0.0704911671750012,-0.704424972423943,-0.0378238725954766));
#8801=CARTESIAN_POINT('',(0.0627268267347772,-0.694397894818981,-0.031154153802348));
#8802=CARTESIAN_POINT('',(0.0621487774213032,-0.704488251134858,-0.0322156371895279));
#8803=CARTESIAN_POINT('',(0.0711787406140407,-0.704412669101493,-0.0367039263598665));
#8804=CARTESIAN_POINT('',(0.0637291289201963,-0.694905469778753,-0.0290366881257489));
#8805=CARTESIAN_POINT('',(0.0626222301244052,-0.704670543305296,-0.0313741760154404));
#8806=CARTESIAN_POINT('',(0.0717582890481424,-0.704666438457553,-0.0354975745737388));
#8807=CARTESIAN_POINT('',(0.065375702444624,-0.69688119079991,-0.0251107288364819));
#8808=CARTESIAN_POINT('',(0.0635999409975509,-0.70538063178644,-0.029626520735511));
#8809=CARTESIAN_POINT('',(0.0726127008847123,-0.705654221104331,-0.0332141204239906));
#8810=CARTESIAN_POINT('',(0.0660470100875006,-0.698369122820516,-0.0232483164060074));
#8811=CARTESIAN_POINT('',(0.0641067570449883,-0.705926422815592,-0.0286996592556694));
#8812=CARTESIAN_POINT('',(0.0729037436664567,-0.706398125659767,-0.0321068816295764));
#8813=CARTESIAN_POINT('',(0.0668095013689151,-0.701134331623626,-0.0209084556648994));
#8814=CARTESIAN_POINT('',(0.0647779150426103,-0.707174743521479,-0.0273760231426418));
#8815=CARTESIAN_POINT('',(0.0731851780520425,-0.707780564691601,-0.0306981148421779));
#8816=CARTESIAN_POINT('',(0.0670288136706534,-0.702163078672957,-0.0201881311021805));
#8817=CARTESIAN_POINT('',(0.0649882300362771,-0.707662876903959,-0.0269453268105824));
#8818=CARTESIAN_POINT('',(0.0732557672220552,-0.708294870055377,-0.0302610578130332));
#8819=CARTESIAN_POINT('',(0.0673921216400428,-0.704343969330035,-0.0189400222441674));
#8820=CARTESIAN_POINT('',(0.0653549124667003,-0.708759013061216,-0.0261697433532263));
#8821=CARTESIAN_POINT('',(0.0733606992885207,-0.709385155058618,-0.0295001205596278));
#8822=CARTESIAN_POINT('',(0.0675377600123379,-0.705496679639013,-0.0184080140554478));
#8823=CARTESIAN_POINT('',(0.0655132523943147,-0.709365950301133,-0.0258217223267457));
#8824=CARTESIAN_POINT('',(0.0733958273905112,-0.709961418216529,-0.0291737554110156));
#8825=CARTESIAN_POINT('',(0.0678855947563434,-0.709144748463728,-0.0170985933089919));
#8826=CARTESIAN_POINT('',(0.0659003717737899,-0.711346607996378,-0.0249517099351898));
#8827=CARTESIAN_POINT('',(0.0734712307931642,-0.711785142165532,-0.0283681593872388));
#8828=CARTESIAN_POINT('',(0.0679941065019944,-0.711786476286194,-0.0166373536702861));
#8829=CARTESIAN_POINT('',(0.0660399866334727,-0.712889064773514,-0.0246130573743083));
#8830=CARTESIAN_POINT('',(0.0734832061855317,-0.713105755042326,-0.028081330336611));
#8831=CARTESIAN_POINT('',(0.0679941064373164,-0.714424528928398,-0.0166373539345711));
#8832=CARTESIAN_POINT('',(0.0660399863686048,-0.714424528928398,-0.0246130575141101));
#8833=CARTESIAN_POINT('',(0.073483205921596,-0.714424528928398,-0.0280813302135354));
#8834=CARTESIAN_POINT('',(0.0679934763060572,-0.704424528928398,-0.0166399272780151));
#8835=CARTESIAN_POINT('',(0.0734806474466584,-0.759302486355859,-0.028080137616669));
#8836=CARTESIAN_POINT('',(0.0777068300640654,-0.704424528928398,-0.0190170597463031));
#8837=CARTESIAN_POINT('',(0.0714786669365236,-0.765619972515795,-0.0302069724519557));
#8838=CARTESIAN_POINT('',(0.0709333349048682,-0.771734210196017,-0.0335911261317678));
#8839=CARTESIAN_POINT('',(0.0702381600241907,-0.777852948560252,-0.0369478247028934));
#8840=CARTESIAN_POINT('',(0.0693663823536193,-0.783967434602494,-0.0402624664174523));
#8841=CARTESIAN_POINT('',(0.0699689579390812,-0.783839371517714,-0.0406571853636674));
#8842=CARTESIAN_POINT('',(0.0610909630604032,-0.802286690893858,-0.0341744675503868));
#8843=CARTESIAN_POINT('',(0.064166924755228,-0.789324302410733,-0.0286758167814552));
#8844=CARTESIAN_POINT('',(0.0664957564369088,-0.776361913927608,-0.0227598566891354));
#8845=CARTESIAN_POINT('',(0.0679934763027212,-0.763399525444483,-0.0166399272916462));
#8846=CARTESIAN_POINT('',(0.0626099308246728,-0.802312896663528,-0.0349624058053634));
#8847=CARTESIAN_POINT('',(0.063817971224746,-0.802751159517176,-0.0366905639214099));
#8848=CARTESIAN_POINT('',(0.0643051581096098,-0.798313678052916,-0.0375312970401858));
#8849=CARTESIAN_POINT('',(0.0652914115345559,-0.793860400000394,-0.0384045171972956));
#8850=CARTESIAN_POINT('',(0.0669691878916724,-0.789827859482073,-0.0396531598391438));
#8851=CARTESIAN_POINT('',(0.0677729333605413,-0.787896054831302,-0.0402513270867422));
#8852=CARTESIAN_POINT('',(0.0687572541601336,-0.786032635400655,-0.0409444954197011));
#8853=CARTESIAN_POINT('',(0.069987575451418,-0.784443753732718,-0.0417796269117855));
#8854=CARTESIAN_POINT('',(0.083294912552633,-0.80520001419438,-0.0391128574239788));
#8855=CARTESIAN_POINT('',(0.0484149580556836,-0.763421238614686,-0.050556817902894));
#8856=CARTESIAN_POINT('',(0.0530554944315932,-0.77664512546102,-0.0461128797098876));
#8857=CARTESIAN_POINT('',(0.0570798968770944,-0.789869012307354,-0.0410264370500248));
#8858=CARTESIAN_POINT('',(0.060337303567439,-0.803092899153688,-0.0354881641989367));
#8859=CARTESIAN_POINT('',(0.0723697733306755,-0.78351176656802,-0.042674872501385));
#8860=CARTESIAN_POINT('',(0.0697302774134578,-0.777444476766042,-0.0448304436860575));
#8861=CARTESIAN_POINT('',(0.0668759814374491,-0.771403552857546,-0.0467996503546828));
#8862=CARTESIAN_POINT('',(0.0639239981234593,-0.765388731211893,-0.0486793169355697));
#8863=CARTESIAN_POINT('',(0.0733323096095365,-0.808900536362305,-0.0530451954312867));
#8864=CARTESIAN_POINT('',(0.0610584362411279,-0.755768511178455,-0.0495960385669998));
#8865=CARTESIAN_POINT('',(0.0610584362411279,-0.741987220668673,-0.0495960385669998));
#8866=CARTESIAN_POINT('',(0.0610584362411279,-0.728205930158892,-0.0495960385669998));
#8867=CARTESIAN_POINT('',(0.0610584362411279,-0.71442463964911,-0.0495960385669998));
#8868=CARTESIAN_POINT('',(0.0609728110454137,-0.71442463964911,-0.0499399152690047));
#8869=CARTESIAN_POINT('',(0.0478133671593749,-0.714424778928398,-0.0511261373553957));
#8870=CARTESIAN_POINT('',(0.0478133671593749,-0.730768371543036,-0.0511261373553957));
#8871=CARTESIAN_POINT('',(0.0478133671593749,-0.747111964157674,-0.0511261373553957));
#8872=CARTESIAN_POINT('',(0.0478133671593749,-0.763455556772311,-0.0511261373553957));
#8873=CARTESIAN_POINT('',(0.0487808161769077,-0.714424778928398,-0.0504334581500034));
#8874=CARTESIAN_POINT('',(0.0488818057732248,-0.714424528928398,-0.0507411691548559));
#8875=CARTESIAN_POINT('',(0.0527020103482158,-0.714424528928398,-0.0494873923586773));
#8876=CARTESIAN_POINT('',(0.0569072908984431,-0.714424528928398,-0.0494361304433093));
#8877=CARTESIAN_POINT('',(0.0607569225931432,-0.714424528928398,-0.0505964127643754));
#8878=CARTESIAN_POINT('',(0.0550493208164009,-0.738912027185834,-0.0695333251877963));
#8879=CARTESIAN_POINT('',(0.0679540454866658,-0.704424528928398,-0.042216660531631));
#8880=CARTESIAN_POINT('',(0.0626018368811786,-0.704424528928398,-0.0434744761531825));
#8881=CARTESIAN_POINT('',(0.0541174533536435,-0.704424528928398,-0.0447703963802204));
#8882=CARTESIAN_POINT('',(0.0501002137755392,-0.704424528928398,-0.0488873048924281));
#8883=CARTESIAN_POINT('',(0.0679540447583116,-0.704424534777635,-0.04221665469367));
#8884=CARTESIAN_POINT('',(0.0610584362414604,-0.71442463661683,-0.049596038566525));
#8885=CARTESIAN_POINT('',(0.0610584059751553,-0.709524603112962,-0.0495960817912883));
#8886=CARTESIAN_POINT('',(0.0655265393892657,-0.70442453080795,-0.0466434006750194));
#8887=CARTESIAN_POINT('',(0.0679540416111069,-0.704424528928399,-0.0422166521120289));
#8888=CARTESIAN_POINT('',(0.0501002137754902,-0.704424528927643,-0.0488873048924786));
#8889=CARTESIAN_POINT('',(0.0490031289475368,-0.7074932025646,-0.0500116087282331));
#8890=CARTESIAN_POINT('',(0.0484073378940158,-0.710974223911468,-0.0505641141325997));
#8891=CARTESIAN_POINT('',(0.0484073378929153,-0.714424528928398,-0.0505641141336533));
#8892=CARTESIAN_POINT('',(0.0680712719884311,-0.704425010916936,-0.0421786783291388));
#8893=CARTESIAN_POINT('',(0.0640382567191983,-0.704422495561613,-0.0396861918030843));
#8894=CARTESIAN_POINT('',(0.0595228411127247,-0.699166271912642,-0.0368379334930378));
#8895=CARTESIAN_POINT('',(0.0595461026023871,-0.694425402843426,-0.0368002943573884));
#8896=CARTESIAN_POINT('',(0.0655621041748988,-0.704373575581502,-0.0468099850858462));
#8897=CARTESIAN_POINT('',(0.0617985427034665,-0.704518006371595,-0.0437484058525896));
#8898=CARTESIAN_POINT('',(0.0560098382341175,-0.69916108193063,-0.0425113207406263));
#8899=CARTESIAN_POINT('',(0.0547351682858823,-0.694327816066149,-0.0445847890388657));
#8900=CARTESIAN_POINT('',(0.0611208584134753,-0.70915738390453,-0.0496397474478659));
#8901=CARTESIAN_POINT('',(0.0576341489253148,-0.70870734740958,-0.0471983045389123));
#8902=CARTESIAN_POINT('',(0.051482001496875,-0.706158891131144,-0.047620598113471));
#8903=CARTESIAN_POINT('',(0.048407337896281,-0.703874124973683,-0.0505641141304328));
#8904=CARTESIAN_POINT('',(0.0611208326889956,-0.714424528928398,-0.0496397294353537));
#8905=CARTESIAN_POINT('',(0.0576355600386102,-0.714424528928398,-0.0471992926131924));
#8906=CARTESIAN_POINT('',(0.0514807344797904,-0.714424528928398,-0.0476218110871374));
#8907=CARTESIAN_POINT('',(0.0484073378929151,-0.714424528928398,-0.0505641141336531));
#8908=CARTESIAN_POINT('',(0.00258367774000074,-0.704424528928398,0.0799582599471942));
#8909=CARTESIAN_POINT('',(0.00634908232433731,-0.704424528928398,0.0759520191389751));
#8910=CARTESIAN_POINT('',(0.0117135739259868,-0.704424528928398,0.0692522875824749));
#8911=CARTESIAN_POINT('',(0.0172875410716286,-0.704424528928398,0.067831710310862));
#8912=CARTESIAN_POINT('',(0.00258367305826283,-0.704424534777636,0.0799582565106678));
#8913=CARTESIAN_POINT('',(0.0124222112024175,-0.714424778928398,0.0776761761839413));
#8914=CARTESIAN_POINT('',(0.012422333243635,-0.709524483125669,0.0776761655067183));
#8915=CARTESIAN_POINT('',(0.00763114335970919,-0.704424530807965,0.0800693490207388));
#8916=CARTESIAN_POINT('',(0.00258367238619274,-0.704424528928399,0.0799582523810634));
#8917=CARTESIAN_POINT('',(0.0125333556404422,-0.714424778928398,0.0776830877906677));
#8918=CARTESIAN_POINT('',(0.0124222150045141,-0.714424528928398,0.0776762196051581));
#8919=CARTESIAN_POINT('',(0.0120535828383811,-0.714424528928398,0.0734629461802778));
#8920=CARTESIAN_POINT('',(0.0155256936046405,-0.714424528928398,0.0683874290825236));
#8921=CARTESIAN_POINT('',(0.0195861384131421,-0.714424528928398,0.067204041411668));
#8922=CARTESIAN_POINT('',(0.0194307750667895,-0.714424528928398,0.0672445970319366));
#8923=CARTESIAN_POINT('',(0.0172875410716969,-0.704424528927643,0.0678317103108449));
#8924=CARTESIAN_POINT('',(0.0188097591683109,-0.707493202563191,0.067443758897786));
#8925=CARTESIAN_POINT('',(0.0195861384117609,-0.710974223910694,0.0672040414120708));
#8926=CARTESIAN_POINT('',(0.0195861384131422,-0.714424528928398,0.0672040414116682));
#8927=CARTESIAN_POINT('',(0.00249018114443095,-0.704424975682373,0.0799744079523569));
#8928=CARTESIAN_POINT('',(0.00234879539303979,-0.704422472071904,0.075257598353028));
#8929=CARTESIAN_POINT('',(0.002140959163155,-0.699144135550318,0.0699672654445456));
#8930=CARTESIAN_POINT('',(0.00209693847904716,-0.694425402843426,0.0699685847287166));
#8931=CARTESIAN_POINT('',(0.00774680340897376,-0.704375598737333,0.0801163411682168));
#8932=CARTESIAN_POINT('',(0.00698077233256636,-0.704519355141974,0.0753485780806914));
#8933=CARTESIAN_POINT('',(0.00882232496077622,-0.699138514143196,0.0697612895441581));
#8934=CARTESIAN_POINT('',(0.0112439757870797,-0.694327816066161,0.0696944407354219));
#8935=CARTESIAN_POINT('',(0.0124236562757256,-0.709151079888892,0.0776926925837914));
#8936=CARTESIAN_POINT('',(0.0120543917207835,-0.708703144732486,0.0734721912133718));
#8937=CARTESIAN_POINT('',(0.0155187278631934,-0.706148222958123,0.0683894591988491));
#8938=CARTESIAN_POINT('',(0.0195861384089194,-0.703874124973682,0.0672040414128999));
#8939=CARTESIAN_POINT('',(0.0124236556800916,-0.714424528928398,0.0776926857757261));
#8940=CARTESIAN_POINT('',(0.0120545432887661,-0.714424528928398,0.0734739236273231));
#8941=CARTESIAN_POINT('',(0.0155204039743019,-0.714424528928398,0.0683889707075477));
#8942=CARTESIAN_POINT('',(0.0195861384131421,-0.714424528928398,0.067204041411668));
#8943=CARTESIAN_POINT('',(0.0124222112055307,-0.75576329053709,0.077676176183669));
#8944=CARTESIAN_POINT('',(0.0124222112055307,-0.741983786667526,0.077676176183669));
#8945=CARTESIAN_POINT('',(0.0124222112055307,-0.728204282797962,0.077676176183669));
#8946=CARTESIAN_POINT('',(0.0124222112055307,-0.714424778928398,0.077676176183669));
#8947=CARTESIAN_POINT('',(0.0157601449376853,-0.714424528928398,0.068202768216823));
#8948=CARTESIAN_POINT('',(0.032384724541111,-0.738912027169896,0.0789175612965942));
#8949=CARTESIAN_POINT('',(0.0195564547031241,-0.763463239213215,0.0672126854056929));
#8950=CARTESIAN_POINT('',(0.0148057788265368,-0.773659710968901,0.0685949598532756));
#8951=CARTESIAN_POINT('',(0.00546026859930377,-0.793161145676335,0.0699999978545948));
#8952=CARTESIAN_POINT('',(2.75039104098017E-8,-0.804240196794109,0.0699999999999945));
#8953=CARTESIAN_POINT('',(1.65063001746579E-10,-0.804240182536807,0.0700000012132075));
#8954=CARTESIAN_POINT('',(4.12273697472654E-6,-0.783947532422266,0.0810563048806808));
#8955=CARTESIAN_POINT('',(0.00335967118545314,-0.777843970143336,0.0807032083847282));
#8956=CARTESIAN_POINT('',(0.00672252945130201,-0.771680249796136,0.0801295516132479));
#8957=CARTESIAN_POINT('',(0.0100920641260488,-0.765456054847965,0.0793354241761859));
#8958=CARTESIAN_POINT('',(8.16149854112075E-7,-0.783946023230504,0.0810568247624687));
#8959=CARTESIAN_POINT('',(7.71286401092947E-11,-0.783945853065044,0.0810568794260283));
#8960=CARTESIAN_POINT('',(4.76364721667786E-9,-0.781528319699508,0.0733491920948734));
#8961=CARTESIAN_POINT('',(5.78950893841425E-9,-0.796110895041522,0.070000081459669));
#8962=CARTESIAN_POINT('',(4.26468479524809E-10,-0.804240153893372,0.0700000012154067));
#8963=CARTESIAN_POINT('',(-0.000120303558712407,-0.804484314601029,0.069999896621736));
#8964=CARTESIAN_POINT('',(-0.0102674488340433,-0.798767100717992,0.069982457486162));
#8965=CARTESIAN_POINT('',(-0.00875208660879525,-0.799632050637072,0.081497965938257));
#8966=CARTESIAN_POINT('',(0.00664775840647267,-0.790756007224796,0.070011528380914));
#8967=CARTESIAN_POINT('',(-0.00304699582104376,-0.786192753978237,0.070931237316112));
#8968=CARTESIAN_POINT('',(-0.00101676411928043,-0.785909470327284,0.0815320779403709));
#8969=CARTESIAN_POINT('',(0.013282163708285,-0.776936270246613,0.069053024459767));
#8970=CARTESIAN_POINT('',(0.00450358916449012,-0.772692808619019,0.070803426613636));
#8971=CARTESIAN_POINT('',(0.00656539152722275,-0.772096345921118,0.0804575654787789));
#8972=CARTESIAN_POINT('',(0.0197003220676703,-0.763154381337084,0.067170658106275));
#8973=CARTESIAN_POINT('',(0.0120500268657269,-0.758732483569159,0.069414394934825));
#8974=CARTESIAN_POINT('',(0.0138993892983201,-0.758324729371538,0.078332250428715));
#8975=CARTESIAN_POINT('',(-0.0100455633394296,-0.765542833178557,0.0793463969649881));
#8976=CARTESIAN_POINT('',(-0.00670936633085676,-0.771683969165848,0.079914379628763));
#8977=CARTESIAN_POINT('',(-0.00335623706959798,-0.777815623590008,0.0804854226623491));
#8978=CARTESIAN_POINT('',(1.3772209863424E-5,-0.783937700172244,0.081059514796366));
#8979=CARTESIAN_POINT('',(-2.74351898903854E-8,-0.80424019692294,0.0699999999999945));
#8980=CARTESIAN_POINT('',(-0.00544449487577748,-0.793193151194078,0.0699999978661374));
#8981=CARTESIAN_POINT('',(-0.0147733123941495,-0.773726636588623,0.0685980419867258));
#8982=CARTESIAN_POINT('',(-0.0194732339773617,-0.763641833341558,0.0672368437574438));
#8983=CARTESIAN_POINT('',(0.0087520766728699,-0.799632033001907,0.081497965988379));
#8984=CARTESIAN_POINT('',(0.00941017401766655,-0.799256399578732,0.0764969678947208));
#8985=CARTESIAN_POINT('',(0.00452704044799931,-0.802001400959554,0.0699923261554699));
#8986=CARTESIAN_POINT('',(0.000120299196250917,-0.804484294519116,0.0699998966292352));
#8987=CARTESIAN_POINT('',(0.000601739061193766,-0.785173209190989,0.0815339071488681));
#8988=CARTESIAN_POINT('',(0.00137058380989985,-0.785028887311735,0.0767202073083658));
#8989=CARTESIAN_POINT('',(-0.00274710163308979,-0.787664290363359,0.0704537865054968));
#8990=CARTESIAN_POINT('',(-0.00701088204886301,-0.79001943765582,0.0700121520098158));
#8991=CARTESIAN_POINT('',(-0.00735278625081606,-0.770617793794999,0.0802293868994622));
#8992=CARTESIAN_POINT('',(-0.00650101357974345,-0.770668067907372,0.0756345293696093));
#8993=CARTESIAN_POINT('',(-0.00995312510048078,-0.773201514444003,0.0696803172498038));
#8994=CARTESIAN_POINT('',(-0.013971228262472,-0.775456612208766,0.0688509300971962));
#8995=CARTESIAN_POINT('',(-0.0150804496267595,-0.756106960766611,0.0779899916109289));
#8996=CARTESIAN_POINT('',(-0.0141586386831122,-0.756335016156278,0.0736328543277899));
#8997=CARTESIAN_POINT('',(-0.0170098407796961,-0.758770284969848,0.0680227209856587));
#8998=CARTESIAN_POINT('',(-0.0207338927206605,-0.760934956505762,0.0668675246827525));
#8999=CARTESIAN_POINT('',(-0.0157600615591724,-0.76353376404506,0.0682027892365927));
#9000=CARTESIAN_POINT('',(-0.0157600615591724,-0.747164019006173,0.0682027892365927));
#9001=CARTESIAN_POINT('',(-0.0157600615591724,-0.730794273967285,0.0682027892365927));
#9002=CARTESIAN_POINT('',(-0.0157600615591724,-0.714424528928398,0.0682027892365927));
#9003=CARTESIAN_POINT('',(-0.0194307342629466,-0.714424528928398,0.0672445986843145));
#9004=CARTESIAN_POINT('',(-0.012681631063634,-0.738912027171567,0.0806413587301648));
#9005=CARTESIAN_POINT('',(-0.0125144004017525,-0.714424778928398,0.077220614198203));
#9006=CARTESIAN_POINT('',(-0.012678101492858,-0.714424528928398,0.0772345944487446));
#9007=CARTESIAN_POINT('',(-0.0130460912714096,-0.714424528928398,0.0729256353267072));
#9008=CARTESIAN_POINT('',(-0.0148747577161765,-0.714424528928398,0.0687545413507479));
#9009=CARTESIAN_POINT('',(-0.0177945170791555,-0.714424528928398,0.0655643140148353));
#9010=CARTESIAN_POINT('',(-0.0323847245513476,-0.738912027171567,0.0789175614135984));
#9011=CARTESIAN_POINT('',(-0.0172875410716287,-0.704424528928398,0.067831710310862));
#9012=CARTESIAN_POINT('',(-0.0117142748305718,-0.704424528928398,0.0692521089504348));
#9013=CARTESIAN_POINT('',(-0.00700812732296017,-0.704424528928398,0.0752508214573464));
#9014=CARTESIAN_POINT('',(-0.00258367773999833,-0.704424528928398,0.0799582599471969));
#9015=CARTESIAN_POINT('',(-0.00258367305826282,-0.704424534777635,0.0799582565106821));
#9016=CARTESIAN_POINT('',(-0.0195861384131422,-0.714424528928398,0.0672040414116682));
#9017=CARTESIAN_POINT('',(-0.0195861384117242,-0.710950918601124,0.0672040414120815));
#9018=CARTESIAN_POINT('',(-0.0188065406126003,-0.70748671420447,0.0674445791765876));
#9019=CARTESIAN_POINT('',(-0.0172875410716908,-0.70442452892763,0.0678317103108464));
#9020=CARTESIAN_POINT('',(-0.00258367314455929,-0.704424528928399,0.0799582523977602));
#9021=CARTESIAN_POINT('',(-0.00765069299277161,-0.704424531195125,0.0800697791305));
#9022=CARTESIAN_POINT('',(-0.0124222112055307,-0.70953399307831,0.0776761761836691));
#9023=CARTESIAN_POINT('',(-0.0124222112055307,-0.714424528928398,0.0776761761836691));
#9024=CARTESIAN_POINT('',(-0.00209591326457056,-0.694422461498338,0.0699686158830844));
#9025=CARTESIAN_POINT('',(-0.00218968662756007,-0.70442272965179,0.0699628531753107));
#9026=CARTESIAN_POINT('',(-0.00248914905031129,-0.704424972423943,0.0799590778136772));
#9027=CARTESIAN_POINT('',(-0.00438312474113896,-0.694397894818878,0.0699001023522769));
#9028=CARTESIAN_POINT('',(-0.00317482850541953,-0.70448825113474,0.0699302386554848));
#9029=CARTESIAN_POINT('',(-0.00380283766076361,-0.704412669101493,0.0799945607611871));
#9030=CARTESIAN_POINT('',(-0.00671805490142541,-0.694905469778758,0.0697093886688186));
#9031=CARTESIAN_POINT('',(-0.00414028161004021,-0.704670543305232,0.0699195301371138));
#9032=CARTESIAN_POINT('',(-0.00513734317044401,-0.704666438457541,0.0798932885346343));
#9033=CARTESIAN_POINT('',(-0.0109413221423526,-0.696881190799983,0.0691723835255413));
#9034=CARTESIAN_POINT('',(-0.00614265091609364,-0.705380631786454,0.0698924249508841));
#9035=CARTESIAN_POINT('',(-0.00754207839085518,-0.705654221104343,0.0794915038155353));
#9036=CARTESIAN_POINT('',(-0.0128898724409552,-0.698369122820622,0.0688225467827804));
#9037=CARTESIAN_POINT('',(-0.00719874452706333,-0.705926422815612,0.0698679097831173));
#9038=CARTESIAN_POINT('',(-0.00864649670572912,-0.706398125659788,0.0791899348608484));
#9039=CARTESIAN_POINT('',(-0.0152974969246986,-0.701134331623616,0.0683129532321136));
#9040=CARTESIAN_POINT('',(-0.00868062602525194,-0.707174743521447,0.0697873316024202));
#9041=CARTESIAN_POINT('',(-0.0100072417243902,-0.707780564691588,0.0787292807946464));
#9042=CARTESIAN_POINT('',(-0.0160309724458457,-0.702163078672982,0.0681427209754251));
#9043=CARTESIAN_POINT('',(-0.00915877748684876,-0.707662876903983,0.0697541215637149));
#9044=CARTESIAN_POINT('',(-0.0104210387995394,-0.708294870055359,0.0785718842945357));
#9045=CARTESIAN_POINT('',(-0.0172935204083272,-0.704343969330056,0.0678333004772924));
#9046=CARTESIAN_POINT('',(-0.0100137936790327,-0.708759013061169,0.0696838861349256));
#9047=CARTESIAN_POINT('',(-0.0111324958249241,-0.709385155058632,0.0782822895030126));
#9048=CARTESIAN_POINT('',(-0.0178270722009136,-0.705496679639049,0.0676934229131092));
#9049=CARTESIAN_POINT('',(-0.0103943586927791,-0.709365950301126,0.0696470020214452));
#9050=CARTESIAN_POINT('',(-0.0114327003855289,-0.709961418216549,0.0781495287574496));
#9051=CARTESIAN_POINT('',(-0.0191349812035341,-0.709144748463701,0.0673399462645256));
#9052=CARTESIAN_POINT('',(-0.0113413712151278,-0.711346607996373,0.0695472510425143));
#9053=CARTESIAN_POINT('',(-0.0121680687086059,-0.711785142165488,0.0778120320077721));
#9054=CARTESIAN_POINT('',(-0.0195886823207352,-0.711786476286226,0.0672033003735085));
#9055=CARTESIAN_POINT('',(-0.0117044603656806,-0.712889064773513,0.0694988347780258));
#9056=CARTESIAN_POINT('',(-0.0124224576492055,-0.713105755042357,0.0776789884765853));
#9057=CARTESIAN_POINT('',(-0.0195886820595299,-0.714424528928398,0.067203300449635));
#9058=CARTESIAN_POINT('',(-0.0117044601122986,-0.714424528928398,0.0694988346178707));
#9059=CARTESIAN_POINT('',(-0.0124224576238146,-0.714424528928398,0.0776789881863683));
#9060=CARTESIAN_POINT('',(-0.048407338165232,-0.714424528928398,-0.0505641138729518));
#9061=CARTESIAN_POINT('',(-0.0514454223073258,-0.714424528928398,-0.0476556172635633));
#9062=CARTESIAN_POINT('',(-0.0575295947875092,-0.714424528928398,-0.0471617477407635));
#9063=CARTESIAN_POINT('',(-0.0610004828485291,-0.714424528928398,-0.0495557631803888));
#9064=CARTESIAN_POINT('',(-0.0484602258976256,-0.714424778928398,-0.0507151596023881));
#9065=CARTESIAN_POINT('',(-0.0608051200206979,-0.714424531629015,-0.0498390044203005));
#9066=CARTESIAN_POINT('',(-0.0685349400226851,-0.70647303095992,-0.0413870432033869));
#9067=CARTESIAN_POINT('',(-0.0670783806636301,-0.708032539022068,-0.0442179132979511));
#9068=CARTESIAN_POINT('',(-0.0628969578309154,-0.713097343217095,-0.0469703576231927));
#9069=CARTESIAN_POINT('',(-0.0622334061989933,-0.715437299604775,-0.0479180075636928));
#9070=CARTESIAN_POINT('',(-0.0679540448514017,-0.704424534777635,-0.042216654758857));
#9071=CARTESIAN_POINT('',(-0.0501002137755393,-0.704424528928398,-0.0488873048924281));
#9072=CARTESIAN_POINT('',(-0.0541169482012478,-0.704424528928398,-0.0447709140656003));
#9073=CARTESIAN_POINT('',(-0.0616650593750901,-0.704424528928398,-0.0436946270231573));
#9074=CARTESIAN_POINT('',(-0.067954045486655,-0.704424528928398,-0.0422166605316335));
#9075=CARTESIAN_POINT('',(-0.0484073378929153,-0.714424778928426,-0.0505641141336533));
#9076=CARTESIAN_POINT('',(-0.0484073378939859,-0.710950918833986,-0.0505641141326284));
#9077=CARTESIAN_POINT('',(-0.0490054225920944,-0.707486786974474,-0.0500092581776576));
#9078=CARTESIAN_POINT('',(-0.0501002137754948,-0.70442452892763,-0.048887304892474));
#9079=CARTESIAN_POINT('',(-0.0595464831805682,-0.694351542998321,-0.0367997191971252));
#9080=CARTESIAN_POINT('',(-0.0595220475794758,-0.699089212222485,-0.0368365976082433));
#9081=CARTESIAN_POINT('',(-0.063971468124431,-0.70442392058634,-0.0396449311673849));
#9082=CARTESIAN_POINT('',(-0.0680017450037576,-0.704424967074089,-0.0421357092149286));
#9083=CARTESIAN_POINT('',(-0.0547153269596575,-0.694252517123534,-0.0446171064057124));
#9084=CARTESIAN_POINT('',(-0.0559880073138972,-0.699082495376269,-0.0425441214662956));
#9085=CARTESIAN_POINT('',(-0.0617366786649131,-0.70452191726305,-0.0436971067822643));
#9086=CARTESIAN_POINT('',(-0.0654972222747984,-0.704376064992965,-0.046757205324015));
#9087=CARTESIAN_POINT('',(-0.0483594471094742,-0.703838528772635,-0.0506099859967909));
#9088=CARTESIAN_POINT('',(-0.0514313420259381,-0.70612181432886,-0.0476675610469766));
#9089=CARTESIAN_POINT('',(-0.0575769900115758,-0.708700504458159,-0.0471568389377735));
#9090=CARTESIAN_POINT('',(-0.0610607492525265,-0.709149625321296,-0.0495976586413781));
#9091=CARTESIAN_POINT('',(-0.0483594668647958,-0.714424528928398,-0.050609967084114));
#9092=CARTESIAN_POINT('',(-0.0514300943612511,-0.714424528928398,-0.0476687554936712));
#9093=CARTESIAN_POINT('',(-0.0575784264159167,-0.714424528928398,-0.0471578447216348));
#9094=CARTESIAN_POINT('',(-0.0610607482975141,-0.714424528928398,-0.049597657972672));
#9095=CARTESIAN_POINT('',(-0.0478133561688964,-0.763304779607058,-0.0511261475996221));
#9096=CARTESIAN_POINT('',(-0.0610584362411281,-0.714424528928398,-0.0495960385669995));
#9097=CARTESIAN_POINT('',(-0.0610584362411281,-0.728205856334776,-0.0495960385669995));
#9098=CARTESIAN_POINT('',(-0.0610584362411281,-0.741987183741154,-0.0495960385669995));
#9099=CARTESIAN_POINT('',(-0.0610584362411281,-0.755768511147533,-0.0495960385669995));
#9100=CARTESIAN_POINT('',(-0.0550493208168277,-0.738912027170042,-0.0695333251880947));
#9101=CARTESIAN_POINT('',(-0.0638700442987489,-0.765276975050197,-0.0487144980185405));
#9102=CARTESIAN_POINT('',(-0.0671318961127713,-0.772040383525538,-0.0465935755395009));
#9103=CARTESIAN_POINT('',(-0.0700077004963129,-0.77818730772846,-0.0445553455387921));
#9104=CARTESIAN_POINT('',(-0.072490790379597,-0.783723342452246,-0.042607682815673));
#9105=CARTESIAN_POINT('',(-0.0700920023281946,-0.784267586719328,-0.0410964092533346));
#9106=CARTESIAN_POINT('',(-0.0601580838259046,-0.802353637172591,-0.0357911294931499));
#9107=CARTESIAN_POINT('',(-0.0569270522749968,-0.789352763963968,-0.0412218792246121));
#9108=CARTESIAN_POINT('',(-0.0529564589937343,-0.776351890755345,-0.0462119687783767));
#9109=CARTESIAN_POINT('',(-0.0483903322825246,-0.763351017546722,-0.0505803889030803));
#9110=CARTESIAN_POINT('',(-0.0612802755230098,-0.802441880293726,-0.0366700273700429));
#9111=CARTESIAN_POINT('',(-0.0638206620702609,-0.802726713459504,-0.0366951959680388));
#9112=CARTESIAN_POINT('',(-0.0643086522519111,-0.798300286583791,-0.0375339191835584));
#9113=CARTESIAN_POINT('',(-0.0652932961108745,-0.793858698872439,-0.0384057025120329));
#9114=CARTESIAN_POINT('',(-0.0669660305292952,-0.789835451938221,-0.0396508087755328));
#9115=CARTESIAN_POINT('',(-0.0677611282781302,-0.78792308943454,-0.0402426428265734));
#9116=CARTESIAN_POINT('',(-0.0687328694741876,-0.786078309879982,-0.0409273560022698));
#9117=CARTESIAN_POINT('',(-0.0699447538399923,-0.784499301227208,-0.0417505487367138));
#9118=CARTESIAN_POINT('',(-0.0733323066028916,-0.808900522123249,-0.0530452003663572));
#9119=CARTESIAN_POINT('',(-0.0679815118388013,-0.763503098565478,-0.0166887401594878));
#9120=CARTESIAN_POINT('',(-0.0664474308627485,-0.776745730593715,-0.0229378124704333));
#9121=CARTESIAN_POINT('',(-0.0640464267456028,-0.789988362621952,-0.0289734280040978));
#9122=CARTESIAN_POINT('',(-0.0608687665040654,-0.803230994650189,-0.0345686746097323));
#9123=CARTESIAN_POINT('',(-0.0692750655565395,-0.784466697932158,-0.0404937285093934));
#9124=CARTESIAN_POINT('',(-0.0701942408821824,-0.778296807711697,-0.0372093985090705));
#9125=CARTESIAN_POINT('',(-0.070916914024438,-0.772057007233595,-0.0338004995719738));
#9126=CARTESIAN_POINT('',(-0.0714715405502205,-0.765691617994815,-0.0302449710437927));
#9127=CARTESIAN_POINT('',(-0.0832949173290876,-0.805199992537316,-0.0391128463007491));
#9128=CARTESIAN_POINT('',(-0.0734806474466585,-0.714424528928398,-0.028080137616669));
#9129=CARTESIAN_POINT('',(-0.0734806474466584,-0.714424528928398,-0.0280801376166693));
#9130=CARTESIAN_POINT('',(-0.0679934763060573,-0.704424528928398,-0.0166399272780151));
#9131=CARTESIAN_POINT('',(-0.0679934763060573,-0.714424528928398,-0.0166399272780151));
#9132=CARTESIAN_POINT('',(-0.0777068300640655,-0.714424528928398,-0.0190170597463031));
#9133=CARTESIAN_POINT('',(-0.0777068300640654,-0.704424528928398,-0.0190170597463031));
#9134=CARTESIAN_POINT('',(-0.0705377232266677,-0.704424528928398,-0.037741599415555));
#9135=CARTESIAN_POINT('',(-0.0689509192052793,-0.704424528928398,-0.0324775429868653));
#9136=CARTESIAN_POINT('',(-0.065831027279564,-0.704424528928398,-0.0244818912023607));
#9137=CARTESIAN_POINT('',(-0.067387754847168,-0.704424528928398,-0.0189444054184341));
#9138=CARTESIAN_POINT('',(-0.0705377179096744,-0.704424534777635,-0.0377416017517974));
#9139=CARTESIAN_POINT('',(-0.0734806474466585,-0.714424528928398,-0.0280801376166691));
#9140=CARTESIAN_POINT('',(-0.0734806474466585,-0.709524693901103,-0.0280801376166691));
#9141=CARTESIAN_POINT('',(-0.0731576226504416,-0.704424530807939,-0.0334259753117276));
#9142=CARTESIAN_POINT('',(-0.0705377139972942,-0.704424528928399,-0.037741600269024));
#9143=CARTESIAN_POINT('',(-0.0673877548471852,-0.70442452892763,-0.0189444054183725));
#9144=CARTESIAN_POINT('',(-0.0678128881161554,-0.707493202561778,-0.0174321501707645));
#9145=CARTESIAN_POINT('',(-0.0679934763057134,-0.710974223911333,-0.0166399272794198));
#9146=CARTESIAN_POINT('',(-0.0679934763060572,-0.714424528928398,-0.0166399272780151));
#9147=CARTESIAN_POINT('',(-0.0704884400975379,-0.70442497124996,-0.0378224051984367));
#9148=CARTESIAN_POINT('',(-0.0616870372035048,-0.704419634817916,-0.0330865266888006));
#9149=CARTESIAN_POINT('',(-0.0616425682058698,-0.69442541351942,-0.0331691691934651));
#9150=CARTESIAN_POINT('',(-0.0711759558965276,-0.704412691926383,-0.0367025421680119));
#9151=CARTESIAN_POINT('',(-0.0621516326155212,-0.704485092506012,-0.0322166371197095));
#9152=CARTESIAN_POINT('',(-0.0627266571908072,-0.694400861221688,-0.031154466057385));
#9153=CARTESIAN_POINT('',(-0.071755462761532,-0.704666439259224,-0.0354962988432425));
#9154=CARTESIAN_POINT('',(-0.0626252715486803,-0.704667516491409,-0.0313746696741145));
#9155=CARTESIAN_POINT('',(-0.0637288028823452,-0.694908349600354,-0.0290373776548321));
#9156=CARTESIAN_POINT('',(-0.072609867884639,-0.705654134696303,-0.0332129924757083));
#9157=CARTESIAN_POINT('',(-0.0636031023533258,-0.705378119575647,-0.0296261865933182));
#9158=CARTESIAN_POINT('',(-0.0653751707154498,-0.696883737740772,-0.0251120821879021));
#9159=CARTESIAN_POINT('',(-0.0729009429451245,-0.706397975115068,-0.032105796565213));
#9160=CARTESIAN_POINT('',(-0.0641098658692485,-0.705924282990806,-0.0286989959301222));
#9161=CARTESIAN_POINT('',(-0.0660464215818664,-0.698371416568027,-0.0232499710992301));
#9162=CARTESIAN_POINT('',(-0.0731824496222817,-0.707780367786326,-0.0306970363669899));
#9163=CARTESIAN_POINT('',(-0.0647808821093572,-0.707173130077986,-0.0273750483002973));
#9164=CARTESIAN_POINT('',(-0.0668088731942511,-0.701136200458777,-0.02091045677372));
#9165=CARTESIAN_POINT('',(-0.0732530667432175,-0.708294663352187,-0.0302599744112865));
#9166=CARTESIAN_POINT('',(-0.0649911415458186,-0.707661439813534,-0.0269442714783476));
#9167=CARTESIAN_POINT('',(-0.067028178613018,-0.702164791284081,-0.0201902353715871));
#9168=CARTESIAN_POINT('',(-0.073358053457583,-0.709384947905769,-0.0294990195166156));
#9169=CARTESIAN_POINT('',(-0.0653577166850469,-0.708757905711089,-0.0261685673311651));
#9170=CARTESIAN_POINT('',(-0.0673914801376009,-0.704345360378672,-0.0189423002141261));
#9171=CARTESIAN_POINT('',(-0.0733932084258142,-0.709961220181051,-0.0291726413101416));
#9172=CARTESIAN_POINT('',(-0.0655160042309413,-0.709364997821669,-0.0258205054025333));
#9173=CARTESIAN_POINT('',(-0.0675371191141423,-0.705497905216069,-0.018410362416205));
#9174=CARTESIAN_POINT('',(-0.0734686817154046,-0.71178499440173,-0.0283670086629895));
#9175=CARTESIAN_POINT('',(-0.0659029914778537,-0.711346100185884,-0.0249504014798152));
#9176=CARTESIAN_POINT('',(-0.0678849578680813,-0.709145455237072,-0.0171011141562291));
#9177=CARTESIAN_POINT('',(-0.0734806869546017,-0.713105681645795,-0.0280801560394211));
#9178=CARTESIAN_POINT('',(-0.0660425494203128,-0.7128888110259,-0.0246117350120112));
#9179=CARTESIAN_POINT('',(-0.0679934763057944,-0.711786832059232,-0.0166399272790891));
#9180=CARTESIAN_POINT('',(-0.0734806869502627,-0.714424528928398,-0.0280801560373973));
#9181=CARTESIAN_POINT('',(-0.0660425494197674,-0.714424528928398,-0.0246117350150032));
#9182=CARTESIAN_POINT('',(-0.0679934763060573,-0.714424528928398,-0.0166399272780151));
#9183=CARTESIAN_POINT('',(0.0596773877887017,-0.704424528928398,-0.0364212721423641));
#9184=CARTESIAN_POINT('',(0.140063156147898,-0.714424528928398,-0.104915738999867));
#9185=CARTESIAN_POINT('',(0.143665856808317,-0.714424528928398,-0.0952306312725911));
#9186=CARTESIAN_POINT('',(-0.00278043738218523,-0.704424528928398,0.0186462401422739));
#9187=CARTESIAN_POINT('',(0.011665,-0.714424528928398,0.069021212500216));
#9188=CARTESIAN_POINT('',(0.00170305301908251,-0.714424528928398,0.069892769927693));
#9189=CARTESIAN_POINT('',(0.160891273304655,-0.714424528928398,-0.068840381858374));
#9190=CARTESIAN_POINT('',(0.170920373712772,-0.704424528928398,-0.0845508073727101));
#9191=CARTESIAN_POINT('',(0.156665090687248,-0.714424528928398,-0.077903459728741));
#9192=CARTESIAN_POINT('',(-0.020828117156754,-0.714424528928398,0.173756120858244));
#9193=CARTESIAN_POINT('',(0.0059760819117868,-0.704424528928398,-0.0178801439721051));
#9194=CARTESIAN_POINT('',(-0.0108661701758365,-0.714424528928398,0.17462767828572));
#9195=CARTESIAN_POINT('',(0.17463517461465,-0.704424528928398,0.076584391130317));
#9196=CARTESIAN_POINT('',(-0.0656066234251913,-0.714424528928398,-0.0244084199149631));
#9197=CARTESIAN_POINT('',(-0.0613804408077843,-0.714424528928398,-0.033471497785329));
#9198=CARTESIAN_POINT('',(-0.114734295441064,-0.714424528928398,-0.0871802797986775));
#9199=CARTESIAN_POINT('',(-0.0968237353325855,-0.714424528928398,-0.0746391705971629));
#9200=CARTESIAN_POINT('',(-0.0789131752241071,-0.714424528928398,-0.0620980613956482));
#9201=CARTESIAN_POINT('',(-0.0610026151156288,-0.714424528928398,-0.0495569521941336));
#9202=CARTESIAN_POINT('',(-0.0679540471771478,-0.704424528928398,-0.0422166514373473));
#9203=CARTESIAN_POINT('',(-0.0884158669594911,-0.704424528928398,-0.0565441718944327));
#9204=CARTESIAN_POINT('',(-0.108877686741834,-0.704424528928398,-0.070871692351518));
#9205=CARTESIAN_POINT('',(-0.129339506524178,-0.704424528928398,-0.0851992128086034));
#9206=CARTESIAN_POINT('',(-0.1024122099783,-0.724202885032336,-0.0544073481320236));
#9207=CARTESIAN_POINT('',(0.0856414105685601,-0.789566627259443,-0.0494732143766035));
#9208=CARTESIAN_POINT('',(0.0937190418626169,-0.791208798497096,-0.055087377406303));
#9209=CARTESIAN_POINT('',(0.101793343921789,-0.792852476772045,-0.060705892896587));
#9210=CARTESIAN_POINT('',(0.109864138994265,-0.794496813096641,-0.0663292464485396));
#9211=CARTESIAN_POINT('',(0.0856495003857221,-0.789572087990234,-0.0494599774942901));
#9212=CARTESIAN_POINT('',(0.0700627038169229,-0.783886556874194,-0.0404646353840134));
#9213=CARTESIAN_POINT('',(0.075257005810344,-0.785790087570243,-0.0434600300120578));
#9214=CARTESIAN_POINT('',(0.0804507683436391,-0.787692485866395,-0.0464570804592486));
#9215=CARTESIAN_POINT('',(0.0856439865661536,-0.789593757232803,-0.0494557873425565));
#9216=CARTESIAN_POINT('',(-2.50794171101187,-3.04829032401439,-3.16571959208618));
#9217=CARTESIAN_POINT('',(-0.0856520221733591,-0.789593779437727,-0.0494420094026475));
#9218=CARTESIAN_POINT('',(-0.0805797442257302,-0.787736909265456,-0.0465139199591064));
#9219=CARTESIAN_POINT('',(-0.0755085749881752,-0.785878964186708,-0.0435845909063127));
#9220=CARTESIAN_POINT('',(-0.0704385162224765,-0.78401993910578,-0.0406540264444914));
#9221=CARTESIAN_POINT('',(-0.0856583970657163,-0.789572086379783,-0.0494447231060618));
#9222=CARTESIAN_POINT('',(-0.110133160815329,-0.794550911085288,-0.0665084603570846));
#9223=CARTESIAN_POINT('',(-0.101464506238913,-0.792785360633362,-0.0604755453953586));
#9224=CARTESIAN_POINT('',(-0.0932375244527327,-0.791110382689041,-0.0547467034244065));
#9225=CARTESIAN_POINT('',(-0.0856491751899034,-0.789566609419407,-0.049459557912248));
#9226=CARTESIAN_POINT('',(-2.18913245342625,1.04540089759783,2.4580695328559));
#9227=CARTESIAN_POINT('',(2.43550190239581E-5,-0.789566626971817,0.0989042426397006));
#9228=CARTESIAN_POINT('',(0.000847547225331949,-0.791208798309246,0.108706758654467));
#9229=CARTESIAN_POINT('',(0.00167617339118498,-0.792852476684224,0.118508567697444));
#9230=CARTESIAN_POINT('',(0.00251074293547345,-0.794496813108916,0.128309758631608));
#9231=CARTESIAN_POINT('',(8.84703564617704E-6,-0.789572087744489,0.0989046301449782));
#9232=CARTESIAN_POINT('',(1.19730159298069E-5,-0.783934808119764,0.0810603907376233));
#9233=CARTESIAN_POINT('',(8.9642955540729E-6,-0.785822235818747,0.0870058271550794));
#9234=CARTESIAN_POINT('',(7.63064175613054E-6,-0.787708550220226,0.0929516181960298));
#9235=CARTESIAN_POINT('',(7.97493905000396E-6,-0.789593756657191,0.0988977600659135));
#9236=CARTESIAN_POINT('',(4.00078690900871,-3.02831701002418,-0.6227162814029));
#9237=CARTESIAN_POINT('',(-0.0856658309931352,-0.789566639298178,-0.0494310606847117));
#9238=CARTESIAN_POINT('',(-0.0945960681197223,-0.791214237263632,-0.0536332538825413));
#9239=CARTESIAN_POINT('',(-0.103528424079686,-0.792863351807223,-0.0578303539666542));
#9240=CARTESIAN_POINT('',(-0.112463233328927,-0.794513126802025,-0.0620219608197504));
#9241=CARTESIAN_POINT('',(-1.46110491850784,-3.02831632486987,3.77614007694599));
#9242=CARTESIAN_POINT('',(0.11237278526011,-0.794497007980226,-0.0619867219348051));
#9243=CARTESIAN_POINT('',(0.102926333081394,-0.792752265695035,-0.0575488335624311));
#9244=CARTESIAN_POINT('',(0.0939465385227874,-0.791094847249706,-0.0533331831309145));
#9245=CARTESIAN_POINT('',(0.0856577508028963,-0.789566596437506,-0.0494445495285977));
#9246=CARTESIAN_POINT('',(-0.971844167327612,1.04634587795926,-3.14671312107748));
#9247=CARTESIAN_POINT('',(-0.00250431669970037,-0.794497007991784,0.128311047766408));
#9248=CARTESIAN_POINT('',(-0.00162441461694349,-0.792752265591914,0.117911235334157));
#9249=CARTESIAN_POINT('',(-0.000785377650302654,-0.791094847041998,0.108026679285483));
#9250=CARTESIAN_POINT('',(-8.63923309498806E-6,-0.789566596143695,0.0989040612367986));
#9251=CARTESIAN_POINT('',(3.21105155664183,1.04634358140119,0.731714060505965));
#9252=CARTESIAN_POINT('',(-3.061515884556E-17,-1.03682310160738,0.));
#9253=CARTESIAN_POINT('',(-0.0700000000000001,-1.03682310160738,0.));
#9254=CARTESIAN_POINT('',(-3.061515884556E-17,-1.03682310160738,0.));
#9255=CARTESIAN_POINT('',(0.,-1.03682310160738,0.));
#9256=CARTESIAN_POINT('',(0.01,-1.03682310160738,-6.12323399573677E-19));
#9257=CARTESIAN_POINT('',(-3.061515884556E-17,-1.03682310160738,-0.045));
#9258=CARTESIAN_POINT('',(0.,-1.01682310160738,0.));
#9259=CARTESIAN_POINT('',(0.,-1.01682310160738,-0.01));
#9260=CARTESIAN_POINT('',(-3.061515884556E-17,-1.01682310160738,-0.055794280266039));
#9261=CARTESIAN_POINT('',(-3.061515884556E-17,-0.811774528928398,0.));
#9262=CARTESIAN_POINT('',(-3.061515884556E-17,-0.811774528928398,0.));
#9263=CARTESIAN_POINT('',(-3.061515884556E-17,-0.811774528928398,0.));
#9264=CARTESIAN_POINT('',(-3.061515884556E-17,-0.811774528928398,0.));
#9265=CARTESIAN_POINT('',(-3.061515884556E-17,-0.704424528928398,0.));
#9266=CARTESIAN_POINT('',(-3.061515884556E-17,-0.811774528928398,0.));
#9267=CARTESIAN_POINT('',(-3.061515884556E-17,-0.811774528928398,-0.0700000000000002));
#9268=CARTESIAN_POINT('',(-3.061515884556E-17,-0.704424528928398,0.));
#9269=CARTESIAN_POINT('',(0.210347062693855,-0.704424528928398,0.));
#9270=CARTESIAN_POINT('',(0.160891273304655,-0.828234528928398,-0.068840381858374));
#9271=CARTESIAN_POINT('',(0.011665,-0.828234528928398,0.069021212500216));
#9272=CARTESIAN_POINT('',(-0.020828117156754,-0.828234528928398,0.173756120858244));
#9273=CARTESIAN_POINT('',(-0.0656066234251913,-0.828234528928398,-0.0244084199149631));
#9274=CARTESIAN_POINT('',(0.140063156147901,-0.828234528928398,-0.104915738999869));
#9275=CARTESIAN_POINT('',(-0.0539416234251913,-0.828234528928398,-0.0446127925852531));
#9276=CARTESIAN_POINT('',(-3.061515884556E-17,-0.784724528928398,0.));
#9277=CARTESIAN_POINT('',(-3.061515884556E-17,-0.784724528928398,0.));
#9278=CARTESIAN_POINT('',(-3.061515884556E-17,-0.784724528928398,0.));
#9279=CARTESIAN_POINT('',(-3.061515884556E-17,-0.704424528928398,0.));
#9280=CARTESIAN_POINT('',(-3.061515884556E-17,-0.704424528928398,0.));
#9281=CARTESIAN_POINT('',(0.210347062693855,-0.704424528928398,0.));
#9282=CARTESIAN_POINT('',(0.210347062693855,-0.704424528928398,0.));
#9283=CARTESIAN_POINT('',(2.02145180503834E-16,-0.505,0.52));
#9284=CARTESIAN_POINT('',(1.97149176893021E-16,-0.581110727964793,0.52));
#9285=CARTESIAN_POINT('',(2.0769629562696E-16,-0.593055363982396,0.41));
#9286=CARTESIAN_POINT('',(2.50994993587341E-16,-0.605,0.3));
#9287=CARTESIAN_POINT('',(-0.00654498469497854,-0.505,0.52));
#9288=CARTESIAN_POINT('',(-0.00654498469497854,-0.581110738420714,0.52));
#9289=CARTESIAN_POINT('',(-0.00897064770160324,-0.593055369210357,0.41));
#9290=CARTESIAN_POINT('',(-0.0113963107082279,-0.605,0.3));
#9291=CARTESIAN_POINT('',(-0.0130898075523131,-0.505,0.519355391212057));
#9292=CARTESIAN_POINT('',(-0.0130898075523131,-0.580899347091706,0.519355391212057));
#9293=CARTESIAN_POINT('',(-0.0179410735862646,-0.592804636568566,0.409677695606029));
#9294=CARTESIAN_POINT('',(-0.0227923396202161,-0.604709926045425,0.3));
#9295=CARTESIAN_POINT('',(-0.0259282568509123,-0.505,0.516801664868589));
#9296=CARTESIAN_POINT('',(-0.0259282568509123,-0.580061716272261,0.516801664868589));
#9297=CARTESIAN_POINT('',(-0.0355376320290961,-0.591811232731563,0.408400832434295));
#9298=CARTESIAN_POINT('',(-0.0451470072072799,-0.603560749190865,0.3));
#9299=CARTESIAN_POINT('',(-0.0322215658362183,-0.505,0.51489261045898));
#9300=CARTESIAN_POINT('',(-0.0322215658362183,-0.579435487494853,0.51489261045898));
#9301=CARTESIAN_POINT('',(-0.0441633294776827,-0.591068581100697,0.40744630522949));
#9302=CARTESIAN_POINT('',(-0.056105093119147,-0.602701674706541,0.3));
#9303=CARTESIAN_POINT('',(-0.0443151206367993,-0.505,0.509883296043277));
#9304=CARTESIAN_POINT('',(-0.0443151206367993,-0.577791566533588,0.509883296043277));
#9305=CARTESIAN_POINT('',(-0.0607389250874444,-0.589119524876531,0.404941648021639));
#9306=CARTESIAN_POINT('',(-0.0771627295380894,-0.600447483219475,0.3));
#9307=CARTESIAN_POINT('',(-0.0501150674150999,-0.505,0.506783159902354));
#9308=CARTESIAN_POINT('',(-0.0501150674150999,-0.576773915932598,0.506783159902354));
#9309=CARTESIAN_POINT('',(-0.0686884133843538,-0.587913168944329,0.403391579951177));
#9310=CARTESIAN_POINT('',(-0.0872617593536077,-0.599052421956059,0.3));
#9311=CARTESIAN_POINT('',(-0.06099897918882,-0.505,0.499510762558156));
#9312=CARTESIAN_POINT('',(-0.06099897918882,-0.57438513588994,0.499510762558156));
#9313=CARTESIAN_POINT('',(-0.0836060553174637,-0.585082489520555,0.399755381279078));
#9314=CARTESIAN_POINT('',(-0.106213131446108,-0.59577984315117,0.3));
#9315=CARTESIAN_POINT('',(-0.0660826750580729,-0.505,0.495338681179237));
#9316=CARTESIAN_POINT('',(-0.0660826750580729,-0.573014066950178,0.495338681179237));
#9317=CARTESIAN_POINT('',(-0.0905738400855704,-0.583458236740417,0.397669340589618));
#9318=CARTESIAN_POINT('',(-0.115065005113068,-0.593902406530656,0.3));
#9319=CARTESIAN_POINT('',(-0.0753386811792362,-0.505,0.486082675058073));
#9320=CARTESIAN_POINT('',(-0.0753386811792362,-0.569969494346125,0.486082675058073));
#9321=CARTESIAN_POINT('',(-0.103260251728449,-0.579853349061129,0.393041337529037));
#9322=CARTESIAN_POINT('',(-0.131181822277662,-0.589737203776133,0.3));
#9323=CARTESIAN_POINT('',(-0.0795107625581553,-0.505,0.48099897918882));
#9324=CARTESIAN_POINT('',(-0.0795107625581553,-0.568296067887126,0.48099897918882));
#9325=CARTESIAN_POINT('',(-0.108978564906693,-0.577872804261048,0.39049948959441));
#9326=CARTESIAN_POINT('',(-0.138446367255231,-0.587449540634969,0.3));
#9327=CARTESIAN_POINT('',(-0.0867831599023534,-0.505,0.4701150674151));
#9328=CARTESIAN_POINT('',(-0.0867831599023534,-0.564708835212973,0.4701150674151));
#9329=CARTESIAN_POINT('',(-0.118946214574526,-0.573630307774884,0.38505753370755));
#9330=CARTESIAN_POINT('',(-0.1511092692467,-0.582551780336795,0.3));
#9331=CARTESIAN_POINT('',(-0.089883296043277,-0.505,0.4643151206368));
#9332=CARTESIAN_POINT('',(-0.089883296043277,-0.562795238853229,0.4643151206368));
#9333=CARTESIAN_POINT('',(-0.123195304594335,-0.571368521569894,0.3821575603184));
#9334=CARTESIAN_POINT('',(-0.156507313145393,-0.57994180428656,0.3));
#9335=CARTESIAN_POINT('',(-0.0948926104589799,-0.505,0.452221565836219));
#9336=CARTESIAN_POINT('',(-0.0948926104589799,-0.558797755102646,0.452221565836219));
#9337=CARTESIAN_POINT('',(-0.13006114110031,-0.566648729864472,0.376110782918109));
#9338=CARTESIAN_POINT('',(-0.16522967174164,-0.574499704626298,0.3));
#9339=CARTESIAN_POINT('',(-0.0968016648685888,-0.505,0.445928256850912));
#9340=CARTESIAN_POINT('',(-0.0968016648685888,-0.556714048816121,0.445928256850912));
#9341=CARTESIAN_POINT('',(-0.132677717815139,-0.564190882199516,0.372964128425456));
#9342=CARTESIAN_POINT('',(-0.16855377076169,-0.571667715582911,0.3));
#9343=CARTESIAN_POINT('',(-0.0993553912120569,-0.505,0.433089807552313));
#9344=CARTESIAN_POINT('',(-0.0993553912120569,-0.552453770069166,0.433089807552313));
#9345=CARTESIAN_POINT('',(-0.136177890912737,-0.559172091733854,0.366544903776157));
#9346=CARTESIAN_POINT('',(-0.173000390613418,-0.565890413398541,0.3));
#9347=CARTESIAN_POINT('',(-0.0999999999999998,-0.505,0.426544984694979));
#9348=CARTESIAN_POINT('',(-0.0999999999999998,-0.550277197608737,0.426544984694979));
#9349=CARTESIAN_POINT('',(-0.137061400746829,-0.556611220360738,0.36327249234749));
#9350=CARTESIAN_POINT('',(-0.174122801493658,-0.56294524311274,0.3));
#9351=CARTESIAN_POINT('',(-0.0999999999999998,-0.505,0.413455015305021));
#9352=CARTESIAN_POINT('',(-0.0999999999999998,-0.545908249162536,0.413455015305021));
#9353=CARTESIAN_POINT('',(-0.137061400746829,-0.551481503024898,0.356727507652511));
#9354=CARTESIAN_POINT('',(-0.174122801493658,-0.557054756887259,0.3));
#9355=CARTESIAN_POINT('',(-0.0993553912120569,-0.505,0.406910192447687));
#9356=CARTESIAN_POINT('',(-0.0993553912120569,-0.543716737063685,0.406910192447687));
#9357=CARTESIAN_POINT('',(-0.136177890912738,-0.548913161832572,0.353455096223844));
#9358=CARTESIAN_POINT('',(-0.173000390613418,-0.554109586601459,0.3));
#9359=CARTESIAN_POINT('',(-0.0968016648685888,-0.505,0.394071743149088));
#9360=CARTESIAN_POINT('',(-0.0968016648685888,-0.539396747911716,0.394071743149088));
#9361=CARTESIAN_POINT('',(-0.132677717815139,-0.543864516164403,0.347035871574544));
#9362=CARTESIAN_POINT('',(-0.16855377076169,-0.548332284417089,0.3));
#9363=CARTESIAN_POINT('',(-0.0948926104589799,-0.505,0.387778434163782));
#9364=CARTESIAN_POINT('',(-0.0948926104589799,-0.537268498828371,0.387778434163782));
#9365=CARTESIAN_POINT('',(-0.13006114110031,-0.541384397101036,0.343889217081891));
#9366=CARTESIAN_POINT('',(-0.16522967174164,-0.545500295373702,0.3));
#9367=CARTESIAN_POINT('',(-0.089883296043277,-0.505,0.375684879363201));
#9368=CARTESIAN_POINT('',(-0.089883296043277,-0.533149725095006,0.375684879363201));
#9369=CARTESIAN_POINT('',(-0.123195304594335,-0.536603960404223,0.3378424396816));
#9370=CARTESIAN_POINT('',(-0.156507313145393,-0.54005819571344,0.3));
#9371=CARTESIAN_POINT('',(-0.0867831599023534,-0.505,0.3698849325849));
#9372=CARTESIAN_POINT('',(-0.0867831599023534,-0.531159257637563,0.3698849325849));
#9373=CARTESIAN_POINT('',(-0.118946214574526,-0.534303738650384,0.33494246629245));
#9374=CARTESIAN_POINT('',(-0.1511092692467,-0.537448219663205,0.3));
#9375=CARTESIAN_POINT('',(-0.0795107625581552,-0.505,0.35900102081118));
#9376=CARTESIAN_POINT('',(-0.0795107625581552,-0.527384072903841,0.35900102081118));
#9377=CARTESIAN_POINT('',(-0.108978564906693,-0.529967266134436,0.32950051040559));
#9378=CARTESIAN_POINT('',(-0.138446367255231,-0.532550459365031,0.3));
#9379=CARTESIAN_POINT('',(-0.0753386811792361,-0.505,0.353917324941927));
#9380=CARTESIAN_POINT('',(-0.0753386811792361,-0.525599319925008,0.353917324941927));
#9381=CARTESIAN_POINT('',(-0.103260251728449,-0.527931058074438,0.326958662470964));
#9382=CARTESIAN_POINT('',(-0.131181822277662,-0.530262796223867,0.3));
#9383=CARTESIAN_POINT('',(-0.0660826750580729,-0.505,0.344661318820764));
#9384=CARTESIAN_POINT('',(-0.0660826750580729,-0.522295585351237,0.344661318820764));
#9385=CARTESIAN_POINT('',(-0.0905738400855704,-0.52419658941029,0.322330659410382));
#9386=CARTESIAN_POINT('',(-0.115065005113068,-0.526097593469344,0.3));
#9387=CARTESIAN_POINT('',(-0.06099897918882,-0.505,0.340489237441845));
#9388=CARTESIAN_POINT('',(-0.06099897918882,-0.520776291770205,0.340489237441845));
#9389=CARTESIAN_POINT('',(-0.0836060553174637,-0.522498224309518,0.320244618720922));
#9390=CARTESIAN_POINT('',(-0.106213131446108,-0.52422015684883,0.3));
#9391=CARTESIAN_POINT('',(-0.0528360453585299,-0.505,0.335034939433696));
#9392=CARTESIAN_POINT('',(-0.0528360453585299,-0.518736615828199,0.335034939433696));
#9393=CARTESIAN_POINT('',(-0.0724178238676313,-0.520251169286681,0.317517469716848));
#9394=CARTESIAN_POINT('',(-0.0919996023767327,-0.521765722745163,0.3));
#9395=CARTESIAN_POINT('',(-0.0500255696922397,-0.505,0.33335085573044));
#9396=CARTESIAN_POINT('',(-0.0500255696922397,-0.518096540261525,0.33335085573044));
#9397=CARTESIAN_POINT('',(-0.0685657465517652,-0.519552212670111,0.31667542786522));
#9398=CARTESIAN_POINT('',(-0.0871059234112907,-0.521007885078698,0.3));
#9399=CARTESIAN_POINT('',(-0.0442534129813018,-0.505,0.330265573689991));
#9400=CARTESIAN_POINT('',(-0.0442534129813018,-0.516902621681673,0.330265573689991));
#9401=CARTESIAN_POINT('',(-0.0606543477104515,-0.518261064921084,0.315132786844995));
#9402=CARTESIAN_POINT('',(-0.0770552824396013,-0.519619508160496,0.3));
#9403=CARTESIAN_POINT('',(-0.0412917319366541,-0.505,0.328864375352797));
#9404=CARTESIAN_POINT('',(-0.0412917319366541,-0.51634866332376,0.328864375352797));
#9405=CARTESIAN_POINT('',(-0.056595026185004,-0.517668816116259,0.314432187676399));
#9406=CARTESIAN_POINT('',(-0.0718983204333539,-0.518988968908759,0.3));
#9407=CARTESIAN_POINT('',(-0.0352449545363636,-0.505,0.326359718144946));
#9408=CARTESIAN_POINT('',(-0.0352449545363636,-0.515335227102001,0.326359718144946));
#9409=CARTESIAN_POINT('',(-0.0483072283801231,-0.516598550133613,0.313179859072473));
#9410=CARTESIAN_POINT('',(-0.0613695022238827,-0.517861873165225,0.3));
#9411=CARTESIAN_POINT('',(-0.0321599329399644,-0.505,0.325256290240581));
#9412=CARTESIAN_POINT('',(-0.0321599329399644,-0.514875608520989,0.325256290240581));
#9413=CARTESIAN_POINT('',(-0.0440788545667562,-0.516120469564625,0.31262814512029));
#9414=CARTESIAN_POINT('',(-0.0559977761935481,-0.517365330608261,0.3));
#9415=CARTESIAN_POINT('',(-0.0258967779349138,-0.505,0.32335638294088));
#9416=CARTESIAN_POINT('',(-0.0258967779349138,-0.51406144235404,0.32335638294088));
#9417=CARTESIAN_POINT('',(-0.0354944865858888,-0.515285907338718,0.31167819147044));
#9418=CARTESIAN_POINT('',(-0.0450921952368638,-0.516510372323396,0.3));
#9419=CARTESIAN_POINT('',(-0.0227186445262624,-0.505,0.322559903545544));
#9420=CARTESIAN_POINT('',(-0.0227186445262624,-0.513706717088717,0.322559903545544));
#9421=CARTESIAN_POINT('',(-0.0311384924183882,-0.514929336842106,0.311279951772772));
#9422=CARTESIAN_POINT('',(-0.0395583403105141,-0.516151956595495,0.3));
#9423=CARTESIAN_POINT('',(-0.0162994198769628,-0.505,0.32128304037381));
#9424=CARTESIAN_POINT('',(-0.0162994198769628,-0.513120224158923,0.32128304037381));
#9425=CARTESIAN_POINT('',(-0.0223402131969724,-0.514348796163569,0.310641520186905));
#9426=CARTESIAN_POINT('',(-0.0283810065169821,-0.515577368168214,0.3));
#9427=CARTESIAN_POINT('',(-0.0130584080003043,-0.505,0.320802672383891));
#9428=CARTESIAN_POINT('',(-0.0130584080003042,-0.512888794407362,0.320802672383891));
#9429=CARTESIAN_POINT('',(-0.0178980369204532,-0.514124998490056,0.310401336191945));
#9430=CARTESIAN_POINT('',(-0.0227376658406021,-0.515361202572751,0.3));
#9431=CARTESIAN_POINT('',(-0.00654494423556745,-0.505,0.320161152196986));
#9432=CARTESIAN_POINT('',(-0.00654494423556745,-0.512573318840962,0.320161152196986));
#9433=CARTESIAN_POINT('',(-0.00897059224736773,-0.513822918664803,0.310080576098493));
#9434=CARTESIAN_POINT('',(-0.011396240259168,-0.515072518488644,0.3));
#9435=CARTESIAN_POINT('',(-0.00327249234748916,-0.505,0.32));
#9436=CARTESIAN_POINT('',(-0.00327249234748916,-0.512490474250606,0.32));
#9437=CARTESIAN_POINT('',(-0.00448532385080153,-0.513745237125303,0.31));
#9438=CARTESIAN_POINT('',(-0.00569815535411391,-0.515,0.3));
#9439=CARTESIAN_POINT('',(0.00327249234748958,-0.505,0.32));
#9440=CARTESIAN_POINT('',(0.00327249234748958,-0.512490949719393,0.32));
#9441=CARTESIAN_POINT('',(0.00448532385080191,-0.513745474859697,0.31));
#9442=CARTESIAN_POINT('',(0.00569815535411426,-0.515,0.3));
#9443=CARTESIAN_POINT('',(0.0065449442355679,-0.505,0.320161152196986));
#9444=CARTESIAN_POINT('',(0.0065449442355679,-0.512573318840962,0.320161152196986));
#9445=CARTESIAN_POINT('',(0.0089705922473681,-0.513822918664803,0.310080576098493));
#9446=CARTESIAN_POINT('',(0.0113962402591683,-0.515072518488644,0.3));
#9447=CARTESIAN_POINT('',(0.0130584080003047,-0.505,0.320802672383891));
#9448=CARTESIAN_POINT('',(0.0130584080003047,-0.512888794407362,0.320802672383891));
#9449=CARTESIAN_POINT('',(0.0178980369204535,-0.514124998490056,0.310401336191945));
#9450=CARTESIAN_POINT('',(0.0227376658406024,-0.515361202572751,0.3));
#9451=CARTESIAN_POINT('',(0.0162994198769633,-0.505,0.32128304037381));
#9452=CARTESIAN_POINT('',(0.0162994198769633,-0.513120224158923,0.32128304037381));
#9453=CARTESIAN_POINT('',(0.0223402131969728,-0.514348796163569,0.310641520186905));
#9454=CARTESIAN_POINT('',(0.0283810065169823,-0.515577368168214,0.3));
#9455=CARTESIAN_POINT('',(0.0227186445262628,-0.505,0.322559903545544));
#9456=CARTESIAN_POINT('',(0.0227186445262628,-0.513706717088717,0.322559903545544));
#9457=CARTESIAN_POINT('',(0.0311384924183885,-0.514929336842106,0.311279951772772));
#9458=CARTESIAN_POINT('',(0.0395583403105142,-0.516151956595495,0.3));
#9459=CARTESIAN_POINT('',(0.0258967779349143,-0.505,0.32335638294088));
#9460=CARTESIAN_POINT('',(0.0258967779349143,-0.51406144235404,0.32335638294088));
#9461=CARTESIAN_POINT('',(0.0354944865858891,-0.515285907338718,0.31167819147044));
#9462=CARTESIAN_POINT('',(0.045092195236864,-0.516510372323396,0.3));
#9463=CARTESIAN_POINT('',(0.0321599329399648,-0.505,0.325256290240581));
#9464=CARTESIAN_POINT('',(0.0321599329399648,-0.514875608520989,0.325256290240581));
#9465=CARTESIAN_POINT('',(0.0440788545667566,-0.516120469564625,0.31262814512029));
#9466=CARTESIAN_POINT('',(0.0559977761935484,-0.517365330608261,0.3));
#9467=CARTESIAN_POINT('',(0.0352449545363639,-0.505,0.326359718144946));
#9468=CARTESIAN_POINT('',(0.0352449545363639,-0.515335227102001,0.326359718144946));
#9469=CARTESIAN_POINT('',(0.0483072283801235,-0.516598550133613,0.313179859072473));
#9470=CARTESIAN_POINT('',(0.0613695022238831,-0.517861873165225,0.3));
#9471=CARTESIAN_POINT('',(0.0412917319366544,-0.505,0.328864375352797));
#9472=CARTESIAN_POINT('',(0.0412917319366544,-0.51634866332376,0.328864375352797));
#9473=CARTESIAN_POINT('',(0.0565950261850043,-0.517668816116259,0.314432187676399));
#9474=CARTESIAN_POINT('',(0.0718983204333543,-0.518988968908759,0.3));
#9475=CARTESIAN_POINT('',(0.0442534129813022,-0.505,0.330265573689991));
#9476=CARTESIAN_POINT('',(0.0442534129813022,-0.516902621681673,0.330265573689991));
#9477=CARTESIAN_POINT('',(0.0606543477104519,-0.518261064921084,0.315132786844995));
#9478=CARTESIAN_POINT('',(0.0770552824396016,-0.519619508160496,0.3));
#9479=CARTESIAN_POINT('',(0.0500255696922402,-0.505,0.33335085573044));
#9480=CARTESIAN_POINT('',(0.0500255696922402,-0.518096540261524,0.33335085573044));
#9481=CARTESIAN_POINT('',(0.0685657465517656,-0.519552212670111,0.31667542786522));
#9482=CARTESIAN_POINT('',(0.087105923411291,-0.521007885078698,0.3));
#9483=CARTESIAN_POINT('',(0.0528360453585304,-0.505,0.335034939433696));
#9484=CARTESIAN_POINT('',(0.0528360453585304,-0.518736615828199,0.335034939433696));
#9485=CARTESIAN_POINT('',(0.0724178238676317,-0.520251169286681,0.317517469716848));
#9486=CARTESIAN_POINT('',(0.091999602376733,-0.521765722745163,0.3));
#9487=CARTESIAN_POINT('',(0.0609989791888205,-0.505,0.340489237441845));
#9488=CARTESIAN_POINT('',(0.0609989791888205,-0.520776291770205,0.340489237441845));
#9489=CARTESIAN_POINT('',(0.0836060553174641,-0.522498224309518,0.320244618720922));
#9490=CARTESIAN_POINT('',(0.106213131446107,-0.52422015684883,0.3));
#9491=CARTESIAN_POINT('',(0.0660826750580733,-0.505,0.344661318820764));
#9492=CARTESIAN_POINT('',(0.0660826750580733,-0.522295585351237,0.344661318820764));
#9493=CARTESIAN_POINT('',(0.0905738400855708,-0.52419658941029,0.322330659410382));
#9494=CARTESIAN_POINT('',(0.115065005113068,-0.526097593469344,0.3));
#9495=CARTESIAN_POINT('',(0.0753386811792366,-0.505,0.353917324941927));
#9496=CARTESIAN_POINT('',(0.0753386811792366,-0.525599319925008,0.353917324941927));
#9497=CARTESIAN_POINT('',(0.103260251728449,-0.527931058074438,0.326958662470964));
#9498=CARTESIAN_POINT('',(0.131181822277662,-0.530262796223867,0.3));
#9499=CARTESIAN_POINT('',(0.0795107625581557,-0.505,0.35900102081118));
#9500=CARTESIAN_POINT('',(0.0795107625581557,-0.527384072903841,0.35900102081118));
#9501=CARTESIAN_POINT('',(0.108978564906693,-0.529967266134436,0.32950051040559));
#9502=CARTESIAN_POINT('',(0.138446367255231,-0.532550459365031,0.3));
#9503=CARTESIAN_POINT('',(0.0867831599023538,-0.505,0.3698849325849));
#9504=CARTESIAN_POINT('',(0.0867831599023538,-0.531159257637563,0.3698849325849));
#9505=CARTESIAN_POINT('',(0.118946214574526,-0.534303738650384,0.33494246629245));
#9506=CARTESIAN_POINT('',(0.1511092692467,-0.537448219663205,0.3));
#9507=CARTESIAN_POINT('',(0.0898832960432774,-0.505,0.375684879363201));
#9508=CARTESIAN_POINT('',(0.0898832960432774,-0.533149725095006,0.375684879363201));
#9509=CARTESIAN_POINT('',(0.123195304594335,-0.536603960404223,0.3378424396816));
#9510=CARTESIAN_POINT('',(0.156507313145393,-0.54005819571344,0.3));
#9511=CARTESIAN_POINT('',(0.0948926104589803,-0.505,0.387778434163782));
#9512=CARTESIAN_POINT('',(0.0948926104589803,-0.537268498828371,0.387778434163782));
#9513=CARTESIAN_POINT('',(0.13006114110031,-0.541384397101036,0.343889217081891));
#9514=CARTESIAN_POINT('',(0.16522967174164,-0.545500295373701,0.3));
#9515=CARTESIAN_POINT('',(0.0968016648685892,-0.505,0.394071743149088));
#9516=CARTESIAN_POINT('',(0.0968016648685892,-0.539396747911716,0.394071743149088));
#9517=CARTESIAN_POINT('',(0.132677717815139,-0.543864516164403,0.347035871574544));
#9518=CARTESIAN_POINT('',(0.16855377076169,-0.548332284417089,0.3));
#9519=CARTESIAN_POINT('',(0.0993553912120573,-0.505,0.406910192447687));
#9520=CARTESIAN_POINT('',(0.0993553912120573,-0.543716737063685,0.406910192447687));
#9521=CARTESIAN_POINT('',(0.136177890912737,-0.548913161832572,0.353455096223844));
#9522=CARTESIAN_POINT('',(0.173000390613418,-0.554109586601459,0.3));
#9523=CARTESIAN_POINT('',(0.1,-0.505,0.413455015305021));
#9524=CARTESIAN_POINT('',(0.1,-0.545908249162536,0.413455015305021));
#9525=CARTESIAN_POINT('',(0.137061400746829,-0.551481503024898,0.356727507652511));
#9526=CARTESIAN_POINT('',(0.174122801493658,-0.557054756887259,0.3));
#9527=CARTESIAN_POINT('',(0.1,-0.505,0.426544984694979));
#9528=CARTESIAN_POINT('',(0.1,-0.550277197608737,0.426544984694979));
#9529=CARTESIAN_POINT('',(0.137061400746829,-0.556611220360738,0.36327249234749));
#9530=CARTESIAN_POINT('',(0.174122801493658,-0.56294524311274,0.3));
#9531=CARTESIAN_POINT('',(0.0993553912120573,-0.505,0.433089807552313));
#9532=CARTESIAN_POINT('',(0.0993553912120573,-0.552453770069166,0.433089807552313));
#9533=CARTESIAN_POINT('',(0.136177890912737,-0.559172091733854,0.366544903776157));
#9534=CARTESIAN_POINT('',(0.173000390613418,-0.565890413398541,0.3));
#9535=CARTESIAN_POINT('',(0.0968016648685892,-0.505,0.445928256850913));
#9536=CARTESIAN_POINT('',(0.0968016648685892,-0.556714048816121,0.445928256850913));
#9537=CARTESIAN_POINT('',(0.132677717815139,-0.564190882199516,0.372964128425456));
#9538=CARTESIAN_POINT('',(0.16855377076169,-0.57166771558291,0.3));
#9539=CARTESIAN_POINT('',(0.0948926104589803,-0.505,0.452221565836219));
#9540=CARTESIAN_POINT('',(0.0948926104589803,-0.558797755102646,0.452221565836219));
#9541=CARTESIAN_POINT('',(0.13006114110031,-0.566648729864472,0.376110782918109));
#9542=CARTESIAN_POINT('',(0.16522967174164,-0.574499704626298,0.3));
#9543=CARTESIAN_POINT('',(0.0898832960432774,-0.505,0.4643151206368));
#9544=CARTESIAN_POINT('',(0.0898832960432774,-0.562795238853229,0.4643151206368));
#9545=CARTESIAN_POINT('',(0.123195304594335,-0.571368521569894,0.3821575603184));
#9546=CARTESIAN_POINT('',(0.156507313145393,-0.57994180428656,0.3));
#9547=CARTESIAN_POINT('',(0.0867831599023538,-0.505,0.4701150674151));
#9548=CARTESIAN_POINT('',(0.0867831599023538,-0.564708835212973,0.4701150674151));
#9549=CARTESIAN_POINT('',(0.118946214574526,-0.573630307774884,0.38505753370755));
#9550=CARTESIAN_POINT('',(0.1511092692467,-0.582551780336795,0.3));
#9551=CARTESIAN_POINT('',(0.0795107625581556,-0.505,0.48099897918882));
#9552=CARTESIAN_POINT('',(0.0795107625581556,-0.568296067887126,0.48099897918882));
#9553=CARTESIAN_POINT('',(0.108978564906693,-0.577872804261048,0.39049948959441));
#9554=CARTESIAN_POINT('',(0.138446367255231,-0.587449540634969,0.3));
#9555=CARTESIAN_POINT('',(0.0753386811792366,-0.505,0.486082675058073));
#9556=CARTESIAN_POINT('',(0.0753386811792366,-0.569969494346125,0.486082675058073));
#9557=CARTESIAN_POINT('',(0.103260251728449,-0.579853349061129,0.393041337529037));
#9558=CARTESIAN_POINT('',(0.131181822277662,-0.589737203776133,0.3));
#9559=CARTESIAN_POINT('',(0.0660826750580733,-0.505,0.495338681179237));
#9560=CARTESIAN_POINT('',(0.0660826750580733,-0.573014066950178,0.495338681179237));
#9561=CARTESIAN_POINT('',(0.0905738400855708,-0.583458236740417,0.397669340589618));
#9562=CARTESIAN_POINT('',(0.115065005113068,-0.593902406530656,0.3));
#9563=CARTESIAN_POINT('',(0.0609989791888205,-0.505,0.499510762558156));
#9564=CARTESIAN_POINT('',(0.0609989791888205,-0.57438513588994,0.499510762558156));
#9565=CARTESIAN_POINT('',(0.0836060553174642,-0.585082489520555,0.399755381279078));
#9566=CARTESIAN_POINT('',(0.106213131446108,-0.59577984315117,0.3));
#9567=CARTESIAN_POINT('',(0.0501150674151004,-0.505,0.506783159902354));
#9568=CARTESIAN_POINT('',(0.0501150674151004,-0.576773915932598,0.506783159902354));
#9569=CARTESIAN_POINT('',(0.0686884133843543,-0.587913168944329,0.403391579951177));
#9570=CARTESIAN_POINT('',(0.0872617593536083,-0.599052421956059,0.3));
#9571=CARTESIAN_POINT('',(0.0443151206367997,-0.505,0.509883296043277));
#9572=CARTESIAN_POINT('',(0.0443151206367997,-0.577791566533588,0.509883296043277));
#9573=CARTESIAN_POINT('',(0.0607389250874447,-0.589119524876531,0.404941648021639));
#9574=CARTESIAN_POINT('',(0.0771627295380897,-0.600447483219475,0.3));
#9575=CARTESIAN_POINT('',(0.0322215658362187,-0.505,0.51489261045898));
#9576=CARTESIAN_POINT('',(0.0322215658362187,-0.579435487494853,0.51489261045898));
#9577=CARTESIAN_POINT('',(0.044163329477683,-0.591068581100697,0.40744630522949));
#9578=CARTESIAN_POINT('',(0.0561050931191473,-0.602701674706541,0.3));
#9579=CARTESIAN_POINT('',(0.0259282568509126,-0.505,0.516801664868589));
#9580=CARTESIAN_POINT('',(0.0259282568509126,-0.580061716272261,0.516801664868589));
#9581=CARTESIAN_POINT('',(0.0355376320290964,-0.591811232731563,0.408400832434295));
#9582=CARTESIAN_POINT('',(0.0451470072072802,-0.603560749190865,0.3));
#9583=CARTESIAN_POINT('',(0.0130898075523134,-0.505,0.519355391212057));
#9584=CARTESIAN_POINT('',(0.0130898075523134,-0.580899347091706,0.519355391212057));
#9585=CARTESIAN_POINT('',(0.0179410735862649,-0.592804636568566,0.409677695606029));
#9586=CARTESIAN_POINT('',(0.0227923396202164,-0.604709926045425,0.3));
#9587=CARTESIAN_POINT('',(0.00654498469497894,-0.505,0.52));
#9588=CARTESIAN_POINT('',(0.00654498469497893,-0.581110717508872,0.52));
#9589=CARTESIAN_POINT('',(0.00897064770160366,-0.593055358754436,0.41));
#9590=CARTESIAN_POINT('',(0.0113963107082284,-0.605,0.3));
#9591=CARTESIAN_POINT('',(2.02145180503834E-16,-0.505,0.52));
#9592=CARTESIAN_POINT('',(1.97149176893021E-16,-0.581110727964793,0.52));
#9593=CARTESIAN_POINT('',(2.0769629562696E-16,-0.593055363982396,0.41));
#9594=CARTESIAN_POINT('',(2.50994993587341E-16,-0.605,0.3));
#9595=CARTESIAN_POINT('',(2.32725103072858E-16,-0.162832891616652,0.42));
#9596=CARTESIAN_POINT('',(2.32725103072858E-16,-0.162832891616652,0.244999999999999));
#9597=CARTESIAN_POINT('',(0.,-0.162832891616652,0.603000000000001));
#9598=CARTESIAN_POINT('',(2.32725103072858E-16,-0.152832891616652,0.42));
#9599=CARTESIAN_POINT('',(2.32725103072858E-16,-0.152832891616652,0.244999999999999));
#9600=CARTESIAN_POINT('',(2.32725103072858E-16,-0.459369136889803,0.42));
#9601=CARTESIAN_POINT('',(0.,-0.152832891616652,0.595000000000001));
#9602=CARTESIAN_POINT('',(2.32725103072858E-16,-0.236233639495869,0.42));
#9603=CARTESIAN_POINT('',(2.32725103072858E-16,-0.236233639495869,0.245));
#9604=CARTESIAN_POINT('',(0.,-0.236233639495869,0.603));
#9605=CARTESIAN_POINT('',(2.32725103072858E-16,-0.226233639495869,0.42));
#9606=CARTESIAN_POINT('',(2.32725103072858E-16,-0.226233639495869,0.245));
#9607=CARTESIAN_POINT('',(2.32725103072858E-16,-0.459369136889803,0.42));
#9608=CARTESIAN_POINT('',(0.,-0.226233639495869,0.595000000000001));
#9609=CARTESIAN_POINT('',(2.32725103072858E-16,-0.344233639495868,0.42));
#9610=CARTESIAN_POINT('',(2.32725103072858E-16,-0.344233639495868,0.595));
#9611=CARTESIAN_POINT('',(2.32725103072858E-16,-0.338233639495868,0.42));
#9612=CARTESIAN_POINT('',(2.32725103072858E-16,-0.338233639495868,0.245));
#9613=CARTESIAN_POINT('',(2.32725103072858E-16,-0.459369136889803,0.42));
#9614=CARTESIAN_POINT('',(2.32725103072858E-16,-0.346233639495868,0.42));
#9615=CARTESIAN_POINT('',(2.32725103072858E-16,-0.346233639495868,0.597));
#9616=CARTESIAN_POINT('',(0.,-0.346233639495868,0.603));
#9617=CARTESIAN_POINT('',(2.32725103072858E-16,-0.336233639495868,0.42));
#9618=CARTESIAN_POINT('',(2.32725103072858E-16,-0.336233639495868,0.243));
#9619=CARTESIAN_POINT('',(0.,-0.336233639495868,0.595));
#9620=CARTESIAN_POINT('',(2.32725103072858E-16,-0.417634387375085,0.42));
#9621=CARTESIAN_POINT('',(2.32725103072858E-16,-0.417634387375085,0.595));
#9622=CARTESIAN_POINT('',(2.32725103072858E-16,-0.411634387375085,0.42));
#9623=CARTESIAN_POINT('',(2.32725103072858E-16,-0.411634387375085,0.245));
#9624=CARTESIAN_POINT('',(2.32725103072858E-16,-0.459369136889803,0.42));
#9625=CARTESIAN_POINT('',(2.32725103072858E-16,-0.419634387375085,0.42));
#9626=CARTESIAN_POINT('',(2.32725103072858E-16,-0.419634387375085,0.597));
#9627=CARTESIAN_POINT('',(0.,-0.419634387375085,0.603));
#9628=CARTESIAN_POINT('',(2.32725103072858E-16,-0.409634387375085,0.42));
#9629=CARTESIAN_POINT('',(2.32725103072858E-16,-0.409634387375085,0.243));
#9630=CARTESIAN_POINT('',(0.,-0.409634387375085,0.595));
#9631=CARTESIAN_POINT('',(2.32725103072858E-16,-0.417634387375085,0.42));
#9632=CARTESIAN_POINT('',(2.32725103072858E-16,-0.411634387375085,0.42));
#9633=CARTESIAN_POINT('',(2.32725103072858E-16,-0.344233639495868,0.42));
#9634=CARTESIAN_POINT('',(2.32725103072858E-16,-0.338233639495868,0.42));
#9635=CARTESIAN_POINT('',(0.000513986013985999,-0.459369136889803,0.000513986013985988));
#9636=CARTESIAN_POINT('',(0.000513986013985999,-4.70195113820905,0.000513986013985988));
#9637=CARTESIAN_POINT('',(2.045977848836E-16,-0.459369136889803,0.598));
#9638=CARTESIAN_POINT('',(0.000513986013985999,-4.70195113820905,0.000513986013985988));
#9639=CARTESIAN_POINT('',(0.,-0.838823101607382,0.));
#9640=CARTESIAN_POINT('',(-3.061515884556E-17,-0.98682310160738,0.));
#9641=CARTESIAN_POINT('',(-3.061515884556E-17,-0.98682310160738,-0.01375));
#9642=CARTESIAN_POINT('',(-3.061515884556E-17,-0.811774528928398,0.));
#9643=CARTESIAN_POINT('',(0.,-0.98682310160738,0.));
#9644=CARTESIAN_POINT('',(0.,-0.98682310160738,-0.01));
#9645=CARTESIAN_POINT('',(-3.061515884556E-17,-0.98682310160738,0.01));
#9646=CARTESIAN_POINT('',(0.,0.01732547,0.));
#9647=CARTESIAN_POINT('',(2.3691708706483E-16,0.00732547,0.524537445010153));
#9648=CARTESIAN_POINT('',(2.3691708706483E-16,0.00732547,0.524537445010153));
#9649=CARTESIAN_POINT('',(-0.27999999999999,0.244536904761998,-0.0519779011645022));
#9650=CARTESIAN_POINT('',(-0.680845157310302,0.244536904761998,-0.0519779011645023));
#9651=CARTESIAN_POINT('',(-0.914099999999996,0.244536904761998,-0.051977901164499));
#9652=CARTESIAN_POINT('',(-0.680845157310302,3.29908764643038E-15,-2.27809532691353E-14));
#9653=CARTESIAN_POINT('',(-0.680845157310302,5.03069808033274E-14,-0.250000000000008));
#9654=CARTESIAN_POINT('',(-0.75000000000002,1.00613961606655E-13,-0.250000000000008));
#9655=CARTESIAN_POINT('',(-0.914099999999996,1.92592994438724E-31,-0.250000000000008));
#9656=CARTESIAN_POINT('',(-0.914099999999996,3.46944695195361E-15,-2.12458428932156E-14));
#9657=CARTESIAN_POINT('',(0.47000000000002,3.46944695195361E-15,-1.86923299365777E-14));
#9658=CARTESIAN_POINT('',(-0.75000000000002,0.0999999999999994,0.239897948556607));
#9659=CARTESIAN_POINT('',(-1.39999999999999,0.100000000000004,0.239897948556627));
#9660=CARTESIAN_POINT('',(-0.680845157310302,0.0999999999999996,0.239897948556607));
#9661=CARTESIAN_POINT('',(-0.680845157310302,1.00613961606655E-13,-0.250000000000029));
#9662=CARTESIAN_POINT('',(-0.680845157310302,0.3074538370627,0.144299553734797));
#9663=CARTESIAN_POINT('',(-2.41999999999997,0.3074538370627,0.144299553734797));
#9664=CARTESIAN_POINT('',(-1.39999999999999,0.307453837062686,0.144299553734814));
#9665=CARTESIAN_POINT('',(-1.39999999999999,1.00613961606655E-13,-0.250000000000028));
#9666=CARTESIAN_POINT('',(0.33000000000003,1.00613961606655E-13,-0.250000000000029));
#9667=CARTESIAN_POINT('',(-0.680845157310302,0.420000000000106,-1.35114975095026E-15));
#9668=CARTESIAN_POINT('',(-0.914099999999994,0.420000000000101,-1.7059176598128E-15));
#9669=CARTESIAN_POINT('',(-0.914099999999995,0.471226649009442,-0.175683893488488));
#9670=CARTESIAN_POINT('',(-1.39999999999999,0.471574719667396,-0.176412934190657));
#9671=CARTESIAN_POINT('',(-1.23803333333333,0.471574719667396,-0.176412934190657));
#9672=CARTESIAN_POINT('',(-1.07606666666666,0.471574719667395,-0.176412934190657));
#9673=CARTESIAN_POINT('',(-0.914099999999995,0.471574719667395,-0.176412934190656));
#9674=CARTESIAN_POINT('',(-1.39999999999999,0.471400684338405,-0.176048413839583));
#9675=CARTESIAN_POINT('',(-1.39999999999999,0.420000000000108,-1.86800274496822E-15));
#9676=CARTESIAN_POINT('',(0.20449494936622,0.420000000000101,-4.0583122875101E-17));
#9677=CARTESIAN_POINT('',(-0.680845157310302,-0.270000000000003,-1.11076448328627));
#9678=CARTESIAN_POINT('',(-0.680845157310302,-0.270000000000003,-0.645000000000045));
#9679=CARTESIAN_POINT('',(-0.680845157310302,-0.270000000000003,0.170832508249978));
#9680=CARTESIAN_POINT('',(0.33000000000003,-0.270000000000003,0.170832508249978));
#9681=CARTESIAN_POINT('',(-1.4,-0.270000000000003,0.170832508249979));
#9682=CARTESIAN_POINT('',(-1.4,-0.270000000000003,-1.11076448328627));
#9683=CARTESIAN_POINT('',(-1.39999999999999,-0.270000000000003,-0.645000000000045));
#9684=CARTESIAN_POINT('',(-1.66999999999997,-0.270000000000003,-0.645000000000045));
#9685=CARTESIAN_POINT('',(-1.03,-0.270000000000003,-1.11076448328627));
#9686=CARTESIAN_POINT('',(-0.680845157310302,1.00613961606655E-13,-0.250000000000029));
#9687=CARTESIAN_POINT('',(-0.680845157310302,-0.0999999999999994,0.239897948556603));
#9688=CARTESIAN_POINT('',(0.33000000000003,-0.0999999999999994,0.239897948556603));
#9689=CARTESIAN_POINT('',(-1.39999999999999,-0.0999999999999969,0.239897948556587));
#9690=CARTESIAN_POINT('',(-1.39999999999999,1.00613961606655E-13,-0.250000000000028));
#9691=CARTESIAN_POINT('',(0.33000000000003,1.00613961606655E-13,-0.250000000000029));
#9692=CARTESIAN_POINT('',(-0.680845157310302,1.1,-0.645000000000045));
#9693=CARTESIAN_POINT('',(-0.680845157310302,-5.42101086242752E-16,-0.645000000000044));
#9694=CARTESIAN_POINT('',(-1.39999999999999,1.1,-0.645000000000045));
#9695=CARTESIAN_POINT('',(-1.4,0.270000000000003,-0.645000000000045));
#9696=CARTESIAN_POINT('',(-1.73134999999998,0.270000000000003,-0.645000000000045));
#9697=CARTESIAN_POINT('',(-0.914099999999996,0.270000000000003,-0.645000000000045));
#9698=CARTESIAN_POINT('',(-0.914099999999996,0.5898390066582,-0.645000000000045));
#9699=CARTESIAN_POINT('',(-0.914099999999996,-1.51788304147971E-15,-0.645000000000045));
#9700=CARTESIAN_POINT('',(5.32240500000006,-5.42101086242752E-16,-0.645000000000044));
#9701=CARTESIAN_POINT('',(-2.43269999999997,1.1,-0.645000000000045));
#9702=CARTESIAN_POINT('',(-0.680845157310302,-0.0999999999999994,0.249999999999978));
#9703=CARTESIAN_POINT('',(-0.680845157310302,-0.0999999999999994,0.224999999999909));
#9704=CARTESIAN_POINT('',(0.83550000000002,-0.0999999999999994,0.224999999999923));
#9705=CARTESIAN_POINT('',(-1.39999999999999,-0.0999999999999994,0.224999999999903));
#9706=CARTESIAN_POINT('',(-1.39999999999999,-0.0999999999999994,0.249999999999978));
#9707=CARTESIAN_POINT('',(0.83550000000002,-0.0999999999999994,0.249999999999978));
#9708=CARTESIAN_POINT('',(-0.680845157310302,0.0999999999999992,0.249999999999957));
#9709=CARTESIAN_POINT('',(-0.680845157310302,0.0999999999999989,0.224999999999926));
#9710=CARTESIAN_POINT('',(-1.39999999999999,0.0999999999999994,0.249999999999957));
#9711=CARTESIAN_POINT('',(-1.39999999999999,0.100000000000003,0.224999999999902));
#9712=CARTESIAN_POINT('',(-1.74,0.0999999999999994,0.224999999999926));
#9713=CARTESIAN_POINT('',(-1.12999999999997,0.0999999999999994,0.249999999999957));
#9714=CARTESIAN_POINT('',(-0.680845157310302,3.46944695195361E-15,0.224999999999902));
#9715=CARTESIAN_POINT('',(-1.39999999999999,3.46944695195361E-15,0.224999999999902));
#9716=CARTESIAN_POINT('',(-0.14724999999997,3.46944695195361E-15,0.224999999999902));
#9717=CARTESIAN_POINT('',(-0.680845157310302,-1.49880108324396E-15,-0.645000000000044));
#9718=CARTESIAN_POINT('',(-0.914099999999996,-1.49880108324396E-15,-0.645000000000044));
#9719=CARTESIAN_POINT('',(5.32240500000006,-1.49880108324396E-15,-0.645000000000044));
#9720=CARTESIAN_POINT('',(-1.02999999999999,-0.14,5.28846657433288E-18));
#9721=CARTESIAN_POINT('',(-1.02999999999999,-0.14,0.));
#9722=CARTESIAN_POINT('',(-1.02999999999999,-0.14,-0.560000000000022));
#9723=CARTESIAN_POINT('',(-1.02999999999999,-0.14,-0.560000000000022));
#9724=CARTESIAN_POINT('',(-1.39999999999999,-0.14,-0.560000000000022));
#9725=CARTESIAN_POINT('',(-1.39999999999999,-0.14,5.28846657433288E-18));
#9726=CARTESIAN_POINT('',(-1.39999999999999,-0.14,0.));
#9727=CARTESIAN_POINT('',(-1.02999999999999,-0.14,0.));
#9728=CARTESIAN_POINT('',(-1.02999999999999,-0.14,5.28846657433288E-18));
#9729=CARTESIAN_POINT('',(-1.02999999999999,-0.14,0.14));
#9730=CARTESIAN_POINT('',(-1.02999999999999,-0.14,0.14));
#9731=CARTESIAN_POINT('',(-1.39999999999999,-0.14,0.14));
#9732=CARTESIAN_POINT('',(-1.39999999999999,-0.14,0.14));
#9733=CARTESIAN_POINT('',(-1.02999999999999,-0.14,0.14));
#9734=CARTESIAN_POINT('',(-1.02999999999999,-0.14,0.14));
#9735=CARTESIAN_POINT('',(-1.02999999999999,0.,0.14));
#9736=CARTESIAN_POINT('',(-1.02999999999999,0.,0.14));
#9737=CARTESIAN_POINT('',(-1.39999999999999,0.,0.14));
#9738=CARTESIAN_POINT('',(-1.39999999999999,0.,0.14));
#9739=CARTESIAN_POINT('',(-1.02999999999999,0.,0.14));
#9740=CARTESIAN_POINT('',(-1.02999999999999,0.,0.14));
#9741=CARTESIAN_POINT('',(-1.02999999999999,0.139999999999999,0.14));
#9742=CARTESIAN_POINT('',(-1.02999999999999,0.139999999999999,0.14));
#9743=CARTESIAN_POINT('',(-1.39999999999999,0.139999999999999,0.14));
#9744=CARTESIAN_POINT('',(-1.39999999999999,0.139999999999999,0.14));
#9745=CARTESIAN_POINT('',(-1.02999999999999,0.139999999999999,0.14));
#9746=CARTESIAN_POINT('',(-1.02999999999999,0.139999999999999,0.14));
#9747=CARTESIAN_POINT('',(-1.02999999999999,0.14,-0.560000000000021));
#9748=CARTESIAN_POINT('',(-1.02999999999999,0.14,-0.560000000000021));
#9749=CARTESIAN_POINT('',(-1.39999999999999,0.14,-0.560000000000021));
#9750=CARTESIAN_POINT('',(-1.39999999999999,0.14,-0.560000000000021));
#9751=CARTESIAN_POINT('',(-1.02999999999999,0.14,-0.560000000000021));
#9752=CARTESIAN_POINT('',(-1.02999999999999,0.14,-0.560000000000021));
#9753=CARTESIAN_POINT('',(-1.02999999999999,0.,-0.560000000000022));
#9754=CARTESIAN_POINT('',(-1.02999999999999,0.,-0.560000000000022));
#9755=CARTESIAN_POINT('',(-1.39999999999999,0.,-0.560000000000022));
#9756=CARTESIAN_POINT('',(-1.39999999999999,0.,-0.560000000000022));
#9757=CARTESIAN_POINT('',(-1.02999999999999,0.,-0.560000000000022));
#9758=CARTESIAN_POINT('',(-1.02999999999999,0.,-0.560000000000022));
#9759=CARTESIAN_POINT('',(-1.02999999999999,-0.14,-0.560000000000022));
#9760=CARTESIAN_POINT('',(-1.39999999999999,-0.14,-0.560000000000022));
#9761=CARTESIAN_POINT('',(-1.02999999999999,-0.14,-0.560000000000022));
#9762=CARTESIAN_POINT('',(-1.39999999999999,0.478403691724478,-0.190716347791737));
#9763=CARTESIAN_POINT('',(-1.39999999999999,0.495432131158729,-0.192458820697634));
#9764=CARTESIAN_POINT('',(-1.39999999999999,1.00613961606655E-13,-0.250000000000028));
#9765=CARTESIAN_POINT('',(-1.39999999999999,0.499912520121864,-0.259352658738921));
#9766=CARTESIAN_POINT('',(-1.39999999999999,0.484246936756479,-0.26176346728009));
#9767=CARTESIAN_POINT('',(-1.39999999999999,0.485081474711165,-0.278232311418036));
#9768=CARTESIAN_POINT('',(-1.39999999999999,0.420000000000101,-0.0375000000000156));
#9769=CARTESIAN_POINT('',(-1.39999999999999,0.420000000000101,-0.287500000000016));
#9770=CARTESIAN_POINT('',(-1.39999999999999,0.420000000000101,-0.287500000000016));
#9771=CARTESIAN_POINT('',(-1.4,0.270000000000003,-0.287500000000016));
#9772=CARTESIAN_POINT('',(-1.4,0.270000000000003,-2.00902896657251));
#9773=CARTESIAN_POINT('',(-1.39999999999999,3.46944695195361E-15,-2.15330382111537E-14));
#9774=CARTESIAN_POINT('',(-0.914099999999996,0.270000000000003,-1.20097332891838));
#9775=CARTESIAN_POINT('',(-0.914099999999996,0.270000000000003,-0.287500000000016));
#9776=CARTESIAN_POINT('',(-0.914099999999996,0.2498390066582,-0.287500000000016));
#9777=CARTESIAN_POINT('',(-0.914099999999996,0.420000000000101,-0.287500000000016));
#9778=CARTESIAN_POINT('',(-0.914099999999995,0.420000000000101,-0.0375000000000156));
#9779=CARTESIAN_POINT('',(-0.914099999999996,0.485113863090001,-0.278871466485813));
#9780=CARTESIAN_POINT('',(-0.914099999999996,0.484246936756479,-0.26176346728009));
#9781=CARTESIAN_POINT('',(-0.914099999999996,0.499912520121885,-0.259352658738918));
#9782=CARTESIAN_POINT('',(-0.914099999999996,1.00613961606655E-13,-0.250000000000029));
#9783=CARTESIAN_POINT('',(-0.914099999999996,0.496692906130004,-0.192587832298282));
#9784=CARTESIAN_POINT('',(-0.914099999999996,0.478403691724479,-0.190716347791737));
#9785=CARTESIAN_POINT('',(-0.914099999999996,0.0796780133164032,-0.392917691264245));
#9786=CARTESIAN_POINT('',(-0.914099999999995,0.485049086332321,-0.277593156350251));
#9787=CARTESIAN_POINT('',(-1.07606666666666,0.485049086332321,-0.277593156350251));
#9788=CARTESIAN_POINT('',(-1.23803333333333,0.485049086332321,-0.277593156350251));
#9789=CARTESIAN_POINT('',(-1.39999999999999,0.485049086332321,-0.277593156350251));
#9790=CARTESIAN_POINT('',(-1.66249999999997,0.420000000000101,-0.287500000000016));
#9791=CARTESIAN_POINT('',(-1.66249999999997,0.420000000000101,-0.0375000000000156));
#9792=CARTESIAN_POINT('',(-1.66999999999997,0.499912520121885,-0.259352658738918));
#9793=CARTESIAN_POINT('',(-1.29204999999998,0.484246936756479,-0.26176346728009));
#9794=CARTESIAN_POINT('',(-0.914099999999996,0.494171356187437,-0.19232980909699));
#9795=CARTESIAN_POINT('',(-1.07606666666666,0.494171356187437,-0.192329809096991));
#9796=CARTESIAN_POINT('',(-1.23803333333333,0.494171356187437,-0.192329809096991));
#9797=CARTESIAN_POINT('',(-1.39999999999999,0.494171356187437,-0.192329809096991));
#9798=CARTESIAN_POINT('',(0.33000000000003,1.00613961606655E-13,-0.250000000000029));
#9799=CARTESIAN_POINT('',(-1.29204999999998,0.478403691724479,-0.190716347791738));
#9800=CARTESIAN_POINT('',(-2.08249999999997,0.270000000000003,-0.287500000000016));
#9801=CARTESIAN_POINT('',(-1.02999999999999,0.270000000000003,-2.00902896657251));
#9802=CARTESIAN_POINT('',(-2.19499999999997,0.420000000000101,-0.287500000000016));
#9803=CARTESIAN_POINT('',(-1.02999999999999,0.,0.));
#9804=CARTESIAN_POINT('',(-1.02999999999999,0.,-0.125));
#9805=CARTESIAN_POINT('',(-1.02999999999999,3.46944695195361E-15,-2.15330382111537E-14));
#9806=CARTESIAN_POINT('',(-0.680845157310302,0.,0.));
#9807=CARTESIAN_POINT('',(-0.680845157310302,0.,-0.075));
#9808=CARTESIAN_POINT('',(-0.680845157310302,0.,0.));
#9809=CARTESIAN_POINT('',(-0.725,0.,0.));
#9810=CARTESIAN_POINT('',(-0.725,0.,-0.075));
#9811=CARTESIAN_POINT('',(-0.819085000000001,0.,0.));
#9812=CARTESIAN_POINT('',(-0.85,0.,0.));
#9813=CARTESIAN_POINT('',(-0.85,0.,-0.125));
#9814=CARTESIAN_POINT('',(-0.85,0.,0.));
#9815=CARTESIAN_POINT('',(-0.725,0.,0.));
#9816=CARTESIAN_POINT('',(-0.85,-5.95804995933478E-18,2.24648066073603E-17));
#9817=CARTESIAN_POINT('',(-0.85,-5.95804995933478E-18,-0.052));
#9818=CARTESIAN_POINT('',(-0.85,0.,0.));
#9819=CARTESIAN_POINT('',(-0.85,0.,-0.05));
#9820=CARTESIAN_POINT('',(-0.85,3.46944695195361E-15,-2.10032939338244E-14));
#9821=CARTESIAN_POINT('',(-1.02999999999999,0.,0.));
#9822=CARTESIAN_POINT('',(-1.02999999999999,-0.05,-9.18485099360515E-18));
#9823=CARTESIAN_POINT('',(-1.02999999999999,0.,0.));
#9824=CARTESIAN_POINT('',(-1.02999999999999,0.,-0.06));
#9825=CARTESIAN_POINT('',(-1.02999999999999,3.46944695195361E-15,-2.15330382111537E-14));
#9826=CARTESIAN_POINT('',(0.751999999999947,0.,0.));
#9827=CARTESIAN_POINT('',(-0.858,0.,0.));
#9828=CARTESIAN_POINT('',(-0.858,0.,-0.06));
#9829=CARTESIAN_POINT('',(-0.85,0.,0.));
#9830=CARTESIAN_POINT('',(-0.858,0.,0.));
#9831=CARTESIAN_POINT('',(-0.28414999999999,3.35040883925331E-15,-2.15492446413851E-14));
#9832=CARTESIAN_POINT('',(-0.28414999999999,0.198431348329896,-0.224999999999979));
#9833=CARTESIAN_POINT('',(-0.28414999999999,0.2574538370627,-0.154004940770422));
#9834=CARTESIAN_POINT('',(-0.28414999999999,0.2574538370627,-0.224999999999979));
#9835=CARTESIAN_POINT('',(-0.28414999999999,0.2574538370627,-0.224999999999979));
#9836=CARTESIAN_POINT('',(-0.28414999999999,0.108972473588571,-0.224999999999979));
#9837=CARTESIAN_POINT('',(-0.28414999999999,0.,0.));
#9838=CARTESIAN_POINT('',(-0.23414999999999,0.2574538370627,-0.224999999999979));
#9839=CARTESIAN_POINT('',(-0.23414999999999,0.3074538370627,-0.224999999999979));
#9840=CARTESIAN_POINT('',(-0.23414999999999,0.2574538370627,-0.154004940770422));
#9841=CARTESIAN_POINT('',(-0.23414999999999,0.3074538370627,-0.154004940770422));
#9842=CARTESIAN_POINT('',(-0.23414999999999,0.3074538370627,-0.144299553734846));
#9843=CARTESIAN_POINT('',(-0.23414999999999,0.2574538370627,-0.775000000000079));
#9844=CARTESIAN_POINT('',(0.117170419366129,0.42,0.));
#9845=CARTESIAN_POINT('',(0.117170419366128,0.419999999999999,0.224999999999921));
#9846=CARTESIAN_POINT('',(0.21585000000001,0.518679580633881,0.202206182808256));
#9847=CARTESIAN_POINT('',(-0.28414999999999,0.419999999999999,0.224999999999921));
#9848=CARTESIAN_POINT('',(0.21585000000001,0.419999999999999,0.224999999999921));
#9849=CARTESIAN_POINT('',(0.21585000000001,0.42,0.));
#9850=CARTESIAN_POINT('',(-0.28414999999999,0.42,0.));
#9851=CARTESIAN_POINT('',(0.117170419366129,0.42,0.));
#9852=CARTESIAN_POINT('',(0.21585000000001,0.518679580633881,-0.202206182808256));
#9853=CARTESIAN_POINT('',(0.11717041936613,0.420000000000001,-0.224999999999979));
#9854=CARTESIAN_POINT('',(0.21585000000001,0.42,0.));
#9855=CARTESIAN_POINT('',(0.21585000000001,0.420000000000001,-0.224999999999979));
#9856=CARTESIAN_POINT('',(-0.28414999999999,0.420000000000001,-0.224999999999979));
#9857=CARTESIAN_POINT('',(-0.28414999999999,0.42,0.));
#9858=CARTESIAN_POINT('',(-0.28414999999999,-6.10622663543836E-16,-0.250000000000005));
#9859=CARTESIAN_POINT('',(-0.28414999999999,-0.170000000000003,-0.250000000000005));
#9860=CARTESIAN_POINT('',(-0.28414999999999,-0.1,-0.250000000000005));
#9861=CARTESIAN_POINT('',(-0.28414999999999,-0.170000000000003,-1.09633888160506E-17));
#9862=CARTESIAN_POINT('',(-0.28414999999999,-0.170000000000003,-0.545000000000045));
#9863=CARTESIAN_POINT('',(-0.28414999999999,5.50065044018871E-17,-0.545000000000045));
#9864=CARTESIAN_POINT('',(-0.28414999999999,-0.100000000000001,-0.545000000000045));
#9865=CARTESIAN_POINT('',(-0.28414999999999,-0.0999999999999991,3.79443312213623E-16));
#9866=CARTESIAN_POINT('',(-0.28414999999999,0.,0.));
#9867=CARTESIAN_POINT('',(0.21585000000001,0.10897247358857,-0.224999999999979));
#9868=CARTESIAN_POINT('',(0.21585000000001,0.10897247358861,-0.224999999999979));
#9869=CARTESIAN_POINT('',(0.21585000000001,0.,-0.225));
#9870=CARTESIAN_POINT('',(0.72085000000001,0.,-0.225));
#9871=CARTESIAN_POINT('',(0.72085000000001,0.,-0.225));
#9872=CARTESIAN_POINT('',(0.72085000000001,0.10897247358857,-0.224999999999979));
#9873=CARTESIAN_POINT('',(0.72085000000001,0.10897247358857,-0.22499999999998));
#9874=CARTESIAN_POINT('',(0.72085000000001,0.10897247358857,-0.22499999999998));
#9875=CARTESIAN_POINT('',(0.72085000000001,0.10897247358857,-0.224999999999979));
#9876=CARTESIAN_POINT('',(-0.28414999999999,0.3074538370627,-0.224999999999979));
#9877=CARTESIAN_POINT('',(0.00462425642882772,0.307453837062699,-0.224999999999979));
#9878=CARTESIAN_POINT('',(-0.239003553522645,0.0638260271112258,-0.224999999999979));
#9879=CARTESIAN_POINT('',(0.21585000000001,0.108972473588571,-0.224999999999979));
#9880=CARTESIAN_POINT('',(-0.28414999999999,0.108972473588571,-0.224999999999979));
#9881=CARTESIAN_POINT('',(-0.33414999999999,0.108972473588571,-0.224999999999979));
#9882=CARTESIAN_POINT('',(-0.33414999999999,0.108972473588571,-0.224999999999979));
#9883=CARTESIAN_POINT('',(-0.331431724334357,0.108972473588571,-0.224999999999979));
#9884=CARTESIAN_POINT('',(-0.328680449742219,0.109509073448358,-0.224999999999979));
#9885=CARTESIAN_POINT('',(-0.32613006618057,0.110449587288152,-0.224999999999979));
#9886=CARTESIAN_POINT('',(-0.322841800145496,0.111662212620834,-0.224999999999979));
#9887=CARTESIAN_POINT('',(-0.319780337406053,0.113547921647173,-0.224999999999979));
#9888=CARTESIAN_POINT('',(-0.317038635509449,0.115731090084341,-0.224999999999979));
#9889=CARTESIAN_POINT('',(-0.312259932392954,0.119536286348548,-0.224999999999979));
#9890=CARTESIAN_POINT('',(-0.308240205641487,0.12431962559355,-0.224999999999979));
#9891=CARTESIAN_POINT('',(-0.304781993669752,0.129355128750463,-0.224999999999979));
#9892=CARTESIAN_POINT('',(-0.298021174236584,0.139199559305125,-0.224999999999979));
#9893=CARTESIAN_POINT('',(-0.293102099340465,0.150400985168774,-0.224999999999979));
#9894=CARTESIAN_POINT('',(-0.289671917333257,0.161840187227959,-0.224999999999979));
#9895=CARTESIAN_POINT('',(-0.286128932286355,0.173655572463791,-0.224999999999979));
#9896=CARTESIAN_POINT('',(-0.28414999999999,0.186096192420313,-0.224999999999979));
#9897=CARTESIAN_POINT('',(-0.28414999999999,0.198431348329896,-0.224999999999979));
#9898=CARTESIAN_POINT('',(-0.28414999999999,0.108972473588571,-0.224999999999979));
#9899=CARTESIAN_POINT('',(-0.33414999999999,1.00613961606655E-13,-0.250000000000029));
#9900=CARTESIAN_POINT('',(-0.33414999999999,0.164335549530807,0.222222222222137));
#9901=CARTESIAN_POINT('',(-0.33414999999999,0.307453837062702,0.14429955373483));
#9902=CARTESIAN_POINT('',(-0.33414999999999,0.164335549530807,0.222222222222137));
#9903=CARTESIAN_POINT('',(-0.333175714512794,0.164335549530807,0.222222222222137));
#9904=CARTESIAN_POINT('',(-0.332189713680824,0.164526995900108,0.222187509548911));
#9905=CARTESIAN_POINT('',(-0.331276207892706,0.164860251665846,0.222126846708232));
#9906=CARTESIAN_POINT('',(-0.330904177749431,0.164995971868046,0.222102141440238));
#9907=CARTESIAN_POINT('',(-0.330540345878154,0.165155041701387,0.222073158359838));
#9908=CARTESIAN_POINT('',(-0.330186950151355,0.165332521585707,0.222040768515761));
#9909=CARTESIAN_POINT('',(-0.328261940411247,0.166299286263604,0.221864335241106));
#9910=CARTESIAN_POINT('',(-0.326615632563991,0.167798774904353,0.221588926794709));
#9911=CARTESIAN_POINT('',(-0.325189426213003,0.169395242470534,0.221291182110658));
#9912=CARTESIAN_POINT('',(-0.324675238726999,0.169970813911352,0.221183836781241));
#9913=CARTESIAN_POINT('',(-0.32418481303012,0.170567279744511,0.221072103478791));
#9914=CARTESIAN_POINT('',(-0.32371398429282,0.171177460650785,0.220957239055459));
#9915=CARTESIAN_POINT('',(-0.319863338023291,0.176167790773699,0.220017826848504));
#9916=CARTESIAN_POINT('',(-0.317106425149451,0.181931271362101,0.218892449214168));
#9917=CARTESIAN_POINT('',(-0.314624593073557,0.187682521805374,0.217718995078255));
#9918=CARTESIAN_POINT('',(-0.311129102072503,0.195782765316822,0.216066265059947));
#9919=CARTESIAN_POINT('',(-0.308286066231823,0.204136126884685,0.214267959286672));
#9920=CARTESIAN_POINT('',(-0.305715236750787,0.212523531831371,0.212368961436127));
#9921=CARTESIAN_POINT('',(-0.297363389303579,0.239771673767428,0.206199691763703));
#9922=CARTESIAN_POINT('',(-0.291683550979916,0.26765337900834,0.198893328586909));
#9923=CARTESIAN_POINT('',(-0.287985844064759,0.295466857009817,0.190955325810958));
#9924=CARTESIAN_POINT('',(-0.287454960859368,0.29946006379805,0.189815659402886));
#9925=CARTESIAN_POINT('',(-0.28697175676714,0.30345606784029,0.18866235247273));
#9926=CARTESIAN_POINT('',(-0.286540188900551,0.3074538370627,0.187497033900866));
#9927=CARTESIAN_POINT('',(-0.286540188900551,0.3074538370627,0.187497033900866));
#9928=CARTESIAN_POINT('',(-0.33414999999999,0.307453837062702,0.14429955373483));
#9929=CARTESIAN_POINT('',(-0.329379204185615,0.307453837062702,0.14429955373483));
#9930=CARTESIAN_POINT('',(-0.324541473842507,0.3074538370627,0.145202110343923));
#9931=CARTESIAN_POINT('',(-0.320068979817717,0.3074538370627,0.146862619272136));
#9932=CARTESIAN_POINT('',(-0.315612171203042,0.3074538370627,0.148517304656842));
#9933=CARTESIAN_POINT('',(-0.311396271042821,0.3074538370627,0.150952028096447));
#9934=CARTESIAN_POINT('',(-0.307657115187103,0.3074538370627,0.153887984539729));
#9935=CARTESIAN_POINT('',(-0.303611718334042,0.3074538370627,0.157064399060727));
#9936=CARTESIAN_POINT('',(-0.300025732534696,0.3074538370627,0.160889532168728));
#9937=CARTESIAN_POINT('',(-0.297008835362945,0.3074538370627,0.165055246556806));
#9938=CARTESIAN_POINT('',(-0.293373911776484,0.3074538370627,0.170074328289346));
#9939=CARTESIAN_POINT('',(-0.290480571518639,0.3074538370627,0.17569396394525));
#9940=CARTESIAN_POINT('',(-0.288388874069339,0.3074538370627,0.181527372271256));
#9941=CARTESIAN_POINT('',(-0.287685760065325,0.3074538370627,0.1834882443307));
#9942=CARTESIAN_POINT('',(-0.287069067705772,0.3074538370627,0.185482170196906));
#9943=CARTESIAN_POINT('',(-0.286540188900551,0.3074538370627,0.187497033900866));
#9944=CARTESIAN_POINT('',(-0.33414999999999,1.00613961606655E-13,-0.250000000000029));
#9945=CARTESIAN_POINT('',(-0.286540188900551,0.3074538370627,0.187497033900866));
#9946=CARTESIAN_POINT('',(-0.285123276941202,0.3074538370627,0.192895027641437));
#9947=CARTESIAN_POINT('',(-0.282744684715735,0.3074538370627,0.198119661744729));
#9948=CARTESIAN_POINT('',(-0.279614397287389,0.3074538370627,0.202739973048064));
#9949=CARTESIAN_POINT('',(-0.276485497864793,0.3074538370627,0.207358235651783));
#9950=CARTESIAN_POINT('',(-0.272521539744923,0.3074538370627,0.211500205235556));
#9951=CARTESIAN_POINT('',(-0.268053232440679,0.3074538370627,0.214839754742371));
#9952=CARTESIAN_POINT('',(-0.26353534989879,0.3074538370627,0.218216356078695));
#9953=CARTESIAN_POINT('',(-0.258379503740111,0.3074538370627,0.220865059053093));
#9954=CARTESIAN_POINT('',(-0.253005817145497,0.3074538370627,0.222578590969816));
#9955=CARTESIAN_POINT('',(-0.248003839174387,0.3074538370627,0.224173594464965));
#9956=CARTESIAN_POINT('',(-0.24269280831093,0.3074538370627,0.224999999999911));
#9957=CARTESIAN_POINT('',(-0.237442682619767,0.3074538370627,0.224999999999921));
#9958=CARTESIAN_POINT('',(-0.237442682619767,0.3074538370627,0.224999999999921));
#9959=CARTESIAN_POINT('',(-0.310779450208592,0.156124949960114,0.224999999999921));
#9960=CARTESIAN_POINT('',(-0.314423362138284,0.156124949960129,0.224999999999916));
#9961=CARTESIAN_POINT('',(-0.318111762751898,0.156524974444617,0.224869347760484));
#9962=CARTESIAN_POINT('',(-0.321620755028938,0.15745736941149,0.224559982318377));
#9963=CARTESIAN_POINT('',(-0.325160817086102,0.158398020112296,0.224247877652155));
#9964=CARTESIAN_POINT('',(-0.32861927020237,0.159930992824463,0.22373748597611));
#9965=CARTESIAN_POINT('',(-0.331515161715104,0.162073251448414,0.223003447307675));
#9966=CARTESIAN_POINT('',(-0.332058848738956,0.16247544821941,0.222865635757319));
#9967=CARTESIAN_POINT('',(-0.332585025405635,0.16289964892123,0.222719711257803));
#9968=CARTESIAN_POINT('',(-0.333090316935845,0.163343992084092,0.22256612262205));
#9969=CARTESIAN_POINT('',(-0.333454284280999,0.1636640576139,0.222455490947741));
#9970=CARTESIAN_POINT('',(-0.333796772215597,0.164005150963812,0.222337202474052));
#9971=CARTESIAN_POINT('',(-0.33414999999999,0.164335549530807,0.222222222222137));
#9972=CARTESIAN_POINT('',(-0.310779450208592,0.156124949960114,0.224999999999921));
#9973=CARTESIAN_POINT('',(-0.237442682619767,0.3074538370627,0.224999999999921));
#9974=CARTESIAN_POINT('',(-0.238616352118336,0.299844846231117,0.224999999999921));
#9975=CARTESIAN_POINT('',(-0.24008467406942,0.292276287639278,0.224999999999921));
#9976=CARTESIAN_POINT('',(-0.241821688129528,0.284775819405763,0.224999999999921));
#9977=CARTESIAN_POINT('',(-0.249056587630623,0.253535350415399,0.224999999999921));
#9978=CARTESIAN_POINT('',(-0.260700133392717,0.222795428660353,0.224999999999921));
#9979=CARTESIAN_POINT('',(-0.277280473501045,0.195347241189756,0.224999999999921));
#9980=CARTESIAN_POINT('',(-0.282544549079881,0.186632743634021,0.224999999999921));
#9981=CARTESIAN_POINT('',(-0.288382258305207,0.178191458390069,0.224999999999921));
#9982=CARTESIAN_POINT('',(-0.295099186147117,0.170540586562938,0.224999999999921));
#9983=CARTESIAN_POINT('',(-0.29978337067443,0.16520509744104,0.224999999999921));
#9984=CARTESIAN_POINT('',(-0.304954925113809,0.160184991373209,0.224999999999921));
#9985=CARTESIAN_POINT('',(-0.310779450208592,0.156124949960114,0.224999999999921));
#9986=CARTESIAN_POINT('',(-0.335334342862702,0.147923332428332,0.224999999999921));
#9987=CARTESIAN_POINT('',(-0.335029784874705,0.156375721628296,0.224999999999921));
#9988=CARTESIAN_POINT('',(-0.334742171431346,0.164357849361674,0.222218174320447));
#9989=CARTESIAN_POINT('',(-0.274298046131322,0.145726955465026,0.224999999999921));
#9990=CARTESIAN_POINT('',(-0.285627451732943,0.153887610029942,0.224999999999926));
#9991=CARTESIAN_POINT('',(-0.305154572625481,0.162132299314643,0.222621724637096));
#9992=CARTESIAN_POINT('',(-0.243861941348196,0.264704780593118,0.224999999999921));
#9993=CARTESIAN_POINT('',(-0.274770491180238,0.282711811113203,0.224999999999923));
#9994=CARTESIAN_POINT('',(-0.288593583037555,0.283510347464025,0.194585149084069));
#9995=CARTESIAN_POINT('',(-0.23726584444048,0.308615479749664,0.224999999999921));
#9996=CARTESIAN_POINT('',(-0.277620272620071,0.314677234264599,0.224999999999921));
#9997=CARTESIAN_POINT('',(-0.285707922220235,0.315892103330785,0.185020770910328));
#9998=CARTESIAN_POINT('',(-0.28414999999999,0.3074538370627,0.224999999999921));
#9999=CARTESIAN_POINT('',(0.00462425642882772,0.307453837062699,0.224999999999921));
#10000=CARTESIAN_POINT('',(-0.28414999999999,0.156124949960114,0.224999999999921));
#10001=CARTESIAN_POINT('',(0.21585000000001,0.156124949960098,0.224999999999926));
#10002=CARTESIAN_POINT('',(0.21585000000001,0.419999999999999,0.224999999999921));
#10003=CARTESIAN_POINT('',(0.00462425642882797,0.307453837062699,0.224999999999921));
#10004=CARTESIAN_POINT('',(-0.28414999999999,0.419999999999999,0.224999999999921));
#10005=CARTESIAN_POINT('',(-0.2856446297509,0.26878327402361,-0.103065521805304));
#10006=CARTESIAN_POINT('',(-0.286397257677492,0.266721150032153,-0.100039993645318));
#10007=CARTESIAN_POINT('',(-0.287417041303583,0.264776363872898,-0.0969899632779273));
#10008=CARTESIAN_POINT('',(-0.288658989610804,0.262966058137143,-0.0939645736593528));
#10009=CARTESIAN_POINT('',(-0.291880196749116,0.258270717981166,-0.08611770388316));
#10010=CARTESIAN_POINT('',(-0.296626493518109,0.254395180548763,-0.0782517047786076));
#10011=CARTESIAN_POINT('',(-0.302518032674127,0.251401216873232,-0.0711579252658606));
#10012=CARTESIAN_POINT('',(-0.306117508327199,0.249572034537196,-0.0668239327440061));
#10013=CARTESIAN_POINT('',(-0.310213991274632,0.248031328856389,-0.0626820567474413));
#10014=CARTESIAN_POINT('',(-0.314885343450823,0.246852435605014,-0.0592361455874024));
#10015=CARTESIAN_POINT('',(-0.317850520155879,0.246104124050912,-0.0570488269879788));
#10016=CARTESIAN_POINT('',(-0.321109196053917,0.245491370398089,-0.0551148611368731));
#10017=CARTESIAN_POINT('',(-0.32460589208847,0.245085144318563,-0.053793989097708));
#10018=CARTESIAN_POINT('',(-0.327622460765871,0.244734696680183,-0.0526544844965567));
#10019=CARTESIAN_POINT('',(-0.330906395389514,0.24453690476195,-0.0519779011643446));
#10020=CARTESIAN_POINT('',(-0.334149999999938,0.244536904761948,-0.0519779011643378));
#10021=CARTESIAN_POINT('',(-0.2856446297509,0.26878327402361,-0.103065521805304));
#10022=CARTESIAN_POINT('',(-0.33414999999999,0.244536904761998,-0.0519779011645022));
#10023=CARTESIAN_POINT('',(-0.2856446297509,0.26878327402361,-0.103065521805304));
#10024=CARTESIAN_POINT('',(-0.28485915033406,0.26559340480647,-0.120154453481869));
#10025=CARTESIAN_POINT('',(-0.28414999999999,0.261733144951572,-0.13713747642704));
#10026=CARTESIAN_POINT('',(-0.28414999999999,0.2574538370627,-0.154004940770422));
#10027=CARTESIAN_POINT('',(-0.33414999999999,3.35040883925331E-15,-2.15492446413851E-14));
#10028=CARTESIAN_POINT('',(-0.33414999999999,3.35040883925331E-15,-2.15492446413851E-14));
#10029=CARTESIAN_POINT('',(-0.234268397104388,0.307453837062701,-0.144299553734832));
#10030=CARTESIAN_POINT('',(-0.238981410343164,0.307453837062701,-0.144299553734832));
#10031=CARTESIAN_POINT('',(-0.243760699955665,0.306759845475124,-0.143764780257159));
#10032=CARTESIAN_POINT('',(-0.248184256732978,0.305491318482489,-0.142747195619043));
#10033=CARTESIAN_POINT('',(-0.252595706744156,0.304226263302336,-0.141732395993046));
#10034=CARTESIAN_POINT('',(-0.256771480222477,0.302365720774032,-0.140212856762961));
#10035=CARTESIAN_POINT('',(-0.260462309861829,0.300166311761442,-0.138307220213274));
#10036=CARTESIAN_POINT('',(-0.26524751087584,0.297314753909772,-0.135836541574338));
#10037=CARTESIAN_POINT('',(-0.269354218624948,0.293828663420659,-0.13264915034368));
#10038=CARTESIAN_POINT('',(-0.272690462429442,0.290233123055242,-0.129033164914998));
#10039=CARTESIAN_POINT('',(-0.277379193445748,0.285179978675026,-0.123951287202364));
#10040=CARTESIAN_POINT('',(-0.280728881806879,0.279783933650936,-0.11788156410063));
#10041=CARTESIAN_POINT('',(-0.283123778571939,0.274780530581353,-0.111356659889476));
#10042=CARTESIAN_POINT('',(-0.284106140490313,0.27272818631769,-0.108680211571705));
#10043=CARTESIAN_POINT('',(-0.284937322365805,0.270721224339583,-0.105908863562599));
#10044=CARTESIAN_POINT('',(-0.2856446297509,0.26878327402361,-0.103065521805304));
#10045=CARTESIAN_POINT('',(-0.234268397104388,0.307453837062701,-0.144299553734832));
#10046=CARTESIAN_POINT('',(-0.23414999999999,0.3074538370627,-0.154004940770422));
#10047=CARTESIAN_POINT('',(-0.23414999999999,0.3074538370627,-0.150769571044256));
#10048=CARTESIAN_POINT('',(-0.234191374870369,0.307453837062701,-0.147534006523243));
#10049=CARTESIAN_POINT('',(-0.234268397104388,0.307453837062701,-0.144299553734832));
#10050=CARTESIAN_POINT('',(-0.28414999999999,0.2574538370627,-0.154004940770422));
#10051=CARTESIAN_POINT('',(-0.28414999999999,0.3074538370627,-0.154004940770422));
#10052=CARTESIAN_POINT('',(-0.23414999999999,0.3074538370627,-0.154004940770422));
#10053=CARTESIAN_POINT('',(-0.28414999999999,0.261544521955234,-0.137881280466878));
#10054=CARTESIAN_POINT('',(-0.280216017914346,0.3074538370627,-0.138497828499091));
#10055=CARTESIAN_POINT('',(-0.234150238205363,0.3074538370627,-0.135428203605912));
#10056=CARTESIAN_POINT('',(-0.28482833998445,0.265482560721772,-0.120796170429886));
#10057=CARTESIAN_POINT('',(-0.277871834157935,0.307453837062701,-0.120771126733883));
#10058=CARTESIAN_POINT('',(-0.235506950369193,0.3074538370627,-0.116902758393424));
#10059=CARTESIAN_POINT('',(-0.285659480346087,0.268843452844171,-0.102742693637616));
#10060=CARTESIAN_POINT('',(-0.276663033946277,0.3074538370627,-0.10193513379388));
#10061=CARTESIAN_POINT('',(-0.237168960693844,0.3074538370627,-0.0983899753827883));
#10062=CARTESIAN_POINT('',(0.20449494936622,0.307453837062699,-0.144299553734831));
#10063=CARTESIAN_POINT('',(0.00462425642882772,0.307453837062699,-0.144299553734831));
#10064=CARTESIAN_POINT('',(0.00462425642882772,0.307453837062699,-0.775000000000079));
#10065=CARTESIAN_POINT('',(-0.28414999999999,0.3074538370627,-0.775000000000079));
#10066=CARTESIAN_POINT('',(0.21585000000001,0.518679580633881,-2.16040129255959E-14));
#10067=CARTESIAN_POINT('',(0.21585000000001,0.518679580633881,-0.154114698734243));
#10068=CARTESIAN_POINT('',(0.11717041936623,0.420000000000101,-1.69849394635847E-16));
#10069=CARTESIAN_POINT('',(0.00462425642882797,0.307453837062699,-0.775000000000079));
#10070=CARTESIAN_POINT('',(0.00462425642882772,0.307453837062699,-0.775000000000079));
#10071=CARTESIAN_POINT('',(0.00462425642882772,0.307453837062699,0.14429955373483));
#10072=CARTESIAN_POINT('',(0.21585000000001,0.518679580633881,-2.16040129255959E-14));
#10073=CARTESIAN_POINT('',(0.21585000000001,0.518679580633881,0.15411469873424));
#10074=CARTESIAN_POINT('',(0.11717041936623,0.420000000000101,-1.69849394635847E-16));
#10075=CARTESIAN_POINT('',(0.00462425642882797,0.307453837062699,-0.775000000000079));
#10076=CARTESIAN_POINT('',(0.20449494936622,0.307453837062699,0.144299553734831));
#10077=CARTESIAN_POINT('',(-0.28414999999999,0.3074538370627,-0.775000000000079));
#10078=CARTESIAN_POINT('',(-0.65499999999999,-0.270000000000003,-0.250000000000005));
#10079=CARTESIAN_POINT('',(0.72085000000001,-0.270000000000004,-0.250000000000005));
#10080=CARTESIAN_POINT('',(-0.38414999999999,-0.270000000000003,-0.250000000000005));
#10081=CARTESIAN_POINT('',(-0.38414999999999,-0.170000000000003,-0.250000000000005));
#10082=CARTESIAN_POINT('',(-0.38414999999999,-0.1,-0.250000000000005));
#10083=CARTESIAN_POINT('',(-0.38414999999999,1.00613961606655E-13,-0.250000000000008));
#10084=CARTESIAN_POINT('',(-0.75000000000002,1.00613961606655E-13,-0.250000000000008));
#10085=CARTESIAN_POINT('',(0.72085000000001,0.,-0.250000000000005));
#10086=CARTESIAN_POINT('',(0.72085000000001,-0.270000000000004,-0.250000000000005));
#10087=CARTESIAN_POINT('',(-0.27999999999998,-0.4999999999999,-0.250000000000005));
#10088=CARTESIAN_POINT('',(-0.38414999999999,-0.170000000000003,-0.545000000000045));
#10089=CARTESIAN_POINT('',(-0.38414999999999,-0.270000000000003,-0.645000000000045));
#10090=CARTESIAN_POINT('',(-0.38414999999999,-0.270000000000003,-1.11076448328627));
#10091=CARTESIAN_POINT('',(-0.38414999999999,-0.170000000000003,-1.11076448328627));
#10092=CARTESIAN_POINT('',(-0.38414999999999,-0.100000000000001,-0.545000000000045));
#10093=CARTESIAN_POINT('',(-0.38414999999999,-5.42101086242752E-16,-0.645000000000044));
#10094=CARTESIAN_POINT('',(-0.38414999999999,1.1,-0.645000000000045));
#10095=CARTESIAN_POINT('',(-0.38414999999999,1.1,-0.545000000000045));
#10096=CARTESIAN_POINT('',(0.72085000000001,0.0999999999999994,0.239897948556607));
#10097=CARTESIAN_POINT('',(0.72085000000001,0.0999999999999994,0.239897948556607));
#10098=CARTESIAN_POINT('',(0.72085000000001,0.0999999999999994,0.224999999999926));
#10099=CARTESIAN_POINT('',(0.72085000000001,0.0999999999999994,0.224999999999926));
#10100=CARTESIAN_POINT('',(0.72085000000001,0.156124949960098,0.224999999999926));
#10101=CARTESIAN_POINT('',(0.72085000000001,0.,-0.250000000000028));
#10102=CARTESIAN_POINT('',(0.72085000000001,0.,-0.250000000000028));
#10103=CARTESIAN_POINT('',(0.21585000000001,0.0999999999999994,0.224999999999926));
#10104=CARTESIAN_POINT('',(0.21585000000001,0.0999999999999991,0.224999999999926));
#10105=CARTESIAN_POINT('',(0.72085000000001,0.156124949960098,0.224999999999926));
#10106=CARTESIAN_POINT('',(0.72085000000001,0.0999999999999994,0.224999999999926));
#10107=CARTESIAN_POINT('',(0.72085000000001,0.0999999999999994,0.224999999999926));
#10108=CARTESIAN_POINT('',(0.21585000000001,0.,0.));
#10109=CARTESIAN_POINT('',(0.21585000000001,1.10933564796657E-32,0.224999999999902));
#10110=CARTESIAN_POINT('',(0.72085000000001,-5.51091059616309E-17,0.225));
#10111=CARTESIAN_POINT('',(0.72085000000001,-5.51091059616309E-17,0.225));
#10112=CARTESIAN_POINT('',(0.72085000000001,0.,0.));
#10113=CARTESIAN_POINT('',(0.72085000000001,0.,0.));
#10114=CARTESIAN_POINT('',(0.72085000000001,-0.270000000000003,0.170832508249979));
#10115=CARTESIAN_POINT('',(0.72085000000001,-0.270000000000003,0.170832508249979));
#10116=CARTESIAN_POINT('',(0.72085000000001,0.,0.));
#10117=CARTESIAN_POINT('',(0.72085000000001,0.,0.224999999999908));
#10118=CARTESIAN_POINT('',(0.72085000000001,-0.0999999999999962,0.224999999999908));
#10119=CARTESIAN_POINT('',(0.72085000000001,-0.0999999999999962,0.224999999999908));
#10120=CARTESIAN_POINT('',(0.72085000000001,-0.0999999999999962,0.239897948556602));
#10121=CARTESIAN_POINT('',(0.72085000000001,0.,-0.250000000000028));
#10122=CARTESIAN_POINT('',(0.72085000000001,0.,0.));
#10123=CARTESIAN_POINT('',(-0.38414999999999,-1.49880108324396E-15,-0.645000000000044));
#10124=CARTESIAN_POINT('',(-0.38414999999999,-0.100000000000002,-0.645000000000044));
#10125=CARTESIAN_POINT('',(-0.27999999999999,0.244536904761998,-0.0519779011645022));
#10126=CARTESIAN_POINT('',(-2.18084999999999,0.244536904761998,-0.0519779011645023));
#10127=CARTESIAN_POINT('',(-2.18084999999999,0.420000000000106,-1.35114975095026E-15));
#10128=CARTESIAN_POINT('',(-2.18084999999999,0.307453837062694,0.144299553734822));
#10129=CARTESIAN_POINT('',(-2.41999999999997,0.3074538370627,0.144299553734797));
#10130=CARTESIAN_POINT('',(0.21585000000001,0.420000000000106,-1.43005676918775E-15));
#10131=CARTESIAN_POINT('',(0.20449494936622,0.420000000000101,-4.0583122875101E-17));
#10132=CARTESIAN_POINT('',(5.32240500000006,-5.42101086242752E-16,-0.645000000000044));
#10133=CARTESIAN_POINT('',(-2.18084999999999,-1.49880108324396E-15,-0.645000000000045));
#10134=CARTESIAN_POINT('',(-2.18084999999999,-1.49880108324396E-15,-0.645000000000044));
#10135=CARTESIAN_POINT('',(-2.18084999999999,5.03069808033274E-14,-0.250000000000008));
#10136=CARTESIAN_POINT('',(-0.75000000000002,1.00613961606655E-13,-0.250000000000008));
#10137=CARTESIAN_POINT('',(5.32240500000006,-1.49880108324396E-15,-0.645000000000044));
#10138=CARTESIAN_POINT('',(-1.66999999999997,-0.270000000000003,-0.645000000000045));
#10139=CARTESIAN_POINT('',(-2.18084999999999,-0.270000000000003,-0.645000000000045));
#10140=CARTESIAN_POINT('',(-2.18084999999999,1.1,-0.645000000000045));
#10141=CARTESIAN_POINT('',(-2.43269999999997,1.1,-0.645000000000045));
#10142=CARTESIAN_POINT('',(-1.74,0.0999999999999994,0.224999999999926));
#10143=CARTESIAN_POINT('',(-2.18084999999999,0.0999999999999992,0.224999999999902));
#10144=CARTESIAN_POINT('',(-2.18084999999999,3.46944695195361E-15,0.224999999999902));
#10145=CARTESIAN_POINT('',(-2.18084999999999,-0.0999999999999994,0.224999999999903));
#10146=CARTESIAN_POINT('',(0.83550000000002,-0.0999999999999994,0.224999999999923));
#10147=CARTESIAN_POINT('',(0.21585000000001,3.46944695195361E-15,0.224999999999902));
#10148=CARTESIAN_POINT('',(-0.14724999999997,3.46944695195361E-15,0.224999999999902));
#10149=CARTESIAN_POINT('',(-0.75000000000002,0.0999999999999994,0.239897948556607));
#10150=CARTESIAN_POINT('',(-2.18084999999999,0.100000000000004,0.239897948556627));
#10151=CARTESIAN_POINT('',(-2.18084999999999,0.0999999999999992,0.249999999999957));
#10152=CARTESIAN_POINT('',(-1.12999999999997,0.0999999999999994,0.249999999999957));
#10153=CARTESIAN_POINT('',(-2.18084999999999,-0.0999999999999994,0.249999999999978));
#10154=CARTESIAN_POINT('',(-2.18084999999999,-0.0999999999999951,0.239897948556588));
#10155=CARTESIAN_POINT('',(0.33000000000003,-0.0999999999999994,0.239897948556603));
#10156=CARTESIAN_POINT('',(0.83550000000002,-0.0999999999999994,0.249999999999978));
#10157=CARTESIAN_POINT('',(-2.18084999999999,1.00613961606655E-13,-0.250000000000029));
#10158=CARTESIAN_POINT('',(-2.18084999999999,-0.270000000000003,0.170832508249979));
#10159=CARTESIAN_POINT('',(0.33000000000003,-0.270000000000003,0.170832508249978));
#10160=CARTESIAN_POINT('',(0.33000000000003,1.00613961606655E-13,-0.250000000000029));
#10161=CARTESIAN_POINT('',(-2.18084999999999,-0.270000000000003,-1.11076448328627));
#10162=CARTESIAN_POINT('',(-1.03,-0.270000000000003,-1.11076448328627));
#10163=CARTESIAN_POINT('',(-2.18084999999999,1.00613961606655E-13,-0.250000000000029));
#10164=CARTESIAN_POINT('',(0.33000000000003,1.00613961606655E-13,-0.250000000000029));
#10165=CARTESIAN_POINT('',(-2.18084999999999,3.29908764643038E-15,-2.27809532691353E-14));
#10166=CARTESIAN_POINT('',(0.47000000000002,3.46944695195361E-15,-1.86923299365777E-14));
#10167=CARTESIAN_POINT('',(0.21585000000001,0.,0.));
#10168=CARTESIAN_POINT('',(0.21585000000001,0.,-0.075));
#10169=CARTESIAN_POINT('',(0.21585000000001,3.46944695195361E-15,-2.16040129255959E-14));
#10170=CARTESIAN_POINT('',(-2.18084999999999,0.,0.));
#10171=CARTESIAN_POINT('',(-2.18084999999999,0.,-0.075));
#10172=CARTESIAN_POINT('',(-8.35606500000009,0.,0.));
#10173=CARTESIAN_POINT('',(-2.18084999999999,0.,0.));
#10174=CARTESIAN_POINT('',(0.,0.37,0.));
#10175=CARTESIAN_POINT('',(0.,0.37,-0.075));
#10176=CARTESIAN_POINT('',(0.,0.37,0.42));
#10177=CARTESIAN_POINT('',(0.,0.37,0.295));
#10178=CARTESIAN_POINT('',(-0.14,0.37,0.56));
#10179=CARTESIAN_POINT('',(-0.14,0.37,-0.14));
#10180=CARTESIAN_POINT('',(-0.14,0.37,0.56));
#10181=CARTESIAN_POINT('',(0.14,0.37,0.56));
#10182=CARTESIAN_POINT('',(0.14,0.37,0.56));
#10183=CARTESIAN_POINT('',(0.14,0.37,-0.14));
#10184=CARTESIAN_POINT('',(0.14,0.37,-0.14));
#10185=CARTESIAN_POINT('',(-0.14,0.37,-0.14));
#10186=CARTESIAN_POINT('',(0.,0.37,0.42));
#10187=CARTESIAN_POINT('',(-0.14,3.663,-0.14));
#10188=CARTESIAN_POINT('',(-0.14,0.,-0.14));
#10189=CARTESIAN_POINT('',(-0.14,0.,0.56));
#10190=CARTESIAN_POINT('',(-0.14,0.,0.56));
#10191=CARTESIAN_POINT('',(-0.14,3.663,0.56));
#10192=CARTESIAN_POINT('',(-0.14,3.663,0.56));
#10193=CARTESIAN_POINT('',(0.14,3.663,-0.14));
#10194=CARTESIAN_POINT('',(0.14,0.,-0.14));
#10195=CARTESIAN_POINT('',(-0.14,0.,-0.14));
#10196=CARTESIAN_POINT('',(-0.14,3.663,-0.14));
#10197=CARTESIAN_POINT('',(0.14,3.663,0.56));
#10198=CARTESIAN_POINT('',(0.14,0.,0.56));
#10199=CARTESIAN_POINT('',(0.14,0.,-0.14));
#10200=CARTESIAN_POINT('',(0.14,3.663,-0.14));
#10201=CARTESIAN_POINT('',(0.14,0.,0.56));
#10202=CARTESIAN_POINT('',(0.14,3.663,0.56));
#10203=CARTESIAN_POINT('',(0.,0.,0.));
#10204=CARTESIAN_POINT('',(-0.125,0.,0.));
#10205=CARTESIAN_POINT('',(0.125,0.,4.44089209850063E-19));
#10206=CARTESIAN_POINT('',(0.,0.,0.));
#10207=CARTESIAN_POINT('',(0.,0.,0.));
#10208=CARTESIAN_POINT('',(0.075,0.335,-1.20802838631833E-18));
#10209=CARTESIAN_POINT('',(0.075,0.335,0.0926241465073997));
#10210=CARTESIAN_POINT('',(0.075,0.335,0.295903263540091));
#10211=CARTESIAN_POINT('',(0.075,0.335,0.0926241465073997));
#10212=CARTESIAN_POINT('',(0.0803812080574719,0.335,0.0891383115969261));
#10213=CARTESIAN_POINT('',(0.0855058499870731,0.334121610362348,0.0851700636493089));
#10214=CARTESIAN_POINT('',(0.0901077783185388,0.332662931448641,0.0809507086465108));
#10215=CARTESIAN_POINT('',(0.0970629949940456,0.330458327818582,0.0745737018438002));
#10216=CARTESIAN_POINT('',(0.103017335721183,0.326887377198012,0.0674590916885204));
#10217=CARTESIAN_POINT('',(0.107766050149629,0.32276752517166,0.0600849434333817));
#10218=CARTESIAN_POINT('',(0.115692273401299,0.315890955224836,0.0477765289684038));
#10219=CARTESIAN_POINT('',(0.120589033713721,0.306760723776051,0.0344817195699334));
#10220=CARTESIAN_POINT('',(0.122733325756935,0.299883870873612,0.02));
#10221=CARTESIAN_POINT('',(0.123407127484274,0.297722954696645,0.0154494035959565));
#10222=CARTESIAN_POINT('',(0.12382692158773,0.295803882671701,0.0106392373695408));
#10223=CARTESIAN_POINT('',(0.12400370970909,0.294931587725674,0.00563530465502316));
#10224=CARTESIAN_POINT('',(0.124069314166322,0.294607887037866,0.00377839092554282));
#10225=CARTESIAN_POINT('',(0.124102123024651,0.294433001350155,0.00188605797334777));
#10226=CARTESIAN_POINT('',(0.124102123024651,0.294433001350155,4.4089931003786E-19));
#10227=CARTESIAN_POINT('',(0.124102123024651,0.294433001350155,4.4089931003786E-19));
#10228=CARTESIAN_POINT('',(0.075,0.285,2.66453525910038E-19));
#10229=CARTESIAN_POINT('',(0.125,0.285,4.44089209850063E-19));
#10230=CARTESIAN_POINT('',(0.125,0.285,0.346515307716505));
#10231=CARTESIAN_POINT('',(0.125,0.285,0.295903263540091));
#10232=CARTESIAN_POINT('',(0.075,0.285,0.295903263540091));
#10233=CARTESIAN_POINT('',(0.075,0.285,-1.20802838631833E-18));
#10234=CARTESIAN_POINT('',(-0.075,0.285,0.));
#10235=CARTESIAN_POINT('',(-0.124102123024651,0.294433001350155,0.));
#10236=CARTESIAN_POINT('',(-0.125,0.285,0.));
#10237=CARTESIAN_POINT('',(-0.124102123024651,0.294433001350155,0.));
#10238=CARTESIAN_POINT('',(-0.124102123024651,0.294433001350155,0.00386286874040338));
#10239=CARTESIAN_POINT('',(-0.12396336211593,0.295202048856103,0.00774969071066533));
#10240=CARTESIAN_POINT('',(-0.123685011107315,0.296391650164949,0.0114142676777354));
#10241=CARTESIAN_POINT('',(-0.123047697160174,0.299115367637496,0.019804702557456));
#10242=CARTESIAN_POINT('',(-0.121649988738373,0.303639243995652,0.0275211809364383));
#10243=CARTESIAN_POINT('',(-0.119417301225597,0.307958731498814,0.0349090992893059));
#10244=CARTESIAN_POINT('',(-0.117534694206306,0.311600932857788,0.0411386082866366));
#10245=CARTESIAN_POINT('',(-0.115041888417041,0.31530060975181,0.0471888794447328));
#10246=CARTESIAN_POINT('',(-0.111916067563195,0.318722454769332,0.0530315537418293));
#10247=CARTESIAN_POINT('',(-0.10711783932286,0.323975088930026,0.0620002330495114));
#10248=CARTESIAN_POINT('',(-0.100674575305088,0.32872738658648,0.0706815489878453));
#10249=CARTESIAN_POINT('',(-0.0927846118067878,0.331730157103116,0.0784134448495594));
#10250=CARTESIAN_POINT('',(-0.0875009740955285,0.333741009440186,0.0835912300906802));
#10251=CARTESIAN_POINT('',(-0.0814341535132203,0.335,0.0884562353810891));
#10252=CARTESIAN_POINT('',(-0.075,0.335,0.0926241465073998));
#10253=CARTESIAN_POINT('',(-0.075,0.335,0.0926241465073998));
#10254=CARTESIAN_POINT('',(-0.075,0.335,0.346515307716505));
#10255=CARTESIAN_POINT('',(-0.075,0.335,0.295903263540091));
#10256=CARTESIAN_POINT('',(-0.075,0.285,0.295903263540091));
#10257=CARTESIAN_POINT('',(-0.125,0.285,0.295903263540091));
#10258=CARTESIAN_POINT('',(-0.125,0.285,0.));
#10259=CARTESIAN_POINT('',(-0.075,0.285,0.42));
#10260=CARTESIAN_POINT('',(0.,0.294433001350155,0.));
#10261=CARTESIAN_POINT('',(0.,0.285,0.));
#10262=CARTESIAN_POINT('',(0.,0.285,0.));
#10263=CARTESIAN_POINT('',(0.235,0.1,0.333125322267253));
#10264=CARTESIAN_POINT('',(-0.075,0.1,0.333125322267253));
#10265=CARTESIAN_POINT('',(0.075,0.1,0.333125322267253));
#10266=CARTESIAN_POINT('',(0.075,0.1,0.333125322267253));
#10267=CARTESIAN_POINT('',(0.075,0.1,0.212132034355964));
#10268=CARTESIAN_POINT('',(0.,0.1,0.));
#10269=CARTESIAN_POINT('',(-0.075,0.1,0.212132034355964));
#10270=CARTESIAN_POINT('',(-0.075,0.1,0.187082869338697));
#10271=CARTESIAN_POINT('',(0.,0.1,0.42));
#10272=CARTESIAN_POINT('',(-0.125,0.1,0.));
#10273=CARTESIAN_POINT('',(0.125,0.1,4.44089209850063E-19));
#10274=CARTESIAN_POINT('',(0.,0.335,0.));
#10275=CARTESIAN_POINT('',(0.,0.335,0.));
#10276=CARTESIAN_POINT('',(0.,0.335,0.42));
#10277=CARTESIAN_POINT('',(0.,0.335,0.));
#10278=CARTESIAN_POINT('',(-0.125,0.1,0.42));
#10279=CARTESIAN_POINT('',(-0.125,0.355,0.42));
#10280=CARTESIAN_POINT('',(-0.125,0.177749814347947,0.42));
#10281=CARTESIAN_POINT('',(0.,0.355,0.42));
#10282=CARTESIAN_POINT('',(0.125,0.355,0.42));
#10283=CARTESIAN_POINT('',(0.125,0.1,0.42));
#10284=CARTESIAN_POINT('',(0.125,0.177749814347947,0.42));
#10285=CARTESIAN_POINT('',(0.125,0.177749814347947,0.42));
#10286=CARTESIAN_POINT('',(0.125,0.184260749743276,0.43432185302196));
#10287=CARTESIAN_POINT('',(0.122508007730603,0.192399809186099,0.448062462888009));
#10288=CARTESIAN_POINT('',(0.11828243482151,0.201163026189137,0.460426051163764));
#10289=CARTESIAN_POINT('',(0.115292708958105,0.207363278103907,0.469173679101497));
#10290=CARTESIAN_POINT('',(0.11140715670833,0.214034682278361,0.477340256376903));
#10291=CARTESIAN_POINT('',(0.106939236538392,0.221066254782329,0.484722482095372));
#10292=CARTESIAN_POINT('',(0.0989335079139596,0.233665598353542,0.497950134671626));
#10293=CARTESIAN_POINT('',(0.0891080757724191,0.247709504779906,0.508895089134552));
#10294=CARTESIAN_POINT('',(0.0775381300461459,0.261134105399982,0.51804508345117));
#10295=CARTESIAN_POINT('',(0.0656027722438789,0.274982693417927,0.527484060836307));
#10296=CARTESIAN_POINT('',(0.0518212287652414,0.28925448895047,0.535066254297815));
#10297=CARTESIAN_POINT('',(0.035182019582301,0.300329136627357,0.539946761098875));
#10298=CARTESIAN_POINT('',(0.0299275793924011,0.303826362559349,0.541487960010471));
#10299=CARTESIAN_POINT('',(0.0242833667960987,0.306990528641122,0.542769402575247));
#10300=CARTESIAN_POINT('',(0.0182652334280707,0.309272394845957,0.543658324619971));
#10301=CARTESIAN_POINT('',(0.0147069187576744,0.310621583621947,0.544183913562447));
#10302=CARTESIAN_POINT('',(0.0109798520396043,0.311663599689393,0.544574708371263));
#10303=CARTESIAN_POINT('',(0.0071894125862441,0.312249296527793,0.544793078120001));
#10304=CARTESIAN_POINT('',(0.00381995680792681,0.312769943175964,0.544987194718024));
#10305=CARTESIAN_POINT('',(0.000362725205445263,0.312930533922821,0.545045912361811));
#10306=CARTESIAN_POINT('',(-0.00304386877631614,0.31270643917612,0.544962933955924));
#10307=CARTESIAN_POINT('',(-0.0063545867716077,0.312488651404955,0.544882290913911));
#10308=CARTESIAN_POINT('',(-0.0096537199085377,0.311908594986505,0.5446678343596));
#10309=CARTESIAN_POINT('',(-0.0128404005919825,0.311041671418459,0.544338747430708));
#10310=CARTESIAN_POINT('',(-0.0194892075787576,0.309232890417535,0.543652128440787));
#10311=CARTESIAN_POINT('',(-0.0257717863708782,0.306173885268787,0.542459650980101));
#10312=CARTESIAN_POINT('',(-0.031541320801481,0.302652709644142,0.540955136650322));
#10313=CARTESIAN_POINT('',(-0.0394511872261771,0.297825278733756,0.538892490603966));
#10314=CARTESIAN_POINT('',(-0.0466413163771358,0.292051272697881,0.536206255698511));
#10315=CARTESIAN_POINT('',(-0.0533068924598164,0.286066431187551,0.533063589259662));
#10316=CARTESIAN_POINT('',(-0.0658055405106505,0.27484423122317,0.527170763002318));
#10317=CARTESIAN_POINT('',(-0.0767389277234145,0.262630729813496,0.519539311572681));
#10318=CARTESIAN_POINT('',(-0.0862317049820547,0.250591552103377,0.510493607817834));
#10319=CARTESIAN_POINT('',(-0.0989902802145551,0.234410538858579,0.498335912683664));
#10320=CARTESIAN_POINT('',(-0.109641302480073,0.217995817339373,0.483166958486575));
#10321=CARTESIAN_POINT('',(-0.116688410999461,0.204352645838743,0.464819802971687));
#10322=CARTESIAN_POINT('',(-0.121870368193581,0.194320399206838,0.451328571177762));
#10323=CARTESIAN_POINT('',(-0.125,0.185030758825188,0.43601561224811));
#10324=CARTESIAN_POINT('',(-0.125,0.177749814347947,0.42));
#10325=CARTESIAN_POINT('',(0.,0.1,0.42));
#10326=CARTESIAN_POINT('',(0.125,0.,4.44089209850063E-19));
#10327=CARTESIAN_POINT('',(0.125,2.10818505989066E-5,1.4907120513218E-5));
#10328=CARTESIAN_POINT('',(0.125,4.21637021338951E-5,2.98142397026159E-5));
#10329=CARTESIAN_POINT('',(0.125,6.32455517967365E-5,4.47213615396293E-5));
#10330=CARTESIAN_POINT('',(0.125,0.00385054161497372,0.00272274462560512));
#10331=CARTESIAN_POINT('',(0.125,0.0076378022021379,0.00540084323275242));
#10332=CARTESIAN_POINT('',(0.125,0.011416846098757,0.00809049884276239));
#10333=CARTESIAN_POINT('',(0.125,0.0151957024717752,0.0107800209867638));
#10334=CARTESIAN_POINT('',(0.125,0.0189663970332593,0.0134811462087387));
#10335=CARTESIAN_POINT('',(0.125,0.0227205298423519,0.0162050719974982));
#10336=CARTESIAN_POINT('',(0.125,0.0302231046710482,0.0216487944487889));
#10337=CARTESIAN_POINT('',(0.125,0.0376613394122197,0.0271853472006341));
#10338=CARTESIAN_POINT('',(0.125,0.0449624871997249,0.0328963877513463));
#10339=CARTESIAN_POINT('',(0.125,0.0707056390654129,0.0530329729139818));
#10340=CARTESIAN_POINT('',(0.125,0.0951125865094419,0.0759185446135472));
#10341=CARTESIAN_POINT('',(0.125,0.113752590934136,0.102765186210577));
#10342=CARTESIAN_POINT('',(0.125,0.125075095454572,0.119072651268804));
#10343=CARTESIAN_POINT('',(0.125,0.134418367467045,0.137046967111796));
#10344=CARTESIAN_POINT('',(0.125,0.140693139745645,0.155882034355964));
#10345=CARTESIAN_POINT('',(0.125,0.146699933161176,0.173912705889531));
#10346=CARTESIAN_POINT('',(0.125,0.15,0.193127122278077));
#10347=CARTESIAN_POINT('',(0.125,0.15,0.212132034355964));
#10348=CARTESIAN_POINT('',(0.125,0.15,0.212132034355964));
#10349=CARTESIAN_POINT('',(0.125,0.15,0.187082869338697));
#10350=CARTESIAN_POINT('',(0.125,0.15,0.333110432310255));
#10351=CARTESIAN_POINT('',(0.125,0.15,0.333110432310255));
#10352=CARTESIAN_POINT('',(0.125,0.150009751292535,0.348403254480564));
#10353=CARTESIAN_POINT('',(0.125,0.152253191924152,0.363882887510069));
#10354=CARTESIAN_POINT('',(0.125,0.156812273175453,0.378480328490065));
#10355=CARTESIAN_POINT('',(0.125,0.16143313183523,0.393275570742823));
#10356=CARTESIAN_POINT('',(0.125,0.168389074983233,0.407645725977731));
#10357=CARTESIAN_POINT('',(0.125,0.177749814347947,0.42));
#10358=CARTESIAN_POINT('',(0.125,0.355,0.42));
#10359=CARTESIAN_POINT('',(0.125,0.354987314593892,0.419986869356254));
#10360=CARTESIAN_POINT('',(0.125,0.354974629186864,0.419973738713398));
#10361=CARTESIAN_POINT('',(0.125,0.354961943781677,0.419960608068763));
#10362=CARTESIAN_POINT('',(0.125,0.341102007624207,0.40561420811678));
#10363=CARTESIAN_POINT('',(0.125,0.327170266256871,0.391184730147802));
#10364=CARTESIAN_POINT('',(0.125,0.315263567180302,0.375180120219053));
#10365=CARTESIAN_POINT('',(0.125,0.305225853604301,0.361687741741415));
#10366=CARTESIAN_POINT('',(0.125,0.296517596262819,0.346817146695589));
#10367=CARTESIAN_POINT('',(0.125,0.291081762036978,0.330903263540091));
#10368=CARTESIAN_POINT('',(0.125,0.287254106456722,0.319697464920603));
#10369=CARTESIAN_POINT('',(0.125,0.285,0.307744752886521));
#10370=CARTESIAN_POINT('',(0.125,0.285,0.295903263540091));
#10371=CARTESIAN_POINT('',(0.125,0.1,4.44089209850063E-19));
#10372=CARTESIAN_POINT('',(-0.125,0.177749814347947,0.42));
#10373=CARTESIAN_POINT('',(-0.125,0.168389074983217,0.407645725977743));
#10374=CARTESIAN_POINT('',(-0.125,0.16143313183523,0.393275570742823));
#10375=CARTESIAN_POINT('',(-0.125,0.156812273175453,0.378480328490065));
#10376=CARTESIAN_POINT('',(-0.125,0.152253191924152,0.36388288751007));
#10377=CARTESIAN_POINT('',(-0.125,0.150009751292535,0.348403254480564));
#10378=CARTESIAN_POINT('',(-0.125,0.15,0.333110432310255));
#10379=CARTESIAN_POINT('',(-0.125,0.15,0.333110432310255));
#10380=CARTESIAN_POINT('',(-0.125,0.15,0.333125322267253));
#10381=CARTESIAN_POINT('',(-0.125,0.15,0.212132034355964));
#10382=CARTESIAN_POINT('',(-0.125,0.15,0.212132034355964));
#10383=CARTESIAN_POINT('',(-0.125,0.15,0.193127122278077));
#10384=CARTESIAN_POINT('',(-0.125,0.146699933161176,0.173912705889531));
#10385=CARTESIAN_POINT('',(-0.125,0.140693139745645,0.155882034355964));
#10386=CARTESIAN_POINT('',(-0.125,0.134418367467045,0.137046967111796));
#10387=CARTESIAN_POINT('',(-0.125,0.125075095454572,0.119072651268804));
#10388=CARTESIAN_POINT('',(-0.125,0.113752590934136,0.102765186210577));
#10389=CARTESIAN_POINT('',(-0.125,0.095112586509442,0.0759185446135473));
#10390=CARTESIAN_POINT('',(-0.125,0.070705639065413,0.053032972913982));
#10391=CARTESIAN_POINT('',(-0.125,0.0449624871997251,0.0328963877513465));
#10392=CARTESIAN_POINT('',(-0.125,0.0376613394122199,0.0271853472006343));
#10393=CARTESIAN_POINT('',(-0.125,0.0302231046710484,0.0216487944487894));
#10394=CARTESIAN_POINT('',(-0.125,0.0227205298423521,0.0162050719974989));
#10395=CARTESIAN_POINT('',(-0.125,0.0189663970332595,0.0134811462087393));
#10396=CARTESIAN_POINT('',(-0.125,0.0151957024717754,0.0107800209867643));
#10397=CARTESIAN_POINT('',(-0.125,0.0114168460987571,0.00809049884276292));
#10398=CARTESIAN_POINT('',(-0.125,0.00763780220213783,0.00540084323275298));
#10399=CARTESIAN_POINT('',(-0.125,0.00385054161498668,0.00272274462558702));
#10400=CARTESIAN_POINT('',(-0.125,6.32455517965227E-5,4.47213615399369E-5));
#10401=CARTESIAN_POINT('',(-0.125,4.21637021336076E-5,2.98142397030257E-5));
#10402=CARTESIAN_POINT('',(-0.125,2.10818505988347E-5,1.4907120513321E-5));
#10403=CARTESIAN_POINT('',(-0.125,0.,0.));
#10404=CARTESIAN_POINT('',(-0.125,0.285,0.295903263540091));
#10405=CARTESIAN_POINT('',(-0.125,0.285,0.307744752886521));
#10406=CARTESIAN_POINT('',(-0.125,0.287254106456722,0.319697464920603));
#10407=CARTESIAN_POINT('',(-0.125,0.291081762036978,0.330903263540091));
#10408=CARTESIAN_POINT('',(-0.125,0.296517596262819,0.346817146695589));
#10409=CARTESIAN_POINT('',(-0.125,0.305225853604301,0.361687741741415));
#10410=CARTESIAN_POINT('',(-0.125,0.315263567180302,0.375180120219053));
#10411=CARTESIAN_POINT('',(-0.125,0.327170266256871,0.391184730147801));
#10412=CARTESIAN_POINT('',(-0.125,0.341102007627618,0.40561420811348));
#10413=CARTESIAN_POINT('',(-0.125,0.354961943781665,0.419960608068769));
#10414=CARTESIAN_POINT('',(-0.125,0.354974629186849,0.419973738713408));
#10415=CARTESIAN_POINT('',(-0.125,0.354987314593888,0.419986869356256));
#10416=CARTESIAN_POINT('',(-0.125,0.355,0.42));
#10417=CARTESIAN_POINT('',(-0.125,0.1,0.42));
#10418=CARTESIAN_POINT('',(0.075,0.1,0.212132034355964));
#10419=CARTESIAN_POINT('',(0.0770505524773913,0.1,0.198357418517512));
#10420=CARTESIAN_POINT('',(0.0795631823743347,0.0976684180022108,0.18455249812058));
#10421=CARTESIAN_POINT('',(0.0825170538158833,0.0937954264970964,0.171505682905073));
#10422=CARTESIAN_POINT('',(0.0858769344867407,0.0893900928345024,0.156665584706402));
#10423=CARTESIAN_POINT('',(0.0898795723016053,0.0829816033138245,0.14254795793829));
#10424=CARTESIAN_POINT('',(0.0942137147406439,0.0758350606227571,0.129091865852166));
#10425=CARTESIAN_POINT('',(0.102689402368564,0.0618595477454002,0.102777633032486));
#10426=CARTESIAN_POINT('',(0.112553848564138,0.0454832521024135,0.0781625821106859));
#10427=CARTESIAN_POINT('',(0.118683559525969,0.0299749914664833,0.0520568052516834));
#10428=CARTESIAN_POINT('',(0.120648128548518,0.0250046023847337,0.0436899179961293));
#10429=CARTESIAN_POINT('',(0.122229257941678,0.0200606291429427,0.0352022092545497));
#10430=CARTESIAN_POINT('',(0.123308311693107,0.0151470198949013,0.0266429342516901));
#10431=CARTESIAN_POINT('',(0.123861028605902,0.0126301527502746,0.0222586706790202));
#10432=CARTESIAN_POINT('',(0.124283610066582,0.0101185511284527,0.0178527778932315));
#10433=CARTESIAN_POINT('',(0.124567397417613,0.00761123073250466,0.0134374984620416));
#10434=CARTESIAN_POINT('',(0.124853429765466,0.00508407532170864,0.00898729045402645));
#10435=CARTESIAN_POINT('',(0.124998641472808,0.00255934991533447,0.00452433381981854));
#10436=CARTESIAN_POINT('',(0.124999990475892,3.56353919068282E-5,6.29950663312848E-5));
#10437=CARTESIAN_POINT('',(0.124999996825297,2.37569277429478E-5,4.19967117177628E-5));
#10438=CARTESIAN_POINT('',(0.125,1.18784640717763E-5,2.09983556255791E-5));
#10439=CARTESIAN_POINT('',(0.125,0.,4.44089209850063E-19));
#10440=CARTESIAN_POINT('',(-0.125,0.,0.));
#10441=CARTESIAN_POINT('',(-0.125,1.18784640586963E-5,2.09983556346001E-5));
#10442=CARTESIAN_POINT('',(-0.124999996825297,2.3756927689239E-5,4.19967117513892E-5));
#10443=CARTESIAN_POINT('',(-0.124999990475892,3.56353918675898E-5,6.29950663583477E-5));
#10444=CARTESIAN_POINT('',(-0.124998641472808,0.00255934991822137,0.00452433381818903));
#10445=CARTESIAN_POINT('',(-0.124853429765466,0.00508407532170916,0.00898729045402837));
#10446=CARTESIAN_POINT('',(-0.124567397417613,0.00761123073250473,0.0134374984620425));
#10447=CARTESIAN_POINT('',(-0.124283610066582,0.010118551128453,0.0178527778932323));
#10448=CARTESIAN_POINT('',(-0.123861028605902,0.0126301527502747,0.0222586706790212));
#10449=CARTESIAN_POINT('',(-0.123308311693107,0.0151470198949014,0.0266429342516911));
#10450=CARTESIAN_POINT('',(-0.122229257941677,0.0200606291429428,0.0352022092545504));
#10451=CARTESIAN_POINT('',(-0.120648128548517,0.0250046023847339,0.0436899179961298));
#10452=CARTESIAN_POINT('',(-0.118683559525968,0.0299749914664834,0.0520568052516837));
#10453=CARTESIAN_POINT('',(-0.112553848564138,0.0454832521024136,0.078162582110686));
#10454=CARTESIAN_POINT('',(-0.102689402368564,0.0618595477454003,0.102777633032486));
#10455=CARTESIAN_POINT('',(-0.0942137147406439,0.0758350606227571,0.129091865852166));
#10456=CARTESIAN_POINT('',(-0.0898795723016053,0.0829816033138245,0.14254795793829));
#10457=CARTESIAN_POINT('',(-0.0858769344867407,0.0893900928345023,0.156665584706402));
#10458=CARTESIAN_POINT('',(-0.0825170538158833,0.0937954264970964,0.171505682905073));
#10459=CARTESIAN_POINT('',(-0.0795631823743347,0.0976684180022108,0.18455249812058));
#10460=CARTESIAN_POINT('',(-0.0770505524773913,0.1,0.198357418517512));
#10461=CARTESIAN_POINT('',(-0.075,0.1,0.212132034355964));
#10462=CARTESIAN_POINT('',(0.,5.55111512312578E-17,0.));
#10463=CARTESIAN_POINT('',(0.075,0.335,0.295903263540091));
#10464=CARTESIAN_POINT('',(0.0793278786956941,0.335,0.302429546097483));
#10465=CARTESIAN_POINT('',(0.0838045928678444,0.335774721531298,0.308850113785595));
#10466=CARTESIAN_POINT('',(0.0881276280821478,0.33673764629628,0.315308212612374));
#10467=CARTESIAN_POINT('',(0.0964449053591011,0.338590259534475,0.327733232525828));
#10468=CARTESIAN_POINT('',(0.104232990903853,0.341162174180295,0.340514794672666));
#10469=CARTESIAN_POINT('',(0.110334398421072,0.343646733480086,0.354064340360859));
#10470=CARTESIAN_POINT('',(0.117397048258316,0.346522721075534,0.369748540503098));
#10471=CARTESIAN_POINT('',(0.122283933500237,0.349452344972321,0.386678743822882));
#10472=CARTESIAN_POINT('',(0.124127359310737,0.352307405449063,0.4037842070563));
#10473=CARTESIAN_POINT('',(0.124704799196722,0.353201732623381,0.409142370472996));
#10474=CARTESIAN_POINT('',(0.124997431430125,0.354095588383779,0.414539096882476));
#10475=CARTESIAN_POINT('',(0.124999983091586,0.354988170726391,0.419928573978387));
#10476=CARTESIAN_POINT('',(0.124999994363861,0.354992113817664,0.419952382650245));
#10477=CARTESIAN_POINT('',(0.125,0.35499605690869,0.41997619132548));
#10478=CARTESIAN_POINT('',(0.125,0.355,0.42));
#10479=CARTESIAN_POINT('',(-0.125,0.355,0.42));
#10480=CARTESIAN_POINT('',(-0.125,0.354996056908691,0.419976191325478));
#10481=CARTESIAN_POINT('',(-0.124999994363861,0.354992113817668,0.419952382650242));
#10482=CARTESIAN_POINT('',(-0.124999983091586,0.354988170726394,0.419928573978383));
#10483=CARTESIAN_POINT('',(-0.124997431430125,0.354095588383543,0.414539096882513));
#10484=CARTESIAN_POINT('',(-0.124704799196722,0.353201732623381,0.409142370472995));
#10485=CARTESIAN_POINT('',(-0.124127359310737,0.352307405449063,0.4037842070563));
#10486=CARTESIAN_POINT('',(-0.122283933500237,0.349452344972321,0.386678743822882));
#10487=CARTESIAN_POINT('',(-0.117397048258316,0.346522721075534,0.369748540503098));
#10488=CARTESIAN_POINT('',(-0.110334398421072,0.343646733480086,0.354064340360859));
#10489=CARTESIAN_POINT('',(-0.104232990903853,0.341162174180295,0.340514794672666));
#10490=CARTESIAN_POINT('',(-0.0964449053591011,0.338590259534475,0.327733232525828));
#10491=CARTESIAN_POINT('',(-0.0881276280821478,0.33673764629628,0.315308212612374));
#10492=CARTESIAN_POINT('',(-0.0838045928678444,0.335774721531297,0.308850113785595));
#10493=CARTESIAN_POINT('',(-0.079327878695694,0.335,0.302429546097483));
#10494=CARTESIAN_POINT('',(-0.075,0.335,0.295903263540091));
#10495=CARTESIAN_POINT('',(0.,0.355,0.42));
#10496=CARTESIAN_POINT('',(-0.0749999999999999,0.137897444239005,0.450195837406833));
#10497=CARTESIAN_POINT('',(-0.0749999999999999,0.148006691864139,0.46353799024902));
#10498=CARTESIAN_POINT('',(-0.0731012320341183,0.160151179267518,0.475473403675415));
#10499=CARTESIAN_POINT('',(-0.0700130465996767,0.172955111912125,0.485804538635595));
#10500=CARTESIAN_POINT('',(-0.067116313180129,0.184965264922893,0.49549519502146));
#10501=CARTESIAN_POINT('',(-0.0632270901070293,0.19789910009573,0.503859666000532));
#10502=CARTESIAN_POINT('',(-0.0589150970134741,0.211304441582301,0.510805686172145));
#10503=CARTESIAN_POINT('',(-0.0749999999999999,0.137897444239005,0.450195837406833));
#10504=CARTESIAN_POINT('',(-0.0589150970134741,0.211304441582301,0.510805686172145));
#10505=CARTESIAN_POINT('',(-0.0589150970134741,0.211304441582301,0.510805686172145));
#10506=CARTESIAN_POINT('',(-0.0567058605961727,0.217519633478841,0.514026104455549));
#10507=CARTESIAN_POINT('',(-0.0543110619606902,0.223774978473407,0.517052876725843));
#10508=CARTESIAN_POINT('',(-0.0517390229892329,0.230042491243185,0.519878355267329));
#10509=CARTESIAN_POINT('',(-0.0433599843837562,0.250460428934282,0.529083034527941));
#10510=CARTESIAN_POINT('',(-0.0341224029654854,0.272351942219632,0.536421944197149));
#10511=CARTESIAN_POINT('',(-0.0189247924808886,0.290235967766632,0.541006794641066));
#10512=CARTESIAN_POINT('',(-0.015743266422754,0.293979878255705,0.541966604814827));
#10513=CARTESIAN_POINT('',(-0.0121134802632619,0.297626727175069,0.542828325791263));
#10514=CARTESIAN_POINT('',(-0.00770424035518952,0.299937940942181,0.543354732225693));
#10515=CARTESIAN_POINT('',(-0.00588392724045168,0.300892103750045,0.543572054157874));
#10516=CARTESIAN_POINT('',(-0.00387581116813478,0.301602638689028,0.543729954182704));
#10517=CARTESIAN_POINT('',(-0.00182632126578969,0.301862363230003,0.543787657083903));
#10518=CARTESIAN_POINT('',(-0.00141300712830033,0.301914741055586,0.543799293845231));
#10519=CARTESIAN_POINT('',(-0.000996955845839042,0.301949655815305,0.543807040207968));
#10520=CARTESIAN_POINT('',(-0.000580528723796159,0.301966448601384,0.543810765988202));
#10521=CARTESIAN_POINT('',(0.00106369858729626,0.302032753498539,0.543825476916694));
#10522=CARTESIAN_POINT('',(0.00273962311183803,0.301802522649834,0.54377467568013));
#10523=CARTESIAN_POINT('',(0.00431364755174646,0.301333954552762,0.543669855823594));
#10524=CARTESIAN_POINT('',(0.00671286353124726,0.300619736884044,0.543510083542812));
#10525=CARTESIAN_POINT('',(0.00895283257446481,0.299358353983616,0.54322537714294));
#10526=CARTESIAN_POINT('',(0.0109591400568424,0.297892343530642,0.542882718399821));
#10527=CARTESIAN_POINT('',(0.0148836718862077,0.295024685040898,0.542212444697614));
#10528=CARTESIAN_POINT('',(0.0181571690599227,0.291336627921419,0.54130865772237));
#10529=CARTESIAN_POINT('',(0.0211092117493806,0.287547644699896,0.540306793342323));
#10530=CARTESIAN_POINT('',(0.0319696143562695,0.273608183931446,0.536620989419612));
#10531=CARTESIAN_POINT('',(0.0396121487687511,0.257643070659128,0.531418841820018));
#10532=CARTESIAN_POINT('',(0.0465228780276876,0.242208031360098,0.525106675408823));
#10533=CARTESIAN_POINT('',(0.0511472291715314,0.231879592932931,0.520882855769818));
#10534=CARTESIAN_POINT('',(0.0552796554695008,0.221531942200839,0.516105092937656));
#10535=CARTESIAN_POINT('',(0.0589150970134742,0.211304441582301,0.510805686172145));
#10536=CARTESIAN_POINT('',(0.0589150970134742,0.211304441582301,0.510805686172145));
#10537=CARTESIAN_POINT('',(0.0589150970134742,0.211304441582301,0.510805686172145));
#10538=CARTESIAN_POINT('',(0.0637179760901331,0.196373009007061,0.50306891706689));
#10539=CARTESIAN_POINT('',(0.0680051491170316,0.182013537113136,0.493554543933598));
#10540=CARTESIAN_POINT('',(0.070969460892906,0.16885798866586,0.482418237404557));
#10541=CARTESIAN_POINT('',(0.0735043736423652,0.157608103361439,0.47289509424799));
#10542=CARTESIAN_POINT('',(0.0749999999999618,0.146929502420447,0.462116319049684));
#10543=CARTESIAN_POINT('',(0.075,0.137897444239005,0.450195837406833));
#10544=CARTESIAN_POINT('',(0.075,0.137897444239005,0.450195837406833));
#10545=CARTESIAN_POINT('',(0.075,0.137897444239005,0.450195837406833));
#10546=CARTESIAN_POINT('',(0.075,0.13636848136918,0.448177917077282));
#10547=CARTESIAN_POINT('',(0.075,0.134883196477564,0.446126140126987));
#10548=CARTESIAN_POINT('',(0.075,0.13344391094463,0.444043308624343));
#10549=CARTESIAN_POINT('',(0.075,0.122792389947802,0.428629186147859));
#10550=CARTESIAN_POINT('',(0.075,0.114671492431362,0.411270642144321));
#10551=CARTESIAN_POINT('',(0.075,0.109085837040842,0.393386276762114));
#10552=CARTESIAN_POINT('',(0.075,0.103029842093003,0.373995960169403));
#10553=CARTESIAN_POINT('',(0.075,0.100011350650904,0.353439340174515));
#10554=CARTESIAN_POINT('',(0.075,0.1,0.333125322267253));
#10555=CARTESIAN_POINT('',(-0.075,0.1,0.333125322267253));
#10556=CARTESIAN_POINT('',(-0.075,0.100011350650904,0.353439340174515));
#10557=CARTESIAN_POINT('',(-0.075,0.103029842093003,0.373995960169403));
#10558=CARTESIAN_POINT('',(-0.075,0.109085837040843,0.393386276762114));
#10559=CARTESIAN_POINT('',(-0.075,0.115415697416122,0.413653466170538));
#10560=CARTESIAN_POINT('',(-0.0749999999999999,0.125074681727734,0.433272396253598));
#10561=CARTESIAN_POINT('',(-0.0749999999999999,0.137897444239005,0.450195837406833));
#10562=CARTESIAN_POINT('',(0.235,0.35,0.55125));
#10563=CARTESIAN_POINT('',(0.235,0.276547311009544,0.544611465473481));
#10564=CARTESIAN_POINT('',(0.235,0.176807216585161,0.492930850423812));
#10565=CARTESIAN_POINT('',(0.235,0.130081806784769,0.443397821303245));
#10566=CARTESIAN_POINT('',(0.235,0.100024547594821,0.377057629321741));
#10567=CARTESIAN_POINT('',(0.235,0.1,0.333125322267253));
#10568=CARTESIAN_POINT('',(0.125,0.355,0.42));
#10569=CARTESIAN_POINT('',(0.125,0.355,0.42));
#10570=CARTESIAN_POINT('',(0.125,0.355,0.42));
#10571=CARTESIAN_POINT('',(0.125,0.344860625452522,0.358775949637876));
#10572=CARTESIAN_POINT('',(0.125000000000771,0.332686710928737,0.372099970553874));
#10573=CARTESIAN_POINT('',(0.125,0.321982174408416,0.385824950254247));
#10574=CARTESIAN_POINT('',(0.0885702299573675,0.335,0.316366169088696));
#10575=CARTESIAN_POINT('',(0.125,0.319030070067427,0.319983817983097));
#10576=CARTESIAN_POINT('',(0.125,0.285002047027911,0.346614021063436));
#10577=CARTESIAN_POINT('',(0.075,0.335,0.295903263540091));
#10578=CARTESIAN_POINT('',(0.125,0.335,0.295903263540091));
#10579=CARTESIAN_POINT('',(0.125,0.285,0.295903263540091));
#10580=CARTESIAN_POINT('',(-0.125,0.355,0.42));
#10581=CARTESIAN_POINT('',(-0.125,0.355,0.42));
#10582=CARTESIAN_POINT('',(-0.125,0.355,0.42));
#10583=CARTESIAN_POINT('',(-0.125,0.321982174408392,0.385824950254301));
#10584=CARTESIAN_POINT('',(-0.125000000001009,0.332686710928666,0.372099970553933));
#10585=CARTESIAN_POINT('',(-0.125,0.344860625452498,0.358775949637881));
#10586=CARTESIAN_POINT('',(-0.125,0.285002047027911,0.346614021063394));
#10587=CARTESIAN_POINT('',(-0.125,0.319030070067459,0.319983817983049));
#10588=CARTESIAN_POINT('',(-0.0885702299573639,0.335,0.316366169088694));
#10589=CARTESIAN_POINT('',(-0.125,0.285,0.295903263540091));
#10590=CARTESIAN_POINT('',(-0.125,0.335,0.295903263540091));
#10591=CARTESIAN_POINT('',(-0.075,0.335,0.295903263540091));
#10592=CARTESIAN_POINT('',(0.075,0.15,0.212132034355964));
#10593=CARTESIAN_POINT('',(0.125,5.55111512312578E-17,4.13029399042097E-18));
#10594=CARTESIAN_POINT('',(0.125,5.55111512312578E-17,4.13029399042097E-18));
#10595=CARTESIAN_POINT('',(0.125,5.55111512312578E-17,4.13029399042097E-18));
#10596=CARTESIAN_POINT('',(0.125,0.0498012942452246,0.0880382671492665));
#10597=CARTESIAN_POINT('',(0.125000000017385,0.0654688423842641,0.0740680438389486));
#10598=CARTESIAN_POINT('',(0.125,0.072557183376464,0.0513045249604222));
#10599=CARTESIAN_POINT('',(0.0842377286606672,0.1,0.150076338776781));
#10600=CARTESIAN_POINT('',(0.124999999999999,0.10975052079111,0.146631866756454));
#10601=CARTESIAN_POINT('',(0.125,0.149999147332133,0.11450641387446));
#10602=CARTESIAN_POINT('',(0.075,0.1,0.212132034355964));
#10603=CARTESIAN_POINT('',(0.125,0.1,0.212132034355964));
#10604=CARTESIAN_POINT('',(0.125,0.15,0.212132034355964));
#10605=CARTESIAN_POINT('',(0.125,0.15,0.333110432310255));
#10606=CARTESIAN_POINT('',(0.124999999999998,0.149409561546708,0.333110620051379));
#10607=CARTESIAN_POINT('',(0.124989538191311,0.148819030488634,0.333110808316758));
#10608=CARTESIAN_POINT('',(0.124968624418958,0.148228962542138,0.33311099544522));
#10609=CARTESIAN_POINT('',(0.124859041764198,0.145137162030405,0.333111975949039));
#10610=CARTESIAN_POINT('',(0.12445955598564,0.142042389770859,0.333112943570055));
#10611=CARTESIAN_POINT('',(0.123780424506343,0.139024108920868,0.333113875435926));
#10612=CARTESIAN_POINT('',(0.122551961198024,0.133564419020684,0.333115561063917));
#10613=CARTESIAN_POINT('',(0.120363933168831,0.128241532585485,0.333117163868646));
#10614=CARTESIAN_POINT('',(0.117397531922601,0.123496240137067,0.333118568416613));
#10615=CARTESIAN_POINT('',(0.114431130787729,0.118750947866785,0.333119972964526));
#10616=CARTESIAN_POINT('',(0.110604539494084,0.114452368534524,0.333121218798196));
#10617=CARTESIAN_POINT('',(0.106234639677418,0.110956469367873,0.333122221308328));
#10618=CARTESIAN_POINT('',(0.101864739932018,0.107460570258234,0.333123223818444));
#10619=CARTESIAN_POINT('',(0.0968310044571917,0.104670930083518,0.333124011292191));
#10620=CARTESIAN_POINT('',(0.0915502790481099,0.102818560180621,0.333124532225925));
#10621=CARTESIAN_POINT('',(0.086269553636083,0.100966190276691,0.333125053159659));
#10622=CARTESIAN_POINT('',(0.0805961893650576,0.1,0.333125322267253));
#10623=CARTESIAN_POINT('',(0.075,0.1,0.333125322267253));
#10624=CARTESIAN_POINT('',(0.075,0.15,0.42));
#10625=CARTESIAN_POINT('',(-0.075,0.15,0.212132034355964));
#10626=CARTESIAN_POINT('',(-0.125,5.55111512312578E-17,0.));
#10627=CARTESIAN_POINT('',(-0.125,5.55111512312578E-17,0.));
#10628=CARTESIAN_POINT('',(-0.125,5.55111512312578E-17,0.));
#10629=CARTESIAN_POINT('',(-0.125,0.0725571833765648,0.0513045249601172));
#10630=CARTESIAN_POINT('',(-0.125000000017887,0.0654688423844547,0.074068043838628));
#10631=CARTESIAN_POINT('',(-0.125,0.0498012942454352,0.0880382671489932));
#10632=CARTESIAN_POINT('',(-0.125,0.149999147332133,0.114506413874689));
#10633=CARTESIAN_POINT('',(-0.125,0.109750520791074,0.146631866756691));
#10634=CARTESIAN_POINT('',(-0.0842377286606373,0.1,0.150076338776982));
#10635=CARTESIAN_POINT('',(-0.125,0.15,0.212132034355964));
#10636=CARTESIAN_POINT('',(-0.125,0.1,0.212132034355964));
#10637=CARTESIAN_POINT('',(-0.075,0.1,0.212132034355964));
#10638=CARTESIAN_POINT('',(0.075,0.177749814347947,0.42));
#10639=CARTESIAN_POINT('',(0.075,0.0999996866320398,0.332564494310266));
#10640=CARTESIAN_POINT('',(0.125,0.0999996866320398,0.332564494310266));
#10641=CARTESIAN_POINT('',(0.125,0.149999678826737,0.332536556338606));
#10642=CARTESIAN_POINT('',(0.0749999999999916,0.10002230345963,0.373041348419027));
#10643=CARTESIAN_POINT('',(0.124999999999986,0.0999231941958409,0.37299877379443));
#10644=CARTESIAN_POINT('',(0.125,0.149956025317381,0.363520597329304));
#10645=CARTESIAN_POINT('',(0.0750000000000012,0.111229224396101,0.414999205731849));
#10646=CARTESIAN_POINT('',(0.124999999999999,0.111271927800635,0.415055223749346));
#10647=CARTESIAN_POINT('',(0.125,0.158911119738313,0.395136386172854));
#10648=CARTESIAN_POINT('',(0.075,0.137897444239005,0.450195837406833));
#10649=CARTESIAN_POINT('',(0.125,0.137897444239005,0.450195837406833));
#10650=CARTESIAN_POINT('',(0.125,0.177749814347947,0.42));
#10651=CARTESIAN_POINT('',(-0.075,0.1,0.333125322267253));
#10652=CARTESIAN_POINT('',(-0.0805961893650576,0.1,0.333125322267256));
#10653=CARTESIAN_POINT('',(-0.086269553636083,0.100966190276691,0.333125053159592));
#10654=CARTESIAN_POINT('',(-0.0915502790481099,0.102818560180621,0.333124532225868));
#10655=CARTESIAN_POINT('',(-0.0968310044571918,0.104670930083518,0.333124011292145));
#10656=CARTESIAN_POINT('',(-0.101864739932018,0.107460570258234,0.333123223818482));
#10657=CARTESIAN_POINT('',(-0.106234639677418,0.110956469367873,0.33312222130836));
#10658=CARTESIAN_POINT('',(-0.110604539494084,0.114452368534524,0.333121218798221));
#10659=CARTESIAN_POINT('',(-0.114431130787729,0.118750947866785,0.333119972964306));
#10660=CARTESIAN_POINT('',(-0.117397531922601,0.123496240137067,0.333118568416359));
#10661=CARTESIAN_POINT('',(-0.12036393316883,0.128241532585485,0.333117163868359));
#10662=CARTESIAN_POINT('',(-0.122551961198024,0.133564419020684,0.333115561063739));
#10663=CARTESIAN_POINT('',(-0.123780424506343,0.139024108920868,0.333113875435616));
#10664=CARTESIAN_POINT('',(-0.124459555985653,0.142042389770919,0.333112943569673));
#10665=CARTESIAN_POINT('',(-0.124859041764214,0.145137162030527,0.33311197594686));
#10666=CARTESIAN_POINT('',(-0.124968624418964,0.148228962542324,0.333110995448218));
#10667=CARTESIAN_POINT('',(-0.124989538191314,0.148819030488759,0.333110808320744));
#10668=CARTESIAN_POINT('',(-0.12499999999992,0.14940956154677,0.333110620052378));
#10669=CARTESIAN_POINT('',(-0.125,0.15,0.333110432310255));
#10670=CARTESIAN_POINT('',(-0.075,0.15,0.42));
#10671=CARTESIAN_POINT('',(-0.0749999999999999,0.177749814347947,0.42));
#10672=CARTESIAN_POINT('',(0.075,0.137897444239005,0.450195837406833));
#10673=CARTESIAN_POINT('',(0.125,0.137897444239005,0.450195837406833));
#10674=CARTESIAN_POINT('',(0.125,0.177749814347947,0.42));
#10675=CARTESIAN_POINT('',(0.0749979838365118,0.163487878181327,0.483970010680367));
#10676=CARTESIAN_POINT('',(0.116229167137349,0.16802380747521,0.489949360519199));
#10677=CARTESIAN_POINT('',(0.125,0.196698805634536,0.461679564629423));
#10678=CARTESIAN_POINT('',(0.0649454256439245,0.197025821772255,0.504583190253322));
#10679=CARTESIAN_POINT('',(0.0945928664151135,0.203849573190056,0.508644135832414));
#10680=CARTESIAN_POINT('',(0.108242354568836,0.221933513889431,0.488366868091238));
#10681=CARTESIAN_POINT('',(0.041569325876808,0.255558556689613,0.531742756358109));
#10682=CARTESIAN_POINT('',(0.0571710678997802,0.262154578845139,0.533995826836595));
#10683=CARTESIAN_POINT('',(0.0692822312990406,0.272741153614527,0.527658759055808));
#10684=CARTESIAN_POINT('',(0.0298375020108998,0.304236117794253,0.544314517877232));
#10685=CARTESIAN_POINT('',(0.039830928901917,0.309450427029222,0.545436454211861));
#10686=CARTESIAN_POINT('',(0.0497291907661143,0.314760065700924,0.545721490481289));
#10687=CARTESIAN_POINT('',(-0.0319752471673688,0.299640836003832,0.54329459978554));
#10688=CARTESIAN_POINT('',(-0.0428388077183596,0.305121756407012,0.544546586427106));
#10689=CARTESIAN_POINT('',(-0.0532920993602294,0.31078451305369,0.544253119594113));
#10690=CARTESIAN_POINT('',(-0.0421296916457345,0.254367213617343,0.53129257562835));
#10691=CARTESIAN_POINT('',(-0.0579834541430294,0.261008539246266,0.533592638724787));
#10692=CARTESIAN_POINT('',(-0.0702161742079431,0.271711829096295,0.52701120655096));
#10693=CARTESIAN_POINT('',(-0.0651917431498815,0.196189743337004,0.504088996839305));
#10694=CARTESIAN_POINT('',(-0.0950587987490317,0.202986247202611,0.508159598725923));
#10695=CARTESIAN_POINT('',(-0.10865288378475,0.221202825513574,0.487648062005869));
#10696=CARTESIAN_POINT('',(-0.0749979810030748,0.162901288103695,0.483195830962777));
#10697=CARTESIAN_POINT('',(-0.116383435892597,0.167493690312989,0.489249682170732));
#10698=CARTESIAN_POINT('',(-0.125,0.196306606199038,0.460816758619778));
#10699=CARTESIAN_POINT('',(-0.075,0.137897444239005,0.450195837406833));
#10700=CARTESIAN_POINT('',(-0.125,0.137897444239005,0.450195837406833));
#10701=CARTESIAN_POINT('',(-0.125,0.177749814347947,0.42));
#10702=CARTESIAN_POINT('',(-0.125,0.149999678826737,0.332536556338607));
#10703=CARTESIAN_POINT('',(-0.125,0.0999996866320399,0.332564494310266));
#10704=CARTESIAN_POINT('',(-0.075,0.0999996866320399,0.332564494310266));
#10705=CARTESIAN_POINT('',(-0.125,0.14995602531738,0.363520597329305));
#10706=CARTESIAN_POINT('',(-0.125000000000002,0.0999231941958341,0.372998773794434));
#10707=CARTESIAN_POINT('',(-0.075000000000001,0.10002230345963,0.373041348419028));
#10708=CARTESIAN_POINT('',(-0.125,0.158911119738313,0.395136386172854));
#10709=CARTESIAN_POINT('',(-0.124999999999995,0.111271927800642,0.415055223749343));
#10710=CARTESIAN_POINT('',(-0.0749999999999975,0.111229224396101,0.414999205731849));
#10711=CARTESIAN_POINT('',(-0.125,0.177749814347947,0.42));
#10712=CARTESIAN_POINT('',(-0.125,0.137897444239005,0.450195837406833));
#10713=CARTESIAN_POINT('',(-0.075,0.137897444239005,0.450195837406833));
#10714=CARTESIAN_POINT('',(0.,0.294039272347373,0.));
#10715=CARTESIAN_POINT('',(-0.104393759535434,0.294039272347373,0.));
#10716=CARTESIAN_POINT('',(0.104393759535434,0.294039272347373,1.06337366739048E-19));
#10717=CARTESIAN_POINT('',(0.104393759535434,0.294039272347373,1.06337366739048E-19));
#10718=CARTESIAN_POINT('',(0.104393759535434,0.294039272347373,0.00546174616523604));
#10719=CARTESIAN_POINT('',(0.104172094491573,0.295534944139511,0.0109251364167563));
#10720=CARTESIAN_POINT('',(0.10368686484663,0.297488201730964,0.0160025381289089));
#10721=CARTESIAN_POINT('',(0.103613892071236,0.297781948473344,0.0167661190407279));
#10722=CARTESIAN_POINT('',(0.103534842933123,0.298086664846557,0.0175249843259547));
#10723=CARTESIAN_POINT('',(0.103449562275676,0.298399967966139,0.018279461859237));
#10724=CARTESIAN_POINT('',(0.101980581729007,0.303796692166606,0.0312755251222191));
#10725=CARTESIAN_POINT('',(0.0985916461594503,0.31107827723314,0.0434655219893897));
#10726=CARTESIAN_POINT('',(0.0927102735536428,0.316706891404836,0.0550373997564454));
#10727=CARTESIAN_POINT('',(0.0893271489304989,0.31994462253917,0.0616938568853612));
#10728=CARTESIAN_POINT('',(0.0850445381850117,0.322819514875962,0.0682238957821701));
#10729=CARTESIAN_POINT('',(0.0798439282204666,0.324623216426162,0.0742186579407157));
#10730=CARTESIAN_POINT('',(0.0765379598103789,0.325769808919512,0.0780294598384263));
#10731=CARTESIAN_POINT('',(0.0727983702494483,0.326492871267249,0.081683832325494));
#10732=CARTESIAN_POINT('',(0.0687775967819778,0.326492871267249,0.084939549343477));
#10733=CARTESIAN_POINT('',(0.0687775967819778,0.326492871267249,0.084939549343477));
#10734=CARTESIAN_POINT('',(0.,0.326492871267249,0.));
#10735=CARTESIAN_POINT('',(-0.0687775967819778,0.326492871267249,0.084939549343477));
#10736=CARTESIAN_POINT('',(-0.0687775967819778,0.326492871267249,0.084939549343477));
#10737=CARTESIAN_POINT('',(-0.0736020444201344,0.326492871267249,0.0810330780127766));
#10738=CARTESIAN_POINT('',(-0.078018560723782,0.3254531025382,0.0765499460885133));
#10739=CARTESIAN_POINT('',(-0.081800267726914,0.323876996949799,0.0718862140435118));
#10740=CARTESIAN_POINT('',(-0.0877070020470582,0.321415241725645,0.0646018247168527));
#10741=CARTESIAN_POINT('',(-0.092310579966849,0.31759677624817,0.0566450063900859));
#10742=CARTESIAN_POINT('',(-0.0957147808874447,0.313470835082883,0.048557973400938));
#10743=CARTESIAN_POINT('',(-0.100739574576421,0.307380711846328,0.0366210539081534));
#10744=CARTESIAN_POINT('',(-0.103324981195501,0.299511964333341,0.0241749151184935));
#10745=CARTESIAN_POINT('',(-0.104109308521605,0.295606191399208,0.010428716805398));
#10746=CARTESIAN_POINT('',(-0.104302024464147,0.294646509532585,0.00705115813044506));
#10747=CARTESIAN_POINT('',(-0.104393759535437,0.294039272347352,0.00351653683648908));
#10748=CARTESIAN_POINT('',(-0.104393759535434,0.294039272347373,0.));
#10749=CARTESIAN_POINT('',(0.,5.55111512312578E-17,0.));
#10750=CARTESIAN_POINT('',(0.,5.55111512312578E-17,-0.06));
#10751=CARTESIAN_POINT('',(0.,0.35,0.));
#10752=CARTESIAN_POINT('',(0.,0.,0.));
#10753=CARTESIAN_POINT('',(0.,0.,-0.05));
#10754=CARTESIAN_POINT('',(0.,0.,0.));
#10755=CARTESIAN_POINT('',(0.0760694912675028,0.335086997169346,0.0726410133222531));
#10756=CARTESIAN_POINT('',(-0.0760694912675029,0.335086997169346,0.0726410133222531));
#10757=CARTESIAN_POINT('',(-0.0760694912675029,0.335086997169346,-0.0726410133222531));
#10758=CARTESIAN_POINT('',(0.0760694912675029,0.335086997169346,-0.0726410133222531));
#10759=CARTESIAN_POINT('',(0.0760694912675028,0.335086997169346,0.0726410133222531));
#10760=CARTESIAN_POINT('',(-0.0760694912675029,0.335086997169346,0.0726410133222531));
#10761=CARTESIAN_POINT('',(0.,0.335043498584673,0.0732847923754123));
#10762=CARTESIAN_POINT('',(0.,0.,0.));
#10763=CARTESIAN_POINT('',(-0.114281698419722,0.29254640108012,0.));
#10764=CARTESIAN_POINT('',(-0.075,0.325,0.0926241465073998));
#10765=CARTESIAN_POINT('',(-0.104393759535581,0.294039272348295,-2.11496382293977E-13));
#10766=CARTESIAN_POINT('',(-0.113099869130247,0.351703641326752,1.19136864876615E-13));
#10767=CARTESIAN_POINT('',(-0.124102123024758,0.294433001351293,-2.3152883741078E-13));
#10768=CARTESIAN_POINT('',(-0.104394111288287,0.294041602159975,0.0172012363408934));
#10769=CARTESIAN_POINT('',(-0.113099748103322,0.351683521846547,-0.00579812717850931));
#10770=CARTESIAN_POINT('',(-0.124101554811751,0.294435959101847,0.018838117797957));
#10771=CARTESIAN_POINT('',(-0.102305756820917,0.30482628321153,0.0317826264320775));
#10772=CARTESIAN_POINT('',(-0.111872695477582,0.327283946748552,0.016016831718211));
#10773=CARTESIAN_POINT('',(-0.121050531733421,0.30791638255521,0.0347602921337537));
#10774=CARTESIAN_POINT('',(-0.0910980508412833,0.319618641822993,0.060467373384079));
#10775=CARTESIAN_POINT('',(-0.0970578207224536,0.331495841619125,0.0542518946640539));
#10776=CARTESIAN_POINT('',(-0.105515948153776,0.326407595566799,0.0660035263901348));
#10777=CARTESIAN_POINT('',(-0.0821140727818621,0.326489656681191,0.0741400593543541));
#10778=CARTESIAN_POINT('',(-0.0868839880255951,0.337179954959957,0.0723537536325312));
#10779=CARTESIAN_POINT('',(-0.0931570922229325,0.334999999999924,0.0808611577869869));
#10780=CARTESIAN_POINT('',(-0.0687775967821317,0.326492871267249,0.0849395493433523));
#10781=CARTESIAN_POINT('',(-0.0695858584220401,0.335000000000023,0.0859377432706526));
#10782=CARTESIAN_POINT('',(-0.0750000000002099,0.335,0.0926241465072638));
#10783=CARTESIAN_POINT('',(0.075,0.325,0.0926241465073997));
#10784=CARTESIAN_POINT('',(0.,0.325,0.));
#10785=CARTESIAN_POINT('',(0.114281698419722,0.292546401080124,1.16409399666217E-19));
#10786=CARTESIAN_POINT('',(0.,0.292546401080124,0.));
#10787=CARTESIAN_POINT('',(0.0687775967819778,0.326492871267249,0.084939549343477));
#10788=CARTESIAN_POINT('',(0.0695858584218601,0.335,0.0859377432707939));
#10789=CARTESIAN_POINT('',(0.075,0.335,0.0926241465073997));
#10790=CARTESIAN_POINT('',(0.0820811904279033,0.326489796655505,0.0741667121800859));
#10791=CARTESIAN_POINT('',(0.0868242274883975,0.337172542857172,0.0724008260100774));
#10792=CARTESIAN_POINT('',(0.093121644260286,0.335,0.0808842372983921));
#10793=CARTESIAN_POINT('',(0.0911789220692739,0.319532192852617,0.060295567261922));
#10794=CARTESIAN_POINT('',(0.0971376613470204,0.331466205318492,0.0540800426723811));
#10795=CARTESIAN_POINT('',(0.105627642254951,0.326299502524408,0.0658165427137011));
#10796=CARTESIAN_POINT('',(0.102286909843326,0.304830750341666,0.0317954901101385));
#10797=CARTESIAN_POINT('',(0.111814669705487,0.327312213908341,0.0161084234516111));
#10798=CARTESIAN_POINT('',(0.121024812577357,0.307921998300323,0.0347741554264118));
#10799=CARTESIAN_POINT('',(0.104394249852286,0.294042519930183,0.0169827671897134));
#10800=CARTESIAN_POINT('',(0.113099569161712,0.3516788984359,-0.00602260949159589));
#10801=CARTESIAN_POINT('',(0.124101323281116,0.294437164299358,0.0185993976266986));
#10802=CARTESIAN_POINT('',(0.104393759535433,0.294039272347369,1.06337361404756E-19));
#10803=CARTESIAN_POINT('',(0.113099869130675,0.35170364132964,5.62025656463138E-18));
#10804=CARTESIAN_POINT('',(0.124102123024652,0.29443300135015,4.40899319659683E-19));
#10805=CARTESIAN_POINT('',(0.,0.37,0.));
#10806=CARTESIAN_POINT('',(-2.08249999999997,0.270000000000003,-0.287500000000016));
#10807=CARTESIAN_POINT('',(-1.66999999999997,0.270000000000003,-0.287500000000016));
#10808=CARTESIAN_POINT('',(-2.43269999999997,0.270000000000003,-0.287500000000016));
#10809=CARTESIAN_POINT('',(-1.66999999999997,0.270000000000003,-2.00902896657251));
#10810=CARTESIAN_POINT('',(-1.66999999999997,0.270000000000003,-0.645000000000045));
#10811=CARTESIAN_POINT('',(-1.73134999999998,0.270000000000003,-0.645000000000045));
#10812=CARTESIAN_POINT('',(-2.43269999999997,0.270000000000003,-0.645000000000045));
#10813=CARTESIAN_POINT('',(-2.43269999999997,0.270000000000003,-0.287500000000016));
#10814=CARTESIAN_POINT('',(-1.02999999999999,0.270000000000003,-2.00902896657251));
#10815=CARTESIAN_POINT('',(-1.66249999999997,0.670000000000101,-0.0375000000000156));
#10816=CARTESIAN_POINT('',(-2.43269999999997,0.670000000000101,-0.037500000000016));
#10817=CARTESIAN_POINT('',(-1.66999999999997,0.670000000000101,-0.0375000000000156));
#10818=CARTESIAN_POINT('',(-1.66999999999997,0.420000000000101,-0.0375000000000156));
#10819=CARTESIAN_POINT('',(-1.66999999999997,0.420000000000101,-0.287500000000016));
#10820=CARTESIAN_POINT('',(-1.66249999999997,0.420000000000101,-0.287500000000016));
#10821=CARTESIAN_POINT('',(-2.43269999999997,0.420000000000101,-0.287500000000016));
#10822=CARTESIAN_POINT('',(-2.43269999999997,0.420000000000101,-0.0375000000000159));
#10823=CARTESIAN_POINT('',(-1.66249999999997,0.420000000000101,-0.0375000000000156));
#10824=CARTESIAN_POINT('',(-1.66999999999997,-0.270000000000003,-1.11076448328627));
#10825=CARTESIAN_POINT('',(-1.66999999999997,-0.270000000000003,0.170832508249979));
#10826=CARTESIAN_POINT('',(-1.66999999999997,-0.270000000000003,-0.645000000000045));
#10827=CARTESIAN_POINT('',(0.33000000000003,-0.270000000000003,0.170832508249978));
#10828=CARTESIAN_POINT('',(-2.29735441169861,-0.270000000000003,0.170832508249979));
#10829=CARTESIAN_POINT('',(-2.29735441169861,-0.270000000000003,-0.465382241643153));
#10830=CARTESIAN_POINT('',(-2.29735441169861,-0.270000000000003,-0.645000000000045));
#10831=CARTESIAN_POINT('',(-1.66999999999997,-0.270000000000003,-0.645000000000045));
#10832=CARTESIAN_POINT('',(-1.03,-0.270000000000003,-1.11076448328627));
#10833=CARTESIAN_POINT('',(-1.66999999999997,1.1,-0.645000000000045));
#10834=CARTESIAN_POINT('',(-2.65303727442307,0.439549340624099,-0.645000000000045));
#10835=CARTESIAN_POINT('',(-2.43269999999997,3.46944695195361E-15,-0.645000000000045));
#10836=CARTESIAN_POINT('',(-2.43269999999997,-0.108972473588501,-0.645000000000045));
#10837=CARTESIAN_POINT('',(-2.43269999999997,1.1,-0.645000000000045));
#10838=CARTESIAN_POINT('',(-1.66999999999997,0.420000000000101,-0.287500000000016));
#10839=CARTESIAN_POINT('',(-2.43269999999997,0.420000000000101,-0.287500000000016));
#10840=CARTESIAN_POINT('',(-2.19499999999997,0.420000000000101,-0.287500000000016));
#10841=CARTESIAN_POINT('',(-1.66999999999997,1.00613961606655E-13,-0.250000000000028));
#10842=CARTESIAN_POINT('',(-1.66999999999997,0.249807151226598,0.183123985939453));
#10843=CARTESIAN_POINT('',(-1.96999999999997,0.249807151226598,0.183123985939453));
#10844=CARTESIAN_POINT('',(-2.43269999999997,0.249807151226598,0.183123985939451));
#10845=CARTESIAN_POINT('',(-2.43269999999997,1.00613961606655E-13,-0.250000000000029));
#10846=CARTESIAN_POINT('',(-2.43269999999997,3.46944695195361E-15,0.24999999999997));
#10847=CARTESIAN_POINT('',(-2.43269999999998,1.00613961606655E-13,-0.250000000000028));
#10848=CARTESIAN_POINT('',(0.33000000000003,1.00613961606655E-13,-0.250000000000029));
#10849=CARTESIAN_POINT('',(-2.4135835236079,0.232804892161782,6.74921421377527E-6));
#10850=CARTESIAN_POINT('',(-2.4135835236079,0.232567823303619,-0.147348097362299));
#10851=CARTESIAN_POINT('',(-2.4135835236079,0.448674764808656,-0.237066257011256));
#10852=CARTESIAN_POINT('',(-2.4135835236079,0.65706625701135,-0.0286747648085769));
#10853=CARTESIAN_POINT('',(-2.4135835236079,0.567348097362409,0.187432176696467));
#10854=CARTESIAN_POINT('',(-2.4135835236079,0.419993250785896,0.187195107838314));
#10855=CARTESIAN_POINT('',(-2.41269999999997,0.237000000000091,-8.91663756073597E-16));
#10856=CARTESIAN_POINT('',(-2.41269999999997,0.420000000000111,0.183000000000006));
#10857=CARTESIAN_POINT('',(-2.4135835236079,0.419993250785896,0.187195107838314));
#10858=CARTESIAN_POINT('',(-2.4135835236079,0.322024810155283,0.187037493298346));
#10859=CARTESIAN_POINT('',(-2.4135835236079,0.232962506701758,0.0979751898448264));
#10860=CARTESIAN_POINT('',(-2.4135835236079,0.232804892161782,6.74921421377527E-6));
#10861=CARTESIAN_POINT('',(-1.66999999999997,0.420000000000101,-6.9155450338359E-15));
#10862=CARTESIAN_POINT('',(-1.66999999999997,0.603000000000101,-6.9155450338359E-15));
#10863=CARTESIAN_POINT('',(0.20449494936622,0.420000000000101,-4.0583122875101E-17));
#10864=CARTESIAN_POINT('',(-1.96999999999997,0.,-0.42000000000003));
#10865=CARTESIAN_POINT('',(-1.96999999999997,2.08166817117217E-17,-0.49500000000003));
#10866=CARTESIAN_POINT('',(-1.96999999999997,3.46944695195361E-15,-0.42000000000003));
#10867=CARTESIAN_POINT('',(-1.96999999999997,0.183000000000003,-0.42000000000003));
#10868=CARTESIAN_POINT('',(-1.96999999999997,3.46944695195361E-15,-7.1887419029399E-15));
#10869=CARTESIAN_POINT('',(-1.66999999999997,0.420000000000101,-1.42514378380771E-14));
#10870=CARTESIAN_POINT('',(-1.66999999999997,0.670000000000101,-2.13568651956781E-14));
#10871=CARTESIAN_POINT('',(-2.41999999999997,0.670000000000101,-1.39183709306895E-14));
#10872=CARTESIAN_POINT('',(-2.43269999999997,0.670000000000101,-1.39183709306895E-14));
#10873=CARTESIAN_POINT('',(-2.43269999999997,0.420000000000101,-1.40849043843833E-14));
#10874=CARTESIAN_POINT('',(-2.41999999999997,0.420000000000101,-1.42514378380771E-14));
#10875=CARTESIAN_POINT('',(-2.43269999999997,0.670000000000101,-1.40293932331521E-14));
#10876=CARTESIAN_POINT('',(-1.66999999999997,0.670000000000101,-0.0375000000000156));
#10877=CARTESIAN_POINT('',(-1.12999999999997,0.670000000000101,-1.42514378380771E-14));
#10878=CARTESIAN_POINT('',(-1.66999999999997,0.,0.));
#10879=CARTESIAN_POINT('',(-1.66999999999997,0.,-0.183));
#10880=CARTESIAN_POINT('',(-1.66999999999997,0.,-0.42000000000003));
#10881=CARTESIAN_POINT('',(-1.66999999999997,3.46944695195361E-17,-0.54500000000003));
#10882=CARTESIAN_POINT('',(-1.66999999999997,0.519590179001401,0.0410990852077688));
#10883=CARTESIAN_POINT('',(-2.43269999999997,0.420294890269082,-0.000294890268985997));
#10884=CARTESIAN_POINT('',(-2.43269999999997,0.623294890269092,-0.000294890268985997));
#10885=CARTESIAN_POINT('',(-2.41684999999997,0.420294890269082,-0.000294890268985997));
#10886=CARTESIAN_POINT('',(-2.43269999999997,3.46944695195361E-15,0.0899999999999601));
#10887=CARTESIAN_POINT('',(-2.43269999999997,3.46944695195361E-15,-0.603000000000031));
#10888=CARTESIAN_POINT('',(-2.43269999999997,3.46944695195361E-15,-0.42000000000003));
#10889=CARTESIAN_POINT('',(-2.43269999999997,3.46944695195361E-15,-0.23700000000003));
#10890=CARTESIAN_POINT('',(-2.43269999999997,3.46944695195361E-15,0.0899999999999601));
#10891=CARTESIAN_POINT('',(-2.43269999999997,3.46944695195361E-15,-0.183000000000043));
#10892=CARTESIAN_POINT('',(-2.43269999999997,3.46944695195361E-15,-3.15408908301174E-14));
#10893=CARTESIAN_POINT('',(-2.43269999999997,3.46944695195361E-15,0.182999999999957));
#10894=CARTESIAN_POINT('',(-2.43269999999997,3.46944695195361E-15,0.0899999999999601));
#10895=CARTESIAN_POINT('',(-2.43269999999997,3.46944695195361E-15,-4.26176361172499E-14));
#10896=CARTESIAN_POINT('',(-2.01783086311005,3.46944695195361E-15,-4.26690854279891E-14));
#10897=CARTESIAN_POINT('',(-2.01783086311005,-0.182999999999997,-4.26690854279891E-14));
#10898=CARTESIAN_POINT('',(-2.16840434497101E-16,3.46944695195361E-15,-6.16297582203915E-30));
#10899=CARTESIAN_POINT('',(-2.01783086311006,3.46944695195361E-15,-0.42000000000003));
#10900=CARTESIAN_POINT('',(-2.01783086311006,0.183000000000003,-0.42000000000003));
#10901=CARTESIAN_POINT('',(-2.43269999999997,3.46944695195361E-15,-0.42000000000003));
#10902=CARTESIAN_POINT('',(-2.43269999999997,3.46944695195361E-15,-3.15408908301174E-14));
#10903=CARTESIAN_POINT('',(-2.43269999999997,3.46944695195361E-15,-0.42000000000003));
#10904=CARTESIAN_POINT('',(-2.43269999999997,3.46944695195361E-15,0.179999999999962));
#10905=CARTESIAN_POINT('',(-2.10128778559793,3.46944695195361E-15,-4.26619981900624E-14));
#10906=CARTESIAN_POINT('',(-2.10128778559793,-0.182999999999997,-4.26619981900624E-14));
#10907=CARTESIAN_POINT('',(-2.16840434497101E-16,3.46944695195361E-15,-6.16297582203915E-30));
#10908=CARTESIAN_POINT('',(-2.09117940838298,3.46944695195361E-15,-4.26628566026691E-14));
#10909=CARTESIAN_POINT('',(-2.09117940838298,3.46944695195361E-15,-0.172669240889924));
#10910=CARTESIAN_POINT('',(-2.09623359699042,3.46944695195361E-15,-4.26624273963657E-14));
#10911=CARTESIAN_POINT('',(-2.0890847387225,3.46944695195361E-15,-4.26630344839259E-14));
#10912=CARTESIAN_POINT('',(-2.0890847387225,3.46944695195361E-15,-0.174718820290826));
#10913=CARTESIAN_POINT('',(-2.09013207355274,3.46944695195361E-15,-4.26629455432975E-14));
#10914=CARTESIAN_POINT('',(-2.0945543357789,3.46944695195361E-15,-4.26625700007584E-14));
#10915=CARTESIAN_POINT('',(-2.0945543357789,-0.182999999999997,-4.26625700007584E-14));
#10916=CARTESIAN_POINT('',(-2.09181953725069,3.46944695195361E-15,-4.26628022423422E-14));
#10917=CARTESIAN_POINT('',(-2.02455433577897,3.46944695195361E-15,-4.26685144645618E-14));
#10918=CARTESIAN_POINT('',(-2.02455433577897,-0.182999999999997,-4.26685144645618E-14));
#10919=CARTESIAN_POINT('',(-2.16840434497101E-16,3.46944695195361E-15,-6.16297582203915E-30));
#10920=CARTESIAN_POINT('',(-2.01447161524951,3.46944695195361E-15,-4.26693706983793E-14));
#10921=CARTESIAN_POINT('',(-2.01447161524951,3.46944695195361E-15,-0.172664126516096));
#10922=CARTESIAN_POINT('',(-2.01951297551423,3.46944695195361E-15,-4.26689425814705E-14));
#10923=CARTESIAN_POINT('',(-2.01237547657804,3.46944695195361E-15,-4.26695487043859E-14));
#10924=CARTESIAN_POINT('',(-2.01237547657804,3.46944695195361E-15,-0.17471301267088));
#10925=CARTESIAN_POINT('',(-2.01342354591378,3.46944695195361E-15,-4.26694597013826E-14));
#10926=CARTESIAN_POINT('',(-2.01510316984404,3.46944695195361E-15,-4.26693170661875E-14));
#10927=CARTESIAN_POINT('',(-2.10128778559794,3.46944695195361E-15,-0.42000000000003));
#10928=CARTESIAN_POINT('',(-2.10128778559794,0.183000000000003,-0.42000000000003));
#10929=CARTESIAN_POINT('',(-2.43269999999997,3.46944695195361E-15,-0.42000000000003));
#10930=CARTESIAN_POINT('',(-2.09117940838299,3.46944695195361E-15,-0.420000000000038));
#10931=CARTESIAN_POINT('',(-2.09117940838299,3.46944695195361E-15,-0.592669240889916));
#10932=CARTESIAN_POINT('',(-2.09623359699042,3.46944695195361E-15,-0.420000000000038));
#10933=CARTESIAN_POINT('',(-2.0890847387225,3.46944695195361E-15,-0.420000000000038));
#10934=CARTESIAN_POINT('',(-2.0890847387225,3.46944695195361E-15,-0.594718820290819));
#10935=CARTESIAN_POINT('',(-2.09013207355275,3.46944695195361E-15,-0.420000000000038));
#10936=CARTESIAN_POINT('',(-2.0945543357789,3.46944695195361E-15,-0.42000000000003));
#10937=CARTESIAN_POINT('',(-2.0945543357789,0.183000000000003,-0.42000000000003));
#10938=CARTESIAN_POINT('',(-2.09181953725069,3.46944695195361E-15,-0.420000000000038));
#10939=CARTESIAN_POINT('',(-2.02455433577898,3.46944695195361E-15,-0.42000000000003));
#10940=CARTESIAN_POINT('',(-2.02455433577898,0.183000000000003,-0.42000000000003));
#10941=CARTESIAN_POINT('',(-2.43269999999997,3.46944695195361E-15,-0.42000000000003));
#10942=CARTESIAN_POINT('',(-2.01447161524952,3.46944695195361E-15,-0.420000000000038));
#10943=CARTESIAN_POINT('',(-2.01447161524952,3.46944695195361E-15,-0.59266412651609));
#10944=CARTESIAN_POINT('',(-2.01951297551423,3.46944695195361E-15,-0.420000000000038));
#10945=CARTESIAN_POINT('',(-2.01237547657804,3.46944695195361E-15,-0.420000000000038));
#10946=CARTESIAN_POINT('',(-2.01237547657804,3.46944695195361E-15,-0.594713012670874));
#10947=CARTESIAN_POINT('',(-2.01342354591378,3.46944695195361E-15,-0.420000000000038));
#10948=CARTESIAN_POINT('',(-2.01510316984404,3.46944695195361E-15,-0.420000000000038));
#10949=CARTESIAN_POINT('',(-1.96999999999997,0.,-0.42000000000003));
#10950=CARTESIAN_POINT('',(3.13318031268969,-3.99680288865059E-15,2.15319773671214E-14));
#10951=CARTESIAN_POINT('',(1.39999999999999,-3.99680288865056E-15,2.15330382111537E-14));
#10952=CARTESIAN_POINT('',(2.90000484268968,-3.99680288865056E-15,2.15330382111537E-14));
#10953=CARTESIAN_POINT('',(0.37,-3.99680288865056E-15,2.15330382111537E-14));
#10954=CARTESIAN_POINT('',(1.66999999999997,-3.5527136788005E-15,2.15330382111537E-14));
#10955=MECHANICAL_DESIGN_GEOMETRIC_PRESENTATION_REPRESENTATION('',(#203),
#10961);
#10956=MECHANICAL_DESIGN_GEOMETRIC_PRESENTATION_REPRESENTATION('',(#204,
#102,#103,#104,#105,#106,#107,#108,#109,#110,#111,#112,#113,#114,#115,#116,
#117,#118,#119,#120,#121,#122,#123,#124,#125,#126,#127,#128,#129,#205,#130,
#131,#132,#133),#10962);
#10957=MECHANICAL_DESIGN_GEOMETRIC_PRESENTATION_REPRESENTATION('',(#206,
#134,#135,#136,#137,#138,#139,#140,#141,#142,#143,#144,#145,#146,#147,#148,
#149,#150,#151,#152,#153,#154,#155,#156,#157,#158,#159,#160,#161,#162,#163,
#164,#165,#166,#167),#10963);
#10958=MECHANICAL_DESIGN_GEOMETRIC_PRESENTATION_REPRESENTATION('',(#207),
#10964);
#10959=MECHANICAL_DESIGN_GEOMETRIC_PRESENTATION_REPRESENTATION('',(#208,
#168,#169,#170,#171,#172,#173,#174,#175,#176,#177,#178,#179,#180,#181,#182,
#183,#184,#185,#186,#187,#188,#189,#190,#191,#192,#193,#194,#195,#196,#197,
#198,#199,#200),#10965);
#10960=(
GEOMETRIC_REPRESENTATION_CONTEXT(3)
GLOBAL_UNCERTAINTY_ASSIGNED_CONTEXT((#10966))
GLOBAL_UNIT_ASSIGNED_CONTEXT((#10977,#10973,#10972))
REPRESENTATION_CONTEXT('SL3-D10000001281177_A001',
'TOP_LEVEL_ASSEMBLY_PART')
);
#10961=(
GEOMETRIC_REPRESENTATION_CONTEXT(3)
GLOBAL_UNCERTAINTY_ASSIGNED_CONTEXT((#10967))
GLOBAL_UNIT_ASSIGNED_CONTEXT((#10977,#10973,#10972))
REPRESENTATION_CONTEXT('Tip_G-D10000001281183_A001','COMPONENT_PART')
);
#10962=(
GEOMETRIC_REPRESENTATION_CONTEXT(3)
GLOBAL_UNCERTAINTY_ASSIGNED_CONTEXT((#10968))
GLOBAL_UNIT_ASSIGNED_CONTEXT((#10977,#10973,#10972))
REPRESENTATION_CONTEXT('Sweeps7-D10000001281182_A001','COMPONENT_PART')
);
#10963=(
GEOMETRIC_REPRESENTATION_CONTEXT(3)
GLOBAL_UNCERTAINTY_ASSIGNED_CONTEXT((#10969))
GLOBAL_UNIT_ASSIGNED_CONTEXT((#10977,#10973,#10972))
REPRESENTATION_CONTEXT('Sweeps6-D10000001281181_A001','COMPONENT_PART')
);
#10964=(
GEOMETRIC_REPRESENTATION_CONTEXT(3)
GLOBAL_UNCERTAINTY_ASSIGNED_CONTEXT((#10970))
GLOBAL_UNIT_ASSIGNED_CONTEXT((#10977,#10973,#10972))
REPRESENTATION_CONTEXT('Sweeps_V12_neg-D10000001281180_A001',
'COMPONENT_PART')
);
#10965=(
GEOMETRIC_REPRESENTATION_CONTEXT(3)
GLOBAL_UNCERTAINTY_ASSIGNED_CONTEXT((#10971))
GLOBAL_UNIT_ASSIGNED_CONTEXT((#10977,#10973,#10972))
REPRESENTATION_CONTEXT('Inlet4-D10000001281179_A001','COMPONENT_PART')
);
#10966=UNCERTAINTY_MEASURE_WITH_UNIT(LENGTH_MEASURE(2.E-5),#10977,
'DISTANCE_ACCURACY_VALUE','Maximum Tolerance applied to model');
#10967=UNCERTAINTY_MEASURE_WITH_UNIT(LENGTH_MEASURE(5.08E-5),#10977,
'DISTANCE_ACCURACY_VALUE','Maximum Tolerance applied to model');
#10968=UNCERTAINTY_MEASURE_WITH_UNIT(LENGTH_MEASURE(5.08E-5),#10977,
'DISTANCE_ACCURACY_VALUE','Maximum Tolerance applied to model');
#10969=UNCERTAINTY_MEASURE_WITH_UNIT(LENGTH_MEASURE(5.08E-5),#10977,
'DISTANCE_ACCURACY_VALUE','Maximum Tolerance applied to model');
#10970=UNCERTAINTY_MEASURE_WITH_UNIT(LENGTH_MEASURE(5.08E-5),#10977,
'DISTANCE_ACCURACY_VALUE','Maximum Tolerance applied to model');
#10971=UNCERTAINTY_MEASURE_WITH_UNIT(LENGTH_MEASURE(5.08E-5),#10977,
'DISTANCE_ACCURACY_VALUE','Maximum Tolerance applied to model');
#10972=(
NAMED_UNIT(*)
SI_UNIT($,.STERADIAN.)
SOLID_ANGLE_UNIT()
);
#10973=(
CONVERSION_BASED_UNIT('DEGREE',#10975)
NAMED_UNIT(#10974)
PLANE_ANGLE_UNIT()
);
#10974=DIMENSIONAL_EXPONENTS(0.,0.,0.,0.,0.,0.,0.);
#10975=PLANE_ANGLE_MEASURE_WITH_UNIT(PLANE_ANGLE_MEASURE(0.0174532925),
#10976);
#10976=(
NAMED_UNIT(*)
PLANE_ANGLE_UNIT()
SI_UNIT($,.RADIAN.)
);
#10977=(
LENGTH_UNIT()
NAMED_UNIT(*)
SI_UNIT(.MILLI.,.METRE.)
);
ENDSEC;
END-ISO-10303-21;
