ISO-10303-21;
HEADER;
/* Generated by software containing ST-Developer
 * from STEP Tools, Inc. (www.steptools.com) 
 */
/* OPTION: using custom schema-name function */

FILE_DESCRIPTION(
/* description */ (''),
/* implementation_level */ '2;1');

FILE_NAME(
/* name */ 'Y2-D10000001280866_A001.stp',
/* time_stamp */ '2026-02-06T20:41:07+01:00',
/* author */ (''),
/* organization */ (''),
/* preprocessor_version */ 'ST-DEVELOPER v20',
/* originating_system */ 'SIEMENS PLM Software NX2312.8501',
/* authorisation */ '');

FILE_SCHEMA (('AUTOMOTIVE_DESIGN { 1 0 10303 214 3 1 1 1 }'));
ENDSEC;

DATA;
#10=CONTEXT_DEPENDENT_SHAPE_REPRESENTATION(#18,#44);
#11=CONTEXT_DEPENDENT_SHAPE_REPRESENTATION(#19,#45);
#12=CONTEXT_DEPENDENT_SHAPE_REPRESENTATION(#20,#46);
#13=CONTEXT_DEPENDENT_SHAPE_REPRESENTATION(#21,#47);
#14=NEXT_ASSEMBLY_USAGE_OCCURRENCE('1001',' ','D10000001280862',#52,#51,
$);
#15=NEXT_ASSEMBLY_USAGE_OCCURRENCE('1002',' ','D10000001280865',#52,#50,
$);
#16=NEXT_ASSEMBLY_USAGE_OCCURRENCE('1003',' ','D10000001280861',#52,#49,
$);
#17=NEXT_ASSEMBLY_USAGE_OCCURRENCE('1004',' ','D10000001280857',#52,#48,
$);
#18=(
REPRESENTATION_RELATIONSHIP(' ',' ',#83,#84)
REPRESENTATION_RELATIONSHIP_WITH_TRANSFORMATION(#22)
SHAPE_REPRESENTATION_RELATIONSHIP()
);
#19=(
REPRESENTATION_RELATIONSHIP(' ',' ',#82,#84)
REPRESENTATION_RELATIONSHIP_WITH_TRANSFORMATION(#23)
SHAPE_REPRESENTATION_RELATIONSHIP()
);
#20=(
REPRESENTATION_RELATIONSHIP(' ',' ',#81,#84)
REPRESENTATION_RELATIONSHIP_WITH_TRANSFORMATION(#24)
SHAPE_REPRESENTATION_RELATIONSHIP()
);
#21=(
REPRESENTATION_RELATIONSHIP(' ',' ',#80,#84)
REPRESENTATION_RELATIONSHIP_WITH_TRANSFORMATION(#25)
SHAPE_REPRESENTATION_RELATIONSHIP()
);
#22=ITEM_DEFINED_TRANSFORMATION(' ',' ',#2668,#2887);
#23=ITEM_DEFINED_TRANSFORMATION(' ',' ',#2668,#2888);
#24=ITEM_DEFINED_TRANSFORMATION(' ',' ',#2668,#2889);
#25=ITEM_DEFINED_TRANSFORMATION(' ',' ',#2668,#2890);
#26=SHAPE_REPRESENTATION_RELATIONSHIP('MODEL',
'relationship between Sweeps_V10.2_neg-D10000001280857_A001-MODEL and 
Sweeps_V10.2_neg-D10000001280857_A001-MODEL',#80,#30);
#27=SHAPE_REPRESENTATION_RELATIONSHIP('MODEL',
'relationship between Sweeps-D10000001280861_A001-MODEL and Sweeps-D10
000001280861_A001-MODEL',#81,#31);
#28=SHAPE_REPRESENTATION_RELATIONSHIP('MODEL',
'relationship between Inlet-D10000001280865_A001-MODEL and Inlet-D1000
0001280865_A001-MODEL',#82,#32);
#29=SHAPE_REPRESENTATION_RELATIONSHIP('MODEL',
'relationship between Outlet-D10000001280862_A001-MODEL and Outlet-D10
000001280862_A001-MODEL',#83,#33);
#30=ADVANCED_BREP_SHAPE_REPRESENTATION(
'Sweeps_V10.2_neg-D10000001280857_A001-MODEL',(#789),#4522);
#31=ADVANCED_BREP_SHAPE_REPRESENTATION(
'Sweeps-D10000001280861_A001-MODEL',(#787,#788),#4521);
#32=ADVANCED_BREP_SHAPE_REPRESENTATION(
'Inlet-D10000001280865_A001-MODEL',(#786),#4520);
#33=ADVANCED_BREP_SHAPE_REPRESENTATION(
'Outlet-D10000001280862_A001-MODEL',(#785),#4519);
#34=SHAPE_DEFINITION_REPRESENTATION(#39,#80);
#35=SHAPE_DEFINITION_REPRESENTATION(#40,#81);
#36=SHAPE_DEFINITION_REPRESENTATION(#41,#82);
#37=SHAPE_DEFINITION_REPRESENTATION(#42,#83);
#38=SHAPE_DEFINITION_REPRESENTATION(#43,#84);
#39=PRODUCT_DEFINITION_SHAPE('','',#48);
#40=PRODUCT_DEFINITION_SHAPE('','',#49);
#41=PRODUCT_DEFINITION_SHAPE('','',#50);
#42=PRODUCT_DEFINITION_SHAPE('','',#51);
#43=PRODUCT_DEFINITION_SHAPE('','',#52);
#44=PRODUCT_DEFINITION_SHAPE(' ','NAUO PRDDFN',#14);
#45=PRODUCT_DEFINITION_SHAPE(' ','NAUO PRDDFN',#15);
#46=PRODUCT_DEFINITION_SHAPE(' ','NAUO PRDDFN',#16);
#47=PRODUCT_DEFINITION_SHAPE(' ','NAUO PRDDFN',#17);
#48=PRODUCT_DEFINITION(' ','',#58,#53);
#49=PRODUCT_DEFINITION(' ','',#59,#54);
#50=PRODUCT_DEFINITION(' ','',#60,#55);
#51=PRODUCT_DEFINITION(' ','',#61,#56);
#52=PRODUCT_DEFINITION(' ','',#62,#57);
#53=PRODUCT_DEFINITION_CONTEXT('part definition',#79,'design');
#54=PRODUCT_DEFINITION_CONTEXT('part definition',#79,'design');
#55=PRODUCT_DEFINITION_CONTEXT('part definition',#79,'design');
#56=PRODUCT_DEFINITION_CONTEXT('part definition',#79,'design');
#57=PRODUCT_DEFINITION_CONTEXT('part definition',#79,'design');
#58=PRODUCT_DEFINITION_FORMATION_WITH_SPECIFIED_SOURCE(' ',' ',#68,
 .NOT_KNOWN.);
#59=PRODUCT_DEFINITION_FORMATION_WITH_SPECIFIED_SOURCE(' ',' ',#69,
 .NOT_KNOWN.);
#60=PRODUCT_DEFINITION_FORMATION_WITH_SPECIFIED_SOURCE(' ',' ',#70,
 .NOT_KNOWN.);
#61=PRODUCT_DEFINITION_FORMATION_WITH_SPECIFIED_SOURCE(' ',' ',#71,
 .NOT_KNOWN.);
#62=PRODUCT_DEFINITION_FORMATION_WITH_SPECIFIED_SOURCE(' ',' ',#72,
 .NOT_KNOWN.);
#63=PRODUCT_RELATED_PRODUCT_CATEGORY('part','',(#68));
#64=PRODUCT_RELATED_PRODUCT_CATEGORY('part','',(#69));
#65=PRODUCT_RELATED_PRODUCT_CATEGORY('part','',(#70));
#66=PRODUCT_RELATED_PRODUCT_CATEGORY('part','',(#71));
#67=PRODUCT_RELATED_PRODUCT_CATEGORY('part','',(#72));
#68=PRODUCT('Sweeps_V10.2_neg-D10000001280857_A001',
'Sweeps_V10.2_neg-D10000001280857_A001',' ',(#73));
#69=PRODUCT('Sweeps-D10000001280861_A001','Sweeps-D10000001280861_A001',
' ',(#74));
#70=PRODUCT('Inlet-D10000001280865_A001','Inlet-D10000001280865_A001',
' ',(#75));
#71=PRODUCT('Outlet-D10000001280862_A001','Outlet-D10000001280862_A001',
' ',(#76));
#72=PRODUCT('Y2-D10000001280866_A001','Y2-D10000001280866_A001',' ',(#77));
#73=PRODUCT_CONTEXT(' ',#79,'mechanical');
#74=PRODUCT_CONTEXT(' ',#79,'mechanical');
#75=PRODUCT_CONTEXT(' ',#79,'mechanical');
#76=PRODUCT_CONTEXT(' ',#79,'mechanical');
#77=PRODUCT_CONTEXT(' ',#79,'mechanical');
#78=APPLICATION_PROTOCOL_DEFINITION('international standard',
'automotive_design',2010,#79);
#79=APPLICATION_CONTEXT(
'core data for automotive mechanical design processes');
#80=SHAPE_REPRESENTATION('Sweeps_V10.2_neg-D10000001280857_A001-MODEL',
(#2668),#4522);
#81=SHAPE_REPRESENTATION('Sweeps-D10000001280861_A001-MODEL',(#2668),#4521);
#82=SHAPE_REPRESENTATION('Inlet-D10000001280865_A001-MODEL',(#2668),#4520);
#83=SHAPE_REPRESENTATION('Outlet-D10000001280862_A001-MODEL',(#2668),#4519);
#84=SHAPE_REPRESENTATION('Y2-D10000001280866_A001-none',(#2668,#2887,#2888,
#2889,#2890),#4518);
#85=(
BOUNDED_SURFACE()
B_SPLINE_SURFACE(3,2,((#4272,#4273,#4274),(#4275,#4276,#4277),(#4278,#4279,
#4280),(#4281,#4282,#4283)),.UNSPECIFIED.,.F.,.F.,.F.)
B_SPLINE_SURFACE_WITH_KNOTS((4,4),(3,3),(0.,1.),(0.,1.),.UNSPECIFIED.)
GEOMETRIC_REPRESENTATION_ITEM()
RATIONAL_B_SPLINE_SURFACE(((1.,1.,1.),(1.,1.00057665309177,1.),(1.,0.810829833513549,
1.),(1.,0.707106781186547,1.)))
REPRESENTATION_ITEM('')
SURFACE()
);
#86=(
BOUNDED_SURFACE()
B_SPLINE_SURFACE(3,2,((#4284,#4285,#4286),(#4287,#4288,#4289),(#4290,#4291,
#4292),(#4293,#4294,#4295)),.UNSPECIFIED.,.F.,.F.,.F.)
B_SPLINE_SURFACE_WITH_KNOTS((4,4),(3,3),(0.,1.),(0.,1.),.UNSPECIFIED.)
GEOMETRIC_REPRESENTATION_ITEM()
RATIONAL_B_SPLINE_SURFACE(((1.,1.,1.),(1.,1.00057665309177,1.),(1.,0.810829833513548,
1.),(1.,0.707106781186547,1.)))
REPRESENTATION_ITEM('')
SURFACE()
);
#87=(
BOUNDED_SURFACE()
B_SPLINE_SURFACE(3,2,((#4297,#4298,#4299),(#4300,#4301,#4302),(#4303,#4304,
#4305),(#4306,#4307,#4308)),.UNSPECIFIED.,.F.,.F.,.F.)
B_SPLINE_SURFACE_WITH_KNOTS((4,4),(3,3),(0.,1.),(0.,1.),.UNSPECIFIED.)
GEOMETRIC_REPRESENTATION_ITEM()
RATIONAL_B_SPLINE_SURFACE(((1.,1.,1.),(1.,0.980098019291164,1.),(1.,0.749603566320033,
1.),(1.,0.707106781186548,1.)))
REPRESENTATION_ITEM('')
SURFACE()
);
#88=(
BOUNDED_SURFACE()
B_SPLINE_SURFACE(3,2,((#4330,#4331,#4332),(#4333,#4334,#4335),(#4336,#4337,
#4338),(#4339,#4340,#4341)),.UNSPECIFIED.,.F.,.F.,.F.)
B_SPLINE_SURFACE_WITH_KNOTS((4,4),(3,3),(0.,1.),(0.,1.),.UNSPECIFIED.)
GEOMETRIC_REPRESENTATION_ITEM()
RATIONAL_B_SPLINE_SURFACE(((1.,1.,1.),(1.,0.980098019291164,1.),(1.,0.749603566320033,
1.),(1.,0.707106781186548,1.)))
REPRESENTATION_ITEM('')
SURFACE()
);
#89=(
BOUNDED_SURFACE()
B_SPLINE_SURFACE(3,2,((#4343,#4344,#4345),(#4346,#4347,#4348),(#4349,#4350,
#4351),(#4352,#4353,#4354)),.UNSPECIFIED.,.F.,.F.,.F.)
B_SPLINE_SURFACE_WITH_KNOTS((4,4),(3,3),(0.,1.),(0.,1.),.UNSPECIFIED.)
GEOMETRIC_REPRESENTATION_ITEM()
RATIONAL_B_SPLINE_SURFACE(((1.,0.707106781186548,1.),(1.,0.707106781186548,
1.),(1.,0.707106781186548,1.),(1.,0.707106781186548,1.)))
REPRESENTATION_ITEM('')
SURFACE()
);
#90=(
BOUNDED_SURFACE()
B_SPLINE_SURFACE(3,2,((#4376,#4377,#4378),(#4379,#4380,#4381),(#4382,#4383,
#4384),(#4385,#4386,#4387),(#4388,#4389,#4390),(#4391,#4392,#4393),(#4394,
#4395,#4396),(#4397,#4398,#4399),(#4400,#4401,#4402),(#4403,#4404,#4405)),
 .UNSPECIFIED.,.F.,.F.,.F.)
B_SPLINE_SURFACE_WITH_KNOTS((4,2,2,2,4),(3,3),(0.,0.25,0.5,0.75,1.),(0.,
1.),.UNSPECIFIED.)
GEOMETRIC_REPRESENTATION_ITEM()
RATIONAL_B_SPLINE_SURFACE(((1.,0.707106781186548,1.),(1.,0.782878552668444,
1.),(1.,0.858832265340343,1.),(1.,0.951524274791695,1.),(1.,0.99580916876334,
1.),(1.,0.992227233910539,1.),(1.,0.94996135513911,1.),(1.,0.857173094336074,
1.),(1.,0.780897174849062,1.),(1.,0.707106781186547,1.)))
REPRESENTATION_ITEM('')
SURFACE()
);
#91=(
BOUNDED_SURFACE()
B_SPLINE_SURFACE(3,2,((#4406,#4407,#4408),(#4409,#4410,#4411),(#4412,#4413,
#4414),(#4415,#4416,#4417)),.UNSPECIFIED.,.F.,.F.,.F.)
B_SPLINE_SURFACE_WITH_KNOTS((4,4),(3,3),(0.,1.),(0.,1.),.UNSPECIFIED.)
GEOMETRIC_REPRESENTATION_ITEM()
RATIONAL_B_SPLINE_SURFACE(((1.,0.707106781186548,1.),(1.,0.707106781186548,
1.),(1.,0.707106781186547,1.),(1.,0.707106781186547,1.)))
REPRESENTATION_ITEM('')
SURFACE()
);
#92=(
BOUNDED_SURFACE()
B_SPLINE_SURFACE(3,2,((#4469,#4470,#4471),(#4472,#4473,#4474),(#4475,#4476,
#4477),(#4478,#4479,#4480),(#4481,#4482,#4483),(#4484,#4485,#4486)),
 .UNSPECIFIED.,.F.,.F.,.F.)
B_SPLINE_SURFACE_WITH_KNOTS((4,2,4),(3,3),(0.,0.5,1.),(0.,1.),
 .UNSPECIFIED.)
GEOMETRIC_REPRESENTATION_ITEM()
RATIONAL_B_SPLINE_SURFACE(((1.,0.169007293116778,1.),(1.,0.194924999502195,
1.),(1.,0.337049462045334,1.),(1.,0.571460818584327,1.),(1.,0.683052471941074,
1.),(1.,0.758052480611428,1.)))
REPRESENTATION_ITEM('')
SURFACE()
);
#93=(
BOUNDED_SURFACE()
B_SPLINE_SURFACE(3,2,((#4491,#4492,#4493),(#4494,#4495,#4496),(#4497,#4498,
#4499),(#4500,#4501,#4502),(#4503,#4504,#4505),(#4506,#4507,#4508)),
 .UNSPECIFIED.,.F.,.F.,.F.)
B_SPLINE_SURFACE_WITH_KNOTS((4,2,4),(3,3),(0.,0.5,1.),(0.,1.),
 .UNSPECIFIED.)
GEOMETRIC_REPRESENTATION_ITEM()
RATIONAL_B_SPLINE_SURFACE(((1.,0.758052480612289,1.),(1.,0.683589467108135,
1.),(1.,0.570051900115083,1.),(1.,0.337159496757623,1.),(1.,0.193590806707261,
1.),(1.,0.169007293105918,1.)))
REPRESENTATION_ITEM('')
SURFACE()
);
#94=SURFACE_OF_LINEAR_EXTRUSION('',#125,#2667);
#95=TOROIDAL_SURFACE('',#2733,0.20300000000001,0.01585);
#96=TOROIDAL_SURFACE('',#2784,0.052,0.008);
#97=TOROIDAL_SURFACE('',#2854,0.075,0.05);
#98=TOROIDAL_SURFACE('',#2865,0.225,0.1);
#99=TOROIDAL_SURFACE('',#2866,0.145,0.02);
#100=TOROIDAL_SURFACE('',#2883,0.119181510798547,0.01);
#101=TOROIDAL_SURFACE('',#2885,0.114281698419722,0.01);
#102=B_SPLINE_CURVE_WITH_KNOTS('',3,(#3595,#3596,#3597,#3598,#3599,#3600),
 .UNSPECIFIED.,.F.,.F.,(4,2,4),(0.,0.5,1.),.UNSPECIFIED.);
#103=B_SPLINE_CURVE_WITH_KNOTS('',3,(#3603,#3604,#3605,#3606),
 .UNSPECIFIED.,.F.,.F.,(4,4),(0.,1.),.UNSPECIFIED.);
#104=B_SPLINE_CURVE_WITH_KNOTS('',3,(#3762,#3763,#3764,#3765),
 .UNSPECIFIED.,.F.,.F.,(4,4),(0.,1.),.UNSPECIFIED.);
#105=B_SPLINE_CURVE_WITH_KNOTS('',3,(#3850,#3851,#3852,#3853),
 .UNSPECIFIED.,.F.,.F.,(4,4),(0.,1.),.UNSPECIFIED.);
#106=B_SPLINE_CURVE_WITH_KNOTS('',3,(#3858,#3859,#3860,#3861),
 .UNSPECIFIED.,.F.,.F.,(4,4),(0.,1.),.UNSPECIFIED.);
#107=B_SPLINE_CURVE_WITH_KNOTS('',3,(#3915,#3916,#3917,#3918,#3919,#3920,
#3921,#3922,#3923,#3924,#3925,#3926,#3927,#3928,#3929,#3930),
 .UNSPECIFIED.,.F.,.F.,(4,3,3,3,3,4),(0.,0.162292110264114,0.408824256399888,
0.823790715904868,0.952662070231098,1.),.UNSPECIFIED.);
#108=B_SPLINE_CURVE_WITH_KNOTS('',3,(#3941,#3942,#3943,#3944,#3945,#3946,
#3947,#3948,#3949,#3950,#3951,#3952,#3953,#3954,#3955,#3956),
 .UNSPECIFIED.,.F.,.F.,(4,3,3,3,3,4),(0.,0.0979019395563558,0.322778708496217,
0.511814727698981,0.804810794898546,1.),.UNSPECIFIED.);
#109=B_SPLINE_CURVE_WITH_KNOTS('',3,(#3989,#3990,#3991,#3992,#3993,#3994,
#3995,#3996,#3997,#3998,#3999,#4000,#4001,#4002,#4003,#4004,#4005,#4006,
#4007,#4008,#4009,#4010,#4011,#4012,#4013,#4014,#4015,#4016,#4017,#4018,
#4019,#4020,#4021,#4022,#4023,#4024,#4025,#4026,#4027,#4028),
 .UNSPECIFIED.,.F.,.F.,(4,3,3,3,3,3,3,3,3,3,3,3,3,4),(0.,0.0985645209184938,
0.167787688754998,0.292551030590667,0.421645256849744,0.461874268648508,
0.485581959035165,0.506654518306433,0.527114970731157,0.570178096434234,
0.629079175447722,0.73995850990507,0.890113301560195,1.),.UNSPECIFIED.);
#110=B_SPLINE_CURVE_WITH_KNOTS('',3,(#4030,#4031,#4032,#4033,#4034,#4035,
#4036,#4037,#4038,#4039,#4040,#4041,#4042,#4043,#4044,#4045,#4046,#4047,
#4048,#4049,#4050,#4051),.UNSPECIFIED.,.F.,.F.,(4,3,3,3,3,3,3,4),(0.,0.000286514206195774,
0.0515184401838935,0.102748140008814,0.205141829616402,0.569142098375986,
0.789109190084465,1.),.UNSPECIFIED.);
#111=B_SPLINE_CURVE_WITH_KNOTS('',3,(#4055,#4056,#4057,#4058,#4059,#4060,
#4061),.UNSPECIFIED.,.F.,.F.,(4,3,4),(0.,0.496207860911574,1.),
 .UNSPECIFIED.);
#112=B_SPLINE_CURVE_WITH_KNOTS('',3,(#4062,#4063,#4064,#4065,#4066,#4067,
#4068,#4069,#4070,#4071,#4072,#4073,#4074),.UNSPECIFIED.,.F.,.F.,(4,3,3,
3,4),(0.,0.000375781194275793,0.409366131237277,0.756273922925713,1.),
 .UNSPECIFIED.);
#113=B_SPLINE_CURVE_WITH_KNOTS('',3,(#4076,#4077,#4078,#4079,#4080,#4081,
#4082),.UNSPECIFIED.,.F.,.F.,(4,3,4),(0.,0.503792139088424,1.),
 .UNSPECIFIED.);
#114=B_SPLINE_CURVE_WITH_KNOTS('',3,(#4086,#4087,#4088,#4089,#4090,#4091,
#4092,#4093,#4094,#4095,#4096,#4097,#4098,#4099,#4100,#4101,#4102,#4103,
#4104,#4105,#4106,#4107),.UNSPECIFIED.,.F.,.F.,(4,3,3,3,3,3,3,4),(0.,0.210890809915535,
0.430857901624014,0.794858170383597,0.897251859991184,0.948481559816105,
0.999713485793804,1.),.UNSPECIFIED.);
#115=B_SPLINE_CURVE_WITH_KNOTS('',3,(#4108,#4109,#4110,#4111,#4112,#4113,
#4114,#4115,#4116,#4117,#4118,#4119,#4120),.UNSPECIFIED.,.F.,.F.,(4,3,3,
3,4),(0.,0.243726077074288,0.590633868762726,0.999624218805696,1.),
 .UNSPECIFIED.);
#116=B_SPLINE_CURVE_WITH_KNOTS('',3,(#4122,#4123,#4124,#4125,#4126,#4127,
#4128,#4129,#4130,#4131,#4132,#4133,#4134,#4135,#4136,#4137,#4138,#4139,
#4140,#4141,#4142,#4143),.UNSPECIFIED.,.F.,.F.,(4,3,3,3,3,3,3,4),(0.,0.172939788787316,
0.369055533933007,0.751487672614086,0.873898122513152,0.936550718792165,
0.999700409455863,1.),.UNSPECIFIED.);
#117=B_SPLINE_CURVE_WITH_KNOTS('',3,(#4144,#4145,#4146,#4147,#4148,#4149,
#4150,#4151,#4152,#4153,#4154,#4155,#4156,#4157,#4158,#4159,#4160,#4161,
#4162,#4163,#4164,#4165),.UNSPECIFIED.,.F.,.F.,(4,3,3,3,3,3,3,4),(0.,0.000299590544154989,
0.0634492812078381,0.126101877486852,0.248512327385916,0.630944466066994,
0.827060211212684,1.),.UNSPECIFIED.);
#118=B_SPLINE_CURVE_WITH_KNOTS('',3,(#4167,#4168,#4169,#4170,#4171,#4172,
#4173,#4174,#4175,#4176,#4177,#4178,#4179,#4180,#4181,#4182),
 .UNSPECIFIED.,.F.,.F.,(4,3,3,3,3,4),(0.,0.17033062213631,0.498564294240321,
0.881050201166219,0.999475080827842,1.),.UNSPECIFIED.);
#119=B_SPLINE_CURVE_WITH_KNOTS('',3,(#4183,#4184,#4185,#4186,#4187,#4188,
#4189,#4190,#4191,#4192,#4193,#4194,#4195,#4196,#4197,#4198),
 .UNSPECIFIED.,.F.,.F.,(4,3,3,3,3,4),(0.,0.000524919172184782,0.118949798833781,
0.501435705759679,0.82966937786369,1.),.UNSPECIFIED.);
#120=B_SPLINE_CURVE_WITH_KNOTS('',3,(#4200,#4201,#4202,#4203,#4204,#4205,
#4206),.UNSPECIFIED.,.F.,.F.,(4,3,4),(0.,0.516959022213766,1.),
 .UNSPECIFIED.);
#121=B_SPLINE_CURVE_WITH_KNOTS('',3,(#4209,#4210,#4211,#4212,#4213,#4214,
#4215,#4216,#4217,#4218,#4219,#4220,#4221,#4222,#4223,#4224,#4225,#4226,
#4227,#4228,#4229,#4230,#4231,#4232,#4233,#4234,#4235,#4236,#4237,#4238,
#4239),.UNSPECIFIED.,.F.,.F.,(4,3,3,3,3,3,3,3,3,3,4),(0.,0.0945175383209858,
0.405308979875365,0.469497782025889,0.495650726164372,0.500830226985023,
0.521570479017755,0.553342925471416,0.615604101083267,0.846308148422862,
1.),.UNSPECIFIED.);
#122=B_SPLINE_CURVE_WITH_KNOTS('',3,(#4241,#4242,#4243,#4244,#4245,#4246,
#4247),.UNSPECIFIED.,.F.,.F.,(4,3,4),(0.,0.53893837054109,1.),
 .UNSPECIFIED.);
#123=B_SPLINE_CURVE_WITH_KNOTS('',3,(#4249,#4250,#4251,#4252,#4253,#4254,
#4255,#4256,#4257,#4258),.UNSPECIFIED.,.F.,.F.,(4,3,3,4),(0.,0.0601663414458986,
0.510830071606424,1.),.UNSPECIFIED.);
#124=B_SPLINE_CURVE_WITH_KNOTS('',3,(#4259,#4260,#4261,#4262,#4263,#4264,
#4265),.UNSPECIFIED.,.F.,.F.,(4,3,4),(0.,0.488397920791226,1.),
 .UNSPECIFIED.);
#125=B_SPLINE_CURVE_WITH_KNOTS('',2,(#4266,#4267,#4268,#4269,#4270,#4271),
 .UNSPECIFIED.,.F.,.F.,(3,1,1,1,3),(0.,0.396638914994276,0.606362092611993,
0.765043798520073,1.),.UNSPECIFIED.);
#126=B_SPLINE_CURVE_WITH_KNOTS('',3,(#4309,#4310,#4311,#4312,#4313,#4314,
#4315,#4316,#4317,#4318,#4319,#4320,#4321,#4322,#4323,#4324,#4325,#4326,
#4327),.UNSPECIFIED.,.F.,.F.,(4,3,3,3,3,3,4),(0.,0.0226758141221936,0.140312458674284,
0.355234351769837,0.570156236739707,0.785078118261917,1.),.UNSPECIFIED.);
#127=B_SPLINE_CURVE_WITH_KNOTS('',3,(#4355,#4356,#4357,#4358,#4359,#4360,
#4361,#4362,#4363,#4364,#4365,#4366,#4367,#4368,#4369,#4370,#4371,#4372,
#4373),.UNSPECIFIED.,.F.,.F.,(4,3,3,3,3,3,4),(0.,0.214921881756288,0.429843763296701,
0.644765648284775,0.859687541398532,0.977324185962947,1.),.UNSPECIFIED.);
#128=B_SPLINE_CURVE_WITH_KNOTS('',3,(#4421,#4422,#4423,#4424,#4425,#4426,
#4427,#4428,#4429,#4430,#4431,#4432,#4433,#4434,#4435,#4436),
 .UNSPECIFIED.,.F.,.F.,(4,3,3,3,3,4),(0.,0.162257382943807,0.186345284088373,
0.607005442723276,0.847629926190278,1.),.UNSPECIFIED.);
#129=B_SPLINE_CURVE_WITH_KNOTS('',3,(#4440,#4441,#4442,#4443,#4444,#4445,
#4446,#4447,#4448,#4449,#4450,#4451,#4452),.UNSPECIFIED.,.F.,.F.,(4,3,3,
3,4),(0.,0.183512165715661,0.471156600752997,0.896896213097359,1.),
 .UNSPECIFIED.);
#130=B_SPLINE_CURVE_WITH_KNOTS('',3,(#4459,#4460,#4461,#4462,#4463,#4464),
 .UNSPECIFIED.,.T.,.F.,(2,2,2,2,2),(-0.5,0.,0.5,1.,1.5),.UNSPECIFIED.);
#131=OVER_RIDING_STYLED_ITEM('',(#227),#974,#221);
#132=OVER_RIDING_STYLED_ITEM('',(#228),#975,#221);
#133=OVER_RIDING_STYLED_ITEM('',(#229),#976,#221);
#134=OVER_RIDING_STYLED_ITEM('',(#230),#977,#221);
#135=OVER_RIDING_STYLED_ITEM('',(#231),#978,#221);
#136=OVER_RIDING_STYLED_ITEM('',(#232),#979,#221);
#137=OVER_RIDING_STYLED_ITEM('',(#233),#980,#221);
#138=OVER_RIDING_STYLED_ITEM('',(#234),#981,#221);
#139=OVER_RIDING_STYLED_ITEM('',(#235),#982,#221);
#140=OVER_RIDING_STYLED_ITEM('',(#236),#983,#221);
#141=OVER_RIDING_STYLED_ITEM('',(#237),#984,#221);
#142=OVER_RIDING_STYLED_ITEM('',(#238),#985,#221);
#143=OVER_RIDING_STYLED_ITEM('',(#239),#986,#221);
#144=OVER_RIDING_STYLED_ITEM('',(#240),#987,#221);
#145=OVER_RIDING_STYLED_ITEM('',(#241),#988,#221);
#146=OVER_RIDING_STYLED_ITEM('',(#242),#989,#221);
#147=OVER_RIDING_STYLED_ITEM('',(#243),#990,#221);
#148=OVER_RIDING_STYLED_ITEM('',(#244),#991,#221);
#149=OVER_RIDING_STYLED_ITEM('',(#245),#992,#221);
#150=OVER_RIDING_STYLED_ITEM('',(#246),#993,#221);
#151=OVER_RIDING_STYLED_ITEM('',(#248),#995,#222);
#152=OVER_RIDING_STYLED_ITEM('',(#249),#996,#222);
#153=OVER_RIDING_STYLED_ITEM('',(#250),#997,#222);
#154=OVER_RIDING_STYLED_ITEM('',(#251),#998,#222);
#155=OVER_RIDING_STYLED_ITEM('',(#252),#999,#222);
#156=OVER_RIDING_STYLED_ITEM('',(#253),#1000,#222);
#157=OVER_RIDING_STYLED_ITEM('',(#254),#1001,#222);
#158=OVER_RIDING_STYLED_ITEM('',(#255),#1002,#222);
#159=OVER_RIDING_STYLED_ITEM('',(#256),#1003,#222);
#160=OVER_RIDING_STYLED_ITEM('',(#257),#1004,#222);
#161=OVER_RIDING_STYLED_ITEM('',(#258),#1005,#222);
#162=OVER_RIDING_STYLED_ITEM('',(#259),#1006,#222);
#163=OVER_RIDING_STYLED_ITEM('',(#260),#1007,#222);
#164=OVER_RIDING_STYLED_ITEM('',(#261),#1008,#222);
#165=OVER_RIDING_STYLED_ITEM('',(#262),#1009,#222);
#166=OVER_RIDING_STYLED_ITEM('',(#263),#1010,#222);
#167=OVER_RIDING_STYLED_ITEM('',(#264),#1011,#222);
#168=OVER_RIDING_STYLED_ITEM('',(#265),#1012,#222);
#169=OVER_RIDING_STYLED_ITEM('',(#266),#1013,#222);
#170=OVER_RIDING_STYLED_ITEM('',(#267),#1014,#222);
#171=OVER_RIDING_STYLED_ITEM('',(#268),#1015,#222);
#172=OVER_RIDING_STYLED_ITEM('',(#269),#1016,#222);
#173=OVER_RIDING_STYLED_ITEM('',(#270),#1017,#222);
#174=OVER_RIDING_STYLED_ITEM('',(#271),#1018,#222);
#175=OVER_RIDING_STYLED_ITEM('',(#272),#1019,#222);
#176=OVER_RIDING_STYLED_ITEM('',(#273),#1020,#222);
#177=OVER_RIDING_STYLED_ITEM('',(#274),#1021,#222);
#178=OVER_RIDING_STYLED_ITEM('',(#275),#1022,#222);
#179=OVER_RIDING_STYLED_ITEM('',(#276),#1023,#222);
#180=OVER_RIDING_STYLED_ITEM('',(#277),#1024,#222);
#181=OVER_RIDING_STYLED_ITEM('',(#278),#1025,#222);
#182=OVER_RIDING_STYLED_ITEM('',(#279),#1026,#222);
#183=OVER_RIDING_STYLED_ITEM('',(#280),#1027,#222);
#184=OVER_RIDING_STYLED_ITEM('',(#282),#1028,#223);
#185=OVER_RIDING_STYLED_ITEM('',(#283),#1029,#223);
#186=OVER_RIDING_STYLED_ITEM('',(#284),#1030,#223);
#187=OVER_RIDING_STYLED_ITEM('',(#285),#1031,#223);
#188=OVER_RIDING_STYLED_ITEM('',(#286),#1032,#223);
#189=OVER_RIDING_STYLED_ITEM('',(#288),#1033,#224);
#190=OVER_RIDING_STYLED_ITEM('',(#289),#1034,#224);
#191=OVER_RIDING_STYLED_ITEM('',(#290),#1035,#224);
#192=OVER_RIDING_STYLED_ITEM('',(#291),#1036,#224);
#193=OVER_RIDING_STYLED_ITEM('',(#292),#1037,#224);
#194=OVER_RIDING_STYLED_ITEM('',(#293),#1038,#224);
#195=OVER_RIDING_STYLED_ITEM('',(#294),#1039,#224);
#196=OVER_RIDING_STYLED_ITEM('',(#295),#1040,#224);
#197=OVER_RIDING_STYLED_ITEM('',(#296),#1041,#224);
#198=OVER_RIDING_STYLED_ITEM('',(#297),#1042,#224);
#199=OVER_RIDING_STYLED_ITEM('',(#298),#1043,#224);
#200=OVER_RIDING_STYLED_ITEM('',(#299),#1044,#224);
#201=OVER_RIDING_STYLED_ITEM('',(#300),#1045,#224);
#202=OVER_RIDING_STYLED_ITEM('',(#301),#1046,#224);
#203=OVER_RIDING_STYLED_ITEM('',(#302),#1047,#224);
#204=OVER_RIDING_STYLED_ITEM('',(#303),#1048,#224);
#205=OVER_RIDING_STYLED_ITEM('',(#304),#1049,#224);
#206=OVER_RIDING_STYLED_ITEM('',(#305),#1050,#224);
#207=OVER_RIDING_STYLED_ITEM('',(#306),#1051,#224);
#208=OVER_RIDING_STYLED_ITEM('',(#307),#1052,#224);
#209=OVER_RIDING_STYLED_ITEM('',(#308),#1053,#224);
#210=OVER_RIDING_STYLED_ITEM('',(#309),#1054,#224);
#211=OVER_RIDING_STYLED_ITEM('',(#310),#1055,#224);
#212=OVER_RIDING_STYLED_ITEM('',(#311),#1056,#224);
#213=OVER_RIDING_STYLED_ITEM('',(#312),#1057,#224);
#214=OVER_RIDING_STYLED_ITEM('',(#313),#1058,#224);
#215=OVER_RIDING_STYLED_ITEM('',(#314),#1059,#224);
#216=OVER_RIDING_STYLED_ITEM('',(#315),#1060,#224);
#217=OVER_RIDING_STYLED_ITEM('',(#316),#1061,#224);
#218=OVER_RIDING_STYLED_ITEM('',(#317),#1062,#224);
#219=COLOUR_RGB('medium steel',0.596078431372549,0.666666666666667,0.686274509803922);
#220=PRESENTATION_LAYER_ASSIGNMENT('1','Layer 1',(#785,#786,#787,#788,#789));
#221=STYLED_ITEM('',(#226),#785);
#222=STYLED_ITEM('',(#247),#786);
#223=STYLED_ITEM('',(#281),#787);
#224=STYLED_ITEM('',(#287),#788);
#225=STYLED_ITEM('',(#318),#789);
#226=PRESENTATION_STYLE_ASSIGNMENT((#319));
#227=PRESENTATION_STYLE_ASSIGNMENT((#320));
#228=PRESENTATION_STYLE_ASSIGNMENT((#321));
#229=PRESENTATION_STYLE_ASSIGNMENT((#322));
#230=PRESENTATION_STYLE_ASSIGNMENT((#323));
#231=PRESENTATION_STYLE_ASSIGNMENT((#324));
#232=PRESENTATION_STYLE_ASSIGNMENT((#325));
#233=PRESENTATION_STYLE_ASSIGNMENT((#326));
#234=PRESENTATION_STYLE_ASSIGNMENT((#327));
#235=PRESENTATION_STYLE_ASSIGNMENT((#328));
#236=PRESENTATION_STYLE_ASSIGNMENT((#329));
#237=PRESENTATION_STYLE_ASSIGNMENT((#330));
#238=PRESENTATION_STYLE_ASSIGNMENT((#331));
#239=PRESENTATION_STYLE_ASSIGNMENT((#332));
#240=PRESENTATION_STYLE_ASSIGNMENT((#333));
#241=PRESENTATION_STYLE_ASSIGNMENT((#334));
#242=PRESENTATION_STYLE_ASSIGNMENT((#335));
#243=PRESENTATION_STYLE_ASSIGNMENT((#336));
#244=PRESENTATION_STYLE_ASSIGNMENT((#337));
#245=PRESENTATION_STYLE_ASSIGNMENT((#338));
#246=PRESENTATION_STYLE_ASSIGNMENT((#339));
#247=PRESENTATION_STYLE_ASSIGNMENT((#340));
#248=PRESENTATION_STYLE_ASSIGNMENT((#341));
#249=PRESENTATION_STYLE_ASSIGNMENT((#342));
#250=PRESENTATION_STYLE_ASSIGNMENT((#343));
#251=PRESENTATION_STYLE_ASSIGNMENT((#344));
#252=PRESENTATION_STYLE_ASSIGNMENT((#345));
#253=PRESENTATION_STYLE_ASSIGNMENT((#346));
#254=PRESENTATION_STYLE_ASSIGNMENT((#347));
#255=PRESENTATION_STYLE_ASSIGNMENT((#348));
#256=PRESENTATION_STYLE_ASSIGNMENT((#349));
#257=PRESENTATION_STYLE_ASSIGNMENT((#350));
#258=PRESENTATION_STYLE_ASSIGNMENT((#351));
#259=PRESENTATION_STYLE_ASSIGNMENT((#352));
#260=PRESENTATION_STYLE_ASSIGNMENT((#353));
#261=PRESENTATION_STYLE_ASSIGNMENT((#354));
#262=PRESENTATION_STYLE_ASSIGNMENT((#355));
#263=PRESENTATION_STYLE_ASSIGNMENT((#356));
#264=PRESENTATION_STYLE_ASSIGNMENT((#357));
#265=PRESENTATION_STYLE_ASSIGNMENT((#358));
#266=PRESENTATION_STYLE_ASSIGNMENT((#359));
#267=PRESENTATION_STYLE_ASSIGNMENT((#360));
#268=PRESENTATION_STYLE_ASSIGNMENT((#361));
#269=PRESENTATION_STYLE_ASSIGNMENT((#362));
#270=PRESENTATION_STYLE_ASSIGNMENT((#363));
#271=PRESENTATION_STYLE_ASSIGNMENT((#364));
#272=PRESENTATION_STYLE_ASSIGNMENT((#365));
#273=PRESENTATION_STYLE_ASSIGNMENT((#366));
#274=PRESENTATION_STYLE_ASSIGNMENT((#367));
#275=PRESENTATION_STYLE_ASSIGNMENT((#368));
#276=PRESENTATION_STYLE_ASSIGNMENT((#369));
#277=PRESENTATION_STYLE_ASSIGNMENT((#370));
#278=PRESENTATION_STYLE_ASSIGNMENT((#371));
#279=PRESENTATION_STYLE_ASSIGNMENT((#372));
#280=PRESENTATION_STYLE_ASSIGNMENT((#373));
#281=PRESENTATION_STYLE_ASSIGNMENT((#374));
#282=PRESENTATION_STYLE_ASSIGNMENT((#375));
#283=PRESENTATION_STYLE_ASSIGNMENT((#376));
#284=PRESENTATION_STYLE_ASSIGNMENT((#377));
#285=PRESENTATION_STYLE_ASSIGNMENT((#378));
#286=PRESENTATION_STYLE_ASSIGNMENT((#379));
#287=PRESENTATION_STYLE_ASSIGNMENT((#380));
#288=PRESENTATION_STYLE_ASSIGNMENT((#381));
#289=PRESENTATION_STYLE_ASSIGNMENT((#382));
#290=PRESENTATION_STYLE_ASSIGNMENT((#383));
#291=PRESENTATION_STYLE_ASSIGNMENT((#384));
#292=PRESENTATION_STYLE_ASSIGNMENT((#385));
#293=PRESENTATION_STYLE_ASSIGNMENT((#386));
#294=PRESENTATION_STYLE_ASSIGNMENT((#387));
#295=PRESENTATION_STYLE_ASSIGNMENT((#388));
#296=PRESENTATION_STYLE_ASSIGNMENT((#389));
#297=PRESENTATION_STYLE_ASSIGNMENT((#390));
#298=PRESENTATION_STYLE_ASSIGNMENT((#391));
#299=PRESENTATION_STYLE_ASSIGNMENT((#392));
#300=PRESENTATION_STYLE_ASSIGNMENT((#393));
#301=PRESENTATION_STYLE_ASSIGNMENT((#394));
#302=PRESENTATION_STYLE_ASSIGNMENT((#395));
#303=PRESENTATION_STYLE_ASSIGNMENT((#396));
#304=PRESENTATION_STYLE_ASSIGNMENT((#397));
#305=PRESENTATION_STYLE_ASSIGNMENT((#398));
#306=PRESENTATION_STYLE_ASSIGNMENT((#399));
#307=PRESENTATION_STYLE_ASSIGNMENT((#400));
#308=PRESENTATION_STYLE_ASSIGNMENT((#401));
#309=PRESENTATION_STYLE_ASSIGNMENT((#402));
#310=PRESENTATION_STYLE_ASSIGNMENT((#403));
#311=PRESENTATION_STYLE_ASSIGNMENT((#404));
#312=PRESENTATION_STYLE_ASSIGNMENT((#405));
#313=PRESENTATION_STYLE_ASSIGNMENT((#406));
#314=PRESENTATION_STYLE_ASSIGNMENT((#407));
#315=PRESENTATION_STYLE_ASSIGNMENT((#408));
#316=PRESENTATION_STYLE_ASSIGNMENT((#409));
#317=PRESENTATION_STYLE_ASSIGNMENT((#410));
#318=PRESENTATION_STYLE_ASSIGNMENT((#411));
#319=SURFACE_STYLE_USAGE(.BOTH.,#412);
#320=SURFACE_STYLE_USAGE(.BOTH.,#413);
#321=SURFACE_STYLE_USAGE(.BOTH.,#414);
#322=SURFACE_STYLE_USAGE(.BOTH.,#415);
#323=SURFACE_STYLE_USAGE(.BOTH.,#416);
#324=SURFACE_STYLE_USAGE(.BOTH.,#417);
#325=SURFACE_STYLE_USAGE(.BOTH.,#418);
#326=SURFACE_STYLE_USAGE(.BOTH.,#419);
#327=SURFACE_STYLE_USAGE(.BOTH.,#420);
#328=SURFACE_STYLE_USAGE(.BOTH.,#421);
#329=SURFACE_STYLE_USAGE(.BOTH.,#422);
#330=SURFACE_STYLE_USAGE(.BOTH.,#423);
#331=SURFACE_STYLE_USAGE(.BOTH.,#424);
#332=SURFACE_STYLE_USAGE(.BOTH.,#425);
#333=SURFACE_STYLE_USAGE(.BOTH.,#426);
#334=SURFACE_STYLE_USAGE(.BOTH.,#427);
#335=SURFACE_STYLE_USAGE(.BOTH.,#428);
#336=SURFACE_STYLE_USAGE(.BOTH.,#429);
#337=SURFACE_STYLE_USAGE(.BOTH.,#430);
#338=SURFACE_STYLE_USAGE(.BOTH.,#431);
#339=SURFACE_STYLE_USAGE(.BOTH.,#432);
#340=SURFACE_STYLE_USAGE(.BOTH.,#433);
#341=SURFACE_STYLE_USAGE(.BOTH.,#434);
#342=SURFACE_STYLE_USAGE(.BOTH.,#435);
#343=SURFACE_STYLE_USAGE(.BOTH.,#436);
#344=SURFACE_STYLE_USAGE(.BOTH.,#437);
#345=SURFACE_STYLE_USAGE(.BOTH.,#438);
#346=SURFACE_STYLE_USAGE(.BOTH.,#439);
#347=SURFACE_STYLE_USAGE(.BOTH.,#440);
#348=SURFACE_STYLE_USAGE(.BOTH.,#441);
#349=SURFACE_STYLE_USAGE(.BOTH.,#442);
#350=SURFACE_STYLE_USAGE(.BOTH.,#443);
#351=SURFACE_STYLE_USAGE(.BOTH.,#444);
#352=SURFACE_STYLE_USAGE(.BOTH.,#445);
#353=SURFACE_STYLE_USAGE(.BOTH.,#446);
#354=SURFACE_STYLE_USAGE(.BOTH.,#447);
#355=SURFACE_STYLE_USAGE(.BOTH.,#448);
#356=SURFACE_STYLE_USAGE(.BOTH.,#449);
#357=SURFACE_STYLE_USAGE(.BOTH.,#450);
#358=SURFACE_STYLE_USAGE(.BOTH.,#451);
#359=SURFACE_STYLE_USAGE(.BOTH.,#452);
#360=SURFACE_STYLE_USAGE(.BOTH.,#453);
#361=SURFACE_STYLE_USAGE(.BOTH.,#454);
#362=SURFACE_STYLE_USAGE(.BOTH.,#455);
#363=SURFACE_STYLE_USAGE(.BOTH.,#456);
#364=SURFACE_STYLE_USAGE(.BOTH.,#457);
#365=SURFACE_STYLE_USAGE(.BOTH.,#458);
#366=SURFACE_STYLE_USAGE(.BOTH.,#459);
#367=SURFACE_STYLE_USAGE(.BOTH.,#460);
#368=SURFACE_STYLE_USAGE(.BOTH.,#461);
#369=SURFACE_STYLE_USAGE(.BOTH.,#462);
#370=SURFACE_STYLE_USAGE(.BOTH.,#463);
#371=SURFACE_STYLE_USAGE(.BOTH.,#464);
#372=SURFACE_STYLE_USAGE(.BOTH.,#465);
#373=SURFACE_STYLE_USAGE(.BOTH.,#466);
#374=SURFACE_STYLE_USAGE(.BOTH.,#467);
#375=SURFACE_STYLE_USAGE(.BOTH.,#468);
#376=SURFACE_STYLE_USAGE(.BOTH.,#469);
#377=SURFACE_STYLE_USAGE(.BOTH.,#470);
#378=SURFACE_STYLE_USAGE(.BOTH.,#471);
#379=SURFACE_STYLE_USAGE(.BOTH.,#472);
#380=SURFACE_STYLE_USAGE(.BOTH.,#473);
#381=SURFACE_STYLE_USAGE(.BOTH.,#474);
#382=SURFACE_STYLE_USAGE(.BOTH.,#475);
#383=SURFACE_STYLE_USAGE(.BOTH.,#476);
#384=SURFACE_STYLE_USAGE(.BOTH.,#477);
#385=SURFACE_STYLE_USAGE(.BOTH.,#478);
#386=SURFACE_STYLE_USAGE(.BOTH.,#479);
#387=SURFACE_STYLE_USAGE(.BOTH.,#480);
#388=SURFACE_STYLE_USAGE(.BOTH.,#481);
#389=SURFACE_STYLE_USAGE(.BOTH.,#482);
#390=SURFACE_STYLE_USAGE(.BOTH.,#483);
#391=SURFACE_STYLE_USAGE(.BOTH.,#484);
#392=SURFACE_STYLE_USAGE(.BOTH.,#485);
#393=SURFACE_STYLE_USAGE(.BOTH.,#486);
#394=SURFACE_STYLE_USAGE(.BOTH.,#487);
#395=SURFACE_STYLE_USAGE(.BOTH.,#488);
#396=SURFACE_STYLE_USAGE(.BOTH.,#489);
#397=SURFACE_STYLE_USAGE(.BOTH.,#490);
#398=SURFACE_STYLE_USAGE(.BOTH.,#491);
#399=SURFACE_STYLE_USAGE(.BOTH.,#492);
#400=SURFACE_STYLE_USAGE(.BOTH.,#493);
#401=SURFACE_STYLE_USAGE(.BOTH.,#494);
#402=SURFACE_STYLE_USAGE(.BOTH.,#495);
#403=SURFACE_STYLE_USAGE(.BOTH.,#496);
#404=SURFACE_STYLE_USAGE(.BOTH.,#497);
#405=SURFACE_STYLE_USAGE(.BOTH.,#498);
#406=SURFACE_STYLE_USAGE(.BOTH.,#499);
#407=SURFACE_STYLE_USAGE(.BOTH.,#500);
#408=SURFACE_STYLE_USAGE(.BOTH.,#501);
#409=SURFACE_STYLE_USAGE(.BOTH.,#502);
#410=SURFACE_STYLE_USAGE(.BOTH.,#503);
#411=SURFACE_STYLE_USAGE(.BOTH.,#504);
#412=SURFACE_SIDE_STYLE('',(#505));
#413=SURFACE_SIDE_STYLE('',(#506));
#414=SURFACE_SIDE_STYLE('',(#507));
#415=SURFACE_SIDE_STYLE('',(#508));
#416=SURFACE_SIDE_STYLE('',(#509));
#417=SURFACE_SIDE_STYLE('',(#510));
#418=SURFACE_SIDE_STYLE('',(#511));
#419=SURFACE_SIDE_STYLE('',(#512));
#420=SURFACE_SIDE_STYLE('',(#513));
#421=SURFACE_SIDE_STYLE('',(#514));
#422=SURFACE_SIDE_STYLE('',(#515));
#423=SURFACE_SIDE_STYLE('',(#516));
#424=SURFACE_SIDE_STYLE('',(#517));
#425=SURFACE_SIDE_STYLE('',(#518));
#426=SURFACE_SIDE_STYLE('',(#519));
#427=SURFACE_SIDE_STYLE('',(#520));
#428=SURFACE_SIDE_STYLE('',(#521));
#429=SURFACE_SIDE_STYLE('',(#522));
#430=SURFACE_SIDE_STYLE('',(#523));
#431=SURFACE_SIDE_STYLE('',(#524));
#432=SURFACE_SIDE_STYLE('',(#525));
#433=SURFACE_SIDE_STYLE('',(#526));
#434=SURFACE_SIDE_STYLE('',(#527));
#435=SURFACE_SIDE_STYLE('',(#528));
#436=SURFACE_SIDE_STYLE('',(#529));
#437=SURFACE_SIDE_STYLE('',(#530));
#438=SURFACE_SIDE_STYLE('',(#531));
#439=SURFACE_SIDE_STYLE('',(#532));
#440=SURFACE_SIDE_STYLE('',(#533));
#441=SURFACE_SIDE_STYLE('',(#534));
#442=SURFACE_SIDE_STYLE('',(#535));
#443=SURFACE_SIDE_STYLE('',(#536));
#444=SURFACE_SIDE_STYLE('',(#537));
#445=SURFACE_SIDE_STYLE('',(#538));
#446=SURFACE_SIDE_STYLE('',(#539));
#447=SURFACE_SIDE_STYLE('',(#540));
#448=SURFACE_SIDE_STYLE('',(#541));
#449=SURFACE_SIDE_STYLE('',(#542));
#450=SURFACE_SIDE_STYLE('',(#543));
#451=SURFACE_SIDE_STYLE('',(#544));
#452=SURFACE_SIDE_STYLE('',(#545));
#453=SURFACE_SIDE_STYLE('',(#546));
#454=SURFACE_SIDE_STYLE('',(#547));
#455=SURFACE_SIDE_STYLE('',(#548));
#456=SURFACE_SIDE_STYLE('',(#549));
#457=SURFACE_SIDE_STYLE('',(#550));
#458=SURFACE_SIDE_STYLE('',(#551));
#459=SURFACE_SIDE_STYLE('',(#552));
#460=SURFACE_SIDE_STYLE('',(#553));
#461=SURFACE_SIDE_STYLE('',(#554));
#462=SURFACE_SIDE_STYLE('',(#555));
#463=SURFACE_SIDE_STYLE('',(#556));
#464=SURFACE_SIDE_STYLE('',(#557));
#465=SURFACE_SIDE_STYLE('',(#558));
#466=SURFACE_SIDE_STYLE('',(#559));
#467=SURFACE_SIDE_STYLE('',(#560));
#468=SURFACE_SIDE_STYLE('',(#561));
#469=SURFACE_SIDE_STYLE('',(#562));
#470=SURFACE_SIDE_STYLE('',(#563));
#471=SURFACE_SIDE_STYLE('',(#564));
#472=SURFACE_SIDE_STYLE('',(#565));
#473=SURFACE_SIDE_STYLE('',(#566));
#474=SURFACE_SIDE_STYLE('',(#567));
#475=SURFACE_SIDE_STYLE('',(#568));
#476=SURFACE_SIDE_STYLE('',(#569));
#477=SURFACE_SIDE_STYLE('',(#570));
#478=SURFACE_SIDE_STYLE('',(#571));
#479=SURFACE_SIDE_STYLE('',(#572));
#480=SURFACE_SIDE_STYLE('',(#573));
#481=SURFACE_SIDE_STYLE('',(#574));
#482=SURFACE_SIDE_STYLE('',(#575));
#483=SURFACE_SIDE_STYLE('',(#576));
#484=SURFACE_SIDE_STYLE('',(#577));
#485=SURFACE_SIDE_STYLE('',(#578));
#486=SURFACE_SIDE_STYLE('',(#579));
#487=SURFACE_SIDE_STYLE('',(#580));
#488=SURFACE_SIDE_STYLE('',(#581));
#489=SURFACE_SIDE_STYLE('',(#582));
#490=SURFACE_SIDE_STYLE('',(#583));
#491=SURFACE_SIDE_STYLE('',(#584));
#492=SURFACE_SIDE_STYLE('',(#585));
#493=SURFACE_SIDE_STYLE('',(#586));
#494=SURFACE_SIDE_STYLE('',(#587));
#495=SURFACE_SIDE_STYLE('',(#588));
#496=SURFACE_SIDE_STYLE('',(#589));
#497=SURFACE_SIDE_STYLE('',(#590));
#498=SURFACE_SIDE_STYLE('',(#591));
#499=SURFACE_SIDE_STYLE('',(#592));
#500=SURFACE_SIDE_STYLE('',(#593));
#501=SURFACE_SIDE_STYLE('',(#594));
#502=SURFACE_SIDE_STYLE('',(#595));
#503=SURFACE_SIDE_STYLE('',(#596));
#504=SURFACE_SIDE_STYLE('',(#597));
#505=SURFACE_STYLE_FILL_AREA(#598);
#506=SURFACE_STYLE_FILL_AREA(#599);
#507=SURFACE_STYLE_FILL_AREA(#600);
#508=SURFACE_STYLE_FILL_AREA(#601);
#509=SURFACE_STYLE_FILL_AREA(#602);
#510=SURFACE_STYLE_FILL_AREA(#603);
#511=SURFACE_STYLE_FILL_AREA(#604);
#512=SURFACE_STYLE_FILL_AREA(#605);
#513=SURFACE_STYLE_FILL_AREA(#606);
#514=SURFACE_STYLE_FILL_AREA(#607);
#515=SURFACE_STYLE_FILL_AREA(#608);
#516=SURFACE_STYLE_FILL_AREA(#609);
#517=SURFACE_STYLE_FILL_AREA(#610);
#518=SURFACE_STYLE_FILL_AREA(#611);
#519=SURFACE_STYLE_FILL_AREA(#612);
#520=SURFACE_STYLE_FILL_AREA(#613);
#521=SURFACE_STYLE_FILL_AREA(#614);
#522=SURFACE_STYLE_FILL_AREA(#615);
#523=SURFACE_STYLE_FILL_AREA(#616);
#524=SURFACE_STYLE_FILL_AREA(#617);
#525=SURFACE_STYLE_FILL_AREA(#618);
#526=SURFACE_STYLE_FILL_AREA(#619);
#527=SURFACE_STYLE_FILL_AREA(#620);
#528=SURFACE_STYLE_FILL_AREA(#621);
#529=SURFACE_STYLE_FILL_AREA(#622);
#530=SURFACE_STYLE_FILL_AREA(#623);
#531=SURFACE_STYLE_FILL_AREA(#624);
#532=SURFACE_STYLE_FILL_AREA(#625);
#533=SURFACE_STYLE_FILL_AREA(#626);
#534=SURFACE_STYLE_FILL_AREA(#627);
#535=SURFACE_STYLE_FILL_AREA(#628);
#536=SURFACE_STYLE_FILL_AREA(#629);
#537=SURFACE_STYLE_FILL_AREA(#630);
#538=SURFACE_STYLE_FILL_AREA(#631);
#539=SURFACE_STYLE_FILL_AREA(#632);
#540=SURFACE_STYLE_FILL_AREA(#633);
#541=SURFACE_STYLE_FILL_AREA(#634);
#542=SURFACE_STYLE_FILL_AREA(#635);
#543=SURFACE_STYLE_FILL_AREA(#636);
#544=SURFACE_STYLE_FILL_AREA(#637);
#545=SURFACE_STYLE_FILL_AREA(#638);
#546=SURFACE_STYLE_FILL_AREA(#639);
#547=SURFACE_STYLE_FILL_AREA(#640);
#548=SURFACE_STYLE_FILL_AREA(#641);
#549=SURFACE_STYLE_FILL_AREA(#642);
#550=SURFACE_STYLE_FILL_AREA(#643);
#551=SURFACE_STYLE_FILL_AREA(#644);
#552=SURFACE_STYLE_FILL_AREA(#645);
#553=SURFACE_STYLE_FILL_AREA(#646);
#554=SURFACE_STYLE_FILL_AREA(#647);
#555=SURFACE_STYLE_FILL_AREA(#648);
#556=SURFACE_STYLE_FILL_AREA(#649);
#557=SURFACE_STYLE_FILL_AREA(#650);
#558=SURFACE_STYLE_FILL_AREA(#651);
#559=SURFACE_STYLE_FILL_AREA(#652);
#560=SURFACE_STYLE_FILL_AREA(#653);
#561=SURFACE_STYLE_FILL_AREA(#654);
#562=SURFACE_STYLE_FILL_AREA(#655);
#563=SURFACE_STYLE_FILL_AREA(#656);
#564=SURFACE_STYLE_FILL_AREA(#657);
#565=SURFACE_STYLE_FILL_AREA(#658);
#566=SURFACE_STYLE_FILL_AREA(#659);
#567=SURFACE_STYLE_FILL_AREA(#660);
#568=SURFACE_STYLE_FILL_AREA(#661);
#569=SURFACE_STYLE_FILL_AREA(#662);
#570=SURFACE_STYLE_FILL_AREA(#663);
#571=SURFACE_STYLE_FILL_AREA(#664);
#572=SURFACE_STYLE_FILL_AREA(#665);
#573=SURFACE_STYLE_FILL_AREA(#666);
#574=SURFACE_STYLE_FILL_AREA(#667);
#575=SURFACE_STYLE_FILL_AREA(#668);
#576=SURFACE_STYLE_FILL_AREA(#669);
#577=SURFACE_STYLE_FILL_AREA(#670);
#578=SURFACE_STYLE_FILL_AREA(#671);
#579=SURFACE_STYLE_FILL_AREA(#672);
#580=SURFACE_STYLE_FILL_AREA(#673);
#581=SURFACE_STYLE_FILL_AREA(#674);
#582=SURFACE_STYLE_FILL_AREA(#675);
#583=SURFACE_STYLE_FILL_AREA(#676);
#584=SURFACE_STYLE_FILL_AREA(#677);
#585=SURFACE_STYLE_FILL_AREA(#678);
#586=SURFACE_STYLE_FILL_AREA(#679);
#587=SURFACE_STYLE_FILL_AREA(#680);
#588=SURFACE_STYLE_FILL_AREA(#681);
#589=SURFACE_STYLE_FILL_AREA(#682);
#590=SURFACE_STYLE_FILL_AREA(#683);
#591=SURFACE_STYLE_FILL_AREA(#684);
#592=SURFACE_STYLE_FILL_AREA(#685);
#593=SURFACE_STYLE_FILL_AREA(#686);
#594=SURFACE_STYLE_FILL_AREA(#687);
#595=SURFACE_STYLE_FILL_AREA(#688);
#596=SURFACE_STYLE_FILL_AREA(#689);
#597=SURFACE_STYLE_FILL_AREA(#690);
#598=FILL_AREA_STYLE('',(#691));
#599=FILL_AREA_STYLE('',(#692));
#600=FILL_AREA_STYLE('',(#693));
#601=FILL_AREA_STYLE('',(#694));
#602=FILL_AREA_STYLE('',(#695));
#603=FILL_AREA_STYLE('',(#696));
#604=FILL_AREA_STYLE('',(#697));
#605=FILL_AREA_STYLE('',(#698));
#606=FILL_AREA_STYLE('',(#699));
#607=FILL_AREA_STYLE('',(#700));
#608=FILL_AREA_STYLE('',(#701));
#609=FILL_AREA_STYLE('',(#702));
#610=FILL_AREA_STYLE('',(#703));
#611=FILL_AREA_STYLE('',(#704));
#612=FILL_AREA_STYLE('',(#705));
#613=FILL_AREA_STYLE('',(#706));
#614=FILL_AREA_STYLE('',(#707));
#615=FILL_AREA_STYLE('',(#708));
#616=FILL_AREA_STYLE('',(#709));
#617=FILL_AREA_STYLE('',(#710));
#618=FILL_AREA_STYLE('',(#711));
#619=FILL_AREA_STYLE('',(#712));
#620=FILL_AREA_STYLE('',(#713));
#621=FILL_AREA_STYLE('',(#714));
#622=FILL_AREA_STYLE('',(#715));
#623=FILL_AREA_STYLE('',(#716));
#624=FILL_AREA_STYLE('',(#717));
#625=FILL_AREA_STYLE('',(#718));
#626=FILL_AREA_STYLE('',(#719));
#627=FILL_AREA_STYLE('',(#720));
#628=FILL_AREA_STYLE('',(#721));
#629=FILL_AREA_STYLE('',(#722));
#630=FILL_AREA_STYLE('',(#723));
#631=FILL_AREA_STYLE('',(#724));
#632=FILL_AREA_STYLE('',(#725));
#633=FILL_AREA_STYLE('',(#726));
#634=FILL_AREA_STYLE('',(#727));
#635=FILL_AREA_STYLE('',(#728));
#636=FILL_AREA_STYLE('',(#729));
#637=FILL_AREA_STYLE('',(#730));
#638=FILL_AREA_STYLE('',(#731));
#639=FILL_AREA_STYLE('',(#732));
#640=FILL_AREA_STYLE('',(#733));
#641=FILL_AREA_STYLE('',(#734));
#642=FILL_AREA_STYLE('',(#735));
#643=FILL_AREA_STYLE('',(#736));
#644=FILL_AREA_STYLE('',(#737));
#645=FILL_AREA_STYLE('',(#738));
#646=FILL_AREA_STYLE('',(#739));
#647=FILL_AREA_STYLE('',(#740));
#648=FILL_AREA_STYLE('',(#741));
#649=FILL_AREA_STYLE('',(#742));
#650=FILL_AREA_STYLE('',(#743));
#651=FILL_AREA_STYLE('',(#744));
#652=FILL_AREA_STYLE('',(#745));
#653=FILL_AREA_STYLE('',(#746));
#654=FILL_AREA_STYLE('',(#747));
#655=FILL_AREA_STYLE('',(#748));
#656=FILL_AREA_STYLE('',(#749));
#657=FILL_AREA_STYLE('',(#750));
#658=FILL_AREA_STYLE('',(#751));
#659=FILL_AREA_STYLE('',(#752));
#660=FILL_AREA_STYLE('',(#753));
#661=FILL_AREA_STYLE('',(#754));
#662=FILL_AREA_STYLE('',(#755));
#663=FILL_AREA_STYLE('',(#756));
#664=FILL_AREA_STYLE('',(#757));
#665=FILL_AREA_STYLE('',(#758));
#666=FILL_AREA_STYLE('',(#759));
#667=FILL_AREA_STYLE('',(#760));
#668=FILL_AREA_STYLE('',(#761));
#669=FILL_AREA_STYLE('',(#762));
#670=FILL_AREA_STYLE('',(#763));
#671=FILL_AREA_STYLE('',(#764));
#672=FILL_AREA_STYLE('',(#765));
#673=FILL_AREA_STYLE('',(#766));
#674=FILL_AREA_STYLE('',(#767));
#675=FILL_AREA_STYLE('',(#768));
#676=FILL_AREA_STYLE('',(#769));
#677=FILL_AREA_STYLE('',(#770));
#678=FILL_AREA_STYLE('',(#771));
#679=FILL_AREA_STYLE('',(#772));
#680=FILL_AREA_STYLE('',(#773));
#681=FILL_AREA_STYLE('',(#774));
#682=FILL_AREA_STYLE('',(#775));
#683=FILL_AREA_STYLE('',(#776));
#684=FILL_AREA_STYLE('',(#777));
#685=FILL_AREA_STYLE('',(#778));
#686=FILL_AREA_STYLE('',(#779));
#687=FILL_AREA_STYLE('',(#780));
#688=FILL_AREA_STYLE('',(#781));
#689=FILL_AREA_STYLE('',(#782));
#690=FILL_AREA_STYLE('',(#783));
#691=FILL_AREA_STYLE_COLOUR('',#784);
#692=FILL_AREA_STYLE_COLOUR('',#219);
#693=FILL_AREA_STYLE_COLOUR('',#219);
#694=FILL_AREA_STYLE_COLOUR('',#219);
#695=FILL_AREA_STYLE_COLOUR('',#219);
#696=FILL_AREA_STYLE_COLOUR('',#219);
#697=FILL_AREA_STYLE_COLOUR('',#219);
#698=FILL_AREA_STYLE_COLOUR('',#219);
#699=FILL_AREA_STYLE_COLOUR('',#219);
#700=FILL_AREA_STYLE_COLOUR('',#219);
#701=FILL_AREA_STYLE_COLOUR('',#219);
#702=FILL_AREA_STYLE_COLOUR('',#219);
#703=FILL_AREA_STYLE_COLOUR('',#219);
#704=FILL_AREA_STYLE_COLOUR('',#219);
#705=FILL_AREA_STYLE_COLOUR('',#219);
#706=FILL_AREA_STYLE_COLOUR('',#219);
#707=FILL_AREA_STYLE_COLOUR('',#219);
#708=FILL_AREA_STYLE_COLOUR('',#219);
#709=FILL_AREA_STYLE_COLOUR('',#219);
#710=FILL_AREA_STYLE_COLOUR('',#219);
#711=FILL_AREA_STYLE_COLOUR('',#219);
#712=FILL_AREA_STYLE_COLOUR('',#784);
#713=FILL_AREA_STYLE_COLOUR('',#219);
#714=FILL_AREA_STYLE_COLOUR('',#219);
#715=FILL_AREA_STYLE_COLOUR('',#219);
#716=FILL_AREA_STYLE_COLOUR('',#219);
#717=FILL_AREA_STYLE_COLOUR('',#219);
#718=FILL_AREA_STYLE_COLOUR('',#219);
#719=FILL_AREA_STYLE_COLOUR('',#219);
#720=FILL_AREA_STYLE_COLOUR('',#219);
#721=FILL_AREA_STYLE_COLOUR('',#219);
#722=FILL_AREA_STYLE_COLOUR('',#219);
#723=FILL_AREA_STYLE_COLOUR('',#219);
#724=FILL_AREA_STYLE_COLOUR('',#219);
#725=FILL_AREA_STYLE_COLOUR('',#219);
#726=FILL_AREA_STYLE_COLOUR('',#219);
#727=FILL_AREA_STYLE_COLOUR('',#219);
#728=FILL_AREA_STYLE_COLOUR('',#219);
#729=FILL_AREA_STYLE_COLOUR('',#219);
#730=FILL_AREA_STYLE_COLOUR('',#219);
#731=FILL_AREA_STYLE_COLOUR('',#219);
#732=FILL_AREA_STYLE_COLOUR('',#219);
#733=FILL_AREA_STYLE_COLOUR('',#219);
#734=FILL_AREA_STYLE_COLOUR('',#219);
#735=FILL_AREA_STYLE_COLOUR('',#219);
#736=FILL_AREA_STYLE_COLOUR('',#219);
#737=FILL_AREA_STYLE_COLOUR('',#219);
#738=FILL_AREA_STYLE_COLOUR('',#219);
#739=FILL_AREA_STYLE_COLOUR('',#219);
#740=FILL_AREA_STYLE_COLOUR('',#219);
#741=FILL_AREA_STYLE_COLOUR('',#219);
#742=FILL_AREA_STYLE_COLOUR('',#219);
#743=FILL_AREA_STYLE_COLOUR('',#219);
#744=FILL_AREA_STYLE_COLOUR('',#219);
#745=FILL_AREA_STYLE_COLOUR('',#219);
#746=FILL_AREA_STYLE_COLOUR('',#784);
#747=FILL_AREA_STYLE_COLOUR('',#219);
#748=FILL_AREA_STYLE_COLOUR('',#219);
#749=FILL_AREA_STYLE_COLOUR('',#219);
#750=FILL_AREA_STYLE_COLOUR('',#219);
#751=FILL_AREA_STYLE_COLOUR('',#219);
#752=FILL_AREA_STYLE_COLOUR('',#784);
#753=FILL_AREA_STYLE_COLOUR('',#219);
#754=FILL_AREA_STYLE_COLOUR('',#219);
#755=FILL_AREA_STYLE_COLOUR('',#219);
#756=FILL_AREA_STYLE_COLOUR('',#219);
#757=FILL_AREA_STYLE_COLOUR('',#219);
#758=FILL_AREA_STYLE_COLOUR('',#219);
#759=FILL_AREA_STYLE_COLOUR('',#219);
#760=FILL_AREA_STYLE_COLOUR('',#219);
#761=FILL_AREA_STYLE_COLOUR('',#219);
#762=FILL_AREA_STYLE_COLOUR('',#219);
#763=FILL_AREA_STYLE_COLOUR('',#219);
#764=FILL_AREA_STYLE_COLOUR('',#219);
#765=FILL_AREA_STYLE_COLOUR('',#219);
#766=FILL_AREA_STYLE_COLOUR('',#219);
#767=FILL_AREA_STYLE_COLOUR('',#219);
#768=FILL_AREA_STYLE_COLOUR('',#219);
#769=FILL_AREA_STYLE_COLOUR('',#219);
#770=FILL_AREA_STYLE_COLOUR('',#219);
#771=FILL_AREA_STYLE_COLOUR('',#219);
#772=FILL_AREA_STYLE_COLOUR('',#219);
#773=FILL_AREA_STYLE_COLOUR('',#219);
#774=FILL_AREA_STYLE_COLOUR('',#219);
#775=FILL_AREA_STYLE_COLOUR('',#219);
#776=FILL_AREA_STYLE_COLOUR('',#219);
#777=FILL_AREA_STYLE_COLOUR('',#219);
#778=FILL_AREA_STYLE_COLOUR('',#219);
#779=FILL_AREA_STYLE_COLOUR('',#219);
#780=FILL_AREA_STYLE_COLOUR('',#219);
#781=FILL_AREA_STYLE_COLOUR('',#219);
#782=FILL_AREA_STYLE_COLOUR('',#219);
#783=FILL_AREA_STYLE_COLOUR('',#219);
#784=DRAUGHTING_PRE_DEFINED_COLOUR('black');
#785=MANIFOLD_SOLID_BREP('SOLID1',#790);
#786=MANIFOLD_SOLID_BREP('SOLID1',#791);
#787=MANIFOLD_SOLID_BREP('SOLID1',#792);
#788=MANIFOLD_SOLID_BREP('SOLID1',#793);
#789=MANIFOLD_SOLID_BREP('',#794);
#790=CLOSED_SHELL('',(#974,#975,#976,#977,#978,#979,#980,#981,#982,#983,
#984,#985,#986,#987,#988,#989,#990,#991,#992,#993,#994));
#791=CLOSED_SHELL('',(#995,#996,#997,#998,#999,#1000,#1001,#1002,#1003,
#1004,#1005,#1006,#1007,#1008,#1009,#1010,#1011,#1012,#1013,#1014,#1015,
#1016,#1017,#1018,#1019,#1020,#1021,#1022,#1023,#1024,#1025,#1026,#1027));
#792=CLOSED_SHELL('',(#1028,#1029,#1030,#1031,#1032));
#793=CLOSED_SHELL('',(#1033,#1034,#1035,#1036,#1037,#1038,#1039,#1040,#1041,
#1042,#1043,#1044,#1045,#1046,#1047,#1048,#1049,#1050,#1051,#1052,#1053,
#1054,#1055,#1056,#1057,#1058,#1059,#1060,#1061,#1062));
#794=CLOSED_SHELL('',(#1063,#1064,#1065,#1066,#1067,#1068,#1069,#1070,#1071,
#1072,#1073,#1074,#1075,#1076,#1077,#1078,#1079,#1080,#1081,#1082,#1083,
#1084,#1085,#1086,#1087,#1088,#1089,#1090,#1091,#1092,#1093,#1094,#1095,
#1096,#1097));
#795=CONICAL_SURFACE('',#2688,0.178859410145394,56.5558264494567);
#796=CONICAL_SURFACE('',#2690,0.173694030590349,44.3766350436296);
#797=CONICAL_SURFACE('',#2692,0.177834620444915,45.6233649548857);
#798=CONICAL_SURFACE('',#2701,0.177832063258029,45.7103257322426);
#799=CONICAL_SURFACE('',#2703,0.173688569593462,44.3468669981701);
#800=CONICAL_SURFACE('',#2705,0.178856506335421,56.6427872270978);
#801=CONICAL_SURFACE('',#2747,0.177834620444898,45.6233649548857);
#802=CONICAL_SURFACE('',#2749,0.173694030590332,44.3766350436245);
#803=CONICAL_SURFACE('',#2751,0.178859410145377,56.5558264494561);
#804=CONICAL_SURFACE('',#2755,0.177832063258012,45.710325732243);
#805=CONICAL_SURFACE('',#2757,0.173688569593445,44.3468669981685);
#806=CONICAL_SURFACE('',#2758,0.178856506335404,56.6427872270975);
#807=CONICAL_SURFACE('',#2762,0.177834620444895,45.6233649548849);
#808=CONICAL_SURFACE('',#2764,0.17369403059033,44.3766350436269);
#809=CONICAL_SURFACE('',#2766,0.178859410145375,56.5558264494549);
#810=CONICAL_SURFACE('',#2770,0.17783206325801,45.7103257322415);
#811=CONICAL_SURFACE('',#2772,0.173688569593444,44.3468669981693);
#812=CONICAL_SURFACE('',#2773,0.178856506335402,56.6427872270959);
#813=CONICAL_SURFACE('',#2774,0.05,14.0362434679266);
#814=CONICAL_SURFACE('',#2834,0.05,30.9637565320735);
#815=CONICAL_SURFACE('',#2876,0.112842655041826,8.58561677997489);
#816=CONICAL_SURFACE('',#2879,0.05,4.08561677997488);
#817=CONICAL_SURFACE('',#2886,0.075,3.86546116985175);
#818=FACE_BOUND('',#1214,.T.);
#819=FACE_BOUND('',#1215,.T.);
#820=FACE_BOUND('',#1216,.T.);
#821=FACE_BOUND('',#1217,.T.);
#822=FACE_BOUND('',#1218,.T.);
#823=FACE_BOUND('',#1219,.T.);
#824=FACE_BOUND('',#1220,.T.);
#825=FACE_BOUND('',#1221,.T.);
#826=FACE_BOUND('',#1224,.T.);
#827=FACE_BOUND('',#1225,.T.);
#828=FACE_BOUND('',#1226,.T.);
#829=FACE_BOUND('',#1227,.T.);
#830=FACE_BOUND('',#1228,.T.);
#831=FACE_BOUND('',#1229,.T.);
#832=FACE_BOUND('',#1230,.T.);
#833=FACE_BOUND('',#1231,.T.);
#834=FACE_BOUND('',#1232,.T.);
#835=FACE_BOUND('',#1233,.T.);
#836=FACE_BOUND('',#1234,.T.);
#837=FACE_BOUND('',#1235,.T.);
#838=FACE_BOUND('',#1242,.T.);
#839=FACE_BOUND('',#1243,.T.);
#840=FACE_BOUND('',#1244,.T.);
#841=FACE_BOUND('',#1245,.T.);
#842=FACE_BOUND('',#1248,.T.);
#843=FACE_BOUND('',#1249,.T.);
#844=FACE_BOUND('',#1250,.T.);
#845=FACE_BOUND('',#1251,.T.);
#846=FACE_BOUND('',#1252,.T.);
#847=FACE_BOUND('',#1253,.T.);
#848=FACE_BOUND('',#1254,.T.);
#849=FACE_BOUND('',#1255,.T.);
#850=FACE_BOUND('',#1256,.T.);
#851=FACE_BOUND('',#1257,.T.);
#852=FACE_BOUND('',#1258,.T.);
#853=FACE_BOUND('',#1259,.T.);
#854=FACE_BOUND('',#1261,.T.);
#855=FACE_BOUND('',#1262,.T.);
#856=FACE_BOUND('',#1263,.T.);
#857=FACE_BOUND('',#1264,.T.);
#858=FACE_BOUND('',#1265,.T.);
#859=FACE_BOUND('',#1266,.T.);
#860=FACE_BOUND('',#1267,.T.);
#861=FACE_BOUND('',#1268,.T.);
#862=FACE_BOUND('',#1269,.T.);
#863=FACE_BOUND('',#1270,.T.);
#864=FACE_BOUND('',#1271,.T.);
#865=FACE_BOUND('',#1272,.T.);
#866=FACE_BOUND('',#1273,.T.);
#867=FACE_BOUND('',#1274,.T.);
#868=FACE_BOUND('',#1275,.T.);
#869=FACE_BOUND('',#1276,.T.);
#870=FACE_BOUND('',#1277,.T.);
#871=FACE_BOUND('',#1278,.T.);
#872=FACE_BOUND('',#1279,.T.);
#873=FACE_BOUND('',#1280,.T.);
#874=FACE_BOUND('',#1281,.T.);
#875=FACE_BOUND('',#1282,.T.);
#876=FACE_BOUND('',#1283,.T.);
#877=FACE_BOUND('',#1284,.T.);
#878=FACE_BOUND('',#1285,.T.);
#879=FACE_BOUND('',#1286,.T.);
#880=FACE_BOUND('',#1287,.T.);
#881=FACE_BOUND('',#1288,.T.);
#882=FACE_BOUND('',#1289,.T.);
#883=FACE_BOUND('',#1290,.T.);
#884=FACE_BOUND('',#1291,.T.);
#885=FACE_BOUND('',#1292,.T.);
#886=FACE_BOUND('',#1293,.T.);
#887=FACE_BOUND('',#1294,.T.);
#888=FACE_BOUND('',#1295,.T.);
#889=FACE_BOUND('',#1296,.T.);
#890=FACE_BOUND('',#1297,.T.);
#891=FACE_BOUND('',#1298,.T.);
#892=FACE_BOUND('',#1299,.T.);
#893=FACE_BOUND('',#1300,.T.);
#894=FACE_BOUND('',#1301,.T.);
#895=FACE_BOUND('',#1302,.T.);
#896=FACE_BOUND('',#1303,.T.);
#897=FACE_BOUND('',#1304,.T.);
#898=FACE_BOUND('',#1307,.T.);
#899=FACE_BOUND('',#1308,.T.);
#900=FACE_BOUND('',#1323,.T.);
#901=FACE_BOUND('',#1324,.T.);
#902=FACE_BOUND('',#1332,.T.);
#903=FACE_BOUND('',#1333,.T.);
#904=FACE_BOUND('',#1334,.T.);
#905=FACE_BOUND('',#1335,.T.);
#906=FACE_BOUND('',#1336,.T.);
#907=FACE_BOUND('',#1337,.T.);
#908=FACE_BOUND('',#1338,.T.);
#909=FACE_BOUND('',#1339,.T.);
#910=FACE_BOUND('',#1341,.T.);
#911=FACE_BOUND('',#1342,.T.);
#912=FACE_BOUND('',#1343,.T.);
#913=FACE_BOUND('',#1348,.T.);
#914=FACE_BOUND('',#1349,.T.);
#915=FACE_BOUND('',#1356,.T.);
#916=FACE_BOUND('',#1357,.T.);
#917=FACE_BOUND('',#1372,.T.);
#918=FACE_BOUND('',#1373,.T.);
#919=FACE_BOUND('',#1374,.T.);
#920=FACE_BOUND('',#1375,.T.);
#921=FACE_BOUND('',#1376,.T.);
#922=FACE_BOUND('',#1377,.T.);
#923=FACE_BOUND('',#1382,.T.);
#924=FACE_BOUND('',#1383,.T.);
#925=PLANE('',#2681);
#926=PLANE('',#2682);
#927=PLANE('',#2683);
#928=PLANE('',#2684);
#929=PLANE('',#2685);
#930=PLANE('',#2696);
#931=PLANE('',#2697);
#932=PLANE('',#2708);
#933=PLANE('',#2709);
#934=PLANE('',#2713);
#935=PLANE('',#2714);
#936=PLANE('',#2715);
#937=PLANE('',#2724);
#938=PLANE('',#2728);
#939=PLANE('',#2731);
#940=PLANE('',#2736);
#941=PLANE('',#2743);
#942=PLANE('',#2777);
#943=PLANE('',#2780);
#944=PLANE('',#2785);
#945=PLANE('',#2786);
#946=PLANE('',#2792);
#947=PLANE('',#2802);
#948=PLANE('',#2803);
#949=PLANE('',#2804);
#950=PLANE('',#2805);
#951=PLANE('',#2806);
#952=PLANE('',#2807);
#953=PLANE('',#2808);
#954=PLANE('',#2809);
#955=PLANE('',#2810);
#956=PLANE('',#2811);
#957=PLANE('',#2816);
#958=PLANE('',#2821);
#959=PLANE('',#2826);
#960=PLANE('',#2827);
#961=PLANE('',#2829);
#962=PLANE('',#2835);
#963=PLANE('',#2838);
#964=PLANE('',#2839);
#965=PLANE('',#2840);
#966=PLANE('',#2841);
#967=PLANE('',#2842);
#968=PLANE('',#2845);
#969=PLANE('',#2856);
#970=PLANE('',#2860);
#971=PLANE('',#2863);
#972=PLANE('',#2864);
#973=PLANE('',#2878);
#974=ADVANCED_FACE('',(#1133),#1098,.T.);
#975=ADVANCED_FACE('',(#1134),#1099,.F.);
#976=ADVANCED_FACE('',(#1135),#1100,.T.);
#977=ADVANCED_FACE('',(#1136),#1101,.T.);
#978=ADVANCED_FACE('',(#1137),#925,.T.);
#979=ADVANCED_FACE('',(#1138),#926,.F.);
#980=ADVANCED_FACE('',(#1139),#927,.F.);
#981=ADVANCED_FACE('',(#1140),#928,.F.);
#982=ADVANCED_FACE('',(#1141),#929,.F.);
#983=ADVANCED_FACE('',(#818,#819),#795,.T.);
#984=ADVANCED_FACE('',(#820,#821),#796,.F.);
#985=ADVANCED_FACE('',(#822,#823),#797,.F.);
#986=ADVANCED_FACE('',(#824,#825),#1102,.F.);
#987=ADVANCED_FACE('',(#1142),#930,.F.);
#988=ADVANCED_FACE('',(#1143),#931,.T.);
#989=ADVANCED_FACE('',(#826,#827),#1103,.F.);
#990=ADVANCED_FACE('',(#828,#829),#798,.F.);
#991=ADVANCED_FACE('',(#830,#831),#799,.F.);
#992=ADVANCED_FACE('',(#832,#833),#800,.T.);
#993=ADVANCED_FACE('',(#834,#835),#1104,.F.);
#994=ADVANCED_FACE('',(#836,#837),#932,.T.);
#995=ADVANCED_FACE('',(#1144),#933,.T.);
#996=ADVANCED_FACE('',(#1145),#1105,.T.);
#997=ADVANCED_FACE('',(#1146),#934,.F.);
#998=ADVANCED_FACE('',(#1147),#935,.F.);
#999=ADVANCED_FACE('',(#1148),#936,.F.);
#1000=ADVANCED_FACE('',(#1149),#1106,.T.);
#1001=ADVANCED_FACE('',(#838,#839),#1107,.F.);
#1002=ADVANCED_FACE('',(#840,#841),#937,.F.);
#1003=ADVANCED_FACE('',(#1150),#1108,.T.);
#1004=ADVANCED_FACE('',(#1151),#938,.T.);
#1005=ADVANCED_FACE('',(#842,#843,#844,#845),#939,.T.);
#1006=ADVANCED_FACE('',(#846,#847),#95,.T.);
#1007=ADVANCED_FACE('',(#848,#849),#940,.T.);
#1008=ADVANCED_FACE('',(#850,#851),#1109,.F.);
#1009=ADVANCED_FACE('',(#852,#853),#1110,.F.);
#1010=ADVANCED_FACE('',(#1152),#941,.F.);
#1011=ADVANCED_FACE('',(#854,#855),#1111,.F.);
#1012=ADVANCED_FACE('',(#856,#857),#801,.F.);
#1013=ADVANCED_FACE('',(#858,#859),#802,.F.);
#1014=ADVANCED_FACE('',(#860,#861),#803,.T.);
#1015=ADVANCED_FACE('',(#862,#863),#1112,.F.);
#1016=ADVANCED_FACE('',(#864,#865),#804,.F.);
#1017=ADVANCED_FACE('',(#866,#867),#805,.F.);
#1018=ADVANCED_FACE('',(#868,#869),#806,.T.);
#1019=ADVANCED_FACE('',(#870,#871),#1113,.F.);
#1020=ADVANCED_FACE('',(#872,#873),#807,.F.);
#1021=ADVANCED_FACE('',(#874,#875),#808,.F.);
#1022=ADVANCED_FACE('',(#876,#877),#809,.T.);
#1023=ADVANCED_FACE('',(#878,#879),#1114,.F.);
#1024=ADVANCED_FACE('',(#880,#881),#810,.F.);
#1025=ADVANCED_FACE('',(#882,#883),#811,.F.);
#1026=ADVANCED_FACE('',(#884,#885),#812,.T.);
#1027=ADVANCED_FACE('',(#886,#887),#813,.F.);
#1028=ADVANCED_FACE('',(#888,#889),#942,.T.);
#1029=ADVANCED_FACE('',(#890,#891),#943,.F.);
#1030=ADVANCED_FACE('',(#892,#893),#1115,.F.);
#1031=ADVANCED_FACE('',(#894,#895),#1116,.T.);
#1032=ADVANCED_FACE('',(#896,#897),#96,.T.);
#1033=ADVANCED_FACE('',(#1153),#944,.F.);
#1034=ADVANCED_FACE('',(#1154),#945,.F.);
#1035=ADVANCED_FACE('',(#898,#899),#946,.T.);
#1036=ADVANCED_FACE('',(#1155),#1117,.T.);
#1037=ADVANCED_FACE('',(#1156),#1118,.T.);
#1038=ADVANCED_FACE('',(#1157),#1119,.F.);
#1039=ADVANCED_FACE('',(#1158),#1120,.T.);
#1040=ADVANCED_FACE('',(#1159),#947,.F.);
#1041=ADVANCED_FACE('',(#1160),#948,.F.);
#1042=ADVANCED_FACE('',(#1161),#949,.F.);
#1043=ADVANCED_FACE('',(#1162),#950,.T.);
#1044=ADVANCED_FACE('',(#1163),#951,.T.);
#1045=ADVANCED_FACE('',(#1164),#952,.T.);
#1046=ADVANCED_FACE('',(#1165),#953,.T.);
#1047=ADVANCED_FACE('',(#1166),#954,.T.);
#1048=ADVANCED_FACE('',(#1167),#955,.T.);
#1049=ADVANCED_FACE('',(#1168),#956,.T.);
#1050=ADVANCED_FACE('',(#900,#901),#957,.F.);
#1051=ADVANCED_FACE('',(#1169),#958,.T.);
#1052=ADVANCED_FACE('',(#1170),#1121,.T.);
#1053=ADVANCED_FACE('',(#1171),#1122,.T.);
#1054=ADVANCED_FACE('',(#1172),#1123,.T.);
#1055=ADVANCED_FACE('',(#1173),#1124,.T.);
#1056=ADVANCED_FACE('',(#1174),#959,.T.);
#1057=ADVANCED_FACE('',(#1175),#960,.F.);
#1058=ADVANCED_FACE('',(#902,#903),#961,.F.);
#1059=ADVANCED_FACE('',(#904,#905),#1125,.F.);
#1060=ADVANCED_FACE('',(#906,#907),#1126,.F.);
#1061=ADVANCED_FACE('',(#908,#909),#814,.F.);
#1062=ADVANCED_FACE('',(#1176),#962,.F.);
#1063=ADVANCED_FACE('',(#910,#911,#912),#963,.F.);
#1064=ADVANCED_FACE('',(#1177),#964,.T.);
#1065=ADVANCED_FACE('',(#1178),#965,.T.);
#1066=ADVANCED_FACE('',(#1179),#966,.T.);
#1067=ADVANCED_FACE('',(#1180),#967,.T.);
#1068=ADVANCED_FACE('',(#913,#914),#968,.T.);
#1069=ADVANCED_FACE('',(#1181),#1127,.F.);
#1070=ADVANCED_FACE('',(#1182),#1128,.F.);
#1071=ADVANCED_FACE('',(#1183),#97,.F.);
#1072=ADVANCED_FACE('',(#1184),#969,.F.);
#1073=ADVANCED_FACE('',(#1185),#1129,.F.);
#1074=ADVANCED_FACE('',(#1186),#970,.F.);
#1075=ADVANCED_FACE('',(#915,#916),#1130,.F.);
#1076=ADVANCED_FACE('',(#1187),#971,.T.);
#1077=ADVANCED_FACE('',(#1188),#972,.T.);
#1078=ADVANCED_FACE('',(#1189),#98,.T.);
#1079=ADVANCED_FACE('',(#1190),#99,.T.);
#1080=ADVANCED_FACE('',(#1191),#94,.T.);
#1081=ADVANCED_FACE('',(#1192),#85,.T.);
#1082=ADVANCED_FACE('',(#1193),#86,.T.);
#1083=ADVANCED_FACE('',(#1194),#87,.T.);
#1084=ADVANCED_FACE('',(#1195),#1131,.F.);
#1085=ADVANCED_FACE('',(#1196),#88,.T.);
#1086=ADVANCED_FACE('',(#1197),#89,.T.);
#1087=ADVANCED_FACE('',(#1198),#1132,.F.);
#1088=ADVANCED_FACE('',(#1199),#90,.T.);
#1089=ADVANCED_FACE('',(#1200),#91,.T.);
#1090=ADVANCED_FACE('',(#917,#918),#815,.T.);
#1091=ADVANCED_FACE('',(#919,#920),#973,.T.);
#1092=ADVANCED_FACE('',(#921,#922),#816,.F.);
#1093=ADVANCED_FACE('',(#1201),#92,.T.);
#1094=ADVANCED_FACE('',(#1202),#100,.F.);
#1095=ADVANCED_FACE('',(#1203),#101,.F.);
#1096=ADVANCED_FACE('',(#1204),#93,.T.);
#1097=ADVANCED_FACE('',(#923,#924),#817,.F.);
#1098=CYLINDRICAL_SURFACE('',#2671,0.5);
#1099=CYLINDRICAL_SURFACE('',#2674,0.18300000000001);
#1100=CYLINDRICAL_SURFACE('',#2677,0.25);
#1101=CYLINDRICAL_SURFACE('',#2680,0.5);
#1102=CYLINDRICAL_SURFACE('',#2695,0.183);
#1103=CYLINDRICAL_SURFACE('',#2699,0.183);
#1104=CYLINDRICAL_SURFACE('',#2707,0.183);
#1105=CYLINDRICAL_SURFACE('',#2712,0.25);
#1106=CYLINDRICAL_SURFACE('',#2719,0.5);
#1107=CYLINDRICAL_SURFACE('',#2721,0.18300000000001);
#1108=CYLINDRICAL_SURFACE('',#2727,0.25);
#1109=CYLINDRICAL_SURFACE('',#2738,0.183);
#1110=CYLINDRICAL_SURFACE('',#2740,0.183);
#1111=CYLINDRICAL_SURFACE('',#2745,0.183);
#1112=CYLINDRICAL_SURFACE('',#2753,0.183);
#1113=CYLINDRICAL_SURFACE('',#2760,0.183);
#1114=CYLINDRICAL_SURFACE('',#2768,0.183);
#1115=CYLINDRICAL_SURFACE('',#2781,0.05);
#1116=CYLINDRICAL_SURFACE('',#2783,0.06);
#1117=CYLINDRICAL_SURFACE('',#2794,0.25);
#1118=CYLINDRICAL_SURFACE('',#2796,0.5);
#1119=CYLINDRICAL_SURFACE('',#2799,0.18300000000001);
#1120=CYLINDRICAL_SURFACE('',#2801,0.5);
#1121=CYLINDRICAL_SURFACE('',#2822,0.25);
#1122=CYLINDRICAL_SURFACE('',#2823,0.01585);
#1123=CYLINDRICAL_SURFACE('',#2824,0.5);
#1124=CYLINDRICAL_SURFACE('',#2825,0.01585);
#1125=CYLINDRICAL_SURFACE('',#2831,0.05);
#1126=CYLINDRICAL_SURFACE('',#2833,0.125);
#1127=CYLINDRICAL_SURFACE('',#2848,0.05);
#1128=CYLINDRICAL_SURFACE('',#2851,0.05);
#1129=CYLINDRICAL_SURFACE('',#2857,0.125);
#1130=CYLINDRICAL_SURFACE('',#2862,0.125);
#1131=CYLINDRICAL_SURFACE('',#2868,0.05);
#1132=CYLINDRICAL_SURFACE('',#2871,0.05);
#1133=FACE_OUTER_BOUND('',#1205,.T.);
#1134=FACE_OUTER_BOUND('',#1206,.T.);
#1135=FACE_OUTER_BOUND('',#1207,.T.);
#1136=FACE_OUTER_BOUND('',#1208,.T.);
#1137=FACE_OUTER_BOUND('',#1209,.T.);
#1138=FACE_OUTER_BOUND('',#1210,.T.);
#1139=FACE_OUTER_BOUND('',#1211,.T.);
#1140=FACE_OUTER_BOUND('',#1212,.T.);
#1141=FACE_OUTER_BOUND('',#1213,.T.);
#1142=FACE_OUTER_BOUND('',#1222,.T.);
#1143=FACE_OUTER_BOUND('',#1223,.T.);
#1144=FACE_OUTER_BOUND('',#1236,.T.);
#1145=FACE_OUTER_BOUND('',#1237,.T.);
#1146=FACE_OUTER_BOUND('',#1238,.T.);
#1147=FACE_OUTER_BOUND('',#1239,.T.);
#1148=FACE_OUTER_BOUND('',#1240,.T.);
#1149=FACE_OUTER_BOUND('',#1241,.T.);
#1150=FACE_OUTER_BOUND('',#1246,.T.);
#1151=FACE_OUTER_BOUND('',#1247,.T.);
#1152=FACE_OUTER_BOUND('',#1260,.T.);
#1153=FACE_OUTER_BOUND('',#1305,.T.);
#1154=FACE_OUTER_BOUND('',#1306,.T.);
#1155=FACE_OUTER_BOUND('',#1309,.T.);
#1156=FACE_OUTER_BOUND('',#1310,.T.);
#1157=FACE_OUTER_BOUND('',#1311,.T.);
#1158=FACE_OUTER_BOUND('',#1312,.T.);
#1159=FACE_OUTER_BOUND('',#1313,.T.);
#1160=FACE_OUTER_BOUND('',#1314,.T.);
#1161=FACE_OUTER_BOUND('',#1315,.T.);
#1162=FACE_OUTER_BOUND('',#1316,.T.);
#1163=FACE_OUTER_BOUND('',#1317,.T.);
#1164=FACE_OUTER_BOUND('',#1318,.T.);
#1165=FACE_OUTER_BOUND('',#1319,.T.);
#1166=FACE_OUTER_BOUND('',#1320,.T.);
#1167=FACE_OUTER_BOUND('',#1321,.T.);
#1168=FACE_OUTER_BOUND('',#1322,.T.);
#1169=FACE_OUTER_BOUND('',#1325,.T.);
#1170=FACE_OUTER_BOUND('',#1326,.T.);
#1171=FACE_OUTER_BOUND('',#1327,.T.);
#1172=FACE_OUTER_BOUND('',#1328,.T.);
#1173=FACE_OUTER_BOUND('',#1329,.T.);
#1174=FACE_OUTER_BOUND('',#1330,.T.);
#1175=FACE_OUTER_BOUND('',#1331,.T.);
#1176=FACE_OUTER_BOUND('',#1340,.T.);
#1177=FACE_OUTER_BOUND('',#1344,.T.);
#1178=FACE_OUTER_BOUND('',#1345,.T.);
#1179=FACE_OUTER_BOUND('',#1346,.T.);
#1180=FACE_OUTER_BOUND('',#1347,.T.);
#1181=FACE_OUTER_BOUND('',#1350,.T.);
#1182=FACE_OUTER_BOUND('',#1351,.T.);
#1183=FACE_OUTER_BOUND('',#1352,.T.);
#1184=FACE_OUTER_BOUND('',#1353,.T.);
#1185=FACE_OUTER_BOUND('',#1354,.T.);
#1186=FACE_OUTER_BOUND('',#1355,.T.);
#1187=FACE_OUTER_BOUND('',#1358,.T.);
#1188=FACE_OUTER_BOUND('',#1359,.T.);
#1189=FACE_OUTER_BOUND('',#1360,.T.);
#1190=FACE_OUTER_BOUND('',#1361,.T.);
#1191=FACE_OUTER_BOUND('',#1362,.T.);
#1192=FACE_OUTER_BOUND('',#1363,.T.);
#1193=FACE_OUTER_BOUND('',#1364,.T.);
#1194=FACE_OUTER_BOUND('',#1365,.T.);
#1195=FACE_OUTER_BOUND('',#1366,.T.);
#1196=FACE_OUTER_BOUND('',#1367,.T.);
#1197=FACE_OUTER_BOUND('',#1368,.T.);
#1198=FACE_OUTER_BOUND('',#1369,.T.);
#1199=FACE_OUTER_BOUND('',#1370,.T.);
#1200=FACE_OUTER_BOUND('',#1371,.T.);
#1201=FACE_OUTER_BOUND('',#1378,.T.);
#1202=FACE_OUTER_BOUND('',#1379,.T.);
#1203=FACE_OUTER_BOUND('',#1380,.T.);
#1204=FACE_OUTER_BOUND('',#1381,.T.);
#1205=EDGE_LOOP('',(#1488,#1489,#1490,#1491));
#1206=EDGE_LOOP('',(#1492,#1493,#1494,#1495));
#1207=EDGE_LOOP('',(#1496,#1497,#1498,#1499));
#1208=EDGE_LOOP('',(#1500,#1501,#1502,#1503));
#1209=EDGE_LOOP('',(#1504,#1505,#1506,#1507));
#1210=EDGE_LOOP('',(#1508,#1509,#1510,#1511));
#1211=EDGE_LOOP('',(#1512,#1513,#1514,#1515));
#1212=EDGE_LOOP('',(#1516,#1517,#1518,#1519,#1520));
#1213=EDGE_LOOP('',(#1521,#1522,#1523,#1524));
#1214=EDGE_LOOP('',(#1525));
#1215=EDGE_LOOP('',(#1526));
#1216=EDGE_LOOP('',(#1527));
#1217=EDGE_LOOP('',(#1528));
#1218=EDGE_LOOP('',(#1529));
#1219=EDGE_LOOP('',(#1530));
#1220=EDGE_LOOP('',(#1531));
#1221=EDGE_LOOP('',(#1532,#1533));
#1222=EDGE_LOOP('',(#1534,#1535,#1536,#1537,#1538,#1539,#1540,#1541));
#1223=EDGE_LOOP('',(#1542,#1543,#1544,#1545,#1546,#1547,#1548,#1549));
#1224=EDGE_LOOP('',(#1550));
#1225=EDGE_LOOP('',(#1551));
#1226=EDGE_LOOP('',(#1552));
#1227=EDGE_LOOP('',(#1553));
#1228=EDGE_LOOP('',(#1554));
#1229=EDGE_LOOP('',(#1555));
#1230=EDGE_LOOP('',(#1556));
#1231=EDGE_LOOP('',(#1557));
#1232=EDGE_LOOP('',(#1558));
#1233=EDGE_LOOP('',(#1559));
#1234=EDGE_LOOP('',(#1560,#1561,#1562,#1563,#1564,#1565,#1566,#1567,#1568));
#1235=EDGE_LOOP('',(#1569));
#1236=EDGE_LOOP('',(#1570,#1571,#1572,#1573));
#1237=EDGE_LOOP('',(#1574,#1575,#1576,#1577));
#1238=EDGE_LOOP('',(#1578,#1579,#1580,#1581));
#1239=EDGE_LOOP('',(#1582,#1583,#1584,#1585,#1586));
#1240=EDGE_LOOP('',(#1587,#1588,#1589,#1590));
#1241=EDGE_LOOP('',(#1591,#1592,#1593,#1594,#1595));
#1242=EDGE_LOOP('',(#1596,#1597));
#1243=EDGE_LOOP('',(#1598));
#1244=EDGE_LOOP('',(#1599));
#1245=EDGE_LOOP('',(#1600));
#1246=EDGE_LOOP('',(#1601,#1602,#1603,#1604));
#1247=EDGE_LOOP('',(#1605,#1606,#1607,#1608));
#1248=EDGE_LOOP('',(#1609));
#1249=EDGE_LOOP('',(#1610));
#1250=EDGE_LOOP('',(#1611,#1612,#1613,#1614,#1615,#1616,#1617,#1618));
#1251=EDGE_LOOP('',(#1619));
#1252=EDGE_LOOP('',(#1620,#1621));
#1253=EDGE_LOOP('',(#1622));
#1254=EDGE_LOOP('',(#1623));
#1255=EDGE_LOOP('',(#1624,#1625,#1626,#1627,#1628,#1629,#1630,#1631,#1632,
#1633,#1634,#1635));
#1256=EDGE_LOOP('',(#1636));
#1257=EDGE_LOOP('',(#1637));
#1258=EDGE_LOOP('',(#1638));
#1259=EDGE_LOOP('',(#1639));
#1260=EDGE_LOOP('',(#1640,#1641,#1642,#1643,#1644,#1645,#1646,#1647));
#1261=EDGE_LOOP('',(#1648));
#1262=EDGE_LOOP('',(#1649,#1650));
#1263=EDGE_LOOP('',(#1651));
#1264=EDGE_LOOP('',(#1652));
#1265=EDGE_LOOP('',(#1653));
#1266=EDGE_LOOP('',(#1654));
#1267=EDGE_LOOP('',(#1655));
#1268=EDGE_LOOP('',(#1656));
#1269=EDGE_LOOP('',(#1657));
#1270=EDGE_LOOP('',(#1658));
#1271=EDGE_LOOP('',(#1659));
#1272=EDGE_LOOP('',(#1660));
#1273=EDGE_LOOP('',(#1661));
#1274=EDGE_LOOP('',(#1662));
#1275=EDGE_LOOP('',(#1663));
#1276=EDGE_LOOP('',(#1664));
#1277=EDGE_LOOP('',(#1665));
#1278=EDGE_LOOP('',(#1666,#1667));
#1279=EDGE_LOOP('',(#1668));
#1280=EDGE_LOOP('',(#1669));
#1281=EDGE_LOOP('',(#1670));
#1282=EDGE_LOOP('',(#1671));
#1283=EDGE_LOOP('',(#1672));
#1284=EDGE_LOOP('',(#1673));
#1285=EDGE_LOOP('',(#1674));
#1286=EDGE_LOOP('',(#1675));
#1287=EDGE_LOOP('',(#1676));
#1288=EDGE_LOOP('',(#1677));
#1289=EDGE_LOOP('',(#1678));
#1290=EDGE_LOOP('',(#1679));
#1291=EDGE_LOOP('',(#1680));
#1292=EDGE_LOOP('',(#1681));
#1293=EDGE_LOOP('',(#1682));
#1294=EDGE_LOOP('',(#1683));
#1295=EDGE_LOOP('',(#1684));
#1296=EDGE_LOOP('',(#1685));
#1297=EDGE_LOOP('',(#1686));
#1298=EDGE_LOOP('',(#1687));
#1299=EDGE_LOOP('',(#1688));
#1300=EDGE_LOOP('',(#1689));
#1301=EDGE_LOOP('',(#1690));
#1302=EDGE_LOOP('',(#1691));
#1303=EDGE_LOOP('',(#1692));
#1304=EDGE_LOOP('',(#1693));
#1305=EDGE_LOOP('',(#1694,#1695,#1696,#1697,#1698,#1699));
#1306=EDGE_LOOP('',(#1700,#1701,#1702,#1703));
#1307=EDGE_LOOP('',(#1704));
#1308=EDGE_LOOP('',(#1705,#1706,#1707,#1708,#1709,#1710,#1711,#1712,#1713));
#1309=EDGE_LOOP('',(#1714,#1715,#1716,#1717));
#1310=EDGE_LOOP('',(#1718,#1719,#1720,#1721));
#1311=EDGE_LOOP('',(#1722,#1723,#1724,#1725,#1726,#1727));
#1312=EDGE_LOOP('',(#1728,#1729,#1730,#1731));
#1313=EDGE_LOOP('',(#1732,#1733,#1734,#1735));
#1314=EDGE_LOOP('',(#1736,#1737,#1738,#1739));
#1315=EDGE_LOOP('',(#1740,#1741,#1742,#1743));
#1316=EDGE_LOOP('',(#1744,#1745,#1746,#1747));
#1317=EDGE_LOOP('',(#1748,#1749,#1750,#1751));
#1318=EDGE_LOOP('',(#1752,#1753,#1754,#1755));
#1319=EDGE_LOOP('',(#1756,#1757,#1758,#1759));
#1320=EDGE_LOOP('',(#1760,#1761,#1762,#1763));
#1321=EDGE_LOOP('',(#1764,#1765,#1766,#1767));
#1322=EDGE_LOOP('',(#1768,#1769,#1770,#1771));
#1323=EDGE_LOOP('',(#1772,#1773,#1774,#1775,#1776,#1777,#1778,#1779,#1780,
#1781,#1782,#1783,#1784,#1785));
#1324=EDGE_LOOP('',(#1786,#1787,#1788,#1789,#1790,#1791,#1792));
#1325=EDGE_LOOP('',(#1793,#1794,#1795,#1796,#1797,#1798,#1799,#1800,#1801,
#1802,#1803));
#1326=EDGE_LOOP('',(#1804,#1805,#1806,#1807));
#1327=EDGE_LOOP('',(#1808,#1809,#1810,#1811));
#1328=EDGE_LOOP('',(#1812,#1813,#1814,#1815));
#1329=EDGE_LOOP('',(#1816,#1817,#1818,#1819));
#1330=EDGE_LOOP('',(#1820,#1821,#1822,#1823));
#1331=EDGE_LOOP('',(#1824,#1825,#1826,#1827));
#1332=EDGE_LOOP('',(#1828));
#1333=EDGE_LOOP('',(#1829,#1830,#1831,#1832,#1833,#1834,#1835));
#1334=EDGE_LOOP('',(#1836));
#1335=EDGE_LOOP('',(#1837));
#1336=EDGE_LOOP('',(#1838));
#1337=EDGE_LOOP('',(#1839));
#1338=EDGE_LOOP('',(#1840));
#1339=EDGE_LOOP('',(#1841));
#1340=EDGE_LOOP('',(#1842,#1843,#1844,#1845));
#1341=EDGE_LOOP('',(#1846));
#1342=EDGE_LOOP('',(#1847));
#1343=EDGE_LOOP('',(#1848,#1849,#1850,#1851));
#1344=EDGE_LOOP('',(#1852,#1853,#1854,#1855));
#1345=EDGE_LOOP('',(#1856,#1857,#1858,#1859));
#1346=EDGE_LOOP('',(#1860,#1861,#1862,#1863));
#1347=EDGE_LOOP('',(#1864,#1865,#1866,#1867));
#1348=EDGE_LOOP('',(#1868,#1869));
#1349=EDGE_LOOP('',(#1870,#1871,#1872,#1873));
#1350=EDGE_LOOP('',(#1874,#1875,#1876,#1877,#1878));
#1351=EDGE_LOOP('',(#1879,#1880,#1881,#1882,#1883));
#1352=EDGE_LOOP('',(#1884,#1885,#1886,#1887));
#1353=EDGE_LOOP('',(#1888,#1889,#1890,#1891));
#1354=EDGE_LOOP('',(#1892,#1893,#1894,#1895));
#1355=EDGE_LOOP('',(#1896,#1897,#1898,#1899));
#1356=EDGE_LOOP('',(#1900));
#1357=EDGE_LOOP('',(#1901,#1902,#1903,#1904));
#1358=EDGE_LOOP('',(#1905,#1906,#1907,#1908,#1909,#1910,#1911));
#1359=EDGE_LOOP('',(#1912,#1913,#1914,#1915,#1916,#1917,#1918));
#1360=EDGE_LOOP('',(#1919,#1920,#1921,#1922));
#1361=EDGE_LOOP('',(#1923,#1924,#1925,#1926));
#1362=EDGE_LOOP('',(#1927,#1928,#1929,#1930,#1931,#1932));
#1363=EDGE_LOOP('',(#1933,#1934,#1935));
#1364=EDGE_LOOP('',(#1936,#1937,#1938));
#1365=EDGE_LOOP('',(#1939,#1940,#1941));
#1366=EDGE_LOOP('',(#1942,#1943,#1944,#1945));
#1367=EDGE_LOOP('',(#1946,#1947,#1948));
#1368=EDGE_LOOP('',(#1949,#1950,#1951,#1952));
#1369=EDGE_LOOP('',(#1953,#1954,#1955,#1956));
#1370=EDGE_LOOP('',(#1957,#1958,#1959,#1960,#1961,#1962));
#1371=EDGE_LOOP('',(#1963,#1964,#1965,#1966));
#1372=EDGE_LOOP('',(#1967,#1968,#1969,#1970));
#1373=EDGE_LOOP('',(#1971));
#1374=EDGE_LOOP('',(#1972));
#1375=EDGE_LOOP('',(#1973));
#1376=EDGE_LOOP('',(#1974));
#1377=EDGE_LOOP('',(#1975));
#1378=EDGE_LOOP('',(#1976,#1977,#1978,#1979));
#1379=EDGE_LOOP('',(#1980,#1981,#1982,#1983));
#1380=EDGE_LOOP('',(#1984,#1985,#1986,#1987));
#1381=EDGE_LOOP('',(#1988,#1989,#1990,#1991));
#1382=EDGE_LOOP('',(#1992));
#1383=EDGE_LOOP('',(#1993));
#1384=ELLIPSE('',#2670,0.707106781186546,0.499999999999999);
#1385=ELLIPSE('',#2693,0.258801081914276,0.183);
#1386=ELLIPSE('',#2718,0.559303494303588,0.5);
#1387=ELLIPSE('',#2741,0.204705078915113,0.183);
#1388=ELLIPSE('',#2742,0.204705078915113,0.183);
#1389=CIRCLE('',#2669,0.5);
#1390=CIRCLE('',#2672,0.18300000000001);
#1391=CIRCLE('',#2673,0.18300000000001);
#1392=CIRCLE('',#2675,0.25);
#1393=CIRCLE('',#2676,0.25);
#1394=CIRCLE('',#2678,0.5);
#1395=CIRCLE('',#2679,0.500000000000003);
#1396=CIRCLE('',#2686,0.1747188202908);
#1397=CIRCLE('',#2687,0.183);
#1398=CIRCLE('',#2689,0.172669240889898);
#1399=CIRCLE('',#2691,0.183);
#1400=CIRCLE('',#2694,0.183);
#1401=CIRCLE('',#2698,0.183);
#1402=CIRCLE('',#2700,0.17266412651607);
#1403=CIRCLE('',#2702,0.174713012670854);
#1404=CIRCLE('',#2704,0.183);
#1405=CIRCLE('',#2706,0.183);
#1406=CIRCLE('',#2710,0.25);
#1407=CIRCLE('',#2711,0.25);
#1408=CIRCLE('',#2716,0.5);
#1409=CIRCLE('',#2717,0.499999999999999);
#1410=CIRCLE('',#2720,0.183);
#1411=CIRCLE('',#2722,0.05);
#1412=CIRCLE('',#2723,0.183);
#1413=CIRCLE('',#2725,0.25);
#1414=CIRCLE('',#2726,0.25);
#1415=CIRCLE('',#2729,0.183);
#1416=CIRCLE('',#2730,0.125);
#1417=CIRCLE('',#2732,0.20300000000001);
#1418=CIRCLE('',#2734,0.183);
#1419=CIRCLE('',#2735,0.183);
#1420=CIRCLE('',#2737,0.183);
#1421=CIRCLE('',#2739,0.183);
#1422=CIRCLE('',#2744,0.183);
#1423=CIRCLE('',#2746,0.172669240889881);
#1424=CIRCLE('',#2748,0.174718820290783);
#1425=CIRCLE('',#2750,0.183);
#1426=CIRCLE('',#2752,0.183);
#1427=CIRCLE('',#2754,0.172664126516053);
#1428=CIRCLE('',#2756,0.174713012670837);
#1429=CIRCLE('',#2759,0.183);
#1430=CIRCLE('',#2761,0.172669240889878);
#1431=CIRCLE('',#2763,0.174718820290781);
#1432=CIRCLE('',#2765,0.183);
#1433=CIRCLE('',#2767,0.183);
#1434=CIRCLE('',#2769,0.172664126516052);
#1435=CIRCLE('',#2771,0.174713012670836);
#1436=CIRCLE('',#2775,0.052);
#1437=CIRCLE('',#2776,0.05);
#1438=CIRCLE('',#2778,0.05);
#1439=CIRCLE('',#2779,0.06);
#1440=CIRCLE('',#2782,0.06);
#1441=CIRCLE('',#2787,0.05);
#1442=CIRCLE('',#2788,0.25);
#1443=CIRCLE('',#2789,0.18300000000001);
#1444=CIRCLE('',#2790,0.5);
#1445=CIRCLE('',#2791,0.5);
#1446=CIRCLE('',#2793,0.25);
#1447=CIRCLE('',#2795,0.5);
#1448=CIRCLE('',#2797,0.18300000000001);
#1449=CIRCLE('',#2798,0.18300000000001);
#1450=CIRCLE('',#2800,0.5);
#1451=CIRCLE('',#2812,0.01585);
#1452=CIRCLE('',#2813,0.5);
#1453=CIRCLE('',#2814,0.01585);
#1454=CIRCLE('',#2815,0.25);
#1455=CIRCLE('',#2817,0.25);
#1456=CIRCLE('',#2818,0.01585);
#1457=CIRCLE('',#2819,0.5);
#1458=CIRCLE('',#2820,0.01585);
#1459=CIRCLE('',#2828,0.125);
#1460=CIRCLE('',#2830,0.05);
#1461=CIRCLE('',#2832,0.125);
#1462=CIRCLE('',#2836,0.075);
#1463=CIRCLE('',#2837,0.125);
#1464=CIRCLE('',#2843,0.125);
#1465=CIRCLE('',#2844,0.125);
#1466=CIRCLE('',#2846,0.05);
#1467=CIRCLE('',#2847,0.05);
#1468=CIRCLE('',#2849,0.05);
#1469=CIRCLE('',#2850,0.05);
#1470=CIRCLE('',#2852,0.124102123024651);
#1471=CIRCLE('',#2853,0.125);
#1472=CIRCLE('',#2855,0.225);
#1473=CIRCLE('',#2858,0.119181510798547);
#1474=CIRCLE('',#2859,0.145);
#1475=CIRCLE('',#2861,0.125);
#1476=CIRCLE('',#2867,0.05);
#1477=CIRCLE('',#2869,0.05);
#1478=CIRCLE('',#2870,0.05);
#1479=CIRCLE('',#2872,0.05);
#1480=CIRCLE('',#2873,0.104393759535434);
#1481=CIRCLE('',#2874,0.109293571914259);
#1482=CIRCLE('',#2875,0.06);
#1483=CIRCLE('',#2877,0.05);
#1484=CIRCLE('',#2880,0.01);
#1485=CIRCLE('',#2881,0.01);
#1486=CIRCLE('',#2882,0.01);
#1487=CIRCLE('',#2884,0.01);
#1488=ORIENTED_EDGE('',*,*,#2172,.T.);
#1489=ORIENTED_EDGE('',*,*,#2173,.F.);
#1490=ORIENTED_EDGE('',*,*,#2174,.T.);
#1491=ORIENTED_EDGE('',*,*,#2175,.T.);
#1492=ORIENTED_EDGE('',*,*,#2176,.T.);
#1493=ORIENTED_EDGE('',*,*,#2177,.F.);
#1494=ORIENTED_EDGE('',*,*,#2178,.F.);
#1495=ORIENTED_EDGE('',*,*,#2179,.T.);
#1496=ORIENTED_EDGE('',*,*,#2180,.F.);
#1497=ORIENTED_EDGE('',*,*,#2181,.T.);
#1498=ORIENTED_EDGE('',*,*,#2179,.F.);
#1499=ORIENTED_EDGE('',*,*,#2182,.F.);
#1500=ORIENTED_EDGE('',*,*,#2177,.T.);
#1501=ORIENTED_EDGE('',*,*,#2183,.F.);
#1502=ORIENTED_EDGE('',*,*,#2184,.T.);
#1503=ORIENTED_EDGE('',*,*,#2185,.F.);
#1504=ORIENTED_EDGE('',*,*,#2186,.T.);
#1505=ORIENTED_EDGE('',*,*,#2187,.F.);
#1506=ORIENTED_EDGE('',*,*,#2180,.T.);
#1507=ORIENTED_EDGE('',*,*,#2188,.T.);
#1508=ORIENTED_EDGE('',*,*,#2189,.F.);
#1509=ORIENTED_EDGE('',*,*,#2186,.F.);
#1510=ORIENTED_EDGE('',*,*,#2190,.F.);
#1511=ORIENTED_EDGE('',*,*,#2174,.F.);
#1512=ORIENTED_EDGE('',*,*,#2191,.F.);
#1513=ORIENTED_EDGE('',*,*,#2172,.F.);
#1514=ORIENTED_EDGE('',*,*,#2192,.T.);
#1515=ORIENTED_EDGE('',*,*,#2193,.T.);
#1516=ORIENTED_EDGE('',*,*,#2194,.F.);
#1517=ORIENTED_EDGE('',*,*,#2193,.F.);
#1518=ORIENTED_EDGE('',*,*,#2195,.F.);
#1519=ORIENTED_EDGE('',*,*,#2196,.F.);
#1520=ORIENTED_EDGE('',*,*,#2197,.F.);
#1521=ORIENTED_EDGE('',*,*,#2198,.T.);
#1522=ORIENTED_EDGE('',*,*,#2197,.T.);
#1523=ORIENTED_EDGE('',*,*,#2199,.F.);
#1524=ORIENTED_EDGE('',*,*,#2184,.F.);
#1525=ORIENTED_EDGE('',*,*,#2200,.T.);
#1526=ORIENTED_EDGE('',*,*,#2201,.F.);
#1527=ORIENTED_EDGE('',*,*,#2200,.F.);
#1528=ORIENTED_EDGE('',*,*,#2202,.T.);
#1529=ORIENTED_EDGE('',*,*,#2202,.F.);
#1530=ORIENTED_EDGE('',*,*,#2203,.F.);
#1531=ORIENTED_EDGE('',*,*,#2203,.T.);
#1532=ORIENTED_EDGE('',*,*,#2204,.T.);
#1533=ORIENTED_EDGE('',*,*,#2205,.F.);
#1534=ORIENTED_EDGE('',*,*,#2190,.T.);
#1535=ORIENTED_EDGE('',*,*,#2188,.F.);
#1536=ORIENTED_EDGE('',*,*,#2206,.F.);
#1537=ORIENTED_EDGE('',*,*,#2204,.F.);
#1538=ORIENTED_EDGE('',*,*,#2207,.F.);
#1539=ORIENTED_EDGE('',*,*,#2195,.T.);
#1540=ORIENTED_EDGE('',*,*,#2192,.F.);
#1541=ORIENTED_EDGE('',*,*,#2175,.F.);
#1542=ORIENTED_EDGE('',*,*,#2178,.T.);
#1543=ORIENTED_EDGE('',*,*,#2185,.T.);
#1544=ORIENTED_EDGE('',*,*,#2199,.T.);
#1545=ORIENTED_EDGE('',*,*,#2196,.T.);
#1546=ORIENTED_EDGE('',*,*,#2207,.T.);
#1547=ORIENTED_EDGE('',*,*,#2205,.T.);
#1548=ORIENTED_EDGE('',*,*,#2206,.T.);
#1549=ORIENTED_EDGE('',*,*,#2182,.T.);
#1550=ORIENTED_EDGE('',*,*,#2208,.T.);
#1551=ORIENTED_EDGE('',*,*,#2201,.T.);
#1552=ORIENTED_EDGE('',*,*,#2209,.F.);
#1553=ORIENTED_EDGE('',*,*,#2208,.F.);
#1554=ORIENTED_EDGE('',*,*,#2210,.F.);
#1555=ORIENTED_EDGE('',*,*,#2209,.T.);
#1556=ORIENTED_EDGE('',*,*,#2210,.T.);
#1557=ORIENTED_EDGE('',*,*,#2211,.F.);
#1558=ORIENTED_EDGE('',*,*,#2212,.F.);
#1559=ORIENTED_EDGE('',*,*,#2211,.T.);
#1560=ORIENTED_EDGE('',*,*,#2181,.F.);
#1561=ORIENTED_EDGE('',*,*,#2187,.T.);
#1562=ORIENTED_EDGE('',*,*,#2189,.T.);
#1563=ORIENTED_EDGE('',*,*,#2173,.T.);
#1564=ORIENTED_EDGE('',*,*,#2191,.T.);
#1565=ORIENTED_EDGE('',*,*,#2194,.T.);
#1566=ORIENTED_EDGE('',*,*,#2198,.F.);
#1567=ORIENTED_EDGE('',*,*,#2183,.T.);
#1568=ORIENTED_EDGE('',*,*,#2176,.F.);
#1569=ORIENTED_EDGE('',*,*,#2212,.T.);
#1570=ORIENTED_EDGE('',*,*,#2213,.F.);
#1571=ORIENTED_EDGE('',*,*,#2214,.T.);
#1572=ORIENTED_EDGE('',*,*,#2215,.F.);
#1573=ORIENTED_EDGE('',*,*,#2216,.F.);
#1574=ORIENTED_EDGE('',*,*,#2217,.T.);
#1575=ORIENTED_EDGE('',*,*,#2218,.F.);
#1576=ORIENTED_EDGE('',*,*,#2219,.T.);
#1577=ORIENTED_EDGE('',*,*,#2220,.F.);
#1578=ORIENTED_EDGE('',*,*,#2221,.F.);
#1579=ORIENTED_EDGE('',*,*,#2222,.F.);
#1580=ORIENTED_EDGE('',*,*,#2223,.T.);
#1581=ORIENTED_EDGE('',*,*,#2224,.F.);
#1582=ORIENTED_EDGE('',*,*,#2225,.F.);
#1583=ORIENTED_EDGE('',*,*,#2224,.T.);
#1584=ORIENTED_EDGE('',*,*,#2226,.T.);
#1585=ORIENTED_EDGE('',*,*,#2227,.F.);
#1586=ORIENTED_EDGE('',*,*,#2215,.T.);
#1587=ORIENTED_EDGE('',*,*,#2228,.F.);
#1588=ORIENTED_EDGE('',*,*,#2213,.T.);
#1589=ORIENTED_EDGE('',*,*,#2229,.F.);
#1590=ORIENTED_EDGE('',*,*,#2219,.F.);
#1591=ORIENTED_EDGE('',*,*,#2222,.T.);
#1592=ORIENTED_EDGE('',*,*,#2230,.T.);
#1593=ORIENTED_EDGE('',*,*,#2231,.T.);
#1594=ORIENTED_EDGE('',*,*,#2232,.F.);
#1595=ORIENTED_EDGE('',*,*,#2233,.T.);
#1596=ORIENTED_EDGE('',*,*,#2234,.F.);
#1597=ORIENTED_EDGE('',*,*,#2235,.F.);
#1598=ORIENTED_EDGE('',*,*,#2236,.F.);
#1599=ORIENTED_EDGE('',*,*,#2237,.T.);
#1600=ORIENTED_EDGE('',*,*,#2238,.F.);
#1601=ORIENTED_EDGE('',*,*,#2231,.F.);
#1602=ORIENTED_EDGE('',*,*,#2239,.F.);
#1603=ORIENTED_EDGE('',*,*,#2240,.T.);
#1604=ORIENTED_EDGE('',*,*,#2241,.F.);
#1605=ORIENTED_EDGE('',*,*,#2217,.F.);
#1606=ORIENTED_EDGE('',*,*,#2242,.F.);
#1607=ORIENTED_EDGE('',*,*,#2240,.F.);
#1608=ORIENTED_EDGE('',*,*,#2243,.F.);
#1609=ORIENTED_EDGE('',*,*,#2244,.T.);
#1610=ORIENTED_EDGE('',*,*,#2245,.T.);
#1611=ORIENTED_EDGE('',*,*,#2218,.T.);
#1612=ORIENTED_EDGE('',*,*,#2243,.T.);
#1613=ORIENTED_EDGE('',*,*,#2239,.T.);
#1614=ORIENTED_EDGE('',*,*,#2230,.F.);
#1615=ORIENTED_EDGE('',*,*,#2221,.T.);
#1616=ORIENTED_EDGE('',*,*,#2225,.T.);
#1617=ORIENTED_EDGE('',*,*,#2214,.F.);
#1618=ORIENTED_EDGE('',*,*,#2228,.T.);
#1619=ORIENTED_EDGE('',*,*,#2236,.T.);
#1620=ORIENTED_EDGE('',*,*,#2234,.T.);
#1621=ORIENTED_EDGE('',*,*,#2235,.T.);
#1622=ORIENTED_EDGE('',*,*,#2246,.T.);
#1623=ORIENTED_EDGE('',*,*,#2246,.F.);
#1624=ORIENTED_EDGE('',*,*,#2247,.T.);
#1625=ORIENTED_EDGE('',*,*,#2248,.T.);
#1626=ORIENTED_EDGE('',*,*,#2249,.T.);
#1627=ORIENTED_EDGE('',*,*,#2250,.T.);
#1628=ORIENTED_EDGE('',*,*,#2251,.T.);
#1629=ORIENTED_EDGE('',*,*,#2232,.T.);
#1630=ORIENTED_EDGE('',*,*,#2241,.T.);
#1631=ORIENTED_EDGE('',*,*,#2242,.T.);
#1632=ORIENTED_EDGE('',*,*,#2220,.T.);
#1633=ORIENTED_EDGE('',*,*,#2229,.T.);
#1634=ORIENTED_EDGE('',*,*,#2216,.T.);
#1635=ORIENTED_EDGE('',*,*,#2227,.T.);
#1636=ORIENTED_EDGE('',*,*,#2252,.T.);
#1637=ORIENTED_EDGE('',*,*,#2244,.F.);
#1638=ORIENTED_EDGE('',*,*,#2238,.T.);
#1639=ORIENTED_EDGE('',*,*,#2253,.T.);
#1640=ORIENTED_EDGE('',*,*,#2226,.F.);
#1641=ORIENTED_EDGE('',*,*,#2223,.F.);
#1642=ORIENTED_EDGE('',*,*,#2233,.F.);
#1643=ORIENTED_EDGE('',*,*,#2251,.F.);
#1644=ORIENTED_EDGE('',*,*,#2254,.F.);
#1645=ORIENTED_EDGE('',*,*,#2249,.F.);
#1646=ORIENTED_EDGE('',*,*,#2255,.F.);
#1647=ORIENTED_EDGE('',*,*,#2247,.F.);
#1648=ORIENTED_EDGE('',*,*,#2256,.T.);
#1649=ORIENTED_EDGE('',*,*,#2254,.T.);
#1650=ORIENTED_EDGE('',*,*,#2250,.F.);
#1651=ORIENTED_EDGE('',*,*,#2256,.F.);
#1652=ORIENTED_EDGE('',*,*,#2257,.T.);
#1653=ORIENTED_EDGE('',*,*,#2257,.F.);
#1654=ORIENTED_EDGE('',*,*,#2258,.T.);
#1655=ORIENTED_EDGE('',*,*,#2259,.F.);
#1656=ORIENTED_EDGE('',*,*,#2258,.F.);
#1657=ORIENTED_EDGE('',*,*,#2260,.T.);
#1658=ORIENTED_EDGE('',*,*,#2259,.T.);
#1659=ORIENTED_EDGE('',*,*,#2260,.F.);
#1660=ORIENTED_EDGE('',*,*,#2261,.T.);
#1661=ORIENTED_EDGE('',*,*,#2261,.F.);
#1662=ORIENTED_EDGE('',*,*,#2262,.T.);
#1663=ORIENTED_EDGE('',*,*,#2252,.F.);
#1664=ORIENTED_EDGE('',*,*,#2262,.F.);
#1665=ORIENTED_EDGE('',*,*,#2263,.T.);
#1666=ORIENTED_EDGE('',*,*,#2255,.T.);
#1667=ORIENTED_EDGE('',*,*,#2248,.F.);
#1668=ORIENTED_EDGE('',*,*,#2263,.F.);
#1669=ORIENTED_EDGE('',*,*,#2264,.T.);
#1670=ORIENTED_EDGE('',*,*,#2264,.F.);
#1671=ORIENTED_EDGE('',*,*,#2265,.T.);
#1672=ORIENTED_EDGE('',*,*,#2266,.F.);
#1673=ORIENTED_EDGE('',*,*,#2265,.F.);
#1674=ORIENTED_EDGE('',*,*,#2267,.T.);
#1675=ORIENTED_EDGE('',*,*,#2266,.T.);
#1676=ORIENTED_EDGE('',*,*,#2267,.F.);
#1677=ORIENTED_EDGE('',*,*,#2268,.T.);
#1678=ORIENTED_EDGE('',*,*,#2268,.F.);
#1679=ORIENTED_EDGE('',*,*,#2269,.T.);
#1680=ORIENTED_EDGE('',*,*,#2253,.F.);
#1681=ORIENTED_EDGE('',*,*,#2269,.F.);
#1682=ORIENTED_EDGE('',*,*,#2237,.F.);
#1683=ORIENTED_EDGE('',*,*,#2245,.F.);
#1684=ORIENTED_EDGE('',*,*,#2270,.T.);
#1685=ORIENTED_EDGE('',*,*,#2271,.T.);
#1686=ORIENTED_EDGE('',*,*,#2272,.F.);
#1687=ORIENTED_EDGE('',*,*,#2273,.F.);
#1688=ORIENTED_EDGE('',*,*,#2272,.T.);
#1689=ORIENTED_EDGE('',*,*,#2271,.F.);
#1690=ORIENTED_EDGE('',*,*,#2274,.T.);
#1691=ORIENTED_EDGE('',*,*,#2273,.T.);
#1692=ORIENTED_EDGE('',*,*,#2274,.F.);
#1693=ORIENTED_EDGE('',*,*,#2270,.F.);
#1694=ORIENTED_EDGE('',*,*,#2275,.F.);
#1695=ORIENTED_EDGE('',*,*,#2276,.T.);
#1696=ORIENTED_EDGE('',*,*,#2277,.F.);
#1697=ORIENTED_EDGE('',*,*,#2278,.T.);
#1698=ORIENTED_EDGE('',*,*,#2279,.F.);
#1699=ORIENTED_EDGE('',*,*,#2280,.T.);
#1700=ORIENTED_EDGE('',*,*,#2281,.T.);
#1701=ORIENTED_EDGE('',*,*,#2279,.T.);
#1702=ORIENTED_EDGE('',*,*,#2282,.T.);
#1703=ORIENTED_EDGE('',*,*,#2283,.T.);
#1704=ORIENTED_EDGE('',*,*,#2284,.F.);
#1705=ORIENTED_EDGE('',*,*,#2276,.F.);
#1706=ORIENTED_EDGE('',*,*,#2285,.T.);
#1707=ORIENTED_EDGE('',*,*,#2286,.F.);
#1708=ORIENTED_EDGE('',*,*,#2287,.T.);
#1709=ORIENTED_EDGE('',*,*,#2288,.F.);
#1710=ORIENTED_EDGE('',*,*,#2289,.F.);
#1711=ORIENTED_EDGE('',*,*,#2290,.T.);
#1712=ORIENTED_EDGE('',*,*,#2291,.F.);
#1713=ORIENTED_EDGE('',*,*,#2292,.F.);
#1714=ORIENTED_EDGE('',*,*,#2293,.F.);
#1715=ORIENTED_EDGE('',*,*,#2286,.T.);
#1716=ORIENTED_EDGE('',*,*,#2294,.F.);
#1717=ORIENTED_EDGE('',*,*,#2295,.T.);
#1718=ORIENTED_EDGE('',*,*,#2296,.T.);
#1719=ORIENTED_EDGE('',*,*,#2288,.T.);
#1720=ORIENTED_EDGE('',*,*,#2297,.T.);
#1721=ORIENTED_EDGE('',*,*,#2298,.T.);
#1722=ORIENTED_EDGE('',*,*,#2287,.F.);
#1723=ORIENTED_EDGE('',*,*,#2293,.T.);
#1724=ORIENTED_EDGE('',*,*,#2299,.T.);
#1725=ORIENTED_EDGE('',*,*,#2300,.F.);
#1726=ORIENTED_EDGE('',*,*,#2301,.T.);
#1727=ORIENTED_EDGE('',*,*,#2297,.F.);
#1728=ORIENTED_EDGE('',*,*,#2277,.T.);
#1729=ORIENTED_EDGE('',*,*,#2292,.T.);
#1730=ORIENTED_EDGE('',*,*,#2302,.T.);
#1731=ORIENTED_EDGE('',*,*,#2303,.T.);
#1732=ORIENTED_EDGE('',*,*,#2291,.T.);
#1733=ORIENTED_EDGE('',*,*,#2304,.T.);
#1734=ORIENTED_EDGE('',*,*,#2305,.T.);
#1735=ORIENTED_EDGE('',*,*,#2302,.F.);
#1736=ORIENTED_EDGE('',*,*,#2289,.T.);
#1737=ORIENTED_EDGE('',*,*,#2296,.F.);
#1738=ORIENTED_EDGE('',*,*,#2306,.T.);
#1739=ORIENTED_EDGE('',*,*,#2307,.T.);
#1740=ORIENTED_EDGE('',*,*,#2290,.F.);
#1741=ORIENTED_EDGE('',*,*,#2307,.F.);
#1742=ORIENTED_EDGE('',*,*,#2308,.T.);
#1743=ORIENTED_EDGE('',*,*,#2304,.F.);
#1744=ORIENTED_EDGE('',*,*,#2309,.T.);
#1745=ORIENTED_EDGE('',*,*,#2310,.F.);
#1746=ORIENTED_EDGE('',*,*,#2311,.T.);
#1747=ORIENTED_EDGE('',*,*,#2312,.T.);
#1748=ORIENTED_EDGE('',*,*,#2313,.T.);
#1749=ORIENTED_EDGE('',*,*,#2312,.F.);
#1750=ORIENTED_EDGE('',*,*,#2314,.T.);
#1751=ORIENTED_EDGE('',*,*,#2315,.T.);
#1752=ORIENTED_EDGE('',*,*,#2316,.T.);
#1753=ORIENTED_EDGE('',*,*,#2315,.F.);
#1754=ORIENTED_EDGE('',*,*,#2317,.T.);
#1755=ORIENTED_EDGE('',*,*,#2318,.T.);
#1756=ORIENTED_EDGE('',*,*,#2319,.T.);
#1757=ORIENTED_EDGE('',*,*,#2318,.F.);
#1758=ORIENTED_EDGE('',*,*,#2320,.T.);
#1759=ORIENTED_EDGE('',*,*,#2321,.T.);
#1760=ORIENTED_EDGE('',*,*,#2322,.T.);
#1761=ORIENTED_EDGE('',*,*,#2321,.F.);
#1762=ORIENTED_EDGE('',*,*,#2323,.T.);
#1763=ORIENTED_EDGE('',*,*,#2324,.F.);
#1764=ORIENTED_EDGE('',*,*,#2325,.T.);
#1765=ORIENTED_EDGE('',*,*,#2324,.T.);
#1766=ORIENTED_EDGE('',*,*,#2326,.T.);
#1767=ORIENTED_EDGE('',*,*,#2327,.T.);
#1768=ORIENTED_EDGE('',*,*,#2328,.T.);
#1769=ORIENTED_EDGE('',*,*,#2327,.F.);
#1770=ORIENTED_EDGE('',*,*,#2329,.T.);
#1771=ORIENTED_EDGE('',*,*,#2310,.T.);
#1772=ORIENTED_EDGE('',*,*,#2298,.F.);
#1773=ORIENTED_EDGE('',*,*,#2301,.F.);
#1774=ORIENTED_EDGE('',*,*,#2330,.F.);
#1775=ORIENTED_EDGE('',*,*,#2331,.F.);
#1776=ORIENTED_EDGE('',*,*,#2332,.F.);
#1777=ORIENTED_EDGE('',*,*,#2333,.F.);
#1778=ORIENTED_EDGE('',*,*,#2334,.T.);
#1779=ORIENTED_EDGE('',*,*,#2335,.F.);
#1780=ORIENTED_EDGE('',*,*,#2282,.F.);
#1781=ORIENTED_EDGE('',*,*,#2278,.F.);
#1782=ORIENTED_EDGE('',*,*,#2303,.F.);
#1783=ORIENTED_EDGE('',*,*,#2305,.F.);
#1784=ORIENTED_EDGE('',*,*,#2308,.F.);
#1785=ORIENTED_EDGE('',*,*,#2306,.F.);
#1786=ORIENTED_EDGE('',*,*,#2329,.F.);
#1787=ORIENTED_EDGE('',*,*,#2326,.F.);
#1788=ORIENTED_EDGE('',*,*,#2323,.F.);
#1789=ORIENTED_EDGE('',*,*,#2320,.F.);
#1790=ORIENTED_EDGE('',*,*,#2317,.F.);
#1791=ORIENTED_EDGE('',*,*,#2314,.F.);
#1792=ORIENTED_EDGE('',*,*,#2311,.F.);
#1793=ORIENTED_EDGE('',*,*,#2295,.F.);
#1794=ORIENTED_EDGE('',*,*,#2336,.F.);
#1795=ORIENTED_EDGE('',*,*,#2280,.F.);
#1796=ORIENTED_EDGE('',*,*,#2281,.F.);
#1797=ORIENTED_EDGE('',*,*,#2337,.F.);
#1798=ORIENTED_EDGE('',*,*,#2338,.F.);
#1799=ORIENTED_EDGE('',*,*,#2339,.F.);
#1800=ORIENTED_EDGE('',*,*,#2340,.F.);
#1801=ORIENTED_EDGE('',*,*,#2341,.F.);
#1802=ORIENTED_EDGE('',*,*,#2342,.F.);
#1803=ORIENTED_EDGE('',*,*,#2299,.F.);
#1804=ORIENTED_EDGE('',*,*,#2333,.T.);
#1805=ORIENTED_EDGE('',*,*,#2343,.F.);
#1806=ORIENTED_EDGE('',*,*,#2339,.T.);
#1807=ORIENTED_EDGE('',*,*,#2344,.T.);
#1808=ORIENTED_EDGE('',*,*,#2332,.T.);
#1809=ORIENTED_EDGE('',*,*,#2345,.T.);
#1810=ORIENTED_EDGE('',*,*,#2340,.T.);
#1811=ORIENTED_EDGE('',*,*,#2343,.T.);
#1812=ORIENTED_EDGE('',*,*,#2331,.T.);
#1813=ORIENTED_EDGE('',*,*,#2346,.F.);
#1814=ORIENTED_EDGE('',*,*,#2341,.T.);
#1815=ORIENTED_EDGE('',*,*,#2345,.F.);
#1816=ORIENTED_EDGE('',*,*,#2330,.T.);
#1817=ORIENTED_EDGE('',*,*,#2300,.T.);
#1818=ORIENTED_EDGE('',*,*,#2342,.T.);
#1819=ORIENTED_EDGE('',*,*,#2346,.T.);
#1820=ORIENTED_EDGE('',*,*,#2335,.T.);
#1821=ORIENTED_EDGE('',*,*,#2347,.F.);
#1822=ORIENTED_EDGE('',*,*,#2337,.T.);
#1823=ORIENTED_EDGE('',*,*,#2283,.F.);
#1824=ORIENTED_EDGE('',*,*,#2347,.T.);
#1825=ORIENTED_EDGE('',*,*,#2334,.F.);
#1826=ORIENTED_EDGE('',*,*,#2344,.F.);
#1827=ORIENTED_EDGE('',*,*,#2338,.T.);
#1828=ORIENTED_EDGE('',*,*,#2348,.T.);
#1829=ORIENTED_EDGE('',*,*,#2325,.F.);
#1830=ORIENTED_EDGE('',*,*,#2328,.F.);
#1831=ORIENTED_EDGE('',*,*,#2309,.F.);
#1832=ORIENTED_EDGE('',*,*,#2313,.F.);
#1833=ORIENTED_EDGE('',*,*,#2316,.F.);
#1834=ORIENTED_EDGE('',*,*,#2319,.F.);
#1835=ORIENTED_EDGE('',*,*,#2322,.F.);
#1836=ORIENTED_EDGE('',*,*,#2349,.T.);
#1837=ORIENTED_EDGE('',*,*,#2284,.T.);
#1838=ORIENTED_EDGE('',*,*,#2350,.T.);
#1839=ORIENTED_EDGE('',*,*,#2348,.F.);
#1840=ORIENTED_EDGE('',*,*,#2349,.F.);
#1841=ORIENTED_EDGE('',*,*,#2350,.F.);
#1842=ORIENTED_EDGE('',*,*,#2275,.T.);
#1843=ORIENTED_EDGE('',*,*,#2336,.T.);
#1844=ORIENTED_EDGE('',*,*,#2294,.T.);
#1845=ORIENTED_EDGE('',*,*,#2285,.F.);
#1846=ORIENTED_EDGE('',*,*,#2351,.T.);
#1847=ORIENTED_EDGE('',*,*,#2352,.T.);
#1848=ORIENTED_EDGE('',*,*,#2353,.T.);
#1849=ORIENTED_EDGE('',*,*,#2354,.T.);
#1850=ORIENTED_EDGE('',*,*,#2355,.T.);
#1851=ORIENTED_EDGE('',*,*,#2356,.T.);
#1852=ORIENTED_EDGE('',*,*,#2353,.F.);
#1853=ORIENTED_EDGE('',*,*,#2357,.T.);
#1854=ORIENTED_EDGE('',*,*,#2358,.F.);
#1855=ORIENTED_EDGE('',*,*,#2359,.F.);
#1856=ORIENTED_EDGE('',*,*,#2356,.F.);
#1857=ORIENTED_EDGE('',*,*,#2360,.T.);
#1858=ORIENTED_EDGE('',*,*,#2361,.F.);
#1859=ORIENTED_EDGE('',*,*,#2357,.F.);
#1860=ORIENTED_EDGE('',*,*,#2355,.F.);
#1861=ORIENTED_EDGE('',*,*,#2362,.T.);
#1862=ORIENTED_EDGE('',*,*,#2363,.F.);
#1863=ORIENTED_EDGE('',*,*,#2360,.F.);
#1864=ORIENTED_EDGE('',*,*,#2354,.F.);
#1865=ORIENTED_EDGE('',*,*,#2359,.T.);
#1866=ORIENTED_EDGE('',*,*,#2364,.F.);
#1867=ORIENTED_EDGE('',*,*,#2362,.F.);
#1868=ORIENTED_EDGE('',*,*,#2365,.T.);
#1869=ORIENTED_EDGE('',*,*,#2366,.T.);
#1870=ORIENTED_EDGE('',*,*,#2358,.T.);
#1871=ORIENTED_EDGE('',*,*,#2361,.T.);
#1872=ORIENTED_EDGE('',*,*,#2363,.T.);
#1873=ORIENTED_EDGE('',*,*,#2364,.T.);
#1874=ORIENTED_EDGE('',*,*,#2367,.F.);
#1875=ORIENTED_EDGE('',*,*,#2368,.T.);
#1876=ORIENTED_EDGE('',*,*,#2369,.F.);
#1877=ORIENTED_EDGE('',*,*,#2370,.F.);
#1878=ORIENTED_EDGE('',*,*,#2371,.T.);
#1879=ORIENTED_EDGE('',*,*,#2372,.F.);
#1880=ORIENTED_EDGE('',*,*,#2373,.T.);
#1881=ORIENTED_EDGE('',*,*,#2374,.F.);
#1882=ORIENTED_EDGE('',*,*,#2375,.T.);
#1883=ORIENTED_EDGE('',*,*,#2376,.F.);
#1884=ORIENTED_EDGE('',*,*,#2369,.T.);
#1885=ORIENTED_EDGE('',*,*,#2377,.T.);
#1886=ORIENTED_EDGE('',*,*,#2372,.T.);
#1887=ORIENTED_EDGE('',*,*,#2378,.F.);
#1888=ORIENTED_EDGE('',*,*,#2379,.T.);
#1889=ORIENTED_EDGE('',*,*,#2380,.T.);
#1890=ORIENTED_EDGE('',*,*,#2381,.T.);
#1891=ORIENTED_EDGE('',*,*,#2382,.T.);
#1892=ORIENTED_EDGE('',*,*,#2383,.T.);
#1893=ORIENTED_EDGE('',*,*,#2366,.F.);
#1894=ORIENTED_EDGE('',*,*,#2384,.F.);
#1895=ORIENTED_EDGE('',*,*,#2378,.T.);
#1896=ORIENTED_EDGE('',*,*,#2374,.T.);
#1897=ORIENTED_EDGE('',*,*,#2385,.T.);
#1898=ORIENTED_EDGE('',*,*,#2367,.T.);
#1899=ORIENTED_EDGE('',*,*,#2386,.T.);
#1900=ORIENTED_EDGE('',*,*,#2352,.F.);
#1901=ORIENTED_EDGE('',*,*,#2387,.F.);
#1902=ORIENTED_EDGE('',*,*,#2388,.T.);
#1903=ORIENTED_EDGE('',*,*,#2389,.T.);
#1904=ORIENTED_EDGE('',*,*,#2390,.T.);
#1905=ORIENTED_EDGE('',*,*,#2370,.T.);
#1906=ORIENTED_EDGE('',*,*,#2384,.T.);
#1907=ORIENTED_EDGE('',*,*,#2391,.T.);
#1908=ORIENTED_EDGE('',*,*,#2392,.T.);
#1909=ORIENTED_EDGE('',*,*,#2393,.T.);
#1910=ORIENTED_EDGE('',*,*,#2389,.F.);
#1911=ORIENTED_EDGE('',*,*,#2394,.T.);
#1912=ORIENTED_EDGE('',*,*,#2387,.T.);
#1913=ORIENTED_EDGE('',*,*,#2395,.T.);
#1914=ORIENTED_EDGE('',*,*,#2396,.T.);
#1915=ORIENTED_EDGE('',*,*,#2397,.T.);
#1916=ORIENTED_EDGE('',*,*,#2383,.F.);
#1917=ORIENTED_EDGE('',*,*,#2376,.T.);
#1918=ORIENTED_EDGE('',*,*,#2398,.T.);
#1919=ORIENTED_EDGE('',*,*,#2381,.F.);
#1920=ORIENTED_EDGE('',*,*,#2399,.T.);
#1921=ORIENTED_EDGE('',*,*,#2365,.F.);
#1922=ORIENTED_EDGE('',*,*,#2400,.T.);
#1923=ORIENTED_EDGE('',*,*,#2386,.F.);
#1924=ORIENTED_EDGE('',*,*,#2401,.T.);
#1925=ORIENTED_EDGE('',*,*,#2388,.F.);
#1926=ORIENTED_EDGE('',*,*,#2402,.T.);
#1927=ORIENTED_EDGE('',*,*,#2403,.T.);
#1928=ORIENTED_EDGE('',*,*,#2404,.T.);
#1929=ORIENTED_EDGE('',*,*,#2405,.T.);
#1930=ORIENTED_EDGE('',*,*,#2406,.T.);
#1931=ORIENTED_EDGE('',*,*,#2379,.F.);
#1932=ORIENTED_EDGE('',*,*,#2407,.T.);
#1933=ORIENTED_EDGE('',*,*,#2401,.F.);
#1934=ORIENTED_EDGE('',*,*,#2371,.F.);
#1935=ORIENTED_EDGE('',*,*,#2394,.F.);
#1936=ORIENTED_EDGE('',*,*,#2398,.F.);
#1937=ORIENTED_EDGE('',*,*,#2375,.F.);
#1938=ORIENTED_EDGE('',*,*,#2402,.F.);
#1939=ORIENTED_EDGE('',*,*,#2399,.F.);
#1940=ORIENTED_EDGE('',*,*,#2408,.F.);
#1941=ORIENTED_EDGE('',*,*,#2391,.F.);
#1942=ORIENTED_EDGE('',*,*,#2408,.T.);
#1943=ORIENTED_EDGE('',*,*,#2380,.F.);
#1944=ORIENTED_EDGE('',*,*,#2409,.F.);
#1945=ORIENTED_EDGE('',*,*,#2392,.F.);
#1946=ORIENTED_EDGE('',*,*,#2397,.F.);
#1947=ORIENTED_EDGE('',*,*,#2410,.F.);
#1948=ORIENTED_EDGE('',*,*,#2400,.F.);
#1949=ORIENTED_EDGE('',*,*,#2409,.T.);
#1950=ORIENTED_EDGE('',*,*,#2406,.F.);
#1951=ORIENTED_EDGE('',*,*,#2411,.F.);
#1952=ORIENTED_EDGE('',*,*,#2393,.F.);
#1953=ORIENTED_EDGE('',*,*,#2410,.T.);
#1954=ORIENTED_EDGE('',*,*,#2396,.F.);
#1955=ORIENTED_EDGE('',*,*,#2412,.F.);
#1956=ORIENTED_EDGE('',*,*,#2382,.F.);
#1957=ORIENTED_EDGE('',*,*,#2411,.T.);
#1958=ORIENTED_EDGE('',*,*,#2405,.F.);
#1959=ORIENTED_EDGE('',*,*,#2404,.F.);
#1960=ORIENTED_EDGE('',*,*,#2403,.F.);
#1961=ORIENTED_EDGE('',*,*,#2413,.T.);
#1962=ORIENTED_EDGE('',*,*,#2390,.F.);
#1963=ORIENTED_EDGE('',*,*,#2412,.T.);
#1964=ORIENTED_EDGE('',*,*,#2395,.F.);
#1965=ORIENTED_EDGE('',*,*,#2413,.F.);
#1966=ORIENTED_EDGE('',*,*,#2407,.F.);
#1967=ORIENTED_EDGE('',*,*,#2414,.T.);
#1968=ORIENTED_EDGE('',*,*,#2415,.T.);
#1969=ORIENTED_EDGE('',*,*,#2416,.T.);
#1970=ORIENTED_EDGE('',*,*,#2417,.T.);
#1971=ORIENTED_EDGE('',*,*,#2418,.F.);
#1972=ORIENTED_EDGE('',*,*,#2418,.T.);
#1973=ORIENTED_EDGE('',*,*,#2419,.F.);
#1974=ORIENTED_EDGE('',*,*,#2420,.F.);
#1975=ORIENTED_EDGE('',*,*,#2419,.T.);
#1976=ORIENTED_EDGE('',*,*,#2421,.F.);
#1977=ORIENTED_EDGE('',*,*,#2417,.F.);
#1978=ORIENTED_EDGE('',*,*,#2422,.F.);
#1979=ORIENTED_EDGE('',*,*,#2373,.F.);
#1980=ORIENTED_EDGE('',*,*,#2422,.T.);
#1981=ORIENTED_EDGE('',*,*,#2416,.F.);
#1982=ORIENTED_EDGE('',*,*,#2423,.F.);
#1983=ORIENTED_EDGE('',*,*,#2385,.F.);
#1984=ORIENTED_EDGE('',*,*,#2421,.T.);
#1985=ORIENTED_EDGE('',*,*,#2377,.F.);
#1986=ORIENTED_EDGE('',*,*,#2424,.F.);
#1987=ORIENTED_EDGE('',*,*,#2414,.F.);
#1988=ORIENTED_EDGE('',*,*,#2423,.T.);
#1989=ORIENTED_EDGE('',*,*,#2415,.F.);
#1990=ORIENTED_EDGE('',*,*,#2424,.T.);
#1991=ORIENTED_EDGE('',*,*,#2368,.F.);
#1992=ORIENTED_EDGE('',*,*,#2351,.F.);
#1993=ORIENTED_EDGE('',*,*,#2420,.T.);
#1994=VERTEX_POINT('',#3461);
#1995=VERTEX_POINT('',#3462);
#1996=VERTEX_POINT('',#3464);
#1997=VERTEX_POINT('',#3466);
#1998=VERTEX_POINT('',#3470);
#1999=VERTEX_POINT('',#3471);
#2000=VERTEX_POINT('',#3473);
#2001=VERTEX_POINT('',#3475);
#2002=VERTEX_POINT('',#3479);
#2003=VERTEX_POINT('',#3480);
#2004=VERTEX_POINT('',#3485);
#2005=VERTEX_POINT('',#3487);
#2006=VERTEX_POINT('',#3491);
#2007=VERTEX_POINT('',#3492);
#2008=VERTEX_POINT('',#3500);
#2009=VERTEX_POINT('',#3502);
#2010=VERTEX_POINT('',#3506);
#2011=VERTEX_POINT('',#3508);
#2012=VERTEX_POINT('',#3510);
#2013=VERTEX_POINT('',#3517);
#2014=VERTEX_POINT('',#3519);
#2015=VERTEX_POINT('',#3522);
#2016=VERTEX_POINT('',#3525);
#2017=VERTEX_POINT('',#3528);
#2018=VERTEX_POINT('',#3529);
#2019=VERTEX_POINT('',#3537);
#2020=VERTEX_POINT('',#3540);
#2021=VERTEX_POINT('',#3543);
#2022=VERTEX_POINT('',#3546);
#2023=VERTEX_POINT('',#3549);
#2024=VERTEX_POINT('',#3553);
#2025=VERTEX_POINT('',#3554);
#2026=VERTEX_POINT('',#3556);
#2027=VERTEX_POINT('',#3558);
#2028=VERTEX_POINT('',#3562);
#2029=VERTEX_POINT('',#3563);
#2030=VERTEX_POINT('',#3565);
#2031=VERTEX_POINT('',#3567);
#2032=VERTEX_POINT('',#3571);
#2033=VERTEX_POINT('',#3572);
#2034=VERTEX_POINT('',#3574);
#2035=VERTEX_POINT('',#3576);
#2036=VERTEX_POINT('',#3581);
#2037=VERTEX_POINT('',#3588);
#2038=VERTEX_POINT('',#3590);
#2039=VERTEX_POINT('',#3592);
#2040=VERTEX_POINT('',#3601);
#2041=VERTEX_POINT('',#3602);
#2042=VERTEX_POINT('',#3608);
#2043=VERTEX_POINT('',#3611);
#2044=VERTEX_POINT('',#3613);
#2045=VERTEX_POINT('',#3616);
#2046=VERTEX_POINT('',#3618);
#2047=VERTEX_POINT('',#3625);
#2048=VERTEX_POINT('',#3627);
#2049=VERTEX_POINT('',#3630);
#2050=VERTEX_POINT('',#3633);
#2051=VERTEX_POINT('',#3635);
#2052=VERTEX_POINT('',#3637);
#2053=VERTEX_POINT('',#3639);
#2054=VERTEX_POINT('',#3643);
#2055=VERTEX_POINT('',#3646);
#2056=VERTEX_POINT('',#3652);
#2057=VERTEX_POINT('',#3655);
#2058=VERTEX_POINT('',#3658);
#2059=VERTEX_POINT('',#3661);
#2060=VERTEX_POINT('',#3664);
#2061=VERTEX_POINT('',#3667);
#2062=VERTEX_POINT('',#3670);
#2063=VERTEX_POINT('',#3674);
#2064=VERTEX_POINT('',#3677);
#2065=VERTEX_POINT('',#3680);
#2066=VERTEX_POINT('',#3683);
#2067=VERTEX_POINT('',#3686);
#2068=VERTEX_POINT('',#3689);
#2069=VERTEX_POINT('',#3692);
#2070=VERTEX_POINT('',#3697);
#2071=VERTEX_POINT('',#3699);
#2072=VERTEX_POINT('',#3702);
#2073=VERTEX_POINT('',#3704);
#2074=VERTEX_POINT('',#3708);
#2075=VERTEX_POINT('',#3712);
#2076=VERTEX_POINT('',#3713);
#2077=VERTEX_POINT('',#3715);
#2078=VERTEX_POINT('',#3717);
#2079=VERTEX_POINT('',#3719);
#2080=VERTEX_POINT('',#3721);
#2081=VERTEX_POINT('',#3725);
#2082=VERTEX_POINT('',#3727);
#2083=VERTEX_POINT('',#3731);
#2084=VERTEX_POINT('',#3733);
#2085=VERTEX_POINT('',#3735);
#2086=VERTEX_POINT('',#3737);
#2087=VERTEX_POINT('',#3739);
#2088=VERTEX_POINT('',#3741);
#2089=VERTEX_POINT('',#3743);
#2090=VERTEX_POINT('',#3745);
#2091=VERTEX_POINT('',#3749);
#2092=VERTEX_POINT('',#3751);
#2093=VERTEX_POINT('',#3755);
#2094=VERTEX_POINT('',#3757);
#2095=VERTEX_POINT('',#3761);
#2096=VERTEX_POINT('',#3766);
#2097=VERTEX_POINT('',#3770);
#2098=VERTEX_POINT('',#3774);
#2099=VERTEX_POINT('',#3778);
#2100=VERTEX_POINT('',#3784);
#2101=VERTEX_POINT('',#3785);
#2102=VERTEX_POINT('',#3787);
#2103=VERTEX_POINT('',#3789);
#2104=VERTEX_POINT('',#3793);
#2105=VERTEX_POINT('',#3795);
#2106=VERTEX_POINT('',#3799);
#2107=VERTEX_POINT('',#3801);
#2108=VERTEX_POINT('',#3805);
#2109=VERTEX_POINT('',#3807);
#2110=VERTEX_POINT('',#3811);
#2111=VERTEX_POINT('',#3813);
#2112=VERTEX_POINT('',#3817);
#2113=VERTEX_POINT('',#3819);
#2114=VERTEX_POINT('',#3826);
#2115=VERTEX_POINT('',#3828);
#2116=VERTEX_POINT('',#3830);
#2117=VERTEX_POINT('',#3832);
#2118=VERTEX_POINT('',#3834);
#2119=VERTEX_POINT('',#3839);
#2120=VERTEX_POINT('',#3841);
#2121=VERTEX_POINT('',#3843);
#2122=VERTEX_POINT('',#3845);
#2123=VERTEX_POINT('',#3847);
#2124=VERTEX_POINT('',#3868);
#2125=VERTEX_POINT('',#3871);
#2126=VERTEX_POINT('',#3874);
#2127=VERTEX_POINT('',#3879);
#2128=VERTEX_POINT('',#3881);
#2129=VERTEX_POINT('',#3883);
#2130=VERTEX_POINT('',#3884);
#2131=VERTEX_POINT('',#3886);
#2132=VERTEX_POINT('',#3888);
#2133=VERTEX_POINT('',#3892);
#2134=VERTEX_POINT('',#3894);
#2135=VERTEX_POINT('',#3898);
#2136=VERTEX_POINT('',#3902);
#2137=VERTEX_POINT('',#3908);
#2138=VERTEX_POINT('',#3909);
#2139=VERTEX_POINT('',#3913);
#2140=VERTEX_POINT('',#3914);
#2141=VERTEX_POINT('',#3931);
#2142=VERTEX_POINT('',#3933);
#2143=VERTEX_POINT('',#3935);
#2144=VERTEX_POINT('',#3939);
#2145=VERTEX_POINT('',#3940);
#2146=VERTEX_POINT('',#3957);
#2147=VERTEX_POINT('',#3959);
#2148=VERTEX_POINT('',#3961);
#2149=VERTEX_POINT('',#3968);
#2150=VERTEX_POINT('',#3969);
#2151=VERTEX_POINT('',#3971);
#2152=VERTEX_POINT('',#3973);
#2153=VERTEX_POINT('',#3983);
#2154=VERTEX_POINT('',#3984);
#2155=VERTEX_POINT('',#3986);
#2156=VERTEX_POINT('',#3988);
#2157=VERTEX_POINT('',#4052);
#2158=VERTEX_POINT('',#4054);
#2159=VERTEX_POINT('',#4083);
#2160=VERTEX_POINT('',#4085);
#2161=VERTEX_POINT('',#4207);
#2162=VERTEX_POINT('',#4208);
#2163=VERTEX_POINT('',#4240);
#2164=VERTEX_POINT('',#4248);
#2165=VERTEX_POINT('',#4419);
#2166=VERTEX_POINT('',#4420);
#2167=VERTEX_POINT('',#4437);
#2168=VERTEX_POINT('',#4439);
#2169=VERTEX_POINT('',#4454);
#2170=VERTEX_POINT('',#4457);
#2171=VERTEX_POINT('',#4465);
#2172=EDGE_CURVE('',#1994,#1995,#2425,.T.);
#2173=EDGE_CURVE('',#1996,#1995,#1389,.T.);
#2174=EDGE_CURVE('',#1996,#1997,#2426,.T.);
#2175=EDGE_CURVE('',#1997,#1994,#1384,.T.);
#2176=EDGE_CURVE('',#1998,#1999,#1390,.T.);
#2177=EDGE_CURVE('',#2000,#1999,#2427,.T.);
#2178=EDGE_CURVE('',#2001,#2000,#1391,.T.);
#2179=EDGE_CURVE('',#2001,#1998,#2428,.T.);
#2180=EDGE_CURVE('',#2002,#2003,#2429,.T.);
#2181=EDGE_CURVE('',#2002,#1998,#1392,.T.);
#2182=EDGE_CURVE('',#2003,#2001,#1393,.T.);
#2183=EDGE_CURVE('',#2004,#1999,#1394,.T.);
#2184=EDGE_CURVE('',#2004,#2005,#2430,.T.);
#2185=EDGE_CURVE('',#2000,#2005,#1395,.T.);
#2186=EDGE_CURVE('',#2006,#2007,#2431,.T.);
#2187=EDGE_CURVE('',#2002,#2007,#2432,.T.);
#2188=EDGE_CURVE('',#2003,#2006,#2433,.T.);
#2189=EDGE_CURVE('',#2007,#1996,#2434,.T.);
#2190=EDGE_CURVE('',#1997,#2006,#2435,.T.);
#2191=EDGE_CURVE('',#1995,#2008,#2436,.T.);
#2192=EDGE_CURVE('',#1994,#2009,#2437,.T.);
#2193=EDGE_CURVE('',#2009,#2008,#2438,.T.);
#2194=EDGE_CURVE('',#2008,#2010,#2439,.T.);
#2195=EDGE_CURVE('',#2011,#2009,#2440,.T.);
#2196=EDGE_CURVE('',#2012,#2011,#2441,.T.);
#2197=EDGE_CURVE('',#2010,#2012,#2442,.T.);
#2198=EDGE_CURVE('',#2004,#2010,#2443,.T.);
#2199=EDGE_CURVE('',#2005,#2012,#2444,.T.);
#2200=EDGE_CURVE('',#2013,#2013,#1396,.T.);
#2201=EDGE_CURVE('',#2014,#2014,#1397,.T.);
#2202=EDGE_CURVE('',#2015,#2015,#1398,.T.);
#2203=EDGE_CURVE('',#2016,#2016,#1399,.T.);
#2204=EDGE_CURVE('',#2017,#2018,#1385,.T.);
#2205=EDGE_CURVE('',#2017,#2018,#1400,.T.);
#2206=EDGE_CURVE('',#2018,#2003,#2445,.T.);
#2207=EDGE_CURVE('',#2011,#2017,#2446,.T.);
#2208=EDGE_CURVE('',#2019,#2019,#1401,.T.);
#2209=EDGE_CURVE('',#2020,#2020,#1402,.T.);
#2210=EDGE_CURVE('',#2021,#2021,#1403,.T.);
#2211=EDGE_CURVE('',#2022,#2022,#1404,.T.);
#2212=EDGE_CURVE('',#2023,#2023,#1405,.T.);
#2213=EDGE_CURVE('',#2024,#2025,#2447,.T.);
#2214=EDGE_CURVE('',#2024,#2026,#2448,.T.);
#2215=EDGE_CURVE('',#2027,#2026,#2449,.T.);
#2216=EDGE_CURVE('',#2025,#2027,#2450,.T.);
#2217=EDGE_CURVE('',#2028,#2029,#2451,.T.);
#2218=EDGE_CURVE('',#2030,#2029,#1406,.T.);
#2219=EDGE_CURVE('',#2030,#2031,#2452,.T.);
#2220=EDGE_CURVE('',#2028,#2031,#1407,.T.);
#2221=EDGE_CURVE('',#2032,#2033,#2453,.T.);
#2222=EDGE_CURVE('',#2034,#2032,#2454,.T.);
#2223=EDGE_CURVE('',#2034,#2035,#2455,.T.);
#2224=EDGE_CURVE('',#2033,#2035,#2456,.T.);
#2225=EDGE_CURVE('',#2033,#2026,#2457,.T.);
#2226=EDGE_CURVE('',#2035,#2036,#2458,.T.);
#2227=EDGE_CURVE('',#2027,#2036,#2459,.T.);
#2228=EDGE_CURVE('',#2024,#2030,#2460,.T.);
#2229=EDGE_CURVE('',#2031,#2025,#2461,.T.);
#2230=EDGE_CURVE('',#2032,#2037,#1408,.T.);
#2231=EDGE_CURVE('',#2037,#2038,#2462,.T.);
#2232=EDGE_CURVE('',#2039,#2038,#1409,.T.);
#2233=EDGE_CURVE('',#2039,#2034,#1386,.T.);
#2234=EDGE_CURVE('',#2040,#2041,#102,.T.);
#2235=EDGE_CURVE('',#2041,#2040,#103,.T.);
#2236=EDGE_CURVE('',#2042,#2042,#1410,.T.);
#2237=EDGE_CURVE('',#2043,#2043,#1411,.T.);
#2238=EDGE_CURVE('',#2044,#2044,#1412,.T.);
#2239=EDGE_CURVE('',#2045,#2037,#1413,.T.);
#2240=EDGE_CURVE('',#2045,#2046,#2463,.T.);
#2241=EDGE_CURVE('',#2038,#2046,#1414,.T.);
#2242=EDGE_CURVE('',#2046,#2028,#2464,.T.);
#2243=EDGE_CURVE('',#2029,#2045,#2465,.T.);
#2244=EDGE_CURVE('',#2047,#2047,#1415,.T.);
#2245=EDGE_CURVE('',#2048,#2048,#1416,.T.);
#2246=EDGE_CURVE('',#2049,#2049,#1417,.T.);
#2247=EDGE_CURVE('',#2036,#2050,#2466,.T.);
#2248=EDGE_CURVE('',#2050,#2051,#1418,.T.);
#2249=EDGE_CURVE('',#2051,#2052,#2467,.T.);
#2250=EDGE_CURVE('',#2052,#2053,#1419,.T.);
#2251=EDGE_CURVE('',#2053,#2039,#2468,.T.);
#2252=EDGE_CURVE('',#2054,#2054,#1420,.T.);
#2253=EDGE_CURVE('',#2055,#2055,#1421,.T.);
#2254=EDGE_CURVE('',#2052,#2053,#1387,.T.);
#2255=EDGE_CURVE('',#2050,#2051,#1388,.T.);
#2256=EDGE_CURVE('',#2056,#2056,#1422,.T.);
#2257=EDGE_CURVE('',#2057,#2057,#1423,.T.);
#2258=EDGE_CURVE('',#2058,#2058,#1424,.T.);
#2259=EDGE_CURVE('',#2059,#2059,#1425,.T.);
#2260=EDGE_CURVE('',#2060,#2060,#1426,.T.);
#2261=EDGE_CURVE('',#2061,#2061,#1427,.T.);
#2262=EDGE_CURVE('',#2062,#2062,#1428,.T.);
#2263=EDGE_CURVE('',#2063,#2063,#1429,.T.);
#2264=EDGE_CURVE('',#2064,#2064,#1430,.T.);
#2265=EDGE_CURVE('',#2065,#2065,#1431,.T.);
#2266=EDGE_CURVE('',#2066,#2066,#1432,.T.);
#2267=EDGE_CURVE('',#2067,#2067,#1433,.T.);
#2268=EDGE_CURVE('',#2068,#2068,#1434,.T.);
#2269=EDGE_CURVE('',#2069,#2069,#1435,.T.);
#2270=EDGE_CURVE('',#2070,#2070,#1436,.T.);
#2271=EDGE_CURVE('',#2071,#2071,#1437,.T.);
#2272=EDGE_CURVE('',#2072,#2072,#1438,.T.);
#2273=EDGE_CURVE('',#2073,#2073,#1439,.T.);
#2274=EDGE_CURVE('',#2074,#2074,#1440,.T.);
#2275=EDGE_CURVE('',#2075,#2076,#2469,.T.);
#2276=EDGE_CURVE('',#2075,#2077,#2470,.T.);
#2277=EDGE_CURVE('',#2078,#2077,#2471,.T.);
#2278=EDGE_CURVE('',#2078,#2079,#2472,.T.);
#2279=EDGE_CURVE('',#2080,#2079,#2473,.T.);
#2280=EDGE_CURVE('',#2080,#2076,#2474,.T.);
#2281=EDGE_CURVE('',#2081,#2080,#2475,.T.);
#2282=EDGE_CURVE('',#2079,#2082,#2476,.T.);
#2283=EDGE_CURVE('',#2082,#2081,#2477,.T.);
#2284=EDGE_CURVE('',#2083,#2083,#1441,.T.);
#2285=EDGE_CURVE('',#2075,#2084,#2478,.T.);
#2286=EDGE_CURVE('',#2085,#2084,#1442,.T.);
#2287=EDGE_CURVE('',#2085,#2086,#1443,.T.);
#2288=EDGE_CURVE('',#2087,#2086,#1444,.T.);
#2289=EDGE_CURVE('',#2088,#2087,#2479,.T.);
#2290=EDGE_CURVE('',#2088,#2089,#2480,.T.);
#2291=EDGE_CURVE('',#2090,#2089,#2481,.T.);
#2292=EDGE_CURVE('',#2077,#2090,#1445,.T.);
#2293=EDGE_CURVE('',#2085,#2091,#2482,.T.);
#2294=EDGE_CURVE('',#2092,#2084,#2483,.T.);
#2295=EDGE_CURVE('',#2092,#2091,#1446,.T.);
#2296=EDGE_CURVE('',#2093,#2087,#2484,.T.);
#2297=EDGE_CURVE('',#2086,#2094,#2485,.T.);
#2298=EDGE_CURVE('',#2094,#2093,#1447,.T.);
#2299=EDGE_CURVE('',#2091,#2095,#1448,.T.);
#2300=EDGE_CURVE('',#2096,#2095,#104,.T.);
#2301=EDGE_CURVE('',#2096,#2094,#1449,.T.);
#2302=EDGE_CURVE('',#2090,#2097,#2486,.T.);
#2303=EDGE_CURVE('',#2097,#2078,#1450,.T.);
#2304=EDGE_CURVE('',#2089,#2098,#2487,.T.);
#2305=EDGE_CURVE('',#2098,#2097,#2488,.T.);
#2306=EDGE_CURVE('',#2093,#2099,#2489,.T.);
#2307=EDGE_CURVE('',#2099,#2088,#2490,.T.);
#2308=EDGE_CURVE('',#2099,#2098,#2491,.T.);
#2309=EDGE_CURVE('',#2100,#2101,#2492,.T.);
#2310=EDGE_CURVE('',#2102,#2101,#2493,.T.);
#2311=EDGE_CURVE('',#2102,#2103,#2494,.T.);
#2312=EDGE_CURVE('',#2103,#2100,#2495,.T.);
#2313=EDGE_CURVE('',#2104,#2100,#2496,.T.);
#2314=EDGE_CURVE('',#2103,#2105,#2497,.T.);
#2315=EDGE_CURVE('',#2105,#2104,#2498,.T.);
#2316=EDGE_CURVE('',#2106,#2104,#2499,.T.);
#2317=EDGE_CURVE('',#2105,#2107,#2500,.T.);
#2318=EDGE_CURVE('',#2107,#2106,#2501,.T.);
#2319=EDGE_CURVE('',#2108,#2106,#2502,.T.);
#2320=EDGE_CURVE('',#2107,#2109,#2503,.T.);
#2321=EDGE_CURVE('',#2109,#2108,#2504,.T.);
#2322=EDGE_CURVE('',#2110,#2108,#2505,.T.);
#2323=EDGE_CURVE('',#2109,#2111,#2506,.T.);
#2324=EDGE_CURVE('',#2110,#2111,#2507,.T.);
#2325=EDGE_CURVE('',#2112,#2110,#2508,.T.);
#2326=EDGE_CURVE('',#2111,#2113,#2509,.T.);
#2327=EDGE_CURVE('',#2113,#2112,#2510,.T.);
#2328=EDGE_CURVE('',#2101,#2112,#2511,.T.);
#2329=EDGE_CURVE('',#2113,#2102,#2512,.T.);
#2330=EDGE_CURVE('',#2114,#2096,#1451,.T.);
#2331=EDGE_CURVE('',#2115,#2114,#1452,.T.);
#2332=EDGE_CURVE('',#2116,#2115,#1453,.T.);
#2333=EDGE_CURVE('',#2117,#2116,#1454,.T.);
#2334=EDGE_CURVE('',#2117,#2118,#2513,.T.);
#2335=EDGE_CURVE('',#2082,#2118,#2514,.T.);
#2336=EDGE_CURVE('',#2076,#2092,#2515,.T.);
#2337=EDGE_CURVE('',#2119,#2081,#2516,.T.);
#2338=EDGE_CURVE('',#2120,#2119,#2517,.T.);
#2339=EDGE_CURVE('',#2121,#2120,#1455,.T.);
#2340=EDGE_CURVE('',#2122,#2121,#1456,.T.);
#2341=EDGE_CURVE('',#2123,#2122,#1457,.T.);
#2342=EDGE_CURVE('',#2095,#2123,#1458,.T.);
#2343=EDGE_CURVE('',#2121,#2116,#105,.T.);
#2344=EDGE_CURVE('',#2120,#2117,#2518,.T.);
#2345=EDGE_CURVE('',#2115,#2122,#2519,.T.);
#2346=EDGE_CURVE('',#2123,#2114,#106,.T.);
#2347=EDGE_CURVE('',#2119,#2118,#2520,.T.);
#2348=EDGE_CURVE('',#2124,#2124,#1459,.T.);
#2349=EDGE_CURVE('',#2125,#2125,#1460,.T.);
#2350=EDGE_CURVE('',#2126,#2126,#1461,.T.);
#2351=EDGE_CURVE('',#2127,#2127,#1462,.T.);
#2352=EDGE_CURVE('',#2128,#2128,#1463,.T.);
#2353=EDGE_CURVE('',#2129,#2130,#2521,.T.);
#2354=EDGE_CURVE('',#2130,#2131,#2522,.T.);
#2355=EDGE_CURVE('',#2131,#2132,#2523,.T.);
#2356=EDGE_CURVE('',#2132,#2129,#2524,.T.);
#2357=EDGE_CURVE('',#2129,#2133,#2525,.T.);
#2358=EDGE_CURVE('',#2134,#2133,#2526,.T.);
#2359=EDGE_CURVE('',#2130,#2134,#2527,.T.);
#2360=EDGE_CURVE('',#2132,#2135,#2528,.T.);
#2361=EDGE_CURVE('',#2133,#2135,#2529,.T.);
#2362=EDGE_CURVE('',#2131,#2136,#2530,.T.);
#2363=EDGE_CURVE('',#2135,#2136,#2531,.T.);
#2364=EDGE_CURVE('',#2136,#2134,#2532,.T.);
#2365=EDGE_CURVE('',#2137,#2138,#1464,.T.);
#2366=EDGE_CURVE('',#2138,#2137,#1465,.T.);
#2367=EDGE_CURVE('',#2139,#2140,#2533,.T.);
#2368=EDGE_CURVE('',#2139,#2141,#107,.T.);
#2369=EDGE_CURVE('',#2142,#2141,#1466,.T.);
#2370=EDGE_CURVE('',#2143,#2142,#2534,.T.);
#2371=EDGE_CURVE('',#2143,#2140,#1467,.T.);
#2372=EDGE_CURVE('',#2144,#2145,#1468,.T.);
#2373=EDGE_CURVE('',#2144,#2146,#108,.T.);
#2374=EDGE_CURVE('',#2147,#2146,#2535,.T.);
#2375=EDGE_CURVE('',#2147,#2148,#1469,.T.);
#2376=EDGE_CURVE('',#2145,#2148,#2536,.T.);
#2377=EDGE_CURVE('',#2141,#2144,#1470,.T.);
#2378=EDGE_CURVE('',#2142,#2145,#1471,.T.);
#2379=EDGE_CURVE('',#2149,#2150,#2537,.T.);
#2380=EDGE_CURVE('',#2150,#2151,#2538,.T.);
#2381=EDGE_CURVE('',#2151,#2152,#1472,.T.);
#2382=EDGE_CURVE('',#2152,#2149,#2539,.T.);
#2383=EDGE_CURVE('',#2145,#2137,#2540,.T.);
#2384=EDGE_CURVE('',#2142,#2138,#2541,.T.);
#2385=EDGE_CURVE('',#2146,#2139,#1473,.T.);
#2386=EDGE_CURVE('',#2140,#2147,#1474,.T.);
#2387=EDGE_CURVE('',#2153,#2154,#2542,.T.);
#2388=EDGE_CURVE('',#2153,#2155,#1475,.T.);
#2389=EDGE_CURVE('',#2155,#2156,#2543,.T.);
#2390=EDGE_CURVE('',#2156,#2154,#109,.T.);
#2391=EDGE_CURVE('',#2138,#2157,#110,.T.);
#2392=EDGE_CURVE('',#2157,#2158,#2544,.T.);
#2393=EDGE_CURVE('',#2158,#2156,#111,.T.);
#2394=EDGE_CURVE('',#2155,#2143,#112,.T.);
#2395=EDGE_CURVE('',#2154,#2159,#113,.T.);
#2396=EDGE_CURVE('',#2159,#2160,#2545,.T.);
#2397=EDGE_CURVE('',#2160,#2137,#114,.T.);
#2398=EDGE_CURVE('',#2148,#2153,#115,.T.);
#2399=EDGE_CURVE('',#2151,#2138,#116,.T.);
#2400=EDGE_CURVE('',#2137,#2152,#117,.T.);
#2401=EDGE_CURVE('',#2140,#2155,#118,.T.);
#2402=EDGE_CURVE('',#2153,#2147,#119,.T.);
#2403=EDGE_CURVE('',#2161,#2162,#120,.T.);
#2404=EDGE_CURVE('',#2162,#2163,#121,.T.);
#2405=EDGE_CURVE('',#2163,#2164,#122,.T.);
#2406=EDGE_CURVE('',#2164,#2150,#123,.T.);
#2407=EDGE_CURVE('',#2149,#2161,#124,.T.);
#2408=EDGE_CURVE('',#2157,#2151,#1476,.T.);
#2409=EDGE_CURVE('',#2158,#2150,#126,.T.);
#2410=EDGE_CURVE('',#2152,#2160,#1477,.T.);
#2411=EDGE_CURVE('',#2156,#2164,#1478,.T.);
#2412=EDGE_CURVE('',#2149,#2159,#127,.T.);
#2413=EDGE_CURVE('',#2161,#2154,#1479,.T.);
#2414=EDGE_CURVE('',#2165,#2166,#1480,.T.);
#2415=EDGE_CURVE('',#2166,#2167,#128,.T.);
#2416=EDGE_CURVE('',#2167,#2168,#1481,.T.);
#2417=EDGE_CURVE('',#2168,#2165,#129,.T.);
#2418=EDGE_CURVE('',#2169,#2169,#1482,.T.);
#2419=EDGE_CURVE('',#2170,#2170,#1483,.T.);
#2420=EDGE_CURVE('',#2171,#2171,#130,.T.);
#2421=EDGE_CURVE('',#2165,#2144,#1484,.T.);
#2422=EDGE_CURVE('',#2146,#2168,#1485,.T.);
#2423=EDGE_CURVE('',#2139,#2167,#1486,.T.);
#2424=EDGE_CURVE('',#2166,#2141,#1487,.T.);
#2425=LINE('',#3460,#2546);
#2426=LINE('',#3465,#2547);
#2427=LINE('',#3472,#2548);
#2428=LINE('',#3476,#2549);
#2429=LINE('',#3478,#2550);
#2430=LINE('',#3486,#2551);
#2431=LINE('',#3490,#2552);
#2432=LINE('',#3493,#2553);
#2433=LINE('',#3494,#2554);
#2434=LINE('',#3496,#2555);
#2435=LINE('',#3497,#2556);
#2436=LINE('',#3499,#2557);
#2437=LINE('',#3501,#2558);
#2438=LINE('',#3503,#2559);
#2439=LINE('',#3505,#2560);
#2440=LINE('',#3507,#2561);
#2441=LINE('',#3509,#2562);
#2442=LINE('',#3511,#2563);
#2443=LINE('',#3513,#2564);
#2444=LINE('',#3514,#2565);
#2445=LINE('',#3532,#2566);
#2446=LINE('',#3533,#2567);
#2447=LINE('',#3552,#2568);
#2448=LINE('',#3555,#2569);
#2449=LINE('',#3557,#2570);
#2450=LINE('',#3559,#2571);
#2451=LINE('',#3561,#2572);
#2452=LINE('',#3566,#2573);
#2453=LINE('',#3570,#2574);
#2454=LINE('',#3573,#2575);
#2455=LINE('',#3575,#2576);
#2456=LINE('',#3577,#2577);
#2457=LINE('',#3579,#2578);
#2458=LINE('',#3580,#2579);
#2459=LINE('',#3582,#2580);
#2460=LINE('',#3584,#2581);
#2461=LINE('',#3585,#2582);
#2462=LINE('',#3589,#2583);
#2463=LINE('',#3617,#2584);
#2464=LINE('',#3621,#2585);
#2465=LINE('',#3622,#2586);
#2466=LINE('',#3632,#2587);
#2467=LINE('',#3636,#2588);
#2468=LINE('',#3640,#2589);
#2469=LINE('',#3711,#2590);
#2470=LINE('',#3714,#2591);
#2471=LINE('',#3716,#2592);
#2472=LINE('',#3718,#2593);
#2473=LINE('',#3720,#2594);
#2474=LINE('',#3722,#2595);
#2475=LINE('',#3724,#2596);
#2476=LINE('',#3726,#2597);
#2477=LINE('',#3728,#2598);
#2478=LINE('',#3732,#2599);
#2479=LINE('',#3740,#2600);
#2480=LINE('',#3742,#2601);
#2481=LINE('',#3744,#2602);
#2482=LINE('',#3748,#2603);
#2483=LINE('',#3750,#2604);
#2484=LINE('',#3754,#2605);
#2485=LINE('',#3756,#2606);
#2486=LINE('',#3769,#2607);
#2487=LINE('',#3773,#2608);
#2488=LINE('',#3775,#2609);
#2489=LINE('',#3777,#2610);
#2490=LINE('',#3779,#2611);
#2491=LINE('',#3781,#2612);
#2492=LINE('',#3783,#2613);
#2493=LINE('',#3786,#2614);
#2494=LINE('',#3788,#2615);
#2495=LINE('',#3790,#2616);
#2496=LINE('',#3792,#2617);
#2497=LINE('',#3794,#2618);
#2498=LINE('',#3796,#2619);
#2499=LINE('',#3798,#2620);
#2500=LINE('',#3800,#2621);
#2501=LINE('',#3802,#2622);
#2502=LINE('',#3804,#2623);
#2503=LINE('',#3806,#2624);
#2504=LINE('',#3808,#2625);
#2505=LINE('',#3810,#2626);
#2506=LINE('',#3812,#2627);
#2507=LINE('',#3814,#2628);
#2508=LINE('',#3816,#2629);
#2509=LINE('',#3818,#2630);
#2510=LINE('',#3820,#2631);
#2511=LINE('',#3822,#2632);
#2512=LINE('',#3823,#2633);
#2513=LINE('',#3833,#2634);
#2514=LINE('',#3835,#2635);
#2515=LINE('',#3837,#2636);
#2516=LINE('',#3838,#2637);
#2517=LINE('',#3840,#2638);
#2518=LINE('',#3854,#2639);
#2519=LINE('',#3856,#2640);
#2520=LINE('',#3864,#2641);
#2521=LINE('',#3882,#2642);
#2522=LINE('',#3885,#2643);
#2523=LINE('',#3887,#2644);
#2524=LINE('',#3889,#2645);
#2525=LINE('',#3891,#2646);
#2526=LINE('',#3893,#2647);
#2527=LINE('',#3895,#2648);
#2528=LINE('',#3897,#2649);
#2529=LINE('',#3899,#2650);
#2530=LINE('',#3901,#2651);
#2531=LINE('',#3903,#2652);
#2532=LINE('',#3905,#2653);
#2533=LINE('',#3912,#2654);
#2534=LINE('',#3934,#2655);
#2535=LINE('',#3958,#2656);
#2536=LINE('',#3962,#2657);
#2537=LINE('',#3967,#2658);
#2538=LINE('',#3970,#2659);
#2539=LINE('',#3974,#2660);
#2540=LINE('',#3976,#2661);
#2541=LINE('',#3977,#2662);
#2542=LINE('',#3982,#2663);
#2543=LINE('',#3987,#2664);
#2544=LINE('',#4053,#2665);
#2545=LINE('',#4084,#2666);
#2546=VECTOR('',#2893,1.);
#2547=VECTOR('',#2896,1.);
#2548=VECTOR('',#2903,1.);
#2549=VECTOR('',#2906,1.);
#2550=VECTOR('',#2909,1.);
#2551=VECTOR('',#2918,1.);
#2552=VECTOR('',#2923,1.);
#2553=VECTOR('',#2924,1.);
#2554=VECTOR('',#2925,1.);
#2555=VECTOR('',#2928,1.);
#2556=VECTOR('',#2929,1.);
#2557=VECTOR('',#2932,1.);
#2558=VECTOR('',#2933,1.);
#2559=VECTOR('',#2934,1.);
#2560=VECTOR('',#2937,1.);
#2561=VECTOR('',#2938,1.);
#2562=VECTOR('',#2939,1.);
#2563=VECTOR('',#2940,1.);
#2564=VECTOR('',#2943,1.);
#2565=VECTOR('',#2944,1.);
#2566=VECTOR('',#2967,1.);
#2567=VECTOR('',#2968,1.);
#2568=VECTOR('',#2995,1.);
#2569=VECTOR('',#2996,1.);
#2570=VECTOR('',#2997,1.);
#2571=VECTOR('',#2998,1.);
#2572=VECTOR('',#3001,1.);
#2573=VECTOR('',#3004,1.);
#2574=VECTOR('',#3009,1.);
#2575=VECTOR('',#3010,1.);
#2576=VECTOR('',#3011,1.);
#2577=VECTOR('',#3012,1.);
#2578=VECTOR('',#3015,1.);
#2579=VECTOR('',#3016,1.);
#2580=VECTOR('',#3017,1.);
#2581=VECTOR('',#3020,1.);
#2582=VECTOR('',#3021,1.);
#2583=VECTOR('',#3026,1.);
#2584=VECTOR('',#3045,1.);
#2585=VECTOR('',#3050,1.);
#2586=VECTOR('',#3051,1.);
#2587=VECTOR('',#3064,1.);
#2588=VECTOR('',#3067,1.);
#2589=VECTOR('',#3070,1.);
#2590=VECTOR('',#3169,1.);
#2591=VECTOR('',#3170,1.);
#2592=VECTOR('',#3171,1.);
#2593=VECTOR('',#3172,1.);
#2594=VECTOR('',#3173,1.);
#2595=VECTOR('',#3174,1.);
#2596=VECTOR('',#3177,1.);
#2597=VECTOR('',#3178,1.);
#2598=VECTOR('',#3179,1.);
#2599=VECTOR('',#3184,1.);
#2600=VECTOR('',#3191,1.);
#2601=VECTOR('',#3192,1.);
#2602=VECTOR('',#3193,1.);
#2603=VECTOR('',#3198,1.);
#2604=VECTOR('',#3199,1.);
#2605=VECTOR('',#3204,1.);
#2606=VECTOR('',#3205,1.);
#2607=VECTOR('',#3216,1.);
#2608=VECTOR('',#3221,1.);
#2609=VECTOR('',#3222,1.);
#2610=VECTOR('',#3225,1.);
#2611=VECTOR('',#3226,1.);
#2612=VECTOR('',#3229,1.);
#2613=VECTOR('',#3232,1.);
#2614=VECTOR('',#3233,1.);
#2615=VECTOR('',#3234,1.);
#2616=VECTOR('',#3235,1.);
#2617=VECTOR('',#3238,1.);
#2618=VECTOR('',#3239,1.);
#2619=VECTOR('',#3240,1.);
#2620=VECTOR('',#3243,1.);
#2621=VECTOR('',#3244,1.);
#2622=VECTOR('',#3245,1.);
#2623=VECTOR('',#3248,1.);
#2624=VECTOR('',#3249,1.);
#2625=VECTOR('',#3250,1.);
#2626=VECTOR('',#3253,1.);
#2627=VECTOR('',#3254,1.);
#2628=VECTOR('',#3255,1.);
#2629=VECTOR('',#3258,1.);
#2630=VECTOR('',#3259,1.);
#2631=VECTOR('',#3260,1.);
#2632=VECTOR('',#3263,1.);
#2633=VECTOR('',#3264,1.);
#2634=VECTOR('',#3275,1.);
#2635=VECTOR('',#3276,1.);
#2636=VECTOR('',#3279,1.);
#2637=VECTOR('',#3280,1.);
#2638=VECTOR('',#3281,1.);
#2639=VECTOR('',#3292,1.);
#2640=VECTOR('',#3295,1.);
#2641=VECTOR('',#3302,1.);
#2642=VECTOR('',#3327,1.);
#2643=VECTOR('',#3328,1.);
#2644=VECTOR('',#3329,1.);
#2645=VECTOR('',#3330,1.);
#2646=VECTOR('',#3333,1.);
#2647=VECTOR('',#3334,1.);
#2648=VECTOR('',#3335,1.);
#2649=VECTOR('',#3338,1.);
#2650=VECTOR('',#3339,1.);
#2651=VECTOR('',#3342,1.);
#2652=VECTOR('',#3343,1.);
#2653=VECTOR('',#3346,1.);
#2654=VECTOR('',#3355,1.);
#2655=VECTOR('',#3358,1.);
#2656=VECTOR('',#3365,1.);
#2657=VECTOR('',#3368,1.);
#2658=VECTOR('',#3377,1.);
#2659=VECTOR('',#3378,1.);
#2660=VECTOR('',#3381,1.);
#2661=VECTOR('',#3384,1.);
#2662=VECTOR('',#3385,1.);
#2663=VECTOR('',#3394,1.);
#2664=VECTOR('',#3397,1.);
#2665=VECTOR('',#3400,1.);
#2666=VECTOR('',#3403,1.);
#2667=VECTOR('',#3410,1.);
#2668=AXIS2_PLACEMENT_3D('',#3459,#2891,#2892);
#2669=AXIS2_PLACEMENT_3D('',#3463,#2894,#2895);
#2670=AXIS2_PLACEMENT_3D('',#3467,#2897,#2898);
#2671=AXIS2_PLACEMENT_3D('',#3468,#2899,#2900);
#2672=AXIS2_PLACEMENT_3D('',#3469,#2901,#2902);
#2673=AXIS2_PLACEMENT_3D('',#3474,#2904,#2905);
#2674=AXIS2_PLACEMENT_3D('',#3477,#2907,#2908);
#2675=AXIS2_PLACEMENT_3D('',#3481,#2910,#2911);
#2676=AXIS2_PLACEMENT_3D('',#3482,#2912,#2913);
#2677=AXIS2_PLACEMENT_3D('',#3483,#2914,#2915);
#2678=AXIS2_PLACEMENT_3D('',#3484,#2916,#2917);
#2679=AXIS2_PLACEMENT_3D('',#3488,#2919,#2920);
#2680=AXIS2_PLACEMENT_3D('',#3489,#2921,#2922);
#2681=AXIS2_PLACEMENT_3D('',#3495,#2926,#2927);
#2682=AXIS2_PLACEMENT_3D('',#3498,#2930,#2931);
#2683=AXIS2_PLACEMENT_3D('',#3504,#2935,#2936);
#2684=AXIS2_PLACEMENT_3D('',#3512,#2941,#2942);
#2685=AXIS2_PLACEMENT_3D('',#3515,#2945,#2946);
#2686=AXIS2_PLACEMENT_3D('',#3516,#2947,#2948);
#2687=AXIS2_PLACEMENT_3D('',#3518,#2949,#2950);
#2688=AXIS2_PLACEMENT_3D('',#3520,#2951,#2952);
#2689=AXIS2_PLACEMENT_3D('',#3521,#2953,#2954);
#2690=AXIS2_PLACEMENT_3D('',#3523,#2955,#2956);
#2691=AXIS2_PLACEMENT_3D('',#3524,#2957,#2958);
#2692=AXIS2_PLACEMENT_3D('',#3526,#2959,#2960);
#2693=AXIS2_PLACEMENT_3D('',#3527,#2961,#2962);
#2694=AXIS2_PLACEMENT_3D('',#3530,#2963,#2964);
#2695=AXIS2_PLACEMENT_3D('',#3531,#2965,#2966);
#2696=AXIS2_PLACEMENT_3D('',#3534,#2969,#2970);
#2697=AXIS2_PLACEMENT_3D('',#3535,#2971,#2972);
#2698=AXIS2_PLACEMENT_3D('',#3536,#2973,#2974);
#2699=AXIS2_PLACEMENT_3D('',#3538,#2975,#2976);
#2700=AXIS2_PLACEMENT_3D('',#3539,#2977,#2978);
#2701=AXIS2_PLACEMENT_3D('',#3541,#2979,#2980);
#2702=AXIS2_PLACEMENT_3D('',#3542,#2981,#2982);
#2703=AXIS2_PLACEMENT_3D('',#3544,#2983,#2984);
#2704=AXIS2_PLACEMENT_3D('',#3545,#2985,#2986);
#2705=AXIS2_PLACEMENT_3D('',#3547,#2987,#2988);
#2706=AXIS2_PLACEMENT_3D('',#3548,#2989,#2990);
#2707=AXIS2_PLACEMENT_3D('',#3550,#2991,#2992);
#2708=AXIS2_PLACEMENT_3D('',#3551,#2993,#2994);
#2709=AXIS2_PLACEMENT_3D('',#3560,#2999,#3000);
#2710=AXIS2_PLACEMENT_3D('',#3564,#3002,#3003);
#2711=AXIS2_PLACEMENT_3D('',#3568,#3005,#3006);
#2712=AXIS2_PLACEMENT_3D('',#3569,#3007,#3008);
#2713=AXIS2_PLACEMENT_3D('',#3578,#3013,#3014);
#2714=AXIS2_PLACEMENT_3D('',#3583,#3018,#3019);
#2715=AXIS2_PLACEMENT_3D('',#3586,#3022,#3023);
#2716=AXIS2_PLACEMENT_3D('',#3587,#3024,#3025);
#2717=AXIS2_PLACEMENT_3D('',#3591,#3027,#3028);
#2718=AXIS2_PLACEMENT_3D('',#3593,#3029,#3030);
#2719=AXIS2_PLACEMENT_3D('',#3594,#3031,#3032);
#2720=AXIS2_PLACEMENT_3D('',#3607,#3033,#3034);
#2721=AXIS2_PLACEMENT_3D('',#3609,#3035,#3036);
#2722=AXIS2_PLACEMENT_3D('',#3610,#3037,#3038);
#2723=AXIS2_PLACEMENT_3D('',#3612,#3039,#3040);
#2724=AXIS2_PLACEMENT_3D('',#3614,#3041,#3042);
#2725=AXIS2_PLACEMENT_3D('',#3615,#3043,#3044);
#2726=AXIS2_PLACEMENT_3D('',#3619,#3046,#3047);
#2727=AXIS2_PLACEMENT_3D('',#3620,#3048,#3049);
#2728=AXIS2_PLACEMENT_3D('',#3623,#3052,#3053);
#2729=AXIS2_PLACEMENT_3D('',#3624,#3054,#3055);
#2730=AXIS2_PLACEMENT_3D('',#3626,#3056,#3057);
#2731=AXIS2_PLACEMENT_3D('',#3628,#3058,#3059);
#2732=AXIS2_PLACEMENT_3D('',#3629,#3060,#3061);
#2733=AXIS2_PLACEMENT_3D('',#3631,#3062,#3063);
#2734=AXIS2_PLACEMENT_3D('',#3634,#3065,#3066);
#2735=AXIS2_PLACEMENT_3D('',#3638,#3068,#3069);
#2736=AXIS2_PLACEMENT_3D('',#3641,#3071,#3072);
#2737=AXIS2_PLACEMENT_3D('',#3642,#3073,#3074);
#2738=AXIS2_PLACEMENT_3D('',#3644,#3075,#3076);
#2739=AXIS2_PLACEMENT_3D('',#3645,#3077,#3078);
#2740=AXIS2_PLACEMENT_3D('',#3647,#3079,#3080);
#2741=AXIS2_PLACEMENT_3D('',#3648,#3081,#3082);
#2742=AXIS2_PLACEMENT_3D('',#3649,#3083,#3084);
#2743=AXIS2_PLACEMENT_3D('',#3650,#3085,#3086);
#2744=AXIS2_PLACEMENT_3D('',#3651,#3087,#3088);
#2745=AXIS2_PLACEMENT_3D('',#3653,#3089,#3090);
#2746=AXIS2_PLACEMENT_3D('',#3654,#3091,#3092);
#2747=AXIS2_PLACEMENT_3D('',#3656,#3093,#3094);
#2748=AXIS2_PLACEMENT_3D('',#3657,#3095,#3096);
#2749=AXIS2_PLACEMENT_3D('',#3659,#3097,#3098);
#2750=AXIS2_PLACEMENT_3D('',#3660,#3099,#3100);
#2751=AXIS2_PLACEMENT_3D('',#3662,#3101,#3102);
#2752=AXIS2_PLACEMENT_3D('',#3663,#3103,#3104);
#2753=AXIS2_PLACEMENT_3D('',#3665,#3105,#3106);
#2754=AXIS2_PLACEMENT_3D('',#3666,#3107,#3108);
#2755=AXIS2_PLACEMENT_3D('',#3668,#3109,#3110);
#2756=AXIS2_PLACEMENT_3D('',#3669,#3111,#3112);
#2757=AXIS2_PLACEMENT_3D('',#3671,#3113,#3114);
#2758=AXIS2_PLACEMENT_3D('',#3672,#3115,#3116);
#2759=AXIS2_PLACEMENT_3D('',#3673,#3117,#3118);
#2760=AXIS2_PLACEMENT_3D('',#3675,#3119,#3120);
#2761=AXIS2_PLACEMENT_3D('',#3676,#3121,#3122);
#2762=AXIS2_PLACEMENT_3D('',#3678,#3123,#3124);
#2763=AXIS2_PLACEMENT_3D('',#3679,#3125,#3126);
#2764=AXIS2_PLACEMENT_3D('',#3681,#3127,#3128);
#2765=AXIS2_PLACEMENT_3D('',#3682,#3129,#3130);
#2766=AXIS2_PLACEMENT_3D('',#3684,#3131,#3132);
#2767=AXIS2_PLACEMENT_3D('',#3685,#3133,#3134);
#2768=AXIS2_PLACEMENT_3D('',#3687,#3135,#3136);
#2769=AXIS2_PLACEMENT_3D('',#3688,#3137,#3138);
#2770=AXIS2_PLACEMENT_3D('',#3690,#3139,#3140);
#2771=AXIS2_PLACEMENT_3D('',#3691,#3141,#3142);
#2772=AXIS2_PLACEMENT_3D('',#3693,#3143,#3144);
#2773=AXIS2_PLACEMENT_3D('',#3694,#3145,#3146);
#2774=AXIS2_PLACEMENT_3D('',#3695,#3147,#3148);
#2775=AXIS2_PLACEMENT_3D('',#3696,#3149,#3150);
#2776=AXIS2_PLACEMENT_3D('',#3698,#3151,#3152);
#2777=AXIS2_PLACEMENT_3D('',#3700,#3153,#3154);
#2778=AXIS2_PLACEMENT_3D('',#3701,#3155,#3156);
#2779=AXIS2_PLACEMENT_3D('',#3703,#3157,#3158);
#2780=AXIS2_PLACEMENT_3D('',#3705,#3159,#3160);
#2781=AXIS2_PLACEMENT_3D('',#3706,#3161,#3162);
#2782=AXIS2_PLACEMENT_3D('',#3707,#3163,#3164);
#2783=AXIS2_PLACEMENT_3D('',#3709,#3165,#3166);
#2784=AXIS2_PLACEMENT_3D('',#3710,#3167,#3168);
#2785=AXIS2_PLACEMENT_3D('',#3723,#3175,#3176);
#2786=AXIS2_PLACEMENT_3D('',#3729,#3180,#3181);
#2787=AXIS2_PLACEMENT_3D('',#3730,#3182,#3183);
#2788=AXIS2_PLACEMENT_3D('',#3734,#3185,#3186);
#2789=AXIS2_PLACEMENT_3D('',#3736,#3187,#3188);
#2790=AXIS2_PLACEMENT_3D('',#3738,#3189,#3190);
#2791=AXIS2_PLACEMENT_3D('',#3746,#3194,#3195);
#2792=AXIS2_PLACEMENT_3D('',#3747,#3196,#3197);
#2793=AXIS2_PLACEMENT_3D('',#3752,#3200,#3201);
#2794=AXIS2_PLACEMENT_3D('',#3753,#3202,#3203);
#2795=AXIS2_PLACEMENT_3D('',#3758,#3206,#3207);
#2796=AXIS2_PLACEMENT_3D('',#3759,#3208,#3209);
#2797=AXIS2_PLACEMENT_3D('',#3760,#3210,#3211);
#2798=AXIS2_PLACEMENT_3D('',#3767,#3212,#3213);
#2799=AXIS2_PLACEMENT_3D('',#3768,#3214,#3215);
#2800=AXIS2_PLACEMENT_3D('',#3771,#3217,#3218);
#2801=AXIS2_PLACEMENT_3D('',#3772,#3219,#3220);
#2802=AXIS2_PLACEMENT_3D('',#3776,#3223,#3224);
#2803=AXIS2_PLACEMENT_3D('',#3780,#3227,#3228);
#2804=AXIS2_PLACEMENT_3D('',#3782,#3230,#3231);
#2805=AXIS2_PLACEMENT_3D('',#3791,#3236,#3237);
#2806=AXIS2_PLACEMENT_3D('',#3797,#3241,#3242);
#2807=AXIS2_PLACEMENT_3D('',#3803,#3246,#3247);
#2808=AXIS2_PLACEMENT_3D('',#3809,#3251,#3252);
#2809=AXIS2_PLACEMENT_3D('',#3815,#3256,#3257);
#2810=AXIS2_PLACEMENT_3D('',#3821,#3261,#3262);
#2811=AXIS2_PLACEMENT_3D('',#3824,#3265,#3266);
#2812=AXIS2_PLACEMENT_3D('',#3825,#3267,#3268);
#2813=AXIS2_PLACEMENT_3D('',#3827,#3269,#3270);
#2814=AXIS2_PLACEMENT_3D('',#3829,#3271,#3272);
#2815=AXIS2_PLACEMENT_3D('',#3831,#3273,#3274);
#2816=AXIS2_PLACEMENT_3D('',#3836,#3277,#3278);
#2817=AXIS2_PLACEMENT_3D('',#3842,#3282,#3283);
#2818=AXIS2_PLACEMENT_3D('',#3844,#3284,#3285);
#2819=AXIS2_PLACEMENT_3D('',#3846,#3286,#3287);
#2820=AXIS2_PLACEMENT_3D('',#3848,#3288,#3289);
#2821=AXIS2_PLACEMENT_3D('',#3849,#3290,#3291);
#2822=AXIS2_PLACEMENT_3D('',#3855,#3293,#3294);
#2823=AXIS2_PLACEMENT_3D('',#3857,#3296,#3297);
#2824=AXIS2_PLACEMENT_3D('',#3862,#3298,#3299);
#2825=AXIS2_PLACEMENT_3D('',#3863,#3300,#3301);
#2826=AXIS2_PLACEMENT_3D('',#3865,#3303,#3304);
#2827=AXIS2_PLACEMENT_3D('',#3866,#3305,#3306);
#2828=AXIS2_PLACEMENT_3D('',#3867,#3307,#3308);
#2829=AXIS2_PLACEMENT_3D('',#3869,#3309,#3310);
#2830=AXIS2_PLACEMENT_3D('',#3870,#3311,#3312);
#2831=AXIS2_PLACEMENT_3D('',#3872,#3313,#3314);
#2832=AXIS2_PLACEMENT_3D('',#3873,#3315,#3316);
#2833=AXIS2_PLACEMENT_3D('',#3875,#3317,#3318);
#2834=AXIS2_PLACEMENT_3D('',#3876,#3319,#3320);
#2835=AXIS2_PLACEMENT_3D('',#3877,#3321,#3322);
#2836=AXIS2_PLACEMENT_3D('',#3878,#3323,#3324);
#2837=AXIS2_PLACEMENT_3D('',#3880,#3325,#3326);
#2838=AXIS2_PLACEMENT_3D('',#3890,#3331,#3332);
#2839=AXIS2_PLACEMENT_3D('',#3896,#3336,#3337);
#2840=AXIS2_PLACEMENT_3D('',#3900,#3340,#3341);
#2841=AXIS2_PLACEMENT_3D('',#3904,#3344,#3345);
#2842=AXIS2_PLACEMENT_3D('',#3906,#3347,#3348);
#2843=AXIS2_PLACEMENT_3D('',#3907,#3349,#3350);
#2844=AXIS2_PLACEMENT_3D('',#3910,#3351,#3352);
#2845=AXIS2_PLACEMENT_3D('',#3911,#3353,#3354);
#2846=AXIS2_PLACEMENT_3D('',#3932,#3356,#3357);
#2847=AXIS2_PLACEMENT_3D('',#3936,#3359,#3360);
#2848=AXIS2_PLACEMENT_3D('',#3937,#3361,#3362);
#2849=AXIS2_PLACEMENT_3D('',#3938,#3363,#3364);
#2850=AXIS2_PLACEMENT_3D('',#3960,#3366,#3367);
#2851=AXIS2_PLACEMENT_3D('',#3963,#3369,#3370);
#2852=AXIS2_PLACEMENT_3D('',#3964,#3371,#3372);
#2853=AXIS2_PLACEMENT_3D('',#3965,#3373,#3374);
#2854=AXIS2_PLACEMENT_3D('',#3966,#3375,#3376);
#2855=AXIS2_PLACEMENT_3D('',#3972,#3379,#3380);
#2856=AXIS2_PLACEMENT_3D('',#3975,#3382,#3383);
#2857=AXIS2_PLACEMENT_3D('',#3978,#3386,#3387);
#2858=AXIS2_PLACEMENT_3D('',#3979,#3388,#3389);
#2859=AXIS2_PLACEMENT_3D('',#3980,#3390,#3391);
#2860=AXIS2_PLACEMENT_3D('',#3981,#3392,#3393);
#2861=AXIS2_PLACEMENT_3D('',#3985,#3395,#3396);
#2862=AXIS2_PLACEMENT_3D('',#4029,#3398,#3399);
#2863=AXIS2_PLACEMENT_3D('',#4075,#3401,#3402);
#2864=AXIS2_PLACEMENT_3D('',#4121,#3404,#3405);
#2865=AXIS2_PLACEMENT_3D('',#4166,#3406,#3407);
#2866=AXIS2_PLACEMENT_3D('',#4199,#3408,#3409);
#2867=AXIS2_PLACEMENT_3D('',#4296,#3411,#3412);
#2868=AXIS2_PLACEMENT_3D('',#4328,#3413,#3414);
#2869=AXIS2_PLACEMENT_3D('',#4329,#3415,#3416);
#2870=AXIS2_PLACEMENT_3D('',#4342,#3417,#3418);
#2871=AXIS2_PLACEMENT_3D('',#4374,#3419,#3420);
#2872=AXIS2_PLACEMENT_3D('',#4375,#3421,#3422);
#2873=AXIS2_PLACEMENT_3D('',#4418,#3423,#3424);
#2874=AXIS2_PLACEMENT_3D('',#4438,#3425,#3426);
#2875=AXIS2_PLACEMENT_3D('',#4453,#3427,#3428);
#2876=AXIS2_PLACEMENT_3D('',#4455,#3429,#3430);
#2877=AXIS2_PLACEMENT_3D('',#4456,#3431,#3432);
#2878=AXIS2_PLACEMENT_3D('',#4458,#3433,#3434);
#2879=AXIS2_PLACEMENT_3D('',#4466,#3435,#3436);
#2880=AXIS2_PLACEMENT_3D('',#4467,#3437,#3438);
#2881=AXIS2_PLACEMENT_3D('',#4468,#3439,#3440);
#2882=AXIS2_PLACEMENT_3D('',#4487,#3441,#3442);
#2883=AXIS2_PLACEMENT_3D('',#4488,#3443,#3444);
#2884=AXIS2_PLACEMENT_3D('',#4489,#3445,#3446);
#2885=AXIS2_PLACEMENT_3D('',#4490,#3447,#3448);
#2886=AXIS2_PLACEMENT_3D('',#4509,#3449,#3450);
#2887=AXIS2_PLACEMENT_3D('',#4510,#3451,#3452);
#2888=AXIS2_PLACEMENT_3D('',#4511,#3453,#3454);
#2889=AXIS2_PLACEMENT_3D('',#4512,#3455,#3456);
#2890=AXIS2_PLACEMENT_3D('',#4513,#3457,#3458);
#2891=DIRECTION('',(0.,0.,1.));
#2892=DIRECTION('',(1.,0.,0.));
#2893=DIRECTION('',(-1.,1.3684555315672E-48,1.93082265152201E-16));
#2894=DIRECTION('',(-1.,2.77555756156289E-16,-6.44905224473553E-17));
#2895=DIRECTION('',(-2.16840434497101E-16,-1.,0.));
#2896=DIRECTION('',(1.,-1.3684555315672E-48,-1.93082265152201E-16));
#2897=DIRECTION('',(-0.707106781186548,0.707106781186547,2.39559360147246E-16));
#2898=DIRECTION('',(0.707106781186547,0.707106781186548,2.00307048680152E-16));
#2899=DIRECTION('',(-1.,1.3684555315672E-48,1.93082265152201E-16));
#2900=DIRECTION('',(0.,-1.,0.));
#2901=DIRECTION('',(-1.,2.77555756156289E-16,-6.44905224473553E-17));
#2902=DIRECTION('',(0.,-1.,0.));
#2903=DIRECTION('',(-1.,0.,2.01858731750028E-16));
#2904=DIRECTION('',(-1.,-1.16230905983091E-14,5.51598227713282E-15));
#2905=DIRECTION('',(1.21335849685803E-14,-0.958814728077064,0.284032246800441));
#2906=DIRECTION('',(-1.,3.70074341541719E-16,-1.85037170770859E-16));
#2907=DIRECTION('',(-1.,5.9211894646675E-15,-1.48029736616688E-15));
#2908=DIRECTION('',(1.4811505088599E-15,9.77559335847533E-15,-1.));
#2909=DIRECTION('',(1.,-4.27642353614751E-50,6.31088724176809E-30));
#2910=DIRECTION('',(1.,-2.77555756156289E-16,6.44905224473553E-17));
#2911=DIRECTION('',(-4.33680868994202E-16,-1.,0.));
#2912=DIRECTION('',(1.,6.12323399573665E-17,3.43024899888577E-15));
#2913=DIRECTION('',(-3.31532776576804E-15,0.400000000000158,0.916515138991099));
#2914=DIRECTION('',(-1.,-1.48029736616684E-16,-3.55271367880042E-15));
#2915=DIRECTION('',(-3.25260651745651E-15,0.400000000000158,0.916515138991099));
#2916=DIRECTION('',(-1.,2.77555756156289E-16,-6.44905224473553E-17));
#2917=DIRECTION('',(-2.16840434497101E-16,-1.,0.));
#2918=DIRECTION('',(1.,2.59052039079198E-15,2.88657986402535E-15));
#2919=DIRECTION('',(1.,1.14280585045385E-14,2.24768416459583E-14));
#2920=DIRECTION('',(-2.48689957516033E-14,0.614907674125159,0.788599107469687));
#2921=DIRECTION('',(-1.,1.3684555315672E-48,1.93082265152201E-16));
#2922=DIRECTION('',(0.,-1.,0.));
#2923=DIRECTION('',(-1.,2.86807614694832E-16,-3.33066907387538E-16));
#2924=DIRECTION('',(-2.77555756156289E-16,-1.,-5.72118872612558E-18));
#2925=DIRECTION('',(-0.707106781186547,-0.707106781186548,-2.39559360147251E-16));
#2926=DIRECTION('',(3.33066907387538E-16,5.72118872612549E-18,-1.));
#2927=DIRECTION('',(-4.70734562441066E-14,1.,5.74627151417317E-18));
#2928=DIRECTION('',(-6.44905224473553E-17,-6.44905224473552E-17,1.));
#2929=DIRECTION('',(-2.74297573666301E-16,6.44905224473553E-17,-1.));
#2930=DIRECTION('',(2.86807614694832E-16,1.,6.44905224473552E-17));
#2931=DIRECTION('',(0.,-6.45100292628875E-17,1.));
#2932=DIRECTION('',(6.44905224473553E-17,-8.27366364156957E-66,-1.));
#2933=DIRECTION('',(-2.77555756156289E-16,6.12323399573676E-17,-1.));
#2934=DIRECTION('',(-1.,8.75811540203011E-47,-9.71551056909325E-15));
#2935=DIRECTION('',(-1.28292706084425E-49,-1.,0.));
#2936=DIRECTION('',(-1.,0.,-9.71553566764261E-15));
#2937=DIRECTION('',(2.77555756156289E-16,1.,-4.93038065763132E-32));
#2938=DIRECTION('',(-0.707106781186548,-0.707106781186548,-2.43273944971203E-14));
#2939=DIRECTION('',(4.50063622181579E-14,-1.,1.34521647936007E-15));
#2940=DIRECTION('',(1.,-4.51884212515964E-16,-4.93038065763132E-32));
#2941=DIRECTION('',(4.93038065763132E-32,-4.93038065763132E-32,-1.));
#2942=DIRECTION('',(-1.,0.,0.));
#2943=DIRECTION('',(6.44905224473553E-17,2.0161557625447E-32,-1.));
#2944=DIRECTION('',(-2.98087490475391E-14,-3.66486129098502E-15,-1.));
#2945=DIRECTION('',(4.51884212515964E-16,1.,4.93038065763132E-32));
#2946=DIRECTION('',(1.,-4.51881912964802E-16,0.));
#2947=DIRECTION('',(1.,1.31208175637514E-14,4.40052035215047E-14));
#2948=DIRECTION('',(4.40584214787788E-14,0.,-1.));
#2949=DIRECTION('',(1.,6.12323399576288E-17,1.29653844823109E-14));
#2950=DIRECTION('',(1.30341244779678E-14,-2.75106609189889E-14,-1.));
#2951=DIRECTION('',(1.,1.31208175637514E-14,4.40052035215047E-14));
#2952=DIRECTION('',(1.31299958938105E-14,-1.,8.00358250570551E-14));
#2953=DIRECTION('',(1.,1.31208175637514E-14,4.40052035215047E-14));
#2954=DIRECTION('',(4.3953486841573E-14,0.,-1.));
#2955=DIRECTION('',(-1.,-1.31208175637514E-14,-4.40052035215047E-14));
#2956=DIRECTION('',(1.31205803232034E-14,-1.,8.00358250570551E-14));
#2957=DIRECTION('',(-1.,-6.12323399576288E-17,-1.29653844823109E-14));
#2958=DIRECTION('',(1.30341244779678E-14,-2.75106609189889E-14,-1.));
#2959=DIRECTION('',(1.,1.31208175637514E-14,4.40052035215047E-14));
#2960=DIRECTION('',(1.31424475354432E-14,-1.,8.00358250570551E-14));
#2961=DIRECTION('',(0.707106781186548,-0.707106781186548,-2.39559360147247E-16));
#2962=DIRECTION('',(-0.707106781186548,-0.707106781186548,1.02850636026079E-14));
#2963=DIRECTION('',(-1.,-6.12323399576288E-17,-1.29653844823109E-14));
#2964=DIRECTION('',(1.29653844823109E-14,-2.75106609189889E-14,-1.));
#2965=DIRECTION('',(-1.,-6.12323399576288E-17,-1.29653844823109E-14));
#2966=DIRECTION('',(1.29653844823109E-14,-2.75106609189889E-14,-1.));
#2967=DIRECTION('',(3.43024899888577E-15,3.76903709499943E-15,-1.));
#2968=DIRECTION('',(3.43024899888577E-15,3.76903709499942E-15,-1.));
#2969=DIRECTION('',(-0.707106781186548,0.707106781186548,2.39559360147247E-16));
#2970=DIRECTION('',(-0.707106781186548,-0.707106781186548,-2.00252141258073E-16));
#2971=DIRECTION('',(1.,6.12323399573665E-17,3.43024899888577E-15));
#2972=DIRECTION('',(-6.12323399572721E-17,1.,-2.75106609189889E-14));
#2973=DIRECTION('',(-1.,-6.12323399576288E-17,-1.29653844823109E-14));
#2974=DIRECTION('',(1.30341244779678E-14,-2.75106609189889E-14,-1.));
#2975=DIRECTION('',(-1.,-6.12323399576288E-17,-1.29653844823109E-14));
#2976=DIRECTION('',(1.29653844823109E-14,-2.75106609189889E-14,-1.));
#2977=DIRECTION('',(1.,1.31208175637514E-14,4.40052035215047E-14));
#2978=DIRECTION('',(4.3954788759738E-14,0.,-1.));
#2979=DIRECTION('',(1.,1.31208175637514E-14,4.40052035215047E-14));
#2980=DIRECTION('',(1.30596771971716E-14,-1.,9.86220714858189E-14));
#2981=DIRECTION('',(1.,1.31208175637514E-14,4.40052035215047E-14));
#2982=DIRECTION('',(4.40598860209068E-14,0.,-1.));
#2983=DIRECTION('',(-1.,-1.31208175637514E-14,-4.40052035215047E-14));
#2984=DIRECTION('',(1.31251281738893E-14,-1.,9.86220714858188E-14));
#2985=DIRECTION('',(1.,6.12323399576288E-17,1.29653844823109E-14));
#2986=DIRECTION('',(1.30341244779678E-14,-2.75106609189889E-14,-1.));
#2987=DIRECTION('',(1.,1.31208175637514E-14,4.40052035215047E-14));
#2988=DIRECTION('',(1.31316705392793E-14,-1.,9.86220714858188E-14));
#2989=DIRECTION('',(1.,-2.83262281692924E-16,0.));
#2990=DIRECTION('',(1.30341244779678E-14,-2.75106609189889E-14,-1.));
#2991=DIRECTION('',(-1.,-6.12323399576288E-17,-1.29653844823109E-14));
#2992=DIRECTION('',(1.29653844823109E-14,-2.75106609189889E-14,-1.));
#2993=DIRECTION('',(-1.,2.77555756156289E-16,-6.44905224473553E-17));
#2994=DIRECTION('',(-2.77555756156289E-16,-1.,0.));
#2995=DIRECTION('',(-1.,2.3994446177332E-16,-4.93038065763132E-32));
#2996=DIRECTION('',(-3.69778549322349E-32,-6.44905224473553E-17,-1.));
#2997=DIRECTION('',(1.,-2.79716948691016E-16,0.));
#2998=DIRECTION('',(-2.71732908125016E-16,6.21103790000037E-16,-1.));
#2999=DIRECTION('',(2.79716948691016E-16,1.,-6.44905224473551E-17));
#3000=DIRECTION('',(0.,6.45100292628875E-17,1.));
#3001=DIRECTION('',(1.,-1.4791141972894E-31,-4.93038065763132E-32));
#3002=DIRECTION('',(1.,-1.4791141972894E-31,0.));
#3003=DIRECTION('',(0.,0.,-1.));
#3004=DIRECTION('',(-1.,1.4791141972894E-31,4.93038065763132E-32));
#3005=DIRECTION('',(-1.,1.4791141972894E-31,0.));
#3006=DIRECTION('',(0.,1.,-4.87890977618477E-16));
#3007=DIRECTION('',(-1.,1.4791141972894E-31,4.93038065763132E-32));
#3008=DIRECTION('',(0.,0.707106781186548,-0.707106781186548));
#3009=DIRECTION('',(0.,6.44905224473551E-17,-1.));
#3010=DIRECTION('',(1.,-1.4791141972894E-31,-1.93082265152201E-16));
#3011=DIRECTION('',(-3.23278062981477E-17,6.44905224473551E-17,-1.));
#3012=DIRECTION('',(-1.,1.4791141972894E-31,1.45564838681678E-16));
#3013=DIRECTION('',(2.86807614694832E-16,1.,6.44905224473554E-17));
#3014=DIRECTION('',(0.,-6.45100292628875E-17,1.));
#3015=DIRECTION('',(-1.4791141972894E-31,1.,1.00929365875014E-16));
#3016=DIRECTION('',(-0.448128754582428,0.893969025926739,9.022772689869E-17));
#3017=DIRECTION('',(1.4791141972894E-31,-1.,-1.30916031310854E-31));
#3018=DIRECTION('',(-2.46519032881566E-32,-1.00929365875014E-16,1.));
#3019=DIRECTION('',(-3.02709246557953E-16,-1.,-1.009392222584E-16));
#3020=DIRECTION('',(-1.4791141972894E-31,1.,8.16122247345403E-32));
#3021=DIRECTION('',(1.4791141972894E-31,-1.,-1.30916031310854E-31));
#3022=DIRECTION('',(-4.93038065763132E-32,1.80219837887167E-31,1.));
#3023=DIRECTION('',(1.,0.,0.));
#3024=DIRECTION('',(-1.,1.4791141972894E-31,0.));
#3025=DIRECTION('',(0.,0.,-1.));
#3026=DIRECTION('',(-1.,1.4791141972894E-31,4.93038065763132E-32));
#3027=DIRECTION('',(-1.,1.4791141972894E-31,0.));
#3028=DIRECTION('',(0.,-4.00790511889682E-14,1.));
#3029=DIRECTION('',(0.893969025926739,0.448128754582427,-6.16297582203915E-33));
#3030=DIRECTION('',(0.448128754582427,-0.893969025926739,-8.65257150146103E-17));
#3031=DIRECTION('',(-1.,1.4791141972894E-31,1.93082265152201E-16));
#3032=DIRECTION('',(0.,-1.,0.));
#3033=DIRECTION('',(-1.,1.4791141972894E-31,4.93038065763132E-32));
#3034=DIRECTION('',(0.,1.,0.));
#3035=DIRECTION('',(-1.,5.9211894646675E-15,-1.48029736616688E-15));
#3036=DIRECTION('',(1.4811505088599E-15,9.77559335847533E-15,-1.));
#3037=DIRECTION('',(1.,-1.4791141972894E-31,0.));
#3038=DIRECTION('',(0.,2.77555756156289E-16,-1.));
#3039=DIRECTION('',(1.,-2.77555756156289E-16,6.44905224473553E-17));
#3040=DIRECTION('',(0.,1.,0.));
#3041=DIRECTION('',(1.,-2.77555756156289E-16,6.44905224473553E-17));
#3042=DIRECTION('',(6.46184494801361E-17,-1.48681791706695E-31,-1.));
#3043=DIRECTION('',(1.,-1.4791141972894E-31,-4.93038065763132E-32));
#3044=DIRECTION('',(0.,1.,-2.30926389122033E-14));
#3045=DIRECTION('',(-1.,1.4791141972894E-31,0.));
#3046=DIRECTION('',(-1.,1.4791141972894E-31,0.));
#3047=DIRECTION('',(0.,-0.680771395094037,0.73249594375786));
#3048=DIRECTION('',(1.,-1.4791141972894E-31,-1.83697019872103E-16));
#3049=DIRECTION('',(0.,0.,1.));
#3050=DIRECTION('',(-2.46519032881566E-32,-5.92118946466718E-15,-1.));
#3051=DIRECTION('',(-4.93038065763132E-32,1.80219837887167E-31,1.));
#3052=DIRECTION('',(-1.4791141972894E-31,1.,-6.12323399573674E-17));
#3053=DIRECTION('',(0.,-6.1257422745431E-17,-1.));
#3054=DIRECTION('',(-1.,1.4791141972894E-31,4.93038065763132E-32));
#3055=DIRECTION('',(0.,1.,0.));
#3056=DIRECTION('',(-1.,1.4791141972894E-31,0.));
#3057=DIRECTION('',(0.,2.77555756156289E-16,-1.));
#3058=DIRECTION('',(1.,-1.4791141972894E-31,-4.93038065763132E-32));
#3059=DIRECTION('',(0.,0.,-1.));
#3060=DIRECTION('',(-1.,2.83262281692924E-16,0.));
#3061=DIRECTION('',(0.,1.,0.));
#3062=DIRECTION('',(1.,-2.83262281692924E-16,0.));
#3063=DIRECTION('',(0.,0.,-1.));
#3064=DIRECTION('',(0.,1.30916031310854E-31,1.));
#3065=DIRECTION('',(1.,-2.83262281692924E-16,0.));
#3066=DIRECTION('',(0.,1.,0.));
#3067=DIRECTION('',(0.,1.30916031310854E-31,1.));
#3068=DIRECTION('',(1.,-2.83262281692924E-16,0.));
#3069=DIRECTION('',(0.,-1.,0.));
#3070=DIRECTION('',(0.,1.30916031310854E-31,1.));
#3071=DIRECTION('',(-1.,2.83262281692924E-16,0.));
#3072=DIRECTION('',(0.,1.30963236218332E-31,1.));
#3073=DIRECTION('',(-1.,-1.46796155478214E-14,8.49209114763572E-17));
#3074=DIRECTION('',(1.42190448850558E-14,-1.,0.));
#3075=DIRECTION('',(-1.,-6.12323399576286E-17,-1.29653844823109E-14));
#3076=DIRECTION('',(1.29653844823109E-14,-2.75106609189889E-14,-1.));
#3077=DIRECTION('',(-1.,2.99930577216649E-16,0.));
#3078=DIRECTION('',(0.,1.,0.));
#3079=DIRECTION('',(1.,-2.99930577216649E-16,0.));
#3080=DIRECTION('',(0.,1.,0.));
#3081=DIRECTION('',(-0.893969025926739,-0.448128754582427,0.));
#3082=DIRECTION('',(-0.448128754582427,0.893969025926739,-2.89322752662731E-14));
#3083=DIRECTION('',(-0.893969025926739,-0.448128754582427,6.16297582203914E-33));
#3084=DIRECTION('',(-0.448128754582427,0.893969025926739,2.2186712959341E-31));
#3085=DIRECTION('',(0.893969025926739,0.448128754582427,-6.16297582203915E-33));
#3086=DIRECTION('',(0.448128754582428,-0.893969025926739,-3.00296896724173E-16));
#3087=DIRECTION('',(1.,1.46796155478214E-14,-8.49209114763572E-17));
#3088=DIRECTION('',(1.42190448850558E-14,-1.,0.));
#3089=DIRECTION('',(-1.,-6.12323399576286E-17,-1.29653844823109E-14));
#3090=DIRECTION('',(1.29653844823109E-14,-2.75106609189889E-14,-1.));
#3091=DIRECTION('',(1.,1.46796155478214E-14,-8.49209114763572E-17));
#3092=DIRECTION('',(0.,0.,-1.));
#3093=DIRECTION('',(-1.,-1.46796155478214E-14,8.49209114763572E-17));
#3094=DIRECTION('',(-1.48685963191325E-14,1.,-1.54931599336609E-13));
#3095=DIRECTION('',(1.,1.46796155478214E-14,-8.49209114763572E-17));
#3096=DIRECTION('',(0.,0.,-1.));
#3097=DIRECTION('',(1.,1.46796155478214E-14,-8.49209114763572E-17));
#3098=DIRECTION('',(-1.46906362569101E-14,1.,-1.54931599336609E-13));
#3099=DIRECTION('',(-1.,-1.46796155478214E-14,8.49209114763572E-17));
#3100=DIRECTION('',(1.42190448850558E-14,-1.,0.));
#3101=DIRECTION('',(-1.,-1.46796155478214E-14,8.49209114763572E-17));
#3102=DIRECTION('',(-1.47327237757968E-14,1.,-1.54931599336609E-13));
#3103=DIRECTION('',(1.,1.46796155478214E-14,-8.49209114763572E-17));
#3104=DIRECTION('',(1.42190448850558E-14,-1.,0.));
#3105=DIRECTION('',(-1.,-6.12323399576286E-17,-1.29653844823109E-14));
#3106=DIRECTION('',(1.29653844823109E-14,-2.75106609189889E-14,-1.));
#3107=DIRECTION('',(1.,1.46796155478214E-14,-8.49209114763572E-17));
#3108=DIRECTION('',(0.,0.,-1.));
#3109=DIRECTION('',(-1.,-1.46796155478214E-14,8.49209114763572E-17));
#3110=DIRECTION('',(-1.47778442829985E-14,1.,-1.5476045931716E-13));
#3111=DIRECTION('',(1.,1.46796155478214E-14,-8.49209114763572E-17));
#3112=DIRECTION('',(0.,0.,-1.));
#3113=DIRECTION('',(1.,1.46796155478214E-14,-8.49209114763572E-17));
#3114=DIRECTION('',(-1.47019179700571E-14,1.,-1.5476045931716E-13));
#3115=DIRECTION('',(-1.,-1.46796155478214E-14,8.49209114763572E-17));
#3116=DIRECTION('',(-1.46578920002809E-14,1.,-1.5476045931716E-13));
#3117=DIRECTION('',(1.,-2.99930577216649E-16,0.));
#3118=DIRECTION('',(0.,1.,0.));
#3119=DIRECTION('',(1.,-2.99930577216649E-16,0.));
#3120=DIRECTION('',(0.,1.,0.));
#3121=DIRECTION('',(1.,-2.3994446177332E-16,0.));
#3122=DIRECTION('',(0.,0.,-1.));
#3123=DIRECTION('',(-1.,2.3994446177332E-16,0.));
#3124=DIRECTION('',(1.23038748253632E-16,1.,-1.16179072868776E-13));
#3125=DIRECTION('',(1.,-2.3994446177332E-16,0.));
#3126=DIRECTION('',(0.,0.,-1.));
#3127=DIRECTION('',(1.,-2.3994446177332E-16,0.));
#3128=DIRECTION('',(1.73712087499873E-16,1.,-1.16179098341572E-13));
#3129=DIRECTION('',(-1.,2.99930577216649E-16,0.));
#3130=DIRECTION('',(0.,1.,0.));
#3131=DIRECTION('',(-1.,2.3994446177332E-16,0.));
#3132=DIRECTION('',(2.26547132711038E-16,1.,-1.16179083453585E-13));
#3133=DIRECTION('',(1.,-2.99930577216649E-16,0.));
#3134=DIRECTION('',(0.,1.,0.));
#3135=DIRECTION('',(1.,-2.99930577216649E-16,0.));
#3136=DIRECTION('',(0.,1.,0.));
#3137=DIRECTION('',(1.,-2.3994446177332E-16,0.));
#3138=DIRECTION('',(0.,0.,-1.));
#3139=DIRECTION('',(-1.,2.3994446177332E-16,0.));
#3140=DIRECTION('',(1.68348227513345E-16,1.,-1.16179099838792E-13));
#3141=DIRECTION('',(1.,-2.3994446177332E-16,0.));
#3142=DIRECTION('',(0.,0.,-1.));
#3143=DIRECTION('',(1.,-2.3994446177332E-16,0.));
#3144=DIRECTION('',(1.7788513384807E-16,1.,-1.16179065475873E-13));
#3145=DIRECTION('',(-1.,2.3994446177332E-16,0.));
#3146=DIRECTION('',(2.52062760696596E-16,1.,-1.16179059171461E-13));
#3147=DIRECTION('',(1.,-1.4791141972894E-31,0.));
#3148=DIRECTION('',(6.5906310824953E-16,2.77555756156289E-16,-1.));
#3149=DIRECTION('',(1.,-7.44756244916849E-16,2.80810082592005E-15));
#3150=DIRECTION('',(2.08500417785674E-15,0.,-1.));
#3151=DIRECTION('',(-1.,7.44756244916849E-16,-2.80810082592005E-15));
#3152=DIRECTION('',(2.16840434497101E-15,0.,-1.));
#3153=DIRECTION('',(1.,-7.44756244916849E-16,2.80810082592005E-15));
#3154=DIRECTION('',(2.80808362673746E-15,0.,-1.));
#3155=DIRECTION('',(-1.,0.,0.));
#3156=DIRECTION('',(0.,-1.,-1.83697019872103E-16));
#3157=DIRECTION('',(1.,0.,0.));
#3158=DIRECTION('',(0.,0.,-1.));
#3159=DIRECTION('',(1.,0.,0.));
#3160=DIRECTION('',(0.,0.,-1.));
#3161=DIRECTION('',(-1.,0.,0.));
#3162=DIRECTION('',(0.,0.,1.));
#3163=DIRECTION('',(-1.,7.44756244916849E-16,-2.80810082592005E-15));
#3164=DIRECTION('',(3.61400724161835E-15,0.,-1.));
#3165=DIRECTION('',(1.,0.,0.));
#3166=DIRECTION('',(0.,0.,-1.));
#3167=DIRECTION('',(1.,-7.44756244916849E-16,2.80810082592005E-15));
#3168=DIRECTION('',(3.61400724161835E-15,0.,-1.));
#3169=DIRECTION('',(-1.,2.86807614694832E-16,1.48906434601343E-15));
#3170=DIRECTION('',(0.,-6.44905224473552E-17,1.));
#3171=DIRECTION('',(1.,-1.3684555315672E-48,-1.93082265152201E-16));
#3172=DIRECTION('',(0.,6.44905224473552E-17,-1.));
#3173=DIRECTION('',(-1.,0.,1.45564838681678E-16));
#3174=DIRECTION('',(0.,-6.44905224473552E-17,1.));
#3175=DIRECTION('',(2.86807614694832E-16,1.,6.44905224473552E-17));
#3176=DIRECTION('',(0.,-6.45100292628875E-17,1.));
#3177=DIRECTION('',(-3.42113882891801E-49,-1.,-1.00929365875014E-16));
#3178=DIRECTION('',(0.,1.,1.00929365875014E-16));
#3179=DIRECTION('',(1.,-2.79716948691016E-16,2.69630192214213E-33));
#3180=DIRECTION('',(-3.08148791101958E-32,-1.00929365875014E-16,1.));
#3181=DIRECTION('',(-3.02709246557953E-16,-1.,-1.009392222584E-16));
#3182=DIRECTION('',(1.,0.,0.));
#3183=DIRECTION('',(0.,0.,-1.));
#3184=DIRECTION('',(0.,1.,0.));
#3185=DIRECTION('',(-1.,0.,0.));
#3186=DIRECTION('',(0.,0.,-1.));
#3187=DIRECTION('',(-1.,0.,0.));
#3188=DIRECTION('',(0.,0.,-1.));
#3189=DIRECTION('',(-1.,0.,0.));
#3190=DIRECTION('',(0.,0.,-1.));
#3191=DIRECTION('',(0.,-4.93038065763132E-32,1.));
#3192=DIRECTION('',(0.,-1.,4.93038065763132E-32));
#3193=DIRECTION('',(0.,0.,-1.));
#3194=DIRECTION('',(-1.,0.,0.));
#3195=DIRECTION('',(0.,0.,-1.));
#3196=DIRECTION('',(1.,0.,0.));
#3197=DIRECTION('',(0.,0.,-1.));
#3198=DIRECTION('',(-1.,3.70074341541719E-16,-1.85037170770859E-16));
#3199=DIRECTION('',(1.,-4.27642353614751E-50,6.31088724176809E-30));
#3200=DIRECTION('',(1.,1.28292706084425E-49,0.));
#3201=DIRECTION('',(0.,0.978147619047643,-0.207911604657911));
#3202=DIRECTION('',(-1.,-1.48029736616684E-16,-3.55271367880042E-15));
#3203=DIRECTION('',(-3.25260651745651E-15,0.400000000000158,0.916515138991099));
#3204=DIRECTION('',(1.,2.59052039079198E-15,2.88657986402535E-15));
#3205=DIRECTION('',(-1.,0.,2.01858731750028E-16));
#3206=DIRECTION('',(1.,0.,0.));
#3207=DIRECTION('',(0.,0.,-1.));
#3208=DIRECTION('',(-1.,1.3684555315672E-48,1.93082265152201E-16));
#3209=DIRECTION('',(0.,-1.,0.));
#3210=DIRECTION('',(1.,1.28292706084425E-49,0.));
#3211=DIRECTION('',(1.18492040708792E-15,9.77559335847533E-15,-1.));
#3212=DIRECTION('',(-1.,0.,0.));
#3213=DIRECTION('',(0.,0.,-1.));
#3214=DIRECTION('',(-1.,5.9211894646675E-15,-1.48029736616688E-15));
#3215=DIRECTION('',(1.4811505088599E-15,9.77559335847533E-15,-1.));
#3216=DIRECTION('',(-1.,1.3684555315672E-48,1.93082265152201E-16));
#3217=DIRECTION('',(1.,0.,0.));
#3218=DIRECTION('',(0.,0.,-1.));
#3219=DIRECTION('',(-1.,1.3684555315672E-48,1.93082265152201E-16));
#3220=DIRECTION('',(0.,-1.,0.));
#3221=DIRECTION('',(-1.,8.75811540203011E-47,-9.71551056909325E-15));
#3222=DIRECTION('',(0.,0.,1.));
#3223=DIRECTION('',(-1.28292706084425E-49,-1.,0.));
#3224=DIRECTION('',(-1.,0.,-9.71553566764261E-15));
#3225=DIRECTION('',(0.,4.93038065763132E-32,-1.));
#3226=DIRECTION('',(1.,-4.51884212515964E-16,-4.93038065763132E-32));
#3227=DIRECTION('',(4.51884212515964E-16,1.,4.93038065763132E-32));
#3228=DIRECTION('',(1.,-4.51881912964802E-16,0.));
#3229=DIRECTION('',(0.,-1.,4.93038065763132E-32));
#3230=DIRECTION('',(4.93038065763132E-32,-4.93038065763132E-32,-1.));
#3231=DIRECTION('',(-1.,0.,0.));
#3232=DIRECTION('',(0.,0.,-1.));
#3233=DIRECTION('',(1.,0.,0.));
#3234=DIRECTION('',(0.,0.,1.));
#3235=DIRECTION('',(1.,0.,0.));
#3236=DIRECTION('',(0.,1.,0.));
#3237=DIRECTION('',(0.,0.,1.));
#3238=DIRECTION('',(0.,1.93607530800983E-15,-1.));
#3239=DIRECTION('',(0.,-1.93607530800983E-15,1.));
#3240=DIRECTION('',(1.,0.,0.));
#3241=DIRECTION('',(0.,1.,1.93607530800983E-15));
#3242=DIRECTION('',(0.,-1.93608692446168E-15,1.));
#3243=DIRECTION('',(0.,-1.,0.));
#3244=DIRECTION('',(0.,1.,0.));
#3245=DIRECTION('',(1.,0.,0.));
#3246=DIRECTION('',(0.,0.,-1.));
#3247=DIRECTION('',(-1.,0.,0.));
#3248=DIRECTION('',(0.,-1.,0.));
#3249=DIRECTION('',(0.,1.,0.));
#3250=DIRECTION('',(1.,0.,0.));
#3251=DIRECTION('',(0.,0.,-1.));
#3252=DIRECTION('',(-1.,0.,0.));
#3253=DIRECTION('',(0.,-1.20036669096606E-15,1.));
#3254=DIRECTION('',(0.,1.20036669096606E-15,-1.));
#3255=DIRECTION('',(-1.,0.,0.));
#3256=DIRECTION('',(0.,-1.,-1.20036669096606E-15));
#3257=DIRECTION('',(0.,1.20037443526733E-15,-1.));
#3258=DIRECTION('',(0.,1.,2.3232903696118E-15));
#3259=DIRECTION('',(0.,-1.,-2.3232903696118E-15));
#3260=DIRECTION('',(1.,0.,0.));
#3261=DIRECTION('',(0.,-2.3232903696118E-15,1.));
#3262=DIRECTION('',(0.,-1.,-2.32333683541919E-15));
#3263=DIRECTION('',(0.,1.,7.74430123203933E-16));
#3264=DIRECTION('',(0.,-1.,-7.74430123203933E-16));
#3265=DIRECTION('',(0.,-7.74430123203933E-16,1.));
#3266=DIRECTION('',(0.,-1.,-7.74445611806396E-16));
#3267=DIRECTION('',(1.,0.,0.));
#3268=DIRECTION('',(0.,0.,-1.));
#3269=DIRECTION('',(1.,0.,0.));
#3270=DIRECTION('',(0.,0.,-1.));
#3271=DIRECTION('',(1.,0.,0.));
#3272=DIRECTION('',(0.,0.,-0.999999999999999));
#3273=DIRECTION('',(1.,0.,0.));
#3274=DIRECTION('',(0.,0.,-1.));
#3275=DIRECTION('',(0.,-1.,4.93038065763132E-32));
#3276=DIRECTION('',(0.,6.44905224473552E-17,1.));
#3277=DIRECTION('',(1.,0.,0.));
#3278=DIRECTION('',(0.,0.,-1.));
#3279=DIRECTION('',(0.,1.,0.));
#3280=DIRECTION('',(0.,-6.44905224473552E-17,-1.));
#3281=DIRECTION('',(-2.99349647530326E-49,-1.,4.93038065763132E-32));
#3282=DIRECTION('',(-1.,-1.28292706084425E-49,0.));
#3283=DIRECTION('',(0.,0.707106781186548,-0.707106781186548));
#3284=DIRECTION('',(-1.,-1.28292706084425E-49,0.));
#3285=DIRECTION('',(0.,0.999999999999999,0.));
#3286=DIRECTION('',(-1.,-1.28292706084425E-49,0.));
#3287=DIRECTION('',(0.,1.,0.));
#3288=DIRECTION('',(-1.,-1.28292706084425E-49,0.));
#3289=DIRECTION('',(0.,0.999999999999999,0.));
#3290=DIRECTION('',(1.,1.28292706084425E-49,0.));
#3291=DIRECTION('',(0.,0.,-1.));
#3292=DIRECTION('',(-1.,1.28292706084425E-49,4.93038065763132E-32));
#3293=DIRECTION('',(-1.,1.28292706084425E-49,4.93038065763132E-32));
#3294=DIRECTION('',(0.,0.707106781186548,-0.707106781186548));
#3295=DIRECTION('',(1.,3.86781115729775E-18,1.04340471481954E-18));
#3296=DIRECTION('',(-1.,-3.86781115729775E-18,-1.04340471481954E-18));
#3297=DIRECTION('',(0.,0.787772489979363,-0.615966317286682));
#3298=DIRECTION('',(-1.,1.3684555315672E-48,1.93082265152201E-16));
#3299=DIRECTION('',(0.,-1.,0.));
#3300=DIRECTION('',(1.,-3.80177680798065E-16,3.09596890083568E-15));
#3301=DIRECTION('',(0.,0.55303283866161,0.833159456143829));
#3302=DIRECTION('',(-1.,2.3994446177332E-16,-4.93038065763132E-32));
#3303=DIRECTION('',(2.79716948691016E-16,1.,-6.44905224473552E-17));
#3304=DIRECTION('',(0.,6.45100292628875E-17,1.));
#3305=DIRECTION('',(-4.93038065763132E-32,4.93038065763132E-32,1.));
#3306=DIRECTION('',(1.,0.,0.));
#3307=DIRECTION('',(1.,0.,0.));
#3308=DIRECTION('',(0.,0.,-1.));
#3309=DIRECTION('',(1.,0.,0.));
#3310=DIRECTION('',(0.,0.,-1.));
#3311=DIRECTION('',(-1.,0.,0.));
#3312=DIRECTION('',(0.,0.,-1.));
#3313=DIRECTION('',(1.,0.,0.));
#3314=DIRECTION('',(0.,0.,-1.));
#3315=DIRECTION('',(1.,0.,0.));
#3316=DIRECTION('',(8.67361737988403E-16,0.,-1.));
#3317=DIRECTION('',(1.,0.,0.));
#3318=DIRECTION('',(0.,0.,-1.));
#3319=DIRECTION('',(-1.,0.,0.));
#3320=DIRECTION('',(2.25495260605268E-16,0.,-1.));
#3321=DIRECTION('',(1.48906434601343E-15,0.,1.));
#3322=DIRECTION('',(1.,0.,-1.48904326369159E-15));
#3323=DIRECTION('',(0.,-1.,0.));
#3324=DIRECTION('',(0.,0.,-1.));
#3325=DIRECTION('',(0.,-1.,0.));
#3326=DIRECTION('',(0.,0.,-1.));
#3327=DIRECTION('',(-3.09772049281573E-16,0.,1.));
#3328=DIRECTION('',(1.,0.,0.));
#3329=DIRECTION('',(0.,0.,-1.));
#3330=DIRECTION('',(-1.,0.,0.));
#3331=DIRECTION('',(0.,-1.,0.));
#3332=DIRECTION('',(0.,0.,-1.));
#3333=DIRECTION('',(0.,-1.,0.));
#3334=DIRECTION('',(3.09772049281573E-16,0.,-1.));
#3335=DIRECTION('',(0.,-1.,0.));
#3336=DIRECTION('',(-1.,0.,-3.09772049281573E-16));
#3337=DIRECTION('',(-3.09783665733421E-16,0.,1.));
#3338=DIRECTION('',(0.,-1.,0.));
#3339=DIRECTION('',(1.,0.,0.));
#3340=DIRECTION('',(0.,0.,-1.));
#3341=DIRECTION('',(-1.,0.,0.));
#3342=DIRECTION('',(0.,-1.,0.));
#3343=DIRECTION('',(0.,0.,1.));
#3344=DIRECTION('',(1.,0.,0.));
#3345=DIRECTION('',(0.,0.,-1.));
#3346=DIRECTION('',(-1.,0.,0.));
#3347=DIRECTION('',(0.,0.,1.));
#3348=DIRECTION('',(1.,0.,0.));
#3349=DIRECTION('',(0.,1.,0.));
#3350=DIRECTION('',(0.,0.,1.));
#3351=DIRECTION('',(0.,1.,0.));
#3352=DIRECTION('',(0.,0.,1.));
#3353=DIRECTION('',(0.,-1.,0.));
#3354=DIRECTION('',(0.,0.,-1.));
#3355=DIRECTION('',(-3.30423519233678E-17,0.,1.));
#3356=DIRECTION('',(-3.5527136788005E-18,0.,1.));
#3357=DIRECTION('',(-1.,0.,-3.5527136788005E-18));
#3358=DIRECTION('',(3.30423519233678E-17,0.,-1.));
#3359=DIRECTION('',(0.,-1.11022302462516E-15,1.));
#3360=DIRECTION('',(0.,1.,1.0842021724855E-15));
#3361=DIRECTION('',(3.30423519233678E-17,0.,-1.));
#3362=DIRECTION('',(-1.,0.,-3.30423519233678E-17));
#3363=DIRECTION('',(0.,0.,1.));
#3364=DIRECTION('',(-1.,0.,0.));
#3365=DIRECTION('',(0.,0.,-1.));
#3366=DIRECTION('',(0.,0.,1.));
#3367=DIRECTION('',(-1.,0.,0.));
#3368=DIRECTION('',(0.,0.,1.));
#3369=DIRECTION('',(0.,0.,1.));
#3370=DIRECTION('',(1.,0.,0.));
#3371=DIRECTION('',(0.,1.,0.));
#3372=DIRECTION('',(0.,0.,-1.));
#3373=DIRECTION('',(0.,1.,0.));
#3374=DIRECTION('',(0.,0.,1.));
#3375=DIRECTION('',(0.,1.,0.));
#3376=DIRECTION('',(0.,0.,1.));
#3377=DIRECTION('',(1.,0.,0.));
#3378=DIRECTION('',(3.30423519233678E-17,0.,-1.));
#3379=DIRECTION('',(0.,-1.,0.));
#3380=DIRECTION('',(0.,0.,-1.));
#3381=DIRECTION('',(0.,0.,1.));
#3382=DIRECTION('',(0.,-1.,0.));
#3383=DIRECTION('',(0.,0.,-1.));
#3384=DIRECTION('',(0.,-1.,0.));
#3385=DIRECTION('',(0.,-1.,0.));
#3386=DIRECTION('',(0.,-1.,0.));
#3387=DIRECTION('',(0.,0.,-1.));
#3388=DIRECTION('',(0.,1.,0.));
#3389=DIRECTION('',(0.,0.,1.));
#3390=DIRECTION('',(0.,1.,0.));
#3391=DIRECTION('',(0.,0.,1.));
#3392=DIRECTION('',(0.,1.,0.));
#3393=DIRECTION('',(0.,0.,1.));
#3394=DIRECTION('',(0.,-1.,0.));
#3395=DIRECTION('',(0.,-1.,0.));
#3396=DIRECTION('',(0.,0.,1.));
#3397=DIRECTION('',(0.,-1.,0.));
#3398=DIRECTION('',(0.,1.,0.));
#3399=DIRECTION('',(0.,0.,1.));
#3400=DIRECTION('',(-3.30423519233678E-17,0.,1.));
#3401=DIRECTION('',(-1.,0.,-3.30423519233678E-17));
#3402=DIRECTION('',(-3.30410612064957E-17,0.,1.));
#3403=DIRECTION('',(0.,0.,-1.));
#3404=DIRECTION('',(1.,0.,0.));
#3405=DIRECTION('',(0.,0.,-1.));
#3406=DIRECTION('',(0.,-1.,0.));
#3407=DIRECTION('',(0.,0.,-1.));
#3408=DIRECTION('',(0.,1.,0.));
#3409=DIRECTION('',(0.,0.,1.));
#3410=DIRECTION('',(-1.,0.,0.));
#3411=DIRECTION('',(0.,0.,-1.));
#3412=DIRECTION('',(1.,0.,0.));
#3413=DIRECTION('',(3.30423519233678E-17,0.,-1.));
#3414=DIRECTION('',(-1.,0.,0.));
#3415=DIRECTION('',(0.,0.,-1.));
#3416=DIRECTION('',(1.,0.,0.));
#3417=DIRECTION('',(-3.66042455095696E-15,-0.603916748136667,-0.797047402178838));
#3418=DIRECTION('',(0.,-0.797047402178837,0.603916748136667));
#3419=DIRECTION('',(0.,0.,1.));
#3420=DIRECTION('',(1.,0.,0.));
#3421=DIRECTION('',(2.77552417334034E-15,-0.603916748136668,-0.797047402178837));
#3422=DIRECTION('',(0.,0.797047402178837,-0.603916748136668));
#3423=DIRECTION('',(0.,-1.,0.));
#3424=DIRECTION('',(0.,0.,1.));
#3425=DIRECTION('',(0.,-1.,0.));
#3426=DIRECTION('',(0.,0.,1.));
#3427=DIRECTION('',(0.,-1.,0.));
#3428=DIRECTION('',(0.,0.,-1.));
#3429=DIRECTION('',(0.,1.,0.));
#3430=DIRECTION('',(0.,4.79342212950276E-16,1.));
#3431=DIRECTION('',(0.,-1.,0.));
#3432=DIRECTION('',(0.,0.,-1.));
#3433=DIRECTION('',(0.,-1.,0.));
#3434=DIRECTION('',(0.,0.,-1.));
#3435=DIRECTION('',(0.,1.,0.));
#3436=DIRECTION('',(0.,0.,1.));
#3437=DIRECTION('',(0.,0.,1.));
#3438=DIRECTION('',(1.,0.,0.));
#3439=DIRECTION('',(-0.777168756183688,0.,-0.62929224086421));
#3440=DIRECTION('',(-0.62929224086421,0.,0.777168756183688));
#3441=DIRECTION('',(-0.777168756183688,0.,0.629292240864211));
#3442=DIRECTION('',(0.62929224086421,0.,0.777168756183688));
#3443=DIRECTION('',(0.,1.,0.));
#3444=DIRECTION('',(0.,0.,1.));
#3445=DIRECTION('',(1.51109198333717E-17,9.33394740240249E-17,-1.));
#3446=DIRECTION('',(0.,1.,9.33394740240249E-17));
#3447=DIRECTION('',(0.,-1.,0.));
#3448=DIRECTION('',(0.,0.,-1.));
#3449=DIRECTION('',(0.,1.,0.));
#3450=DIRECTION('',(0.,-2.7408565074031E-16,1.));
#3451=DIRECTION('',(-2.42511121605142E-15,5.77691862236301E-15,1.));
#3452=DIRECTION('',(1.,-2.77555756156275E-16,2.42511121605142E-15));
#3453=DIRECTION('',(0.,0.,1.));
#3454=DIRECTION('',(1.,0.,0.));
#3455=DIRECTION('',(7.1305630260993E-30,5.77315972805081E-15,1.));
#3456=DIRECTION('',(1.,-1.05827797964335E-44,-7.1305630260993E-30));
#3457=DIRECTION('',(3.10151758244121E-30,2.47024622979097E-15,-1.));
#3458=DIRECTION('',(-1.23512311489549E-15,-1.,-2.47024622979097E-15));
#3459=CARTESIAN_POINT('',(0.,0.,0.));
#3460=CARTESIAN_POINT('',(0.33000000000003,-0.0999999999999994,0.239897948556603));
#3461=CARTESIAN_POINT('',(-0.1,-0.0999999999999994,0.239897948556624));
#3462=CARTESIAN_POINT('',(-0.55,-0.0999999999999994,0.239897948556603));
#3463=CARTESIAN_POINT('',(-0.55,1.00613961606655E-13,-0.250000000000029));
#3464=CARTESIAN_POINT('',(-0.55,-0.270000000000003,0.170832508249978));
#3465=CARTESIAN_POINT('',(0.33000000000003,-0.270000000000003,0.170832508249978));
#3466=CARTESIAN_POINT('',(-0.27000000000001,-0.270000000000003,0.170832508250007));
#3467=CARTESIAN_POINT('',(-2.16840434497101E-16,3.46944695195361E-15,-0.250000000000007));
#3468=CARTESIAN_POINT('',(0.33000000000003,1.00613961606655E-13,-0.250000000000029));
#3469=CARTESIAN_POINT('',(-0.55,0.420000000000105,-1.15746000920813E-15));
#3470=CARTESIAN_POINT('',(-0.55,0.244536904761998,-0.0519779011645023));
#3471=CARTESIAN_POINT('',(-0.55,0.3074538370627,0.144299553734797));
#3472=CARTESIAN_POINT('',(-2.41999999999997,0.3074538370627,0.144299553734797));
#3473=CARTESIAN_POINT('',(-2.16840434497101E-16,0.307453837062602,0.144299553734814));
#3474=CARTESIAN_POINT('',(-2.16840434497101E-16,0.420000000000101,-8.88178419700101E-16));
#3475=CARTESIAN_POINT('',(-1.01915004213637E-14,0.244536904761998,-0.0519779011644921));
#3476=CARTESIAN_POINT('',(-0.27999999999999,0.244536904761998,-0.0519779011645022));
#3477=CARTESIAN_POINT('',(0.20449494936622,0.420000000000101,-4.0583122875101E-17));
#3478=CARTESIAN_POINT('',(-0.75000000000002,1.00613961606655E-13,-0.250000000000008));
#3479=CARTESIAN_POINT('',(-0.55,1.00613961606655E-13,-0.250000000000006));
#3480=CARTESIAN_POINT('',(-2.16840434497101E-16,1.00613961606655E-13,-0.250000000000008));
#3481=CARTESIAN_POINT('',(-0.55,3.31845662060459E-15,-2.23160978889542E-14));
#3482=CARTESIAN_POINT('',(-1.01915004213637E-14,3.46944695195361E-15,-2.1316282072803E-14));
#3483=CARTESIAN_POINT('',(0.47000000000002,3.46944695195361E-15,-1.86923299365777E-14));
#3484=CARTESIAN_POINT('',(-0.55,1.00613961606655E-13,-0.250000000000029));
#3485=CARTESIAN_POINT('',(-0.55,0.0999999999999995,0.239897948556608));
#3486=CARTESIAN_POINT('',(-0.75000000000002,0.0999999999999994,0.239897948556607));
#3487=CARTESIAN_POINT('',(-2.16840434497101E-16,0.0999999999999994,0.23989794855661));
#3488=CARTESIAN_POINT('',(9.97465998686664E-15,1.00613961606655E-13,-0.250000000000032));
#3489=CARTESIAN_POINT('',(0.33000000000003,1.00613961606655E-13,-0.250000000000029));
#3490=CARTESIAN_POINT('',(-0.65499999999999,-0.270000000000003,-0.250000000000005));
#3491=CARTESIAN_POINT('',(-0.27000000000001,-0.270000000000003,-0.250000000000007));
#3492=CARTESIAN_POINT('',(-0.55,-0.270000000000003,-0.250000000000005));
#3493=CARTESIAN_POINT('',(-0.55,-0.4999999999999,-0.250000000000005));
#3494=CARTESIAN_POINT('',(-0.3125,-0.312499999999997,-0.250000000000007));
#3495=CARTESIAN_POINT('',(-0.27999999999998,-0.4999999999999,-0.250000000000005));
#3496=CARTESIAN_POINT('',(-0.55,-0.270000000000003,-1.11076448328627));
#3497=CARTESIAN_POINT('',(-0.27000000000001,-0.270000000000003,-0.805382241643136));
#3498=CARTESIAN_POINT('',(-1.03,-0.270000000000003,-1.11076448328627));
#3499=CARTESIAN_POINT('',(-0.55,-0.0999999999999994,0.249999999999978));
#3500=CARTESIAN_POINT('',(-0.55,-0.0999999999999994,0.224999999999906));
#3501=CARTESIAN_POINT('',(-0.1,-0.0999999999999994,-0.125000000000015));
#3502=CARTESIAN_POINT('',(-0.1,-0.0999999999999994,0.224999999999946));
#3503=CARTESIAN_POINT('',(0.83550000000002,-0.0999999999999994,0.224999999999923));
#3504=CARTESIAN_POINT('',(0.83550000000002,-0.0999999999999994,0.249999999999978));
#3505=CARTESIAN_POINT('',(-0.55,3.58123253274557E-15,0.224999999999902));
#3506=CARTESIAN_POINT('',(-0.55,0.099999999999999,0.224999999999926));
#3507=CARTESIAN_POINT('',(-0.20263274595048,-0.2026327459504,0.224999999999942));
#3508=CARTESIAN_POINT('',(-2.16840434497101E-16,3.46944695195361E-15,0.224999999999949));
#3509=CARTESIAN_POINT('',(-2.16840434497101E-16,0.1000000000001,0.224999999999914));
#3510=CARTESIAN_POINT('',(-2.16840434497101E-16,0.1000000000001,0.224999999999914));
#3511=CARTESIAN_POINT('',(-1.74,0.0999999999999994,0.224999999999926));
#3512=CARTESIAN_POINT('',(-0.14724999999997,3.46944695195361E-15,0.224999999999902));
#3513=CARTESIAN_POINT('',(-0.55,0.0999999999999991,0.249999999999957));
#3514=CARTESIAN_POINT('',(-2.16840434497101E-16,0.1000000000001,0.239897948556622));
#3515=CARTESIAN_POINT('',(-1.12999999999997,0.0999999999999994,0.249999999999957));
#3516=CARTESIAN_POINT('',(-0.34361526127747,3.46944695195361E-15,-1.51208595056101E-14));
#3517=CARTESIAN_POINT('',(-0.343615261277462,3.46944695195361E-15,-0.174718820290815));
#3518=CARTESIAN_POINT('',(-0.33814566422108,3.46944695195361E-15,-4.3841885476527E-15));
#3519=CARTESIAN_POINT('',(-0.338145664221078,-1.56500399622135E-15,-0.183000000000004));
#3520=CARTESIAN_POINT('',(-0.34088046274928,3.46944695195361E-15,-1.50005141397868E-14));
#3521=CARTESIAN_POINT('',(-0.34152059161699,3.46944695195361E-15,-1.50286831408902E-14));
#3522=CARTESIAN_POINT('',(-0.341520591616983,3.46944695195361E-15,-0.172669240889913));
#3523=CARTESIAN_POINT('',(-0.34256792644723,3.46944695195361E-15,-1.50747713232501E-14));
#3524=CARTESIAN_POINT('',(-0.33141221440206,3.46944695195361E-15,-4.29688678185671E-15));
#3525=CARTESIAN_POINT('',(-0.331412214402058,-1.56500399622135E-15,-0.183000000000004));
#3526=CARTESIAN_POINT('',(-0.33646640300955,3.46944695195361E-15,-1.48062725425841E-14));
#3527=CARTESIAN_POINT('',(-2.16840434497101E-16,3.46944695195361E-15,-6.16297582203915E-30));
#3528=CARTESIAN_POINT('',(-2.16840434497101E-16,3.46944695195361E-15,0.183));
#3529=CARTESIAN_POINT('',(-2.16840434497101E-16,3.46944695195361E-15,-0.183));
#3530=CARTESIAN_POINT('',(-2.16840434497101E-16,3.46944695195361E-15,-6.16297582203915E-30));
#3531=CARTESIAN_POINT('',(-2.16840434497101E-16,3.46944695195361E-15,-6.16297582203915E-30));
#3532=CARTESIAN_POINT('',(-1.01915004213637E-14,3.46944695195361E-15,-0.250000000000015));
#3533=CARTESIAN_POINT('',(-1.01915004213637E-14,3.46944695195361E-15,-0.250000000000001));
#3534=CARTESIAN_POINT('',(-2.16840434497101E-16,3.46944695195361E-15,-0.5));
#3535=CARTESIAN_POINT('',(-1.01915004213637E-14,0.254000000000001,5.5511151231301E-17));
#3536=CARTESIAN_POINT('',(-0.40814566422101,3.46944695195361E-15,-5.2917654614136E-15));
#3537=CARTESIAN_POINT('',(-0.408145664221008,-1.56500399622135E-15,-0.183000000000005));
#3538=CARTESIAN_POINT('',(-2.16840434497101E-16,3.46944695195361E-15,-6.16297582203915E-30));
#3539=CARTESIAN_POINT('',(-0.41822838475045,3.46944695195361E-15,-1.8404225189414E-14));
#3540=CARTESIAN_POINT('',(-0.418228384750443,3.46944695195361E-15,-0.172664126516088));
#3541=CARTESIAN_POINT('',(-0.41318702448574,3.46944695195361E-15,-1.818237910494E-14));
#3542=CARTESIAN_POINT('',(-0.42032452342193,3.46944695195361E-15,-1.84964661982615E-14));
#3543=CARTESIAN_POINT('',(-0.420324523421922,3.46944695195361E-15,-0.174713012670872));
#3544=CARTESIAN_POINT('',(-0.41927645408619,3.46944695195361E-15,-1.84503456938378E-14));
#3545=CARTESIAN_POINT('',(-0.41486913688993,3.46944695195361E-15,-5.37893786962231E-15));
#3546=CARTESIAN_POINT('',(-0.414869136889928,-1.56500399622135E-15,-0.183000000000005));
#3547=CARTESIAN_POINT('',(-0.41759683015593,3.46944695195361E-15,-1.83764335009471E-14));
#3548=CARTESIAN_POINT('',(-0.55,3.46944695195361E-15,-7.13096146527091E-15));
#3549=CARTESIAN_POINT('',(-0.549999999999997,-1.56500399622135E-15,-0.183000000000007));
#3550=CARTESIAN_POINT('',(-2.16840434497101E-16,3.46944695195361E-15,-6.16297582203915E-30));
#3551=CARTESIAN_POINT('',(-0.55,3.46944695195361E-15,-7.13318293321663E-15));
#3552=CARTESIAN_POINT('',(-2.08249999999997,0.270000000000003,-0.287500000000016));
#3553=CARTESIAN_POINT('',(-1.66999999999997,0.270000000000003,-0.287500000000016));
#3554=CARTESIAN_POINT('',(-2.43269999999997,0.270000000000003,-0.287500000000016));
#3555=CARTESIAN_POINT('',(-1.66999999999997,0.270000000000003,-2.00902896657251));
#3556=CARTESIAN_POINT('',(-1.66999999999997,0.270000000000003,-0.645000000000045));
#3557=CARTESIAN_POINT('',(-1.73134999999998,0.270000000000003,-0.645000000000045));
#3558=CARTESIAN_POINT('',(-2.43269999999997,0.270000000000003,-0.645000000000044));
#3559=CARTESIAN_POINT('',(-2.43269999999997,0.270000000000003,-0.287500000000016));
#3560=CARTESIAN_POINT('',(-1.02999999999999,0.270000000000003,-2.00902896657251));
#3561=CARTESIAN_POINT('',(-1.66249999999997,0.670000000000101,-0.0375000000000156));
#3562=CARTESIAN_POINT('',(-2.43269999999997,0.670000000000101,-0.037500000000016));
#3563=CARTESIAN_POINT('',(-1.66999999999997,0.670000000000101,-0.0375000000000156));
#3564=CARTESIAN_POINT('',(-1.66999999999997,0.420000000000101,-0.0375000000000156));
#3565=CARTESIAN_POINT('',(-1.66999999999997,0.420000000000101,-0.287500000000016));
#3566=CARTESIAN_POINT('',(-1.66249999999997,0.420000000000101,-0.287500000000016));
#3567=CARTESIAN_POINT('',(-2.43269999999997,0.420000000000101,-0.287500000000016));
#3568=CARTESIAN_POINT('',(-2.43269999999997,0.420000000000101,-0.0375000000000159));
#3569=CARTESIAN_POINT('',(-1.66249999999997,0.420000000000101,-0.0375000000000156));
#3570=CARTESIAN_POINT('',(-1.66999999999997,-0.270000000000003,-1.11076448328627));
#3571=CARTESIAN_POINT('',(-1.66999999999997,-0.270000000000003,0.170832508249979));
#3572=CARTESIAN_POINT('',(-1.66999999999997,-0.270000000000003,-0.645000000000045));
#3573=CARTESIAN_POINT('',(0.33000000000003,-0.270000000000003,0.170832508249978));
#3574=CARTESIAN_POINT('',(-2.29735441169861,-0.270000000000003,0.170832508249979));
#3575=CARTESIAN_POINT('',(-2.29735441169861,-0.270000000000003,-0.465382241643153));
#3576=CARTESIAN_POINT('',(-2.29735441169861,-0.270000000000003,-0.645000000000045));
#3577=CARTESIAN_POINT('',(-1.66999999999997,-0.270000000000003,-0.645000000000045));
#3578=CARTESIAN_POINT('',(-1.03,-0.270000000000003,-1.11076448328627));
#3579=CARTESIAN_POINT('',(-1.66999999999997,1.1,-0.645000000000045));
#3580=CARTESIAN_POINT('',(-2.65303727442307,0.439549340624099,-0.645000000000045));
#3581=CARTESIAN_POINT('',(-2.43269999999997,3.46944695195361E-15,-0.645000000000045));
#3582=CARTESIAN_POINT('',(-2.43269999999997,-0.108972473588501,-0.645000000000044));
#3583=CARTESIAN_POINT('',(-2.43269999999997,1.1,-0.645000000000044));
#3584=CARTESIAN_POINT('',(-1.66999999999997,0.420000000000101,-0.287500000000016));
#3585=CARTESIAN_POINT('',(-2.43269999999997,0.420000000000101,-0.287500000000016));
#3586=CARTESIAN_POINT('',(-2.19499999999997,0.420000000000101,-0.287500000000016));
#3587=CARTESIAN_POINT('',(-1.66999999999997,1.00613961606655E-13,-0.250000000000028));
#3588=CARTESIAN_POINT('',(-1.66999999999997,0.249807151226598,0.183123985939453));
#3589=CARTESIAN_POINT('',(-1.96999999999997,0.249807151226598,0.183123985939453));
#3590=CARTESIAN_POINT('',(-2.43269999999997,0.249807151226598,0.183123985939451));
#3591=CARTESIAN_POINT('',(-2.43269999999997,1.00613961606655E-13,-0.250000000000029));
#3592=CARTESIAN_POINT('',(-2.43269999999997,3.46944695195361E-15,0.24999999999997));
#3593=CARTESIAN_POINT('',(-2.43269999999998,1.00613961606655E-13,-0.250000000000028));
#3594=CARTESIAN_POINT('',(0.33000000000003,1.00613961606655E-13,-0.250000000000029));
#3595=CARTESIAN_POINT('',(-2.4135835236079,0.232804892161782,6.74921421377543E-6));
#3596=CARTESIAN_POINT('',(-2.4135835236079,0.232567823303619,-0.147348097362299));
#3597=CARTESIAN_POINT('',(-2.4135835236079,0.448674764808656,-0.237066257011256));
#3598=CARTESIAN_POINT('',(-2.4135835236079,0.65706625701135,-0.0286747648085769));
#3599=CARTESIAN_POINT('',(-2.4135835236079,0.567348097362409,0.187432176696467));
#3600=CARTESIAN_POINT('',(-2.4135835236079,0.419993250785896,0.187195107838314));
#3601=CARTESIAN_POINT('',(-2.41269999999997,0.237000000000091,-8.91663756073597E-16));
#3602=CARTESIAN_POINT('',(-2.41269999999997,0.420000000000111,0.183000000000006));
#3603=CARTESIAN_POINT('',(-2.4135835236079,0.419993250785896,0.187195107838314));
#3604=CARTESIAN_POINT('',(-2.4135835236079,0.322024810155283,0.187037493298346));
#3605=CARTESIAN_POINT('',(-2.4135835236079,0.232962506701758,0.0979751898448264));
#3606=CARTESIAN_POINT('',(-2.4135835236079,0.232804892161782,6.74921421377543E-6));
#3607=CARTESIAN_POINT('',(-1.66999999999997,0.420000000000101,-6.9155450338359E-15));
#3608=CARTESIAN_POINT('',(-1.66999999999997,0.603000000000101,-6.9155450338359E-15));
#3609=CARTESIAN_POINT('',(0.20449494936622,0.420000000000101,-4.0583122875101E-17));
#3610=CARTESIAN_POINT('',(-1.96999999999997,2.88889491658085E-31,-0.42000000000003));
#3611=CARTESIAN_POINT('',(-1.96999999999997,1.38777878078147E-17,-0.47000000000003));
#3612=CARTESIAN_POINT('',(-1.96999999999997,3.46944695195361E-15,-0.42000000000003));
#3613=CARTESIAN_POINT('',(-1.96999999999997,0.183000000000003,-0.42000000000003));
#3614=CARTESIAN_POINT('',(-1.96999999999997,3.46944695195361E-15,-7.1887419029399E-15));
#3615=CARTESIAN_POINT('',(-1.66999999999997,0.420000000000101,-1.42514378380771E-14));
#3616=CARTESIAN_POINT('',(-1.66999999999997,0.670000000000101,-2.13568651956781E-14));
#3617=CARTESIAN_POINT('',(-2.41999999999997,0.670000000000101,-1.39183709306895E-14));
#3618=CARTESIAN_POINT('',(-2.43269999999997,0.670000000000101,-1.39183709306895E-14));
#3619=CARTESIAN_POINT('',(-2.43269999999997,0.420000000000101,-1.40849043843833E-14));
#3620=CARTESIAN_POINT('',(-2.41999999999997,0.420000000000101,-1.42514378380771E-14));
#3621=CARTESIAN_POINT('',(-2.43269999999997,0.670000000000101,-1.40293932331521E-14));
#3622=CARTESIAN_POINT('',(-1.66999999999997,0.670000000000101,-0.0375000000000156));
#3623=CARTESIAN_POINT('',(-1.12999999999997,0.670000000000101,-1.42514378380771E-14));
#3624=CARTESIAN_POINT('',(-1.66999999999997,-8.32667268468858E-17,1.93471567342064E-17));
#3625=CARTESIAN_POINT('',(-1.66999999999997,0.183,1.93471567342064E-17));
#3626=CARTESIAN_POINT('',(-1.66999999999997,2.88889491658085E-31,-0.42000000000003));
#3627=CARTESIAN_POINT('',(-1.66999999999997,3.46944695195364E-17,-0.54500000000003));
#3628=CARTESIAN_POINT('',(-1.66999999999997,0.519590179001401,0.0410990852077688));
#3629=CARTESIAN_POINT('',(-2.43269999999997,0.420294890269082,-0.000294890268985997));
#3630=CARTESIAN_POINT('',(-2.43269999999997,0.623294890269092,-0.000294890268985997));
#3631=CARTESIAN_POINT('',(-2.41684999999997,0.420294890269082,-0.000294890268985997));
#3632=CARTESIAN_POINT('',(-2.43269999999997,3.46944695195361E-15,0.0899999999999601));
#3633=CARTESIAN_POINT('',(-2.43269999999997,3.46944695195361E-15,-0.603000000000031));
#3634=CARTESIAN_POINT('',(-2.43269999999997,3.46944695195361E-15,-0.42000000000003));
#3635=CARTESIAN_POINT('',(-2.43269999999997,3.46944695195361E-15,-0.23700000000003));
#3636=CARTESIAN_POINT('',(-2.43269999999997,3.46944695195361E-15,0.0899999999999601));
#3637=CARTESIAN_POINT('',(-2.43269999999997,3.46944695195361E-15,-0.183000000000043));
#3638=CARTESIAN_POINT('',(-2.43269999999997,3.46944695195361E-15,-3.15408908301174E-14));
#3639=CARTESIAN_POINT('',(-2.43269999999997,3.46944695195361E-15,0.182999999999957));
#3640=CARTESIAN_POINT('',(-2.43269999999997,3.46944695195361E-15,0.0899999999999601));
#3641=CARTESIAN_POINT('',(-2.43269999999997,3.46944695195361E-15,-4.26176361172499E-14));
#3642=CARTESIAN_POINT('',(-2.01783086311005,3.46944695195361E-15,-4.26690854279891E-14));
#3643=CARTESIAN_POINT('',(-2.01783086311005,-0.182999999999997,-4.26690854279891E-14));
#3644=CARTESIAN_POINT('',(-2.16840434497101E-16,3.46944695195361E-15,-6.16297582203916E-30));
#3645=CARTESIAN_POINT('',(-2.01783086311006,3.46944695195361E-15,-0.42000000000003));
#3646=CARTESIAN_POINT('',(-2.01783086311006,0.183000000000003,-0.42000000000003));
#3647=CARTESIAN_POINT('',(-2.43269999999997,3.46944695195361E-15,-0.42000000000003));
#3648=CARTESIAN_POINT('',(-2.43269999999997,3.46944695195361E-15,-3.15408908301174E-14));
#3649=CARTESIAN_POINT('',(-2.43269999999997,3.46944695195361E-15,-0.42000000000003));
#3650=CARTESIAN_POINT('',(-2.43269999999997,3.46944695195361E-15,0.179999999999962));
#3651=CARTESIAN_POINT('',(-2.10128778559793,3.46944695195361E-15,-4.26619981900624E-14));
#3652=CARTESIAN_POINT('',(-2.10128778559793,-0.182999999999997,-4.26619981900624E-14));
#3653=CARTESIAN_POINT('',(-2.16840434497101E-16,3.46944695195361E-15,-6.16297582203916E-30));
#3654=CARTESIAN_POINT('',(-2.09117940838298,3.46944695195361E-15,-4.26628566026691E-14));
#3655=CARTESIAN_POINT('',(-2.09117940838298,3.46944695195361E-15,-0.172669240889924));
#3656=CARTESIAN_POINT('',(-2.09623359699042,3.46944695195361E-15,-4.26624273963657E-14));
#3657=CARTESIAN_POINT('',(-2.0890847387225,3.46944695195361E-15,-4.26630344839259E-14));
#3658=CARTESIAN_POINT('',(-2.0890847387225,3.46944695195361E-15,-0.174718820290826));
#3659=CARTESIAN_POINT('',(-2.09013207355274,3.46944695195361E-15,-4.26629455432975E-14));
#3660=CARTESIAN_POINT('',(-2.0945543357789,3.46944695195361E-15,-4.26625700007584E-14));
#3661=CARTESIAN_POINT('',(-2.0945543357789,-0.182999999999997,-4.26625700007584E-14));
#3662=CARTESIAN_POINT('',(-2.09181953725069,3.46944695195361E-15,-4.26628022423422E-14));
#3663=CARTESIAN_POINT('',(-2.02455433577897,3.46944695195361E-15,-4.26685144645618E-14));
#3664=CARTESIAN_POINT('',(-2.02455433577897,-0.182999999999997,-4.26685144645618E-14));
#3665=CARTESIAN_POINT('',(-2.16840434497101E-16,3.46944695195361E-15,-6.16297582203916E-30));
#3666=CARTESIAN_POINT('',(-2.01447161524951,3.46944695195361E-15,-4.26693706983793E-14));
#3667=CARTESIAN_POINT('',(-2.01447161524951,3.46944695195361E-15,-0.172664126516096));
#3668=CARTESIAN_POINT('',(-2.01951297551423,3.46944695195361E-15,-4.26689425814705E-14));
#3669=CARTESIAN_POINT('',(-2.01237547657804,3.46944695195361E-15,-4.26695487043859E-14));
#3670=CARTESIAN_POINT('',(-2.01237547657804,3.46944695195361E-15,-0.17471301267088));
#3671=CARTESIAN_POINT('',(-2.01342354591378,3.46944695195361E-15,-4.26694597013826E-14));
#3672=CARTESIAN_POINT('',(-2.01510316984404,3.46944695195361E-15,-4.26693170661875E-14));
#3673=CARTESIAN_POINT('',(-2.10128778559794,3.46944695195361E-15,-0.42000000000003));
#3674=CARTESIAN_POINT('',(-2.10128778559794,0.183000000000003,-0.42000000000003));
#3675=CARTESIAN_POINT('',(-2.43269999999997,3.46944695195361E-15,-0.42000000000003));
#3676=CARTESIAN_POINT('',(-2.09117940838299,3.46944695195361E-15,-0.420000000000038));
#3677=CARTESIAN_POINT('',(-2.09117940838299,3.46944695195361E-15,-0.592669240889916));
#3678=CARTESIAN_POINT('',(-2.09623359699042,3.46944695195361E-15,-0.420000000000038));
#3679=CARTESIAN_POINT('',(-2.0890847387225,3.46944695195361E-15,-0.420000000000038));
#3680=CARTESIAN_POINT('',(-2.0890847387225,3.46944695195361E-15,-0.594718820290819));
#3681=CARTESIAN_POINT('',(-2.09013207355275,3.46944695195361E-15,-0.420000000000038));
#3682=CARTESIAN_POINT('',(-2.0945543357789,3.46944695195361E-15,-0.42000000000003));
#3683=CARTESIAN_POINT('',(-2.0945543357789,0.183000000000003,-0.42000000000003));
#3684=CARTESIAN_POINT('',(-2.09181953725069,3.46944695195361E-15,-0.420000000000038));
#3685=CARTESIAN_POINT('',(-2.02455433577898,3.46944695195361E-15,-0.42000000000003));
#3686=CARTESIAN_POINT('',(-2.02455433577898,0.183000000000003,-0.42000000000003));
#3687=CARTESIAN_POINT('',(-2.43269999999997,3.46944695195361E-15,-0.42000000000003));
#3688=CARTESIAN_POINT('',(-2.01447161524952,3.46944695195361E-15,-0.420000000000038));
#3689=CARTESIAN_POINT('',(-2.01447161524952,3.46944695195361E-15,-0.59266412651609));
#3690=CARTESIAN_POINT('',(-2.01951297551423,3.46944695195361E-15,-0.420000000000038));
#3691=CARTESIAN_POINT('',(-2.01237547657804,3.46944695195361E-15,-0.420000000000038));
#3692=CARTESIAN_POINT('',(-2.01237547657804,3.46944695195361E-15,-0.594713012670874));
#3693=CARTESIAN_POINT('',(-2.01342354591378,3.46944695195361E-15,-0.420000000000038));
#3694=CARTESIAN_POINT('',(-2.01510316984404,3.46944695195361E-15,-0.420000000000038));
#3695=CARTESIAN_POINT('',(-1.96999999999997,2.88889491658085E-31,-0.42000000000003));
#3696=CARTESIAN_POINT('',(-0.85,-5.95804995933478E-18,2.24648066073603E-17));
#3697=CARTESIAN_POINT('',(-0.85,-5.95804995933478E-18,-0.052));
#3698=CARTESIAN_POINT('',(-0.85,0.,0.));
#3699=CARTESIAN_POINT('',(-0.85,0.,-0.05));
#3700=CARTESIAN_POINT('',(-0.85,3.46944695195361E-15,-2.10032939338244E-14));
#3701=CARTESIAN_POINT('',(-1.02999999999999,0.,0.));
#3702=CARTESIAN_POINT('',(-1.02999999999999,-0.05,-9.18485099360515E-18));
#3703=CARTESIAN_POINT('',(-1.02999999999999,0.,0.));
#3704=CARTESIAN_POINT('',(-1.02999999999999,0.,-0.06));
#3705=CARTESIAN_POINT('',(-1.02999999999999,3.46944695195361E-15,-2.15330382111537E-14));
#3706=CARTESIAN_POINT('',(0.751999999999947,0.,0.));
#3707=CARTESIAN_POINT('',(-0.858,0.,0.));
#3708=CARTESIAN_POINT('',(-0.858,0.,-0.06));
#3709=CARTESIAN_POINT('',(-0.85,0.,0.));
#3710=CARTESIAN_POINT('',(-0.858,0.,0.));
#3711=CARTESIAN_POINT('',(-0.914099999999997,-0.270000000000003,-0.250000000000007));
#3712=CARTESIAN_POINT('',(-0.550045157310302,-0.270000000000003,-0.250000000000008));
#3713=CARTESIAN_POINT('',(-0.914099999999997,-0.270000000000003,-0.250000000000007));
#3714=CARTESIAN_POINT('',(-0.550045157310302,-0.270000000000003,-1.11076448328627));
#3715=CARTESIAN_POINT('',(-0.550045157310302,-0.270000000000003,0.170832508249978));
#3716=CARTESIAN_POINT('',(0.33000000000003,-0.270000000000003,0.170832508249978));
#3717=CARTESIAN_POINT('',(-1.4,-0.270000000000003,0.170832508249979));
#3718=CARTESIAN_POINT('',(-1.4,-0.270000000000003,-1.11076448328627));
#3719=CARTESIAN_POINT('',(-1.39999999999999,-0.270000000000003,-0.645000000000045));
#3720=CARTESIAN_POINT('',(-1.66999999999997,-0.270000000000003,-0.645000000000045));
#3721=CARTESIAN_POINT('',(-0.914099999999997,-0.270000000000003,-0.645000000000044));
#3722=CARTESIAN_POINT('',(-0.914099999999997,-0.270000000000003,-0.645000000000044));
#3723=CARTESIAN_POINT('',(-1.03,-0.270000000000003,-1.11076448328627));
#3724=CARTESIAN_POINT('',(-0.914099999999996,0.5898390066582,-0.645000000000045));
#3725=CARTESIAN_POINT('',(-0.914099999999996,0.270000000000003,-0.645000000000045));
#3726=CARTESIAN_POINT('',(-1.39999999999999,1.1,-0.645000000000045));
#3727=CARTESIAN_POINT('',(-1.4,0.270000000000003,-0.645000000000045));
#3728=CARTESIAN_POINT('',(-1.73134999999998,0.270000000000003,-0.645000000000045));
#3729=CARTESIAN_POINT('',(-2.43269999999997,1.1,-0.645000000000045));
#3730=CARTESIAN_POINT('',(-0.550045157310303,0.,0.));
#3731=CARTESIAN_POINT('',(-0.550045157310303,0.,-0.05));
#3732=CARTESIAN_POINT('',(-0.550045157310302,-2.67300000000004,-0.250000000000008));
#3733=CARTESIAN_POINT('',(-0.550045157310302,1.00613961606655E-13,-0.250000000000008));
#3734=CARTESIAN_POINT('',(-0.550045157310302,3.29908764643038E-15,-2.27809532691353E-14));
#3735=CARTESIAN_POINT('',(-0.550045157310302,0.244536904761998,-0.0519779011645023));
#3736=CARTESIAN_POINT('',(-0.550045157310302,0.420000000000106,-1.35114975095026E-15));
#3737=CARTESIAN_POINT('',(-0.550045157310302,0.3074538370627,0.144299553734797));
#3738=CARTESIAN_POINT('',(-0.550045157310302,1.00613961606655E-13,-0.250000000000029));
#3739=CARTESIAN_POINT('',(-0.550045157310302,0.0999999999999996,0.239897948556607));
#3740=CARTESIAN_POINT('',(-0.550045157310302,0.0999999999999992,0.249999999999957));
#3741=CARTESIAN_POINT('',(-0.550045157310302,0.0999999999999989,0.224999999999926));
#3742=CARTESIAN_POINT('',(-0.550045157310302,3.46944695195361E-15,0.224999999999902));
#3743=CARTESIAN_POINT('',(-0.550045157310302,-0.0999999999999994,0.224999999999909));
#3744=CARTESIAN_POINT('',(-0.550045157310302,-0.0999999999999994,0.249999999999978));
#3745=CARTESIAN_POINT('',(-0.550045157310302,-0.0999999999999994,0.239897948556603));
#3746=CARTESIAN_POINT('',(-0.550045157310302,1.00613961606655E-13,-0.250000000000029));
#3747=CARTESIAN_POINT('',(-0.550045157310302,0.,0.));
#3748=CARTESIAN_POINT('',(-0.27999999999999,0.244536904761998,-0.0519779011645022));
#3749=CARTESIAN_POINT('',(-0.914099999999996,0.244536904761998,-0.051977901164499));
#3750=CARTESIAN_POINT('',(-0.75000000000002,1.00613961606655E-13,-0.250000000000008));
#3751=CARTESIAN_POINT('',(-0.914099999999997,9.56699997001209E-16,-0.250000000000007));
#3752=CARTESIAN_POINT('',(-0.914099999999996,3.46944695195361E-15,-2.12458428932156E-14));
#3753=CARTESIAN_POINT('',(0.47000000000002,3.46944695195361E-15,-1.86923299365777E-14));
#3754=CARTESIAN_POINT('',(-0.75000000000002,0.0999999999999994,0.239897948556607));
#3755=CARTESIAN_POINT('',(-1.39999999999999,0.100000000000004,0.239897948556627));
#3756=CARTESIAN_POINT('',(-2.41999999999997,0.3074538370627,0.144299553734797));
#3757=CARTESIAN_POINT('',(-1.39999999999999,0.307453837062686,0.144299553734814));
#3758=CARTESIAN_POINT('',(-1.39999999999999,1.00613961606655E-13,-0.250000000000028));
#3759=CARTESIAN_POINT('',(0.33000000000003,1.00613961606655E-13,-0.250000000000029));
#3760=CARTESIAN_POINT('',(-0.914099999999994,0.420000000000101,-1.7059176598128E-15));
#3761=CARTESIAN_POINT('',(-0.914099999999995,0.471226649009442,-0.175683893488488));
#3762=CARTESIAN_POINT('',(-1.39999999999999,0.471574719667396,-0.176412934190657));
#3763=CARTESIAN_POINT('',(-1.23803333333333,0.471574719667396,-0.176412934190657));
#3764=CARTESIAN_POINT('',(-1.07606666666666,0.471574719667395,-0.176412934190657));
#3765=CARTESIAN_POINT('',(-0.914099999999995,0.471574719667395,-0.176412934190656));
#3766=CARTESIAN_POINT('',(-1.39999999999999,0.471400684338405,-0.176048413839583));
#3767=CARTESIAN_POINT('',(-1.39999999999999,0.420000000000108,-1.86800274496822E-15));
#3768=CARTESIAN_POINT('',(0.20449494936622,0.420000000000101,-4.0583122875101E-17));
#3769=CARTESIAN_POINT('',(0.33000000000003,-0.0999999999999994,0.239897948556603));
#3770=CARTESIAN_POINT('',(-1.39999999999999,-0.0999999999999969,0.239897948556587));
#3771=CARTESIAN_POINT('',(-1.39999999999999,1.00613961606655E-13,-0.250000000000028));
#3772=CARTESIAN_POINT('',(0.33000000000003,1.00613961606655E-13,-0.250000000000029));
#3773=CARTESIAN_POINT('',(0.83550000000002,-0.0999999999999994,0.224999999999923));
#3774=CARTESIAN_POINT('',(-1.39999999999999,-0.0999999999999994,0.224999999999903));
#3775=CARTESIAN_POINT('',(-1.39999999999999,-0.0999999999999994,0.249999999999978));
#3776=CARTESIAN_POINT('',(0.83550000000002,-0.0999999999999994,0.249999999999978));
#3777=CARTESIAN_POINT('',(-1.39999999999999,0.0999999999999994,0.249999999999957));
#3778=CARTESIAN_POINT('',(-1.39999999999999,0.100000000000003,0.224999999999902));
#3779=CARTESIAN_POINT('',(-1.74,0.0999999999999994,0.224999999999926));
#3780=CARTESIAN_POINT('',(-1.12999999999997,0.0999999999999994,0.249999999999957));
#3781=CARTESIAN_POINT('',(-1.39999999999999,3.46944695195361E-15,0.224999999999902));
#3782=CARTESIAN_POINT('',(-0.14724999999997,3.46944695195361E-15,0.224999999999902));
#3783=CARTESIAN_POINT('',(-1.02999999999999,-0.14,5.28846657433288E-18));
#3784=CARTESIAN_POINT('',(-1.02999999999999,-0.14,0.));
#3785=CARTESIAN_POINT('',(-1.02999999999999,-0.14,-0.560000000000022));
#3786=CARTESIAN_POINT('',(-1.02999999999999,-0.14,-0.560000000000022));
#3787=CARTESIAN_POINT('',(-1.39999999999999,-0.14,-0.560000000000022));
#3788=CARTESIAN_POINT('',(-1.39999999999999,-0.14,5.28846657433288E-18));
#3789=CARTESIAN_POINT('',(-1.39999999999999,-0.14,0.));
#3790=CARTESIAN_POINT('',(-1.02999999999999,-0.14,0.));
#3791=CARTESIAN_POINT('',(-1.02999999999999,-0.14,5.28846657433288E-18));
#3792=CARTESIAN_POINT('',(-1.02999999999999,-0.14,0.14));
#3793=CARTESIAN_POINT('',(-1.02999999999999,-0.14,0.14));
#3794=CARTESIAN_POINT('',(-1.39999999999999,-0.14,0.14));
#3795=CARTESIAN_POINT('',(-1.39999999999999,-0.14,0.14));
#3796=CARTESIAN_POINT('',(-1.02999999999999,-0.14,0.14));
#3797=CARTESIAN_POINT('',(-1.02999999999999,-0.14,0.14));
#3798=CARTESIAN_POINT('',(-1.02999999999999,0.,0.14));
#3799=CARTESIAN_POINT('',(-1.02999999999999,0.,0.14));
#3800=CARTESIAN_POINT('',(-1.39999999999999,0.,0.14));
#3801=CARTESIAN_POINT('',(-1.39999999999999,0.,0.14));
#3802=CARTESIAN_POINT('',(-1.02999999999999,0.,0.14));
#3803=CARTESIAN_POINT('',(-1.02999999999999,0.,0.14));
#3804=CARTESIAN_POINT('',(-1.02999999999999,0.139999999999999,0.14));
#3805=CARTESIAN_POINT('',(-1.02999999999999,0.139999999999999,0.14));
#3806=CARTESIAN_POINT('',(-1.39999999999999,0.139999999999999,0.14));
#3807=CARTESIAN_POINT('',(-1.39999999999999,0.139999999999999,0.14));
#3808=CARTESIAN_POINT('',(-1.02999999999999,0.139999999999999,0.14));
#3809=CARTESIAN_POINT('',(-1.02999999999999,0.139999999999999,0.14));
#3810=CARTESIAN_POINT('',(-1.02999999999999,0.14,-0.560000000000021));
#3811=CARTESIAN_POINT('',(-1.02999999999999,0.14,-0.560000000000021));
#3812=CARTESIAN_POINT('',(-1.39999999999999,0.14,-0.560000000000021));
#3813=CARTESIAN_POINT('',(-1.39999999999999,0.14,-0.560000000000021));
#3814=CARTESIAN_POINT('',(-1.02999999999999,0.14,-0.560000000000021));
#3815=CARTESIAN_POINT('',(-1.02999999999999,0.14,-0.560000000000021));
#3816=CARTESIAN_POINT('',(-1.02999999999999,0.,-0.560000000000022));
#3817=CARTESIAN_POINT('',(-1.02999999999999,0.,-0.560000000000022));
#3818=CARTESIAN_POINT('',(-1.39999999999999,0.,-0.560000000000022));
#3819=CARTESIAN_POINT('',(-1.39999999999999,0.,-0.560000000000022));
#3820=CARTESIAN_POINT('',(-1.02999999999999,0.,-0.560000000000022));
#3821=CARTESIAN_POINT('',(-1.02999999999999,0.,-0.560000000000022));
#3822=CARTESIAN_POINT('',(-1.02999999999999,-0.14,-0.560000000000022));
#3823=CARTESIAN_POINT('',(-1.39999999999999,-0.14,-0.560000000000022));
#3824=CARTESIAN_POINT('',(-1.02999999999999,-0.14,-0.560000000000022));
#3825=CARTESIAN_POINT('',(-1.39999999999999,0.478403691724478,-0.190716347791737));
#3826=CARTESIAN_POINT('',(-1.39999999999999,0.495432131158729,-0.192458820697634));
#3827=CARTESIAN_POINT('',(-1.39999999999999,1.00613961606655E-13,-0.250000000000028));
#3828=CARTESIAN_POINT('',(-1.39999999999999,0.499912520121864,-0.259352658738921));
#3829=CARTESIAN_POINT('',(-1.39999999999999,0.484246936756479,-0.26176346728009));
#3830=CARTESIAN_POINT('',(-1.39999999999999,0.485081474711165,-0.278232311418036));
#3831=CARTESIAN_POINT('',(-1.39999999999999,0.420000000000101,-0.0375000000000156));
#3832=CARTESIAN_POINT('',(-1.39999999999999,0.420000000000101,-0.287500000000016));
#3833=CARTESIAN_POINT('',(-1.39999999999999,0.420000000000101,-0.287500000000016));
#3834=CARTESIAN_POINT('',(-1.4,0.270000000000003,-0.287500000000016));
#3835=CARTESIAN_POINT('',(-1.4,0.270000000000003,-2.00902896657251));
#3836=CARTESIAN_POINT('',(-1.39999999999999,3.46944695195361E-15,-2.15330382111537E-14));
#3837=CARTESIAN_POINT('',(-0.914099999999997,-2.67300000000004,-0.250000000000007));
#3838=CARTESIAN_POINT('',(-0.914099999999996,0.270000000000003,-1.20097332891838));
#3839=CARTESIAN_POINT('',(-0.914099999999996,0.270000000000003,-0.287500000000016));
#3840=CARTESIAN_POINT('',(-0.914099999999996,0.2498390066582,-0.287500000000016));
#3841=CARTESIAN_POINT('',(-0.914099999999996,0.420000000000101,-0.287500000000016));
#3842=CARTESIAN_POINT('',(-0.914099999999995,0.420000000000101,-0.0375000000000156));
#3843=CARTESIAN_POINT('',(-0.914099999999996,0.485113863090001,-0.278871466485813));
#3844=CARTESIAN_POINT('',(-0.914099999999996,0.484246936756479,-0.26176346728009));
#3845=CARTESIAN_POINT('',(-0.914099999999996,0.499912520121885,-0.259352658738918));
#3846=CARTESIAN_POINT('',(-0.914099999999996,1.00613961606655E-13,-0.250000000000029));
#3847=CARTESIAN_POINT('',(-0.914099999999996,0.496692906130004,-0.192587832298282));
#3848=CARTESIAN_POINT('',(-0.914099999999996,0.478403691724479,-0.190716347791737));
#3849=CARTESIAN_POINT('',(-0.914099999999996,0.0796780133164032,-0.392917691264245));
#3850=CARTESIAN_POINT('',(-0.914099999999995,0.485049086332321,-0.277593156350251));
#3851=CARTESIAN_POINT('',(-1.07606666666666,0.485049086332321,-0.277593156350251));
#3852=CARTESIAN_POINT('',(-1.23803333333333,0.485049086332321,-0.277593156350251));
#3853=CARTESIAN_POINT('',(-1.39999999999999,0.485049086332321,-0.277593156350251));
#3854=CARTESIAN_POINT('',(-1.66249999999997,0.420000000000101,-0.287500000000016));
#3855=CARTESIAN_POINT('',(-1.66249999999997,0.420000000000101,-0.0375000000000156));
#3856=CARTESIAN_POINT('',(-1.66999999999997,0.499912520121885,-0.259352658738918));
#3857=CARTESIAN_POINT('',(-1.29204999999998,0.484246936756479,-0.26176346728009));
#3858=CARTESIAN_POINT('',(-0.914099999999996,0.494171356187437,-0.19232980909699));
#3859=CARTESIAN_POINT('',(-1.07606666666666,0.494171356187437,-0.192329809096991));
#3860=CARTESIAN_POINT('',(-1.23803333333333,0.494171356187437,-0.192329809096991));
#3861=CARTESIAN_POINT('',(-1.39999999999999,0.494171356187437,-0.192329809096991));
#3862=CARTESIAN_POINT('',(0.33000000000003,1.00613961606655E-13,-0.250000000000029));
#3863=CARTESIAN_POINT('',(-1.29204999999998,0.478403691724479,-0.190716347791738));
#3864=CARTESIAN_POINT('',(-2.08249999999997,0.270000000000003,-0.287500000000016));
#3865=CARTESIAN_POINT('',(-1.02999999999999,0.270000000000003,-2.00902896657251));
#3866=CARTESIAN_POINT('',(-2.19499999999997,0.420000000000101,-0.287500000000016));
#3867=CARTESIAN_POINT('',(-1.02999999999999,0.,0.));
#3868=CARTESIAN_POINT('',(-1.02999999999999,0.,-0.125));
#3869=CARTESIAN_POINT('',(-1.02999999999999,3.46944695195361E-15,-2.15330382111537E-14));
#3870=CARTESIAN_POINT('',(-0.725,0.,0.));
#3871=CARTESIAN_POINT('',(-0.725,0.,-0.05));
#3872=CARTESIAN_POINT('',(-9.09856500000009,0.,0.));
#3873=CARTESIAN_POINT('',(-0.85,0.,0.));
#3874=CARTESIAN_POINT('',(-0.85,0.,-0.125));
#3875=CARTESIAN_POINT('',(-0.85,0.,0.));
#3876=CARTESIAN_POINT('',(-0.725,0.,0.));
#3877=CARTESIAN_POINT('',(-0.914099999999997,-2.67300000000004,-0.250000000000007));
#3878=CARTESIAN_POINT('',(0.,0.37,0.));
#3879=CARTESIAN_POINT('',(0.,0.37,-0.075));
#3880=CARTESIAN_POINT('',(0.,0.37,0.42));
#3881=CARTESIAN_POINT('',(0.,0.37,0.295));
#3882=CARTESIAN_POINT('',(-0.14,0.37,0.56));
#3883=CARTESIAN_POINT('',(-0.14,0.37,-0.14));
#3884=CARTESIAN_POINT('',(-0.14,0.37,0.56));
#3885=CARTESIAN_POINT('',(0.14,0.37,0.56));
#3886=CARTESIAN_POINT('',(0.14,0.37,0.56));
#3887=CARTESIAN_POINT('',(0.14,0.37,-0.14));
#3888=CARTESIAN_POINT('',(0.14,0.37,-0.14));
#3889=CARTESIAN_POINT('',(-0.14,0.37,-0.14));
#3890=CARTESIAN_POINT('',(0.,0.37,0.42));
#3891=CARTESIAN_POINT('',(-0.14,3.663,-0.14));
#3892=CARTESIAN_POINT('',(-0.14,0.,-0.14));
#3893=CARTESIAN_POINT('',(-0.14,0.,0.56));
#3894=CARTESIAN_POINT('',(-0.14,0.,0.56));
#3895=CARTESIAN_POINT('',(-0.14,3.663,0.56));
#3896=CARTESIAN_POINT('',(-0.14,3.663,0.56));
#3897=CARTESIAN_POINT('',(0.14,3.663,-0.14));
#3898=CARTESIAN_POINT('',(0.14,0.,-0.14));
#3899=CARTESIAN_POINT('',(-0.14,0.,-0.14));
#3900=CARTESIAN_POINT('',(-0.14,3.663,-0.14));
#3901=CARTESIAN_POINT('',(0.14,3.663,0.56));
#3902=CARTESIAN_POINT('',(0.14,0.,0.56));
#3903=CARTESIAN_POINT('',(0.14,0.,-0.14));
#3904=CARTESIAN_POINT('',(0.14,3.663,-0.14));
#3905=CARTESIAN_POINT('',(0.14,0.,0.56));
#3906=CARTESIAN_POINT('',(0.14,3.663,0.56));
#3907=CARTESIAN_POINT('',(0.,0.,0.));
#3908=CARTESIAN_POINT('',(-0.125,0.,0.));
#3909=CARTESIAN_POINT('',(0.125,0.,4.44089209850063E-19));
#3910=CARTESIAN_POINT('',(0.,0.,0.));
#3911=CARTESIAN_POINT('',(0.,0.,0.));
#3912=CARTESIAN_POINT('',(0.075,0.335,-1.20802838631833E-18));
#3913=CARTESIAN_POINT('',(0.075,0.335,0.0926241465073997));
#3914=CARTESIAN_POINT('',(0.075,0.335,0.295903263540091));
#3915=CARTESIAN_POINT('',(0.075,0.335,0.0926241465073997));
#3916=CARTESIAN_POINT('',(0.0803812080574719,0.335,0.0891383115969261));
#3917=CARTESIAN_POINT('',(0.0855058499870731,0.334121610362348,0.0851700636493089));
#3918=CARTESIAN_POINT('',(0.0901077783185388,0.332662931448641,0.0809507086465108));
#3919=CARTESIAN_POINT('',(0.0970629949940456,0.330458327818582,0.0745737018438002));
#3920=CARTESIAN_POINT('',(0.103017335721183,0.326887377198012,0.0674590916885204));
#3921=CARTESIAN_POINT('',(0.107766050149629,0.32276752517166,0.0600849434333817));
#3922=CARTESIAN_POINT('',(0.115692273401299,0.315890955224836,0.0477765289684038));
#3923=CARTESIAN_POINT('',(0.120589033713721,0.306760723776051,0.0344817195699334));
#3924=CARTESIAN_POINT('',(0.122733325756935,0.299883870873612,0.02));
#3925=CARTESIAN_POINT('',(0.123407127484274,0.297722954696645,0.0154494035959565));
#3926=CARTESIAN_POINT('',(0.12382692158773,0.295803882671701,0.0106392373695408));
#3927=CARTESIAN_POINT('',(0.12400370970909,0.294931587725674,0.00563530465502316));
#3928=CARTESIAN_POINT('',(0.124069314166322,0.294607887037866,0.00377839092554282));
#3929=CARTESIAN_POINT('',(0.124102123024651,0.294433001350155,0.00188605797334777));
#3930=CARTESIAN_POINT('',(0.124102123024651,0.294433001350155,4.4089931003786E-19));
#3931=CARTESIAN_POINT('',(0.124102123024651,0.294433001350155,4.4089931003786E-19));
#3932=CARTESIAN_POINT('',(0.075,0.285,2.66453525910038E-19));
#3933=CARTESIAN_POINT('',(0.125,0.285,4.44089209850063E-19));
#3934=CARTESIAN_POINT('',(0.125,0.285,0.346515307716505));
#3935=CARTESIAN_POINT('',(0.125,0.285,0.295903263540091));
#3936=CARTESIAN_POINT('',(0.075,0.285,0.295903263540091));
#3937=CARTESIAN_POINT('',(0.075,0.285,-1.20802838631833E-18));
#3938=CARTESIAN_POINT('',(-0.075,0.285,0.));
#3939=CARTESIAN_POINT('',(-0.124102123024651,0.294433001350155,0.));
#3940=CARTESIAN_POINT('',(-0.125,0.285,0.));
#3941=CARTESIAN_POINT('',(-0.124102123024651,0.294433001350155,0.));
#3942=CARTESIAN_POINT('',(-0.124102123024651,0.294433001350155,0.00386286874040338));
#3943=CARTESIAN_POINT('',(-0.12396336211593,0.295202048856103,0.00774969071066533));
#3944=CARTESIAN_POINT('',(-0.123685011107315,0.296391650164949,0.0114142676777354));
#3945=CARTESIAN_POINT('',(-0.123047697160174,0.299115367637496,0.019804702557456));
#3946=CARTESIAN_POINT('',(-0.121649988738373,0.303639243995652,0.0275211809364383));
#3947=CARTESIAN_POINT('',(-0.119417301225597,0.307958731498814,0.0349090992893059));
#3948=CARTESIAN_POINT('',(-0.117534694206306,0.311600932857788,0.0411386082866366));
#3949=CARTESIAN_POINT('',(-0.115041888417041,0.31530060975181,0.0471888794447328));
#3950=CARTESIAN_POINT('',(-0.111916067563195,0.318722454769332,0.0530315537418293));
#3951=CARTESIAN_POINT('',(-0.10711783932286,0.323975088930026,0.0620002330495114));
#3952=CARTESIAN_POINT('',(-0.100674575305088,0.32872738658648,0.0706815489878453));
#3953=CARTESIAN_POINT('',(-0.0927846118067878,0.331730157103116,0.0784134448495594));
#3954=CARTESIAN_POINT('',(-0.0875009740955285,0.333741009440186,0.0835912300906802));
#3955=CARTESIAN_POINT('',(-0.0814341535132203,0.335,0.0884562353810891));
#3956=CARTESIAN_POINT('',(-0.075,0.335,0.0926241465073998));
#3957=CARTESIAN_POINT('',(-0.075,0.335,0.0926241465073998));
#3958=CARTESIAN_POINT('',(-0.075,0.335,0.346515307716505));
#3959=CARTESIAN_POINT('',(-0.075,0.335,0.295903263540091));
#3960=CARTESIAN_POINT('',(-0.075,0.285,0.295903263540091));
#3961=CARTESIAN_POINT('',(-0.125,0.285,0.295903263540091));
#3962=CARTESIAN_POINT('',(-0.125,0.285,0.));
#3963=CARTESIAN_POINT('',(-0.075,0.285,0.42));
#3964=CARTESIAN_POINT('',(0.,0.294433001350155,0.));
#3965=CARTESIAN_POINT('',(0.,0.285,0.));
#3966=CARTESIAN_POINT('',(0.,0.285,0.));
#3967=CARTESIAN_POINT('',(0.235,0.1,0.333125322267253));
#3968=CARTESIAN_POINT('',(-0.075,0.1,0.333125322267253));
#3969=CARTESIAN_POINT('',(0.075,0.1,0.333125322267253));
#3970=CARTESIAN_POINT('',(0.075,0.1,0.333125322267253));
#3971=CARTESIAN_POINT('',(0.075,0.1,0.212132034355964));
#3972=CARTESIAN_POINT('',(0.,0.1,0.));
#3973=CARTESIAN_POINT('',(-0.075,0.1,0.212132034355964));
#3974=CARTESIAN_POINT('',(-0.075,0.1,0.187082869338697));
#3975=CARTESIAN_POINT('',(0.,0.1,0.42));
#3976=CARTESIAN_POINT('',(-0.125,0.1,0.));
#3977=CARTESIAN_POINT('',(0.125,0.1,4.44089209850063E-19));
#3978=CARTESIAN_POINT('',(0.,0.335,0.));
#3979=CARTESIAN_POINT('',(0.,0.335,0.));
#3980=CARTESIAN_POINT('',(0.,0.335,0.42));
#3981=CARTESIAN_POINT('',(0.,0.335,0.));
#3982=CARTESIAN_POINT('',(-0.125,0.1,0.42));
#3983=CARTESIAN_POINT('',(-0.125,0.355,0.42));
#3984=CARTESIAN_POINT('',(-0.125,0.177749814347947,0.42));
#3985=CARTESIAN_POINT('',(0.,0.355,0.42));
#3986=CARTESIAN_POINT('',(0.125,0.355,0.42));
#3987=CARTESIAN_POINT('',(0.125,0.1,0.42));
#3988=CARTESIAN_POINT('',(0.125,0.177749814347947,0.42));
#3989=CARTESIAN_POINT('',(0.125,0.177749814347947,0.42));
#3990=CARTESIAN_POINT('',(0.125,0.184260749743276,0.43432185302196));
#3991=CARTESIAN_POINT('',(0.122508007730603,0.192399809186099,0.448062462888009));
#3992=CARTESIAN_POINT('',(0.11828243482151,0.201163026189137,0.460426051163764));
#3993=CARTESIAN_POINT('',(0.115292708958105,0.207363278103907,0.469173679101497));
#3994=CARTESIAN_POINT('',(0.11140715670833,0.214034682278361,0.477340256376903));
#3995=CARTESIAN_POINT('',(0.106939236538392,0.221066254782329,0.484722482095372));
#3996=CARTESIAN_POINT('',(0.0989335079139596,0.233665598353542,0.497950134671626));
#3997=CARTESIAN_POINT('',(0.0891080757724191,0.247709504779906,0.508895089134552));
#3998=CARTESIAN_POINT('',(0.0775381300461459,0.261134105399982,0.51804508345117));
#3999=CARTESIAN_POINT('',(0.0656027722438789,0.274982693417927,0.527484060836307));
#4000=CARTESIAN_POINT('',(0.0518212287652414,0.28925448895047,0.535066254297815));
#4001=CARTESIAN_POINT('',(0.035182019582301,0.300329136627357,0.539946761098875));
#4002=CARTESIAN_POINT('',(0.0299275793924011,0.303826362559349,0.541487960010471));
#4003=CARTESIAN_POINT('',(0.0242833667960987,0.306990528641122,0.542769402575247));
#4004=CARTESIAN_POINT('',(0.0182652334280707,0.309272394845957,0.543658324619971));
#4005=CARTESIAN_POINT('',(0.0147069187576744,0.310621583621947,0.544183913562447));
#4006=CARTESIAN_POINT('',(0.0109798520396043,0.311663599689393,0.544574708371263));
#4007=CARTESIAN_POINT('',(0.0071894125862441,0.312249296527793,0.544793078120001));
#4008=CARTESIAN_POINT('',(0.00381995680792681,0.312769943175964,0.544987194718024));
#4009=CARTESIAN_POINT('',(0.000362725205445263,0.312930533922821,0.545045912361811));
#4010=CARTESIAN_POINT('',(-0.00304386877631614,0.31270643917612,0.544962933955924));
#4011=CARTESIAN_POINT('',(-0.0063545867716077,0.312488651404955,0.544882290913911));
#4012=CARTESIAN_POINT('',(-0.0096537199085377,0.311908594986505,0.5446678343596));
#4013=CARTESIAN_POINT('',(-0.0128404005919825,0.311041671418459,0.544338747430708));
#4014=CARTESIAN_POINT('',(-0.0194892075787576,0.309232890417535,0.543652128440787));
#4015=CARTESIAN_POINT('',(-0.0257717863708782,0.306173885268787,0.542459650980101));
#4016=CARTESIAN_POINT('',(-0.031541320801481,0.302652709644142,0.540955136650322));
#4017=CARTESIAN_POINT('',(-0.0394511872261771,0.297825278733756,0.538892490603966));
#4018=CARTESIAN_POINT('',(-0.0466413163771358,0.292051272697881,0.536206255698511));
#4019=CARTESIAN_POINT('',(-0.0533068924598164,0.286066431187551,0.533063589259662));
#4020=CARTESIAN_POINT('',(-0.0658055405106505,0.27484423122317,0.527170763002318));
#4021=CARTESIAN_POINT('',(-0.0767389277234145,0.262630729813496,0.519539311572681));
#4022=CARTESIAN_POINT('',(-0.0862317049820547,0.250591552103377,0.510493607817834));
#4023=CARTESIAN_POINT('',(-0.0989902802145551,0.234410538858579,0.498335912683664));
#4024=CARTESIAN_POINT('',(-0.109641302480073,0.217995817339373,0.483166958486575));
#4025=CARTESIAN_POINT('',(-0.116688410999461,0.204352645838743,0.464819802971687));
#4026=CARTESIAN_POINT('',(-0.121870368193581,0.194320399206838,0.451328571177762));
#4027=CARTESIAN_POINT('',(-0.125,0.185030758825188,0.43601561224811));
#4028=CARTESIAN_POINT('',(-0.125,0.177749814347947,0.42));
#4029=CARTESIAN_POINT('',(0.,0.1,0.42));
#4030=CARTESIAN_POINT('',(0.125,0.,4.44089209850063E-19));
#4031=CARTESIAN_POINT('',(0.125,2.10818505989066E-5,1.4907120513218E-5));
#4032=CARTESIAN_POINT('',(0.125,4.21637021338951E-5,2.98142397026159E-5));
#4033=CARTESIAN_POINT('',(0.125,6.32455517967365E-5,4.47213615396293E-5));
#4034=CARTESIAN_POINT('',(0.125,0.00385054161497372,0.00272274462560512));
#4035=CARTESIAN_POINT('',(0.125,0.0076378022021379,0.00540084323275242));
#4036=CARTESIAN_POINT('',(0.125,0.011416846098757,0.00809049884276239));
#4037=CARTESIAN_POINT('',(0.125,0.0151957024717752,0.0107800209867638));
#4038=CARTESIAN_POINT('',(0.125,0.0189663970332593,0.0134811462087387));
#4039=CARTESIAN_POINT('',(0.125,0.0227205298423519,0.0162050719974982));
#4040=CARTESIAN_POINT('',(0.125,0.0302231046710482,0.0216487944487889));
#4041=CARTESIAN_POINT('',(0.125,0.0376613394122197,0.0271853472006341));
#4042=CARTESIAN_POINT('',(0.125,0.0449624871997249,0.0328963877513463));
#4043=CARTESIAN_POINT('',(0.125,0.0707056390654129,0.0530329729139818));
#4044=CARTESIAN_POINT('',(0.125,0.0951125865094419,0.0759185446135472));
#4045=CARTESIAN_POINT('',(0.125,0.113752590934136,0.102765186210577));
#4046=CARTESIAN_POINT('',(0.125,0.125075095454572,0.119072651268804));
#4047=CARTESIAN_POINT('',(0.125,0.134418367467045,0.137046967111796));
#4048=CARTESIAN_POINT('',(0.125,0.140693139745645,0.155882034355964));
#4049=CARTESIAN_POINT('',(0.125,0.146699933161176,0.173912705889531));
#4050=CARTESIAN_POINT('',(0.125,0.15,0.193127122278077));
#4051=CARTESIAN_POINT('',(0.125,0.15,0.212132034355964));
#4052=CARTESIAN_POINT('',(0.125,0.15,0.212132034355964));
#4053=CARTESIAN_POINT('',(0.125,0.15,0.187082869338697));
#4054=CARTESIAN_POINT('',(0.125,0.15,0.333110432310255));
#4055=CARTESIAN_POINT('',(0.125,0.15,0.333110432310255));
#4056=CARTESIAN_POINT('',(0.125,0.150009751292535,0.348403254480564));
#4057=CARTESIAN_POINT('',(0.125,0.152253191924152,0.363882887510069));
#4058=CARTESIAN_POINT('',(0.125,0.156812273175453,0.378480328490065));
#4059=CARTESIAN_POINT('',(0.125,0.16143313183523,0.393275570742823));
#4060=CARTESIAN_POINT('',(0.125,0.168389074983233,0.407645725977731));
#4061=CARTESIAN_POINT('',(0.125,0.177749814347947,0.42));
#4062=CARTESIAN_POINT('',(0.125,0.355,0.42));
#4063=CARTESIAN_POINT('',(0.125,0.354987314593892,0.419986869356254));
#4064=CARTESIAN_POINT('',(0.125,0.354974629186864,0.419973738713398));
#4065=CARTESIAN_POINT('',(0.125,0.354961943781677,0.419960608068763));
#4066=CARTESIAN_POINT('',(0.125,0.341102007624207,0.40561420811678));
#4067=CARTESIAN_POINT('',(0.125,0.327170266256871,0.391184730147802));
#4068=CARTESIAN_POINT('',(0.125,0.315263567180302,0.375180120219053));
#4069=CARTESIAN_POINT('',(0.125,0.305225853604301,0.361687741741415));
#4070=CARTESIAN_POINT('',(0.125,0.296517596262819,0.346817146695589));
#4071=CARTESIAN_POINT('',(0.125,0.291081762036978,0.330903263540091));
#4072=CARTESIAN_POINT('',(0.125,0.287254106456722,0.319697464920603));
#4073=CARTESIAN_POINT('',(0.125,0.285,0.307744752886521));
#4074=CARTESIAN_POINT('',(0.125,0.285,0.295903263540091));
#4075=CARTESIAN_POINT('',(0.125,0.1,4.44089209850063E-19));
#4076=CARTESIAN_POINT('',(-0.125,0.177749814347947,0.42));
#4077=CARTESIAN_POINT('',(-0.125,0.168389074983217,0.407645725977743));
#4078=CARTESIAN_POINT('',(-0.125,0.16143313183523,0.393275570742823));
#4079=CARTESIAN_POINT('',(-0.125,0.156812273175453,0.378480328490065));
#4080=CARTESIAN_POINT('',(-0.125,0.152253191924152,0.36388288751007));
#4081=CARTESIAN_POINT('',(-0.125,0.150009751292535,0.348403254480564));
#4082=CARTESIAN_POINT('',(-0.125,0.15,0.333110432310255));
#4083=CARTESIAN_POINT('',(-0.125,0.15,0.333110432310255));
#4084=CARTESIAN_POINT('',(-0.125,0.15,0.333125322267253));
#4085=CARTESIAN_POINT('',(-0.125,0.15,0.212132034355964));
#4086=CARTESIAN_POINT('',(-0.125,0.15,0.212132034355964));
#4087=CARTESIAN_POINT('',(-0.125,0.15,0.193127122278077));
#4088=CARTESIAN_POINT('',(-0.125,0.146699933161176,0.173912705889531));
#4089=CARTESIAN_POINT('',(-0.125,0.140693139745645,0.155882034355964));
#4090=CARTESIAN_POINT('',(-0.125,0.134418367467045,0.137046967111796));
#4091=CARTESIAN_POINT('',(-0.125,0.125075095454572,0.119072651268804));
#4092=CARTESIAN_POINT('',(-0.125,0.113752590934136,0.102765186210577));
#4093=CARTESIAN_POINT('',(-0.125,0.095112586509442,0.0759185446135473));
#4094=CARTESIAN_POINT('',(-0.125,0.070705639065413,0.053032972913982));
#4095=CARTESIAN_POINT('',(-0.125,0.0449624871997251,0.0328963877513465));
#4096=CARTESIAN_POINT('',(-0.125,0.0376613394122199,0.0271853472006343));
#4097=CARTESIAN_POINT('',(-0.125,0.0302231046710484,0.0216487944487894));
#4098=CARTESIAN_POINT('',(-0.125,0.0227205298423521,0.0162050719974989));
#4099=CARTESIAN_POINT('',(-0.125,0.0189663970332595,0.0134811462087393));
#4100=CARTESIAN_POINT('',(-0.125,0.0151957024717754,0.0107800209867643));
#4101=CARTESIAN_POINT('',(-0.125,0.0114168460987571,0.00809049884276292));
#4102=CARTESIAN_POINT('',(-0.125,0.00763780220213783,0.00540084323275298));
#4103=CARTESIAN_POINT('',(-0.125,0.00385054161498668,0.00272274462558702));
#4104=CARTESIAN_POINT('',(-0.125,6.32455517965227E-5,4.47213615399369E-5));
#4105=CARTESIAN_POINT('',(-0.125,4.21637021336076E-5,2.98142397030257E-5));
#4106=CARTESIAN_POINT('',(-0.125,2.10818505988347E-5,1.4907120513321E-5));
#4107=CARTESIAN_POINT('',(-0.125,0.,0.));
#4108=CARTESIAN_POINT('',(-0.125,0.285,0.295903263540091));
#4109=CARTESIAN_POINT('',(-0.125,0.285,0.307744752886521));
#4110=CARTESIAN_POINT('',(-0.125,0.287254106456722,0.319697464920603));
#4111=CARTESIAN_POINT('',(-0.125,0.291081762036978,0.330903263540091));
#4112=CARTESIAN_POINT('',(-0.125,0.296517596262819,0.346817146695589));
#4113=CARTESIAN_POINT('',(-0.125,0.305225853604301,0.361687741741415));
#4114=CARTESIAN_POINT('',(-0.125,0.315263567180302,0.375180120219053));
#4115=CARTESIAN_POINT('',(-0.125,0.327170266256871,0.391184730147801));
#4116=CARTESIAN_POINT('',(-0.125,0.341102007627618,0.40561420811348));
#4117=CARTESIAN_POINT('',(-0.125,0.354961943781665,0.419960608068769));
#4118=CARTESIAN_POINT('',(-0.125,0.354974629186849,0.419973738713408));
#4119=CARTESIAN_POINT('',(-0.125,0.354987314593888,0.419986869356256));
#4120=CARTESIAN_POINT('',(-0.125,0.355,0.42));
#4121=CARTESIAN_POINT('',(-0.125,0.1,0.42));
#4122=CARTESIAN_POINT('',(0.075,0.1,0.212132034355964));
#4123=CARTESIAN_POINT('',(0.0770505524773913,0.1,0.198357418517512));
#4124=CARTESIAN_POINT('',(0.0795631823743347,0.0976684180022108,0.18455249812058));
#4125=CARTESIAN_POINT('',(0.0825170538158833,0.0937954264970964,0.171505682905073));
#4126=CARTESIAN_POINT('',(0.0858769344867407,0.0893900928345024,0.156665584706402));
#4127=CARTESIAN_POINT('',(0.0898795723016053,0.0829816033138245,0.14254795793829));
#4128=CARTESIAN_POINT('',(0.0942137147406439,0.0758350606227571,0.129091865852166));
#4129=CARTESIAN_POINT('',(0.102689402368564,0.0618595477454002,0.102777633032486));
#4130=CARTESIAN_POINT('',(0.112553848564138,0.0454832521024135,0.0781625821106859));
#4131=CARTESIAN_POINT('',(0.118683559525969,0.0299749914664833,0.0520568052516834));
#4132=CARTESIAN_POINT('',(0.120648128548518,0.0250046023847337,0.0436899179961293));
#4133=CARTESIAN_POINT('',(0.122229257941678,0.0200606291429427,0.0352022092545497));
#4134=CARTESIAN_POINT('',(0.123308311693107,0.0151470198949013,0.0266429342516901));
#4135=CARTESIAN_POINT('',(0.123861028605902,0.0126301527502746,0.0222586706790202));
#4136=CARTESIAN_POINT('',(0.124283610066582,0.0101185511284527,0.0178527778932315));
#4137=CARTESIAN_POINT('',(0.124567397417613,0.00761123073250466,0.0134374984620416));
#4138=CARTESIAN_POINT('',(0.124853429765466,0.00508407532170864,0.00898729045402645));
#4139=CARTESIAN_POINT('',(0.124998641472808,0.00255934991533447,0.00452433381981854));
#4140=CARTESIAN_POINT('',(0.124999990475892,3.56353919068282E-5,6.29950663312848E-5));
#4141=CARTESIAN_POINT('',(0.124999996825297,2.37569277429478E-5,4.19967117177628E-5));
#4142=CARTESIAN_POINT('',(0.125,1.18784640717763E-5,2.09983556255791E-5));
#4143=CARTESIAN_POINT('',(0.125,0.,4.44089209850063E-19));
#4144=CARTESIAN_POINT('',(-0.125,0.,0.));
#4145=CARTESIAN_POINT('',(-0.125,1.18784640586963E-5,2.09983556346001E-5));
#4146=CARTESIAN_POINT('',(-0.124999996825297,2.3756927689239E-5,4.19967117513892E-5));
#4147=CARTESIAN_POINT('',(-0.124999990475892,3.56353918675898E-5,6.29950663583477E-5));
#4148=CARTESIAN_POINT('',(-0.124998641472808,0.00255934991822137,0.00452433381818903));
#4149=CARTESIAN_POINT('',(-0.124853429765466,0.00508407532170916,0.00898729045402837));
#4150=CARTESIAN_POINT('',(-0.124567397417613,0.00761123073250473,0.0134374984620425));
#4151=CARTESIAN_POINT('',(-0.124283610066582,0.010118551128453,0.0178527778932323));
#4152=CARTESIAN_POINT('',(-0.123861028605902,0.0126301527502747,0.0222586706790212));
#4153=CARTESIAN_POINT('',(-0.123308311693107,0.0151470198949014,0.0266429342516911));
#4154=CARTESIAN_POINT('',(-0.122229257941677,0.0200606291429428,0.0352022092545504));
#4155=CARTESIAN_POINT('',(-0.120648128548517,0.0250046023847339,0.0436899179961298));
#4156=CARTESIAN_POINT('',(-0.118683559525968,0.0299749914664834,0.0520568052516837));
#4157=CARTESIAN_POINT('',(-0.112553848564138,0.0454832521024136,0.078162582110686));
#4158=CARTESIAN_POINT('',(-0.102689402368564,0.0618595477454003,0.102777633032486));
#4159=CARTESIAN_POINT('',(-0.0942137147406439,0.0758350606227571,0.129091865852166));
#4160=CARTESIAN_POINT('',(-0.0898795723016053,0.0829816033138245,0.14254795793829));
#4161=CARTESIAN_POINT('',(-0.0858769344867407,0.0893900928345023,0.156665584706402));
#4162=CARTESIAN_POINT('',(-0.0825170538158833,0.0937954264970964,0.171505682905073));
#4163=CARTESIAN_POINT('',(-0.0795631823743347,0.0976684180022108,0.18455249812058));
#4164=CARTESIAN_POINT('',(-0.0770505524773913,0.1,0.198357418517512));
#4165=CARTESIAN_POINT('',(-0.075,0.1,0.212132034355964));
#4166=CARTESIAN_POINT('',(0.,5.55111512312578E-17,0.));
#4167=CARTESIAN_POINT('',(0.075,0.335,0.295903263540091));
#4168=CARTESIAN_POINT('',(0.0793278786956941,0.335,0.302429546097483));
#4169=CARTESIAN_POINT('',(0.0838045928678444,0.335774721531298,0.308850113785595));
#4170=CARTESIAN_POINT('',(0.0881276280821478,0.33673764629628,0.315308212612374));
#4171=CARTESIAN_POINT('',(0.0964449053591011,0.338590259534475,0.327733232525828));
#4172=CARTESIAN_POINT('',(0.104232990903853,0.341162174180295,0.340514794672666));
#4173=CARTESIAN_POINT('',(0.110334398421072,0.343646733480086,0.354064340360859));
#4174=CARTESIAN_POINT('',(0.117397048258316,0.346522721075534,0.369748540503098));
#4175=CARTESIAN_POINT('',(0.122283933500237,0.349452344972321,0.386678743822882));
#4176=CARTESIAN_POINT('',(0.124127359310737,0.352307405449063,0.4037842070563));
#4177=CARTESIAN_POINT('',(0.124704799196722,0.353201732623381,0.409142370472996));
#4178=CARTESIAN_POINT('',(0.124997431430125,0.354095588383779,0.414539096882476));
#4179=CARTESIAN_POINT('',(0.124999983091586,0.354988170726391,0.419928573978387));
#4180=CARTESIAN_POINT('',(0.124999994363861,0.354992113817664,0.419952382650245));
#4181=CARTESIAN_POINT('',(0.125,0.35499605690869,0.41997619132548));
#4182=CARTESIAN_POINT('',(0.125,0.355,0.42));
#4183=CARTESIAN_POINT('',(-0.125,0.355,0.42));
#4184=CARTESIAN_POINT('',(-0.125,0.354996056908691,0.419976191325478));
#4185=CARTESIAN_POINT('',(-0.124999994363861,0.354992113817668,0.419952382650242));
#4186=CARTESIAN_POINT('',(-0.124999983091586,0.354988170726394,0.419928573978383));
#4187=CARTESIAN_POINT('',(-0.124997431430125,0.354095588383543,0.414539096882513));
#4188=CARTESIAN_POINT('',(-0.124704799196722,0.353201732623381,0.409142370472995));
#4189=CARTESIAN_POINT('',(-0.124127359310737,0.352307405449063,0.4037842070563));
#4190=CARTESIAN_POINT('',(-0.122283933500237,0.349452344972321,0.386678743822882));
#4191=CARTESIAN_POINT('',(-0.117397048258316,0.346522721075534,0.369748540503098));
#4192=CARTESIAN_POINT('',(-0.110334398421072,0.343646733480086,0.354064340360859));
#4193=CARTESIAN_POINT('',(-0.104232990903853,0.341162174180295,0.340514794672666));
#4194=CARTESIAN_POINT('',(-0.0964449053591011,0.338590259534475,0.327733232525828));
#4195=CARTESIAN_POINT('',(-0.0881276280821478,0.33673764629628,0.315308212612374));
#4196=CARTESIAN_POINT('',(-0.0838045928678444,0.335774721531297,0.308850113785595));
#4197=CARTESIAN_POINT('',(-0.079327878695694,0.335,0.302429546097483));
#4198=CARTESIAN_POINT('',(-0.075,0.335,0.295903263540091));
#4199=CARTESIAN_POINT('',(0.,0.355,0.42));
#4200=CARTESIAN_POINT('',(-0.0749999999999999,0.137897444239005,0.450195837406833));
#4201=CARTESIAN_POINT('',(-0.0749999999999999,0.148006691864139,0.46353799024902));
#4202=CARTESIAN_POINT('',(-0.0731012320341183,0.160151179267518,0.475473403675415));
#4203=CARTESIAN_POINT('',(-0.0700130465996767,0.172955111912125,0.485804538635595));
#4204=CARTESIAN_POINT('',(-0.067116313180129,0.184965264922893,0.49549519502146));
#4205=CARTESIAN_POINT('',(-0.0632270901070293,0.19789910009573,0.503859666000532));
#4206=CARTESIAN_POINT('',(-0.0589150970134741,0.211304441582301,0.510805686172145));
#4207=CARTESIAN_POINT('',(-0.0749999999999999,0.137897444239005,0.450195837406833));
#4208=CARTESIAN_POINT('',(-0.0589150970134741,0.211304441582301,0.510805686172145));
#4209=CARTESIAN_POINT('',(-0.0589150970134741,0.211304441582301,0.510805686172145));
#4210=CARTESIAN_POINT('',(-0.0567058605961727,0.217519633478841,0.514026104455549));
#4211=CARTESIAN_POINT('',(-0.0543110619606902,0.223774978473407,0.517052876725843));
#4212=CARTESIAN_POINT('',(-0.0517390229892329,0.230042491243185,0.519878355267329));
#4213=CARTESIAN_POINT('',(-0.0433599843837562,0.250460428934282,0.529083034527941));
#4214=CARTESIAN_POINT('',(-0.0341224029654854,0.272351942219632,0.536421944197149));
#4215=CARTESIAN_POINT('',(-0.0189247924808886,0.290235967766632,0.541006794641066));
#4216=CARTESIAN_POINT('',(-0.015743266422754,0.293979878255705,0.541966604814827));
#4217=CARTESIAN_POINT('',(-0.0121134802632619,0.297626727175069,0.542828325791263));
#4218=CARTESIAN_POINT('',(-0.00770424035518952,0.299937940942181,0.543354732225693));
#4219=CARTESIAN_POINT('',(-0.00588392724045168,0.300892103750045,0.543572054157874));
#4220=CARTESIAN_POINT('',(-0.00387581116813478,0.301602638689028,0.543729954182704));
#4221=CARTESIAN_POINT('',(-0.00182632126578969,0.301862363230003,0.543787657083903));
#4222=CARTESIAN_POINT('',(-0.00141300712830033,0.301914741055586,0.543799293845231));
#4223=CARTESIAN_POINT('',(-0.000996955845839042,0.301949655815305,0.543807040207968));
#4224=CARTESIAN_POINT('',(-0.000580528723796159,0.301966448601384,0.543810765988202));
#4225=CARTESIAN_POINT('',(0.00106369858729626,0.302032753498539,0.543825476916694));
#4226=CARTESIAN_POINT('',(0.00273962311183803,0.301802522649834,0.54377467568013));
#4227=CARTESIAN_POINT('',(0.00431364755174646,0.301333954552762,0.543669855823594));
#4228=CARTESIAN_POINT('',(0.00671286353124726,0.300619736884044,0.543510083542812));
#4229=CARTESIAN_POINT('',(0.00895283257446481,0.299358353983616,0.54322537714294));
#4230=CARTESIAN_POINT('',(0.0109591400568424,0.297892343530642,0.542882718399821));
#4231=CARTESIAN_POINT('',(0.0148836718862077,0.295024685040898,0.542212444697614));
#4232=CARTESIAN_POINT('',(0.0181571690599227,0.291336627921419,0.54130865772237));
#4233=CARTESIAN_POINT('',(0.0211092117493806,0.287547644699896,0.540306793342323));
#4234=CARTESIAN_POINT('',(0.0319696143562695,0.273608183931446,0.536620989419612));
#4235=CARTESIAN_POINT('',(0.0396121487687511,0.257643070659128,0.531418841820018));
#4236=CARTESIAN_POINT('',(0.0465228780276876,0.242208031360098,0.525106675408823));
#4237=CARTESIAN_POINT('',(0.0511472291715314,0.231879592932931,0.520882855769818));
#4238=CARTESIAN_POINT('',(0.0552796554695008,0.221531942200839,0.516105092937656));
#4239=CARTESIAN_POINT('',(0.0589150970134742,0.211304441582301,0.510805686172145));
#4240=CARTESIAN_POINT('',(0.0589150970134742,0.211304441582301,0.510805686172145));
#4241=CARTESIAN_POINT('',(0.0589150970134742,0.211304441582301,0.510805686172145));
#4242=CARTESIAN_POINT('',(0.0637179760901331,0.196373009007061,0.50306891706689));
#4243=CARTESIAN_POINT('',(0.0680051491170316,0.182013537113136,0.493554543933598));
#4244=CARTESIAN_POINT('',(0.070969460892906,0.16885798866586,0.482418237404557));
#4245=CARTESIAN_POINT('',(0.0735043736423652,0.157608103361439,0.47289509424799));
#4246=CARTESIAN_POINT('',(0.0749999999999618,0.146929502420447,0.462116319049684));
#4247=CARTESIAN_POINT('',(0.075,0.137897444239005,0.450195837406833));
#4248=CARTESIAN_POINT('',(0.075,0.137897444239005,0.450195837406833));
#4249=CARTESIAN_POINT('',(0.075,0.137897444239005,0.450195837406833));
#4250=CARTESIAN_POINT('',(0.075,0.13636848136918,0.448177917077282));
#4251=CARTESIAN_POINT('',(0.075,0.134883196477564,0.446126140126987));
#4252=CARTESIAN_POINT('',(0.075,0.13344391094463,0.444043308624343));
#4253=CARTESIAN_POINT('',(0.075,0.122792389947802,0.428629186147859));
#4254=CARTESIAN_POINT('',(0.075,0.114671492431362,0.411270642144321));
#4255=CARTESIAN_POINT('',(0.075,0.109085837040842,0.393386276762114));
#4256=CARTESIAN_POINT('',(0.075,0.103029842093003,0.373995960169403));
#4257=CARTESIAN_POINT('',(0.075,0.100011350650904,0.353439340174515));
#4258=CARTESIAN_POINT('',(0.075,0.1,0.333125322267253));
#4259=CARTESIAN_POINT('',(-0.075,0.1,0.333125322267253));
#4260=CARTESIAN_POINT('',(-0.075,0.100011350650904,0.353439340174515));
#4261=CARTESIAN_POINT('',(-0.075,0.103029842093003,0.373995960169403));
#4262=CARTESIAN_POINT('',(-0.075,0.109085837040843,0.393386276762114));
#4263=CARTESIAN_POINT('',(-0.075,0.115415697416122,0.413653466170538));
#4264=CARTESIAN_POINT('',(-0.0749999999999999,0.125074681727734,0.433272396253598));
#4265=CARTESIAN_POINT('',(-0.0749999999999999,0.137897444239005,0.450195837406833));
#4266=CARTESIAN_POINT('',(0.235,0.35,0.55125));
#4267=CARTESIAN_POINT('',(0.235,0.276547311009544,0.544611465473481));
#4268=CARTESIAN_POINT('',(0.235,0.176807216585161,0.492930850423812));
#4269=CARTESIAN_POINT('',(0.235,0.130081806784769,0.443397821303245));
#4270=CARTESIAN_POINT('',(0.235,0.100024547594821,0.377057629321741));
#4271=CARTESIAN_POINT('',(0.235,0.1,0.333125322267253));
#4272=CARTESIAN_POINT('',(0.125,0.355,0.42));
#4273=CARTESIAN_POINT('',(0.125,0.355,0.42));
#4274=CARTESIAN_POINT('',(0.125,0.355,0.42));
#4275=CARTESIAN_POINT('',(0.125,0.344860625452522,0.358775949637876));
#4276=CARTESIAN_POINT('',(0.125000000000771,0.332686710928737,0.372099970553874));
#4277=CARTESIAN_POINT('',(0.125,0.321982174408416,0.385824950254247));
#4278=CARTESIAN_POINT('',(0.0885702299573675,0.335,0.316366169088696));
#4279=CARTESIAN_POINT('',(0.125,0.319030070067427,0.319983817983097));
#4280=CARTESIAN_POINT('',(0.125,0.285002047027911,0.346614021063436));
#4281=CARTESIAN_POINT('',(0.075,0.335,0.295903263540091));
#4282=CARTESIAN_POINT('',(0.125,0.335,0.295903263540091));
#4283=CARTESIAN_POINT('',(0.125,0.285,0.295903263540091));
#4284=CARTESIAN_POINT('',(-0.125,0.355,0.42));
#4285=CARTESIAN_POINT('',(-0.125,0.355,0.42));
#4286=CARTESIAN_POINT('',(-0.125,0.355,0.42));
#4287=CARTESIAN_POINT('',(-0.125,0.321982174408392,0.385824950254301));
#4288=CARTESIAN_POINT('',(-0.125000000001009,0.332686710928666,0.372099970553933));
#4289=CARTESIAN_POINT('',(-0.125,0.344860625452498,0.358775949637881));
#4290=CARTESIAN_POINT('',(-0.125,0.285002047027911,0.346614021063394));
#4291=CARTESIAN_POINT('',(-0.125,0.319030070067459,0.319983817983049));
#4292=CARTESIAN_POINT('',(-0.0885702299573639,0.335,0.316366169088694));
#4293=CARTESIAN_POINT('',(-0.125,0.285,0.295903263540091));
#4294=CARTESIAN_POINT('',(-0.125,0.335,0.295903263540091));
#4295=CARTESIAN_POINT('',(-0.075,0.335,0.295903263540091));
#4296=CARTESIAN_POINT('',(0.075,0.15,0.212132034355964));
#4297=CARTESIAN_POINT('',(0.125,5.55111512312578E-17,4.13029399042097E-18));
#4298=CARTESIAN_POINT('',(0.125,5.55111512312578E-17,4.13029399042097E-18));
#4299=CARTESIAN_POINT('',(0.125,5.55111512312578E-17,4.13029399042097E-18));
#4300=CARTESIAN_POINT('',(0.125,0.0498012942452246,0.0880382671492665));
#4301=CARTESIAN_POINT('',(0.125000000017385,0.0654688423842641,0.0740680438389486));
#4302=CARTESIAN_POINT('',(0.125,0.072557183376464,0.0513045249604222));
#4303=CARTESIAN_POINT('',(0.0842377286606672,0.1,0.150076338776781));
#4304=CARTESIAN_POINT('',(0.124999999999999,0.10975052079111,0.146631866756454));
#4305=CARTESIAN_POINT('',(0.125,0.149999147332133,0.11450641387446));
#4306=CARTESIAN_POINT('',(0.075,0.1,0.212132034355964));
#4307=CARTESIAN_POINT('',(0.125,0.1,0.212132034355964));
#4308=CARTESIAN_POINT('',(0.125,0.15,0.212132034355964));
#4309=CARTESIAN_POINT('',(0.125,0.15,0.333110432310255));
#4310=CARTESIAN_POINT('',(0.124999999999998,0.149409561546708,0.333110620051379));
#4311=CARTESIAN_POINT('',(0.124989538191311,0.148819030488634,0.333110808316758));
#4312=CARTESIAN_POINT('',(0.124968624418958,0.148228962542138,0.33311099544522));
#4313=CARTESIAN_POINT('',(0.124859041764198,0.145137162030405,0.333111975949039));
#4314=CARTESIAN_POINT('',(0.12445955598564,0.142042389770859,0.333112943570055));
#4315=CARTESIAN_POINT('',(0.123780424506343,0.139024108920868,0.333113875435926));
#4316=CARTESIAN_POINT('',(0.122551961198024,0.133564419020684,0.333115561063917));
#4317=CARTESIAN_POINT('',(0.120363933168831,0.128241532585485,0.333117163868646));
#4318=CARTESIAN_POINT('',(0.117397531922601,0.123496240137067,0.333118568416613));
#4319=CARTESIAN_POINT('',(0.114431130787729,0.118750947866785,0.333119972964526));
#4320=CARTESIAN_POINT('',(0.110604539494084,0.114452368534524,0.333121218798196));
#4321=CARTESIAN_POINT('',(0.106234639677418,0.110956469367873,0.333122221308328));
#4322=CARTESIAN_POINT('',(0.101864739932018,0.107460570258234,0.333123223818444));
#4323=CARTESIAN_POINT('',(0.0968310044571917,0.104670930083518,0.333124011292191));
#4324=CARTESIAN_POINT('',(0.0915502790481099,0.102818560180621,0.333124532225925));
#4325=CARTESIAN_POINT('',(0.086269553636083,0.100966190276691,0.333125053159659));
#4326=CARTESIAN_POINT('',(0.0805961893650576,0.1,0.333125322267253));
#4327=CARTESIAN_POINT('',(0.075,0.1,0.333125322267253));
#4328=CARTESIAN_POINT('',(0.075,0.15,0.42));
#4329=CARTESIAN_POINT('',(-0.075,0.15,0.212132034355964));
#4330=CARTESIAN_POINT('',(-0.125,5.55111512312578E-17,0.));
#4331=CARTESIAN_POINT('',(-0.125,5.55111512312578E-17,0.));
#4332=CARTESIAN_POINT('',(-0.125,5.55111512312578E-17,0.));
#4333=CARTESIAN_POINT('',(-0.125,0.0725571833765648,0.0513045249601172));
#4334=CARTESIAN_POINT('',(-0.125000000017887,0.0654688423844547,0.074068043838628));
#4335=CARTESIAN_POINT('',(-0.125,0.0498012942454352,0.0880382671489932));
#4336=CARTESIAN_POINT('',(-0.125,0.149999147332133,0.114506413874689));
#4337=CARTESIAN_POINT('',(-0.125,0.109750520791074,0.146631866756691));
#4338=CARTESIAN_POINT('',(-0.0842377286606373,0.1,0.150076338776982));
#4339=CARTESIAN_POINT('',(-0.125,0.15,0.212132034355964));
#4340=CARTESIAN_POINT('',(-0.125,0.1,0.212132034355964));
#4341=CARTESIAN_POINT('',(-0.075,0.1,0.212132034355964));
#4342=CARTESIAN_POINT('',(0.075,0.177749814347947,0.42));
#4343=CARTESIAN_POINT('',(0.075,0.0999996866320398,0.332564494310266));
#4344=CARTESIAN_POINT('',(0.125,0.0999996866320398,0.332564494310266));
#4345=CARTESIAN_POINT('',(0.125,0.149999678826737,0.332536556338606));
#4346=CARTESIAN_POINT('',(0.0749999999999916,0.10002230345963,0.373041348419027));
#4347=CARTESIAN_POINT('',(0.124999999999986,0.0999231941958409,0.37299877379443));
#4348=CARTESIAN_POINT('',(0.125,0.149956025317381,0.363520597329304));
#4349=CARTESIAN_POINT('',(0.0750000000000012,0.111229224396101,0.414999205731849));
#4350=CARTESIAN_POINT('',(0.124999999999999,0.111271927800635,0.415055223749346));
#4351=CARTESIAN_POINT('',(0.125,0.158911119738313,0.395136386172854));
#4352=CARTESIAN_POINT('',(0.075,0.137897444239005,0.450195837406833));
#4353=CARTESIAN_POINT('',(0.125,0.137897444239005,0.450195837406833));
#4354=CARTESIAN_POINT('',(0.125,0.177749814347947,0.42));
#4355=CARTESIAN_POINT('',(-0.075,0.1,0.333125322267253));
#4356=CARTESIAN_POINT('',(-0.0805961893650576,0.1,0.333125322267256));
#4357=CARTESIAN_POINT('',(-0.086269553636083,0.100966190276691,0.333125053159592));
#4358=CARTESIAN_POINT('',(-0.0915502790481099,0.102818560180621,0.333124532225868));
#4359=CARTESIAN_POINT('',(-0.0968310044571918,0.104670930083518,0.333124011292145));
#4360=CARTESIAN_POINT('',(-0.101864739932018,0.107460570258234,0.333123223818482));
#4361=CARTESIAN_POINT('',(-0.106234639677418,0.110956469367873,0.33312222130836));
#4362=CARTESIAN_POINT('',(-0.110604539494084,0.114452368534524,0.333121218798221));
#4363=CARTESIAN_POINT('',(-0.114431130787729,0.118750947866785,0.333119972964306));
#4364=CARTESIAN_POINT('',(-0.117397531922601,0.123496240137067,0.333118568416359));
#4365=CARTESIAN_POINT('',(-0.12036393316883,0.128241532585485,0.333117163868359));
#4366=CARTESIAN_POINT('',(-0.122551961198024,0.133564419020684,0.333115561063739));
#4367=CARTESIAN_POINT('',(-0.123780424506343,0.139024108920868,0.333113875435616));
#4368=CARTESIAN_POINT('',(-0.124459555985653,0.142042389770919,0.333112943569673));
#4369=CARTESIAN_POINT('',(-0.124859041764214,0.145137162030527,0.33311197594686));
#4370=CARTESIAN_POINT('',(-0.124968624418964,0.148228962542324,0.333110995448218));
#4371=CARTESIAN_POINT('',(-0.124989538191314,0.148819030488759,0.333110808320744));
#4372=CARTESIAN_POINT('',(-0.12499999999992,0.14940956154677,0.333110620052378));
#4373=CARTESIAN_POINT('',(-0.125,0.15,0.333110432310255));
#4374=CARTESIAN_POINT('',(-0.075,0.15,0.42));
#4375=CARTESIAN_POINT('',(-0.0749999999999999,0.177749814347947,0.42));
#4376=CARTESIAN_POINT('',(0.075,0.137897444239005,0.450195837406833));
#4377=CARTESIAN_POINT('',(0.125,0.137897444239005,0.450195837406833));
#4378=CARTESIAN_POINT('',(0.125,0.177749814347947,0.42));
#4379=CARTESIAN_POINT('',(0.0749979838365118,0.163487878181327,0.483970010680367));
#4380=CARTESIAN_POINT('',(0.116229167137349,0.16802380747521,0.489949360519199));
#4381=CARTESIAN_POINT('',(0.125,0.196698805634536,0.461679564629423));
#4382=CARTESIAN_POINT('',(0.0649454256439245,0.197025821772255,0.504583190253322));
#4383=CARTESIAN_POINT('',(0.0945928664151135,0.203849573190056,0.508644135832414));
#4384=CARTESIAN_POINT('',(0.108242354568836,0.221933513889431,0.488366868091238));
#4385=CARTESIAN_POINT('',(0.041569325876808,0.255558556689613,0.531742756358109));
#4386=CARTESIAN_POINT('',(0.0571710678997802,0.262154578845139,0.533995826836595));
#4387=CARTESIAN_POINT('',(0.0692822312990406,0.272741153614527,0.527658759055808));
#4388=CARTESIAN_POINT('',(0.0298375020108998,0.304236117794253,0.544314517877232));
#4389=CARTESIAN_POINT('',(0.039830928901917,0.309450427029222,0.545436454211861));
#4390=CARTESIAN_POINT('',(0.0497291907661143,0.314760065700924,0.545721490481289));
#4391=CARTESIAN_POINT('',(-0.0319752471673688,0.299640836003832,0.54329459978554));
#4392=CARTESIAN_POINT('',(-0.0428388077183596,0.305121756407012,0.544546586427106));
#4393=CARTESIAN_POINT('',(-0.0532920993602294,0.31078451305369,0.544253119594113));
#4394=CARTESIAN_POINT('',(-0.0421296916457345,0.254367213617343,0.53129257562835));
#4395=CARTESIAN_POINT('',(-0.0579834541430294,0.261008539246266,0.533592638724787));
#4396=CARTESIAN_POINT('',(-0.0702161742079431,0.271711829096295,0.52701120655096));
#4397=CARTESIAN_POINT('',(-0.0651917431498815,0.196189743337004,0.504088996839305));
#4398=CARTESIAN_POINT('',(-0.0950587987490317,0.202986247202611,0.508159598725923));
#4399=CARTESIAN_POINT('',(-0.10865288378475,0.221202825513574,0.487648062005869));
#4400=CARTESIAN_POINT('',(-0.0749979810030748,0.162901288103695,0.483195830962777));
#4401=CARTESIAN_POINT('',(-0.116383435892597,0.167493690312989,0.489249682170732));
#4402=CARTESIAN_POINT('',(-0.125,0.196306606199038,0.460816758619778));
#4403=CARTESIAN_POINT('',(-0.075,0.137897444239005,0.450195837406833));
#4404=CARTESIAN_POINT('',(-0.125,0.137897444239005,0.450195837406833));
#4405=CARTESIAN_POINT('',(-0.125,0.177749814347947,0.42));
#4406=CARTESIAN_POINT('',(-0.125,0.149999678826737,0.332536556338607));
#4407=CARTESIAN_POINT('',(-0.125,0.0999996866320399,0.332564494310266));
#4408=CARTESIAN_POINT('',(-0.075,0.0999996866320399,0.332564494310266));
#4409=CARTESIAN_POINT('',(-0.125,0.14995602531738,0.363520597329305));
#4410=CARTESIAN_POINT('',(-0.125000000000002,0.0999231941958341,0.372998773794434));
#4411=CARTESIAN_POINT('',(-0.075000000000001,0.10002230345963,0.373041348419028));
#4412=CARTESIAN_POINT('',(-0.125,0.158911119738313,0.395136386172854));
#4413=CARTESIAN_POINT('',(-0.124999999999995,0.111271927800642,0.415055223749343));
#4414=CARTESIAN_POINT('',(-0.0749999999999975,0.111229224396101,0.414999205731849));
#4415=CARTESIAN_POINT('',(-0.125,0.177749814347947,0.42));
#4416=CARTESIAN_POINT('',(-0.125,0.137897444239005,0.450195837406833));
#4417=CARTESIAN_POINT('',(-0.075,0.137897444239005,0.450195837406833));
#4418=CARTESIAN_POINT('',(0.,0.294039272347373,0.));
#4419=CARTESIAN_POINT('',(-0.104393759535434,0.294039272347373,0.));
#4420=CARTESIAN_POINT('',(0.104393759535434,0.294039272347373,1.06337366739048E-19));
#4421=CARTESIAN_POINT('',(0.104393759535434,0.294039272347373,1.06337366739048E-19));
#4422=CARTESIAN_POINT('',(0.104393759535434,0.294039272347373,0.00546174616523604));
#4423=CARTESIAN_POINT('',(0.104172094491573,0.295534944139511,0.0109251364167563));
#4424=CARTESIAN_POINT('',(0.10368686484663,0.297488201730964,0.0160025381289089));
#4425=CARTESIAN_POINT('',(0.103613892071236,0.297781948473344,0.0167661190407279));
#4426=CARTESIAN_POINT('',(0.103534842933123,0.298086664846557,0.0175249843259547));
#4427=CARTESIAN_POINT('',(0.103449562275676,0.298399967966139,0.018279461859237));
#4428=CARTESIAN_POINT('',(0.101980581729007,0.303796692166606,0.0312755251222191));
#4429=CARTESIAN_POINT('',(0.0985916461594503,0.31107827723314,0.0434655219893897));
#4430=CARTESIAN_POINT('',(0.0927102735536428,0.316706891404836,0.0550373997564454));
#4431=CARTESIAN_POINT('',(0.0893271489304989,0.31994462253917,0.0616938568853612));
#4432=CARTESIAN_POINT('',(0.0850445381850117,0.322819514875962,0.0682238957821701));
#4433=CARTESIAN_POINT('',(0.0798439282204666,0.324623216426162,0.0742186579407157));
#4434=CARTESIAN_POINT('',(0.0765379598103789,0.325769808919512,0.0780294598384263));
#4435=CARTESIAN_POINT('',(0.0727983702494483,0.326492871267249,0.081683832325494));
#4436=CARTESIAN_POINT('',(0.0687775967819778,0.326492871267249,0.084939549343477));
#4437=CARTESIAN_POINT('',(0.0687775967819778,0.326492871267249,0.084939549343477));
#4438=CARTESIAN_POINT('',(0.,0.326492871267249,0.));
#4439=CARTESIAN_POINT('',(-0.0687775967819778,0.326492871267249,0.084939549343477));
#4440=CARTESIAN_POINT('',(-0.0687775967819778,0.326492871267249,0.084939549343477));
#4441=CARTESIAN_POINT('',(-0.0736020444201344,0.326492871267249,0.0810330780127766));
#4442=CARTESIAN_POINT('',(-0.078018560723782,0.3254531025382,0.0765499460885133));
#4443=CARTESIAN_POINT('',(-0.081800267726914,0.323876996949799,0.0718862140435118));
#4444=CARTESIAN_POINT('',(-0.0877070020470582,0.321415241725645,0.0646018247168527));
#4445=CARTESIAN_POINT('',(-0.092310579966849,0.31759677624817,0.0566450063900859));
#4446=CARTESIAN_POINT('',(-0.0957147808874447,0.313470835082883,0.048557973400938));
#4447=CARTESIAN_POINT('',(-0.100739574576421,0.307380711846328,0.0366210539081534));
#4448=CARTESIAN_POINT('',(-0.103324981195501,0.299511964333341,0.0241749151184935));
#4449=CARTESIAN_POINT('',(-0.104109308521605,0.295606191399208,0.010428716805398));
#4450=CARTESIAN_POINT('',(-0.104302024464147,0.294646509532585,0.00705115813044506));
#4451=CARTESIAN_POINT('',(-0.104393759535437,0.294039272347352,0.00351653683648908));
#4452=CARTESIAN_POINT('',(-0.104393759535434,0.294039272347373,0.));
#4453=CARTESIAN_POINT('',(0.,5.55111512312578E-17,0.));
#4454=CARTESIAN_POINT('',(0.,5.55111512312578E-17,-0.06));
#4455=CARTESIAN_POINT('',(0.,0.35,0.));
#4456=CARTESIAN_POINT('',(0.,0.,0.));
#4457=CARTESIAN_POINT('',(0.,0.,-0.05));
#4458=CARTESIAN_POINT('',(0.,0.,0.));
#4459=CARTESIAN_POINT('',(0.0760694912675028,0.335086997169346,0.0726410133222531));
#4460=CARTESIAN_POINT('',(-0.0760694912675029,0.335086997169346,0.0726410133222531));
#4461=CARTESIAN_POINT('',(-0.0760694912675029,0.335086997169346,-0.0726410133222531));
#4462=CARTESIAN_POINT('',(0.0760694912675029,0.335086997169346,-0.0726410133222531));
#4463=CARTESIAN_POINT('',(0.0760694912675028,0.335086997169346,0.0726410133222531));
#4464=CARTESIAN_POINT('',(-0.0760694912675029,0.335086997169346,0.0726410133222531));
#4465=CARTESIAN_POINT('',(0.,0.335043498584673,0.0732847923754123));
#4466=CARTESIAN_POINT('',(0.,0.,0.));
#4467=CARTESIAN_POINT('',(-0.114281698419722,0.29254640108012,0.));
#4468=CARTESIAN_POINT('',(-0.075,0.325,0.0926241465073998));
#4469=CARTESIAN_POINT('',(-0.104393759535581,0.294039272348295,-2.11496382293977E-13));
#4470=CARTESIAN_POINT('',(-0.113099869130247,0.351703641326752,1.19136864876615E-13));
#4471=CARTESIAN_POINT('',(-0.124102123024758,0.294433001351293,-2.3152883741078E-13));
#4472=CARTESIAN_POINT('',(-0.104394111288287,0.294041602159975,0.0172012363408934));
#4473=CARTESIAN_POINT('',(-0.113099748103322,0.351683521846547,-0.00579812717850931));
#4474=CARTESIAN_POINT('',(-0.124101554811751,0.294435959101847,0.018838117797957));
#4475=CARTESIAN_POINT('',(-0.102305756820917,0.30482628321153,0.0317826264320775));
#4476=CARTESIAN_POINT('',(-0.111872695477582,0.327283946748552,0.016016831718211));
#4477=CARTESIAN_POINT('',(-0.121050531733421,0.30791638255521,0.0347602921337537));
#4478=CARTESIAN_POINT('',(-0.0910980508412833,0.319618641822993,0.060467373384079));
#4479=CARTESIAN_POINT('',(-0.0970578207224536,0.331495841619125,0.0542518946640539));
#4480=CARTESIAN_POINT('',(-0.105515948153776,0.326407595566799,0.0660035263901348));
#4481=CARTESIAN_POINT('',(-0.0821140727818621,0.326489656681191,0.0741400593543541));
#4482=CARTESIAN_POINT('',(-0.0868839880255951,0.337179954959957,0.0723537536325312));
#4483=CARTESIAN_POINT('',(-0.0931570922229325,0.334999999999924,0.0808611577869869));
#4484=CARTESIAN_POINT('',(-0.0687775967821317,0.326492871267249,0.0849395493433523));
#4485=CARTESIAN_POINT('',(-0.0695858584220401,0.335000000000023,0.0859377432706526));
#4486=CARTESIAN_POINT('',(-0.0750000000002099,0.335,0.0926241465072638));
#4487=CARTESIAN_POINT('',(0.075,0.325,0.0926241465073997));
#4488=CARTESIAN_POINT('',(0.,0.325,0.));
#4489=CARTESIAN_POINT('',(0.114281698419722,0.292546401080124,1.16409399666217E-19));
#4490=CARTESIAN_POINT('',(0.,0.292546401080124,0.));
#4491=CARTESIAN_POINT('',(0.0687775967819778,0.326492871267249,0.084939549343477));
#4492=CARTESIAN_POINT('',(0.0695858584218601,0.335,0.0859377432707939));
#4493=CARTESIAN_POINT('',(0.075,0.335,0.0926241465073997));
#4494=CARTESIAN_POINT('',(0.0820811904279033,0.326489796655505,0.0741667121800859));
#4495=CARTESIAN_POINT('',(0.0868242274883975,0.337172542857172,0.0724008260100774));
#4496=CARTESIAN_POINT('',(0.093121644260286,0.335,0.0808842372983921));
#4497=CARTESIAN_POINT('',(0.0911789220692739,0.319532192852617,0.060295567261922));
#4498=CARTESIAN_POINT('',(0.0971376613470204,0.331466205318492,0.0540800426723811));
#4499=CARTESIAN_POINT('',(0.105627642254951,0.326299502524408,0.0658165427137011));
#4500=CARTESIAN_POINT('',(0.102286909843326,0.304830750341666,0.0317954901101385));
#4501=CARTESIAN_POINT('',(0.111814669705487,0.327312213908341,0.0161084234516111));
#4502=CARTESIAN_POINT('',(0.121024812577357,0.307921998300323,0.0347741554264118));
#4503=CARTESIAN_POINT('',(0.104394249852286,0.294042519930183,0.0169827671897134));
#4504=CARTESIAN_POINT('',(0.113099569161712,0.3516788984359,-0.00602260949159589));
#4505=CARTESIAN_POINT('',(0.124101323281116,0.294437164299358,0.0185993976266986));
#4506=CARTESIAN_POINT('',(0.104393759535433,0.294039272347369,1.06337361404756E-19));
#4507=CARTESIAN_POINT('',(0.113099869130675,0.35170364132964,5.62025656463138E-18));
#4508=CARTESIAN_POINT('',(0.124102123024652,0.29443300135015,4.40899319659683E-19));
#4509=CARTESIAN_POINT('',(0.,0.37,0.));
#4510=CARTESIAN_POINT('',(1.39995484268689,-4.95437024738971E-15,-2.1733293635705E-14));
#4511=CARTESIAN_POINT('',(1.66999999999717,1.11022302462516E-16,-1.38777878078145E-17));
#4512=CARTESIAN_POINT('',(1.39999999999719,-1.33226762955019E-15,-3.01980662698043E-14));
#4513=CARTESIAN_POINT('',(0.369999999997201,-1.33226762955019E-15,-3.01980662698043E-14));
#4514=MECHANICAL_DESIGN_GEOMETRIC_PRESENTATION_REPRESENTATION('',(#221,
#131,#132,#133,#134,#135,#136,#137,#138,#139,#140,#141,#142,#143,#144,#145,
#146,#147,#148,#149,#150),#4519);
#4515=MECHANICAL_DESIGN_GEOMETRIC_PRESENTATION_REPRESENTATION('',(#222,
#151,#152,#153,#154,#155,#156,#157,#158,#159,#160,#161,#162,#163,#164,#165,
#166,#167,#168,#169,#170,#171,#172,#173,#174,#175,#176,#177,#178,#179,#180,
#181,#182,#183),#4520);
#4516=MECHANICAL_DESIGN_GEOMETRIC_PRESENTATION_REPRESENTATION('',(#223,
#184,#185,#186,#187,#188,#224,#189,#190,#191,#192,#193,#194,#195,#196,#197,
#198,#199,#200,#201,#202,#203,#204,#205,#206,#207,#208,#209,#210,#211,#212,
#213,#214,#215,#216,#217,#218),#4521);
#4517=MECHANICAL_DESIGN_GEOMETRIC_PRESENTATION_REPRESENTATION('',(#225),
#4522);
#4518=(
GEOMETRIC_REPRESENTATION_CONTEXT(3)
GLOBAL_UNCERTAINTY_ASSIGNED_CONTEXT((#4523))
GLOBAL_UNIT_ASSIGNED_CONTEXT((#4533,#4529,#4528))
REPRESENTATION_CONTEXT('Y2-D10000001280866_A001',
'TOP_LEVEL_ASSEMBLY_PART')
);
#4519=(
GEOMETRIC_REPRESENTATION_CONTEXT(3)
GLOBAL_UNCERTAINTY_ASSIGNED_CONTEXT((#4524))
GLOBAL_UNIT_ASSIGNED_CONTEXT((#4533,#4529,#4528))
REPRESENTATION_CONTEXT('Outlet-D10000001280862_A001','COMPONENT_PART')
);
#4520=(
GEOMETRIC_REPRESENTATION_CONTEXT(3)
GLOBAL_UNCERTAINTY_ASSIGNED_CONTEXT((#4525))
GLOBAL_UNIT_ASSIGNED_CONTEXT((#4533,#4529,#4528))
REPRESENTATION_CONTEXT('Inlet-D10000001280865_A001','COMPONENT_PART')
);
#4521=(
GEOMETRIC_REPRESENTATION_CONTEXT(3)
GLOBAL_UNCERTAINTY_ASSIGNED_CONTEXT((#4526))
GLOBAL_UNIT_ASSIGNED_CONTEXT((#4533,#4529,#4528))
REPRESENTATION_CONTEXT('Sweeps-D10000001280861_A001','COMPONENT_PART')
);
#4522=(
GEOMETRIC_REPRESENTATION_CONTEXT(3)
GLOBAL_UNCERTAINTY_ASSIGNED_CONTEXT((#4527))
GLOBAL_UNIT_ASSIGNED_CONTEXT((#4533,#4529,#4528))
REPRESENTATION_CONTEXT('Sweeps_V10.2_neg-D10000001280857_A001',
'COMPONENT_PART')
);
#4523=UNCERTAINTY_MEASURE_WITH_UNIT(LENGTH_MEASURE(2.E-5),#4533,
'DISTANCE_ACCURACY_VALUE','Maximum Tolerance applied to model');
#4524=UNCERTAINTY_MEASURE_WITH_UNIT(LENGTH_MEASURE(1.E-6),#4533,
'DISTANCE_ACCURACY_VALUE','Maximum Tolerance applied to model');
#4525=UNCERTAINTY_MEASURE_WITH_UNIT(LENGTH_MEASURE(5.08E-5),#4533,
'DISTANCE_ACCURACY_VALUE','Maximum Tolerance applied to model');
#4526=UNCERTAINTY_MEASURE_WITH_UNIT(LENGTH_MEASURE(5.08E-5),#4533,
'DISTANCE_ACCURACY_VALUE','Maximum Tolerance applied to model');
#4527=UNCERTAINTY_MEASURE_WITH_UNIT(LENGTH_MEASURE(5.08E-5),#4533,
'DISTANCE_ACCURACY_VALUE','Maximum Tolerance applied to model');
#4528=(
NAMED_UNIT(*)
SI_UNIT($,.STERADIAN.)
SOLID_ANGLE_UNIT()
);
#4529=(
CONVERSION_BASED_UNIT('DEGREE',#4531)
NAMED_UNIT(#4530)
PLANE_ANGLE_UNIT()
);
#4530=DIMENSIONAL_EXPONENTS(0.,0.,0.,0.,0.,0.,0.);
#4531=PLANE_ANGLE_MEASURE_WITH_UNIT(PLANE_ANGLE_MEASURE(0.0174532925),#4532);
#4532=(
NAMED_UNIT(*)
PLANE_ANGLE_UNIT()
SI_UNIT($,.RADIAN.)
);
#4533=(
LENGTH_UNIT()
NAMED_UNIT(*)
SI_UNIT(.MILLI.,.METRE.)
);
ENDSEC;
END-ISO-10303-21;
