ISO-10303-21;
HEADER;
/* Generated by software containing ST-Developer
 * from STEP Tools, Inc. (www.steptools.com) 
 */
/* OPTION: using custom schema-name function */

FILE_DESCRIPTION(
/* description */ (''),
/* implementation_level */ '2;1');

FILE_NAME(
/* name */ 'Z-D10000000950983_A001.stp',
/* time_stamp */ '2026-02-06T20:26:22+01:00',
/* author */ (''),
/* organization */ (''),
/* preprocessor_version */ 'ST-DEVELOPER v20',
/* originating_system */ 'SIEMENS PLM Software NX2312.8501',
/* authorisation */ '');

FILE_SCHEMA (('AUTOMOTIVE_DESIGN { 1 0 10303 214 3 1 1 1 }'));
ENDSEC;

DATA;
#10=CONTEXT_DEPENDENT_SHAPE_REPRESENTATION(#18,#44);
#11=CONTEXT_DEPENDENT_SHAPE_REPRESENTATION(#19,#45);
#12=CONTEXT_DEPENDENT_SHAPE_REPRESENTATION(#20,#46);
#13=CONTEXT_DEPENDENT_SHAPE_REPRESENTATION(#21,#47);
#14=NEXT_ASSEMBLY_USAGE_OCCURRENCE('1001',' ','D10000000950962',#52,#51,
$);
#15=NEXT_ASSEMBLY_USAGE_OCCURRENCE('1002',' ','D10000000950973',#52,#50,
$);
#16=NEXT_ASSEMBLY_USAGE_OCCURRENCE('1003',' ','D10000001280864',#52,#49,
$);
#17=NEXT_ASSEMBLY_USAGE_OCCURRENCE('1004',' ','D10000000971703',#52,#48,
$);
#18=(
REPRESENTATION_RELATIONSHIP(' ',' ',#83,#84)
REPRESENTATION_RELATIONSHIP_WITH_TRANSFORMATION(#22)
SHAPE_REPRESENTATION_RELATIONSHIP()
);
#19=(
REPRESENTATION_RELATIONSHIP(' ',' ',#82,#84)
REPRESENTATION_RELATIONSHIP_WITH_TRANSFORMATION(#23)
SHAPE_REPRESENTATION_RELATIONSHIP()
);
#20=(
REPRESENTATION_RELATIONSHIP(' ',' ',#81,#84)
REPRESENTATION_RELATIONSHIP_WITH_TRANSFORMATION(#24)
SHAPE_REPRESENTATION_RELATIONSHIP()
);
#21=(
REPRESENTATION_RELATIONSHIP(' ',' ',#80,#84)
REPRESENTATION_RELATIONSHIP_WITH_TRANSFORMATION(#25)
SHAPE_REPRESENTATION_RELATIONSHIP()
);
#22=ITEM_DEFINED_TRANSFORMATION(' ',' ',#2555,#2771);
#23=ITEM_DEFINED_TRANSFORMATION(' ',' ',#2555,#2772);
#24=ITEM_DEFINED_TRANSFORMATION(' ',' ',#2555,#2773);
#25=ITEM_DEFINED_TRANSFORMATION(' ',' ',#2555,#2774);
#26=SHAPE_REPRESENTATION_RELATIONSHIP('MODEL',
'relationship between Sweeps_V8_neg-D10000000971703-D10000000971703_A0
01-MODEL and Sweeps_V8_neg-D10000000971703-D10000000971703_A001-MODEL',
#80,#30);
#27=SHAPE_REPRESENTATION_RELATIONSHIP('MODEL',
'relationship between Outlet-D10000001280864_A001-MODEL and Outlet-D10
000001280864_A001-MODEL',#81,#31);
#28=SHAPE_REPRESENTATION_RELATIONSHIP('MODEL',
'relationship between Sweep-D10000000950973-D10000000950973_A001-MODEL
 and Sweep-D10000000950973-D10000000950973_A001-MODEL',#82,#32);
#29=SHAPE_REPRESENTATION_RELATIONSHIP('MODEL',
'relationship between Inlet-D10000000950962-D10000000950962_A001-MODEL
 and Inlet-D10000000950962-D10000000950962_A001-MODEL',#83,#33);
#30=ADVANCED_BREP_SHAPE_REPRESENTATION(
'Sweeps_V8_neg-D10000000971703-D10000000971703_A001-MODEL',(#662),#4374);
#31=ADVANCED_BREP_SHAPE_REPRESENTATION(
'Outlet-D10000001280864_A001-MODEL',(#661),#4373);
#32=ADVANCED_BREP_SHAPE_REPRESENTATION(
'Sweep-D10000000950973-D10000000950973_A001-MODEL',(#659,#660),#4372);
#33=ADVANCED_BREP_SHAPE_REPRESENTATION(
'Inlet-D10000000950962-D10000000950962_A001-MODEL',(#658),#4371);
#34=SHAPE_DEFINITION_REPRESENTATION(#39,#80);
#35=SHAPE_DEFINITION_REPRESENTATION(#40,#81);
#36=SHAPE_DEFINITION_REPRESENTATION(#41,#82);
#37=SHAPE_DEFINITION_REPRESENTATION(#42,#83);
#38=SHAPE_DEFINITION_REPRESENTATION(#43,#84);
#39=PRODUCT_DEFINITION_SHAPE('','',#48);
#40=PRODUCT_DEFINITION_SHAPE('','',#49);
#41=PRODUCT_DEFINITION_SHAPE('','',#50);
#42=PRODUCT_DEFINITION_SHAPE('','',#51);
#43=PRODUCT_DEFINITION_SHAPE('','',#52);
#44=PRODUCT_DEFINITION_SHAPE(' ','NAUO PRDDFN',#14);
#45=PRODUCT_DEFINITION_SHAPE(' ','NAUO PRDDFN',#15);
#46=PRODUCT_DEFINITION_SHAPE(' ','NAUO PRDDFN',#16);
#47=PRODUCT_DEFINITION_SHAPE(' ','NAUO PRDDFN',#17);
#48=PRODUCT_DEFINITION(' ','',#58,#53);
#49=PRODUCT_DEFINITION(' ','',#59,#54);
#50=PRODUCT_DEFINITION(' ','',#60,#55);
#51=PRODUCT_DEFINITION(' ','',#61,#56);
#52=PRODUCT_DEFINITION(' ','',#62,#57);
#53=PRODUCT_DEFINITION_CONTEXT('part definition',#79,'design');
#54=PRODUCT_DEFINITION_CONTEXT('part definition',#79,'design');
#55=PRODUCT_DEFINITION_CONTEXT('part definition',#79,'design');
#56=PRODUCT_DEFINITION_CONTEXT('part definition',#79,'design');
#57=PRODUCT_DEFINITION_CONTEXT('part definition',#79,'design');
#58=PRODUCT_DEFINITION_FORMATION_WITH_SPECIFIED_SOURCE(' ',' ',#68,
 .NOT_KNOWN.);
#59=PRODUCT_DEFINITION_FORMATION_WITH_SPECIFIED_SOURCE(' ',' ',#69,
 .NOT_KNOWN.);
#60=PRODUCT_DEFINITION_FORMATION_WITH_SPECIFIED_SOURCE(' ',' ',#70,
 .NOT_KNOWN.);
#61=PRODUCT_DEFINITION_FORMATION_WITH_SPECIFIED_SOURCE(' ',' ',#71,
 .NOT_KNOWN.);
#62=PRODUCT_DEFINITION_FORMATION_WITH_SPECIFIED_SOURCE(' ',' ',#72,
 .NOT_KNOWN.);
#63=PRODUCT_RELATED_PRODUCT_CATEGORY('part','',(#68));
#64=PRODUCT_RELATED_PRODUCT_CATEGORY('part','',(#69));
#65=PRODUCT_RELATED_PRODUCT_CATEGORY('part','',(#70));
#66=PRODUCT_RELATED_PRODUCT_CATEGORY('part','',(#71));
#67=PRODUCT_RELATED_PRODUCT_CATEGORY('part','',(#72));
#68=PRODUCT('Sweeps_V8_neg-D10000000971703-D10000000971703_A001',
'Sweeps_V8_neg-D10000000971703-D10000000971703_A001',' ',(#73));
#69=PRODUCT('Outlet-D10000001280864_A001','Outlet-D10000001280864_A001',
' ',(#74));
#70=PRODUCT('Sweep-D10000000950973-D10000000950973_A001',
'Sweep-D10000000950973-D10000000950973_A001',' ',(#75));
#71=PRODUCT('Inlet-D10000000950962-D10000000950962_A001',
'Inlet-D10000000950962-D10000000950962_A001',' ',(#76));
#72=PRODUCT('D10000000950983_A001','D10000000950983_A001',' ',(#77));
#73=PRODUCT_CONTEXT(' ',#79,'mechanical');
#74=PRODUCT_CONTEXT(' ',#79,'mechanical');
#75=PRODUCT_CONTEXT(' ',#79,'mechanical');
#76=PRODUCT_CONTEXT(' ',#79,'mechanical');
#77=PRODUCT_CONTEXT(' ',#79,'mechanical');
#78=APPLICATION_PROTOCOL_DEFINITION('international standard',
'automotive_design',2010,#79);
#79=APPLICATION_CONTEXT(
'core data for automotive mechanical design processes');
#80=SHAPE_REPRESENTATION(
'Sweeps_V8_neg-D10000000971703-D10000000971703_A001-MODEL',(#2555),#4374);
#81=SHAPE_REPRESENTATION('Outlet-D10000001280864_A001-MODEL',(#2555),#4373);
#82=SHAPE_REPRESENTATION(
'Sweep-D10000000950973-D10000000950973_A001-MODEL',(#2555),#4372);
#83=SHAPE_REPRESENTATION(
'Inlet-D10000000950962-D10000000950962_A001-MODEL',(#2555),#4371);
#84=SHAPE_REPRESENTATION('D10000000950983_A001-none',(#2555,#2771,#2772,
#2773,#2774),#4370);
#85=(
BOUNDED_SURFACE()
B_SPLINE_SURFACE(3,2,((#4147,#4148,#4149),(#4150,#4151,#4152),(#4153,#4154,
#4155),(#4156,#4157,#4158)),.UNSPECIFIED.,.F.,.F.,.F.)
B_SPLINE_SURFACE_WITH_KNOTS((4,4),(3,3),(0.,1.),(0.,1.),.UNSPECIFIED.)
GEOMETRIC_REPRESENTATION_ITEM()
RATIONAL_B_SPLINE_SURFACE(((1.,1.,1.),(1.,0.998922032640711,1.),(1.,0.800454265264738,
1.),(1.,0.707106781186548,1.)))
REPRESENTATION_ITEM('')
SURFACE()
);
#86=(
BOUNDED_SURFACE()
B_SPLINE_SURFACE(3,2,((#4159,#4160,#4161),(#4162,#4163,#4164),(#4165,#4166,
#4167),(#4168,#4169,#4170)),.UNSPECIFIED.,.F.,.F.,.F.)
B_SPLINE_SURFACE_WITH_KNOTS((4,4),(3,3),(0.,1.),(0.,1.),.UNSPECIFIED.)
GEOMETRIC_REPRESENTATION_ITEM()
RATIONAL_B_SPLINE_SURFACE(((1.,1.,1.),(1.,0.998922032640711,1.),(1.,0.800454265264739,
1.),(1.,0.707106781186548,1.)))
REPRESENTATION_ITEM('')
SURFACE()
);
#87=(
BOUNDED_SURFACE()
B_SPLINE_SURFACE(3,2,((#4172,#4173,#4174),(#4175,#4176,#4177),(#4178,#4179,
#4180),(#4181,#4182,#4183)),.UNSPECIFIED.,.F.,.F.,.F.)
B_SPLINE_SURFACE_WITH_KNOTS((4,4),(3,3),(0.,1.),(0.,1.),.UNSPECIFIED.)
GEOMETRIC_REPRESENTATION_ITEM()
RATIONAL_B_SPLINE_SURFACE(((1.,1.,1.),(1.,0.973278331194715,1.),(1.,0.739686938841707,
1.),(1.,0.707106781186548,1.)))
REPRESENTATION_ITEM('')
SURFACE()
);
#88=(
BOUNDED_SURFACE()
B_SPLINE_SURFACE(3,2,((#4205,#4206,#4207),(#4208,#4209,#4210),(#4211,#4212,
#4213),(#4214,#4215,#4216)),.UNSPECIFIED.,.F.,.F.,.F.)
B_SPLINE_SURFACE_WITH_KNOTS((4,4),(3,3),(0.,1.),(0.,1.),.UNSPECIFIED.)
GEOMETRIC_REPRESENTATION_ITEM()
RATIONAL_B_SPLINE_SURFACE(((1.,1.,1.),(1.,0.973278331194715,1.),(1.,0.739686938841707,
1.),(1.,0.707106781186548,1.)))
REPRESENTATION_ITEM('')
SURFACE()
);
#89=(
BOUNDED_SURFACE()
B_SPLINE_SURFACE(3,2,((#4218,#4219,#4220),(#4221,#4222,#4223),(#4224,#4225,
#4226),(#4227,#4228,#4229)),.UNSPECIFIED.,.F.,.F.,.F.)
B_SPLINE_SURFACE_WITH_KNOTS((4,4),(3,3),(0.,1.),(0.,1.),.UNSPECIFIED.)
GEOMETRIC_REPRESENTATION_ITEM()
RATIONAL_B_SPLINE_SURFACE(((1.,0.707106781186548,1.),(1.,0.707106781186548,
1.),(1.,0.707106781186548,1.),(1.,0.707106781186548,1.)))
REPRESENTATION_ITEM('')
SURFACE()
);
#90=(
BOUNDED_SURFACE()
B_SPLINE_SURFACE(3,2,((#4251,#4252,#4253),(#4254,#4255,#4256),(#4257,#4258,
#4259),(#4260,#4261,#4262),(#4263,#4264,#4265),(#4266,#4267,#4268)),
 .UNSPECIFIED.,.F.,.F.,.F.)
B_SPLINE_SURFACE_WITH_KNOTS((4,2,4),(3,3),(0.,0.5,1.),(0.,1.),
 .UNSPECIFIED.)
GEOMETRIC_REPRESENTATION_ITEM()
RATIONAL_B_SPLINE_SURFACE(((1.,0.707106781186548,1.),(1.,0.837317337242157,
1.),(1.,0.986291085513145,1.),(1.,0.987297395549767,1.),(1.,0.837290909912953,
1.),(1.,0.707106781186547,1.)))
REPRESENTATION_ITEM('')
SURFACE()
);
#91=(
BOUNDED_SURFACE()
B_SPLINE_SURFACE(3,2,((#4269,#4270,#4271),(#4272,#4273,#4274),(#4275,#4276,
#4277),(#4278,#4279,#4280)),.UNSPECIFIED.,.F.,.F.,.F.)
B_SPLINE_SURFACE_WITH_KNOTS((4,4),(3,3),(0.,1.),(0.,1.),.UNSPECIFIED.)
GEOMETRIC_REPRESENTATION_ITEM()
RATIONAL_B_SPLINE_SURFACE(((1.,0.707106781186548,1.),(1.,0.707106781186548,
1.),(1.,0.707106781186547,1.),(1.,0.707106781186547,1.)))
REPRESENTATION_ITEM('')
SURFACE()
);
#92=(
BOUNDED_SURFACE()
B_SPLINE_SURFACE(3,2,((#4322,#4323,#4324),(#4325,#4326,#4327),(#4328,#4329,
#4330),(#4331,#4332,#4333),(#4334,#4335,#4336),(#4337,#4338,#4339)),
 .UNSPECIFIED.,.F.,.F.,.F.)
B_SPLINE_SURFACE_WITH_KNOTS((4,2,4),(3,3),(0.,0.5,1.),(0.,1.),
 .UNSPECIFIED.)
GEOMETRIC_REPRESENTATION_ITEM()
RATIONAL_B_SPLINE_SURFACE(((1.,0.209223289316879,1.),(1.,0.223160468323025,
1.),(1.,0.348846178088329,1.),(1.,0.56247905608058,1.),(1.,0.665083770887188,
1.),(1.,0.734322509433164,1.)))
REPRESENTATION_ITEM('')
SURFACE()
);
#93=(
BOUNDED_SURFACE()
B_SPLINE_SURFACE(3,2,((#4344,#4345,#4346),(#4347,#4348,#4349),(#4350,#4351,
#4352),(#4353,#4354,#4355),(#4356,#4357,#4358),(#4359,#4360,#4361)),
 .UNSPECIFIED.,.F.,.F.,.F.)
B_SPLINE_SURFACE_WITH_KNOTS((4,2,4),(3,3),(0.,0.5,1.),(0.,1.),
 .UNSPECIFIED.)
GEOMETRIC_REPRESENTATION_ITEM()
RATIONAL_B_SPLINE_SURFACE(((1.,0.734322509435685,1.),(1.,0.665616656212261,
1.),(1.,0.561109977709668,1.),(1.,0.348526862621815,1.),(1.,0.222807697737861,
1.),(1.,0.209223289291957,1.)))
REPRESENTATION_ITEM('')
SURFACE()
);
#94=SURFACE_OF_LINEAR_EXTRUSION('',#821,#2554);
#95=OVER_RIDING_STYLED_ITEM('',(#178),#965,#172);
#96=OVER_RIDING_STYLED_ITEM('',(#179),#966,#172);
#97=OVER_RIDING_STYLED_ITEM('',(#180),#967,#172);
#98=OVER_RIDING_STYLED_ITEM('',(#181),#968,#172);
#99=OVER_RIDING_STYLED_ITEM('',(#182),#969,#172);
#100=OVER_RIDING_STYLED_ITEM('',(#183),#970,#172);
#101=OVER_RIDING_STYLED_ITEM('',(#184),#971,#172);
#102=OVER_RIDING_STYLED_ITEM('',(#185),#972,#172);
#103=OVER_RIDING_STYLED_ITEM('',(#186),#973,#172);
#104=OVER_RIDING_STYLED_ITEM('',(#187),#974,#172);
#105=OVER_RIDING_STYLED_ITEM('',(#188),#975,#172);
#106=OVER_RIDING_STYLED_ITEM('',(#189),#976,#172);
#107=OVER_RIDING_STYLED_ITEM('',(#190),#977,#172);
#108=OVER_RIDING_STYLED_ITEM('',(#191),#978,#172);
#109=OVER_RIDING_STYLED_ITEM('',(#192),#979,#172);
#110=OVER_RIDING_STYLED_ITEM('',(#193),#980,#172);
#111=OVER_RIDING_STYLED_ITEM('',(#194),#981,#172);
#112=OVER_RIDING_STYLED_ITEM('',(#195),#982,#172);
#113=OVER_RIDING_STYLED_ITEM('',(#196),#983,#172);
#114=OVER_RIDING_STYLED_ITEM('',(#197),#984,#172);
#115=OVER_RIDING_STYLED_ITEM('',(#198),#985,#172);
#116=OVER_RIDING_STYLED_ITEM('',(#199),#986,#172);
#117=OVER_RIDING_STYLED_ITEM('',(#200),#987,#172);
#118=OVER_RIDING_STYLED_ITEM('',(#201),#988,#172);
#119=OVER_RIDING_STYLED_ITEM('',(#202),#989,#172);
#120=OVER_RIDING_STYLED_ITEM('',(#203),#990,#172);
#121=OVER_RIDING_STYLED_ITEM('',(#204),#991,#172);
#122=OVER_RIDING_STYLED_ITEM('',(#205),#992,#172);
#123=OVER_RIDING_STYLED_ITEM('',(#206),#993,#172);
#124=OVER_RIDING_STYLED_ITEM('',(#207),#994,#172);
#125=OVER_RIDING_STYLED_ITEM('',(#208),#995,#172);
#126=OVER_RIDING_STYLED_ITEM('',(#209),#996,#172);
#127=OVER_RIDING_STYLED_ITEM('',(#210),#997,#172);
#128=OVER_RIDING_STYLED_ITEM('',(#212),#998,#173);
#129=OVER_RIDING_STYLED_ITEM('',(#213),#999,#173);
#130=OVER_RIDING_STYLED_ITEM('',(#214),#1000,#173);
#131=OVER_RIDING_STYLED_ITEM('',(#216),#1010,#174);
#132=OVER_RIDING_STYLED_ITEM('',(#217),#1011,#174);
#133=OVER_RIDING_STYLED_ITEM('',(#218),#1013,#174);
#134=OVER_RIDING_STYLED_ITEM('',(#219),#1015,#174);
#135=OVER_RIDING_STYLED_ITEM('',(#220),#1016,#174);
#136=OVER_RIDING_STYLED_ITEM('',(#221),#1017,#174);
#137=OVER_RIDING_STYLED_ITEM('',(#222),#1018,#174);
#138=OVER_RIDING_STYLED_ITEM('',(#223),#1019,#174);
#139=OVER_RIDING_STYLED_ITEM('',(#224),#1020,#174);
#140=OVER_RIDING_STYLED_ITEM('',(#225),#1021,#174);
#141=OVER_RIDING_STYLED_ITEM('',(#226),#1022,#174);
#142=OVER_RIDING_STYLED_ITEM('',(#227),#1023,#174);
#143=OVER_RIDING_STYLED_ITEM('',(#228),#1024,#174);
#144=OVER_RIDING_STYLED_ITEM('',(#229),#1025,#174);
#145=OVER_RIDING_STYLED_ITEM('',(#230),#1026,#174);
#146=OVER_RIDING_STYLED_ITEM('',(#231),#1027,#174);
#147=OVER_RIDING_STYLED_ITEM('',(#232),#1028,#174);
#148=OVER_RIDING_STYLED_ITEM('',(#233),#1029,#174);
#149=OVER_RIDING_STYLED_ITEM('',(#234),#1030,#174);
#150=OVER_RIDING_STYLED_ITEM('',(#236),#1032,#175);
#151=OVER_RIDING_STYLED_ITEM('',(#237),#1033,#175);
#152=OVER_RIDING_STYLED_ITEM('',(#238),#1034,#175);
#153=OVER_RIDING_STYLED_ITEM('',(#239),#1035,#175);
#154=OVER_RIDING_STYLED_ITEM('',(#240),#1036,#175);
#155=OVER_RIDING_STYLED_ITEM('',(#241),#1037,#175);
#156=OVER_RIDING_STYLED_ITEM('',(#242),#1038,#175);
#157=OVER_RIDING_STYLED_ITEM('',(#243),#1039,#175);
#158=OVER_RIDING_STYLED_ITEM('',(#244),#1040,#175);
#159=OVER_RIDING_STYLED_ITEM('',(#245),#1041,#175);
#160=OVER_RIDING_STYLED_ITEM('',(#246),#1042,#175);
#161=OVER_RIDING_STYLED_ITEM('',(#247),#1043,#175);
#162=OVER_RIDING_STYLED_ITEM('',(#248),#1044,#175);
#163=OVER_RIDING_STYLED_ITEM('',(#249),#1045,#175);
#164=OVER_RIDING_STYLED_ITEM('',(#250),#1046,#175);
#165=OVER_RIDING_STYLED_ITEM('',(#251),#1047,#175);
#166=OVER_RIDING_STYLED_ITEM('',(#252),#1048,#175);
#167=OVER_RIDING_STYLED_ITEM('',(#253),#1049,#175);
#168=OVER_RIDING_STYLED_ITEM('',(#254),#1050,#175);
#169=OVER_RIDING_STYLED_ITEM('',(#255),#1051,#175);
#170=COLOUR_RGB('medium steel',0.596078431372549,0.666666666666667,0.686274509803922);
#171=PRESENTATION_LAYER_ASSIGNMENT('1','Layer 1',(#658,#659,#660,#661,#662));
#172=STYLED_ITEM('',(#177),#658);
#173=STYLED_ITEM('',(#211),#659);
#174=STYLED_ITEM('',(#215),#660);
#175=STYLED_ITEM('',(#235),#661);
#176=STYLED_ITEM('',(#256),#662);
#177=PRESENTATION_STYLE_ASSIGNMENT((#257));
#178=PRESENTATION_STYLE_ASSIGNMENT((#258));
#179=PRESENTATION_STYLE_ASSIGNMENT((#259));
#180=PRESENTATION_STYLE_ASSIGNMENT((#260));
#181=PRESENTATION_STYLE_ASSIGNMENT((#261));
#182=PRESENTATION_STYLE_ASSIGNMENT((#262));
#183=PRESENTATION_STYLE_ASSIGNMENT((#263));
#184=PRESENTATION_STYLE_ASSIGNMENT((#264));
#185=PRESENTATION_STYLE_ASSIGNMENT((#265));
#186=PRESENTATION_STYLE_ASSIGNMENT((#266));
#187=PRESENTATION_STYLE_ASSIGNMENT((#267));
#188=PRESENTATION_STYLE_ASSIGNMENT((#268));
#189=PRESENTATION_STYLE_ASSIGNMENT((#269));
#190=PRESENTATION_STYLE_ASSIGNMENT((#270));
#191=PRESENTATION_STYLE_ASSIGNMENT((#271));
#192=PRESENTATION_STYLE_ASSIGNMENT((#272));
#193=PRESENTATION_STYLE_ASSIGNMENT((#273));
#194=PRESENTATION_STYLE_ASSIGNMENT((#274));
#195=PRESENTATION_STYLE_ASSIGNMENT((#275));
#196=PRESENTATION_STYLE_ASSIGNMENT((#276));
#197=PRESENTATION_STYLE_ASSIGNMENT((#277));
#198=PRESENTATION_STYLE_ASSIGNMENT((#278));
#199=PRESENTATION_STYLE_ASSIGNMENT((#279));
#200=PRESENTATION_STYLE_ASSIGNMENT((#280));
#201=PRESENTATION_STYLE_ASSIGNMENT((#281));
#202=PRESENTATION_STYLE_ASSIGNMENT((#282));
#203=PRESENTATION_STYLE_ASSIGNMENT((#283));
#204=PRESENTATION_STYLE_ASSIGNMENT((#284));
#205=PRESENTATION_STYLE_ASSIGNMENT((#285));
#206=PRESENTATION_STYLE_ASSIGNMENT((#286));
#207=PRESENTATION_STYLE_ASSIGNMENT((#287));
#208=PRESENTATION_STYLE_ASSIGNMENT((#288));
#209=PRESENTATION_STYLE_ASSIGNMENT((#289));
#210=PRESENTATION_STYLE_ASSIGNMENT((#290));
#211=PRESENTATION_STYLE_ASSIGNMENT((#291));
#212=PRESENTATION_STYLE_ASSIGNMENT((#292));
#213=PRESENTATION_STYLE_ASSIGNMENT((#293));
#214=PRESENTATION_STYLE_ASSIGNMENT((#294));
#215=PRESENTATION_STYLE_ASSIGNMENT((#295));
#216=PRESENTATION_STYLE_ASSIGNMENT((#296));
#217=PRESENTATION_STYLE_ASSIGNMENT((#297));
#218=PRESENTATION_STYLE_ASSIGNMENT((#298));
#219=PRESENTATION_STYLE_ASSIGNMENT((#299));
#220=PRESENTATION_STYLE_ASSIGNMENT((#300));
#221=PRESENTATION_STYLE_ASSIGNMENT((#301));
#222=PRESENTATION_STYLE_ASSIGNMENT((#302));
#223=PRESENTATION_STYLE_ASSIGNMENT((#303));
#224=PRESENTATION_STYLE_ASSIGNMENT((#304));
#225=PRESENTATION_STYLE_ASSIGNMENT((#305));
#226=PRESENTATION_STYLE_ASSIGNMENT((#306));
#227=PRESENTATION_STYLE_ASSIGNMENT((#307));
#228=PRESENTATION_STYLE_ASSIGNMENT((#308));
#229=PRESENTATION_STYLE_ASSIGNMENT((#309));
#230=PRESENTATION_STYLE_ASSIGNMENT((#310));
#231=PRESENTATION_STYLE_ASSIGNMENT((#311));
#232=PRESENTATION_STYLE_ASSIGNMENT((#312));
#233=PRESENTATION_STYLE_ASSIGNMENT((#313));
#234=PRESENTATION_STYLE_ASSIGNMENT((#314));
#235=PRESENTATION_STYLE_ASSIGNMENT((#315));
#236=PRESENTATION_STYLE_ASSIGNMENT((#316));
#237=PRESENTATION_STYLE_ASSIGNMENT((#317));
#238=PRESENTATION_STYLE_ASSIGNMENT((#318));
#239=PRESENTATION_STYLE_ASSIGNMENT((#319));
#240=PRESENTATION_STYLE_ASSIGNMENT((#320));
#241=PRESENTATION_STYLE_ASSIGNMENT((#321));
#242=PRESENTATION_STYLE_ASSIGNMENT((#322));
#243=PRESENTATION_STYLE_ASSIGNMENT((#323));
#244=PRESENTATION_STYLE_ASSIGNMENT((#324));
#245=PRESENTATION_STYLE_ASSIGNMENT((#325));
#246=PRESENTATION_STYLE_ASSIGNMENT((#326));
#247=PRESENTATION_STYLE_ASSIGNMENT((#327));
#248=PRESENTATION_STYLE_ASSIGNMENT((#328));
#249=PRESENTATION_STYLE_ASSIGNMENT((#329));
#250=PRESENTATION_STYLE_ASSIGNMENT((#330));
#251=PRESENTATION_STYLE_ASSIGNMENT((#331));
#252=PRESENTATION_STYLE_ASSIGNMENT((#332));
#253=PRESENTATION_STYLE_ASSIGNMENT((#333));
#254=PRESENTATION_STYLE_ASSIGNMENT((#334));
#255=PRESENTATION_STYLE_ASSIGNMENT((#335));
#256=PRESENTATION_STYLE_ASSIGNMENT((#336));
#257=SURFACE_STYLE_USAGE(.BOTH.,#337);
#258=SURFACE_STYLE_USAGE(.BOTH.,#338);
#259=SURFACE_STYLE_USAGE(.BOTH.,#339);
#260=SURFACE_STYLE_USAGE(.BOTH.,#340);
#261=SURFACE_STYLE_USAGE(.BOTH.,#341);
#262=SURFACE_STYLE_USAGE(.BOTH.,#342);
#263=SURFACE_STYLE_USAGE(.BOTH.,#343);
#264=SURFACE_STYLE_USAGE(.BOTH.,#344);
#265=SURFACE_STYLE_USAGE(.BOTH.,#345);
#266=SURFACE_STYLE_USAGE(.BOTH.,#346);
#267=SURFACE_STYLE_USAGE(.BOTH.,#347);
#268=SURFACE_STYLE_USAGE(.BOTH.,#348);
#269=SURFACE_STYLE_USAGE(.BOTH.,#349);
#270=SURFACE_STYLE_USAGE(.BOTH.,#350);
#271=SURFACE_STYLE_USAGE(.BOTH.,#351);
#272=SURFACE_STYLE_USAGE(.BOTH.,#352);
#273=SURFACE_STYLE_USAGE(.BOTH.,#353);
#274=SURFACE_STYLE_USAGE(.BOTH.,#354);
#275=SURFACE_STYLE_USAGE(.BOTH.,#355);
#276=SURFACE_STYLE_USAGE(.BOTH.,#356);
#277=SURFACE_STYLE_USAGE(.BOTH.,#357);
#278=SURFACE_STYLE_USAGE(.BOTH.,#358);
#279=SURFACE_STYLE_USAGE(.BOTH.,#359);
#280=SURFACE_STYLE_USAGE(.BOTH.,#360);
#281=SURFACE_STYLE_USAGE(.BOTH.,#361);
#282=SURFACE_STYLE_USAGE(.BOTH.,#362);
#283=SURFACE_STYLE_USAGE(.BOTH.,#363);
#284=SURFACE_STYLE_USAGE(.BOTH.,#364);
#285=SURFACE_STYLE_USAGE(.BOTH.,#365);
#286=SURFACE_STYLE_USAGE(.BOTH.,#366);
#287=SURFACE_STYLE_USAGE(.BOTH.,#367);
#288=SURFACE_STYLE_USAGE(.BOTH.,#368);
#289=SURFACE_STYLE_USAGE(.BOTH.,#369);
#290=SURFACE_STYLE_USAGE(.BOTH.,#370);
#291=SURFACE_STYLE_USAGE(.BOTH.,#371);
#292=SURFACE_STYLE_USAGE(.BOTH.,#372);
#293=SURFACE_STYLE_USAGE(.BOTH.,#373);
#294=SURFACE_STYLE_USAGE(.BOTH.,#374);
#295=SURFACE_STYLE_USAGE(.BOTH.,#375);
#296=SURFACE_STYLE_USAGE(.BOTH.,#376);
#297=SURFACE_STYLE_USAGE(.BOTH.,#377);
#298=SURFACE_STYLE_USAGE(.BOTH.,#378);
#299=SURFACE_STYLE_USAGE(.BOTH.,#379);
#300=SURFACE_STYLE_USAGE(.BOTH.,#380);
#301=SURFACE_STYLE_USAGE(.BOTH.,#381);
#302=SURFACE_STYLE_USAGE(.BOTH.,#382);
#303=SURFACE_STYLE_USAGE(.BOTH.,#383);
#304=SURFACE_STYLE_USAGE(.BOTH.,#384);
#305=SURFACE_STYLE_USAGE(.BOTH.,#385);
#306=SURFACE_STYLE_USAGE(.BOTH.,#386);
#307=SURFACE_STYLE_USAGE(.BOTH.,#387);
#308=SURFACE_STYLE_USAGE(.BOTH.,#388);
#309=SURFACE_STYLE_USAGE(.BOTH.,#389);
#310=SURFACE_STYLE_USAGE(.BOTH.,#390);
#311=SURFACE_STYLE_USAGE(.BOTH.,#391);
#312=SURFACE_STYLE_USAGE(.BOTH.,#392);
#313=SURFACE_STYLE_USAGE(.BOTH.,#393);
#314=SURFACE_STYLE_USAGE(.BOTH.,#394);
#315=SURFACE_STYLE_USAGE(.BOTH.,#395);
#316=SURFACE_STYLE_USAGE(.BOTH.,#396);
#317=SURFACE_STYLE_USAGE(.BOTH.,#397);
#318=SURFACE_STYLE_USAGE(.BOTH.,#398);
#319=SURFACE_STYLE_USAGE(.BOTH.,#399);
#320=SURFACE_STYLE_USAGE(.BOTH.,#400);
#321=SURFACE_STYLE_USAGE(.BOTH.,#401);
#322=SURFACE_STYLE_USAGE(.BOTH.,#402);
#323=SURFACE_STYLE_USAGE(.BOTH.,#403);
#324=SURFACE_STYLE_USAGE(.BOTH.,#404);
#325=SURFACE_STYLE_USAGE(.BOTH.,#405);
#326=SURFACE_STYLE_USAGE(.BOTH.,#406);
#327=SURFACE_STYLE_USAGE(.BOTH.,#407);
#328=SURFACE_STYLE_USAGE(.BOTH.,#408);
#329=SURFACE_STYLE_USAGE(.BOTH.,#409);
#330=SURFACE_STYLE_USAGE(.BOTH.,#410);
#331=SURFACE_STYLE_USAGE(.BOTH.,#411);
#332=SURFACE_STYLE_USAGE(.BOTH.,#412);
#333=SURFACE_STYLE_USAGE(.BOTH.,#413);
#334=SURFACE_STYLE_USAGE(.BOTH.,#414);
#335=SURFACE_STYLE_USAGE(.BOTH.,#415);
#336=SURFACE_STYLE_USAGE(.BOTH.,#416);
#337=SURFACE_SIDE_STYLE('',(#417));
#338=SURFACE_SIDE_STYLE('',(#418));
#339=SURFACE_SIDE_STYLE('',(#419));
#340=SURFACE_SIDE_STYLE('',(#420));
#341=SURFACE_SIDE_STYLE('',(#421));
#342=SURFACE_SIDE_STYLE('',(#422));
#343=SURFACE_SIDE_STYLE('',(#423));
#344=SURFACE_SIDE_STYLE('',(#424));
#345=SURFACE_SIDE_STYLE('',(#425));
#346=SURFACE_SIDE_STYLE('',(#426));
#347=SURFACE_SIDE_STYLE('',(#427));
#348=SURFACE_SIDE_STYLE('',(#428));
#349=SURFACE_SIDE_STYLE('',(#429));
#350=SURFACE_SIDE_STYLE('',(#430));
#351=SURFACE_SIDE_STYLE('',(#431));
#352=SURFACE_SIDE_STYLE('',(#432));
#353=SURFACE_SIDE_STYLE('',(#433));
#354=SURFACE_SIDE_STYLE('',(#434));
#355=SURFACE_SIDE_STYLE('',(#435));
#356=SURFACE_SIDE_STYLE('',(#436));
#357=SURFACE_SIDE_STYLE('',(#437));
#358=SURFACE_SIDE_STYLE('',(#438));
#359=SURFACE_SIDE_STYLE('',(#439));
#360=SURFACE_SIDE_STYLE('',(#440));
#361=SURFACE_SIDE_STYLE('',(#441));
#362=SURFACE_SIDE_STYLE('',(#442));
#363=SURFACE_SIDE_STYLE('',(#443));
#364=SURFACE_SIDE_STYLE('',(#444));
#365=SURFACE_SIDE_STYLE('',(#445));
#366=SURFACE_SIDE_STYLE('',(#446));
#367=SURFACE_SIDE_STYLE('',(#447));
#368=SURFACE_SIDE_STYLE('',(#448));
#369=SURFACE_SIDE_STYLE('',(#449));
#370=SURFACE_SIDE_STYLE('',(#450));
#371=SURFACE_SIDE_STYLE('',(#451));
#372=SURFACE_SIDE_STYLE('',(#452));
#373=SURFACE_SIDE_STYLE('',(#453));
#374=SURFACE_SIDE_STYLE('',(#454));
#375=SURFACE_SIDE_STYLE('',(#455));
#376=SURFACE_SIDE_STYLE('',(#456));
#377=SURFACE_SIDE_STYLE('',(#457));
#378=SURFACE_SIDE_STYLE('',(#458));
#379=SURFACE_SIDE_STYLE('',(#459));
#380=SURFACE_SIDE_STYLE('',(#460));
#381=SURFACE_SIDE_STYLE('',(#461));
#382=SURFACE_SIDE_STYLE('',(#462));
#383=SURFACE_SIDE_STYLE('',(#463));
#384=SURFACE_SIDE_STYLE('',(#464));
#385=SURFACE_SIDE_STYLE('',(#465));
#386=SURFACE_SIDE_STYLE('',(#466));
#387=SURFACE_SIDE_STYLE('',(#467));
#388=SURFACE_SIDE_STYLE('',(#468));
#389=SURFACE_SIDE_STYLE('',(#469));
#390=SURFACE_SIDE_STYLE('',(#470));
#391=SURFACE_SIDE_STYLE('',(#471));
#392=SURFACE_SIDE_STYLE('',(#472));
#393=SURFACE_SIDE_STYLE('',(#473));
#394=SURFACE_SIDE_STYLE('',(#474));
#395=SURFACE_SIDE_STYLE('',(#475));
#396=SURFACE_SIDE_STYLE('',(#476));
#397=SURFACE_SIDE_STYLE('',(#477));
#398=SURFACE_SIDE_STYLE('',(#478));
#399=SURFACE_SIDE_STYLE('',(#479));
#400=SURFACE_SIDE_STYLE('',(#480));
#401=SURFACE_SIDE_STYLE('',(#481));
#402=SURFACE_SIDE_STYLE('',(#482));
#403=SURFACE_SIDE_STYLE('',(#483));
#404=SURFACE_SIDE_STYLE('',(#484));
#405=SURFACE_SIDE_STYLE('',(#485));
#406=SURFACE_SIDE_STYLE('',(#486));
#407=SURFACE_SIDE_STYLE('',(#487));
#408=SURFACE_SIDE_STYLE('',(#488));
#409=SURFACE_SIDE_STYLE('',(#489));
#410=SURFACE_SIDE_STYLE('',(#490));
#411=SURFACE_SIDE_STYLE('',(#491));
#412=SURFACE_SIDE_STYLE('',(#492));
#413=SURFACE_SIDE_STYLE('',(#493));
#414=SURFACE_SIDE_STYLE('',(#494));
#415=SURFACE_SIDE_STYLE('',(#495));
#416=SURFACE_SIDE_STYLE('',(#496));
#417=SURFACE_STYLE_FILL_AREA(#497);
#418=SURFACE_STYLE_FILL_AREA(#498);
#419=SURFACE_STYLE_FILL_AREA(#499);
#420=SURFACE_STYLE_FILL_AREA(#500);
#421=SURFACE_STYLE_FILL_AREA(#501);
#422=SURFACE_STYLE_FILL_AREA(#502);
#423=SURFACE_STYLE_FILL_AREA(#503);
#424=SURFACE_STYLE_FILL_AREA(#504);
#425=SURFACE_STYLE_FILL_AREA(#505);
#426=SURFACE_STYLE_FILL_AREA(#506);
#427=SURFACE_STYLE_FILL_AREA(#507);
#428=SURFACE_STYLE_FILL_AREA(#508);
#429=SURFACE_STYLE_FILL_AREA(#509);
#430=SURFACE_STYLE_FILL_AREA(#510);
#431=SURFACE_STYLE_FILL_AREA(#511);
#432=SURFACE_STYLE_FILL_AREA(#512);
#433=SURFACE_STYLE_FILL_AREA(#513);
#434=SURFACE_STYLE_FILL_AREA(#514);
#435=SURFACE_STYLE_FILL_AREA(#515);
#436=SURFACE_STYLE_FILL_AREA(#516);
#437=SURFACE_STYLE_FILL_AREA(#517);
#438=SURFACE_STYLE_FILL_AREA(#518);
#439=SURFACE_STYLE_FILL_AREA(#519);
#440=SURFACE_STYLE_FILL_AREA(#520);
#441=SURFACE_STYLE_FILL_AREA(#521);
#442=SURFACE_STYLE_FILL_AREA(#522);
#443=SURFACE_STYLE_FILL_AREA(#523);
#444=SURFACE_STYLE_FILL_AREA(#524);
#445=SURFACE_STYLE_FILL_AREA(#525);
#446=SURFACE_STYLE_FILL_AREA(#526);
#447=SURFACE_STYLE_FILL_AREA(#527);
#448=SURFACE_STYLE_FILL_AREA(#528);
#449=SURFACE_STYLE_FILL_AREA(#529);
#450=SURFACE_STYLE_FILL_AREA(#530);
#451=SURFACE_STYLE_FILL_AREA(#531);
#452=SURFACE_STYLE_FILL_AREA(#532);
#453=SURFACE_STYLE_FILL_AREA(#533);
#454=SURFACE_STYLE_FILL_AREA(#534);
#455=SURFACE_STYLE_FILL_AREA(#535);
#456=SURFACE_STYLE_FILL_AREA(#536);
#457=SURFACE_STYLE_FILL_AREA(#537);
#458=SURFACE_STYLE_FILL_AREA(#538);
#459=SURFACE_STYLE_FILL_AREA(#539);
#460=SURFACE_STYLE_FILL_AREA(#540);
#461=SURFACE_STYLE_FILL_AREA(#541);
#462=SURFACE_STYLE_FILL_AREA(#542);
#463=SURFACE_STYLE_FILL_AREA(#543);
#464=SURFACE_STYLE_FILL_AREA(#544);
#465=SURFACE_STYLE_FILL_AREA(#545);
#466=SURFACE_STYLE_FILL_AREA(#546);
#467=SURFACE_STYLE_FILL_AREA(#547);
#468=SURFACE_STYLE_FILL_AREA(#548);
#469=SURFACE_STYLE_FILL_AREA(#549);
#470=SURFACE_STYLE_FILL_AREA(#550);
#471=SURFACE_STYLE_FILL_AREA(#551);
#472=SURFACE_STYLE_FILL_AREA(#552);
#473=SURFACE_STYLE_FILL_AREA(#553);
#474=SURFACE_STYLE_FILL_AREA(#554);
#475=SURFACE_STYLE_FILL_AREA(#555);
#476=SURFACE_STYLE_FILL_AREA(#556);
#477=SURFACE_STYLE_FILL_AREA(#557);
#478=SURFACE_STYLE_FILL_AREA(#558);
#479=SURFACE_STYLE_FILL_AREA(#559);
#480=SURFACE_STYLE_FILL_AREA(#560);
#481=SURFACE_STYLE_FILL_AREA(#561);
#482=SURFACE_STYLE_FILL_AREA(#562);
#483=SURFACE_STYLE_FILL_AREA(#563);
#484=SURFACE_STYLE_FILL_AREA(#564);
#485=SURFACE_STYLE_FILL_AREA(#565);
#486=SURFACE_STYLE_FILL_AREA(#566);
#487=SURFACE_STYLE_FILL_AREA(#567);
#488=SURFACE_STYLE_FILL_AREA(#568);
#489=SURFACE_STYLE_FILL_AREA(#569);
#490=SURFACE_STYLE_FILL_AREA(#570);
#491=SURFACE_STYLE_FILL_AREA(#571);
#492=SURFACE_STYLE_FILL_AREA(#572);
#493=SURFACE_STYLE_FILL_AREA(#573);
#494=SURFACE_STYLE_FILL_AREA(#574);
#495=SURFACE_STYLE_FILL_AREA(#575);
#496=SURFACE_STYLE_FILL_AREA(#576);
#497=FILL_AREA_STYLE('',(#577));
#498=FILL_AREA_STYLE('',(#578));
#499=FILL_AREA_STYLE('',(#579));
#500=FILL_AREA_STYLE('',(#580));
#501=FILL_AREA_STYLE('',(#581));
#502=FILL_AREA_STYLE('',(#582));
#503=FILL_AREA_STYLE('',(#583));
#504=FILL_AREA_STYLE('',(#584));
#505=FILL_AREA_STYLE('',(#585));
#506=FILL_AREA_STYLE('',(#586));
#507=FILL_AREA_STYLE('',(#587));
#508=FILL_AREA_STYLE('',(#588));
#509=FILL_AREA_STYLE('',(#589));
#510=FILL_AREA_STYLE('',(#590));
#511=FILL_AREA_STYLE('',(#591));
#512=FILL_AREA_STYLE('',(#592));
#513=FILL_AREA_STYLE('',(#593));
#514=FILL_AREA_STYLE('',(#594));
#515=FILL_AREA_STYLE('',(#595));
#516=FILL_AREA_STYLE('',(#596));
#517=FILL_AREA_STYLE('',(#597));
#518=FILL_AREA_STYLE('',(#598));
#519=FILL_AREA_STYLE('',(#599));
#520=FILL_AREA_STYLE('',(#600));
#521=FILL_AREA_STYLE('',(#601));
#522=FILL_AREA_STYLE('',(#602));
#523=FILL_AREA_STYLE('',(#603));
#524=FILL_AREA_STYLE('',(#604));
#525=FILL_AREA_STYLE('',(#605));
#526=FILL_AREA_STYLE('',(#606));
#527=FILL_AREA_STYLE('',(#607));
#528=FILL_AREA_STYLE('',(#608));
#529=FILL_AREA_STYLE('',(#609));
#530=FILL_AREA_STYLE('',(#610));
#531=FILL_AREA_STYLE('',(#611));
#532=FILL_AREA_STYLE('',(#612));
#533=FILL_AREA_STYLE('',(#613));
#534=FILL_AREA_STYLE('',(#614));
#535=FILL_AREA_STYLE('',(#615));
#536=FILL_AREA_STYLE('',(#616));
#537=FILL_AREA_STYLE('',(#617));
#538=FILL_AREA_STYLE('',(#618));
#539=FILL_AREA_STYLE('',(#619));
#540=FILL_AREA_STYLE('',(#620));
#541=FILL_AREA_STYLE('',(#621));
#542=FILL_AREA_STYLE('',(#622));
#543=FILL_AREA_STYLE('',(#623));
#544=FILL_AREA_STYLE('',(#624));
#545=FILL_AREA_STYLE('',(#625));
#546=FILL_AREA_STYLE('',(#626));
#547=FILL_AREA_STYLE('',(#627));
#548=FILL_AREA_STYLE('',(#628));
#549=FILL_AREA_STYLE('',(#629));
#550=FILL_AREA_STYLE('',(#630));
#551=FILL_AREA_STYLE('',(#631));
#552=FILL_AREA_STYLE('',(#632));
#553=FILL_AREA_STYLE('',(#633));
#554=FILL_AREA_STYLE('',(#634));
#555=FILL_AREA_STYLE('',(#635));
#556=FILL_AREA_STYLE('',(#636));
#557=FILL_AREA_STYLE('',(#637));
#558=FILL_AREA_STYLE('',(#638));
#559=FILL_AREA_STYLE('',(#639));
#560=FILL_AREA_STYLE('',(#640));
#561=FILL_AREA_STYLE('',(#641));
#562=FILL_AREA_STYLE('',(#642));
#563=FILL_AREA_STYLE('',(#643));
#564=FILL_AREA_STYLE('',(#644));
#565=FILL_AREA_STYLE('',(#645));
#566=FILL_AREA_STYLE('',(#646));
#567=FILL_AREA_STYLE('',(#647));
#568=FILL_AREA_STYLE('',(#648));
#569=FILL_AREA_STYLE('',(#649));
#570=FILL_AREA_STYLE('',(#650));
#571=FILL_AREA_STYLE('',(#651));
#572=FILL_AREA_STYLE('',(#652));
#573=FILL_AREA_STYLE('',(#653));
#574=FILL_AREA_STYLE('',(#654));
#575=FILL_AREA_STYLE('',(#655));
#576=FILL_AREA_STYLE('',(#656));
#577=FILL_AREA_STYLE_COLOUR('',#657);
#578=FILL_AREA_STYLE_COLOUR('',#170);
#579=FILL_AREA_STYLE_COLOUR('',#170);
#580=FILL_AREA_STYLE_COLOUR('',#170);
#581=FILL_AREA_STYLE_COLOUR('',#170);
#582=FILL_AREA_STYLE_COLOUR('',#170);
#583=FILL_AREA_STYLE_COLOUR('',#170);
#584=FILL_AREA_STYLE_COLOUR('',#170);
#585=FILL_AREA_STYLE_COLOUR('',#170);
#586=FILL_AREA_STYLE_COLOUR('',#170);
#587=FILL_AREA_STYLE_COLOUR('',#170);
#588=FILL_AREA_STYLE_COLOUR('',#170);
#589=FILL_AREA_STYLE_COLOUR('',#170);
#590=FILL_AREA_STYLE_COLOUR('',#170);
#591=FILL_AREA_STYLE_COLOUR('',#170);
#592=FILL_AREA_STYLE_COLOUR('',#170);
#593=FILL_AREA_STYLE_COLOUR('',#170);
#594=FILL_AREA_STYLE_COLOUR('',#170);
#595=FILL_AREA_STYLE_COLOUR('',#170);
#596=FILL_AREA_STYLE_COLOUR('',#170);
#597=FILL_AREA_STYLE_COLOUR('',#170);
#598=FILL_AREA_STYLE_COLOUR('',#170);
#599=FILL_AREA_STYLE_COLOUR('',#170);
#600=FILL_AREA_STYLE_COLOUR('',#170);
#601=FILL_AREA_STYLE_COLOUR('',#170);
#602=FILL_AREA_STYLE_COLOUR('',#170);
#603=FILL_AREA_STYLE_COLOUR('',#170);
#604=FILL_AREA_STYLE_COLOUR('',#170);
#605=FILL_AREA_STYLE_COLOUR('',#170);
#606=FILL_AREA_STYLE_COLOUR('',#170);
#607=FILL_AREA_STYLE_COLOUR('',#170);
#608=FILL_AREA_STYLE_COLOUR('',#170);
#609=FILL_AREA_STYLE_COLOUR('',#170);
#610=FILL_AREA_STYLE_COLOUR('',#170);
#611=FILL_AREA_STYLE_COLOUR('',#657);
#612=FILL_AREA_STYLE_COLOUR('',#170);
#613=FILL_AREA_STYLE_COLOUR('',#170);
#614=FILL_AREA_STYLE_COLOUR('',#170);
#615=FILL_AREA_STYLE_COLOUR('',#657);
#616=FILL_AREA_STYLE_COLOUR('',#170);
#617=FILL_AREA_STYLE_COLOUR('',#170);
#618=FILL_AREA_STYLE_COLOUR('',#170);
#619=FILL_AREA_STYLE_COLOUR('',#170);
#620=FILL_AREA_STYLE_COLOUR('',#170);
#621=FILL_AREA_STYLE_COLOUR('',#170);
#622=FILL_AREA_STYLE_COLOUR('',#170);
#623=FILL_AREA_STYLE_COLOUR('',#170);
#624=FILL_AREA_STYLE_COLOUR('',#170);
#625=FILL_AREA_STYLE_COLOUR('',#170);
#626=FILL_AREA_STYLE_COLOUR('',#170);
#627=FILL_AREA_STYLE_COLOUR('',#170);
#628=FILL_AREA_STYLE_COLOUR('',#170);
#629=FILL_AREA_STYLE_COLOUR('',#170);
#630=FILL_AREA_STYLE_COLOUR('',#170);
#631=FILL_AREA_STYLE_COLOUR('',#170);
#632=FILL_AREA_STYLE_COLOUR('',#170);
#633=FILL_AREA_STYLE_COLOUR('',#170);
#634=FILL_AREA_STYLE_COLOUR('',#170);
#635=FILL_AREA_STYLE_COLOUR('',#657);
#636=FILL_AREA_STYLE_COLOUR('',#170);
#637=FILL_AREA_STYLE_COLOUR('',#170);
#638=FILL_AREA_STYLE_COLOUR('',#170);
#639=FILL_AREA_STYLE_COLOUR('',#170);
#640=FILL_AREA_STYLE_COLOUR('',#170);
#641=FILL_AREA_STYLE_COLOUR('',#170);
#642=FILL_AREA_STYLE_COLOUR('',#170);
#643=FILL_AREA_STYLE_COLOUR('',#170);
#644=FILL_AREA_STYLE_COLOUR('',#170);
#645=FILL_AREA_STYLE_COLOUR('',#170);
#646=FILL_AREA_STYLE_COLOUR('',#170);
#647=FILL_AREA_STYLE_COLOUR('',#170);
#648=FILL_AREA_STYLE_COLOUR('',#170);
#649=FILL_AREA_STYLE_COLOUR('',#170);
#650=FILL_AREA_STYLE_COLOUR('',#170);
#651=FILL_AREA_STYLE_COLOUR('',#170);
#652=FILL_AREA_STYLE_COLOUR('',#170);
#653=FILL_AREA_STYLE_COLOUR('',#170);
#654=FILL_AREA_STYLE_COLOUR('',#170);
#655=FILL_AREA_STYLE_COLOUR('',#170);
#656=FILL_AREA_STYLE_COLOUR('',#170);
#657=DRAUGHTING_PRE_DEFINED_COLOUR('black');
#658=MANIFOLD_SOLID_BREP('SOLID1',#663);
#659=MANIFOLD_SOLID_BREP('SOLID1',#664);
#660=MANIFOLD_SOLID_BREP('SOLID1',#665);
#661=MANIFOLD_SOLID_BREP('SOLID1',#666);
#662=MANIFOLD_SOLID_BREP('',#667);
#663=CLOSED_SHELL('',(#965,#966,#967,#968,#969,#970,#971,#972,#973,#974,
#975,#976,#977,#978,#979,#980,#981,#982,#983,#984,#985,#986,#987,#988,#989,
#990,#991,#992,#993,#994,#995,#996,#997));
#664=CLOSED_SHELL('',(#998,#999,#1000,#1001));
#665=CLOSED_SHELL('',(#1002,#1003,#1004,#1005,#1006,#1007,#1008,#1009,#1010,
#1011,#1012,#1013,#1014,#1015,#1016,#1017,#1018,#1019,#1020,#1021,#1022,
#1023,#1024,#1025,#1026,#1027,#1028,#1029,#1030,#1031));
#666=CLOSED_SHELL('',(#1032,#1033,#1034,#1035,#1036,#1037,#1038,#1039,#1040,
#1041,#1042,#1043,#1044,#1045,#1046,#1047,#1048,#1049,#1050,#1051,#1052));
#667=CLOSED_SHELL('',(#1053,#1054,#1055,#1056,#1057,#1058,#1059,#1060,#1061,
#1062,#1063,#1064,#1065,#1066,#1067,#1068,#1069,#1070,#1071,#1072,#1073,
#1074,#1075,#1076,#1077,#1078,#1079,#1080,#1081,#1082,#1083,#1084,#1085,
#1086));
#668=CONICAL_SURFACE('',#2594,0.177834620444898,45.6233649548857);
#669=CONICAL_SURFACE('',#2596,0.173694030590332,44.3766350436245);
#670=CONICAL_SURFACE('',#2598,0.178859410145377,56.5558264494561);
#671=CONICAL_SURFACE('',#2602,0.177832063258012,45.710325732243);
#672=CONICAL_SURFACE('',#2604,0.173688569593445,44.3468669981685);
#673=CONICAL_SURFACE('',#2605,0.178856506335404,56.6427872270975);
#674=CONICAL_SURFACE('',#2609,0.177834620444895,45.6233649548849);
#675=CONICAL_SURFACE('',#2611,0.17369403059033,44.3766350436269);
#676=CONICAL_SURFACE('',#2613,0.178859410145375,56.5558264494549);
#677=CONICAL_SURFACE('',#2617,0.17783206325801,45.7103257322415);
#678=CONICAL_SURFACE('',#2619,0.173688569593444,44.3468669981693);
#679=CONICAL_SURFACE('',#2620,0.178856506335402,56.6427872270959);
#680=CONICAL_SURFACE('',#2621,0.05,12.3800903190004);
#681=CONICAL_SURFACE('',#2647,0.107925,7.79054498506215);
#682=CONICAL_SURFACE('',#2700,0.178859410145394,56.5558264494567);
#683=CONICAL_SURFACE('',#2702,0.173694030590349,44.3766350436296);
#684=CONICAL_SURFACE('',#2704,0.177834620444915,45.6233649548857);
#685=CONICAL_SURFACE('',#2713,0.177832063258029,45.7103257322426);
#686=CONICAL_SURFACE('',#2715,0.173688569593462,44.3468669981701);
#687=CONICAL_SURFACE('',#2717,0.178856506335421,56.6427872270978);
#688=CONICAL_SURFACE('',#2761,0.0975455973886165,4.50000000000001);
#689=TOROIDAL_SURFACE('',#2580,0.20300000000001,0.01585);
#690=TOROIDAL_SURFACE('',#2739,0.06585,0.05);
#691=TOROIDAL_SURFACE('',#2750,0.21585,0.1);
#692=TOROIDAL_SURFACE('',#2751,0.13585,0.02);
#693=TOROIDAL_SURFACE('',#2768,0.105608976702829,0.01);
#694=TOROIDAL_SURFACE('',#2770,0.103519710803083,0.01);
#695=FACE_BOUND('',#1214,.T.);
#696=FACE_BOUND('',#1215,.T.);
#697=FACE_BOUND('',#1216,.T.);
#698=FACE_BOUND('',#1217,.T.);
#699=FACE_BOUND('',#1220,.T.);
#700=FACE_BOUND('',#1221,.T.);
#701=FACE_BOUND('',#1222,.T.);
#702=FACE_BOUND('',#1223,.T.);
#703=FACE_BOUND('',#1224,.T.);
#704=FACE_BOUND('',#1225,.T.);
#705=FACE_BOUND('',#1226,.T.);
#706=FACE_BOUND('',#1227,.T.);
#707=FACE_BOUND('',#1228,.T.);
#708=FACE_BOUND('',#1229,.T.);
#709=FACE_BOUND('',#1230,.T.);
#710=FACE_BOUND('',#1231,.T.);
#711=FACE_BOUND('',#1233,.T.);
#712=FACE_BOUND('',#1234,.T.);
#713=FACE_BOUND('',#1235,.T.);
#714=FACE_BOUND('',#1236,.T.);
#715=FACE_BOUND('',#1237,.T.);
#716=FACE_BOUND('',#1238,.T.);
#717=FACE_BOUND('',#1239,.T.);
#718=FACE_BOUND('',#1240,.T.);
#719=FACE_BOUND('',#1241,.T.);
#720=FACE_BOUND('',#1242,.T.);
#721=FACE_BOUND('',#1243,.T.);
#722=FACE_BOUND('',#1244,.T.);
#723=FACE_BOUND('',#1245,.T.);
#724=FACE_BOUND('',#1246,.T.);
#725=FACE_BOUND('',#1247,.T.);
#726=FACE_BOUND('',#1248,.T.);
#727=FACE_BOUND('',#1249,.T.);
#728=FACE_BOUND('',#1250,.T.);
#729=FACE_BOUND('',#1251,.T.);
#730=FACE_BOUND('',#1252,.T.);
#731=FACE_BOUND('',#1253,.T.);
#732=FACE_BOUND('',#1254,.T.);
#733=FACE_BOUND('',#1255,.T.);
#734=FACE_BOUND('',#1256,.T.);
#735=FACE_BOUND('',#1257,.T.);
#736=FACE_BOUND('',#1258,.T.);
#737=FACE_BOUND('',#1259,.T.);
#738=FACE_BOUND('',#1260,.T.);
#739=FACE_BOUND('',#1261,.T.);
#740=FACE_BOUND('',#1262,.T.);
#741=FACE_BOUND('',#1263,.T.);
#742=FACE_BOUND('',#1264,.T.);
#743=FACE_BOUND('',#1265,.T.);
#744=FACE_BOUND('',#1266,.T.);
#745=FACE_BOUND('',#1267,.T.);
#746=FACE_BOUND('',#1268,.T.);
#747=FACE_BOUND('',#1269,.T.);
#748=FACE_BOUND('',#1270,.T.);
#749=FACE_BOUND('',#1271,.T.);
#750=FACE_BOUND('',#1272,.T.);
#751=FACE_BOUND('',#1273,.T.);
#752=FACE_BOUND('',#1274,.T.);
#753=FACE_BOUND('',#1282,.T.);
#754=FACE_BOUND('',#1283,.T.);
#755=FACE_BOUND('',#1284,.T.);
#756=FACE_BOUND('',#1285,.T.);
#757=FACE_BOUND('',#1286,.T.);
#758=FACE_BOUND('',#1287,.T.);
#759=FACE_BOUND('',#1288,.T.);
#760=FACE_BOUND('',#1289,.T.);
#761=FACE_BOUND('',#1291,.T.);
#762=FACE_BOUND('',#1292,.T.);
#763=FACE_BOUND('',#1309,.T.);
#764=FACE_BOUND('',#1310,.T.);
#765=FACE_BOUND('',#1320,.T.);
#766=FACE_BOUND('',#1321,.T.);
#767=FACE_BOUND('',#1322,.T.);
#768=FACE_BOUND('',#1323,.T.);
#769=FACE_BOUND('',#1324,.T.);
#770=FACE_BOUND('',#1325,.T.);
#771=FACE_BOUND('',#1326,.T.);
#772=FACE_BOUND('',#1327,.T.);
#773=FACE_BOUND('',#1330,.T.);
#774=FACE_BOUND('',#1331,.T.);
#775=FACE_BOUND('',#1332,.T.);
#776=FACE_BOUND('',#1333,.T.);
#777=FACE_BOUND('',#1334,.T.);
#778=FACE_BOUND('',#1335,.T.);
#779=FACE_BOUND('',#1336,.T.);
#780=FACE_BOUND('',#1337,.T.);
#781=FACE_BOUND('',#1338,.T.);
#782=FACE_BOUND('',#1339,.T.);
#783=FACE_BOUND('',#1340,.T.);
#784=FACE_BOUND('',#1341,.T.);
#785=FACE_BOUND('',#1342,.T.);
#786=FACE_BOUND('',#1343,.T.);
#787=FACE_BOUND('',#1344,.T.);
#788=FACE_BOUND('',#1349,.T.);
#789=FACE_BOUND('',#1350,.T.);
#790=FACE_BOUND('',#1357,.T.);
#791=FACE_BOUND('',#1358,.T.);
#792=FACE_BOUND('',#1373,.T.);
#793=FACE_BOUND('',#1374,.T.);
#794=FACE_BOUND('',#1375,.T.);
#795=FACE_BOUND('',#1376,.T.);
#796=FACE_BOUND('',#1377,.T.);
#797=FACE_BOUND('',#1378,.T.);
#798=B_SPLINE_CURVE_WITH_KNOTS('',3,(#3381,#3382,#3383,#3384,#3385,#3386),
 .UNSPECIFIED.,.F.,.F.,(4,2,4),(0.,0.5,1.),.UNSPECIFIED.);
#799=B_SPLINE_CURVE_WITH_KNOTS('',3,(#3389,#3390,#3391,#3392),
 .UNSPECIFIED.,.F.,.F.,(4,4),(0.,1.),.UNSPECIFIED.);
#800=B_SPLINE_CURVE_WITH_KNOTS('',3,(#3626,#3627,#3628,#3629),
 .UNSPECIFIED.,.F.,.F.,(4,4),(0.,1.),.UNSPECIFIED.);
#801=B_SPLINE_CURVE_WITH_KNOTS('',3,(#3634,#3635,#3636,#3637),
 .UNSPECIFIED.,.F.,.F.,(4,4),(0.,1.),.UNSPECIFIED.);
#802=B_SPLINE_CURVE_WITH_KNOTS('',3,(#3639,#3640,#3641,#3642),
 .UNSPECIFIED.,.F.,.F.,(4,4),(0.,1.),.UNSPECIFIED.);
#803=B_SPLINE_CURVE_WITH_KNOTS('',3,(#3790,#3791,#3792,#3793,#3794,#3795,
#3796,#3797,#3798,#3799,#3800,#3801,#3802,#3803,#3804,#3805),
 .UNSPECIFIED.,.F.,.F.,(4,3,3,3,3,4),(0.,0.161318199831685,0.428107765574774,
0.80368506198655,0.95057340319977,1.),.UNSPECIFIED.);
#804=B_SPLINE_CURVE_WITH_KNOTS('',3,(#3816,#3817,#3818,#3819,#3820,#3821,
#3822,#3823,#3824,#3825,#3826,#3827,#3828),.UNSPECIFIED.,.F.,.F.,(4,3,3,
3,4),(0.,0.137741514958613,0.461965712691543,0.781540024618448,1.),
 .UNSPECIFIED.);
#805=B_SPLINE_CURVE_WITH_KNOTS('',3,(#3861,#3862,#3863,#3864,#3865,#3866,
#3867,#3868,#3869,#3870,#3871,#3872,#3873,#3874,#3875,#3876,#3877,#3878,
#3879,#3880,#3881,#3882,#3883,#3884,#3885,#3886,#3887,#3888,#3889,#3890,
#3891,#3892,#3893,#3894,#3895,#3896,#3897),.UNSPECIFIED.,.F.,.F.,(4,3,3,
3,3,3,3,3,3,3,3,3,4),(0.,0.0722774545555041,0.218850620023045,0.364541533502998,
0.431337621583061,0.470468633180018,0.503051748107994,0.540353001946415,
0.57448130136234,0.652349938586355,0.72411914376,0.884470371233084,1.),
 .UNSPECIFIED.);
#806=B_SPLINE_CURVE_WITH_KNOTS('',3,(#3899,#3900,#3901,#3902,#3903,#3904,
#3905,#3906,#3907,#3908,#3909,#3910,#3911,#3912,#3913,#3914,#3915,#3916,
#3917,#3918,#3919,#3920),.UNSPECIFIED.,.F.,.F.,(4,3,3,3,3,3,3,4),(0.,0.00029162760773413,
0.0594070326068714,0.118517200688593,0.236584593506838,0.576368618373569,
0.794164687295139,1.),.UNSPECIFIED.);
#807=B_SPLINE_CURVE_WITH_KNOTS('',3,(#3924,#3925,#3926,#3927,#3928,#3929,
#3930),.UNSPECIFIED.,.F.,.F.,(4,3,4),(0.,0.496207860911574,1.),
 .UNSPECIFIED.);
#808=B_SPLINE_CURVE_WITH_KNOTS('',3,(#3931,#3932,#3933,#3934,#3935,#3936,
#3937,#3938,#3939,#3940,#3941,#3942,#3943),.UNSPECIFIED.,.F.,.F.,(4,3,3,
3,4),(0.,0.000374281556441443,0.426158595915902,0.756009661730438,1.),
 .UNSPECIFIED.);
#809=B_SPLINE_CURVE_WITH_KNOTS('',3,(#3945,#3946,#3947,#3948,#3949,#3950,
#3951),.UNSPECIFIED.,.F.,.F.,(4,3,4),(0.,0.503792139088424,1.),
 .UNSPECIFIED.);
#810=B_SPLINE_CURVE_WITH_KNOTS('',3,(#3955,#3956,#3957,#3958,#3959,#3960,
#3961,#3962,#3963,#3964,#3965,#3966,#3967,#3968,#3969,#3970,#3971,#3972,
#3973,#3974,#3975,#3976),.UNSPECIFIED.,.F.,.F.,(4,3,3,3,3,3,3,4),(0.,0.20583531270486,
0.423631381626431,0.763415406493161,0.881482799311401,0.940592967393125,
0.999708372392266,1.),.UNSPECIFIED.);
#811=B_SPLINE_CURVE_WITH_KNOTS('',3,(#3977,#3978,#3979,#3980,#3981,#3982,
#3983,#3984,#3985,#3986,#3987,#3988,#3989),.UNSPECIFIED.,.F.,.F.,(4,3,3,
3,4),(0.,0.243990338269562,0.573841404084097,0.999625718443562,1.),
 .UNSPECIFIED.);
#812=B_SPLINE_CURVE_WITH_KNOTS('',3,(#3991,#3992,#3993,#3994,#3995,#3996,
#3997,#3998,#3999,#4000,#4001,#4002,#4003,#4004,#4005,#4006,#4007,#4008,
#4009,#4010,#4011,#4012),.UNSPECIFIED.,.F.,.F.,(4,3,3,3,3,3,3,4),(0.,0.167430156634969,
0.358871220536314,0.710411249656242,0.852031867172236,0.925427713215762,
0.99970385482798,1.),.UNSPECIFIED.);
#813=B_SPLINE_CURVE_WITH_KNOTS('',3,(#4013,#4014,#4015,#4016,#4017,#4018,
#4019,#4020,#4021,#4022,#4023,#4024,#4025,#4026,#4027,#4028,#4029,#4030,
#4031,#4032,#4033,#4034),.UNSPECIFIED.,.F.,.F.,(4,3,3,3,3,3,3,4),(0.,0.000296145172083361,
0.0745722867842433,0.147968132827771,0.289588750343759,0.641128779463686,
0.832569843365031,1.),.UNSPECIFIED.);
#814=B_SPLINE_CURVE_WITH_KNOTS('',3,(#4036,#4037,#4038,#4039,#4040,#4041,
#4042,#4043,#4044,#4045,#4046,#4047,#4048,#4049,#4050,#4051),
 .UNSPECIFIED.,.F.,.F.,(4,3,3,3,3,4),(0.,0.164273669768329,0.469906350355333,
0.891093986684852,0.999475482745435,1.),.UNSPECIFIED.);
#815=B_SPLINE_CURVE_WITH_KNOTS('',3,(#4052,#4053,#4054,#4055,#4056,#4057,
#4058,#4059,#4060,#4061,#4062,#4063,#4064,#4065,#4066,#4067),
 .UNSPECIFIED.,.F.,.F.,(4,3,3,3,3,4),(0.,0.000524517254565008,0.108906013315149,
0.530093649644668,0.835726330231671,1.),.UNSPECIFIED.);
#816=B_SPLINE_CURVE_WITH_KNOTS('',3,(#4069,#4070,#4071,#4072,#4073,#4074,
#4075),.UNSPECIFIED.,.F.,.F.,(4,3,4),(0.,0.450900521857191,1.),
 .UNSPECIFIED.);
#817=B_SPLINE_CURVE_WITH_KNOTS('',3,(#4078,#4079,#4080,#4081,#4082,#4083,
#4084,#4085,#4086,#4087,#4088,#4089,#4090,#4091,#4092,#4093,#4094,#4095,
#4096,#4097,#4098,#4099,#4100,#4101,#4102,#4103,#4104,#4105,#4106,#4107,
#4108,#4109,#4110,#4111),.UNSPECIFIED.,.F.,.F.,(4,3,3,3,3,3,3,3,3,3,3,4),
(0.,0.0501370352717068,0.213507556867115,0.374610361531063,0.435648273292459,
0.444080092445656,0.495582398762815,0.503040408936825,0.547019951545445,
0.61552011489189,0.751207785317372,1.),.UNSPECIFIED.);
#818=B_SPLINE_CURVE_WITH_KNOTS('',3,(#4113,#4114,#4115,#4116,#4117,#4118,
#4119,#4120,#4121,#4122),.UNSPECIFIED.,.F.,.F.,(4,3,3,4),(0.,0.141965428445211,
0.715811734424704,1.),.UNSPECIFIED.);
#819=B_SPLINE_CURVE_WITH_KNOTS('',3,(#4124,#4125,#4126,#4127,#4128,#4129,
#4130,#4131,#4132,#4133),.UNSPECIFIED.,.F.,.F.,(4,3,3,4),(0.,0.0601663414458986,
0.510830071606424,1.),.UNSPECIFIED.);
#820=B_SPLINE_CURVE_WITH_KNOTS('',3,(#4134,#4135,#4136,#4137,#4138,#4139,
#4140),.UNSPECIFIED.,.F.,.F.,(4,3,4),(0.,0.488397920791226,1.),
 .UNSPECIFIED.);
#821=B_SPLINE_CURVE_WITH_KNOTS('',2,(#4141,#4142,#4143,#4144,#4145,#4146),
 .UNSPECIFIED.,.F.,.F.,(3,1,1,1,3),(0.,0.396638914994276,0.606362092611993,
0.765043798520073,1.),.UNSPECIFIED.);
#822=B_SPLINE_CURVE_WITH_KNOTS('',3,(#4184,#4185,#4186,#4187,#4188,#4189,
#4190,#4191,#4192,#4193,#4194,#4195,#4196,#4197,#4198,#4199,#4200,#4201,
#4202),.UNSPECIFIED.,.F.,.F.,(4,3,3,3,3,3,4),(0.,0.0226758141221936,0.140312458674284,
0.355234351769837,0.570156236739707,0.785078118261916,1.),.UNSPECIFIED.);
#823=B_SPLINE_CURVE_WITH_KNOTS('',3,(#4230,#4231,#4232,#4233,#4234,#4235,
#4236,#4237,#4238,#4239,#4240,#4241,#4242,#4243,#4244,#4245,#4246,#4247,
#4248),.UNSPECIFIED.,.F.,.F.,(4,3,3,3,3,3,4),(0.,0.214921881756287,0.4298437632967,
0.644765648284773,0.85968754139853,0.977324185962947,1.),.UNSPECIFIED.);
#824=B_SPLINE_CURVE_WITH_KNOTS('',3,(#4284,#4285,#4286,#4287,#4288,#4289,
#4290,#4291,#4292,#4293,#4294,#4295,#4296),.UNSPECIFIED.,.F.,.F.,(4,3,3,
3,4),(0.,0.208330830803113,0.589539463489008,0.849131523248732,1.),
 .UNSPECIFIED.);
#825=B_SPLINE_CURVE_WITH_KNOTS('',3,(#4300,#4301,#4302,#4303,#4304,#4305,
#4306,#4307,#4308,#4309,#4310,#4311,#4312),.UNSPECIFIED.,.F.,.F.,(4,3,3,
3,4),(0.,0.205705718871379,0.520885011015219,0.853949119215845,1.),
 .UNSPECIFIED.);
#826=ELLIPSE('',#2565,0.559303494303588,0.5);
#827=ELLIPSE('',#2588,0.204705078915113,0.183);
#828=ELLIPSE('',#2589,0.204705078915113,0.183);
#829=ELLIPSE('',#2682,0.707106781186546,0.499999999999999);
#830=ELLIPSE('',#2705,0.258801081914276,0.183);
#831=CYLINDRICAL_SURFACE('',#2559,0.25);
#832=CYLINDRICAL_SURFACE('',#2566,0.5);
#833=CYLINDRICAL_SURFACE('',#2568,0.18300000000001);
#834=CYLINDRICAL_SURFACE('',#2574,0.25);
#835=CYLINDRICAL_SURFACE('',#2585,0.183);
#836=CYLINDRICAL_SURFACE('',#2587,0.183);
#837=CYLINDRICAL_SURFACE('',#2592,0.183);
#838=CYLINDRICAL_SURFACE('',#2600,0.183);
#839=CYLINDRICAL_SURFACE('',#2607,0.183);
#840=CYLINDRICAL_SURFACE('',#2615,0.183);
#841=CYLINDRICAL_SURFACE('',#2624,0.05);
#842=CYLINDRICAL_SURFACE('',#2628,0.0700000000000003);
#843=CYLINDRICAL_SURFACE('',#2649,0.11585);
#844=CYLINDRICAL_SURFACE('',#2651,0.1);
#845=CYLINDRICAL_SURFACE('',#2654,0.25);
#846=CYLINDRICAL_SURFACE('',#2666,0.5);
#847=CYLINDRICAL_SURFACE('',#2667,0.25);
#848=CYLINDRICAL_SURFACE('',#2668,0.01585);
#849=CYLINDRICAL_SURFACE('',#2669,0.5);
#850=CYLINDRICAL_SURFACE('',#2670,0.01585);
#851=CYLINDRICAL_SURFACE('',#2671,0.18300000000001);
#852=CYLINDRICAL_SURFACE('',#2674,0.5);
#853=CYLINDRICAL_SURFACE('',#2683,0.5);
#854=CYLINDRICAL_SURFACE('',#2686,0.18300000000001);
#855=CYLINDRICAL_SURFACE('',#2689,0.25);
#856=CYLINDRICAL_SURFACE('',#2692,0.5);
#857=CYLINDRICAL_SURFACE('',#2707,0.183);
#858=CYLINDRICAL_SURFACE('',#2711,0.183);
#859=CYLINDRICAL_SURFACE('',#2719,0.183);
#860=CYLINDRICAL_SURFACE('',#2733,0.05);
#861=CYLINDRICAL_SURFACE('',#2736,0.05);
#862=CYLINDRICAL_SURFACE('',#2742,0.11585);
#863=CYLINDRICAL_SURFACE('',#2747,0.11585);
#864=CYLINDRICAL_SURFACE('',#2753,0.05);
#865=CYLINDRICAL_SURFACE('',#2756,0.05);
#866=CYLINDRICAL_SURFACE('',#2764,0.05);
#867=CIRCLE('',#2557,0.25);
#868=CIRCLE('',#2558,0.25);
#869=CIRCLE('',#2563,0.5);
#870=CIRCLE('',#2564,0.499999999999999);
#871=CIRCLE('',#2567,0.183);
#872=CIRCLE('',#2569,0.05);
#873=CIRCLE('',#2570,0.183);
#874=CIRCLE('',#2572,0.25);
#875=CIRCLE('',#2573,0.25);
#876=CIRCLE('',#2576,0.183);
#877=CIRCLE('',#2577,0.11585);
#878=CIRCLE('',#2579,0.20300000000001);
#879=CIRCLE('',#2581,0.183);
#880=CIRCLE('',#2582,0.183);
#881=CIRCLE('',#2584,0.183);
#882=CIRCLE('',#2586,0.183);
#883=CIRCLE('',#2591,0.183);
#884=CIRCLE('',#2593,0.172669240889881);
#885=CIRCLE('',#2595,0.174718820290783);
#886=CIRCLE('',#2597,0.183);
#887=CIRCLE('',#2599,0.183);
#888=CIRCLE('',#2601,0.172664126516053);
#889=CIRCLE('',#2603,0.174713012670837);
#890=CIRCLE('',#2606,0.183);
#891=CIRCLE('',#2608,0.172669240889878);
#892=CIRCLE('',#2610,0.174718820290781);
#893=CIRCLE('',#2612,0.183);
#894=CIRCLE('',#2614,0.183);
#895=CIRCLE('',#2616,0.172664126516052);
#896=CIRCLE('',#2618,0.174713012670836);
#897=CIRCLE('',#2622,0.05);
#898=CIRCLE('',#2623,0.0500000000000007);
#899=CIRCLE('',#2625,0.0700000000000003);
#900=CIRCLE('',#2627,0.0700000000000003);
#901=CIRCLE('',#2637,0.5);
#902=CIRCLE('',#2638,0.18300000000001);
#903=CIRCLE('',#2639,0.01585);
#904=CIRCLE('',#2640,0.5);
#905=CIRCLE('',#2641,0.01585);
#906=CIRCLE('',#2642,0.25);
#907=CIRCLE('',#2643,0.5);
#908=CIRCLE('',#2645,0.1);
#909=CIRCLE('',#2646,0.11585);
#910=CIRCLE('',#2648,0.11585);
#911=CIRCLE('',#2650,0.1);
#912=CIRCLE('',#2652,0.25);
#913=CIRCLE('',#2653,0.25);
#914=CIRCLE('',#2655,0.5);
#915=CIRCLE('',#2656,0.18300000000001);
#916=CIRCLE('',#2657,0.5);
#917=CIRCLE('',#2660,0.25);
#918=CIRCLE('',#2661,0.01585);
#919=CIRCLE('',#2662,0.5);
#920=CIRCLE('',#2663,0.01585);
#921=CIRCLE('',#2664,0.18300000000001);
#922=CIRCLE('',#2681,0.5);
#923=CIRCLE('',#2684,0.18300000000001);
#924=CIRCLE('',#2685,0.18300000000001);
#925=CIRCLE('',#2687,0.25);
#926=CIRCLE('',#2688,0.25);
#927=CIRCLE('',#2690,0.5);
#928=CIRCLE('',#2691,0.500000000000003);
#929=CIRCLE('',#2698,0.1747188202908);
#930=CIRCLE('',#2699,0.183);
#931=CIRCLE('',#2701,0.172669240889898);
#932=CIRCLE('',#2703,0.183);
#933=CIRCLE('',#2706,0.183);
#934=CIRCLE('',#2710,0.183);
#935=CIRCLE('',#2712,0.17266412651607);
#936=CIRCLE('',#2714,0.174713012670854);
#937=CIRCLE('',#2716,0.183);
#938=CIRCLE('',#2718,0.183);
#939=CIRCLE('',#2721,0.05);
#940=CIRCLE('',#2722,0.11585);
#941=CIRCLE('',#2728,0.11585);
#942=CIRCLE('',#2729,0.11585);
#943=CIRCLE('',#2731,0.05);
#944=CIRCLE('',#2732,0.05);
#945=CIRCLE('',#2734,0.05);
#946=CIRCLE('',#2735,0.05);
#947=CIRCLE('',#2737,0.112937138503858);
#948=CIRCLE('',#2738,0.11585);
#949=CIRCLE('',#2740,0.21585);
#950=CIRCLE('',#2743,0.105608976702829);
#951=CIRCLE('',#2744,0.13585);
#952=CIRCLE('',#2746,0.11585);
#953=CIRCLE('',#2752,0.05);
#954=CIRCLE('',#2754,0.05);
#955=CIRCLE('',#2755,0.05);
#956=CIRCLE('',#2757,0.05);
#957=CIRCLE('',#2758,0.0935505374657519);
#958=CIRCLE('',#2759,0.095639803365498);
#959=CIRCLE('',#2760,0.07);
#960=CIRCLE('',#2762,0.05);
#961=CIRCLE('',#2765,0.01);
#962=CIRCLE('',#2766,0.01);
#963=CIRCLE('',#2767,0.01);
#964=CIRCLE('',#2769,0.01);
#965=ADVANCED_FACE('',(#1136),#1087,.T.);
#966=ADVANCED_FACE('',(#1137),#831,.T.);
#967=ADVANCED_FACE('',(#1138),#1088,.F.);
#968=ADVANCED_FACE('',(#1139),#1089,.F.);
#969=ADVANCED_FACE('',(#1140),#1090,.F.);
#970=ADVANCED_FACE('',(#1141),#832,.T.);
#971=ADVANCED_FACE('',(#695,#696),#833,.F.);
#972=ADVANCED_FACE('',(#697,#698),#1091,.F.);
#973=ADVANCED_FACE('',(#1142),#834,.T.);
#974=ADVANCED_FACE('',(#1143),#1092,.T.);
#975=ADVANCED_FACE('',(#699,#700,#701,#702),#1093,.T.);
#976=ADVANCED_FACE('',(#703,#704),#689,.T.);
#977=ADVANCED_FACE('',(#705,#706),#1094,.T.);
#978=ADVANCED_FACE('',(#707,#708),#835,.F.);
#979=ADVANCED_FACE('',(#709,#710),#836,.F.);
#980=ADVANCED_FACE('',(#1144),#1095,.F.);
#981=ADVANCED_FACE('',(#711,#712),#837,.F.);
#982=ADVANCED_FACE('',(#713,#714),#668,.F.);
#983=ADVANCED_FACE('',(#715,#716),#669,.F.);
#984=ADVANCED_FACE('',(#717,#718),#670,.T.);
#985=ADVANCED_FACE('',(#719,#720),#838,.F.);
#986=ADVANCED_FACE('',(#721,#722),#671,.F.);
#987=ADVANCED_FACE('',(#723,#724),#672,.F.);
#988=ADVANCED_FACE('',(#725,#726),#673,.T.);
#989=ADVANCED_FACE('',(#727,#728),#839,.F.);
#990=ADVANCED_FACE('',(#729,#730),#674,.F.);
#991=ADVANCED_FACE('',(#731,#732),#675,.F.);
#992=ADVANCED_FACE('',(#733,#734),#676,.T.);
#993=ADVANCED_FACE('',(#735,#736),#840,.F.);
#994=ADVANCED_FACE('',(#737,#738),#677,.F.);
#995=ADVANCED_FACE('',(#739,#740),#678,.F.);
#996=ADVANCED_FACE('',(#741,#742),#679,.T.);
#997=ADVANCED_FACE('',(#743,#744),#680,.F.);
#998=ADVANCED_FACE('',(#745,#746),#841,.F.);
#999=ADVANCED_FACE('',(#747,#748),#1096,.T.);
#1000=ADVANCED_FACE('',(#749,#750),#842,.T.);
#1001=ADVANCED_FACE('',(#751,#752),#1097,.F.);
#1002=ADVANCED_FACE('',(#1145),#1098,.T.);
#1003=ADVANCED_FACE('',(#1146),#1099,.T.);
#1004=ADVANCED_FACE('',(#1147),#1100,.T.);
#1005=ADVANCED_FACE('',(#1148),#1101,.T.);
#1006=ADVANCED_FACE('',(#1149),#1102,.T.);
#1007=ADVANCED_FACE('',(#1150),#1103,.T.);
#1008=ADVANCED_FACE('',(#1151),#1104,.T.);
#1009=ADVANCED_FACE('',(#753,#754),#1105,.F.);
#1010=ADVANCED_FACE('',(#755,#756),#681,.F.);
#1011=ADVANCED_FACE('',(#757,#758),#843,.F.);
#1012=ADVANCED_FACE('',(#759,#760),#844,.F.);
#1013=ADVANCED_FACE('',(#1152),#845,.T.);
#1014=ADVANCED_FACE('',(#761,#762),#1106,.F.);
#1015=ADVANCED_FACE('',(#1153),#1107,.T.);
#1016=ADVANCED_FACE('',(#1154),#1108,.T.);
#1017=ADVANCED_FACE('',(#1155),#846,.T.);
#1018=ADVANCED_FACE('',(#1156),#847,.T.);
#1019=ADVANCED_FACE('',(#1157),#848,.T.);
#1020=ADVANCED_FACE('',(#1158),#849,.T.);
#1021=ADVANCED_FACE('',(#1159),#850,.T.);
#1022=ADVANCED_FACE('',(#1160),#851,.F.);
#1023=ADVANCED_FACE('',(#1161),#1109,.T.);
#1024=ADVANCED_FACE('',(#1162),#1110,.F.);
#1025=ADVANCED_FACE('',(#1163),#852,.T.);
#1026=ADVANCED_FACE('',(#1164),#1111,.F.);
#1027=ADVANCED_FACE('',(#1165),#1112,.F.);
#1028=ADVANCED_FACE('',(#1166),#1113,.F.);
#1029=ADVANCED_FACE('',(#1167),#1114,.F.);
#1030=ADVANCED_FACE('',(#1168),#1115,.F.);
#1031=ADVANCED_FACE('',(#763,#764),#1116,.F.);
#1032=ADVANCED_FACE('',(#1169),#853,.T.);
#1033=ADVANCED_FACE('',(#1170),#854,.F.);
#1034=ADVANCED_FACE('',(#1171),#855,.T.);
#1035=ADVANCED_FACE('',(#1172),#856,.T.);
#1036=ADVANCED_FACE('',(#1173),#1117,.T.);
#1037=ADVANCED_FACE('',(#1174),#1118,.F.);
#1038=ADVANCED_FACE('',(#1175),#1119,.F.);
#1039=ADVANCED_FACE('',(#1176),#1120,.F.);
#1040=ADVANCED_FACE('',(#1177),#1121,.F.);
#1041=ADVANCED_FACE('',(#765,#766),#682,.T.);
#1042=ADVANCED_FACE('',(#767,#768),#683,.F.);
#1043=ADVANCED_FACE('',(#769,#770),#684,.F.);
#1044=ADVANCED_FACE('',(#771,#772),#857,.F.);
#1045=ADVANCED_FACE('',(#1178),#1122,.F.);
#1046=ADVANCED_FACE('',(#1179),#1123,.T.);
#1047=ADVANCED_FACE('',(#773,#774),#858,.F.);
#1048=ADVANCED_FACE('',(#775,#776),#685,.F.);
#1049=ADVANCED_FACE('',(#777,#778),#686,.F.);
#1050=ADVANCED_FACE('',(#779,#780),#687,.T.);
#1051=ADVANCED_FACE('',(#781,#782),#859,.F.);
#1052=ADVANCED_FACE('',(#783,#784),#1124,.T.);
#1053=ADVANCED_FACE('',(#785,#786,#787),#1125,.F.);
#1054=ADVANCED_FACE('',(#1180),#1126,.T.);
#1055=ADVANCED_FACE('',(#1181),#1127,.T.);
#1056=ADVANCED_FACE('',(#1182),#1128,.T.);
#1057=ADVANCED_FACE('',(#1183),#1129,.T.);
#1058=ADVANCED_FACE('',(#788,#789),#1130,.T.);
#1059=ADVANCED_FACE('',(#1184),#860,.F.);
#1060=ADVANCED_FACE('',(#1185),#861,.F.);
#1061=ADVANCED_FACE('',(#1186),#690,.F.);
#1062=ADVANCED_FACE('',(#1187),#1131,.F.);
#1063=ADVANCED_FACE('',(#1188),#862,.F.);
#1064=ADVANCED_FACE('',(#1189),#1132,.F.);
#1065=ADVANCED_FACE('',(#790,#791),#863,.F.);
#1066=ADVANCED_FACE('',(#1190),#1133,.T.);
#1067=ADVANCED_FACE('',(#1191),#1134,.T.);
#1068=ADVANCED_FACE('',(#1192),#691,.T.);
#1069=ADVANCED_FACE('',(#1193),#692,.T.);
#1070=ADVANCED_FACE('',(#1194),#94,.T.);
#1071=ADVANCED_FACE('',(#1195),#85,.T.);
#1072=ADVANCED_FACE('',(#1196),#86,.T.);
#1073=ADVANCED_FACE('',(#1197),#87,.T.);
#1074=ADVANCED_FACE('',(#1198),#864,.F.);
#1075=ADVANCED_FACE('',(#1199),#88,.T.);
#1076=ADVANCED_FACE('',(#1200),#89,.T.);
#1077=ADVANCED_FACE('',(#1201),#865,.F.);
#1078=ADVANCED_FACE('',(#1202),#90,.T.);
#1079=ADVANCED_FACE('',(#1203),#91,.T.);
#1080=ADVANCED_FACE('',(#792,#793),#688,.T.);
#1081=ADVANCED_FACE('',(#794,#795),#1135,.T.);
#1082=ADVANCED_FACE('',(#796,#797),#866,.F.);
#1083=ADVANCED_FACE('',(#1204),#92,.T.);
#1084=ADVANCED_FACE('',(#1205),#693,.F.);
#1085=ADVANCED_FACE('',(#1206),#694,.F.);
#1086=ADVANCED_FACE('',(#1207),#93,.T.);
#1087=PLANE('',#2556);
#1088=PLANE('',#2560);
#1089=PLANE('',#2561);
#1090=PLANE('',#2562);
#1091=PLANE('',#2571);
#1092=PLANE('',#2575);
#1093=PLANE('',#2578);
#1094=PLANE('',#2583);
#1095=PLANE('',#2590);
#1096=PLANE('',#2626);
#1097=PLANE('',#2629);
#1098=PLANE('',#2630);
#1099=PLANE('',#2631);
#1100=PLANE('',#2632);
#1101=PLANE('',#2633);
#1102=PLANE('',#2634);
#1103=PLANE('',#2635);
#1104=PLANE('',#2636);
#1105=PLANE('',#2644);
#1106=PLANE('',#2658);
#1107=PLANE('',#2659);
#1108=PLANE('',#2665);
#1109=PLANE('',#2672);
#1110=PLANE('',#2673);
#1111=PLANE('',#2675);
#1112=PLANE('',#2676);
#1113=PLANE('',#2677);
#1114=PLANE('',#2678);
#1115=PLANE('',#2679);
#1116=PLANE('',#2680);
#1117=PLANE('',#2693);
#1118=PLANE('',#2694);
#1119=PLANE('',#2695);
#1120=PLANE('',#2696);
#1121=PLANE('',#2697);
#1122=PLANE('',#2708);
#1123=PLANE('',#2709);
#1124=PLANE('',#2720);
#1125=PLANE('',#2723);
#1126=PLANE('',#2724);
#1127=PLANE('',#2725);
#1128=PLANE('',#2726);
#1129=PLANE('',#2727);
#1130=PLANE('',#2730);
#1131=PLANE('',#2741);
#1132=PLANE('',#2745);
#1133=PLANE('',#2748);
#1134=PLANE('',#2749);
#1135=PLANE('',#2763);
#1136=FACE_OUTER_BOUND('',#1208,.T.);
#1137=FACE_OUTER_BOUND('',#1209,.T.);
#1138=FACE_OUTER_BOUND('',#1210,.T.);
#1139=FACE_OUTER_BOUND('',#1211,.T.);
#1140=FACE_OUTER_BOUND('',#1212,.T.);
#1141=FACE_OUTER_BOUND('',#1213,.T.);
#1142=FACE_OUTER_BOUND('',#1218,.T.);
#1143=FACE_OUTER_BOUND('',#1219,.T.);
#1144=FACE_OUTER_BOUND('',#1232,.T.);
#1145=FACE_OUTER_BOUND('',#1275,.T.);
#1146=FACE_OUTER_BOUND('',#1276,.T.);
#1147=FACE_OUTER_BOUND('',#1277,.T.);
#1148=FACE_OUTER_BOUND('',#1278,.T.);
#1149=FACE_OUTER_BOUND('',#1279,.T.);
#1150=FACE_OUTER_BOUND('',#1280,.T.);
#1151=FACE_OUTER_BOUND('',#1281,.T.);
#1152=FACE_OUTER_BOUND('',#1290,.T.);
#1153=FACE_OUTER_BOUND('',#1293,.T.);
#1154=FACE_OUTER_BOUND('',#1294,.T.);
#1155=FACE_OUTER_BOUND('',#1295,.T.);
#1156=FACE_OUTER_BOUND('',#1296,.T.);
#1157=FACE_OUTER_BOUND('',#1297,.T.);
#1158=FACE_OUTER_BOUND('',#1298,.T.);
#1159=FACE_OUTER_BOUND('',#1299,.T.);
#1160=FACE_OUTER_BOUND('',#1300,.T.);
#1161=FACE_OUTER_BOUND('',#1301,.T.);
#1162=FACE_OUTER_BOUND('',#1302,.T.);
#1163=FACE_OUTER_BOUND('',#1303,.T.);
#1164=FACE_OUTER_BOUND('',#1304,.T.);
#1165=FACE_OUTER_BOUND('',#1305,.T.);
#1166=FACE_OUTER_BOUND('',#1306,.T.);
#1167=FACE_OUTER_BOUND('',#1307,.T.);
#1168=FACE_OUTER_BOUND('',#1308,.T.);
#1169=FACE_OUTER_BOUND('',#1311,.T.);
#1170=FACE_OUTER_BOUND('',#1312,.T.);
#1171=FACE_OUTER_BOUND('',#1313,.T.);
#1172=FACE_OUTER_BOUND('',#1314,.T.);
#1173=FACE_OUTER_BOUND('',#1315,.T.);
#1174=FACE_OUTER_BOUND('',#1316,.T.);
#1175=FACE_OUTER_BOUND('',#1317,.T.);
#1176=FACE_OUTER_BOUND('',#1318,.T.);
#1177=FACE_OUTER_BOUND('',#1319,.T.);
#1178=FACE_OUTER_BOUND('',#1328,.T.);
#1179=FACE_OUTER_BOUND('',#1329,.T.);
#1180=FACE_OUTER_BOUND('',#1345,.T.);
#1181=FACE_OUTER_BOUND('',#1346,.T.);
#1182=FACE_OUTER_BOUND('',#1347,.T.);
#1183=FACE_OUTER_BOUND('',#1348,.T.);
#1184=FACE_OUTER_BOUND('',#1351,.T.);
#1185=FACE_OUTER_BOUND('',#1352,.T.);
#1186=FACE_OUTER_BOUND('',#1353,.T.);
#1187=FACE_OUTER_BOUND('',#1354,.T.);
#1188=FACE_OUTER_BOUND('',#1355,.T.);
#1189=FACE_OUTER_BOUND('',#1356,.T.);
#1190=FACE_OUTER_BOUND('',#1359,.T.);
#1191=FACE_OUTER_BOUND('',#1360,.T.);
#1192=FACE_OUTER_BOUND('',#1361,.T.);
#1193=FACE_OUTER_BOUND('',#1362,.T.);
#1194=FACE_OUTER_BOUND('',#1363,.T.);
#1195=FACE_OUTER_BOUND('',#1364,.T.);
#1196=FACE_OUTER_BOUND('',#1365,.T.);
#1197=FACE_OUTER_BOUND('',#1366,.T.);
#1198=FACE_OUTER_BOUND('',#1367,.T.);
#1199=FACE_OUTER_BOUND('',#1368,.T.);
#1200=FACE_OUTER_BOUND('',#1369,.T.);
#1201=FACE_OUTER_BOUND('',#1370,.T.);
#1202=FACE_OUTER_BOUND('',#1371,.T.);
#1203=FACE_OUTER_BOUND('',#1372,.T.);
#1204=FACE_OUTER_BOUND('',#1379,.T.);
#1205=FACE_OUTER_BOUND('',#1380,.T.);
#1206=FACE_OUTER_BOUND('',#1381,.T.);
#1207=FACE_OUTER_BOUND('',#1382,.T.);
#1208=EDGE_LOOP('',(#1383,#1384,#1385,#1386));
#1209=EDGE_LOOP('',(#1387,#1388,#1389,#1390));
#1210=EDGE_LOOP('',(#1391,#1392,#1393,#1394));
#1211=EDGE_LOOP('',(#1395,#1396,#1397,#1398,#1399));
#1212=EDGE_LOOP('',(#1400,#1401,#1402,#1403));
#1213=EDGE_LOOP('',(#1404,#1405,#1406,#1407,#1408));
#1214=EDGE_LOOP('',(#1409,#1410));
#1215=EDGE_LOOP('',(#1411));
#1216=EDGE_LOOP('',(#1412));
#1217=EDGE_LOOP('',(#1413));
#1218=EDGE_LOOP('',(#1414,#1415,#1416,#1417));
#1219=EDGE_LOOP('',(#1418,#1419,#1420,#1421));
#1220=EDGE_LOOP('',(#1422));
#1221=EDGE_LOOP('',(#1423));
#1222=EDGE_LOOP('',(#1424,#1425,#1426,#1427,#1428,#1429,#1430,#1431));
#1223=EDGE_LOOP('',(#1432));
#1224=EDGE_LOOP('',(#1433,#1434));
#1225=EDGE_LOOP('',(#1435));
#1226=EDGE_LOOP('',(#1436));
#1227=EDGE_LOOP('',(#1437,#1438,#1439,#1440,#1441,#1442,#1443,#1444,#1445,
#1446,#1447,#1448));
#1228=EDGE_LOOP('',(#1449));
#1229=EDGE_LOOP('',(#1450));
#1230=EDGE_LOOP('',(#1451));
#1231=EDGE_LOOP('',(#1452));
#1232=EDGE_LOOP('',(#1453,#1454,#1455,#1456,#1457,#1458,#1459,#1460));
#1233=EDGE_LOOP('',(#1461));
#1234=EDGE_LOOP('',(#1462,#1463));
#1235=EDGE_LOOP('',(#1464));
#1236=EDGE_LOOP('',(#1465));
#1237=EDGE_LOOP('',(#1466));
#1238=EDGE_LOOP('',(#1467));
#1239=EDGE_LOOP('',(#1468));
#1240=EDGE_LOOP('',(#1469));
#1241=EDGE_LOOP('',(#1470));
#1242=EDGE_LOOP('',(#1471));
#1243=EDGE_LOOP('',(#1472));
#1244=EDGE_LOOP('',(#1473));
#1245=EDGE_LOOP('',(#1474));
#1246=EDGE_LOOP('',(#1475));
#1247=EDGE_LOOP('',(#1476));
#1248=EDGE_LOOP('',(#1477));
#1249=EDGE_LOOP('',(#1478));
#1250=EDGE_LOOP('',(#1479,#1480));
#1251=EDGE_LOOP('',(#1481));
#1252=EDGE_LOOP('',(#1482));
#1253=EDGE_LOOP('',(#1483));
#1254=EDGE_LOOP('',(#1484));
#1255=EDGE_LOOP('',(#1485));
#1256=EDGE_LOOP('',(#1486));
#1257=EDGE_LOOP('',(#1487));
#1258=EDGE_LOOP('',(#1488));
#1259=EDGE_LOOP('',(#1489));
#1260=EDGE_LOOP('',(#1490));
#1261=EDGE_LOOP('',(#1491));
#1262=EDGE_LOOP('',(#1492));
#1263=EDGE_LOOP('',(#1493));
#1264=EDGE_LOOP('',(#1494));
#1265=EDGE_LOOP('',(#1495));
#1266=EDGE_LOOP('',(#1496));
#1267=EDGE_LOOP('',(#1497));
#1268=EDGE_LOOP('',(#1498));
#1269=EDGE_LOOP('',(#1499));
#1270=EDGE_LOOP('',(#1500));
#1271=EDGE_LOOP('',(#1501));
#1272=EDGE_LOOP('',(#1502));
#1273=EDGE_LOOP('',(#1503));
#1274=EDGE_LOOP('',(#1504));
#1275=EDGE_LOOP('',(#1505,#1506,#1507,#1508));
#1276=EDGE_LOOP('',(#1509,#1510,#1511,#1512));
#1277=EDGE_LOOP('',(#1513,#1514,#1515,#1516));
#1278=EDGE_LOOP('',(#1517,#1518,#1519,#1520));
#1279=EDGE_LOOP('',(#1521,#1522,#1523,#1524));
#1280=EDGE_LOOP('',(#1525,#1526,#1527,#1528));
#1281=EDGE_LOOP('',(#1529,#1530,#1531,#1532));
#1282=EDGE_LOOP('',(#1533,#1534,#1535,#1536,#1537,#1538,#1539,#1540,#1541,
#1542,#1543,#1544,#1545,#1546));
#1283=EDGE_LOOP('',(#1547,#1548,#1549,#1550,#1551,#1552,#1553));
#1284=EDGE_LOOP('',(#1554));
#1285=EDGE_LOOP('',(#1555));
#1286=EDGE_LOOP('',(#1556));
#1287=EDGE_LOOP('',(#1557));
#1288=EDGE_LOOP('',(#1558));
#1289=EDGE_LOOP('',(#1559));
#1290=EDGE_LOOP('',(#1560,#1561,#1562,#1563));
#1291=EDGE_LOOP('',(#1564));
#1292=EDGE_LOOP('',(#1565,#1566,#1567,#1568,#1569,#1570,#1571,#1572,#1573));
#1293=EDGE_LOOP('',(#1574,#1575,#1576,#1577));
#1294=EDGE_LOOP('',(#1578,#1579,#1580,#1581,#1582,#1583,#1584,#1585,#1586,
#1587,#1588));
#1295=EDGE_LOOP('',(#1589,#1590,#1591,#1592));
#1296=EDGE_LOOP('',(#1593,#1594,#1595,#1596));
#1297=EDGE_LOOP('',(#1597,#1598,#1599,#1600));
#1298=EDGE_LOOP('',(#1601,#1602,#1603,#1604));
#1299=EDGE_LOOP('',(#1605,#1606,#1607,#1608));
#1300=EDGE_LOOP('',(#1609,#1610,#1611,#1612,#1613,#1614));
#1301=EDGE_LOOP('',(#1615,#1616,#1617,#1618));
#1302=EDGE_LOOP('',(#1619,#1620,#1621,#1622,#1623,#1624));
#1303=EDGE_LOOP('',(#1625,#1626,#1627,#1628));
#1304=EDGE_LOOP('',(#1629,#1630,#1631,#1632));
#1305=EDGE_LOOP('',(#1633,#1634,#1635,#1636));
#1306=EDGE_LOOP('',(#1637,#1638,#1639,#1640));
#1307=EDGE_LOOP('',(#1641,#1642,#1643,#1644));
#1308=EDGE_LOOP('',(#1645,#1646,#1647,#1648));
#1309=EDGE_LOOP('',(#1649,#1650,#1651,#1652,#1653,#1654,#1655));
#1310=EDGE_LOOP('',(#1656));
#1311=EDGE_LOOP('',(#1657,#1658,#1659,#1660));
#1312=EDGE_LOOP('',(#1661,#1662,#1663,#1664));
#1313=EDGE_LOOP('',(#1665,#1666,#1667,#1668));
#1314=EDGE_LOOP('',(#1669,#1670,#1671,#1672));
#1315=EDGE_LOOP('',(#1673,#1674,#1675,#1676));
#1316=EDGE_LOOP('',(#1677,#1678,#1679,#1680));
#1317=EDGE_LOOP('',(#1681,#1682,#1683,#1684));
#1318=EDGE_LOOP('',(#1685,#1686,#1687,#1688,#1689));
#1319=EDGE_LOOP('',(#1690,#1691,#1692,#1693));
#1320=EDGE_LOOP('',(#1694));
#1321=EDGE_LOOP('',(#1695));
#1322=EDGE_LOOP('',(#1696));
#1323=EDGE_LOOP('',(#1697));
#1324=EDGE_LOOP('',(#1698));
#1325=EDGE_LOOP('',(#1699));
#1326=EDGE_LOOP('',(#1700));
#1327=EDGE_LOOP('',(#1701,#1702));
#1328=EDGE_LOOP('',(#1703,#1704,#1705,#1706,#1707,#1708,#1709,#1710));
#1329=EDGE_LOOP('',(#1711,#1712,#1713,#1714,#1715,#1716,#1717,#1718));
#1330=EDGE_LOOP('',(#1719));
#1331=EDGE_LOOP('',(#1720));
#1332=EDGE_LOOP('',(#1721));
#1333=EDGE_LOOP('',(#1722));
#1334=EDGE_LOOP('',(#1723));
#1335=EDGE_LOOP('',(#1724));
#1336=EDGE_LOOP('',(#1725));
#1337=EDGE_LOOP('',(#1726));
#1338=EDGE_LOOP('',(#1727));
#1339=EDGE_LOOP('',(#1728));
#1340=EDGE_LOOP('',(#1729,#1730,#1731,#1732,#1733,#1734,#1735,#1736,#1737));
#1341=EDGE_LOOP('',(#1738));
#1342=EDGE_LOOP('',(#1739));
#1343=EDGE_LOOP('',(#1740));
#1344=EDGE_LOOP('',(#1741,#1742,#1743,#1744));
#1345=EDGE_LOOP('',(#1745,#1746,#1747,#1748));
#1346=EDGE_LOOP('',(#1749,#1750,#1751,#1752));
#1347=EDGE_LOOP('',(#1753,#1754,#1755,#1756));
#1348=EDGE_LOOP('',(#1757,#1758,#1759,#1760));
#1349=EDGE_LOOP('',(#1761,#1762));
#1350=EDGE_LOOP('',(#1763,#1764,#1765,#1766));
#1351=EDGE_LOOP('',(#1767,#1768,#1769,#1770,#1771));
#1352=EDGE_LOOP('',(#1772,#1773,#1774,#1775,#1776));
#1353=EDGE_LOOP('',(#1777,#1778,#1779,#1780));
#1354=EDGE_LOOP('',(#1781,#1782,#1783,#1784));
#1355=EDGE_LOOP('',(#1785,#1786,#1787,#1788));
#1356=EDGE_LOOP('',(#1789,#1790,#1791,#1792));
#1357=EDGE_LOOP('',(#1793));
#1358=EDGE_LOOP('',(#1794,#1795,#1796,#1797));
#1359=EDGE_LOOP('',(#1798,#1799,#1800,#1801,#1802,#1803,#1804));
#1360=EDGE_LOOP('',(#1805,#1806,#1807,#1808,#1809,#1810,#1811));
#1361=EDGE_LOOP('',(#1812,#1813,#1814,#1815));
#1362=EDGE_LOOP('',(#1816,#1817,#1818,#1819));
#1363=EDGE_LOOP('',(#1820,#1821,#1822,#1823,#1824,#1825));
#1364=EDGE_LOOP('',(#1826,#1827,#1828));
#1365=EDGE_LOOP('',(#1829,#1830,#1831));
#1366=EDGE_LOOP('',(#1832,#1833,#1834));
#1367=EDGE_LOOP('',(#1835,#1836,#1837,#1838));
#1368=EDGE_LOOP('',(#1839,#1840,#1841));
#1369=EDGE_LOOP('',(#1842,#1843,#1844,#1845));
#1370=EDGE_LOOP('',(#1846,#1847,#1848,#1849));
#1371=EDGE_LOOP('',(#1850,#1851,#1852,#1853,#1854,#1855));
#1372=EDGE_LOOP('',(#1856,#1857,#1858,#1859));
#1373=EDGE_LOOP('',(#1860,#1861,#1862,#1863));
#1374=EDGE_LOOP('',(#1864));
#1375=EDGE_LOOP('',(#1865));
#1376=EDGE_LOOP('',(#1866));
#1377=EDGE_LOOP('',(#1867));
#1378=EDGE_LOOP('',(#1868));
#1379=EDGE_LOOP('',(#1869,#1870,#1871,#1872));
#1380=EDGE_LOOP('',(#1873,#1874,#1875,#1876));
#1381=EDGE_LOOP('',(#1877,#1878,#1879,#1880));
#1382=EDGE_LOOP('',(#1881,#1882,#1883,#1884));
#1383=ORIENTED_EDGE('',*,*,#2061,.F.);
#1384=ORIENTED_EDGE('',*,*,#2062,.T.);
#1385=ORIENTED_EDGE('',*,*,#2063,.F.);
#1386=ORIENTED_EDGE('',*,*,#2064,.F.);
#1387=ORIENTED_EDGE('',*,*,#2065,.T.);
#1388=ORIENTED_EDGE('',*,*,#2066,.F.);
#1389=ORIENTED_EDGE('',*,*,#2067,.T.);
#1390=ORIENTED_EDGE('',*,*,#2068,.F.);
#1391=ORIENTED_EDGE('',*,*,#2069,.F.);
#1392=ORIENTED_EDGE('',*,*,#2070,.F.);
#1393=ORIENTED_EDGE('',*,*,#2071,.T.);
#1394=ORIENTED_EDGE('',*,*,#2072,.F.);
#1395=ORIENTED_EDGE('',*,*,#2073,.F.);
#1396=ORIENTED_EDGE('',*,*,#2072,.T.);
#1397=ORIENTED_EDGE('',*,*,#2074,.T.);
#1398=ORIENTED_EDGE('',*,*,#2075,.F.);
#1399=ORIENTED_EDGE('',*,*,#2063,.T.);
#1400=ORIENTED_EDGE('',*,*,#2076,.F.);
#1401=ORIENTED_EDGE('',*,*,#2061,.T.);
#1402=ORIENTED_EDGE('',*,*,#2077,.F.);
#1403=ORIENTED_EDGE('',*,*,#2067,.F.);
#1404=ORIENTED_EDGE('',*,*,#2070,.T.);
#1405=ORIENTED_EDGE('',*,*,#2078,.T.);
#1406=ORIENTED_EDGE('',*,*,#2079,.T.);
#1407=ORIENTED_EDGE('',*,*,#2080,.F.);
#1408=ORIENTED_EDGE('',*,*,#2081,.T.);
#1409=ORIENTED_EDGE('',*,*,#2082,.F.);
#1410=ORIENTED_EDGE('',*,*,#2083,.F.);
#1411=ORIENTED_EDGE('',*,*,#2084,.F.);
#1412=ORIENTED_EDGE('',*,*,#2085,.T.);
#1413=ORIENTED_EDGE('',*,*,#2086,.F.);
#1414=ORIENTED_EDGE('',*,*,#2079,.F.);
#1415=ORIENTED_EDGE('',*,*,#2087,.F.);
#1416=ORIENTED_EDGE('',*,*,#2088,.T.);
#1417=ORIENTED_EDGE('',*,*,#2089,.F.);
#1418=ORIENTED_EDGE('',*,*,#2065,.F.);
#1419=ORIENTED_EDGE('',*,*,#2090,.F.);
#1420=ORIENTED_EDGE('',*,*,#2088,.F.);
#1421=ORIENTED_EDGE('',*,*,#2091,.F.);
#1422=ORIENTED_EDGE('',*,*,#2092,.T.);
#1423=ORIENTED_EDGE('',*,*,#2093,.T.);
#1424=ORIENTED_EDGE('',*,*,#2066,.T.);
#1425=ORIENTED_EDGE('',*,*,#2091,.T.);
#1426=ORIENTED_EDGE('',*,*,#2087,.T.);
#1427=ORIENTED_EDGE('',*,*,#2078,.F.);
#1428=ORIENTED_EDGE('',*,*,#2069,.T.);
#1429=ORIENTED_EDGE('',*,*,#2073,.T.);
#1430=ORIENTED_EDGE('',*,*,#2062,.F.);
#1431=ORIENTED_EDGE('',*,*,#2076,.T.);
#1432=ORIENTED_EDGE('',*,*,#2084,.T.);
#1433=ORIENTED_EDGE('',*,*,#2082,.T.);
#1434=ORIENTED_EDGE('',*,*,#2083,.T.);
#1435=ORIENTED_EDGE('',*,*,#2094,.T.);
#1436=ORIENTED_EDGE('',*,*,#2094,.F.);
#1437=ORIENTED_EDGE('',*,*,#2095,.T.);
#1438=ORIENTED_EDGE('',*,*,#2096,.T.);
#1439=ORIENTED_EDGE('',*,*,#2097,.T.);
#1440=ORIENTED_EDGE('',*,*,#2098,.T.);
#1441=ORIENTED_EDGE('',*,*,#2099,.T.);
#1442=ORIENTED_EDGE('',*,*,#2080,.T.);
#1443=ORIENTED_EDGE('',*,*,#2089,.T.);
#1444=ORIENTED_EDGE('',*,*,#2090,.T.);
#1445=ORIENTED_EDGE('',*,*,#2068,.T.);
#1446=ORIENTED_EDGE('',*,*,#2077,.T.);
#1447=ORIENTED_EDGE('',*,*,#2064,.T.);
#1448=ORIENTED_EDGE('',*,*,#2075,.T.);
#1449=ORIENTED_EDGE('',*,*,#2100,.T.);
#1450=ORIENTED_EDGE('',*,*,#2092,.F.);
#1451=ORIENTED_EDGE('',*,*,#2086,.T.);
#1452=ORIENTED_EDGE('',*,*,#2101,.T.);
#1453=ORIENTED_EDGE('',*,*,#2074,.F.);
#1454=ORIENTED_EDGE('',*,*,#2071,.F.);
#1455=ORIENTED_EDGE('',*,*,#2081,.F.);
#1456=ORIENTED_EDGE('',*,*,#2099,.F.);
#1457=ORIENTED_EDGE('',*,*,#2102,.F.);
#1458=ORIENTED_EDGE('',*,*,#2097,.F.);
#1459=ORIENTED_EDGE('',*,*,#2103,.F.);
#1460=ORIENTED_EDGE('',*,*,#2095,.F.);
#1461=ORIENTED_EDGE('',*,*,#2104,.T.);
#1462=ORIENTED_EDGE('',*,*,#2102,.T.);
#1463=ORIENTED_EDGE('',*,*,#2098,.F.);
#1464=ORIENTED_EDGE('',*,*,#2104,.F.);
#1465=ORIENTED_EDGE('',*,*,#2105,.T.);
#1466=ORIENTED_EDGE('',*,*,#2105,.F.);
#1467=ORIENTED_EDGE('',*,*,#2106,.T.);
#1468=ORIENTED_EDGE('',*,*,#2107,.F.);
#1469=ORIENTED_EDGE('',*,*,#2106,.F.);
#1470=ORIENTED_EDGE('',*,*,#2108,.T.);
#1471=ORIENTED_EDGE('',*,*,#2107,.T.);
#1472=ORIENTED_EDGE('',*,*,#2108,.F.);
#1473=ORIENTED_EDGE('',*,*,#2109,.T.);
#1474=ORIENTED_EDGE('',*,*,#2109,.F.);
#1475=ORIENTED_EDGE('',*,*,#2110,.T.);
#1476=ORIENTED_EDGE('',*,*,#2100,.F.);
#1477=ORIENTED_EDGE('',*,*,#2110,.F.);
#1478=ORIENTED_EDGE('',*,*,#2111,.T.);
#1479=ORIENTED_EDGE('',*,*,#2103,.T.);
#1480=ORIENTED_EDGE('',*,*,#2096,.F.);
#1481=ORIENTED_EDGE('',*,*,#2111,.F.);
#1482=ORIENTED_EDGE('',*,*,#2112,.T.);
#1483=ORIENTED_EDGE('',*,*,#2112,.F.);
#1484=ORIENTED_EDGE('',*,*,#2113,.T.);
#1485=ORIENTED_EDGE('',*,*,#2114,.F.);
#1486=ORIENTED_EDGE('',*,*,#2113,.F.);
#1487=ORIENTED_EDGE('',*,*,#2115,.T.);
#1488=ORIENTED_EDGE('',*,*,#2114,.T.);
#1489=ORIENTED_EDGE('',*,*,#2115,.F.);
#1490=ORIENTED_EDGE('',*,*,#2116,.T.);
#1491=ORIENTED_EDGE('',*,*,#2116,.F.);
#1492=ORIENTED_EDGE('',*,*,#2117,.T.);
#1493=ORIENTED_EDGE('',*,*,#2101,.F.);
#1494=ORIENTED_EDGE('',*,*,#2117,.F.);
#1495=ORIENTED_EDGE('',*,*,#2085,.F.);
#1496=ORIENTED_EDGE('',*,*,#2093,.F.);
#1497=ORIENTED_EDGE('',*,*,#2118,.F.);
#1498=ORIENTED_EDGE('',*,*,#2119,.F.);
#1499=ORIENTED_EDGE('',*,*,#2119,.T.);
#1500=ORIENTED_EDGE('',*,*,#2120,.T.);
#1501=ORIENTED_EDGE('',*,*,#2121,.F.);
#1502=ORIENTED_EDGE('',*,*,#2120,.F.);
#1503=ORIENTED_EDGE('',*,*,#2121,.T.);
#1504=ORIENTED_EDGE('',*,*,#2118,.T.);
#1505=ORIENTED_EDGE('',*,*,#2122,.T.);
#1506=ORIENTED_EDGE('',*,*,#2123,.F.);
#1507=ORIENTED_EDGE('',*,*,#2124,.T.);
#1508=ORIENTED_EDGE('',*,*,#2125,.T.);
#1509=ORIENTED_EDGE('',*,*,#2126,.T.);
#1510=ORIENTED_EDGE('',*,*,#2125,.F.);
#1511=ORIENTED_EDGE('',*,*,#2127,.T.);
#1512=ORIENTED_EDGE('',*,*,#2128,.T.);
#1513=ORIENTED_EDGE('',*,*,#2129,.T.);
#1514=ORIENTED_EDGE('',*,*,#2128,.F.);
#1515=ORIENTED_EDGE('',*,*,#2130,.T.);
#1516=ORIENTED_EDGE('',*,*,#2131,.T.);
#1517=ORIENTED_EDGE('',*,*,#2132,.T.);
#1518=ORIENTED_EDGE('',*,*,#2131,.F.);
#1519=ORIENTED_EDGE('',*,*,#2133,.T.);
#1520=ORIENTED_EDGE('',*,*,#2134,.T.);
#1521=ORIENTED_EDGE('',*,*,#2135,.T.);
#1522=ORIENTED_EDGE('',*,*,#2134,.F.);
#1523=ORIENTED_EDGE('',*,*,#2136,.T.);
#1524=ORIENTED_EDGE('',*,*,#2137,.F.);
#1525=ORIENTED_EDGE('',*,*,#2138,.T.);
#1526=ORIENTED_EDGE('',*,*,#2137,.T.);
#1527=ORIENTED_EDGE('',*,*,#2139,.T.);
#1528=ORIENTED_EDGE('',*,*,#2140,.T.);
#1529=ORIENTED_EDGE('',*,*,#2141,.T.);
#1530=ORIENTED_EDGE('',*,*,#2140,.F.);
#1531=ORIENTED_EDGE('',*,*,#2142,.T.);
#1532=ORIENTED_EDGE('',*,*,#2123,.T.);
#1533=ORIENTED_EDGE('',*,*,#2143,.F.);
#1534=ORIENTED_EDGE('',*,*,#2144,.F.);
#1535=ORIENTED_EDGE('',*,*,#2145,.F.);
#1536=ORIENTED_EDGE('',*,*,#2146,.F.);
#1537=ORIENTED_EDGE('',*,*,#2147,.F.);
#1538=ORIENTED_EDGE('',*,*,#2148,.F.);
#1539=ORIENTED_EDGE('',*,*,#2149,.T.);
#1540=ORIENTED_EDGE('',*,*,#2150,.F.);
#1541=ORIENTED_EDGE('',*,*,#2151,.F.);
#1542=ORIENTED_EDGE('',*,*,#2152,.F.);
#1543=ORIENTED_EDGE('',*,*,#2153,.F.);
#1544=ORIENTED_EDGE('',*,*,#2154,.F.);
#1545=ORIENTED_EDGE('',*,*,#2155,.F.);
#1546=ORIENTED_EDGE('',*,*,#2156,.F.);
#1547=ORIENTED_EDGE('',*,*,#2142,.F.);
#1548=ORIENTED_EDGE('',*,*,#2139,.F.);
#1549=ORIENTED_EDGE('',*,*,#2136,.F.);
#1550=ORIENTED_EDGE('',*,*,#2133,.F.);
#1551=ORIENTED_EDGE('',*,*,#2130,.F.);
#1552=ORIENTED_EDGE('',*,*,#2127,.F.);
#1553=ORIENTED_EDGE('',*,*,#2124,.F.);
#1554=ORIENTED_EDGE('',*,*,#2157,.T.);
#1555=ORIENTED_EDGE('',*,*,#2158,.T.);
#1556=ORIENTED_EDGE('',*,*,#2159,.T.);
#1557=ORIENTED_EDGE('',*,*,#2158,.F.);
#1558=ORIENTED_EDGE('',*,*,#2157,.F.);
#1559=ORIENTED_EDGE('',*,*,#2160,.T.);
#1560=ORIENTED_EDGE('',*,*,#2161,.F.);
#1561=ORIENTED_EDGE('',*,*,#2162,.F.);
#1562=ORIENTED_EDGE('',*,*,#2163,.T.);
#1563=ORIENTED_EDGE('',*,*,#2164,.F.);
#1564=ORIENTED_EDGE('',*,*,#2160,.F.);
#1565=ORIENTED_EDGE('',*,*,#2165,.F.);
#1566=ORIENTED_EDGE('',*,*,#2166,.T.);
#1567=ORIENTED_EDGE('',*,*,#2167,.T.);
#1568=ORIENTED_EDGE('',*,*,#2168,.F.);
#1569=ORIENTED_EDGE('',*,*,#2161,.T.);
#1570=ORIENTED_EDGE('',*,*,#2169,.F.);
#1571=ORIENTED_EDGE('',*,*,#2170,.T.);
#1572=ORIENTED_EDGE('',*,*,#2171,.F.);
#1573=ORIENTED_EDGE('',*,*,#2172,.T.);
#1574=ORIENTED_EDGE('',*,*,#2168,.T.);
#1575=ORIENTED_EDGE('',*,*,#2173,.T.);
#1576=ORIENTED_EDGE('',*,*,#2174,.T.);
#1577=ORIENTED_EDGE('',*,*,#2162,.T.);
#1578=ORIENTED_EDGE('',*,*,#2175,.F.);
#1579=ORIENTED_EDGE('',*,*,#2176,.F.);
#1580=ORIENTED_EDGE('',*,*,#2177,.F.);
#1581=ORIENTED_EDGE('',*,*,#2178,.F.);
#1582=ORIENTED_EDGE('',*,*,#2179,.F.);
#1583=ORIENTED_EDGE('',*,*,#2180,.F.);
#1584=ORIENTED_EDGE('',*,*,#2163,.F.);
#1585=ORIENTED_EDGE('',*,*,#2174,.F.);
#1586=ORIENTED_EDGE('',*,*,#2181,.F.);
#1587=ORIENTED_EDGE('',*,*,#2182,.F.);
#1588=ORIENTED_EDGE('',*,*,#2183,.F.);
#1589=ORIENTED_EDGE('',*,*,#2143,.T.);
#1590=ORIENTED_EDGE('',*,*,#2184,.T.);
#1591=ORIENTED_EDGE('',*,*,#2170,.F.);
#1592=ORIENTED_EDGE('',*,*,#2185,.T.);
#1593=ORIENTED_EDGE('',*,*,#2148,.T.);
#1594=ORIENTED_EDGE('',*,*,#2186,.F.);
#1595=ORIENTED_EDGE('',*,*,#2176,.T.);
#1596=ORIENTED_EDGE('',*,*,#2187,.T.);
#1597=ORIENTED_EDGE('',*,*,#2147,.T.);
#1598=ORIENTED_EDGE('',*,*,#2188,.T.);
#1599=ORIENTED_EDGE('',*,*,#2177,.T.);
#1600=ORIENTED_EDGE('',*,*,#2186,.T.);
#1601=ORIENTED_EDGE('',*,*,#2146,.T.);
#1602=ORIENTED_EDGE('',*,*,#2189,.F.);
#1603=ORIENTED_EDGE('',*,*,#2178,.T.);
#1604=ORIENTED_EDGE('',*,*,#2188,.F.);
#1605=ORIENTED_EDGE('',*,*,#2145,.T.);
#1606=ORIENTED_EDGE('',*,*,#2190,.T.);
#1607=ORIENTED_EDGE('',*,*,#2179,.T.);
#1608=ORIENTED_EDGE('',*,*,#2189,.T.);
#1609=ORIENTED_EDGE('',*,*,#2190,.F.);
#1610=ORIENTED_EDGE('',*,*,#2144,.T.);
#1611=ORIENTED_EDGE('',*,*,#2185,.F.);
#1612=ORIENTED_EDGE('',*,*,#2169,.T.);
#1613=ORIENTED_EDGE('',*,*,#2164,.T.);
#1614=ORIENTED_EDGE('',*,*,#2180,.T.);
#1615=ORIENTED_EDGE('',*,*,#2150,.T.);
#1616=ORIENTED_EDGE('',*,*,#2191,.F.);
#1617=ORIENTED_EDGE('',*,*,#2183,.T.);
#1618=ORIENTED_EDGE('',*,*,#2192,.F.);
#1619=ORIENTED_EDGE('',*,*,#2193,.F.);
#1620=ORIENTED_EDGE('',*,*,#2152,.T.);
#1621=ORIENTED_EDGE('',*,*,#2194,.F.);
#1622=ORIENTED_EDGE('',*,*,#2181,.T.);
#1623=ORIENTED_EDGE('',*,*,#2173,.F.);
#1624=ORIENTED_EDGE('',*,*,#2167,.F.);
#1625=ORIENTED_EDGE('',*,*,#2153,.T.);
#1626=ORIENTED_EDGE('',*,*,#2193,.T.);
#1627=ORIENTED_EDGE('',*,*,#2166,.F.);
#1628=ORIENTED_EDGE('',*,*,#2195,.T.);
#1629=ORIENTED_EDGE('',*,*,#2194,.T.);
#1630=ORIENTED_EDGE('',*,*,#2151,.T.);
#1631=ORIENTED_EDGE('',*,*,#2192,.T.);
#1632=ORIENTED_EDGE('',*,*,#2182,.T.);
#1633=ORIENTED_EDGE('',*,*,#2191,.T.);
#1634=ORIENTED_EDGE('',*,*,#2149,.F.);
#1635=ORIENTED_EDGE('',*,*,#2187,.F.);
#1636=ORIENTED_EDGE('',*,*,#2175,.T.);
#1637=ORIENTED_EDGE('',*,*,#2196,.T.);
#1638=ORIENTED_EDGE('',*,*,#2154,.T.);
#1639=ORIENTED_EDGE('',*,*,#2195,.F.);
#1640=ORIENTED_EDGE('',*,*,#2165,.T.);
#1641=ORIENTED_EDGE('',*,*,#2184,.F.);
#1642=ORIENTED_EDGE('',*,*,#2156,.T.);
#1643=ORIENTED_EDGE('',*,*,#2197,.T.);
#1644=ORIENTED_EDGE('',*,*,#2171,.T.);
#1645=ORIENTED_EDGE('',*,*,#2197,.F.);
#1646=ORIENTED_EDGE('',*,*,#2155,.T.);
#1647=ORIENTED_EDGE('',*,*,#2196,.F.);
#1648=ORIENTED_EDGE('',*,*,#2172,.F.);
#1649=ORIENTED_EDGE('',*,*,#2138,.F.);
#1650=ORIENTED_EDGE('',*,*,#2141,.F.);
#1651=ORIENTED_EDGE('',*,*,#2122,.F.);
#1652=ORIENTED_EDGE('',*,*,#2126,.F.);
#1653=ORIENTED_EDGE('',*,*,#2129,.F.);
#1654=ORIENTED_EDGE('',*,*,#2132,.F.);
#1655=ORIENTED_EDGE('',*,*,#2135,.F.);
#1656=ORIENTED_EDGE('',*,*,#2159,.F.);
#1657=ORIENTED_EDGE('',*,*,#2198,.T.);
#1658=ORIENTED_EDGE('',*,*,#2199,.F.);
#1659=ORIENTED_EDGE('',*,*,#2200,.T.);
#1660=ORIENTED_EDGE('',*,*,#2201,.T.);
#1661=ORIENTED_EDGE('',*,*,#2202,.T.);
#1662=ORIENTED_EDGE('',*,*,#2203,.F.);
#1663=ORIENTED_EDGE('',*,*,#2204,.F.);
#1664=ORIENTED_EDGE('',*,*,#2205,.T.);
#1665=ORIENTED_EDGE('',*,*,#2206,.F.);
#1666=ORIENTED_EDGE('',*,*,#2207,.T.);
#1667=ORIENTED_EDGE('',*,*,#2205,.F.);
#1668=ORIENTED_EDGE('',*,*,#2208,.F.);
#1669=ORIENTED_EDGE('',*,*,#2203,.T.);
#1670=ORIENTED_EDGE('',*,*,#2209,.F.);
#1671=ORIENTED_EDGE('',*,*,#2210,.T.);
#1672=ORIENTED_EDGE('',*,*,#2211,.F.);
#1673=ORIENTED_EDGE('',*,*,#2212,.T.);
#1674=ORIENTED_EDGE('',*,*,#2213,.F.);
#1675=ORIENTED_EDGE('',*,*,#2206,.T.);
#1676=ORIENTED_EDGE('',*,*,#2214,.T.);
#1677=ORIENTED_EDGE('',*,*,#2215,.F.);
#1678=ORIENTED_EDGE('',*,*,#2212,.F.);
#1679=ORIENTED_EDGE('',*,*,#2216,.F.);
#1680=ORIENTED_EDGE('',*,*,#2200,.F.);
#1681=ORIENTED_EDGE('',*,*,#2217,.F.);
#1682=ORIENTED_EDGE('',*,*,#2198,.F.);
#1683=ORIENTED_EDGE('',*,*,#2218,.T.);
#1684=ORIENTED_EDGE('',*,*,#2219,.T.);
#1685=ORIENTED_EDGE('',*,*,#2220,.F.);
#1686=ORIENTED_EDGE('',*,*,#2219,.F.);
#1687=ORIENTED_EDGE('',*,*,#2221,.F.);
#1688=ORIENTED_EDGE('',*,*,#2222,.F.);
#1689=ORIENTED_EDGE('',*,*,#2223,.F.);
#1690=ORIENTED_EDGE('',*,*,#2224,.T.);
#1691=ORIENTED_EDGE('',*,*,#2223,.T.);
#1692=ORIENTED_EDGE('',*,*,#2225,.F.);
#1693=ORIENTED_EDGE('',*,*,#2210,.F.);
#1694=ORIENTED_EDGE('',*,*,#2226,.T.);
#1695=ORIENTED_EDGE('',*,*,#2227,.F.);
#1696=ORIENTED_EDGE('',*,*,#2226,.F.);
#1697=ORIENTED_EDGE('',*,*,#2228,.T.);
#1698=ORIENTED_EDGE('',*,*,#2228,.F.);
#1699=ORIENTED_EDGE('',*,*,#2229,.F.);
#1700=ORIENTED_EDGE('',*,*,#2229,.T.);
#1701=ORIENTED_EDGE('',*,*,#2230,.T.);
#1702=ORIENTED_EDGE('',*,*,#2231,.F.);
#1703=ORIENTED_EDGE('',*,*,#2216,.T.);
#1704=ORIENTED_EDGE('',*,*,#2214,.F.);
#1705=ORIENTED_EDGE('',*,*,#2232,.F.);
#1706=ORIENTED_EDGE('',*,*,#2230,.F.);
#1707=ORIENTED_EDGE('',*,*,#2233,.F.);
#1708=ORIENTED_EDGE('',*,*,#2221,.T.);
#1709=ORIENTED_EDGE('',*,*,#2218,.F.);
#1710=ORIENTED_EDGE('',*,*,#2201,.F.);
#1711=ORIENTED_EDGE('',*,*,#2204,.T.);
#1712=ORIENTED_EDGE('',*,*,#2211,.T.);
#1713=ORIENTED_EDGE('',*,*,#2225,.T.);
#1714=ORIENTED_EDGE('',*,*,#2222,.T.);
#1715=ORIENTED_EDGE('',*,*,#2233,.T.);
#1716=ORIENTED_EDGE('',*,*,#2231,.T.);
#1717=ORIENTED_EDGE('',*,*,#2232,.T.);
#1718=ORIENTED_EDGE('',*,*,#2208,.T.);
#1719=ORIENTED_EDGE('',*,*,#2234,.T.);
#1720=ORIENTED_EDGE('',*,*,#2227,.T.);
#1721=ORIENTED_EDGE('',*,*,#2235,.F.);
#1722=ORIENTED_EDGE('',*,*,#2234,.F.);
#1723=ORIENTED_EDGE('',*,*,#2236,.F.);
#1724=ORIENTED_EDGE('',*,*,#2235,.T.);
#1725=ORIENTED_EDGE('',*,*,#2236,.T.);
#1726=ORIENTED_EDGE('',*,*,#2237,.F.);
#1727=ORIENTED_EDGE('',*,*,#2238,.F.);
#1728=ORIENTED_EDGE('',*,*,#2237,.T.);
#1729=ORIENTED_EDGE('',*,*,#2207,.F.);
#1730=ORIENTED_EDGE('',*,*,#2213,.T.);
#1731=ORIENTED_EDGE('',*,*,#2215,.T.);
#1732=ORIENTED_EDGE('',*,*,#2199,.T.);
#1733=ORIENTED_EDGE('',*,*,#2217,.T.);
#1734=ORIENTED_EDGE('',*,*,#2220,.T.);
#1735=ORIENTED_EDGE('',*,*,#2224,.F.);
#1736=ORIENTED_EDGE('',*,*,#2209,.T.);
#1737=ORIENTED_EDGE('',*,*,#2202,.F.);
#1738=ORIENTED_EDGE('',*,*,#2238,.T.);
#1739=ORIENTED_EDGE('',*,*,#2239,.F.);
#1740=ORIENTED_EDGE('',*,*,#2240,.T.);
#1741=ORIENTED_EDGE('',*,*,#2241,.T.);
#1742=ORIENTED_EDGE('',*,*,#2242,.T.);
#1743=ORIENTED_EDGE('',*,*,#2243,.T.);
#1744=ORIENTED_EDGE('',*,*,#2244,.T.);
#1745=ORIENTED_EDGE('',*,*,#2241,.F.);
#1746=ORIENTED_EDGE('',*,*,#2245,.T.);
#1747=ORIENTED_EDGE('',*,*,#2246,.F.);
#1748=ORIENTED_EDGE('',*,*,#2247,.F.);
#1749=ORIENTED_EDGE('',*,*,#2244,.F.);
#1750=ORIENTED_EDGE('',*,*,#2248,.T.);
#1751=ORIENTED_EDGE('',*,*,#2249,.F.);
#1752=ORIENTED_EDGE('',*,*,#2245,.F.);
#1753=ORIENTED_EDGE('',*,*,#2243,.F.);
#1754=ORIENTED_EDGE('',*,*,#2250,.T.);
#1755=ORIENTED_EDGE('',*,*,#2251,.F.);
#1756=ORIENTED_EDGE('',*,*,#2248,.F.);
#1757=ORIENTED_EDGE('',*,*,#2242,.F.);
#1758=ORIENTED_EDGE('',*,*,#2247,.T.);
#1759=ORIENTED_EDGE('',*,*,#2252,.F.);
#1760=ORIENTED_EDGE('',*,*,#2250,.F.);
#1761=ORIENTED_EDGE('',*,*,#2253,.T.);
#1762=ORIENTED_EDGE('',*,*,#2254,.T.);
#1763=ORIENTED_EDGE('',*,*,#2246,.T.);
#1764=ORIENTED_EDGE('',*,*,#2249,.T.);
#1765=ORIENTED_EDGE('',*,*,#2251,.T.);
#1766=ORIENTED_EDGE('',*,*,#2252,.T.);
#1767=ORIENTED_EDGE('',*,*,#2255,.F.);
#1768=ORIENTED_EDGE('',*,*,#2256,.T.);
#1769=ORIENTED_EDGE('',*,*,#2257,.F.);
#1770=ORIENTED_EDGE('',*,*,#2258,.F.);
#1771=ORIENTED_EDGE('',*,*,#2259,.T.);
#1772=ORIENTED_EDGE('',*,*,#2260,.F.);
#1773=ORIENTED_EDGE('',*,*,#2261,.T.);
#1774=ORIENTED_EDGE('',*,*,#2262,.F.);
#1775=ORIENTED_EDGE('',*,*,#2263,.T.);
#1776=ORIENTED_EDGE('',*,*,#2264,.F.);
#1777=ORIENTED_EDGE('',*,*,#2257,.T.);
#1778=ORIENTED_EDGE('',*,*,#2265,.T.);
#1779=ORIENTED_EDGE('',*,*,#2260,.T.);
#1780=ORIENTED_EDGE('',*,*,#2266,.F.);
#1781=ORIENTED_EDGE('',*,*,#2267,.T.);
#1782=ORIENTED_EDGE('',*,*,#2268,.T.);
#1783=ORIENTED_EDGE('',*,*,#2269,.T.);
#1784=ORIENTED_EDGE('',*,*,#2270,.T.);
#1785=ORIENTED_EDGE('',*,*,#2271,.T.);
#1786=ORIENTED_EDGE('',*,*,#2254,.F.);
#1787=ORIENTED_EDGE('',*,*,#2272,.F.);
#1788=ORIENTED_EDGE('',*,*,#2266,.T.);
#1789=ORIENTED_EDGE('',*,*,#2262,.T.);
#1790=ORIENTED_EDGE('',*,*,#2273,.T.);
#1791=ORIENTED_EDGE('',*,*,#2255,.T.);
#1792=ORIENTED_EDGE('',*,*,#2274,.T.);
#1793=ORIENTED_EDGE('',*,*,#2240,.F.);
#1794=ORIENTED_EDGE('',*,*,#2275,.F.);
#1795=ORIENTED_EDGE('',*,*,#2276,.T.);
#1796=ORIENTED_EDGE('',*,*,#2277,.T.);
#1797=ORIENTED_EDGE('',*,*,#2278,.T.);
#1798=ORIENTED_EDGE('',*,*,#2258,.T.);
#1799=ORIENTED_EDGE('',*,*,#2272,.T.);
#1800=ORIENTED_EDGE('',*,*,#2279,.T.);
#1801=ORIENTED_EDGE('',*,*,#2280,.T.);
#1802=ORIENTED_EDGE('',*,*,#2281,.T.);
#1803=ORIENTED_EDGE('',*,*,#2277,.F.);
#1804=ORIENTED_EDGE('',*,*,#2282,.T.);
#1805=ORIENTED_EDGE('',*,*,#2275,.T.);
#1806=ORIENTED_EDGE('',*,*,#2283,.T.);
#1807=ORIENTED_EDGE('',*,*,#2284,.T.);
#1808=ORIENTED_EDGE('',*,*,#2285,.T.);
#1809=ORIENTED_EDGE('',*,*,#2271,.F.);
#1810=ORIENTED_EDGE('',*,*,#2264,.T.);
#1811=ORIENTED_EDGE('',*,*,#2286,.T.);
#1812=ORIENTED_EDGE('',*,*,#2269,.F.);
#1813=ORIENTED_EDGE('',*,*,#2287,.T.);
#1814=ORIENTED_EDGE('',*,*,#2253,.F.);
#1815=ORIENTED_EDGE('',*,*,#2288,.T.);
#1816=ORIENTED_EDGE('',*,*,#2274,.F.);
#1817=ORIENTED_EDGE('',*,*,#2289,.T.);
#1818=ORIENTED_EDGE('',*,*,#2276,.F.);
#1819=ORIENTED_EDGE('',*,*,#2290,.T.);
#1820=ORIENTED_EDGE('',*,*,#2291,.T.);
#1821=ORIENTED_EDGE('',*,*,#2292,.T.);
#1822=ORIENTED_EDGE('',*,*,#2293,.T.);
#1823=ORIENTED_EDGE('',*,*,#2294,.T.);
#1824=ORIENTED_EDGE('',*,*,#2267,.F.);
#1825=ORIENTED_EDGE('',*,*,#2295,.T.);
#1826=ORIENTED_EDGE('',*,*,#2289,.F.);
#1827=ORIENTED_EDGE('',*,*,#2259,.F.);
#1828=ORIENTED_EDGE('',*,*,#2282,.F.);
#1829=ORIENTED_EDGE('',*,*,#2286,.F.);
#1830=ORIENTED_EDGE('',*,*,#2263,.F.);
#1831=ORIENTED_EDGE('',*,*,#2290,.F.);
#1832=ORIENTED_EDGE('',*,*,#2287,.F.);
#1833=ORIENTED_EDGE('',*,*,#2296,.F.);
#1834=ORIENTED_EDGE('',*,*,#2279,.F.);
#1835=ORIENTED_EDGE('',*,*,#2296,.T.);
#1836=ORIENTED_EDGE('',*,*,#2268,.F.);
#1837=ORIENTED_EDGE('',*,*,#2297,.F.);
#1838=ORIENTED_EDGE('',*,*,#2280,.F.);
#1839=ORIENTED_EDGE('',*,*,#2285,.F.);
#1840=ORIENTED_EDGE('',*,*,#2298,.F.);
#1841=ORIENTED_EDGE('',*,*,#2288,.F.);
#1842=ORIENTED_EDGE('',*,*,#2297,.T.);
#1843=ORIENTED_EDGE('',*,*,#2294,.F.);
#1844=ORIENTED_EDGE('',*,*,#2299,.F.);
#1845=ORIENTED_EDGE('',*,*,#2281,.F.);
#1846=ORIENTED_EDGE('',*,*,#2298,.T.);
#1847=ORIENTED_EDGE('',*,*,#2284,.F.);
#1848=ORIENTED_EDGE('',*,*,#2300,.F.);
#1849=ORIENTED_EDGE('',*,*,#2270,.F.);
#1850=ORIENTED_EDGE('',*,*,#2299,.T.);
#1851=ORIENTED_EDGE('',*,*,#2293,.F.);
#1852=ORIENTED_EDGE('',*,*,#2292,.F.);
#1853=ORIENTED_EDGE('',*,*,#2291,.F.);
#1854=ORIENTED_EDGE('',*,*,#2301,.T.);
#1855=ORIENTED_EDGE('',*,*,#2278,.F.);
#1856=ORIENTED_EDGE('',*,*,#2300,.T.);
#1857=ORIENTED_EDGE('',*,*,#2283,.F.);
#1858=ORIENTED_EDGE('',*,*,#2301,.F.);
#1859=ORIENTED_EDGE('',*,*,#2295,.F.);
#1860=ORIENTED_EDGE('',*,*,#2302,.T.);
#1861=ORIENTED_EDGE('',*,*,#2303,.T.);
#1862=ORIENTED_EDGE('',*,*,#2304,.T.);
#1863=ORIENTED_EDGE('',*,*,#2305,.T.);
#1864=ORIENTED_EDGE('',*,*,#2306,.F.);
#1865=ORIENTED_EDGE('',*,*,#2306,.T.);
#1866=ORIENTED_EDGE('',*,*,#2307,.F.);
#1867=ORIENTED_EDGE('',*,*,#2307,.T.);
#1868=ORIENTED_EDGE('',*,*,#2239,.T.);
#1869=ORIENTED_EDGE('',*,*,#2308,.F.);
#1870=ORIENTED_EDGE('',*,*,#2305,.F.);
#1871=ORIENTED_EDGE('',*,*,#2309,.F.);
#1872=ORIENTED_EDGE('',*,*,#2261,.F.);
#1873=ORIENTED_EDGE('',*,*,#2309,.T.);
#1874=ORIENTED_EDGE('',*,*,#2304,.F.);
#1875=ORIENTED_EDGE('',*,*,#2310,.F.);
#1876=ORIENTED_EDGE('',*,*,#2273,.F.);
#1877=ORIENTED_EDGE('',*,*,#2308,.T.);
#1878=ORIENTED_EDGE('',*,*,#2265,.F.);
#1879=ORIENTED_EDGE('',*,*,#2311,.F.);
#1880=ORIENTED_EDGE('',*,*,#2302,.F.);
#1881=ORIENTED_EDGE('',*,*,#2310,.T.);
#1882=ORIENTED_EDGE('',*,*,#2303,.F.);
#1883=ORIENTED_EDGE('',*,*,#2311,.T.);
#1884=ORIENTED_EDGE('',*,*,#2256,.F.);
#1885=VERTEX_POINT('',#3339);
#1886=VERTEX_POINT('',#3340);
#1887=VERTEX_POINT('',#3342);
#1888=VERTEX_POINT('',#3344);
#1889=VERTEX_POINT('',#3348);
#1890=VERTEX_POINT('',#3349);
#1891=VERTEX_POINT('',#3351);
#1892=VERTEX_POINT('',#3353);
#1893=VERTEX_POINT('',#3357);
#1894=VERTEX_POINT('',#3358);
#1895=VERTEX_POINT('',#3360);
#1896=VERTEX_POINT('',#3362);
#1897=VERTEX_POINT('',#3367);
#1898=VERTEX_POINT('',#3374);
#1899=VERTEX_POINT('',#3376);
#1900=VERTEX_POINT('',#3378);
#1901=VERTEX_POINT('',#3387);
#1902=VERTEX_POINT('',#3388);
#1903=VERTEX_POINT('',#3394);
#1904=VERTEX_POINT('',#3397);
#1905=VERTEX_POINT('',#3399);
#1906=VERTEX_POINT('',#3402);
#1907=VERTEX_POINT('',#3404);
#1908=VERTEX_POINT('',#3411);
#1909=VERTEX_POINT('',#3413);
#1910=VERTEX_POINT('',#3416);
#1911=VERTEX_POINT('',#3419);
#1912=VERTEX_POINT('',#3421);
#1913=VERTEX_POINT('',#3423);
#1914=VERTEX_POINT('',#3425);
#1915=VERTEX_POINT('',#3429);
#1916=VERTEX_POINT('',#3432);
#1917=VERTEX_POINT('',#3438);
#1918=VERTEX_POINT('',#3441);
#1919=VERTEX_POINT('',#3444);
#1920=VERTEX_POINT('',#3447);
#1921=VERTEX_POINT('',#3450);
#1922=VERTEX_POINT('',#3453);
#1923=VERTEX_POINT('',#3456);
#1924=VERTEX_POINT('',#3460);
#1925=VERTEX_POINT('',#3463);
#1926=VERTEX_POINT('',#3466);
#1927=VERTEX_POINT('',#3469);
#1928=VERTEX_POINT('',#3472);
#1929=VERTEX_POINT('',#3475);
#1930=VERTEX_POINT('',#3478);
#1931=VERTEX_POINT('',#3483);
#1932=VERTEX_POINT('',#3485);
#1933=VERTEX_POINT('',#3488);
#1934=VERTEX_POINT('',#3491);
#1935=VERTEX_POINT('',#3495);
#1936=VERTEX_POINT('',#3496);
#1937=VERTEX_POINT('',#3498);
#1938=VERTEX_POINT('',#3500);
#1939=VERTEX_POINT('',#3504);
#1940=VERTEX_POINT('',#3506);
#1941=VERTEX_POINT('',#3510);
#1942=VERTEX_POINT('',#3512);
#1943=VERTEX_POINT('',#3516);
#1944=VERTEX_POINT('',#3518);
#1945=VERTEX_POINT('',#3522);
#1946=VERTEX_POINT('',#3524);
#1947=VERTEX_POINT('',#3528);
#1948=VERTEX_POINT('',#3530);
#1949=VERTEX_POINT('',#3537);
#1950=VERTEX_POINT('',#3538);
#1951=VERTEX_POINT('',#3540);
#1952=VERTEX_POINT('',#3542);
#1953=VERTEX_POINT('',#3544);
#1954=VERTEX_POINT('',#3546);
#1955=VERTEX_POINT('',#3548);
#1956=VERTEX_POINT('',#3550);
#1957=VERTEX_POINT('',#3552);
#1958=VERTEX_POINT('',#3554);
#1959=VERTEX_POINT('',#3556);
#1960=VERTEX_POINT('',#3558);
#1961=VERTEX_POINT('',#3560);
#1962=VERTEX_POINT('',#3562);
#1963=VERTEX_POINT('',#3566);
#1964=VERTEX_POINT('',#3568);
#1965=VERTEX_POINT('',#3571);
#1966=VERTEX_POINT('',#3574);
#1967=VERTEX_POINT('',#3577);
#1968=VERTEX_POINT('',#3578);
#1969=VERTEX_POINT('',#3580);
#1970=VERTEX_POINT('',#3582);
#1971=VERTEX_POINT('',#3586);
#1972=VERTEX_POINT('',#3587);
#1973=VERTEX_POINT('',#3589);
#1974=VERTEX_POINT('',#3591);
#1975=VERTEX_POINT('',#3594);
#1976=VERTEX_POINT('',#3596);
#1977=VERTEX_POINT('',#3598);
#1978=VERTEX_POINT('',#3602);
#1979=VERTEX_POINT('',#3606);
#1980=VERTEX_POINT('',#3607);
#1981=VERTEX_POINT('',#3609);
#1982=VERTEX_POINT('',#3611);
#1983=VERTEX_POINT('',#3613);
#1984=VERTEX_POINT('',#3615);
#1985=VERTEX_POINT('',#3618);
#1986=VERTEX_POINT('',#3620);
#1987=VERTEX_POINT('',#3662);
#1988=VERTEX_POINT('',#3663);
#1989=VERTEX_POINT('',#3665);
#1990=VERTEX_POINT('',#3667);
#1991=VERTEX_POINT('',#3671);
#1992=VERTEX_POINT('',#3672);
#1993=VERTEX_POINT('',#3674);
#1994=VERTEX_POINT('',#3676);
#1995=VERTEX_POINT('',#3680);
#1996=VERTEX_POINT('',#3681);
#1997=VERTEX_POINT('',#3686);
#1998=VERTEX_POINT('',#3688);
#1999=VERTEX_POINT('',#3692);
#2000=VERTEX_POINT('',#3693);
#2001=VERTEX_POINT('',#3701);
#2002=VERTEX_POINT('',#3703);
#2003=VERTEX_POINT('',#3707);
#2004=VERTEX_POINT('',#3709);
#2005=VERTEX_POINT('',#3711);
#2006=VERTEX_POINT('',#3718);
#2007=VERTEX_POINT('',#3720);
#2008=VERTEX_POINT('',#3723);
#2009=VERTEX_POINT('',#3726);
#2010=VERTEX_POINT('',#3729);
#2011=VERTEX_POINT('',#3730);
#2012=VERTEX_POINT('',#3738);
#2013=VERTEX_POINT('',#3741);
#2014=VERTEX_POINT('',#3744);
#2015=VERTEX_POINT('',#3747);
#2016=VERTEX_POINT('',#3750);
#2017=VERTEX_POINT('',#3754);
#2018=VERTEX_POINT('',#3756);
#2019=VERTEX_POINT('',#3758);
#2020=VERTEX_POINT('',#3759);
#2021=VERTEX_POINT('',#3761);
#2022=VERTEX_POINT('',#3763);
#2023=VERTEX_POINT('',#3767);
#2024=VERTEX_POINT('',#3769);
#2025=VERTEX_POINT('',#3773);
#2026=VERTEX_POINT('',#3777);
#2027=VERTEX_POINT('',#3783);
#2028=VERTEX_POINT('',#3784);
#2029=VERTEX_POINT('',#3788);
#2030=VERTEX_POINT('',#3789);
#2031=VERTEX_POINT('',#3806);
#2032=VERTEX_POINT('',#3808);
#2033=VERTEX_POINT('',#3810);
#2034=VERTEX_POINT('',#3814);
#2035=VERTEX_POINT('',#3815);
#2036=VERTEX_POINT('',#3829);
#2037=VERTEX_POINT('',#3831);
#2038=VERTEX_POINT('',#3833);
#2039=VERTEX_POINT('',#3840);
#2040=VERTEX_POINT('',#3841);
#2041=VERTEX_POINT('',#3843);
#2042=VERTEX_POINT('',#3845);
#2043=VERTEX_POINT('',#3855);
#2044=VERTEX_POINT('',#3856);
#2045=VERTEX_POINT('',#3858);
#2046=VERTEX_POINT('',#3860);
#2047=VERTEX_POINT('',#3921);
#2048=VERTEX_POINT('',#3923);
#2049=VERTEX_POINT('',#3952);
#2050=VERTEX_POINT('',#3954);
#2051=VERTEX_POINT('',#4076);
#2052=VERTEX_POINT('',#4077);
#2053=VERTEX_POINT('',#4112);
#2054=VERTEX_POINT('',#4123);
#2055=VERTEX_POINT('',#4282);
#2056=VERTEX_POINT('',#4283);
#2057=VERTEX_POINT('',#4297);
#2058=VERTEX_POINT('',#4299);
#2059=VERTEX_POINT('',#4314);
#2060=VERTEX_POINT('',#4317);
#2061=EDGE_CURVE('',#1885,#1886,#2312,.T.);
#2062=EDGE_CURVE('',#1885,#1887,#2313,.T.);
#2063=EDGE_CURVE('',#1888,#1887,#2314,.T.);
#2064=EDGE_CURVE('',#1886,#1888,#2315,.T.);
#2065=EDGE_CURVE('',#1889,#1890,#2316,.T.);
#2066=EDGE_CURVE('',#1891,#1890,#867,.T.);
#2067=EDGE_CURVE('',#1891,#1892,#2317,.T.);
#2068=EDGE_CURVE('',#1889,#1892,#868,.T.);
#2069=EDGE_CURVE('',#1893,#1894,#2318,.T.);
#2070=EDGE_CURVE('',#1895,#1893,#2319,.T.);
#2071=EDGE_CURVE('',#1895,#1896,#2320,.T.);
#2072=EDGE_CURVE('',#1894,#1896,#2321,.T.);
#2073=EDGE_CURVE('',#1894,#1887,#2322,.T.);
#2074=EDGE_CURVE('',#1896,#1897,#2323,.T.);
#2075=EDGE_CURVE('',#1888,#1897,#2324,.T.);
#2076=EDGE_CURVE('',#1885,#1891,#2325,.T.);
#2077=EDGE_CURVE('',#1892,#1886,#2326,.T.);
#2078=EDGE_CURVE('',#1893,#1898,#869,.T.);
#2079=EDGE_CURVE('',#1898,#1899,#2327,.T.);
#2080=EDGE_CURVE('',#1900,#1899,#870,.T.);
#2081=EDGE_CURVE('',#1900,#1895,#826,.T.);
#2082=EDGE_CURVE('',#1901,#1902,#798,.T.);
#2083=EDGE_CURVE('',#1902,#1901,#799,.T.);
#2084=EDGE_CURVE('',#1903,#1903,#871,.T.);
#2085=EDGE_CURVE('',#1904,#1904,#872,.T.);
#2086=EDGE_CURVE('',#1905,#1905,#873,.T.);
#2087=EDGE_CURVE('',#1906,#1898,#874,.T.);
#2088=EDGE_CURVE('',#1906,#1907,#2328,.T.);
#2089=EDGE_CURVE('',#1899,#1907,#875,.T.);
#2090=EDGE_CURVE('',#1907,#1889,#2329,.T.);
#2091=EDGE_CURVE('',#1890,#1906,#2330,.T.);
#2092=EDGE_CURVE('',#1908,#1908,#876,.T.);
#2093=EDGE_CURVE('',#1909,#1909,#877,.T.);
#2094=EDGE_CURVE('',#1910,#1910,#878,.T.);
#2095=EDGE_CURVE('',#1897,#1911,#2331,.T.);
#2096=EDGE_CURVE('',#1911,#1912,#879,.T.);
#2097=EDGE_CURVE('',#1912,#1913,#2332,.T.);
#2098=EDGE_CURVE('',#1913,#1914,#880,.T.);
#2099=EDGE_CURVE('',#1914,#1900,#2333,.T.);
#2100=EDGE_CURVE('',#1915,#1915,#881,.T.);
#2101=EDGE_CURVE('',#1916,#1916,#882,.T.);
#2102=EDGE_CURVE('',#1913,#1914,#827,.T.);
#2103=EDGE_CURVE('',#1911,#1912,#828,.T.);
#2104=EDGE_CURVE('',#1917,#1917,#883,.T.);
#2105=EDGE_CURVE('',#1918,#1918,#884,.T.);
#2106=EDGE_CURVE('',#1919,#1919,#885,.T.);
#2107=EDGE_CURVE('',#1920,#1920,#886,.T.);
#2108=EDGE_CURVE('',#1921,#1921,#887,.T.);
#2109=EDGE_CURVE('',#1922,#1922,#888,.T.);
#2110=EDGE_CURVE('',#1923,#1923,#889,.T.);
#2111=EDGE_CURVE('',#1924,#1924,#890,.T.);
#2112=EDGE_CURVE('',#1925,#1925,#891,.T.);
#2113=EDGE_CURVE('',#1926,#1926,#892,.T.);
#2114=EDGE_CURVE('',#1927,#1927,#893,.T.);
#2115=EDGE_CURVE('',#1928,#1928,#894,.T.);
#2116=EDGE_CURVE('',#1929,#1929,#895,.T.);
#2117=EDGE_CURVE('',#1930,#1930,#896,.T.);
#2118=EDGE_CURVE('',#1931,#1931,#897,.T.);
#2119=EDGE_CURVE('',#1932,#1932,#898,.T.);
#2120=EDGE_CURVE('',#1933,#1933,#899,.T.);
#2121=EDGE_CURVE('',#1934,#1934,#900,.T.);
#2122=EDGE_CURVE('',#1935,#1936,#2334,.T.);
#2123=EDGE_CURVE('',#1937,#1936,#2335,.T.);
#2124=EDGE_CURVE('',#1937,#1938,#2336,.T.);
#2125=EDGE_CURVE('',#1938,#1935,#2337,.T.);
#2126=EDGE_CURVE('',#1939,#1935,#2338,.T.);
#2127=EDGE_CURVE('',#1938,#1940,#2339,.T.);
#2128=EDGE_CURVE('',#1940,#1939,#2340,.T.);
#2129=EDGE_CURVE('',#1941,#1939,#2341,.T.);
#2130=EDGE_CURVE('',#1940,#1942,#2342,.T.);
#2131=EDGE_CURVE('',#1942,#1941,#2343,.T.);
#2132=EDGE_CURVE('',#1943,#1941,#2344,.T.);
#2133=EDGE_CURVE('',#1942,#1944,#2345,.T.);
#2134=EDGE_CURVE('',#1944,#1943,#2346,.T.);
#2135=EDGE_CURVE('',#1945,#1943,#2347,.T.);
#2136=EDGE_CURVE('',#1944,#1946,#2348,.T.);
#2137=EDGE_CURVE('',#1945,#1946,#2349,.T.);
#2138=EDGE_CURVE('',#1947,#1945,#2350,.T.);
#2139=EDGE_CURVE('',#1946,#1948,#2351,.T.);
#2140=EDGE_CURVE('',#1948,#1947,#2352,.T.);
#2141=EDGE_CURVE('',#1936,#1947,#2353,.T.);
#2142=EDGE_CURVE('',#1948,#1937,#2354,.T.);
#2143=EDGE_CURVE('',#1949,#1950,#901,.T.);
#2144=EDGE_CURVE('',#1951,#1949,#902,.T.);
#2145=EDGE_CURVE('',#1952,#1951,#903,.T.);
#2146=EDGE_CURVE('',#1953,#1952,#904,.T.);
#2147=EDGE_CURVE('',#1954,#1953,#905,.T.);
#2148=EDGE_CURVE('',#1955,#1954,#906,.T.);
#2149=EDGE_CURVE('',#1955,#1956,#2355,.T.);
#2150=EDGE_CURVE('',#1957,#1956,#2356,.T.);
#2151=EDGE_CURVE('',#1958,#1957,#2357,.T.);
#2152=EDGE_CURVE('',#1959,#1958,#2358,.T.);
#2153=EDGE_CURVE('',#1960,#1959,#907,.T.);
#2154=EDGE_CURVE('',#1961,#1960,#2359,.T.);
#2155=EDGE_CURVE('',#1962,#1961,#2360,.T.);
#2156=EDGE_CURVE('',#1950,#1962,#2361,.T.);
#2157=EDGE_CURVE('',#1963,#1963,#908,.T.);
#2158=EDGE_CURVE('',#1964,#1964,#909,.T.);
#2159=EDGE_CURVE('',#1965,#1965,#910,.T.);
#2160=EDGE_CURVE('',#1966,#1966,#911,.T.);
#2161=EDGE_CURVE('',#1967,#1968,#912,.T.);
#2162=EDGE_CURVE('',#1969,#1967,#2362,.T.);
#2163=EDGE_CURVE('',#1969,#1970,#913,.T.);
#2164=EDGE_CURVE('',#1968,#1970,#2363,.T.);
#2165=EDGE_CURVE('',#1971,#1972,#2364,.T.);
#2166=EDGE_CURVE('',#1971,#1973,#914,.T.);
#2167=EDGE_CURVE('',#1973,#1974,#2365,.T.);
#2168=EDGE_CURVE('',#1967,#1974,#2366,.T.);
#2169=EDGE_CURVE('',#1975,#1968,#915,.T.);
#2170=EDGE_CURVE('',#1975,#1976,#916,.T.);
#2171=EDGE_CURVE('',#1977,#1976,#2367,.T.);
#2172=EDGE_CURVE('',#1977,#1972,#2368,.T.);
#2173=EDGE_CURVE('',#1974,#1978,#2369,.T.);
#2174=EDGE_CURVE('',#1978,#1969,#2370,.T.);
#2175=EDGE_CURVE('',#1979,#1980,#2371,.T.);
#2176=EDGE_CURVE('',#1981,#1979,#917,.T.);
#2177=EDGE_CURVE('',#1982,#1981,#918,.T.);
#2178=EDGE_CURVE('',#1983,#1982,#919,.T.);
#2179=EDGE_CURVE('',#1984,#1983,#920,.T.);
#2180=EDGE_CURVE('',#1970,#1984,#921,.T.);
#2181=EDGE_CURVE('',#1985,#1978,#2372,.T.);
#2182=EDGE_CURVE('',#1986,#1985,#2373,.T.);
#2183=EDGE_CURVE('',#1980,#1986,#2374,.T.);
#2184=EDGE_CURVE('',#1950,#1976,#2375,.T.);
#2185=EDGE_CURVE('',#1975,#1949,#2376,.T.);
#2186=EDGE_CURVE('',#1981,#1954,#800,.T.);
#2187=EDGE_CURVE('',#1979,#1955,#2377,.T.);
#2188=EDGE_CURVE('',#1953,#1982,#2378,.T.);
#2189=EDGE_CURVE('',#1983,#1952,#801,.T.);
#2190=EDGE_CURVE('',#1951,#1984,#802,.T.);
#2191=EDGE_CURVE('',#1980,#1956,#2379,.T.);
#2192=EDGE_CURVE('',#1957,#1986,#2380,.T.);
#2193=EDGE_CURVE('',#1959,#1973,#2381,.T.);
#2194=EDGE_CURVE('',#1985,#1958,#2382,.T.);
#2195=EDGE_CURVE('',#1971,#1960,#2383,.T.);
#2196=EDGE_CURVE('',#1972,#1961,#2384,.T.);
#2197=EDGE_CURVE('',#1962,#1977,#2385,.T.);
#2198=EDGE_CURVE('',#1987,#1988,#2386,.T.);
#2199=EDGE_CURVE('',#1989,#1988,#922,.T.);
#2200=EDGE_CURVE('',#1989,#1990,#2387,.T.);
#2201=EDGE_CURVE('',#1990,#1987,#829,.T.);
#2202=EDGE_CURVE('',#1991,#1992,#923,.T.);
#2203=EDGE_CURVE('',#1993,#1992,#2388,.T.);
#2204=EDGE_CURVE('',#1994,#1993,#924,.T.);
#2205=EDGE_CURVE('',#1994,#1991,#2389,.T.);
#2206=EDGE_CURVE('',#1995,#1996,#2390,.T.);
#2207=EDGE_CURVE('',#1995,#1991,#925,.T.);
#2208=EDGE_CURVE('',#1996,#1994,#926,.T.);
#2209=EDGE_CURVE('',#1997,#1992,#927,.T.);
#2210=EDGE_CURVE('',#1997,#1998,#2391,.T.);
#2211=EDGE_CURVE('',#1993,#1998,#928,.T.);
#2212=EDGE_CURVE('',#1999,#2000,#2392,.T.);
#2213=EDGE_CURVE('',#1995,#2000,#2393,.T.);
#2214=EDGE_CURVE('',#1996,#1999,#2394,.T.);
#2215=EDGE_CURVE('',#2000,#1989,#2395,.T.);
#2216=EDGE_CURVE('',#1990,#1999,#2396,.T.);
#2217=EDGE_CURVE('',#1988,#2001,#2397,.T.);
#2218=EDGE_CURVE('',#1987,#2002,#2398,.T.);
#2219=EDGE_CURVE('',#2002,#2001,#2399,.T.);
#2220=EDGE_CURVE('',#2001,#2003,#2400,.T.);
#2221=EDGE_CURVE('',#2004,#2002,#2401,.T.);
#2222=EDGE_CURVE('',#2005,#2004,#2402,.T.);
#2223=EDGE_CURVE('',#2003,#2005,#2403,.T.);
#2224=EDGE_CURVE('',#1997,#2003,#2404,.T.);
#2225=EDGE_CURVE('',#1998,#2005,#2405,.T.);
#2226=EDGE_CURVE('',#2006,#2006,#929,.T.);
#2227=EDGE_CURVE('',#2007,#2007,#930,.T.);
#2228=EDGE_CURVE('',#2008,#2008,#931,.T.);
#2229=EDGE_CURVE('',#2009,#2009,#932,.T.);
#2230=EDGE_CURVE('',#2010,#2011,#830,.T.);
#2231=EDGE_CURVE('',#2010,#2011,#933,.T.);
#2232=EDGE_CURVE('',#2011,#1996,#2406,.T.);
#2233=EDGE_CURVE('',#2004,#2010,#2407,.T.);
#2234=EDGE_CURVE('',#2012,#2012,#934,.T.);
#2235=EDGE_CURVE('',#2013,#2013,#935,.T.);
#2236=EDGE_CURVE('',#2014,#2014,#936,.T.);
#2237=EDGE_CURVE('',#2015,#2015,#937,.T.);
#2238=EDGE_CURVE('',#2016,#2016,#938,.T.);
#2239=EDGE_CURVE('',#2017,#2017,#939,.T.);
#2240=EDGE_CURVE('',#2018,#2018,#940,.T.);
#2241=EDGE_CURVE('',#2019,#2020,#2408,.T.);
#2242=EDGE_CURVE('',#2020,#2021,#2409,.T.);
#2243=EDGE_CURVE('',#2021,#2022,#2410,.T.);
#2244=EDGE_CURVE('',#2022,#2019,#2411,.T.);
#2245=EDGE_CURVE('',#2019,#2023,#2412,.T.);
#2246=EDGE_CURVE('',#2024,#2023,#2413,.T.);
#2247=EDGE_CURVE('',#2020,#2024,#2414,.T.);
#2248=EDGE_CURVE('',#2022,#2025,#2415,.T.);
#2249=EDGE_CURVE('',#2023,#2025,#2416,.T.);
#2250=EDGE_CURVE('',#2021,#2026,#2417,.T.);
#2251=EDGE_CURVE('',#2025,#2026,#2418,.T.);
#2252=EDGE_CURVE('',#2026,#2024,#2419,.T.);
#2253=EDGE_CURVE('',#2027,#2028,#941,.T.);
#2254=EDGE_CURVE('',#2028,#2027,#942,.T.);
#2255=EDGE_CURVE('',#2029,#2030,#2420,.T.);
#2256=EDGE_CURVE('',#2029,#2031,#803,.T.);
#2257=EDGE_CURVE('',#2032,#2031,#943,.T.);
#2258=EDGE_CURVE('',#2033,#2032,#2421,.T.);
#2259=EDGE_CURVE('',#2033,#2030,#944,.T.);
#2260=EDGE_CURVE('',#2034,#2035,#945,.T.);
#2261=EDGE_CURVE('',#2034,#2036,#804,.T.);
#2262=EDGE_CURVE('',#2037,#2036,#2422,.T.);
#2263=EDGE_CURVE('',#2037,#2038,#946,.T.);
#2264=EDGE_CURVE('',#2035,#2038,#2423,.T.);
#2265=EDGE_CURVE('',#2031,#2034,#947,.T.);
#2266=EDGE_CURVE('',#2032,#2035,#948,.T.);
#2267=EDGE_CURVE('',#2039,#2040,#2424,.T.);
#2268=EDGE_CURVE('',#2040,#2041,#2425,.T.);
#2269=EDGE_CURVE('',#2041,#2042,#949,.T.);
#2270=EDGE_CURVE('',#2042,#2039,#2426,.T.);
#2271=EDGE_CURVE('',#2035,#2027,#2427,.T.);
#2272=EDGE_CURVE('',#2032,#2028,#2428,.T.);
#2273=EDGE_CURVE('',#2036,#2029,#950,.T.);
#2274=EDGE_CURVE('',#2030,#2037,#951,.T.);
#2275=EDGE_CURVE('',#2043,#2044,#2429,.T.);
#2276=EDGE_CURVE('',#2043,#2045,#952,.T.);
#2277=EDGE_CURVE('',#2045,#2046,#2430,.T.);
#2278=EDGE_CURVE('',#2046,#2044,#805,.T.);
#2279=EDGE_CURVE('',#2028,#2047,#806,.T.);
#2280=EDGE_CURVE('',#2047,#2048,#2431,.T.);
#2281=EDGE_CURVE('',#2048,#2046,#807,.T.);
#2282=EDGE_CURVE('',#2045,#2033,#808,.T.);
#2283=EDGE_CURVE('',#2044,#2049,#809,.T.);
#2284=EDGE_CURVE('',#2049,#2050,#2432,.T.);
#2285=EDGE_CURVE('',#2050,#2027,#810,.T.);
#2286=EDGE_CURVE('',#2038,#2043,#811,.T.);
#2287=EDGE_CURVE('',#2041,#2028,#812,.T.);
#2288=EDGE_CURVE('',#2027,#2042,#813,.T.);
#2289=EDGE_CURVE('',#2030,#2045,#814,.T.);
#2290=EDGE_CURVE('',#2043,#2037,#815,.T.);
#2291=EDGE_CURVE('',#2051,#2052,#816,.T.);
#2292=EDGE_CURVE('',#2052,#2053,#817,.T.);
#2293=EDGE_CURVE('',#2053,#2054,#818,.T.);
#2294=EDGE_CURVE('',#2054,#2040,#819,.T.);
#2295=EDGE_CURVE('',#2039,#2051,#820,.T.);
#2296=EDGE_CURVE('',#2047,#2041,#953,.T.);
#2297=EDGE_CURVE('',#2048,#2040,#822,.T.);
#2298=EDGE_CURVE('',#2042,#2050,#954,.T.);
#2299=EDGE_CURVE('',#2046,#2054,#955,.T.);
#2300=EDGE_CURVE('',#2039,#2049,#823,.T.);
#2301=EDGE_CURVE('',#2051,#2044,#956,.T.);
#2302=EDGE_CURVE('',#2055,#2056,#957,.T.);
#2303=EDGE_CURVE('',#2056,#2057,#824,.T.);
#2304=EDGE_CURVE('',#2057,#2058,#958,.T.);
#2305=EDGE_CURVE('',#2058,#2055,#825,.T.);
#2306=EDGE_CURVE('',#2059,#2059,#959,.T.);
#2307=EDGE_CURVE('',#2060,#2060,#960,.T.);
#2308=EDGE_CURVE('',#2055,#2034,#961,.T.);
#2309=EDGE_CURVE('',#2036,#2058,#962,.T.);
#2310=EDGE_CURVE('',#2029,#2057,#963,.T.);
#2311=EDGE_CURVE('',#2056,#2031,#964,.T.);
#2312=LINE('',#3338,#2433);
#2313=LINE('',#3341,#2434);
#2314=LINE('',#3343,#2435);
#2315=LINE('',#3345,#2436);
#2316=LINE('',#3347,#2437);
#2317=LINE('',#3352,#2438);
#2318=LINE('',#3356,#2439);
#2319=LINE('',#3359,#2440);
#2320=LINE('',#3361,#2441);
#2321=LINE('',#3363,#2442);
#2322=LINE('',#3365,#2443);
#2323=LINE('',#3366,#2444);
#2324=LINE('',#3368,#2445);
#2325=LINE('',#3370,#2446);
#2326=LINE('',#3371,#2447);
#2327=LINE('',#3375,#2448);
#2328=LINE('',#3403,#2449);
#2329=LINE('',#3407,#2450);
#2330=LINE('',#3408,#2451);
#2331=LINE('',#3418,#2452);
#2332=LINE('',#3422,#2453);
#2333=LINE('',#3426,#2454);
#2334=LINE('',#3494,#2455);
#2335=LINE('',#3497,#2456);
#2336=LINE('',#3499,#2457);
#2337=LINE('',#3501,#2458);
#2338=LINE('',#3503,#2459);
#2339=LINE('',#3505,#2460);
#2340=LINE('',#3507,#2461);
#2341=LINE('',#3509,#2462);
#2342=LINE('',#3511,#2463);
#2343=LINE('',#3513,#2464);
#2344=LINE('',#3515,#2465);
#2345=LINE('',#3517,#2466);
#2346=LINE('',#3519,#2467);
#2347=LINE('',#3521,#2468);
#2348=LINE('',#3523,#2469);
#2349=LINE('',#3525,#2470);
#2350=LINE('',#3527,#2471);
#2351=LINE('',#3529,#2472);
#2352=LINE('',#3531,#2473);
#2353=LINE('',#3533,#2474);
#2354=LINE('',#3534,#2475);
#2355=LINE('',#3549,#2476);
#2356=LINE('',#3551,#2477);
#2357=LINE('',#3553,#2478);
#2358=LINE('',#3555,#2479);
#2359=LINE('',#3559,#2480);
#2360=LINE('',#3561,#2481);
#2361=LINE('',#3563,#2482);
#2362=LINE('',#3579,#2483);
#2363=LINE('',#3583,#2484);
#2364=LINE('',#3585,#2485);
#2365=LINE('',#3590,#2486);
#2366=LINE('',#3592,#2487);
#2367=LINE('',#3597,#2488);
#2368=LINE('',#3599,#2489);
#2369=LINE('',#3601,#2490);
#2370=LINE('',#3603,#2491);
#2371=LINE('',#3605,#2492);
#2372=LINE('',#3617,#2493);
#2373=LINE('',#3619,#2494);
#2374=LINE('',#3621,#2495);
#2375=LINE('',#3623,#2496);
#2376=LINE('',#3624,#2497);
#2377=LINE('',#3630,#2498);
#2378=LINE('',#3632,#2499);
#2379=LINE('',#3645,#2500);
#2380=LINE('',#3646,#2501);
#2381=LINE('',#3648,#2502);
#2382=LINE('',#3649,#2503);
#2383=LINE('',#3651,#2504);
#2384=LINE('',#3655,#2505);
#2385=LINE('',#3657,#2506);
#2386=LINE('',#3661,#2507);
#2387=LINE('',#3666,#2508);
#2388=LINE('',#3673,#2509);
#2389=LINE('',#3677,#2510);
#2390=LINE('',#3679,#2511);
#2391=LINE('',#3687,#2512);
#2392=LINE('',#3691,#2513);
#2393=LINE('',#3694,#2514);
#2394=LINE('',#3695,#2515);
#2395=LINE('',#3697,#2516);
#2396=LINE('',#3698,#2517);
#2397=LINE('',#3700,#2518);
#2398=LINE('',#3702,#2519);
#2399=LINE('',#3704,#2520);
#2400=LINE('',#3706,#2521);
#2401=LINE('',#3708,#2522);
#2402=LINE('',#3710,#2523);
#2403=LINE('',#3712,#2524);
#2404=LINE('',#3714,#2525);
#2405=LINE('',#3715,#2526);
#2406=LINE('',#3733,#2527);
#2407=LINE('',#3734,#2528);
#2408=LINE('',#3757,#2529);
#2409=LINE('',#3760,#2530);
#2410=LINE('',#3762,#2531);
#2411=LINE('',#3764,#2532);
#2412=LINE('',#3766,#2533);
#2413=LINE('',#3768,#2534);
#2414=LINE('',#3770,#2535);
#2415=LINE('',#3772,#2536);
#2416=LINE('',#3774,#2537);
#2417=LINE('',#3776,#2538);
#2418=LINE('',#3778,#2539);
#2419=LINE('',#3780,#2540);
#2420=LINE('',#3787,#2541);
#2421=LINE('',#3809,#2542);
#2422=LINE('',#3830,#2543);
#2423=LINE('',#3834,#2544);
#2424=LINE('',#3839,#2545);
#2425=LINE('',#3842,#2546);
#2426=LINE('',#3846,#2547);
#2427=LINE('',#3848,#2548);
#2428=LINE('',#3849,#2549);
#2429=LINE('',#3854,#2550);
#2430=LINE('',#3859,#2551);
#2431=LINE('',#3922,#2552);
#2432=LINE('',#3953,#2553);
#2433=VECTOR('',#2777,1.);
#2434=VECTOR('',#2778,1.);
#2435=VECTOR('',#2779,1.);
#2436=VECTOR('',#2780,1.);
#2437=VECTOR('',#2783,1.);
#2438=VECTOR('',#2786,1.);
#2439=VECTOR('',#2791,1.);
#2440=VECTOR('',#2792,1.);
#2441=VECTOR('',#2793,1.);
#2442=VECTOR('',#2794,1.);
#2443=VECTOR('',#2797,1.);
#2444=VECTOR('',#2798,1.);
#2445=VECTOR('',#2799,1.);
#2446=VECTOR('',#2802,1.);
#2447=VECTOR('',#2803,1.);
#2448=VECTOR('',#2808,1.);
#2449=VECTOR('',#2827,1.);
#2450=VECTOR('',#2832,1.);
#2451=VECTOR('',#2833,1.);
#2452=VECTOR('',#2846,1.);
#2453=VECTOR('',#2849,1.);
#2454=VECTOR('',#2852,1.);
#2455=VECTOR('',#2947,1.);
#2456=VECTOR('',#2948,1.);
#2457=VECTOR('',#2949,1.);
#2458=VECTOR('',#2950,1.);
#2459=VECTOR('',#2953,1.);
#2460=VECTOR('',#2954,1.);
#2461=VECTOR('',#2955,1.);
#2462=VECTOR('',#2958,1.);
#2463=VECTOR('',#2959,1.);
#2464=VECTOR('',#2960,1.);
#2465=VECTOR('',#2963,1.);
#2466=VECTOR('',#2964,1.);
#2467=VECTOR('',#2965,1.);
#2468=VECTOR('',#2968,1.);
#2469=VECTOR('',#2969,1.);
#2470=VECTOR('',#2970,1.);
#2471=VECTOR('',#2973,1.);
#2472=VECTOR('',#2974,1.);
#2473=VECTOR('',#2975,1.);
#2474=VECTOR('',#2978,1.);
#2475=VECTOR('',#2979,1.);
#2476=VECTOR('',#2994,1.);
#2477=VECTOR('',#2995,1.);
#2478=VECTOR('',#2996,1.);
#2479=VECTOR('',#2997,1.);
#2480=VECTOR('',#3000,1.);
#2481=VECTOR('',#3001,1.);
#2482=VECTOR('',#3002,1.);
#2483=VECTOR('',#3021,1.);
#2484=VECTOR('',#3024,1.);
#2485=VECTOR('',#3027,1.);
#2486=VECTOR('',#3030,1.);
#2487=VECTOR('',#3031,1.);
#2488=VECTOR('',#3036,1.);
#2489=VECTOR('',#3037,1.);
#2490=VECTOR('',#3040,1.);
#2491=VECTOR('',#3041,1.);
#2492=VECTOR('',#3044,1.);
#2493=VECTOR('',#3055,1.);
#2494=VECTOR('',#3056,1.);
#2495=VECTOR('',#3057,1.);
#2496=VECTOR('',#3060,1.);
#2497=VECTOR('',#3061,1.);
#2498=VECTOR('',#3064,1.);
#2499=VECTOR('',#3067,1.);
#2500=VECTOR('',#3076,1.);
#2501=VECTOR('',#3077,1.);
#2502=VECTOR('',#3080,1.);
#2503=VECTOR('',#3081,1.);
#2504=VECTOR('',#3084,1.);
#2505=VECTOR('',#3091,1.);
#2506=VECTOR('',#3094,1.);
#2507=VECTOR('',#3101,1.);
#2508=VECTOR('',#3104,1.);
#2509=VECTOR('',#3111,1.);
#2510=VECTOR('',#3114,1.);
#2511=VECTOR('',#3117,1.);
#2512=VECTOR('',#3126,1.);
#2513=VECTOR('',#3131,1.);
#2514=VECTOR('',#3132,1.);
#2515=VECTOR('',#3133,1.);
#2516=VECTOR('',#3136,1.);
#2517=VECTOR('',#3137,1.);
#2518=VECTOR('',#3140,1.);
#2519=VECTOR('',#3141,1.);
#2520=VECTOR('',#3142,1.);
#2521=VECTOR('',#3145,1.);
#2522=VECTOR('',#3146,1.);
#2523=VECTOR('',#3147,1.);
#2524=VECTOR('',#3148,1.);
#2525=VECTOR('',#3151,1.);
#2526=VECTOR('',#3152,1.);
#2527=VECTOR('',#3175,1.);
#2528=VECTOR('',#3176,1.);
#2529=VECTOR('',#3207,1.);
#2530=VECTOR('',#3208,1.);
#2531=VECTOR('',#3209,1.);
#2532=VECTOR('',#3210,1.);
#2533=VECTOR('',#3213,1.);
#2534=VECTOR('',#3214,1.);
#2535=VECTOR('',#3215,1.);
#2536=VECTOR('',#3218,1.);
#2537=VECTOR('',#3219,1.);
#2538=VECTOR('',#3222,1.);
#2539=VECTOR('',#3223,1.);
#2540=VECTOR('',#3226,1.);
#2541=VECTOR('',#3235,1.);
#2542=VECTOR('',#3238,1.);
#2543=VECTOR('',#3245,1.);
#2544=VECTOR('',#3248,1.);
#2545=VECTOR('',#3257,1.);
#2546=VECTOR('',#3258,1.);
#2547=VECTOR('',#3261,1.);
#2548=VECTOR('',#3264,1.);
#2549=VECTOR('',#3265,1.);
#2550=VECTOR('',#3274,1.);
#2551=VECTOR('',#3277,1.);
#2552=VECTOR('',#3280,1.);
#2553=VECTOR('',#3283,1.);
#2554=VECTOR('',#3290,1.);
#2555=AXIS2_PLACEMENT_3D('',#3337,#2775,#2776);
#2556=AXIS2_PLACEMENT_3D('',#3346,#2781,#2782);
#2557=AXIS2_PLACEMENT_3D('',#3350,#2784,#2785);
#2558=AXIS2_PLACEMENT_3D('',#3354,#2787,#2788);
#2559=AXIS2_PLACEMENT_3D('',#3355,#2789,#2790);
#2560=AXIS2_PLACEMENT_3D('',#3364,#2795,#2796);
#2561=AXIS2_PLACEMENT_3D('',#3369,#2800,#2801);
#2562=AXIS2_PLACEMENT_3D('',#3372,#2804,#2805);
#2563=AXIS2_PLACEMENT_3D('',#3373,#2806,#2807);
#2564=AXIS2_PLACEMENT_3D('',#3377,#2809,#2810);
#2565=AXIS2_PLACEMENT_3D('',#3379,#2811,#2812);
#2566=AXIS2_PLACEMENT_3D('',#3380,#2813,#2814);
#2567=AXIS2_PLACEMENT_3D('',#3393,#2815,#2816);
#2568=AXIS2_PLACEMENT_3D('',#3395,#2817,#2818);
#2569=AXIS2_PLACEMENT_3D('',#3396,#2819,#2820);
#2570=AXIS2_PLACEMENT_3D('',#3398,#2821,#2822);
#2571=AXIS2_PLACEMENT_3D('',#3400,#2823,#2824);
#2572=AXIS2_PLACEMENT_3D('',#3401,#2825,#2826);
#2573=AXIS2_PLACEMENT_3D('',#3405,#2828,#2829);
#2574=AXIS2_PLACEMENT_3D('',#3406,#2830,#2831);
#2575=AXIS2_PLACEMENT_3D('',#3409,#2834,#2835);
#2576=AXIS2_PLACEMENT_3D('',#3410,#2836,#2837);
#2577=AXIS2_PLACEMENT_3D('',#3412,#2838,#2839);
#2578=AXIS2_PLACEMENT_3D('',#3414,#2840,#2841);
#2579=AXIS2_PLACEMENT_3D('',#3415,#2842,#2843);
#2580=AXIS2_PLACEMENT_3D('',#3417,#2844,#2845);
#2581=AXIS2_PLACEMENT_3D('',#3420,#2847,#2848);
#2582=AXIS2_PLACEMENT_3D('',#3424,#2850,#2851);
#2583=AXIS2_PLACEMENT_3D('',#3427,#2853,#2854);
#2584=AXIS2_PLACEMENT_3D('',#3428,#2855,#2856);
#2585=AXIS2_PLACEMENT_3D('',#3430,#2857,#2858);
#2586=AXIS2_PLACEMENT_3D('',#3431,#2859,#2860);
#2587=AXIS2_PLACEMENT_3D('',#3433,#2861,#2862);
#2588=AXIS2_PLACEMENT_3D('',#3434,#2863,#2864);
#2589=AXIS2_PLACEMENT_3D('',#3435,#2865,#2866);
#2590=AXIS2_PLACEMENT_3D('',#3436,#2867,#2868);
#2591=AXIS2_PLACEMENT_3D('',#3437,#2869,#2870);
#2592=AXIS2_PLACEMENT_3D('',#3439,#2871,#2872);
#2593=AXIS2_PLACEMENT_3D('',#3440,#2873,#2874);
#2594=AXIS2_PLACEMENT_3D('',#3442,#2875,#2876);
#2595=AXIS2_PLACEMENT_3D('',#3443,#2877,#2878);
#2596=AXIS2_PLACEMENT_3D('',#3445,#2879,#2880);
#2597=AXIS2_PLACEMENT_3D('',#3446,#2881,#2882);
#2598=AXIS2_PLACEMENT_3D('',#3448,#2883,#2884);
#2599=AXIS2_PLACEMENT_3D('',#3449,#2885,#2886);
#2600=AXIS2_PLACEMENT_3D('',#3451,#2887,#2888);
#2601=AXIS2_PLACEMENT_3D('',#3452,#2889,#2890);
#2602=AXIS2_PLACEMENT_3D('',#3454,#2891,#2892);
#2603=AXIS2_PLACEMENT_3D('',#3455,#2893,#2894);
#2604=AXIS2_PLACEMENT_3D('',#3457,#2895,#2896);
#2605=AXIS2_PLACEMENT_3D('',#3458,#2897,#2898);
#2606=AXIS2_PLACEMENT_3D('',#3459,#2899,#2900);
#2607=AXIS2_PLACEMENT_3D('',#3461,#2901,#2902);
#2608=AXIS2_PLACEMENT_3D('',#3462,#2903,#2904);
#2609=AXIS2_PLACEMENT_3D('',#3464,#2905,#2906);
#2610=AXIS2_PLACEMENT_3D('',#3465,#2907,#2908);
#2611=AXIS2_PLACEMENT_3D('',#3467,#2909,#2910);
#2612=AXIS2_PLACEMENT_3D('',#3468,#2911,#2912);
#2613=AXIS2_PLACEMENT_3D('',#3470,#2913,#2914);
#2614=AXIS2_PLACEMENT_3D('',#3471,#2915,#2916);
#2615=AXIS2_PLACEMENT_3D('',#3473,#2917,#2918);
#2616=AXIS2_PLACEMENT_3D('',#3474,#2919,#2920);
#2617=AXIS2_PLACEMENT_3D('',#3476,#2921,#2922);
#2618=AXIS2_PLACEMENT_3D('',#3477,#2923,#2924);
#2619=AXIS2_PLACEMENT_3D('',#3479,#2925,#2926);
#2620=AXIS2_PLACEMENT_3D('',#3480,#2927,#2928);
#2621=AXIS2_PLACEMENT_3D('',#3481,#2929,#2930);
#2622=AXIS2_PLACEMENT_3D('',#3482,#2931,#2932);
#2623=AXIS2_PLACEMENT_3D('',#3484,#2933,#2934);
#2624=AXIS2_PLACEMENT_3D('',#3486,#2935,#2936);
#2625=AXIS2_PLACEMENT_3D('',#3487,#2937,#2938);
#2626=AXIS2_PLACEMENT_3D('',#3489,#2939,#2940);
#2627=AXIS2_PLACEMENT_3D('',#3490,#2941,#2942);
#2628=AXIS2_PLACEMENT_3D('',#3492,#2943,#2944);
#2629=AXIS2_PLACEMENT_3D('',#3493,#2945,#2946);
#2630=AXIS2_PLACEMENT_3D('',#3502,#2951,#2952);
#2631=AXIS2_PLACEMENT_3D('',#3508,#2956,#2957);
#2632=AXIS2_PLACEMENT_3D('',#3514,#2961,#2962);
#2633=AXIS2_PLACEMENT_3D('',#3520,#2966,#2967);
#2634=AXIS2_PLACEMENT_3D('',#3526,#2971,#2972);
#2635=AXIS2_PLACEMENT_3D('',#3532,#2976,#2977);
#2636=AXIS2_PLACEMENT_3D('',#3535,#2980,#2981);
#2637=AXIS2_PLACEMENT_3D('',#3536,#2982,#2983);
#2638=AXIS2_PLACEMENT_3D('',#3539,#2984,#2985);
#2639=AXIS2_PLACEMENT_3D('',#3541,#2986,#2987);
#2640=AXIS2_PLACEMENT_3D('',#3543,#2988,#2989);
#2641=AXIS2_PLACEMENT_3D('',#3545,#2990,#2991);
#2642=AXIS2_PLACEMENT_3D('',#3547,#2992,#2993);
#2643=AXIS2_PLACEMENT_3D('',#3557,#2998,#2999);
#2644=AXIS2_PLACEMENT_3D('',#3564,#3003,#3004);
#2645=AXIS2_PLACEMENT_3D('',#3565,#3005,#3006);
#2646=AXIS2_PLACEMENT_3D('',#3567,#3007,#3008);
#2647=AXIS2_PLACEMENT_3D('',#3569,#3009,#3010);
#2648=AXIS2_PLACEMENT_3D('',#3570,#3011,#3012);
#2649=AXIS2_PLACEMENT_3D('',#3572,#3013,#3014);
#2650=AXIS2_PLACEMENT_3D('',#3573,#3015,#3016);
#2651=AXIS2_PLACEMENT_3D('',#3575,#3017,#3018);
#2652=AXIS2_PLACEMENT_3D('',#3576,#3019,#3020);
#2653=AXIS2_PLACEMENT_3D('',#3581,#3022,#3023);
#2654=AXIS2_PLACEMENT_3D('',#3584,#3025,#3026);
#2655=AXIS2_PLACEMENT_3D('',#3588,#3028,#3029);
#2656=AXIS2_PLACEMENT_3D('',#3593,#3032,#3033);
#2657=AXIS2_PLACEMENT_3D('',#3595,#3034,#3035);
#2658=AXIS2_PLACEMENT_3D('',#3600,#3038,#3039);
#2659=AXIS2_PLACEMENT_3D('',#3604,#3042,#3043);
#2660=AXIS2_PLACEMENT_3D('',#3608,#3045,#3046);
#2661=AXIS2_PLACEMENT_3D('',#3610,#3047,#3048);
#2662=AXIS2_PLACEMENT_3D('',#3612,#3049,#3050);
#2663=AXIS2_PLACEMENT_3D('',#3614,#3051,#3052);
#2664=AXIS2_PLACEMENT_3D('',#3616,#3053,#3054);
#2665=AXIS2_PLACEMENT_3D('',#3622,#3058,#3059);
#2666=AXIS2_PLACEMENT_3D('',#3625,#3062,#3063);
#2667=AXIS2_PLACEMENT_3D('',#3631,#3065,#3066);
#2668=AXIS2_PLACEMENT_3D('',#3633,#3068,#3069);
#2669=AXIS2_PLACEMENT_3D('',#3638,#3070,#3071);
#2670=AXIS2_PLACEMENT_3D('',#3643,#3072,#3073);
#2671=AXIS2_PLACEMENT_3D('',#3644,#3074,#3075);
#2672=AXIS2_PLACEMENT_3D('',#3647,#3078,#3079);
#2673=AXIS2_PLACEMENT_3D('',#3650,#3082,#3083);
#2674=AXIS2_PLACEMENT_3D('',#3652,#3085,#3086);
#2675=AXIS2_PLACEMENT_3D('',#3653,#3087,#3088);
#2676=AXIS2_PLACEMENT_3D('',#3654,#3089,#3090);
#2677=AXIS2_PLACEMENT_3D('',#3656,#3092,#3093);
#2678=AXIS2_PLACEMENT_3D('',#3658,#3095,#3096);
#2679=AXIS2_PLACEMENT_3D('',#3659,#3097,#3098);
#2680=AXIS2_PLACEMENT_3D('',#3660,#3099,#3100);
#2681=AXIS2_PLACEMENT_3D('',#3664,#3102,#3103);
#2682=AXIS2_PLACEMENT_3D('',#3668,#3105,#3106);
#2683=AXIS2_PLACEMENT_3D('',#3669,#3107,#3108);
#2684=AXIS2_PLACEMENT_3D('',#3670,#3109,#3110);
#2685=AXIS2_PLACEMENT_3D('',#3675,#3112,#3113);
#2686=AXIS2_PLACEMENT_3D('',#3678,#3115,#3116);
#2687=AXIS2_PLACEMENT_3D('',#3682,#3118,#3119);
#2688=AXIS2_PLACEMENT_3D('',#3683,#3120,#3121);
#2689=AXIS2_PLACEMENT_3D('',#3684,#3122,#3123);
#2690=AXIS2_PLACEMENT_3D('',#3685,#3124,#3125);
#2691=AXIS2_PLACEMENT_3D('',#3689,#3127,#3128);
#2692=AXIS2_PLACEMENT_3D('',#3690,#3129,#3130);
#2693=AXIS2_PLACEMENT_3D('',#3696,#3134,#3135);
#2694=AXIS2_PLACEMENT_3D('',#3699,#3138,#3139);
#2695=AXIS2_PLACEMENT_3D('',#3705,#3143,#3144);
#2696=AXIS2_PLACEMENT_3D('',#3713,#3149,#3150);
#2697=AXIS2_PLACEMENT_3D('',#3716,#3153,#3154);
#2698=AXIS2_PLACEMENT_3D('',#3717,#3155,#3156);
#2699=AXIS2_PLACEMENT_3D('',#3719,#3157,#3158);
#2700=AXIS2_PLACEMENT_3D('',#3721,#3159,#3160);
#2701=AXIS2_PLACEMENT_3D('',#3722,#3161,#3162);
#2702=AXIS2_PLACEMENT_3D('',#3724,#3163,#3164);
#2703=AXIS2_PLACEMENT_3D('',#3725,#3165,#3166);
#2704=AXIS2_PLACEMENT_3D('',#3727,#3167,#3168);
#2705=AXIS2_PLACEMENT_3D('',#3728,#3169,#3170);
#2706=AXIS2_PLACEMENT_3D('',#3731,#3171,#3172);
#2707=AXIS2_PLACEMENT_3D('',#3732,#3173,#3174);
#2708=AXIS2_PLACEMENT_3D('',#3735,#3177,#3178);
#2709=AXIS2_PLACEMENT_3D('',#3736,#3179,#3180);
#2710=AXIS2_PLACEMENT_3D('',#3737,#3181,#3182);
#2711=AXIS2_PLACEMENT_3D('',#3739,#3183,#3184);
#2712=AXIS2_PLACEMENT_3D('',#3740,#3185,#3186);
#2713=AXIS2_PLACEMENT_3D('',#3742,#3187,#3188);
#2714=AXIS2_PLACEMENT_3D('',#3743,#3189,#3190);
#2715=AXIS2_PLACEMENT_3D('',#3745,#3191,#3192);
#2716=AXIS2_PLACEMENT_3D('',#3746,#3193,#3194);
#2717=AXIS2_PLACEMENT_3D('',#3748,#3195,#3196);
#2718=AXIS2_PLACEMENT_3D('',#3749,#3197,#3198);
#2719=AXIS2_PLACEMENT_3D('',#3751,#3199,#3200);
#2720=AXIS2_PLACEMENT_3D('',#3752,#3201,#3202);
#2721=AXIS2_PLACEMENT_3D('',#3753,#3203,#3204);
#2722=AXIS2_PLACEMENT_3D('',#3755,#3205,#3206);
#2723=AXIS2_PLACEMENT_3D('',#3765,#3211,#3212);
#2724=AXIS2_PLACEMENT_3D('',#3771,#3216,#3217);
#2725=AXIS2_PLACEMENT_3D('',#3775,#3220,#3221);
#2726=AXIS2_PLACEMENT_3D('',#3779,#3224,#3225);
#2727=AXIS2_PLACEMENT_3D('',#3781,#3227,#3228);
#2728=AXIS2_PLACEMENT_3D('',#3782,#3229,#3230);
#2729=AXIS2_PLACEMENT_3D('',#3785,#3231,#3232);
#2730=AXIS2_PLACEMENT_3D('',#3786,#3233,#3234);
#2731=AXIS2_PLACEMENT_3D('',#3807,#3236,#3237);
#2732=AXIS2_PLACEMENT_3D('',#3811,#3239,#3240);
#2733=AXIS2_PLACEMENT_3D('',#3812,#3241,#3242);
#2734=AXIS2_PLACEMENT_3D('',#3813,#3243,#3244);
#2735=AXIS2_PLACEMENT_3D('',#3832,#3246,#3247);
#2736=AXIS2_PLACEMENT_3D('',#3835,#3249,#3250);
#2737=AXIS2_PLACEMENT_3D('',#3836,#3251,#3252);
#2738=AXIS2_PLACEMENT_3D('',#3837,#3253,#3254);
#2739=AXIS2_PLACEMENT_3D('',#3838,#3255,#3256);
#2740=AXIS2_PLACEMENT_3D('',#3844,#3259,#3260);
#2741=AXIS2_PLACEMENT_3D('',#3847,#3262,#3263);
#2742=AXIS2_PLACEMENT_3D('',#3850,#3266,#3267);
#2743=AXIS2_PLACEMENT_3D('',#3851,#3268,#3269);
#2744=AXIS2_PLACEMENT_3D('',#3852,#3270,#3271);
#2745=AXIS2_PLACEMENT_3D('',#3853,#3272,#3273);
#2746=AXIS2_PLACEMENT_3D('',#3857,#3275,#3276);
#2747=AXIS2_PLACEMENT_3D('',#3898,#3278,#3279);
#2748=AXIS2_PLACEMENT_3D('',#3944,#3281,#3282);
#2749=AXIS2_PLACEMENT_3D('',#3990,#3284,#3285);
#2750=AXIS2_PLACEMENT_3D('',#4035,#3286,#3287);
#2751=AXIS2_PLACEMENT_3D('',#4068,#3288,#3289);
#2752=AXIS2_PLACEMENT_3D('',#4171,#3291,#3292);
#2753=AXIS2_PLACEMENT_3D('',#4203,#3293,#3294);
#2754=AXIS2_PLACEMENT_3D('',#4204,#3295,#3296);
#2755=AXIS2_PLACEMENT_3D('',#4217,#3297,#3298);
#2756=AXIS2_PLACEMENT_3D('',#4249,#3299,#3300);
#2757=AXIS2_PLACEMENT_3D('',#4250,#3301,#3302);
#2758=AXIS2_PLACEMENT_3D('',#4281,#3303,#3304);
#2759=AXIS2_PLACEMENT_3D('',#4298,#3305,#3306);
#2760=AXIS2_PLACEMENT_3D('',#4313,#3307,#3308);
#2761=AXIS2_PLACEMENT_3D('',#4315,#3309,#3310);
#2762=AXIS2_PLACEMENT_3D('',#4316,#3311,#3312);
#2763=AXIS2_PLACEMENT_3D('',#4318,#3313,#3314);
#2764=AXIS2_PLACEMENT_3D('',#4319,#3315,#3316);
#2765=AXIS2_PLACEMENT_3D('',#4320,#3317,#3318);
#2766=AXIS2_PLACEMENT_3D('',#4321,#3319,#3320);
#2767=AXIS2_PLACEMENT_3D('',#4340,#3321,#3322);
#2768=AXIS2_PLACEMENT_3D('',#4341,#3323,#3324);
#2769=AXIS2_PLACEMENT_3D('',#4342,#3325,#3326);
#2770=AXIS2_PLACEMENT_3D('',#4343,#3327,#3328);
#2771=AXIS2_PLACEMENT_3D('',#4362,#3329,#3330);
#2772=AXIS2_PLACEMENT_3D('',#4363,#3331,#3332);
#2773=AXIS2_PLACEMENT_3D('',#4364,#3333,#3334);
#2774=AXIS2_PLACEMENT_3D('',#4365,#3335,#3336);
#2775=DIRECTION('',(0.,0.,1.));
#2776=DIRECTION('',(1.,0.,0.));
#2777=DIRECTION('',(-1.,2.3994446177332E-16,-4.93038065763132E-32));
#2778=DIRECTION('',(-4.93038065763132E-32,-6.44905224473554E-17,-1.));
#2779=DIRECTION('',(1.,-2.79716948691016E-16,0.));
#2780=DIRECTION('',(-2.71732908125016E-16,6.21103790000037E-16,-1.));
#2781=DIRECTION('',(2.79716948691016E-16,1.,-6.4490522447355E-17));
#2782=DIRECTION('',(0.,6.45100292628875E-17,1.));
#2783=DIRECTION('',(1.,-1.97215226305253E-31,-4.93038065763132E-32));
#2784=DIRECTION('',(1.,-1.97215226305253E-31,0.));
#2785=DIRECTION('',(0.,0.,-1.));
#2786=DIRECTION('',(-1.,1.97215226305253E-31,4.93038065763132E-32));
#2787=DIRECTION('',(-1.,1.97215226305253E-31,0.));
#2788=DIRECTION('',(0.,1.,-4.87890977618477E-16));
#2789=DIRECTION('',(-1.,1.97215226305253E-31,4.93038065763132E-32));
#2790=DIRECTION('',(0.,0.707106781186548,-0.707106781186548));
#2791=DIRECTION('',(0.,6.4490522447355E-17,-1.));
#2792=DIRECTION('',(1.,-1.97215226305253E-31,-1.93082265152201E-16));
#2793=DIRECTION('',(-3.23278062981477E-17,6.4490522447355E-17,-1.));
#2794=DIRECTION('',(-1.,1.97215226305253E-31,1.45564838681678E-16));
#2795=DIRECTION('',(2.86807614694832E-16,1.,6.44905224473554E-17));
#2796=DIRECTION('',(0.,-6.45100292628875E-17,1.));
#2797=DIRECTION('',(-1.97215226305253E-31,1.,1.00929365875014E-16));
#2798=DIRECTION('',(-0.448128754582428,0.893969025926739,9.02277268986901E-17));
#2799=DIRECTION('',(1.97215226305253E-31,-1.,-1.80219837887167E-31));
#2800=DIRECTION('',(-2.46519032881566E-32,-1.00929365875014E-16,1.));
#2801=DIRECTION('',(-3.02709246557953E-16,-1.,-1.009392222584E-16));
#2802=DIRECTION('',(-1.97215226305253E-31,1.,1.30916031310854E-31));
#2803=DIRECTION('',(1.97215226305253E-31,-1.,-1.80219837887167E-31));
#2804=DIRECTION('',(-4.93038065763132E-32,2.2952364446348E-31,1.));
#2805=DIRECTION('',(1.,0.,0.));
#2806=DIRECTION('',(-1.,1.97215226305253E-31,0.));
#2807=DIRECTION('',(0.,0.,-1.));
#2808=DIRECTION('',(-1.,1.97215226305253E-31,4.93038065763132E-32));
#2809=DIRECTION('',(-1.,1.97215226305253E-31,0.));
#2810=DIRECTION('',(0.,-4.00790511889682E-14,1.));
#2811=DIRECTION('',(0.893969025926739,0.448128754582427,0.));
#2812=DIRECTION('',(0.448128754582427,-0.893969025926739,-8.65257150146103E-17));
#2813=DIRECTION('',(-1.,1.97215226305253E-31,1.93082265152201E-16));
#2814=DIRECTION('',(0.,-1.,0.));
#2815=DIRECTION('',(-1.,1.97215226305253E-31,4.93038065763132E-32));
#2816=DIRECTION('',(0.,1.,0.));
#2817=DIRECTION('',(-1.,5.9211894646675E-15,-1.48029736616688E-15));
#2818=DIRECTION('',(1.4811505088599E-15,9.77559335847533E-15,-1.));
#2819=DIRECTION('',(1.,-1.97215226305253E-31,0.));
#2820=DIRECTION('',(0.,2.77555756156289E-16,-1.));
#2821=DIRECTION('',(1.,-2.77555756156289E-16,6.44905224473553E-17));
#2822=DIRECTION('',(0.,1.,0.));
#2823=DIRECTION('',(1.,-2.77555756156289E-16,6.44905224473553E-17));
#2824=DIRECTION('',(6.46184494801361E-17,-1.97985598283008E-31,-1.));
#2825=DIRECTION('',(1.,-1.97215226305253E-31,-4.93038065763132E-32));
#2826=DIRECTION('',(0.,1.,-2.30926389122033E-14));
#2827=DIRECTION('',(-1.,1.97215226305253E-31,0.));
#2828=DIRECTION('',(-1.,1.97215226305253E-31,0.));
#2829=DIRECTION('',(0.,-0.680771395094037,0.73249594375786));
#2830=DIRECTION('',(1.,-1.97215226305253E-31,-1.83697019872103E-16));
#2831=DIRECTION('',(0.,0.,1.));
#2832=DIRECTION('',(-3.69778549322349E-32,-5.92118946466718E-15,-1.));
#2833=DIRECTION('',(-4.93038065763132E-32,2.2952364446348E-31,1.));
#2834=DIRECTION('',(-1.97215226305253E-31,1.,-6.12323399573674E-17));
#2835=DIRECTION('',(0.,-6.1257422745431E-17,-1.));
#2836=DIRECTION('',(-1.,1.97215226305253E-31,4.93038065763132E-32));
#2837=DIRECTION('',(0.,1.,0.));
#2838=DIRECTION('',(-1.,1.97215226305253E-31,0.));
#2839=DIRECTION('',(0.,2.77555756156289E-16,-1.));
#2840=DIRECTION('',(1.,-1.97215226305253E-31,-4.93038065763132E-32));
#2841=DIRECTION('',(0.,0.,-1.));
#2842=DIRECTION('',(-1.,2.83262281692924E-16,0.));
#2843=DIRECTION('',(0.,1.,0.));
#2844=DIRECTION('',(1.,-2.83262281692924E-16,0.));
#2845=DIRECTION('',(0.,0.,-1.));
#2846=DIRECTION('',(0.,1.80219837887167E-31,1.));
#2847=DIRECTION('',(1.,-2.83262281692924E-16,0.));
#2848=DIRECTION('',(0.,1.,0.));
#2849=DIRECTION('',(0.,1.80219837887167E-31,1.));
#2850=DIRECTION('',(1.,-2.83262281692924E-16,0.));
#2851=DIRECTION('',(0.,-1.,0.));
#2852=DIRECTION('',(0.,1.80219837887167E-31,1.));
#2853=DIRECTION('',(-1.,2.83262281692924E-16,0.));
#2854=DIRECTION('',(0.,1.80267042794645E-31,1.));
#2855=DIRECTION('',(-1.,-1.46796155478214E-14,8.49209114763572E-17));
#2856=DIRECTION('',(1.42190448850558E-14,-1.,0.));
#2857=DIRECTION('',(-1.,-6.12323399576286E-17,-1.29653844823109E-14));
#2858=DIRECTION('',(1.29653844823109E-14,-2.75106609189889E-14,-1.));
#2859=DIRECTION('',(-1.,2.99930577216649E-16,0.));
#2860=DIRECTION('',(0.,1.,0.));
#2861=DIRECTION('',(1.,-2.99930577216649E-16,0.));
#2862=DIRECTION('',(0.,1.,0.));
#2863=DIRECTION('',(-0.893969025926739,-0.448128754582427,0.));
#2864=DIRECTION('',(-0.448128754582427,0.893969025926739,-2.89322752662731E-14));
#2865=DIRECTION('',(-0.893969025926739,-0.448128754582427,6.16297582203918E-33));
#2866=DIRECTION('',(-0.448128754582427,0.893969025926739,2.95822839457879E-31));
#2867=DIRECTION('',(0.893969025926739,0.448128754582427,-6.16297582203915E-33));
#2868=DIRECTION('',(0.448128754582428,-0.893969025926739,-3.00296896724173E-16));
#2869=DIRECTION('',(1.,1.46796155478214E-14,-8.49209114763572E-17));
#2870=DIRECTION('',(1.42190448850558E-14,-1.,0.));
#2871=DIRECTION('',(-1.,-6.12323399576286E-17,-1.29653844823109E-14));
#2872=DIRECTION('',(1.29653844823109E-14,-2.75106609189889E-14,-1.));
#2873=DIRECTION('',(1.,1.46796155478214E-14,-8.49209114763572E-17));
#2874=DIRECTION('',(0.,0.,-1.));
#2875=DIRECTION('',(-1.,-1.46796155478214E-14,8.49209114763572E-17));
#2876=DIRECTION('',(-1.48685963191325E-14,1.,-1.54931599336609E-13));
#2877=DIRECTION('',(1.,1.46796155478214E-14,-8.49209114763572E-17));
#2878=DIRECTION('',(0.,0.,-1.));
#2879=DIRECTION('',(1.,1.46796155478214E-14,-8.49209114763572E-17));
#2880=DIRECTION('',(-1.46906362569101E-14,1.,-1.54931599336609E-13));
#2881=DIRECTION('',(-1.,-1.46796155478214E-14,8.49209114763572E-17));
#2882=DIRECTION('',(1.42190448850558E-14,-1.,0.));
#2883=DIRECTION('',(-1.,-1.46796155478214E-14,8.49209114763572E-17));
#2884=DIRECTION('',(-1.47327237757968E-14,1.,-1.54931599336609E-13));
#2885=DIRECTION('',(1.,1.46796155478214E-14,-8.49209114763572E-17));
#2886=DIRECTION('',(1.42190448850558E-14,-1.,0.));
#2887=DIRECTION('',(-1.,-6.12323399576286E-17,-1.29653844823109E-14));
#2888=DIRECTION('',(1.29653844823109E-14,-2.75106609189889E-14,-1.));
#2889=DIRECTION('',(1.,1.46796155478214E-14,-8.49209114763572E-17));
#2890=DIRECTION('',(0.,0.,-1.));
#2891=DIRECTION('',(-1.,-1.46796155478214E-14,8.49209114763572E-17));
#2892=DIRECTION('',(-1.47778442829985E-14,1.,-1.5476045931716E-13));
#2893=DIRECTION('',(1.,1.46796155478214E-14,-8.49209114763572E-17));
#2894=DIRECTION('',(0.,0.,-1.));
#2895=DIRECTION('',(1.,1.46796155478214E-14,-8.49209114763572E-17));
#2896=DIRECTION('',(-1.47019179700571E-14,1.,-1.5476045931716E-13));
#2897=DIRECTION('',(-1.,-1.46796155478214E-14,8.49209114763572E-17));
#2898=DIRECTION('',(-1.46578920002809E-14,1.,-1.5476045931716E-13));
#2899=DIRECTION('',(1.,-2.99930577216649E-16,0.));
#2900=DIRECTION('',(0.,1.,0.));
#2901=DIRECTION('',(1.,-2.99930577216649E-16,0.));
#2902=DIRECTION('',(0.,1.,0.));
#2903=DIRECTION('',(1.,-2.3994446177332E-16,0.));
#2904=DIRECTION('',(0.,0.,-1.));
#2905=DIRECTION('',(-1.,2.3994446177332E-16,0.));
#2906=DIRECTION('',(1.23038748253632E-16,1.,-1.16179072868776E-13));
#2907=DIRECTION('',(1.,-2.3994446177332E-16,0.));
#2908=DIRECTION('',(0.,0.,-1.));
#2909=DIRECTION('',(1.,-2.3994446177332E-16,0.));
#2910=DIRECTION('',(1.73712087499873E-16,1.,-1.16179098341572E-13));
#2911=DIRECTION('',(-1.,2.99930577216649E-16,0.));
#2912=DIRECTION('',(0.,1.,0.));
#2913=DIRECTION('',(-1.,2.3994446177332E-16,0.));
#2914=DIRECTION('',(2.26547132711038E-16,1.,-1.16179083453585E-13));
#2915=DIRECTION('',(1.,-2.99930577216649E-16,0.));
#2916=DIRECTION('',(0.,1.,0.));
#2917=DIRECTION('',(1.,-2.99930577216649E-16,0.));
#2918=DIRECTION('',(0.,1.,0.));
#2919=DIRECTION('',(1.,-2.3994446177332E-16,0.));
#2920=DIRECTION('',(0.,0.,-1.));
#2921=DIRECTION('',(-1.,2.3994446177332E-16,0.));
#2922=DIRECTION('',(1.68348227513345E-16,1.,-1.16179099838792E-13));
#2923=DIRECTION('',(1.,-2.3994446177332E-16,0.));
#2924=DIRECTION('',(0.,0.,-1.));
#2925=DIRECTION('',(1.,-2.3994446177332E-16,0.));
#2926=DIRECTION('',(1.7788513384807E-16,1.,-1.16179065475873E-13));
#2927=DIRECTION('',(-1.,2.3994446177332E-16,0.));
#2928=DIRECTION('',(2.52062760696596E-16,1.,-1.16179059171461E-13));
#2929=DIRECTION('',(1.,-1.97215226305253E-31,0.));
#2930=DIRECTION('',(7.50620497462059E-16,2.77555756156289E-16,-1.));
#2931=DIRECTION('',(1.,0.,0.));
#2932=DIRECTION('',(0.,0.,-1.));
#2933=DIRECTION('',(-1.,0.,0.));
#2934=DIRECTION('',(0.,1.,3.53283204908559E-14));
#2935=DIRECTION('',(-1.,0.,6.44905224473544E-17));
#2936=DIRECTION('',(0.,-1.,0.));
#2937=DIRECTION('',(1.,-1.58603289232165E-15,1.58603289232165E-15));
#2938=DIRECTION('',(1.54886024640786E-15,1.,-1.42011640820411E-16));
#2939=DIRECTION('',(1.,-7.44756244916849E-16,2.80810082592005E-15));
#2940=DIRECTION('',(2.80808362673746E-15,0.,-1.));
#2941=DIRECTION('',(-1.,0.,0.));
#2942=DIRECTION('',(0.,0.,-1.));
#2943=DIRECTION('',(1.,0.,2.80810082592005E-15));
#2944=DIRECTION('',(0.,-1.,-3.40265752360595E-16));
#2945=DIRECTION('',(1.,0.,0.));
#2946=DIRECTION('',(0.,0.,-1.));
#2947=DIRECTION('',(0.,0.,-1.));
#2948=DIRECTION('',(1.,0.,0.));
#2949=DIRECTION('',(0.,0.,1.));
#2950=DIRECTION('',(1.,0.,0.));
#2951=DIRECTION('',(0.,1.,0.));
#2952=DIRECTION('',(0.,0.,1.));
#2953=DIRECTION('',(0.,1.93607530800983E-15,-1.));
#2954=DIRECTION('',(0.,-1.93607530800983E-15,1.));
#2955=DIRECTION('',(1.,0.,0.));
#2956=DIRECTION('',(0.,1.,1.93607530800983E-15));
#2957=DIRECTION('',(0.,-1.93608692446168E-15,1.));
#2958=DIRECTION('',(0.,-1.,0.));
#2959=DIRECTION('',(0.,1.,0.));
#2960=DIRECTION('',(1.,0.,0.));
#2961=DIRECTION('',(0.,0.,-1.));
#2962=DIRECTION('',(-1.,0.,0.));
#2963=DIRECTION('',(0.,-1.,0.));
#2964=DIRECTION('',(0.,1.,0.));
#2965=DIRECTION('',(1.,0.,0.));
#2966=DIRECTION('',(0.,0.,-1.));
#2967=DIRECTION('',(-1.,0.,0.));
#2968=DIRECTION('',(0.,-1.20036669096606E-15,1.));
#2969=DIRECTION('',(0.,1.20036669096606E-15,-1.));
#2970=DIRECTION('',(-1.,0.,0.));
#2971=DIRECTION('',(0.,-1.,-1.20036669096606E-15));
#2972=DIRECTION('',(0.,1.20037443526733E-15,-1.));
#2973=DIRECTION('',(0.,1.,2.3232903696118E-15));
#2974=DIRECTION('',(0.,-1.,-2.3232903696118E-15));
#2975=DIRECTION('',(1.,0.,0.));
#2976=DIRECTION('',(0.,-2.3232903696118E-15,1.));
#2977=DIRECTION('',(0.,-1.,-2.32333683541919E-15));
#2978=DIRECTION('',(0.,1.,7.74430123203933E-16));
#2979=DIRECTION('',(0.,-1.,-7.74430123203933E-16));
#2980=DIRECTION('',(0.,-7.74430123203933E-16,1.));
#2981=DIRECTION('',(0.,-1.,-7.74445611806396E-16));
#2982=DIRECTION('',(1.,0.,0.));
#2983=DIRECTION('',(0.,0.,-1.));
#2984=DIRECTION('',(-1.,0.,0.));
#2985=DIRECTION('',(0.,0.,-1.));
#2986=DIRECTION('',(1.,0.,0.));
#2987=DIRECTION('',(0.,0.,-1.));
#2988=DIRECTION('',(1.,0.,0.));
#2989=DIRECTION('',(0.,0.,-1.));
#2990=DIRECTION('',(1.,0.,0.));
#2991=DIRECTION('',(0.,0.,-0.999999999999999));
#2992=DIRECTION('',(1.,0.,0.));
#2993=DIRECTION('',(0.,0.,-1.));
#2994=DIRECTION('',(0.,-1.,4.93038065763132E-32));
#2995=DIRECTION('',(0.,6.44905224473552E-17,1.));
#2996=DIRECTION('',(0.,1.,1.00929365875014E-16));
#2997=DIRECTION('',(0.,6.44905224473552E-17,-1.));
#2998=DIRECTION('',(1.,0.,0.));
#2999=DIRECTION('',(0.,0.,-1.));
#3000=DIRECTION('',(0.,0.,1.));
#3001=DIRECTION('',(0.,-1.,4.93038065763132E-32));
#3002=DIRECTION('',(0.,4.93038065763132E-32,-1.));
#3003=DIRECTION('',(1.,0.,0.));
#3004=DIRECTION('',(0.,0.,-1.));
#3005=DIRECTION('',(1.,0.,0.));
#3006=DIRECTION('',(0.,0.,1.));
#3007=DIRECTION('',(-1.,-1.83697019872103E-16,6.44905224473553E-17));
#3008=DIRECTION('',(0.,1.,-1.9308226515219E-16));
#3009=DIRECTION('',(-1.,-1.83697019872103E-16,6.44905224473553E-17));
#3010=DIRECTION('',(7.14235000384109E-16,1.,-1.93082265152201E-16));
#3011=DIRECTION('',(-1.,0.,0.));
#3012=DIRECTION('',(0.,0.,-1.));
#3013=DIRECTION('',(1.,3.94890559452471E-33,3.25818248998763E-18));
#3014=DIRECTION('',(0.,6.12323399573685E-17,1.));
#3015=DIRECTION('',(1.,0.,0.));
#3016=DIRECTION('',(0.,0.,1.));
#3017=DIRECTION('',(1.,0.,0.));
#3018=DIRECTION('',(0.,0.,-1.));
#3019=DIRECTION('',(1.,0.,0.));
#3020=DIRECTION('',(0.,0.,1.));
#3021=DIRECTION('',(1.,-4.27642353614751E-50,6.31088724176809E-30));
#3022=DIRECTION('',(1.,1.28292706084425E-49,0.));
#3023=DIRECTION('',(0.,0.978147619047643,-0.207911604657911));
#3024=DIRECTION('',(-1.,3.70074341541719E-16,-1.85037170770859E-16));
#3025=DIRECTION('',(-1.,-1.48029736616684E-16,-3.55271367880042E-15));
#3026=DIRECTION('',(-3.25260651745651E-15,0.400000000000158,0.916515138991099));
#3027=DIRECTION('',(0.,0.,-1.));
#3028=DIRECTION('',(1.,0.,0.));
#3029=DIRECTION('',(0.,0.,1.));
#3030=DIRECTION('',(0.,6.44905224473552E-17,-1.));
#3031=DIRECTION('',(0.,-1.,-5.72118872612549E-18));
#3032=DIRECTION('',(1.,0.,0.));
#3033=DIRECTION('',(0.,0.,1.));
#3034=DIRECTION('',(1.,0.,0.));
#3035=DIRECTION('',(0.,0.,1.));
#3036=DIRECTION('',(0.,-4.93038065763132E-32,1.));
#3037=DIRECTION('',(0.,-1.,4.93038065763132E-32));
#3038=DIRECTION('',(-1.,0.,0.));
#3039=DIRECTION('',(0.,0.,1.));
#3040=DIRECTION('',(-1.,2.86807614694832E-16,-3.33066907387538E-16));
#3041=DIRECTION('',(4.37905770101505E-47,1.,-6.25014443492717E-14));
#3042=DIRECTION('',(3.33066907387538E-16,5.72118872612549E-18,-1.));
#3043=DIRECTION('',(-4.70734562441066E-14,1.,5.74627151417317E-18));
#3044=DIRECTION('',(-2.99349647530326E-49,-1.,4.93038065763132E-32));
#3045=DIRECTION('',(-1.,-1.28292706084425E-49,0.));
#3046=DIRECTION('',(0.,0.707106781186548,-0.707106781186548));
#3047=DIRECTION('',(-1.,-1.28292706084425E-49,0.));
#3048=DIRECTION('',(0.,0.999999999999999,0.));
#3049=DIRECTION('',(-1.,-1.28292706084425E-49,0.));
#3050=DIRECTION('',(0.,1.,0.));
#3051=DIRECTION('',(-1.,-1.28292706084425E-49,0.));
#3052=DIRECTION('',(0.,0.999999999999999,0.));
#3053=DIRECTION('',(1.,1.28292706084425E-49,0.));
#3054=DIRECTION('',(1.18492040708792E-15,9.77559335847533E-15,-1.));
#3055=DIRECTION('',(0.,-6.44905224473552E-17,1.));
#3056=DIRECTION('',(-3.42113882891801E-49,-1.,-1.00929365875014E-16));
#3057=DIRECTION('',(0.,-6.44905224473552E-17,-1.));
#3058=DIRECTION('',(1.,1.28292706084425E-49,0.));
#3059=DIRECTION('',(0.,0.,-1.));
#3060=DIRECTION('',(1.,2.59052039079198E-15,2.88657986402535E-15));
#3061=DIRECTION('',(-1.,0.,2.01858731750028E-16));
#3062=DIRECTION('',(-1.,1.3684555315672E-48,1.93082265152201E-16));
#3063=DIRECTION('',(0.,-1.,0.));
#3064=DIRECTION('',(-1.,1.28292706084425E-49,4.93038065763132E-32));
#3065=DIRECTION('',(-1.,1.28292706084425E-49,4.93038065763132E-32));
#3066=DIRECTION('',(0.,0.707106781186548,-0.707106781186548));
#3067=DIRECTION('',(1.,3.86781115729775E-18,1.04340471481954E-18));
#3068=DIRECTION('',(-1.,-3.86781115729775E-18,-1.04340471481954E-18));
#3069=DIRECTION('',(0.,0.787772489979363,-0.615966317286682));
#3070=DIRECTION('',(-1.,1.3684555315672E-48,1.93082265152201E-16));
#3071=DIRECTION('',(0.,-1.,0.));
#3072=DIRECTION('',(1.,-3.80177680798065E-16,3.09596890083568E-15));
#3073=DIRECTION('',(0.,0.55303283866161,0.833159456143829));
#3074=DIRECTION('',(-1.,5.9211894646675E-15,-1.48029736616688E-15));
#3075=DIRECTION('',(1.4811505088599E-15,9.77559335847533E-15,-1.));
#3076=DIRECTION('',(-1.,2.3994446177332E-16,-4.93038065763132E-32));
#3077=DIRECTION('',(1.,-2.79716948691016E-16,2.69630192214213E-33));
#3078=DIRECTION('',(2.79716948691016E-16,1.,-6.44905224473552E-17));
#3079=DIRECTION('',(0.,6.45100292628875E-17,1.));
#3080=DIRECTION('',(1.,-1.3684555315672E-48,-1.93082265152201E-16));
#3081=DIRECTION('',(-1.,0.,1.45564838681678E-16));
#3082=DIRECTION('',(2.86807614694832E-16,1.,6.44905224473552E-17));
#3083=DIRECTION('',(0.,-6.45100292628875E-17,1.));
#3084=DIRECTION('',(-1.,1.3684555315672E-48,1.93082265152201E-16));
#3085=DIRECTION('',(-1.,1.3684555315672E-48,1.93082265152201E-16));
#3086=DIRECTION('',(0.,-1.,0.));
#3087=DIRECTION('',(-3.08148791101958E-32,-1.00929365875014E-16,1.));
#3088=DIRECTION('',(-3.02709246557953E-16,-1.,-1.009392222584E-16));
#3089=DIRECTION('',(-4.93038065763132E-32,4.93038065763132E-32,1.));
#3090=DIRECTION('',(1.,0.,0.));
#3091=DIRECTION('',(-1.,8.75811540203011E-47,-9.71551056909325E-15));
#3092=DIRECTION('',(-1.28292706084425E-49,-1.,0.));
#3093=DIRECTION('',(-1.,0.,-9.71553566764261E-15));
#3094=DIRECTION('',(1.,-4.51884212515964E-16,-4.93038065763132E-32));
#3095=DIRECTION('',(4.51884212515964E-16,1.,4.93038065763132E-32));
#3096=DIRECTION('',(1.,-4.51881912964802E-16,0.));
#3097=DIRECTION('',(4.93038065763132E-32,-4.93038065763132E-32,-1.));
#3098=DIRECTION('',(-1.,0.,0.));
#3099=DIRECTION('',(1.,0.,0.));
#3100=DIRECTION('',(0.,0.,-1.));
#3101=DIRECTION('',(-1.,1.3684555315672E-48,1.93082265152201E-16));
#3102=DIRECTION('',(-1.,2.77555756156289E-16,-6.44905224473553E-17));
#3103=DIRECTION('',(-2.16840434497101E-16,-1.,0.));
#3104=DIRECTION('',(1.,-1.3684555315672E-48,-1.93082265152201E-16));
#3105=DIRECTION('',(-0.707106781186548,0.707106781186547,2.39559360147246E-16));
#3106=DIRECTION('',(0.707106781186547,0.707106781186548,2.00307048680152E-16));
#3107=DIRECTION('',(-1.,1.3684555315672E-48,1.93082265152201E-16));
#3108=DIRECTION('',(0.,-1.,0.));
#3109=DIRECTION('',(-1.,2.77555756156289E-16,-6.44905224473553E-17));
#3110=DIRECTION('',(0.,-1.,0.));
#3111=DIRECTION('',(-1.,0.,2.01858731750028E-16));
#3112=DIRECTION('',(-1.,-1.16230905983091E-14,5.51598227713282E-15));
#3113=DIRECTION('',(1.21335849685803E-14,-0.958814728077064,0.284032246800441));
#3114=DIRECTION('',(-1.,3.70074341541719E-16,-1.85037170770859E-16));
#3115=DIRECTION('',(-1.,5.9211894646675E-15,-1.48029736616688E-15));
#3116=DIRECTION('',(1.4811505088599E-15,9.77559335847533E-15,-1.));
#3117=DIRECTION('',(1.,-4.27642353614751E-50,6.31088724176809E-30));
#3118=DIRECTION('',(1.,-2.77555756156289E-16,6.44905224473553E-17));
#3119=DIRECTION('',(-4.33680868994202E-16,-1.,0.));
#3120=DIRECTION('',(1.,6.12323399573665E-17,3.43024899888577E-15));
#3121=DIRECTION('',(-3.31532776576804E-15,0.400000000000158,0.916515138991099));
#3122=DIRECTION('',(-1.,-1.48029736616684E-16,-3.55271367880042E-15));
#3123=DIRECTION('',(-3.25260651745651E-15,0.400000000000158,0.916515138991099));
#3124=DIRECTION('',(-1.,2.77555756156289E-16,-6.44905224473553E-17));
#3125=DIRECTION('',(-2.16840434497101E-16,-1.,0.));
#3126=DIRECTION('',(1.,2.59052039079198E-15,2.88657986402535E-15));
#3127=DIRECTION('',(1.,1.14280585045385E-14,2.24768416459583E-14));
#3128=DIRECTION('',(-2.48689957516033E-14,0.614907674125159,0.788599107469687));
#3129=DIRECTION('',(-1.,1.3684555315672E-48,1.93082265152201E-16));
#3130=DIRECTION('',(0.,-1.,0.));
#3131=DIRECTION('',(-1.,2.86807614694832E-16,-3.33066907387538E-16));
#3132=DIRECTION('',(-2.77555756156289E-16,-1.,-5.72118872612558E-18));
#3133=DIRECTION('',(-0.707106781186547,-0.707106781186548,-2.39559360147251E-16));
#3134=DIRECTION('',(3.33066907387538E-16,5.72118872612549E-18,-1.));
#3135=DIRECTION('',(-4.70734562441066E-14,1.,5.74627151417317E-18));
#3136=DIRECTION('',(-6.44905224473553E-17,-6.44905224473552E-17,1.));
#3137=DIRECTION('',(-2.74297573666301E-16,6.44905224473553E-17,-1.));
#3138=DIRECTION('',(2.86807614694832E-16,1.,6.44905224473552E-17));
#3139=DIRECTION('',(0.,-6.45100292628875E-17,1.));
#3140=DIRECTION('',(6.44905224473553E-17,-8.27366364156957E-66,-1.));
#3141=DIRECTION('',(-2.77555756156289E-16,6.12323399573676E-17,-1.));
#3142=DIRECTION('',(-1.,8.75811540203011E-47,-9.71551056909325E-15));
#3143=DIRECTION('',(-1.28292706084425E-49,-1.,0.));
#3144=DIRECTION('',(-1.,0.,-9.71553566764261E-15));
#3145=DIRECTION('',(2.77555756156289E-16,1.,-4.93038065763132E-32));
#3146=DIRECTION('',(-0.707106781186548,-0.707106781186548,-2.43273944971203E-14));
#3147=DIRECTION('',(4.50063622181579E-14,-1.,1.34521647936007E-15));
#3148=DIRECTION('',(1.,-4.51884212515964E-16,-4.93038065763132E-32));
#3149=DIRECTION('',(4.93038065763132E-32,-4.93038065763132E-32,-1.));
#3150=DIRECTION('',(-1.,0.,0.));
#3151=DIRECTION('',(6.44905224473553E-17,2.0161557625447E-32,-1.));
#3152=DIRECTION('',(-2.98087490475391E-14,-3.66486129098502E-15,-1.));
#3153=DIRECTION('',(4.51884212515964E-16,1.,4.93038065763132E-32));
#3154=DIRECTION('',(1.,-4.51881912964802E-16,0.));
#3155=DIRECTION('',(1.,1.31208175637514E-14,4.40052035215047E-14));
#3156=DIRECTION('',(4.40584214787788E-14,0.,-1.));
#3157=DIRECTION('',(1.,6.12323399576288E-17,1.29653844823109E-14));
#3158=DIRECTION('',(1.30341244779678E-14,-2.75106609189889E-14,-1.));
#3159=DIRECTION('',(1.,1.31208175637514E-14,4.40052035215047E-14));
#3160=DIRECTION('',(1.31299958938105E-14,-1.,8.00358250570551E-14));
#3161=DIRECTION('',(1.,1.31208175637514E-14,4.40052035215047E-14));
#3162=DIRECTION('',(4.3953486841573E-14,0.,-1.));
#3163=DIRECTION('',(-1.,-1.31208175637514E-14,-4.40052035215047E-14));
#3164=DIRECTION('',(1.31205803232034E-14,-1.,8.00358250570551E-14));
#3165=DIRECTION('',(-1.,-6.12323399576288E-17,-1.29653844823109E-14));
#3166=DIRECTION('',(1.30341244779678E-14,-2.75106609189889E-14,-1.));
#3167=DIRECTION('',(1.,1.31208175637514E-14,4.40052035215047E-14));
#3168=DIRECTION('',(1.31424475354432E-14,-1.,8.00358250570551E-14));
#3169=DIRECTION('',(0.707106781186548,-0.707106781186548,-2.39559360147247E-16));
#3170=DIRECTION('',(-0.707106781186548,-0.707106781186548,1.02850636026079E-14));
#3171=DIRECTION('',(-1.,-6.12323399576288E-17,-1.29653844823109E-14));
#3172=DIRECTION('',(1.29653844823109E-14,-2.75106609189889E-14,-1.));
#3173=DIRECTION('',(-1.,-6.12323399576288E-17,-1.29653844823109E-14));
#3174=DIRECTION('',(1.29653844823109E-14,-2.75106609189889E-14,-1.));
#3175=DIRECTION('',(3.43024899888577E-15,3.76903709499943E-15,-1.));
#3176=DIRECTION('',(3.43024899888577E-15,3.76903709499942E-15,-1.));
#3177=DIRECTION('',(-0.707106781186548,0.707106781186548,2.39559360147247E-16));
#3178=DIRECTION('',(-0.707106781186548,-0.707106781186548,-2.00252141258073E-16));
#3179=DIRECTION('',(1.,6.12323399573665E-17,3.43024899888577E-15));
#3180=DIRECTION('',(-6.12323399572721E-17,1.,-2.75106609189889E-14));
#3181=DIRECTION('',(-1.,-6.12323399576288E-17,-1.29653844823109E-14));
#3182=DIRECTION('',(1.30341244779678E-14,-2.75106609189889E-14,-1.));
#3183=DIRECTION('',(-1.,-6.12323399576288E-17,-1.29653844823109E-14));
#3184=DIRECTION('',(1.29653844823109E-14,-2.75106609189889E-14,-1.));
#3185=DIRECTION('',(1.,1.31208175637514E-14,4.40052035215047E-14));
#3186=DIRECTION('',(4.3954788759738E-14,0.,-1.));
#3187=DIRECTION('',(1.,1.31208175637514E-14,4.40052035215047E-14));
#3188=DIRECTION('',(1.30596771971716E-14,-1.,9.86220714858189E-14));
#3189=DIRECTION('',(1.,1.31208175637514E-14,4.40052035215047E-14));
#3190=DIRECTION('',(4.40598860209068E-14,0.,-1.));
#3191=DIRECTION('',(-1.,-1.31208175637514E-14,-4.40052035215047E-14));
#3192=DIRECTION('',(1.31251281738893E-14,-1.,9.86220714858188E-14));
#3193=DIRECTION('',(1.,6.12323399576288E-17,1.29653844823109E-14));
#3194=DIRECTION('',(1.30341244779678E-14,-2.75106609189889E-14,-1.));
#3195=DIRECTION('',(1.,1.31208175637514E-14,4.40052035215047E-14));
#3196=DIRECTION('',(1.31316705392793E-14,-1.,9.86220714858188E-14));
#3197=DIRECTION('',(1.,-2.83262281692924E-16,0.));
#3198=DIRECTION('',(1.30341244779678E-14,-2.75106609189889E-14,-1.));
#3199=DIRECTION('',(-1.,-6.12323399576288E-17,-1.29653844823109E-14));
#3200=DIRECTION('',(1.29653844823109E-14,-2.75106609189889E-14,-1.));
#3201=DIRECTION('',(-1.,2.77555756156289E-16,-6.44905224473553E-17));
#3202=DIRECTION('',(-2.77555756156289E-16,-1.,0.));
#3203=DIRECTION('',(0.,1.,0.));
#3204=DIRECTION('',(0.,0.,-1.));
#3205=DIRECTION('',(0.,-1.,0.));
#3206=DIRECTION('',(1.,0.,0.));
#3207=DIRECTION('',(-3.09772049281573E-16,0.,1.));
#3208=DIRECTION('',(1.,0.,0.));
#3209=DIRECTION('',(0.,0.,-1.));
#3210=DIRECTION('',(-1.,0.,0.));
#3211=DIRECTION('',(0.,-1.,0.));
#3212=DIRECTION('',(0.,0.,-1.));
#3213=DIRECTION('',(0.,-1.,0.));
#3214=DIRECTION('',(3.09772049281573E-16,0.,-1.));
#3215=DIRECTION('',(0.,-1.,0.));
#3216=DIRECTION('',(-1.,0.,-3.09772049281573E-16));
#3217=DIRECTION('',(-3.09783665733421E-16,0.,1.));
#3218=DIRECTION('',(0.,-1.,0.));
#3219=DIRECTION('',(1.,0.,0.));
#3220=DIRECTION('',(0.,0.,-1.));
#3221=DIRECTION('',(-1.,0.,0.));
#3222=DIRECTION('',(0.,-1.,0.));
#3223=DIRECTION('',(0.,0.,1.));
#3224=DIRECTION('',(1.,0.,0.));
#3225=DIRECTION('',(0.,0.,-1.));
#3226=DIRECTION('',(-1.,0.,0.));
#3227=DIRECTION('',(0.,0.,1.));
#3228=DIRECTION('',(1.,0.,0.));
#3229=DIRECTION('',(0.,1.,0.));
#3230=DIRECTION('',(1.,0.,6.12323399573677E-17));
#3231=DIRECTION('',(0.,1.,0.));
#3232=DIRECTION('',(1.,0.,6.12323399573677E-17));
#3233=DIRECTION('',(0.,-1.,0.));
#3234=DIRECTION('',(0.,0.,-1.));
#3235=DIRECTION('',(-3.30423519233678E-17,0.,1.));
#3236=DIRECTION('',(0.,0.,1.));
#3237=DIRECTION('',(-1.,0.,0.));
#3238=DIRECTION('',(3.30423519233678E-17,0.,-1.));
#3239=DIRECTION('',(-1.11022302462516E-15,0.,1.));
#3240=DIRECTION('',(-1.,0.,-1.0842021724855E-15));
#3241=DIRECTION('',(3.30423519233678E-17,0.,-1.));
#3242=DIRECTION('',(-1.,0.,-3.30423519233677E-17));
#3243=DIRECTION('',(-3.30423519233678E-17,3.30423519233678E-17,1.));
#3244=DIRECTION('',(0.,1.,-3.30423519233678E-17));
#3245=DIRECTION('',(3.30423519233678E-17,0.,-1.));
#3246=DIRECTION('',(0.,0.,1.));
#3247=DIRECTION('',(-1.,0.,0.));
#3248=DIRECTION('',(-3.30423519233678E-17,0.,1.));
#3249=DIRECTION('',(-3.30423519233678E-17,0.,1.));
#3250=DIRECTION('',(1.,0.,0.));
#3251=DIRECTION('',(0.,1.,0.));
#3252=DIRECTION('',(0.,0.,-1.));
#3253=DIRECTION('',(0.,1.,0.));
#3254=DIRECTION('',(0.,0.,1.));
#3255=DIRECTION('',(0.,1.,0.));
#3256=DIRECTION('',(0.,0.,1.));
#3257=DIRECTION('',(1.,0.,0.));
#3258=DIRECTION('',(3.30423519233678E-17,0.,-1.));
#3259=DIRECTION('',(0.,-1.,0.));
#3260=DIRECTION('',(0.,0.,-1.));
#3261=DIRECTION('',(-3.30423519233678E-17,0.,1.));
#3262=DIRECTION('',(0.,-1.,0.));
#3263=DIRECTION('',(0.,0.,-1.));
#3264=DIRECTION('',(0.,-1.,0.));
#3265=DIRECTION('',(0.,-1.,0.));
#3266=DIRECTION('',(0.,-1.,0.));
#3267=DIRECTION('',(0.,0.,-1.));
#3268=DIRECTION('',(0.,1.,0.));
#3269=DIRECTION('',(0.,0.,1.));
#3270=DIRECTION('',(0.,1.,0.));
#3271=DIRECTION('',(0.,0.,1.));
#3272=DIRECTION('',(0.,1.,0.));
#3273=DIRECTION('',(0.,0.,1.));
#3274=DIRECTION('',(0.,-1.,0.));
#3275=DIRECTION('',(0.,-1.,0.));
#3276=DIRECTION('',(0.,0.,1.));
#3277=DIRECTION('',(0.,-1.,0.));
#3278=DIRECTION('',(0.,1.,0.));
#3279=DIRECTION('',(0.,0.,1.));
#3280=DIRECTION('',(-3.30423519233678E-17,0.,1.));
#3281=DIRECTION('',(-1.,0.,-3.30423519233678E-17));
#3282=DIRECTION('',(-3.30410612064957E-17,0.,1.));
#3283=DIRECTION('',(3.30423519233678E-17,0.,-1.));
#3284=DIRECTION('',(1.,0.,3.30423519233678E-17));
#3285=DIRECTION('',(3.30410612064957E-17,0.,-1.));
#3286=DIRECTION('',(0.,-1.,0.));
#3287=DIRECTION('',(0.,0.,-1.));
#3288=DIRECTION('',(0.,1.,0.));
#3289=DIRECTION('',(0.,0.,1.));
#3290=DIRECTION('',(-1.,0.,0.));
#3291=DIRECTION('',(0.,0.,-1.));
#3292=DIRECTION('',(1.,0.,0.));
#3293=DIRECTION('',(3.30423519233678E-17,0.,-1.));
#3294=DIRECTION('',(-1.,0.,0.));
#3295=DIRECTION('',(0.,0.,-1.));
#3296=DIRECTION('',(1.,0.,0.));
#3297=DIRECTION('',(-3.66042455095695E-15,-0.603916748136667,-0.797047402178838));
#3298=DIRECTION('',(0.,-0.797047402178838,0.603916748136667));
#3299=DIRECTION('',(-3.30423519233678E-17,0.,1.));
#3300=DIRECTION('',(1.,0.,0.));
#3301=DIRECTION('',(2.77552417334035E-15,-0.603916748136668,-0.797047402178837));
#3302=DIRECTION('',(0.,0.797047402178837,-0.603916748136668));
#3303=DIRECTION('',(0.,-1.,0.));
#3304=DIRECTION('',(0.,0.,1.));
#3305=DIRECTION('',(0.,-1.,0.));
#3306=DIRECTION('',(0.,0.,1.));
#3307=DIRECTION('',(0.,-1.,0.));
#3308=DIRECTION('',(0.,0.,-1.));
#3309=DIRECTION('',(0.,1.,0.));
#3310=DIRECTION('',(0.,9.19103962232576E-16,1.));
#3311=DIRECTION('',(0.,-1.,0.));
#3312=DIRECTION('',(0.,0.,-1.));
#3313=DIRECTION('',(0.,-1.,0.));
#3314=DIRECTION('',(0.,0.,-1.));
#3315=DIRECTION('',(0.,-1.,0.));
#3316=DIRECTION('',(0.,0.,-1.));
#3317=DIRECTION('',(-3.63657299652639E-18,-1.01824864455832E-17,1.));
#3318=DIRECTION('',(0.,-1.,-1.01824864455832E-17));
#3319=DIRECTION('',(-0.78180218213079,0.,-0.623526541548582));
#3320=DIRECTION('',(-0.623526541548581,0.,0.78180218213079));
#3321=DIRECTION('',(-0.781802182130789,0.,0.623526541548583));
#3322=DIRECTION('',(0.623526541548584,0.,0.781802182130789));
#3323=DIRECTION('',(0.,1.,0.));
#3324=DIRECTION('',(0.,0.,1.));
#3325=DIRECTION('',(3.50344739273008E-18,8.27095991990076E-17,-1.));
#3326=DIRECTION('',(0.,1.,8.27095991990076E-17));
#3327=DIRECTION('',(0.,-1.,0.));
#3328=DIRECTION('',(0.,0.,-1.));
#3329=DIRECTION('',(0.,0.,1.));
#3330=DIRECTION('',(1.,0.,0.));
#3331=DIRECTION('',(0.,0.,1.));
#3332=DIRECTION('',(1.,0.,0.));
#3333=DIRECTION('',(0.,0.,1.));
#3334=DIRECTION('',(1.,0.,0.));
#3335=DIRECTION('',(-2.22044604925035E-16,-2.80331313717852E-15,-1.));
#3336=DIRECTION('',(-1.2490009027033E-15,-1.,2.80331313717852E-15));
#3337=CARTESIAN_POINT('',(0.,0.,0.));
#3338=CARTESIAN_POINT('',(-2.08249999999997,0.270000000000003,-0.287500000000016));
#3339=CARTESIAN_POINT('',(-1.66999999999997,0.270000000000003,-0.287500000000016));
#3340=CARTESIAN_POINT('',(-2.43269999999997,0.270000000000003,-0.287500000000016));
#3341=CARTESIAN_POINT('',(-1.66999999999997,0.270000000000003,-2.00902896657251));
#3342=CARTESIAN_POINT('',(-1.66999999999997,0.270000000000003,-0.645000000000045));
#3343=CARTESIAN_POINT('',(-1.73134999999998,0.270000000000003,-0.645000000000045));
#3344=CARTESIAN_POINT('',(-2.43269999999997,0.270000000000003,-0.645000000000044));
#3345=CARTESIAN_POINT('',(-2.43269999999997,0.270000000000003,-0.287500000000016));
#3346=CARTESIAN_POINT('',(-1.02999999999999,0.270000000000003,-2.00902896657251));
#3347=CARTESIAN_POINT('',(-1.66249999999997,0.670000000000101,-0.0375000000000156));
#3348=CARTESIAN_POINT('',(-2.43269999999997,0.670000000000101,-0.037500000000016));
#3349=CARTESIAN_POINT('',(-1.66999999999997,0.670000000000101,-0.0375000000000156));
#3350=CARTESIAN_POINT('',(-1.66999999999997,0.420000000000101,-0.0375000000000156));
#3351=CARTESIAN_POINT('',(-1.66999999999997,0.420000000000101,-0.287500000000016));
#3352=CARTESIAN_POINT('',(-1.66249999999997,0.420000000000101,-0.287500000000016));
#3353=CARTESIAN_POINT('',(-2.43269999999997,0.420000000000101,-0.287500000000016));
#3354=CARTESIAN_POINT('',(-2.43269999999997,0.420000000000101,-0.0375000000000159));
#3355=CARTESIAN_POINT('',(-1.66249999999997,0.420000000000101,-0.0375000000000156));
#3356=CARTESIAN_POINT('',(-1.66999999999997,-0.270000000000003,-1.11076448328627));
#3357=CARTESIAN_POINT('',(-1.66999999999997,-0.270000000000003,0.170832508249979));
#3358=CARTESIAN_POINT('',(-1.66999999999997,-0.270000000000003,-0.645000000000045));
#3359=CARTESIAN_POINT('',(0.33000000000003,-0.270000000000003,0.170832508249978));
#3360=CARTESIAN_POINT('',(-2.29735441169861,-0.270000000000003,0.170832508249979));
#3361=CARTESIAN_POINT('',(-2.29735441169861,-0.270000000000003,-0.465382241643153));
#3362=CARTESIAN_POINT('',(-2.29735441169861,-0.270000000000003,-0.645000000000045));
#3363=CARTESIAN_POINT('',(-1.66999999999997,-0.270000000000003,-0.645000000000045));
#3364=CARTESIAN_POINT('',(-1.03,-0.270000000000003,-1.11076448328627));
#3365=CARTESIAN_POINT('',(-1.66999999999997,1.1,-0.645000000000045));
#3366=CARTESIAN_POINT('',(-2.65303727442307,0.439549340624099,-0.645000000000045));
#3367=CARTESIAN_POINT('',(-2.43269999999997,3.46944695195361E-15,-0.645000000000045));
#3368=CARTESIAN_POINT('',(-2.43269999999997,-0.108972473588501,-0.645000000000044));
#3369=CARTESIAN_POINT('',(-2.43269999999997,1.1,-0.645000000000044));
#3370=CARTESIAN_POINT('',(-1.66999999999997,0.420000000000101,-0.287500000000016));
#3371=CARTESIAN_POINT('',(-2.43269999999997,0.420000000000101,-0.287500000000016));
#3372=CARTESIAN_POINT('',(-2.19499999999997,0.420000000000101,-0.287500000000016));
#3373=CARTESIAN_POINT('',(-1.66999999999997,1.00613961606655E-13,-0.250000000000028));
#3374=CARTESIAN_POINT('',(-1.66999999999997,0.249807151226598,0.183123985939453));
#3375=CARTESIAN_POINT('',(-1.96999999999997,0.249807151226598,0.183123985939453));
#3376=CARTESIAN_POINT('',(-2.43269999999997,0.249807151226598,0.183123985939451));
#3377=CARTESIAN_POINT('',(-2.43269999999997,1.00613961606655E-13,-0.250000000000029));
#3378=CARTESIAN_POINT('',(-2.43269999999997,3.46944695195361E-15,0.24999999999997));
#3379=CARTESIAN_POINT('',(-2.43269999999998,1.00613961606655E-13,-0.250000000000028));
#3380=CARTESIAN_POINT('',(0.33000000000003,1.00613961606655E-13,-0.250000000000029));
#3381=CARTESIAN_POINT('',(-2.4135835236079,0.232804892161782,6.74921421377548E-6));
#3382=CARTESIAN_POINT('',(-2.4135835236079,0.232567823303619,-0.147348097362299));
#3383=CARTESIAN_POINT('',(-2.4135835236079,0.448674764808656,-0.237066257011256));
#3384=CARTESIAN_POINT('',(-2.4135835236079,0.65706625701135,-0.0286747648085769));
#3385=CARTESIAN_POINT('',(-2.4135835236079,0.567348097362409,0.187432176696467));
#3386=CARTESIAN_POINT('',(-2.4135835236079,0.419993250785896,0.187195107838314));
#3387=CARTESIAN_POINT('',(-2.41269999999997,0.237000000000091,-8.91663756073597E-16));
#3388=CARTESIAN_POINT('',(-2.41269999999997,0.420000000000111,0.183000000000006));
#3389=CARTESIAN_POINT('',(-2.4135835236079,0.419993250785896,0.187195107838314));
#3390=CARTESIAN_POINT('',(-2.4135835236079,0.322024810155283,0.187037493298346));
#3391=CARTESIAN_POINT('',(-2.4135835236079,0.232962506701758,0.0979751898448264));
#3392=CARTESIAN_POINT('',(-2.4135835236079,0.232804892161782,6.74921421377548E-6));
#3393=CARTESIAN_POINT('',(-1.66999999999997,0.420000000000101,-6.9155450338359E-15));
#3394=CARTESIAN_POINT('',(-1.66999999999997,0.603000000000101,-6.9155450338359E-15));
#3395=CARTESIAN_POINT('',(0.20449494936622,0.420000000000101,-4.0583122875101E-17));
#3396=CARTESIAN_POINT('',(-1.96999999999997,3.85185988877447E-31,-0.42000000000003));
#3397=CARTESIAN_POINT('',(-1.96999999999997,1.38777878078148E-17,-0.47000000000003));
#3398=CARTESIAN_POINT('',(-1.96999999999997,3.46944695195361E-15,-0.42000000000003));
#3399=CARTESIAN_POINT('',(-1.96999999999997,0.183000000000003,-0.42000000000003));
#3400=CARTESIAN_POINT('',(-1.96999999999997,3.46944695195361E-15,-7.1887419029399E-15));
#3401=CARTESIAN_POINT('',(-1.66999999999997,0.420000000000101,-1.42514378380771E-14));
#3402=CARTESIAN_POINT('',(-1.66999999999997,0.670000000000101,-2.13568651956781E-14));
#3403=CARTESIAN_POINT('',(-2.41999999999997,0.670000000000101,-1.39183709306895E-14));
#3404=CARTESIAN_POINT('',(-2.43269999999997,0.670000000000101,-1.39183709306895E-14));
#3405=CARTESIAN_POINT('',(-2.43269999999997,0.420000000000101,-1.40849043843833E-14));
#3406=CARTESIAN_POINT('',(-2.41999999999997,0.420000000000101,-1.42514378380771E-14));
#3407=CARTESIAN_POINT('',(-2.43269999999997,0.670000000000101,-1.40293932331521E-14));
#3408=CARTESIAN_POINT('',(-1.66999999999997,0.670000000000101,-0.0375000000000156));
#3409=CARTESIAN_POINT('',(-1.12999999999997,0.670000000000101,-1.42514378380771E-14));
#3410=CARTESIAN_POINT('',(-1.66999999999717,-8.32667268480732E-17,1.93471567343434E-17));
#3411=CARTESIAN_POINT('',(-1.66999999999717,0.183,1.93471567343434E-17));
#3412=CARTESIAN_POINT('',(-1.66999999999997,3.85185988877447E-31,-0.42000000000003));
#3413=CARTESIAN_POINT('',(-1.66999999999997,3.21548343507064E-17,-0.53585000000003));
#3414=CARTESIAN_POINT('',(-1.66999999999997,0.519590179001401,0.0410990852077688));
#3415=CARTESIAN_POINT('',(-2.43269999999997,0.420294890269082,-0.000294890268985997));
#3416=CARTESIAN_POINT('',(-2.43269999999997,0.623294890269092,-0.000294890268985997));
#3417=CARTESIAN_POINT('',(-2.41684999999997,0.420294890269082,-0.000294890268985997));
#3418=CARTESIAN_POINT('',(-2.43269999999997,3.46944695195361E-15,0.0899999999999601));
#3419=CARTESIAN_POINT('',(-2.43269999999997,3.46944695195361E-15,-0.603000000000031));
#3420=CARTESIAN_POINT('',(-2.43269999999997,3.46944695195361E-15,-0.42000000000003));
#3421=CARTESIAN_POINT('',(-2.43269999999997,3.46944695195361E-15,-0.23700000000003));
#3422=CARTESIAN_POINT('',(-2.43269999999997,3.46944695195361E-15,0.0899999999999601));
#3423=CARTESIAN_POINT('',(-2.43269999999997,3.46944695195361E-15,-0.183000000000043));
#3424=CARTESIAN_POINT('',(-2.43269999999997,3.46944695195361E-15,-3.15408908301174E-14));
#3425=CARTESIAN_POINT('',(-2.43269999999997,3.46944695195361E-15,0.182999999999957));
#3426=CARTESIAN_POINT('',(-2.43269999999997,3.46944695195361E-15,0.0899999999999601));
#3427=CARTESIAN_POINT('',(-2.43269999999997,3.46944695195361E-15,-4.26176361172499E-14));
#3428=CARTESIAN_POINT('',(-2.01783086311005,3.46944695195361E-15,-4.26690854279891E-14));
#3429=CARTESIAN_POINT('',(-2.01783086311005,-0.182999999999997,-4.26690854279891E-14));
#3430=CARTESIAN_POINT('',(-2.16840434497101E-16,3.46944695195361E-15,-6.16297582203916E-30));
#3431=CARTESIAN_POINT('',(-2.01783086311006,3.46944695195361E-15,-0.42000000000003));
#3432=CARTESIAN_POINT('',(-2.01783086311006,0.183000000000003,-0.42000000000003));
#3433=CARTESIAN_POINT('',(-2.43269999999997,3.46944695195361E-15,-0.42000000000003));
#3434=CARTESIAN_POINT('',(-2.43269999999997,3.46944695195361E-15,-3.15408908301174E-14));
#3435=CARTESIAN_POINT('',(-2.43269999999997,3.46944695195361E-15,-0.42000000000003));
#3436=CARTESIAN_POINT('',(-2.43269999999997,3.46944695195361E-15,0.179999999999962));
#3437=CARTESIAN_POINT('',(-2.10128778559793,3.46944695195361E-15,-4.26619981900624E-14));
#3438=CARTESIAN_POINT('',(-2.10128778559793,-0.182999999999997,-4.26619981900624E-14));
#3439=CARTESIAN_POINT('',(-2.16840434497101E-16,3.46944695195361E-15,-6.16297582203916E-30));
#3440=CARTESIAN_POINT('',(-2.09117940838298,3.46944695195361E-15,-4.26628566026691E-14));
#3441=CARTESIAN_POINT('',(-2.09117940838298,3.46944695195361E-15,-0.172669240889924));
#3442=CARTESIAN_POINT('',(-2.09623359699042,3.46944695195361E-15,-4.26624273963657E-14));
#3443=CARTESIAN_POINT('',(-2.0890847387225,3.46944695195361E-15,-4.26630344839259E-14));
#3444=CARTESIAN_POINT('',(-2.0890847387225,3.46944695195361E-15,-0.174718820290826));
#3445=CARTESIAN_POINT('',(-2.09013207355274,3.46944695195361E-15,-4.26629455432975E-14));
#3446=CARTESIAN_POINT('',(-2.0945543357789,3.46944695195361E-15,-4.26625700007584E-14));
#3447=CARTESIAN_POINT('',(-2.0945543357789,-0.182999999999997,-4.26625700007584E-14));
#3448=CARTESIAN_POINT('',(-2.09181953725069,3.46944695195361E-15,-4.26628022423422E-14));
#3449=CARTESIAN_POINT('',(-2.02455433577897,3.46944695195361E-15,-4.26685144645618E-14));
#3450=CARTESIAN_POINT('',(-2.02455433577897,-0.182999999999997,-4.26685144645618E-14));
#3451=CARTESIAN_POINT('',(-2.16840434497101E-16,3.46944695195361E-15,-6.16297582203916E-30));
#3452=CARTESIAN_POINT('',(-2.01447161524951,3.46944695195361E-15,-4.26693706983793E-14));
#3453=CARTESIAN_POINT('',(-2.01447161524951,3.46944695195361E-15,-0.172664126516096));
#3454=CARTESIAN_POINT('',(-2.01951297551423,3.46944695195361E-15,-4.26689425814705E-14));
#3455=CARTESIAN_POINT('',(-2.01237547657804,3.46944695195361E-15,-4.26695487043859E-14));
#3456=CARTESIAN_POINT('',(-2.01237547657804,3.46944695195361E-15,-0.17471301267088));
#3457=CARTESIAN_POINT('',(-2.01342354591378,3.46944695195361E-15,-4.26694597013826E-14));
#3458=CARTESIAN_POINT('',(-2.01510316984404,3.46944695195361E-15,-4.26693170661875E-14));
#3459=CARTESIAN_POINT('',(-2.10128778559794,3.46944695195361E-15,-0.42000000000003));
#3460=CARTESIAN_POINT('',(-2.10128778559794,0.183000000000003,-0.42000000000003));
#3461=CARTESIAN_POINT('',(-2.43269999999997,3.46944695195361E-15,-0.42000000000003));
#3462=CARTESIAN_POINT('',(-2.09117940838299,3.46944695195361E-15,-0.420000000000038));
#3463=CARTESIAN_POINT('',(-2.09117940838299,3.46944695195361E-15,-0.592669240889916));
#3464=CARTESIAN_POINT('',(-2.09623359699042,3.46944695195361E-15,-0.420000000000038));
#3465=CARTESIAN_POINT('',(-2.0890847387225,3.46944695195361E-15,-0.420000000000038));
#3466=CARTESIAN_POINT('',(-2.0890847387225,3.46944695195361E-15,-0.594718820290819));
#3467=CARTESIAN_POINT('',(-2.09013207355275,3.46944695195361E-15,-0.420000000000038));
#3468=CARTESIAN_POINT('',(-2.0945543357789,3.46944695195361E-15,-0.42000000000003));
#3469=CARTESIAN_POINT('',(-2.0945543357789,0.183000000000003,-0.42000000000003));
#3470=CARTESIAN_POINT('',(-2.09181953725069,3.46944695195361E-15,-0.420000000000038));
#3471=CARTESIAN_POINT('',(-2.02455433577898,3.46944695195361E-15,-0.42000000000003));
#3472=CARTESIAN_POINT('',(-2.02455433577898,0.183000000000003,-0.42000000000003));
#3473=CARTESIAN_POINT('',(-2.43269999999997,3.46944695195361E-15,-0.42000000000003));
#3474=CARTESIAN_POINT('',(-2.01447161524952,3.46944695195361E-15,-0.420000000000038));
#3475=CARTESIAN_POINT('',(-2.01447161524952,3.46944695195361E-15,-0.59266412651609));
#3476=CARTESIAN_POINT('',(-2.01951297551423,3.46944695195361E-15,-0.420000000000038));
#3477=CARTESIAN_POINT('',(-2.01237547657804,3.46944695195361E-15,-0.420000000000038));
#3478=CARTESIAN_POINT('',(-2.01237547657804,3.46944695195361E-15,-0.594713012670874));
#3479=CARTESIAN_POINT('',(-2.01342354591378,3.46944695195361E-15,-0.420000000000038));
#3480=CARTESIAN_POINT('',(-2.01510316984404,3.46944695195361E-15,-0.420000000000038));
#3481=CARTESIAN_POINT('',(-1.96999999999997,3.85185988877447E-31,-0.42000000000003));
#3482=CARTESIAN_POINT('',(-1.02999999999999,3.46944695195361E-15,-2.15567502578818E-14));
#3483=CARTESIAN_POINT('',(-1.02999999999999,3.46944695195361E-15,-0.0500000000000216));
#3484=CARTESIAN_POINT('',(-0.85,3.46944695195361E-15,-2.27900591140805E-14));
#3485=CARTESIAN_POINT('',(-0.85,0.0500000000000042,-2.10236430895377E-14));
#3486=CARTESIAN_POINT('',(-1.38,3.46944695195361E-15,-2.15341785750252E-14));
#3487=CARTESIAN_POINT('',(-0.85,3.46944695195361E-15,-2.10137022746803E-14));
#3488=CARTESIAN_POINT('',(-0.85,0.0700000000000038,-2.10236430895377E-14));
#3489=CARTESIAN_POINT('',(-0.85,3.46944695195361E-15,-2.10032939338244E-14));
#3490=CARTESIAN_POINT('',(-1.02999999999999,3.46944695195361E-15,-2.15330682375041E-14));
#3491=CARTESIAN_POINT('',(-1.02999999999999,3.46944695195361E-15,-0.0700000000000219));
#3492=CARTESIAN_POINT('',(-1.02999999999999,3.46944695195361E-15,-2.15052826355381E-14));
#3493=CARTESIAN_POINT('',(-1.02999999999999,3.46944695195361E-15,-2.15330382111537E-14));
#3494=CARTESIAN_POINT('',(-1.02999999999999,-0.14,5.28846657433288E-18));
#3495=CARTESIAN_POINT('',(-1.02999999999999,-0.14,0.));
#3496=CARTESIAN_POINT('',(-1.02999999999999,-0.14,-0.560000000000022));
#3497=CARTESIAN_POINT('',(-1.02999999999999,-0.14,-0.560000000000022));
#3498=CARTESIAN_POINT('',(-1.39999999999999,-0.14,-0.560000000000022));
#3499=CARTESIAN_POINT('',(-1.39999999999999,-0.14,5.28846657433288E-18));
#3500=CARTESIAN_POINT('',(-1.39999999999999,-0.14,0.));
#3501=CARTESIAN_POINT('',(-1.02999999999999,-0.14,0.));
#3502=CARTESIAN_POINT('',(-1.02999999999999,-0.14,5.28846657433288E-18));
#3503=CARTESIAN_POINT('',(-1.02999999999999,-0.14,0.14));
#3504=CARTESIAN_POINT('',(-1.02999999999999,-0.14,0.14));
#3505=CARTESIAN_POINT('',(-1.39999999999999,-0.14,0.14));
#3506=CARTESIAN_POINT('',(-1.39999999999999,-0.14,0.14));
#3507=CARTESIAN_POINT('',(-1.02999999999999,-0.14,0.14));
#3508=CARTESIAN_POINT('',(-1.02999999999999,-0.14,0.14));
#3509=CARTESIAN_POINT('',(-1.02999999999999,0.,0.14));
#3510=CARTESIAN_POINT('',(-1.02999999999999,0.,0.14));
#3511=CARTESIAN_POINT('',(-1.39999999999999,0.,0.14));
#3512=CARTESIAN_POINT('',(-1.39999999999999,0.,0.14));
#3513=CARTESIAN_POINT('',(-1.02999999999999,0.,0.14));
#3514=CARTESIAN_POINT('',(-1.02999999999999,0.,0.14));
#3515=CARTESIAN_POINT('',(-1.02999999999999,0.139999999999999,0.14));
#3516=CARTESIAN_POINT('',(-1.02999999999999,0.139999999999999,0.14));
#3517=CARTESIAN_POINT('',(-1.39999999999999,0.139999999999999,0.14));
#3518=CARTESIAN_POINT('',(-1.39999999999999,0.139999999999999,0.14));
#3519=CARTESIAN_POINT('',(-1.02999999999999,0.139999999999999,0.14));
#3520=CARTESIAN_POINT('',(-1.02999999999999,0.139999999999999,0.14));
#3521=CARTESIAN_POINT('',(-1.02999999999999,0.14,-0.560000000000021));
#3522=CARTESIAN_POINT('',(-1.02999999999999,0.14,-0.560000000000021));
#3523=CARTESIAN_POINT('',(-1.39999999999999,0.14,-0.560000000000021));
#3524=CARTESIAN_POINT('',(-1.39999999999999,0.14,-0.560000000000021));
#3525=CARTESIAN_POINT('',(-1.02999999999999,0.14,-0.560000000000021));
#3526=CARTESIAN_POINT('',(-1.02999999999999,0.14,-0.560000000000021));
#3527=CARTESIAN_POINT('',(-1.02999999999999,0.,-0.560000000000022));
#3528=CARTESIAN_POINT('',(-1.02999999999999,0.,-0.560000000000022));
#3529=CARTESIAN_POINT('',(-1.39999999999999,0.,-0.560000000000022));
#3530=CARTESIAN_POINT('',(-1.39999999999999,0.,-0.560000000000022));
#3531=CARTESIAN_POINT('',(-1.02999999999999,0.,-0.560000000000022));
#3532=CARTESIAN_POINT('',(-1.02999999999999,0.,-0.560000000000022));
#3533=CARTESIAN_POINT('',(-1.02999999999999,-0.14,-0.560000000000022));
#3534=CARTESIAN_POINT('',(-1.39999999999999,-0.14,-0.560000000000022));
#3535=CARTESIAN_POINT('',(-1.02999999999999,-0.14,-0.560000000000022));
#3536=CARTESIAN_POINT('',(-1.39999999999999,1.00613961606655E-13,-0.250000000000028));
#3537=CARTESIAN_POINT('',(-1.39999999999999,0.307453837062686,0.144299553734814));
#3538=CARTESIAN_POINT('',(-1.39999999999999,0.100000000000004,0.239897948556627));
#3539=CARTESIAN_POINT('',(-1.39999999999999,0.420000000000108,-1.86800274496822E-15));
#3540=CARTESIAN_POINT('',(-1.39999999999999,0.471400684338405,-0.176048413839583));
#3541=CARTESIAN_POINT('',(-1.39999999999999,0.478403691724478,-0.190716347791737));
#3542=CARTESIAN_POINT('',(-1.39999999999999,0.495432131158729,-0.192458820697634));
#3543=CARTESIAN_POINT('',(-1.39999999999999,1.00613961606655E-13,-0.250000000000028));
#3544=CARTESIAN_POINT('',(-1.39999999999999,0.499912520121864,-0.259352658738921));
#3545=CARTESIAN_POINT('',(-1.39999999999999,0.484246936756479,-0.26176346728009));
#3546=CARTESIAN_POINT('',(-1.39999999999999,0.485081474711165,-0.278232311418036));
#3547=CARTESIAN_POINT('',(-1.39999999999999,0.420000000000101,-0.0375000000000156));
#3548=CARTESIAN_POINT('',(-1.39999999999999,0.420000000000101,-0.287500000000016));
#3549=CARTESIAN_POINT('',(-1.39999999999999,0.420000000000101,-0.287500000000016));
#3550=CARTESIAN_POINT('',(-1.4,0.270000000000003,-0.287500000000016));
#3551=CARTESIAN_POINT('',(-1.4,0.270000000000003,-2.00902896657251));
#3552=CARTESIAN_POINT('',(-1.4,0.270000000000003,-0.645000000000045));
#3553=CARTESIAN_POINT('',(-1.39999999999999,1.1,-0.645000000000045));
#3554=CARTESIAN_POINT('',(-1.39999999999999,-0.270000000000003,-0.645000000000045));
#3555=CARTESIAN_POINT('',(-1.4,-0.270000000000003,-1.11076448328627));
#3556=CARTESIAN_POINT('',(-1.4,-0.270000000000003,0.170832508249979));
#3557=CARTESIAN_POINT('',(-1.39999999999999,1.00613961606655E-13,-0.250000000000028));
#3558=CARTESIAN_POINT('',(-1.39999999999999,-0.0999999999999969,0.239897948556587));
#3559=CARTESIAN_POINT('',(-1.39999999999999,-0.0999999999999994,0.249999999999978));
#3560=CARTESIAN_POINT('',(-1.39999999999999,-0.0999999999999994,0.224999999999903));
#3561=CARTESIAN_POINT('',(-1.39999999999999,3.46944695195361E-15,0.224999999999902));
#3562=CARTESIAN_POINT('',(-1.39999999999999,0.100000000000003,0.224999999999902));
#3563=CARTESIAN_POINT('',(-1.39999999999999,0.0999999999999994,0.249999999999957));
#3564=CARTESIAN_POINT('',(-1.39999999999999,3.46944695195361E-15,-2.15330382111537E-14));
#3565=CARTESIAN_POINT('',(-0.73414999999999,3.46944695195361E-15,-2.16040129255959E-14));
#3566=CARTESIAN_POINT('',(-0.73414999999999,3.46944695195361E-15,0.0999999999999784));
#3567=CARTESIAN_POINT('',(-0.84999999999999,3.46944695195361E-15,-2.15965416985704E-14));
#3568=CARTESIAN_POINT('',(-0.84999999999999,0.115850000000003,-2.16189102789883E-14));
#3569=CARTESIAN_POINT('',(-0.79207499999999,3.46944695195361E-15,-2.16002773120832E-14));
#3570=CARTESIAN_POINT('',(-1.02999999999999,3.46944695195361E-15,-2.15330382111537E-14));
#3571=CARTESIAN_POINT('',(-1.02999999999999,3.46944695195361E-15,-0.115850000000022));
#3572=CARTESIAN_POINT('',(-1.36499999999999,3.46944695195361E-15,-2.15341297022878E-14));
#3573=CARTESIAN_POINT('',(0.21585000000001,3.46944695195361E-15,-2.16040129255959E-14));
#3574=CARTESIAN_POINT('',(0.21585000000001,3.46944695195361E-15,0.0999999999999784));
#3575=CARTESIAN_POINT('',(-0.73414999999999,3.46944695195361E-15,-2.16040129255959E-14));
#3576=CARTESIAN_POINT('',(0.21585000000001,3.29119694460663E-15,-2.29703301129053E-14));
#3577=CARTESIAN_POINT('',(0.21585000000001,1.00613961606655E-13,-0.250000000000008));
#3578=CARTESIAN_POINT('',(0.21585000000001,0.244536904761998,-0.0519779011645023));
#3579=CARTESIAN_POINT('',(-0.75000000000002,1.00613961606655E-13,-0.250000000000008));
#3580=CARTESIAN_POINT('',(-0.914099999999996,3.46944695195361E-15,-0.250000000000022));
#3581=CARTESIAN_POINT('',(-0.914099999999996,3.46944695195361E-15,-2.12458428932156E-14));
#3582=CARTESIAN_POINT('',(-0.914099999999996,0.244536904761998,-0.051977901164499));
#3583=CARTESIAN_POINT('',(-0.27999999999999,0.244536904761998,-0.0519779011645022));
#3584=CARTESIAN_POINT('',(0.47000000000002,3.46944695195361E-15,-1.86923299365777E-14));
#3585=CARTESIAN_POINT('',(0.21585000000001,-0.0999999999999994,0.249999999999978));
#3586=CARTESIAN_POINT('',(0.21585000000001,-0.0999999999999994,0.239897948556603));
#3587=CARTESIAN_POINT('',(0.21585000000001,-0.0999999999999994,0.224999999999908));
#3588=CARTESIAN_POINT('',(0.21585000000001,1.00613961606655E-13,-0.250000000000029));
#3589=CARTESIAN_POINT('',(0.21585000000001,-0.270000000000003,0.170832508249978));
#3590=CARTESIAN_POINT('',(0.21585000000001,-0.270000000000003,-1.11076448328627));
#3591=CARTESIAN_POINT('',(0.21585000000001,-0.270000000000003,-0.250000000000005));
#3592=CARTESIAN_POINT('',(0.21585000000001,-0.4999999999999,-0.250000000000005));
#3593=CARTESIAN_POINT('',(0.21585000000001,0.420000000000106,-1.43005676918775E-15));
#3594=CARTESIAN_POINT('',(0.21585000000001,0.3074538370627,0.144299553734797));
#3595=CARTESIAN_POINT('',(0.21585000000001,1.00613961606655E-13,-0.250000000000029));
#3596=CARTESIAN_POINT('',(0.21585000000001,0.0999999999999994,0.239897948556607));
#3597=CARTESIAN_POINT('',(0.21585000000001,0.0999999999999992,0.249999999999957));
#3598=CARTESIAN_POINT('',(0.21585000000001,0.0999999999999991,0.224999999999926));
#3599=CARTESIAN_POINT('',(0.21585000000001,3.46944695195361E-15,0.224999999999902));
#3600=CARTESIAN_POINT('',(0.21585000000001,3.46944695195361E-15,-2.16040129255959E-14));
#3601=CARTESIAN_POINT('',(-0.65499999999999,-0.270000000000003,-0.250000000000005));
#3602=CARTESIAN_POINT('',(-0.914099999999996,-0.270000000000003,-0.250000000000005));
#3603=CARTESIAN_POINT('',(-0.914099999999996,3.46944695195361E-15,-0.250000000000022));
#3604=CARTESIAN_POINT('',(-0.27999999999998,-0.4999999999999,-0.250000000000005));
#3605=CARTESIAN_POINT('',(-0.914099999999996,0.2498390066582,-0.287500000000016));
#3606=CARTESIAN_POINT('',(-0.914099999999996,0.420000000000101,-0.287500000000016));
#3607=CARTESIAN_POINT('',(-0.914099999999996,0.270000000000003,-0.287500000000016));
#3608=CARTESIAN_POINT('',(-0.914099999999995,0.420000000000101,-0.0375000000000156));
#3609=CARTESIAN_POINT('',(-0.914099999999996,0.485113863090001,-0.278871466485813));
#3610=CARTESIAN_POINT('',(-0.914099999999996,0.484246936756479,-0.26176346728009));
#3611=CARTESIAN_POINT('',(-0.914099999999996,0.499912520121885,-0.259352658738918));
#3612=CARTESIAN_POINT('',(-0.914099999999996,1.00613961606655E-13,-0.250000000000029));
#3613=CARTESIAN_POINT('',(-0.914099999999996,0.496692906130004,-0.192587832298282));
#3614=CARTESIAN_POINT('',(-0.914099999999996,0.478403691724479,-0.190716347791737));
#3615=CARTESIAN_POINT('',(-0.914099999999995,0.471226649009442,-0.175683893488488));
#3616=CARTESIAN_POINT('',(-0.914099999999994,0.420000000000101,-1.7059176598128E-15));
#3617=CARTESIAN_POINT('',(-0.914099999999996,-0.270000000000003,-0.751841087275257));
#3618=CARTESIAN_POINT('',(-0.914099999999996,-0.270000000000003,-0.645000000000045));
#3619=CARTESIAN_POINT('',(-0.914099999999996,0.5898390066582,-0.645000000000045));
#3620=CARTESIAN_POINT('',(-0.914099999999996,0.270000000000003,-0.645000000000045));
#3621=CARTESIAN_POINT('',(-0.914099999999996,0.270000000000003,-1.20097332891838));
#3622=CARTESIAN_POINT('',(-0.914099999999996,0.0796780133164032,-0.392917691264245));
#3623=CARTESIAN_POINT('',(-0.75000000000002,0.0999999999999994,0.239897948556607));
#3624=CARTESIAN_POINT('',(-2.41999999999997,0.3074538370627,0.144299553734797));
#3625=CARTESIAN_POINT('',(0.33000000000003,1.00613961606655E-13,-0.250000000000029));
#3626=CARTESIAN_POINT('',(-0.914099999999995,0.485049086332321,-0.277593156350251));
#3627=CARTESIAN_POINT('',(-1.07606666666666,0.485049086332321,-0.277593156350251));
#3628=CARTESIAN_POINT('',(-1.23803333333333,0.485049086332321,-0.277593156350251));
#3629=CARTESIAN_POINT('',(-1.39999999999999,0.485049086332321,-0.277593156350251));
#3630=CARTESIAN_POINT('',(-1.66249999999997,0.420000000000101,-0.287500000000016));
#3631=CARTESIAN_POINT('',(-1.66249999999997,0.420000000000101,-0.0375000000000156));
#3632=CARTESIAN_POINT('',(-1.66999999999997,0.499912520121885,-0.259352658738918));
#3633=CARTESIAN_POINT('',(-1.29204999999998,0.484246936756479,-0.26176346728009));
#3634=CARTESIAN_POINT('',(-0.914099999999996,0.494171356187437,-0.19232980909699));
#3635=CARTESIAN_POINT('',(-1.07606666666666,0.494171356187437,-0.192329809096991));
#3636=CARTESIAN_POINT('',(-1.23803333333333,0.494171356187437,-0.192329809096991));
#3637=CARTESIAN_POINT('',(-1.39999999999999,0.494171356187437,-0.192329809096991));
#3638=CARTESIAN_POINT('',(0.33000000000003,1.00613961606655E-13,-0.250000000000029));
#3639=CARTESIAN_POINT('',(-1.39999999999999,0.471574719667396,-0.176412934190657));
#3640=CARTESIAN_POINT('',(-1.23803333333333,0.471574719667396,-0.176412934190657));
#3641=CARTESIAN_POINT('',(-1.07606666666666,0.471574719667395,-0.176412934190657));
#3642=CARTESIAN_POINT('',(-0.914099999999995,0.471574719667395,-0.176412934190656));
#3643=CARTESIAN_POINT('',(-1.29204999999998,0.478403691724479,-0.190716347791738));
#3644=CARTESIAN_POINT('',(0.20449494936622,0.420000000000101,-4.0583122875101E-17));
#3645=CARTESIAN_POINT('',(-2.08249999999997,0.270000000000003,-0.287500000000016));
#3646=CARTESIAN_POINT('',(-1.73134999999998,0.270000000000003,-0.645000000000045));
#3647=CARTESIAN_POINT('',(-1.02999999999999,0.270000000000003,-2.00902896657251));
#3648=CARTESIAN_POINT('',(0.33000000000003,-0.270000000000003,0.170832508249978));
#3649=CARTESIAN_POINT('',(-1.66999999999997,-0.270000000000003,-0.645000000000045));
#3650=CARTESIAN_POINT('',(-1.03,-0.270000000000003,-1.11076448328627));
#3651=CARTESIAN_POINT('',(0.33000000000003,-0.0999999999999994,0.239897948556603));
#3652=CARTESIAN_POINT('',(0.33000000000003,1.00613961606655E-13,-0.250000000000029));
#3653=CARTESIAN_POINT('',(-2.43269999999997,1.1,-0.645000000000045));
#3654=CARTESIAN_POINT('',(-2.19499999999997,0.420000000000101,-0.287500000000016));
#3655=CARTESIAN_POINT('',(0.83550000000002,-0.0999999999999994,0.224999999999923));
#3656=CARTESIAN_POINT('',(0.83550000000002,-0.0999999999999994,0.249999999999978));
#3657=CARTESIAN_POINT('',(-1.74,0.0999999999999994,0.224999999999926));
#3658=CARTESIAN_POINT('',(-1.12999999999997,0.0999999999999994,0.249999999999957));
#3659=CARTESIAN_POINT('',(-0.14724999999997,3.46944695195361E-15,0.224999999999902));
#3660=CARTESIAN_POINT('',(-1.02999999999999,3.46944695195361E-15,-2.15330382111537E-14));
#3661=CARTESIAN_POINT('',(0.33000000000003,-0.0999999999999994,0.239897948556603));
#3662=CARTESIAN_POINT('',(-0.1,-0.0999999999999994,0.239897948556624));
#3663=CARTESIAN_POINT('',(-0.55,-0.0999999999999994,0.239897948556603));
#3664=CARTESIAN_POINT('',(-0.55,1.00613961606655E-13,-0.250000000000029));
#3665=CARTESIAN_POINT('',(-0.55,-0.270000000000003,0.170832508249978));
#3666=CARTESIAN_POINT('',(0.33000000000003,-0.270000000000003,0.170832508249978));
#3667=CARTESIAN_POINT('',(-0.27000000000001,-0.270000000000003,0.170832508250007));
#3668=CARTESIAN_POINT('',(-2.16840434497101E-16,3.46944695195361E-15,-0.250000000000007));
#3669=CARTESIAN_POINT('',(0.33000000000003,1.00613961606655E-13,-0.250000000000029));
#3670=CARTESIAN_POINT('',(-0.55,0.420000000000105,-1.15746000920813E-15));
#3671=CARTESIAN_POINT('',(-0.55,0.244536904761998,-0.0519779011645023));
#3672=CARTESIAN_POINT('',(-0.55,0.3074538370627,0.144299553734797));
#3673=CARTESIAN_POINT('',(-2.41999999999997,0.3074538370627,0.144299553734797));
#3674=CARTESIAN_POINT('',(-2.16840434497101E-16,0.307453837062602,0.144299553734814));
#3675=CARTESIAN_POINT('',(-2.16840434497101E-16,0.420000000000101,-8.88178419700101E-16));
#3676=CARTESIAN_POINT('',(-1.01915004213637E-14,0.244536904761998,-0.0519779011644921));
#3677=CARTESIAN_POINT('',(-0.27999999999999,0.244536904761998,-0.0519779011645022));
#3678=CARTESIAN_POINT('',(0.20449494936622,0.420000000000101,-4.0583122875101E-17));
#3679=CARTESIAN_POINT('',(-0.75000000000002,1.00613961606655E-13,-0.250000000000008));
#3680=CARTESIAN_POINT('',(-0.55,1.00613961606655E-13,-0.250000000000006));
#3681=CARTESIAN_POINT('',(-2.16840434497101E-16,1.00613961606655E-13,-0.250000000000008));
#3682=CARTESIAN_POINT('',(-0.55,3.31845662060459E-15,-2.23160978889542E-14));
#3683=CARTESIAN_POINT('',(-1.01915004213637E-14,3.46944695195361E-15,-2.1316282072803E-14));
#3684=CARTESIAN_POINT('',(0.47000000000002,3.46944695195361E-15,-1.86923299365777E-14));
#3685=CARTESIAN_POINT('',(-0.55,1.00613961606655E-13,-0.250000000000029));
#3686=CARTESIAN_POINT('',(-0.55,0.0999999999999995,0.239897948556608));
#3687=CARTESIAN_POINT('',(-0.75000000000002,0.0999999999999994,0.239897948556607));
#3688=CARTESIAN_POINT('',(-2.16840434497101E-16,0.0999999999999994,0.23989794855661));
#3689=CARTESIAN_POINT('',(9.97465998686664E-15,1.00613961606655E-13,-0.250000000000032));
#3690=CARTESIAN_POINT('',(0.33000000000003,1.00613961606655E-13,-0.250000000000029));
#3691=CARTESIAN_POINT('',(-0.65499999999999,-0.270000000000003,-0.250000000000005));
#3692=CARTESIAN_POINT('',(-0.27000000000001,-0.270000000000003,-0.250000000000007));
#3693=CARTESIAN_POINT('',(-0.55,-0.270000000000003,-0.250000000000005));
#3694=CARTESIAN_POINT('',(-0.55,-0.4999999999999,-0.250000000000005));
#3695=CARTESIAN_POINT('',(-0.3125,-0.312499999999997,-0.250000000000007));
#3696=CARTESIAN_POINT('',(-0.27999999999998,-0.4999999999999,-0.250000000000005));
#3697=CARTESIAN_POINT('',(-0.55,-0.270000000000003,-1.11076448328627));
#3698=CARTESIAN_POINT('',(-0.27000000000001,-0.270000000000003,-0.805382241643136));
#3699=CARTESIAN_POINT('',(-1.03,-0.270000000000003,-1.11076448328627));
#3700=CARTESIAN_POINT('',(-0.55,-0.0999999999999994,0.249999999999978));
#3701=CARTESIAN_POINT('',(-0.55,-0.0999999999999994,0.224999999999906));
#3702=CARTESIAN_POINT('',(-0.1,-0.0999999999999994,-0.125000000000015));
#3703=CARTESIAN_POINT('',(-0.1,-0.0999999999999994,0.224999999999946));
#3704=CARTESIAN_POINT('',(0.83550000000002,-0.0999999999999994,0.224999999999923));
#3705=CARTESIAN_POINT('',(0.83550000000002,-0.0999999999999994,0.249999999999978));
#3706=CARTESIAN_POINT('',(-0.55,3.58123253274557E-15,0.224999999999902));
#3707=CARTESIAN_POINT('',(-0.55,0.099999999999999,0.224999999999926));
#3708=CARTESIAN_POINT('',(-0.20263274595048,-0.2026327459504,0.224999999999942));
#3709=CARTESIAN_POINT('',(-2.16840434497101E-16,3.46944695195361E-15,0.224999999999949));
#3710=CARTESIAN_POINT('',(-2.16840434497101E-16,0.1000000000001,0.224999999999914));
#3711=CARTESIAN_POINT('',(-2.16840434497101E-16,0.1000000000001,0.224999999999914));
#3712=CARTESIAN_POINT('',(-1.74,0.0999999999999994,0.224999999999926));
#3713=CARTESIAN_POINT('',(-0.14724999999997,3.46944695195361E-15,0.224999999999902));
#3714=CARTESIAN_POINT('',(-0.55,0.0999999999999991,0.249999999999957));
#3715=CARTESIAN_POINT('',(-2.16840434497101E-16,0.1000000000001,0.239897948556622));
#3716=CARTESIAN_POINT('',(-1.12999999999997,0.0999999999999994,0.249999999999957));
#3717=CARTESIAN_POINT('',(-0.34361526127747,3.46944695195361E-15,-1.51208595056101E-14));
#3718=CARTESIAN_POINT('',(-0.343615261277462,3.46944695195361E-15,-0.174718820290815));
#3719=CARTESIAN_POINT('',(-0.33814566422108,3.46944695195361E-15,-4.3841885476527E-15));
#3720=CARTESIAN_POINT('',(-0.338145664221078,-1.56500399622135E-15,-0.183000000000004));
#3721=CARTESIAN_POINT('',(-0.34088046274928,3.46944695195361E-15,-1.50005141397868E-14));
#3722=CARTESIAN_POINT('',(-0.34152059161699,3.46944695195361E-15,-1.50286831408902E-14));
#3723=CARTESIAN_POINT('',(-0.341520591616983,3.46944695195361E-15,-0.172669240889913));
#3724=CARTESIAN_POINT('',(-0.34256792644723,3.46944695195361E-15,-1.50747713232501E-14));
#3725=CARTESIAN_POINT('',(-0.33141221440206,3.46944695195361E-15,-4.29688678185671E-15));
#3726=CARTESIAN_POINT('',(-0.331412214402058,-1.56500399622135E-15,-0.183000000000004));
#3727=CARTESIAN_POINT('',(-0.33646640300955,3.46944695195361E-15,-1.48062725425841E-14));
#3728=CARTESIAN_POINT('',(-2.16840434497101E-16,3.46944695195361E-15,-6.16297582203915E-30));
#3729=CARTESIAN_POINT('',(-2.16840434497101E-16,3.46944695195361E-15,0.183));
#3730=CARTESIAN_POINT('',(-2.16840434497101E-16,3.46944695195361E-15,-0.183));
#3731=CARTESIAN_POINT('',(-2.16840434497101E-16,3.46944695195361E-15,-6.16297582203915E-30));
#3732=CARTESIAN_POINT('',(-2.16840434497101E-16,3.46944695195361E-15,-6.16297582203915E-30));
#3733=CARTESIAN_POINT('',(-1.01915004213637E-14,3.46944695195361E-15,-0.250000000000015));
#3734=CARTESIAN_POINT('',(-1.01915004213637E-14,3.46944695195361E-15,-0.250000000000001));
#3735=CARTESIAN_POINT('',(-2.16840434497101E-16,3.46944695195361E-15,-0.5));
#3736=CARTESIAN_POINT('',(-1.01915004213637E-14,0.254000000000001,5.5511151231301E-17));
#3737=CARTESIAN_POINT('',(-0.40814566422101,3.46944695195361E-15,-5.2917654614136E-15));
#3738=CARTESIAN_POINT('',(-0.408145664221008,-1.56500399622135E-15,-0.183000000000005));
#3739=CARTESIAN_POINT('',(-2.16840434497101E-16,3.46944695195361E-15,-6.16297582203915E-30));
#3740=CARTESIAN_POINT('',(-0.41822838475045,3.46944695195361E-15,-1.8404225189414E-14));
#3741=CARTESIAN_POINT('',(-0.418228384750443,3.46944695195361E-15,-0.172664126516088));
#3742=CARTESIAN_POINT('',(-0.41318702448574,3.46944695195361E-15,-1.818237910494E-14));
#3743=CARTESIAN_POINT('',(-0.42032452342193,3.46944695195361E-15,-1.84964661982615E-14));
#3744=CARTESIAN_POINT('',(-0.420324523421922,3.46944695195361E-15,-0.174713012670872));
#3745=CARTESIAN_POINT('',(-0.41927645408619,3.46944695195361E-15,-1.84503456938378E-14));
#3746=CARTESIAN_POINT('',(-0.41486913688993,3.46944695195361E-15,-5.37893786962231E-15));
#3747=CARTESIAN_POINT('',(-0.414869136889928,-1.56500399622135E-15,-0.183000000000005));
#3748=CARTESIAN_POINT('',(-0.41759683015593,3.46944695195361E-15,-1.83764335009471E-14));
#3749=CARTESIAN_POINT('',(-0.55,3.46944695195361E-15,-7.13096146527091E-15));
#3750=CARTESIAN_POINT('',(-0.549999999999997,-1.56500399622135E-15,-0.183000000000007));
#3751=CARTESIAN_POINT('',(-2.16840434497101E-16,3.46944695195361E-15,-6.16297582203915E-30));
#3752=CARTESIAN_POINT('',(-0.55,3.46944695195361E-15,-7.13318293321663E-15));
#3753=CARTESIAN_POINT('',(0.,0.37,0.));
#3754=CARTESIAN_POINT('',(0.,0.37,-0.05));
#3755=CARTESIAN_POINT('',(0.,0.37,0.42));
#3756=CARTESIAN_POINT('',(0.11585,0.37,0.42));
#3757=CARTESIAN_POINT('',(-0.14,0.37,0.56));
#3758=CARTESIAN_POINT('',(-0.14,0.37,-0.14));
#3759=CARTESIAN_POINT('',(-0.14,0.37,0.56));
#3760=CARTESIAN_POINT('',(0.14,0.37,0.56));
#3761=CARTESIAN_POINT('',(0.14,0.37,0.56));
#3762=CARTESIAN_POINT('',(0.14,0.37,-0.14));
#3763=CARTESIAN_POINT('',(0.14,0.37,-0.14));
#3764=CARTESIAN_POINT('',(-0.14,0.37,-0.14));
#3765=CARTESIAN_POINT('',(0.,0.37,0.42));
#3766=CARTESIAN_POINT('',(-0.14,3.663,-0.14));
#3767=CARTESIAN_POINT('',(-0.14,0.,-0.14));
#3768=CARTESIAN_POINT('',(-0.14,0.,0.56));
#3769=CARTESIAN_POINT('',(-0.14,0.,0.56));
#3770=CARTESIAN_POINT('',(-0.14,3.663,0.56));
#3771=CARTESIAN_POINT('',(-0.14,3.663,0.56));
#3772=CARTESIAN_POINT('',(0.14,3.663,-0.14));
#3773=CARTESIAN_POINT('',(0.14,0.,-0.14));
#3774=CARTESIAN_POINT('',(-0.14,0.,-0.14));
#3775=CARTESIAN_POINT('',(-0.14,3.663,-0.14));
#3776=CARTESIAN_POINT('',(0.14,3.663,0.56));
#3777=CARTESIAN_POINT('',(0.14,0.,0.56));
#3778=CARTESIAN_POINT('',(0.14,0.,-0.14));
#3779=CARTESIAN_POINT('',(0.14,3.663,-0.14));
#3780=CARTESIAN_POINT('',(0.14,0.,0.56));
#3781=CARTESIAN_POINT('',(0.14,3.663,0.56));
#3782=CARTESIAN_POINT('',(0.,0.,0.));
#3783=CARTESIAN_POINT('',(-0.11585,0.,0.));
#3784=CARTESIAN_POINT('',(0.11585,0.,7.09376658406104E-18));
#3785=CARTESIAN_POINT('',(0.,0.,0.));
#3786=CARTESIAN_POINT('',(0.,0.,0.));
#3787=CARTESIAN_POINT('',(0.06585,0.335,-1.65211759616839E-18));
#3788=CARTESIAN_POINT('',(0.06585,0.335,0.0825653284388716));
#3789=CARTESIAN_POINT('',(0.06585,0.335,0.301176601630823));
#3790=CARTESIAN_POINT('',(0.06585,0.335,0.0825653284388716));
#3791=CARTESIAN_POINT('',(0.0706520438132161,0.335,0.0795014313665367));
#3792=CARTESIAN_POINT('',(0.0752553551871534,0.334300565980107,0.0760583327972391));
#3793=CARTESIAN_POINT('',(0.0794506152656076,0.333114688655305,0.072392193424744));
#3794=CARTESIAN_POINT('',(0.086340969156979,0.331166987133389,0.0663708747891449));
#3795=CARTESIAN_POINT('',(0.0923016409017832,0.327867888797368,0.0596015591337976));
#3796=CARTESIAN_POINT('',(0.0970745804393906,0.324051575850201,0.0525176619198442));
#3797=CARTESIAN_POINT('',(0.103767756352171,0.318699894000402,0.0425837899678832));
#3798=CARTESIAN_POINT('',(0.108407780525667,0.311861900432626,0.0318065463305617));
#3799=CARTESIAN_POINT('',(0.110891538014151,0.306708520293188,0.02));
#3800=CARTESIAN_POINT('',(0.111871150083465,0.304675989578834,0.0153434120134732));
#3801=CARTESIAN_POINT('',(0.11253123069618,0.302929598966355,0.0103850126809299));
#3802=CARTESIAN_POINT('',(0.112799384037985,0.302197538732546,0.00526966184381655));
#3803=CARTESIAN_POINT('',(0.112890682132912,0.301948294385009,0.0035280397437));
#3804=CARTESIAN_POINT('',(0.112937138504586,0.301816699659859,0.00176173369909603));
#3805=CARTESIAN_POINT('',(0.112937138503858,0.301816699661899,4.58554748663797E-34));
#3806=CARTESIAN_POINT('',(0.112937138503858,0.301816699661899,4.58554748663797E-34));
#3807=CARTESIAN_POINT('',(0.06585,0.285,4.58554748663628E-34));
#3808=CARTESIAN_POINT('',(0.11585,0.285,0.));
#3809=CARTESIAN_POINT('',(0.11585,0.285,0.349049312899733));
#3810=CARTESIAN_POINT('',(0.11585,0.285,0.301176601630824));
#3811=CARTESIAN_POINT('',(0.06585,0.285,0.301176601630823));
#3812=CARTESIAN_POINT('',(0.06585,0.285,-1.65211759616839E-18));
#3813=CARTESIAN_POINT('',(-0.06585,0.285,1.65211759616839E-18));
#3814=CARTESIAN_POINT('',(-0.112937138503858,0.301816699661899,-4.59415513758485E-19));
#3815=CARTESIAN_POINT('',(-0.11585,0.285,0.));
#3816=CARTESIAN_POINT('',(-0.112937138503858,0.301816699661899,-4.59415513758485E-19));
#3817=CARTESIAN_POINT('',(-0.112937138503858,0.301816699661899,0.00485402551299835));
#3818=CARTESIAN_POINT('',(-0.112574001368661,0.302882585119604,0.00974047678102676));
#3819=CARTESIAN_POINT('',(-0.111909152851403,0.304456475493035,0.0142838686001813));
#3820=CARTESIAN_POINT('',(-0.110352278822165,0.308142050452835,0.0249231173076566));
#3821=CARTESIAN_POINT('',(-0.107136531413043,0.314041111079343,0.034562851888549));
#3822=CARTESIAN_POINT('',(-0.102412523191201,0.319105452612344,0.0435760158027258));
#3823=CARTESIAN_POINT('',(-0.0977659820691804,0.324086746057231,0.0524413764879812));
#3824=CARTESIAN_POINT('',(-0.0914626274338876,0.32873083995764,0.0609111318824428));
#3825=CARTESIAN_POINT('',(-0.0837401149155157,0.331689868154768,0.068434774709861));
#3826=CARTESIAN_POINT('',(-0.0784361076782734,0.333722199851925,0.0736021934627755));
#3827=CARTESIAN_POINT('',(-0.072323448429694,0.335,0.0784350080038386));
#3828=CARTESIAN_POINT('',(-0.06585,0.335,0.0825653284388716));
#3829=CARTESIAN_POINT('',(-0.06585,0.335,0.0825653284388716));
#3830=CARTESIAN_POINT('',(-0.06585,0.335,0.349049312899733));
#3831=CARTESIAN_POINT('',(-0.06585,0.335,0.301176601630823));
#3832=CARTESIAN_POINT('',(-0.06585,0.285,0.301176601630823));
#3833=CARTESIAN_POINT('',(-0.11585,0.285,0.301176601630823));
#3834=CARTESIAN_POINT('',(-0.11585,0.285,-1.65211759616839E-18));
#3835=CARTESIAN_POINT('',(-0.06585,0.285,0.42));
#3836=CARTESIAN_POINT('',(0.,0.301816699661899,0.));
#3837=CARTESIAN_POINT('',(0.,0.285,0.));
#3838=CARTESIAN_POINT('',(0.,0.285,0.));
#3839=CARTESIAN_POINT('',(0.235,0.1,0.333125322267253));
#3840=CARTESIAN_POINT('',(-0.06585,0.1,0.333125322267253));
#3841=CARTESIAN_POINT('',(0.06585,0.1,0.333125322267253));
#3842=CARTESIAN_POINT('',(0.06585,0.1,0.333125322267253));
#3843=CARTESIAN_POINT('',(0.06585,0.1,0.205560210157511));
#3844=CARTESIAN_POINT('',(0.,0.1,0.));
#3845=CARTESIAN_POINT('',(-0.06585,0.1,0.205560210157511));
#3846=CARTESIAN_POINT('',(-0.06585,0.1,0.182126329782379));
#3847=CARTESIAN_POINT('',(0.,0.1,0.42));
#3848=CARTESIAN_POINT('',(-0.11585,0.1,0.));
#3849=CARTESIAN_POINT('',(0.11585,0.1,0.));
#3850=CARTESIAN_POINT('',(0.,0.335,0.));
#3851=CARTESIAN_POINT('',(0.,0.335,0.));
#3852=CARTESIAN_POINT('',(0.,0.335,0.42));
#3853=CARTESIAN_POINT('',(0.,0.335,0.));
#3854=CARTESIAN_POINT('',(-0.11585,0.1,0.42));
#3855=CARTESIAN_POINT('',(-0.11585,0.355,0.42));
#3856=CARTESIAN_POINT('',(-0.11585,0.177749814347947,0.42));
#3857=CARTESIAN_POINT('',(0.,0.355,0.42));
#3858=CARTESIAN_POINT('',(0.11585,0.355,0.42));
#3859=CARTESIAN_POINT('',(0.11585,0.1,0.42));
#3860=CARTESIAN_POINT('',(0.11585,0.177749814347947,0.42));
#3861=CARTESIAN_POINT('',(0.11585,0.177749814347947,0.42));
#3862=CARTESIAN_POINT('',(0.11585,0.181776874877531,0.429350514176547));
#3863=CARTESIAN_POINT('',(0.114710840470009,0.186467472442628,0.43847598789318));
#3864=CARTESIAN_POINT('',(0.112635263974496,0.191460746109263,0.447102025927881));
#3865=CARTESIAN_POINT('',(0.108484894328785,0.201445408926334,0.464350846436001));
#3866=CARTESIAN_POINT('',(0.100392275945829,0.213029259394168,0.480073456103058));
#3867=CARTESIAN_POINT('',(0.090143794841626,0.225204405017055,0.492768940843954));
#3868=CARTESIAN_POINT('',(0.0799241342463058,0.237345312015798,0.50542872367673));
#3869=CARTESIAN_POINT('',(0.067310254107546,0.250498966591456,0.515850550464862));
#3870=CARTESIAN_POINT('',(0.0519092004905795,0.261238489596188,0.5235695776009));
#3871=CARTESIAN_POINT('',(0.0447709668808248,0.266216150603787,0.527147269121717));
#3872=CARTESIAN_POINT('',(0.0369089730266756,0.270790505204614,0.530162970056345));
#3873=CARTESIAN_POINT('',(0.0284057543924483,0.27419661783826,0.532313559365715));
#3874=CARTESIAN_POINT('',(0.02340214269221,0.276200901834609,0.533579046505779));
#3875=CARTESIAN_POINT('',(0.0181153693083794,0.277808727877098,0.534554457943491));
#3876=CARTESIAN_POINT('',(0.0127013756640841,0.278802107049602,0.535151628543585));
#3877=CARTESIAN_POINT('',(0.00818918823455641,0.279630019549952,0.535649328735359));
#3878=CARTESIAN_POINT('',(0.00353793292194888,0.280034996613338,0.535887847945561));
#3879=CARTESIAN_POINT('',(-0.00107573539473653,0.279962822001514,0.535845005474386));
#3880=CARTESIAN_POINT('',(-0.00634784147816566,0.279880347019797,0.535796048757646));
#3881=CARTESIAN_POINT('',(-0.0116434250895385,0.279170494488103,0.535377504034616));
#3882=CARTESIAN_POINT('',(-0.0167195631329533,0.277950241906008,0.534637161115596));
#3883=CARTESIAN_POINT('',(-0.0213770646395549,0.276830625341027,0.533957875361102));
#3884=CARTESIAN_POINT('',(-0.0259080817979499,0.275279524584292,0.533004566544488));
#3885=CARTESIAN_POINT('',(-0.0302294134494848,0.27344403328333,0.53183651041811));
#3886=CARTESIAN_POINT('',(-0.0400057317456616,0.269291529232477,0.529193971173243));
#3887=CARTESIAN_POINT('',(-0.0489052581509476,0.263663539920247,0.525417961898963));
#3888=CARTESIAN_POINT('',(-0.0568641222344867,0.257634092413296,0.520934107726285));
#3889=CARTESIAN_POINT('',(-0.0642311820430245,0.252052981851549,0.516783663452309));
#3890=CARTESIAN_POINT('',(-0.070920514664593,0.246017511944313,0.511958584525513));
#3891=CARTESIAN_POINT('',(-0.0769421772907336,0.23987175041544,0.506609028708105));
#3892=CARTESIAN_POINT('',(-0.0902031494612268,0.226337486266021,0.494828177600441));
#3893=CARTESIAN_POINT('',(-0.101080105375387,0.21251563523623,0.479691561075491));
#3894=CARTESIAN_POINT('',(-0.107955277909819,0.200735547143799,0.462034277339022));
#3895=CARTESIAN_POINT('',(-0.112942486547005,0.192190342381714,0.449225790349242));
#3896=CARTESIAN_POINT('',(-0.11585,0.184151792671137,0.434864884356548));
#3897=CARTESIAN_POINT('',(-0.11585,0.177749814347947,0.42));
#3898=CARTESIAN_POINT('',(0.,0.1,0.42));
#3899=CARTESIAN_POINT('',(0.11585,0.,7.09376658406104E-18));
#3900=CARTESIAN_POINT('',(0.11585,2.15240485796674E-5,1.42612060993801E-5));
#3901=CARTESIAN_POINT('',(0.11585,4.30480981695712E-5,2.85224106740312E-5));
#3902=CARTESIAN_POINT('',(0.11585,6.45721457390206E-5,4.27836182980984E-5));
#3903=CARTESIAN_POINT('',(0.11585,0.00445020858264989,0.00294857871044582));
#3904=CARTESIAN_POINT('',(0.11585,0.00883580571066709,0.00585449406623355));
#3905=CARTESIAN_POINT('',(0.11585,0.0132086359795198,0.00877952526506122));
#3906=CARTESIAN_POINT('',(0.11585,0.0175810238915352,0.0117042605668449));
#3907=CARTESIAN_POINT('',(0.11585,0.021940773435617,0.0146482159326036));
#3908=CARTESIAN_POINT('',(0.11585,0.0262746607759103,0.0176297043461788));
#3909=CARTESIAN_POINT('',(0.11585,0.0349291872851414,0.0235835671225256));
#3910=CARTESIAN_POINT('',(0.11585,0.0434846674630663,0.0296911535456256));
#3911=CARTESIAN_POINT('',(0.11585,0.0518232492422488,0.0360800004658795));
#3912=CARTESIAN_POINT('',(0.11585,0.0756085575161775,0.0543038060886236));
#3913=CARTESIAN_POINT('',(0.11585,0.0979604962570208,0.0753490501668772));
#3914=CARTESIAN_POINT('',(0.11585,0.115105865269244,0.0999231076766999));
#3915=CARTESIAN_POINT('',(0.11585,0.126148869445811,0.115750787997999));
#3916=CARTESIAN_POINT('',(0.11585,0.13519709379572,0.133262016137534));
#3917=CARTESIAN_POINT('',(0.11585,0.141219197282269,0.151597710157511));
#3918=CARTESIAN_POINT('',(0.11585,0.146905788737551,0.168911859801994));
#3919=CARTESIAN_POINT('',(0.11585,0.15,0.187336129925827));
#3920=CARTESIAN_POINT('',(0.11585,0.15,0.205560210157511));
#3921=CARTESIAN_POINT('',(0.11585,0.15,0.205560210157511));
#3922=CARTESIAN_POINT('',(0.11585,0.15,0.182126329782379));
#3923=CARTESIAN_POINT('',(0.11585,0.15,0.333110432310255));
#3924=CARTESIAN_POINT('',(0.11585,0.15,0.333110432310255));
#3925=CARTESIAN_POINT('',(0.11585,0.150009751292535,0.348403254480564));
#3926=CARTESIAN_POINT('',(0.11585,0.152253191924152,0.363882887510069));
#3927=CARTESIAN_POINT('',(0.11585,0.156812273175453,0.378480328490065));
#3928=CARTESIAN_POINT('',(0.11585,0.16143313183523,0.393275570742823));
#3929=CARTESIAN_POINT('',(0.11585,0.168389074983233,0.407645725977731));
#3930=CARTESIAN_POINT('',(0.11585,0.177749814347947,0.42));
#3931=CARTESIAN_POINT('',(0.11585,0.355,0.42));
#3932=CARTESIAN_POINT('',(0.11585,0.354987338739523,0.419987719788509));
#3933=CARTESIAN_POINT('',(0.11585,0.354974677478119,0.419975439577974));
#3934=CARTESIAN_POINT('',(0.11585,0.354962016218568,0.419963159365528));
#3935=CARTESIAN_POINT('',(0.11585,0.340504012464314,0.405940276654187));
#3936=CARTESIAN_POINT('',(0.11585,0.325950830191087,0.391803627808532));
#3937=CARTESIAN_POINT('',(0.11585,0.313727877909302,0.375795050432286));
#3938=CARTESIAN_POINT('',(0.11585,0.304309493001061,0.363459655505848));
#3939=CARTESIAN_POINT('',(0.11585,0.296179470377176,0.349782061879068));
#3940=CARTESIAN_POINT('',(0.11585,0.291036352894626,0.335139101630824));
#3941=CARTESIAN_POINT('',(0.11585,0.287225967472948,0.324290560361946));
#3942=CARTESIAN_POINT('',(0.11585,0.285,0.312674857356118));
#3943=CARTESIAN_POINT('',(0.11585,0.285,0.301176601630824));
#3944=CARTESIAN_POINT('',(0.11585,0.1,0.));
#3945=CARTESIAN_POINT('',(-0.11585,0.177749814347947,0.42));
#3946=CARTESIAN_POINT('',(-0.11585,0.168389074983217,0.407645725977743));
#3947=CARTESIAN_POINT('',(-0.11585,0.16143313183523,0.393275570742823));
#3948=CARTESIAN_POINT('',(-0.11585,0.156812273175453,0.378480328490065));
#3949=CARTESIAN_POINT('',(-0.11585,0.152253191924152,0.36388288751007));
#3950=CARTESIAN_POINT('',(-0.11585,0.150009751292535,0.348403254480564));
#3951=CARTESIAN_POINT('',(-0.11585,0.15,0.333110432310255));
#3952=CARTESIAN_POINT('',(-0.11585,0.15,0.333110432310255));
#3953=CARTESIAN_POINT('',(-0.11585,0.15,0.333125322267253));
#3954=CARTESIAN_POINT('',(-0.11585,0.15,0.205560210157511));
#3955=CARTESIAN_POINT('',(-0.11585,0.15,0.205560210157511));
#3956=CARTESIAN_POINT('',(-0.11585,0.15,0.187336129925827));
#3957=CARTESIAN_POINT('',(-0.11585,0.146905788737551,0.168911859801994));
#3958=CARTESIAN_POINT('',(-0.11585,0.141219197282269,0.151597710157511));
#3959=CARTESIAN_POINT('',(-0.11585,0.13519709379572,0.133262016137534));
#3960=CARTESIAN_POINT('',(-0.11585,0.126148869445811,0.115750787997999));
#3961=CARTESIAN_POINT('',(-0.11585,0.115105865269244,0.0999231076766999));
#3962=CARTESIAN_POINT('',(-0.11585,0.0979604962570208,0.0753490501668772));
#3963=CARTESIAN_POINT('',(-0.11585,0.0756085575161776,0.0543038060886237));
#3964=CARTESIAN_POINT('',(-0.11585,0.0518232492422489,0.0360800004658796));
#3965=CARTESIAN_POINT('',(-0.11585,0.0434846674630667,0.029691153545626));
#3966=CARTESIAN_POINT('',(-0.11585,0.0349291872851421,0.0235835671225262));
#3967=CARTESIAN_POINT('',(-0.11585,0.0262746607759113,0.0176297043461797));
#3968=CARTESIAN_POINT('',(-0.11585,0.0219407734356179,0.0146482159326044));
#3969=CARTESIAN_POINT('',(-0.11585,0.017581023891536,0.0117042605668456));
#3970=CARTESIAN_POINT('',(-0.11585,0.0132086359795205,0.00877952526506192));
#3971=CARTESIAN_POINT('',(-0.11585,0.00883580571066746,0.00585449406623414));
#3972=CARTESIAN_POINT('',(-0.11585,0.00445020858475966,0.00294857870726199));
#3973=CARTESIAN_POINT('',(-0.11585,6.45721457074145E-5,4.27836183456164E-5));
#3974=CARTESIAN_POINT('',(-0.11585,4.3048098127484E-5,2.8522410737427E-5));
#3975=CARTESIAN_POINT('',(-0.11585,2.15240485691319E-5,1.42612061152149E-5));
#3976=CARTESIAN_POINT('',(-0.11585,0.,0.));
#3977=CARTESIAN_POINT('',(-0.11585,0.285,0.301176601630823));
#3978=CARTESIAN_POINT('',(-0.11585,0.285,0.312674857356118));
#3979=CARTESIAN_POINT('',(-0.11585,0.287225967472948,0.324290560361946));
#3980=CARTESIAN_POINT('',(-0.11585,0.291036352894626,0.335139101630823));
#3981=CARTESIAN_POINT('',(-0.11585,0.296179470377176,0.349782061879068));
#3982=CARTESIAN_POINT('',(-0.11585,0.304309493001061,0.363459655505848));
#3983=CARTESIAN_POINT('',(-0.11585,0.313727877909302,0.375795050432286));
#3984=CARTESIAN_POINT('',(-0.11585,0.325950830191087,0.391803627808532));
#3985=CARTESIAN_POINT('',(-0.11585,0.340504012463658,0.405940276654864));
#3986=CARTESIAN_POINT('',(-0.11585,0.35496201621857,0.419963159365526));
#3987=CARTESIAN_POINT('',(-0.11585,0.354974677478121,0.419975439577972));
#3988=CARTESIAN_POINT('',(-0.11585,0.354987338739523,0.419987719788509));
#3989=CARTESIAN_POINT('',(-0.11585,0.355,0.42));
#3990=CARTESIAN_POINT('',(-0.11585,0.1,0.42));
#3991=CARTESIAN_POINT('',(0.06585,0.1,0.205560210157511));
#3992=CARTESIAN_POINT('',(0.067661134248932,0.1,0.192512221534324));
#3993=CARTESIAN_POINT('',(0.0698926441553634,0.0978253179956109,0.179421413776305));
#3994=CARTESIAN_POINT('',(0.0725656257094788,0.0941461315215126,0.167058203397175));
#3995=CARTESIAN_POINT('',(0.07562938256625,0.0899290680816232,0.15288755919185));
#3996=CARTESIAN_POINT('',(0.0793472861287292,0.083715126645353,0.139425287149903));
#3997=CARTESIAN_POINT('',(0.0834915204467521,0.0767372435128293,0.12669297171894));
#3998=CARTESIAN_POINT('',(0.0911273340333668,0.0638803896912639,0.103233490498487));
#3999=CARTESIAN_POINT('',(0.100391659433535,0.0487871078682759,0.0815949123913827));
#4000=CARTESIAN_POINT('',(0.106999289343388,0.0345488328281659,0.0586261869302688));
#4001=CARTESIAN_POINT('',(0.109660717444687,0.0288139254827536,0.0493748196129056));
#4002=CARTESIAN_POINT('',(0.111873702289417,0.0231342207553592,0.0399347850026584));
#4003=CARTESIAN_POINT('',(0.113402253697784,0.0175164405172735,0.0303606409245604));
#4004=CARTESIAN_POINT('',(0.114195253405684,0.0146019830358568,0.0253936549169192));
#4005=CARTESIAN_POINT('',(0.114807000257111,0.0116993402756684,0.020386764956365));
#4006=CARTESIAN_POINT('',(0.115218914809819,0.00880575731967991,0.0153616913224866));
#4007=CARTESIAN_POINT('',(0.115635747345248,0.00587762692931488,0.0102766216891003));
#4008=CARTESIAN_POINT('',(0.115848329052629,0.00295521349708849,0.00516716814900435));
#4009=CARTESIAN_POINT('',(0.115849990131149,3.47028532466766E-5,6.06776768714786E-5));
#4010=CARTESIAN_POINT('',(0.115849996710382,2.31352352688095E-5,4.04517855144976E-5));
#4011=CARTESIAN_POINT('',(0.11585,1.15676178641667E-5,2.02258924920877E-5));
#4012=CARTESIAN_POINT('',(0.11585,0.,7.09376658406104E-18));
#4013=CARTESIAN_POINT('',(-0.11585,0.,0.));
#4014=CARTESIAN_POINT('',(-0.11585,1.15676178472261E-5,2.02258925074867E-5));
#4015=CARTESIAN_POINT('',(-0.115849996710382,2.31352351961193E-5,4.04517855674983E-5));
#4016=CARTESIAN_POINT('',(-0.115849990131149,3.47028531958549E-5,6.06776769176897E-5));
#4017=CARTESIAN_POINT('',(-0.115848329052629,0.00295521350193456,0.00516716814624473));
#4018=CARTESIAN_POINT('',(-0.115635747345248,0.00587762692931751,0.0102766216891055));
#4019=CARTESIAN_POINT('',(-0.115218914809819,0.00880575731968036,0.0153616913224879));
#4020=CARTESIAN_POINT('',(-0.114807000257111,0.0116993402756689,0.0203867649563662));
#4021=CARTESIAN_POINT('',(-0.114195253405684,0.0146019830358573,0.0253936549169205));
#4022=CARTESIAN_POINT('',(-0.113402253697784,0.0175164405172742,0.0303606409245618));
#4023=CARTESIAN_POINT('',(-0.111873702289417,0.0231342207553597,0.0399347850026594));
#4024=CARTESIAN_POINT('',(-0.109660717444687,0.0288139254827539,0.0493748196129062));
#4025=CARTESIAN_POINT('',(-0.106999289343388,0.034548832828166,0.058626186930269));
#4026=CARTESIAN_POINT('',(-0.100391659433535,0.0487871078682759,0.0815949123913828));
#4027=CARTESIAN_POINT('',(-0.0911273340333667,0.0638803896912639,0.103233490498487));
#4028=CARTESIAN_POINT('',(-0.083491520446752,0.0767372435128293,0.12669297171894));
#4029=CARTESIAN_POINT('',(-0.0793472861287291,0.0837151266453531,0.139425287149903));
#4030=CARTESIAN_POINT('',(-0.07562938256625,0.0899290680816232,0.15288755919185));
#4031=CARTESIAN_POINT('',(-0.0725656257094787,0.0941461315215126,0.167058203397175));
#4032=CARTESIAN_POINT('',(-0.0698926441553634,0.0978253179956109,0.179421413776305));
#4033=CARTESIAN_POINT('',(-0.067661134248932,0.1,0.192512221534324));
#4034=CARTESIAN_POINT('',(-0.06585,0.1,0.205560210157511));
#4035=CARTESIAN_POINT('',(0.,5.55111512312578E-17,0.));
#4036=CARTESIAN_POINT('',(0.06585,0.335,0.301176601630823));
#4037=CARTESIAN_POINT('',(0.0699010997147314,0.335,0.307243688637646));
#4038=CARTESIAN_POINT('',(0.074155263749227,0.335773521795567,0.313165725321491));
#4039=CARTESIAN_POINT('',(0.0783023379477518,0.336724672255608,0.319091773080439));
#4040=CARTESIAN_POINT('',(0.0860123255825068,0.33849299322954,0.330109119951328));
#4041=CARTESIAN_POINT('',(0.0933895555165713,0.340899716706143,0.341339037041057));
#4042=CARTESIAN_POINT('',(0.0993802676860307,0.343207965116943,0.35328626087947));
#4043=CARTESIAN_POINT('',(0.107547169279495,0.346354709125173,0.369573439873117));
#4044=CARTESIAN_POINT('',(0.113217037069451,0.34952865035992,0.387509746591059));
#4045=CARTESIAN_POINT('',(0.115104219450335,0.352590114348092,0.405646407253159));
#4046=CARTESIAN_POINT('',(0.115597668377454,0.353390607260532,0.410388670553146));
#4047=CARTESIAN_POINT('',(0.115847606832405,0.354190062679625,0.415162861712959));
#4048=CARTESIAN_POINT('',(0.115849982828441,0.354988459810266,0.419931079234148));
#4049=CARTESIAN_POINT('',(0.115849994276146,0.354992306540292,0.419954052820607));
#4050=CARTESIAN_POINT('',(0.11585,0.354996153269972,0.419977026410689));
#4051=CARTESIAN_POINT('',(0.11585,0.355,0.42));
#4052=CARTESIAN_POINT('',(-0.11585,0.355,0.42));
#4053=CARTESIAN_POINT('',(-0.11585,0.354996153269972,0.419977026410689));
#4054=CARTESIAN_POINT('',(-0.115849994276146,0.354992306540291,0.419954052820607));
#4055=CARTESIAN_POINT('',(-0.115849982828441,0.354988459810265,0.419931079234148));
#4056=CARTESIAN_POINT('',(-0.115847606832405,0.354190062679643,0.415162861712956));
#4057=CARTESIAN_POINT('',(-0.115597668377454,0.353390607260532,0.410388670553146));
#4058=CARTESIAN_POINT('',(-0.115104219450335,0.352590114348092,0.405646407253159));
#4059=CARTESIAN_POINT('',(-0.113217037069451,0.34952865035992,0.387509746591059));
#4060=CARTESIAN_POINT('',(-0.107547169279495,0.346354709125173,0.369573439873117));
#4061=CARTESIAN_POINT('',(-0.0993802676860306,0.343207965116943,0.35328626087947));
#4062=CARTESIAN_POINT('',(-0.0933895555165713,0.340899716706143,0.341339037041057));
#4063=CARTESIAN_POINT('',(-0.0860123255825067,0.33849299322954,0.330109119951328));
#4064=CARTESIAN_POINT('',(-0.0783023379477517,0.336724672255608,0.319091773080439));
#4065=CARTESIAN_POINT('',(-0.074155263749227,0.335773521795567,0.313165725321491));
#4066=CARTESIAN_POINT('',(-0.0699010997147314,0.335,0.307243688637646));
#4067=CARTESIAN_POINT('',(-0.06585,0.335,0.301176601630823));
#4068=CARTESIAN_POINT('',(0.,0.355,0.42));
#4069=CARTESIAN_POINT('',(-0.06585,0.137897444239005,0.450195837406833));
#4070=CARTESIAN_POINT('',(-0.06585,0.146794767414441,0.461938496217353));
#4071=CARTESIAN_POINT('',(-0.0642059278317136,0.157305591104721,0.472577202558115));
#4072=CARTESIAN_POINT('',(-0.0613625813583216,0.168309151566128,0.481952139018316));
#4073=CARTESIAN_POINT('',(-0.0579007736784863,0.181706115484278,0.493366234113514));
#4074=CARTESIAN_POINT('',(-0.0527927258373327,0.196320570700814,0.503041746092525));
#4075=CARTESIAN_POINT('',(-0.0467141429987436,0.211304441582301,0.510805686172145));
#4076=CARTESIAN_POINT('',(-0.06585,0.137897444239005,0.450195837406833));
#4077=CARTESIAN_POINT('',(-0.0467141429987436,0.211304441582301,0.510805686172145));
#4078=CARTESIAN_POINT('',(-0.0467141429987436,0.211304441582301,0.510805686172145));
#4079=CARTESIAN_POINT('',(-0.0457572657113472,0.213438912843451,0.511911668168131));
#4080=CARTESIAN_POINT('',(-0.044764723197291,0.215571495342423,0.512991424931879));
#4081=CARTESIAN_POINT('',(-0.0437345047440208,0.217698837533717,0.514043966153371));
#4082=CARTESIAN_POINT('',(-0.0403842262514781,0.22461697102972,0.5174668384633));
#4083=CARTESIAN_POINT('',(-0.0366442253870963,0.231517065459698,0.520615425932304));
#4084=CARTESIAN_POINT('',(-0.0323219892027704,0.238166762151177,0.523426262137857));
#4085=CARTESIAN_POINT('',(-0.0280782818510652,0.244695643390608,0.526186029480791));
#4086=CARTESIAN_POINT('',(-0.0232652232799083,0.251179394269546,0.528685656100806));
#4087=CARTESIAN_POINT('',(-0.0171826230094828,0.256436534573092,0.530587262761419));
#4088=CARTESIAN_POINT('',(-0.0148604041078038,0.258443608856936,0.531313259331061));
#4089=CARTESIAN_POINT('',(-0.0123046224929446,0.26027873211169,0.531956122844467));
#4090=CARTESIAN_POINT('',(-0.00950352380064715,0.261649334771876,0.532428788996432));
#4091=CARTESIAN_POINT('',(-0.00911251958499503,0.261840656634112,0.532494768270394));
#4092=CARTESIAN_POINT('',(-0.00871636402883927,0.262022949372077,0.532557457169581));
#4093=CARTESIAN_POINT('',(-0.00831544514512708,0.26219505059896,0.532616506577775));
#4094=CARTESIAN_POINT('',(-0.00590813898074714,0.263228427576708,0.53297106708895));
#4095=CARTESIAN_POINT('',(-0.00325357984195237,0.263893846312501,0.533194768257276));
#4096=CARTESIAN_POINT('',(-0.000611455983974107,0.263977987055485,0.533223157652454));
#4097=CARTESIAN_POINT('',(-0.000220777548076554,0.263990428551657,0.533227355458879));
#4098=CARTESIAN_POINT('',(0.000170526839270841,0.263990941405941,0.533227528438132));
#4099=CARTESIAN_POINT('',(0.000561239993148555,0.263979520567336,0.533223675061222));
#4100=CARTESIAN_POINT('',(0.00282950911331525,0.263913217359274,0.533201304440302));
#4101=CARTESIAN_POINT('',(0.00510868229841317,0.263423354615225,0.53303652633615));
#4102=CARTESIAN_POINT('',(0.00721955621475992,0.262634952127877,0.532767130365851));
#4103=CARTESIAN_POINT('',(0.0104943093352675,0.26141184567625,0.532349196690346));
#4104=CARTESIAN_POINT('',(0.0134847293007528,0.259476326426972,0.531679437636944));
#4105=CARTESIAN_POINT('',(0.0161460416637266,0.257307005175843,0.530900895560051));
#4106=CARTESIAN_POINT('',(0.0214064313619308,0.253019092445155,0.529362017682397));
#4107=CARTESIAN_POINT('',(0.0256994211891538,0.247721622034936,0.52735923649752));
#4108=CARTESIAN_POINT('',(0.0295055749012055,0.242328591337445,0.525155953878004));
#4109=CARTESIAN_POINT('',(0.0364827496060616,0.232442464761448,0.521117050322465));
#4110=CARTESIAN_POINT('',(0.0419965451740739,0.221827814966801,0.516258400252742));
#4111=CARTESIAN_POINT('',(0.0467141429987436,0.211304441582301,0.510805686172145));
#4112=CARTESIAN_POINT('',(0.0467141429987436,0.211304441582301,0.510805686172145));
#4113=CARTESIAN_POINT('',(0.0467141429987436,0.211304441582301,0.510805686172145));
#4114=CARTESIAN_POINT('',(0.0482965306500443,0.207403813281075,0.508784563283198));
#4115=CARTESIAN_POINT('',(0.049806714077809,0.203534301189307,0.506641106004594));
#4116=CARTESIAN_POINT('',(0.0512384021607343,0.199710869132258,0.504374958151103));
#4117=CARTESIAN_POINT('',(0.056970170074088,0.184403746411294,0.495302427822419));
#4118=CARTESIAN_POINT('',(0.0615761865819342,0.169652937276413,0.48406612632642));
#4119=CARTESIAN_POINT('',(0.064022720178857,0.156428996907315,0.471080986725871));
#4120=CARTESIAN_POINT('',(0.0652433666343145,0.149831190133264,0.464602324570171));
#4121=CARTESIAN_POINT('',(0.0658499999999728,0.143530213508039,0.45762994836151));
#4122=CARTESIAN_POINT('',(0.06585,0.137897444239005,0.450195837406833));
#4123=CARTESIAN_POINT('',(0.06585,0.137897444239005,0.450195837406833));
#4124=CARTESIAN_POINT('',(0.06585,0.137897444239005,0.450195837406833));
#4125=CARTESIAN_POINT('',(0.06585,0.13636848136918,0.448177917077282));
#4126=CARTESIAN_POINT('',(0.06585,0.134883196477564,0.446126140126987));
#4127=CARTESIAN_POINT('',(0.06585,0.13344391094463,0.444043308624343));
#4128=CARTESIAN_POINT('',(0.06585,0.122792389947802,0.428629186147859));
#4129=CARTESIAN_POINT('',(0.06585,0.114671492431362,0.411270642144321));
#4130=CARTESIAN_POINT('',(0.06585,0.109085837040842,0.393386276762114));
#4131=CARTESIAN_POINT('',(0.06585,0.103029842093003,0.373995960169403));
#4132=CARTESIAN_POINT('',(0.06585,0.100011350650904,0.353439340174515));
#4133=CARTESIAN_POINT('',(0.06585,0.1,0.333125322267253));
#4134=CARTESIAN_POINT('',(-0.06585,0.1,0.333125322267253));
#4135=CARTESIAN_POINT('',(-0.06585,0.100011350650904,0.353439340174515));
#4136=CARTESIAN_POINT('',(-0.06585,0.103029842093003,0.373995960169403));
#4137=CARTESIAN_POINT('',(-0.06585,0.109085837040843,0.393386276762114));
#4138=CARTESIAN_POINT('',(-0.06585,0.115415697416122,0.413653466170538));
#4139=CARTESIAN_POINT('',(-0.06585,0.125074681727734,0.433272396253598));
#4140=CARTESIAN_POINT('',(-0.06585,0.137897444239005,0.450195837406833));
#4141=CARTESIAN_POINT('',(0.235,0.35,0.55125));
#4142=CARTESIAN_POINT('',(0.235,0.276547311009544,0.544611465473481));
#4143=CARTESIAN_POINT('',(0.235,0.176807216585161,0.492930850423812));
#4144=CARTESIAN_POINT('',(0.235,0.130081806784769,0.443397821303245));
#4145=CARTESIAN_POINT('',(0.235,0.100024547594821,0.377057629321741));
#4146=CARTESIAN_POINT('',(0.235,0.1,0.333125322267253));
#4147=CARTESIAN_POINT('',(0.11585,0.355,0.42));
#4148=CARTESIAN_POINT('',(0.11585,0.355,0.42));
#4149=CARTESIAN_POINT('',(0.11585,0.355,0.42));
#4150=CARTESIAN_POINT('',(0.11585,0.344838761919992,0.359312252706308));
#4151=CARTESIAN_POINT('',(0.115849999998876,0.332310947680186,0.372776007006497));
#4152=CARTESIAN_POINT('',(0.11585,0.321882205164035,0.387880674054565));
#4153=CARTESIAN_POINT('',(0.0778765148504085,0.335,0.31918762529859));
#4154=CARTESIAN_POINT('',(0.11585,0.319801716080729,0.323936130004841));
#4155=CARTESIAN_POINT('',(0.11585,0.28500205394564,0.350656995752731));
#4156=CARTESIAN_POINT('',(0.06585,0.335,0.301176601630824));
#4157=CARTESIAN_POINT('',(0.11585,0.335,0.301176601630824));
#4158=CARTESIAN_POINT('',(0.11585,0.285,0.301176601630824));
#4159=CARTESIAN_POINT('',(-0.11585,0.355,0.42));
#4160=CARTESIAN_POINT('',(-0.11585,0.355,0.42));
#4161=CARTESIAN_POINT('',(-0.11585,0.355,0.42));
#4162=CARTESIAN_POINT('',(-0.11585,0.32188220516394,0.387880674054787));
#4163=CARTESIAN_POINT('',(-0.115849999998876,0.332310947680068,0.372776007006592));
#4164=CARTESIAN_POINT('',(-0.11585,0.3448387619199,0.359312252706334));
#4165=CARTESIAN_POINT('',(-0.11585,0.28500205394564,0.350656995752565));
#4166=CARTESIAN_POINT('',(-0.11585,0.319801716080785,0.323936130004763));
#4167=CARTESIAN_POINT('',(-0.0778765148503987,0.335,0.319187625298577));
#4168=CARTESIAN_POINT('',(-0.11585,0.285,0.301176601630823));
#4169=CARTESIAN_POINT('',(-0.11585,0.335,0.301176601630823));
#4170=CARTESIAN_POINT('',(-0.06585,0.335,0.301176601630823));
#4171=CARTESIAN_POINT('',(0.06585,0.15,0.205560210157511));
#4172=CARTESIAN_POINT('',(0.11585,5.55111512312578E-17,3.82795647032215E-18));
#4173=CARTESIAN_POINT('',(0.11585,5.55111512312578E-17,3.82795647032215E-18));
#4174=CARTESIAN_POINT('',(0.11585,5.55111512312578E-17,3.82795647032215E-18));
#4175=CARTESIAN_POINT('',(0.11585,0.0500824309544662,0.087570382565696));
#4176=CARTESIAN_POINT('',(0.115849999990701,0.066504397733508,0.0729497120792327));
#4177=CARTESIAN_POINT('',(0.11585,0.0730743633379819,0.0484156969341235));
#4178=CARTESIAN_POINT('',(0.0742916134668939,0.1,0.14474278962452));
#4179=CARTESIAN_POINT('',(0.11585,0.108946174759408,0.14110795896434));
#4180=CARTESIAN_POINT('',(0.11585,0.14999918011333,0.109083355332257));
#4181=CARTESIAN_POINT('',(0.06585,0.1,0.205560210157511));
#4182=CARTESIAN_POINT('',(0.11585,0.1,0.205560210157511));
#4183=CARTESIAN_POINT('',(0.11585,0.15,0.205560210157511));
#4184=CARTESIAN_POINT('',(0.11585,0.15,0.333110432310255));
#4185=CARTESIAN_POINT('',(0.115849999999998,0.149409561546708,0.333110620051379));
#4186=CARTESIAN_POINT('',(0.115839538191311,0.148819030488634,0.333110808316759));
#4187=CARTESIAN_POINT('',(0.115818624418958,0.148228962542138,0.33311099544522));
#4188=CARTESIAN_POINT('',(0.115709041764198,0.145137162030405,0.333111975949038));
#4189=CARTESIAN_POINT('',(0.11530955598564,0.142042389770859,0.333112943570058));
#4190=CARTESIAN_POINT('',(0.114630424506343,0.139024108920868,0.333113875435926));
#4191=CARTESIAN_POINT('',(0.113401961198024,0.133564419020684,0.333115561063912));
#4192=CARTESIAN_POINT('',(0.111213933168831,0.128241532585485,0.333117163868648));
#4193=CARTESIAN_POINT('',(0.108247531922601,0.123496240137067,0.333118568416613));
#4194=CARTESIAN_POINT('',(0.105281130787729,0.118750947866785,0.333119972964524));
#4195=CARTESIAN_POINT('',(0.101454539494084,0.114452368534524,0.3331212187982));
#4196=CARTESIAN_POINT('',(0.097084639677418,0.110956469367873,0.333122221308328));
#4197=CARTESIAN_POINT('',(0.0927147399320176,0.107460570258234,0.333123223818441));
#4198=CARTESIAN_POINT('',(0.0876810044571918,0.104670930083518,0.333124011292194));
#4199=CARTESIAN_POINT('',(0.0824002790481099,0.102818560180621,0.333124532225925));
#4200=CARTESIAN_POINT('',(0.077119553636083,0.100966190276691,0.333125053159656));
#4201=CARTESIAN_POINT('',(0.0714461893650576,0.1,0.333125322267256));
#4202=CARTESIAN_POINT('',(0.06585,0.1,0.333125322267253));
#4203=CARTESIAN_POINT('',(0.06585,0.15,0.42));
#4204=CARTESIAN_POINT('',(-0.06585,0.15,0.205560210157511));
#4205=CARTESIAN_POINT('',(-0.11585,5.55111512312578E-17,-3.82795647032215E-18));
#4206=CARTESIAN_POINT('',(-0.11585,5.55111512312578E-17,-3.82795647032215E-18));
#4207=CARTESIAN_POINT('',(-0.11585,5.55111512312578E-17,-3.82795647032215E-18));
#4208=CARTESIAN_POINT('',(-0.11585,0.0730743633379076,0.0484156969343599));
#4209=CARTESIAN_POINT('',(-0.11584999999013,0.0665043977333108,0.0729497120795764));
#4210=CARTESIAN_POINT('',(-0.11585,0.0500824309542974,0.0875703825659174));
#4211=CARTESIAN_POINT('',(-0.11585,0.14999918011333,0.10908335533208));
#4212=CARTESIAN_POINT('',(-0.11585,0.108946174759444,0.141107958964086));
#4213=CARTESIAN_POINT('',(-0.0742916134669165,0.1,0.144742789624357));
#4214=CARTESIAN_POINT('',(-0.11585,0.15,0.205560210157511));
#4215=CARTESIAN_POINT('',(-0.11585,0.1,0.205560210157511));
#4216=CARTESIAN_POINT('',(-0.06585,0.1,0.205560210157511));
#4217=CARTESIAN_POINT('',(0.06585,0.177749814347947,0.42));
#4218=CARTESIAN_POINT('',(0.06585,0.0999996866320398,0.332564494310266));
#4219=CARTESIAN_POINT('',(0.11585,0.0999996866320398,0.332564494310266));
#4220=CARTESIAN_POINT('',(0.11585,0.149999678826737,0.332536556338607));
#4221=CARTESIAN_POINT('',(0.065849999999999,0.10002230345963,0.373041348419028));
#4222=CARTESIAN_POINT('',(0.115849999999998,0.0999231941958359,0.372998773794428));
#4223=CARTESIAN_POINT('',(0.11585,0.14995602531738,0.363520597329304));
#4224=CARTESIAN_POINT('',(0.06585,0.111229224396101,0.414999205731849));
#4225=CARTESIAN_POINT('',(0.115849999999999,0.111271927800637,0.41505522374935));
#4226=CARTESIAN_POINT('',(0.11585,0.158911119738313,0.395136386172854));
#4227=CARTESIAN_POINT('',(0.06585,0.137897444239005,0.450195837406833));
#4228=CARTESIAN_POINT('',(0.11585,0.137897444239005,0.450195837406833));
#4229=CARTESIAN_POINT('',(0.11585,0.177749814347947,0.42));
#4230=CARTESIAN_POINT('',(-0.06585,0.1,0.333125322267253));
#4231=CARTESIAN_POINT('',(-0.0714461893650576,0.1,0.333125322267257));
#4232=CARTESIAN_POINT('',(-0.0771195536360829,0.100966190276691,0.333125053159634));
#4233=CARTESIAN_POINT('',(-0.0824002790481099,0.102818560180621,0.333124532225902));
#4234=CARTESIAN_POINT('',(-0.0876810044571917,0.104670930083518,0.333124011292171));
#4235=CARTESIAN_POINT('',(-0.0927147399320175,0.107460570258234,0.333123223818463));
#4236=CARTESIAN_POINT('',(-0.0970846396774179,0.110956469367873,0.333122221308354));
#4237=CARTESIAN_POINT('',(-0.101454539494084,0.114452368534524,0.333121218798229));
#4238=CARTESIAN_POINT('',(-0.105281130787729,0.118750947866785,0.333119972964577));
#4239=CARTESIAN_POINT('',(-0.108247531922601,0.123496240137067,0.333118568416674));
#4240=CARTESIAN_POINT('',(-0.111213933168831,0.128241532585485,0.333117163868719));
#4241=CARTESIAN_POINT('',(-0.113401961198024,0.133564419020684,0.333115561063931));
#4242=CARTESIAN_POINT('',(-0.114630424506343,0.139024108920868,0.333113875435955));
#4243=CARTESIAN_POINT('',(-0.115309555985653,0.142042389770919,0.333112943570091));
#4244=CARTESIAN_POINT('',(-0.115709041764214,0.145137162030528,0.333111975947433));
#4245=CARTESIAN_POINT('',(-0.115818624418964,0.148228962542324,0.333110995447436));
#4246=CARTESIAN_POINT('',(-0.115839538191314,0.148819030488758,0.333110808319704));
#4247=CARTESIAN_POINT('',(-0.11584999999992,0.14940956154677,0.333110620052117));
#4248=CARTESIAN_POINT('',(-0.11585,0.15,0.333110432310255));
#4249=CARTESIAN_POINT('',(-0.06585,0.15,0.42));
#4250=CARTESIAN_POINT('',(-0.06585,0.177749814347947,0.42));
#4251=CARTESIAN_POINT('',(0.06585,0.137897444239005,0.450195837406834));
#4252=CARTESIAN_POINT('',(0.11585,0.137897444239005,0.450195837406834));
#4253=CARTESIAN_POINT('',(0.11585,0.177749814347947,0.42));
#4254=CARTESIAN_POINT('',(0.0658472696964874,0.170355247389716,0.493033542705664));
#4255=CARTESIAN_POINT('',(0.103574165358168,0.176110684335479,0.500619926306397));
#4256=CARTESIAN_POINT('',(0.11585,0.202176849521583,0.476715639732718));
#4257=CARTESIAN_POINT('',(0.0501123875794327,0.263598659889359,0.533095182462812));
#4258=CARTESIAN_POINT('',(0.0696870210972847,0.271392233158828,0.53573415442458));
#4259=CARTESIAN_POINT('',(0.0881627851498727,0.279635007419263,0.535645808503489));
#4260=CARTESIAN_POINT('',(-0.0498068959310087,0.264375571853789,0.533357292768109));
#4261=CARTESIAN_POINT('',(-0.0691916117331371,0.272134552553082,0.535965366124805));
#4262=CARTESIAN_POINT('',(-0.0876253332520758,0.280306415222921,0.53605356815829));
#4263=CARTESIAN_POINT('',(-0.0658470062394345,0.170273472500799,0.492925616467526));
#4264=CARTESIAN_POINT('',(-0.103595925891026,0.176041801014663,0.500528262235934));
#4265=CARTESIAN_POINT('',(-0.11585,0.202135552941755,0.476619043977437));
#4266=CARTESIAN_POINT('',(-0.0658500000000001,0.137897444239005,0.450195837406833));
#4267=CARTESIAN_POINT('',(-0.11585,0.137897444239005,0.450195837406833));
#4268=CARTESIAN_POINT('',(-0.11585,0.177749814347947,0.42));
#4269=CARTESIAN_POINT('',(-0.11585,0.149999678826737,0.332536556338607));
#4270=CARTESIAN_POINT('',(-0.11585,0.0999996866320399,0.332564494310266));
#4271=CARTESIAN_POINT('',(-0.06585,0.0999996866320399,0.332564494310266));
#4272=CARTESIAN_POINT('',(-0.11585,0.14995602531738,0.363520597329305));
#4273=CARTESIAN_POINT('',(-0.115850000000002,0.0999231941958341,0.372998773794433));
#4274=CARTESIAN_POINT('',(-0.065850000000001,0.10002230345963,0.373041348419028));
#4275=CARTESIAN_POINT('',(-0.11585,0.158911119738313,0.395136386172854));
#4276=CARTESIAN_POINT('',(-0.115849999999995,0.111271927800642,0.415055223749344));
#4277=CARTESIAN_POINT('',(-0.0658499999999975,0.111229224396101,0.414999205731849));
#4278=CARTESIAN_POINT('',(-0.11585,0.177749814347947,0.42));
#4279=CARTESIAN_POINT('',(-0.11585,0.137897444239005,0.450195837406833));
#4280=CARTESIAN_POINT('',(-0.0658500000000001,0.137897444239005,0.450195837406833));
#4281=CARTESIAN_POINT('',(0.,0.299237950686796,0.));
#4282=CARTESIAN_POINT('',(-0.0935505374657519,0.299237950686796,-4.15172800414617E-19));
#4283=CARTESIAN_POINT('',(0.0935505374657519,0.299237950686796,-2.81207231024741E-19));
#4284=CARTESIAN_POINT('',(0.0935505374657519,0.299237950686796,-2.81207231024741E-19));
#4285=CARTESIAN_POINT('',(0.0935505374657519,0.299237950686796,0.00618503089571152));
#4286=CARTESIAN_POINT('',(0.0930436147716557,0.300949886226186,0.0123771323063244));
#4287=CARTESIAN_POINT('',(0.0921007588699347,0.303151407191829,0.0180796699315691));
#4288=CARTESIAN_POINT('',(0.0903718036468403,0.307188430416005,0.0285366572549374));
#4289=CARTESIAN_POINT('',(0.0871334604061107,0.312641314623964,0.0383045028288834));
#4290=CARTESIAN_POINT('',(0.0821992821781267,0.317025851637445,0.0475275796988326));
#4291=CARTESIAN_POINT('',(0.07883190203398,0.320018123541353,0.0538219623669866));
#4292=CARTESIAN_POINT('',(0.0745846371260978,0.322679874768727,0.0599564241919384));
#4293=CARTESIAN_POINT('',(0.0694792116782397,0.324276341881522,0.0655508962053991));
#4294=CARTESIAN_POINT('',(0.0664950423416104,0.325209491969325,0.0688209178730751));
#4295=CARTESIAN_POINT('',(0.0631710450303891,0.325784590957278,0.0719504005199609));
#4296=CARTESIAN_POINT('',(0.0596339558268755,0.325784590957278,0.0747714069697059));
#4297=CARTESIAN_POINT('',(0.0596339558268755,0.325784590957278,0.0747714069697059));
#4298=CARTESIAN_POINT('',(0.,0.325784590957278,0.));
#4299=CARTESIAN_POINT('',(-0.0596339558268755,0.325784590957278,0.0747714069697059));
#4300=CARTESIAN_POINT('',(-0.0596339558268755,0.325784590957278,0.0747714069697059));
#4301=CARTESIAN_POINT('',(-0.0644299730698643,0.325784590957278,0.0709463421220001));
#4302=CARTESIAN_POINT('',(-0.0688293953907572,0.324727568734782,0.066548226639242));
#4303=CARTESIAN_POINT('',(-0.0725800663538188,0.323136485481562,0.0619619619399065));
#4304=CARTESIAN_POINT('',(-0.0783098463709655,0.320705838506741,0.0549556721089938));
#4305=CARTESIAN_POINT('',(-0.0827694661732109,0.316972400585981,0.0472916979715396));
#4306=CARTESIAN_POINT('',(-0.0860369789610826,0.313068953050002,0.0394232179105112));
#4307=CARTESIAN_POINT('',(-0.0894969899179612,0.308935542679208,0.0310911840386953));
#4308=CARTESIAN_POINT('',(-0.0917411164219425,0.304240618073209,0.0223419239856618));
#4309=CARTESIAN_POINT('',(-0.0928231999365826,0.301349771351742,0.0129105059556667));
#4310=CARTESIAN_POINT('',(-0.0932994265635861,0.300077505242221,0.00875972430571466));
#4311=CARTESIAN_POINT('',(-0.0935505374657689,0.299237950686743,0.00436742958263569));
#4312=CARTESIAN_POINT('',(-0.0935505374657519,0.299237950686796,-4.15172800414617E-19));
#4313=CARTESIAN_POINT('',(0.,-1.99005104861445E-18,0.));
#4314=CARTESIAN_POINT('',(0.,-1.99005104861445E-18,-0.07));
#4315=CARTESIAN_POINT('',(0.,0.35,0.));
#4316=CARTESIAN_POINT('',(0.,-3.06161699786841E-19,0.));
#4317=CARTESIAN_POINT('',(0.,-3.06161699786841E-19,-0.05));
#4318=CARTESIAN_POINT('',(0.,0.,0.));
#4319=CARTESIAN_POINT('',(0.,0.35,0.));
#4320=CARTESIAN_POINT('',(-0.103519710803084,0.298453359729526,-4.59415513758664E-19));
#4321=CARTESIAN_POINT('',(-0.06585,0.325,0.0825653284388716));
#4322=CARTESIAN_POINT('',(-0.0935505374659601,0.299237950689044,-5.38876884575716E-13));
#4323=CARTESIAN_POINT('',(-0.0972175589929779,0.345831876983292,5.96201863878651E-14));
#4324=CARTESIAN_POINT('',(-0.112937138503891,0.301816699664627,-5.96302071168269E-13));
#4325=CARTESIAN_POINT('',(-0.0935506727798847,0.299239670014366,0.0151263764720778));
#4326=CARTESIAN_POINT('',(-0.0972195532604453,0.345811719707316,-0.00237616092696848));
#4327=CARTESIAN_POINT('',(-0.112936377800678,0.301818829650788,0.0167424282846323));
#4328=CARTESIAN_POINT('',(-0.0908612999209836,0.307641551214826,0.0284401387621608));
#4329=CARTESIAN_POINT('',(-0.097971431376042,0.330363594879527,0.0145283803653412));
#4330=CARTESIAN_POINT('',(-0.109127966293555,0.312320857545144,0.0314563445034573));
#4331=CARTESIAN_POINT('',(-0.0798392029365884,0.320091863763385,0.0536274952992318));
#4332=CARTESIAN_POINT('',(-0.0848089665236729,0.332817228568987,0.0476173003498739));
#4333=CARTESIAN_POINT('',(-0.0937845120325891,0.327884433784408,0.0592504714471995));
#4334=CARTESIAN_POINT('',(-0.0714621132817747,0.325781720324317,0.0653375678181639));
#4335=CARTESIAN_POINT('',(-0.0753475187920043,0.337068504553462,0.063374169703717));
#4336=CARTESIAN_POINT('',(-0.0821610624641294,0.334999999999806,0.0721573259001753));
#4337=CARTESIAN_POINT('',(-0.0596339558273068,0.325784590957278,0.0747714069693619));
#4338=CARTESIAN_POINT('',(-0.0600861799374651,0.335000000000069,0.075338423403282));
#4339=CARTESIAN_POINT('',(-0.0658500000005954,0.335,0.0825653284384917));
#4340=CARTESIAN_POINT('',(0.06585,0.325,0.0825653284388716));
#4341=CARTESIAN_POINT('',(0.,0.325,0.));
#4342=CARTESIAN_POINT('',(0.103519710803083,0.298453359729518,-3.11173960300058E-19));
#4343=CARTESIAN_POINT('',(0.,0.298453359729518,0.));
#4344=CARTESIAN_POINT('',(0.0596339558268755,0.325784590957278,0.0747714069697059));
#4345=CARTESIAN_POINT('',(0.0600861799369596,0.335,0.0753384234036782));
#4346=CARTESIAN_POINT('',(0.06585,0.335,0.0825653284388716));
#4347=CARTESIAN_POINT('',(0.0714299773328048,0.325781916950368,0.0653632176468188));
#4348=CARTESIAN_POINT('',(0.0752928475504311,0.337061263259575,0.0634172422416014));
#4349=CARTESIAN_POINT('',(0.0821257020678836,0.335,0.0721800559683925));
#4350=CARTESIAN_POINT('',(0.0799259392696051,0.320015328573831,0.0534691946172524));
#4351=CARTESIAN_POINT('',(0.0848960927668059,0.332791262977204,0.0474439080300109));
#4352=CARTESIAN_POINT('',(0.0939049554063929,0.327788862755987,0.0590758356449473));
#4353=CARTESIAN_POINT('',(0.090861540924497,0.307619658210231,0.028399361534503));
#4354=CARTESIAN_POINT('',(0.0979468928258619,0.330383914713678,0.0145160101370187));
#4355=CARTESIAN_POINT('',(0.109128608795691,0.312293393330894,0.0314112981468798));
#4356=CARTESIAN_POINT('',(0.0935507059013717,0.299240090864267,0.0150528716373905));
#4357=CARTESIAN_POINT('',(0.0972196987546126,0.345808687036987,-0.00243414834457319));
#4358=CARTESIAN_POINT('',(0.112936183466127,0.301819373789094,0.0166610851440779));
#4359=CARTESIAN_POINT('',(0.0935505374657525,0.299237950686804,-2.81207231025353E-19));
#4360=CARTESIAN_POINT('',(0.0972175589932271,0.345831876986857,3.58540495536992E-18));
#4361=CARTESIAN_POINT('',(0.112937138503855,0.301816699661907,1.01050196374087E-30));
#4362=CARTESIAN_POINT('',(1.96999999999997,-3.46944695195361E-15,2.14961291667813E-14));
#4363=CARTESIAN_POINT('',(1.70043247344458,-3.46944695195361E-15,2.15135137174037E-14));
#4364=CARTESIAN_POINT('',(2.46628247344459,-3.46944695195361E-15,7.0404622570787E-15));
#4365=CARTESIAN_POINT('',(0.670432473444584,0.,-5.55111512312578E-17));
#4366=MECHANICAL_DESIGN_GEOMETRIC_PRESENTATION_REPRESENTATION('',(#172,
#95,#96,#97,#98,#99,#100,#101,#102,#103,#104,#105,#106,#107,#108,#109,#110,
#111,#112,#113,#114,#115,#116,#117,#118,#119,#120,#121,#122,#123,#124,#125,
#126,#127),#4371);
#4367=MECHANICAL_DESIGN_GEOMETRIC_PRESENTATION_REPRESENTATION('',(#173,
#128,#129,#130,#174,#131,#132,#133,#134,#135,#136,#137,#138,#139,#140,#141,
#142,#143,#144,#145,#146,#147,#148,#149),#4372);
#4368=MECHANICAL_DESIGN_GEOMETRIC_PRESENTATION_REPRESENTATION('',(#175,
#150,#151,#152,#153,#154,#155,#156,#157,#158,#159,#160,#161,#162,#163,#164,
#165,#166,#167,#168,#169),#4373);
#4369=MECHANICAL_DESIGN_GEOMETRIC_PRESENTATION_REPRESENTATION('',(#176),
#4374);
#4370=(
GEOMETRIC_REPRESENTATION_CONTEXT(3)
GLOBAL_UNCERTAINTY_ASSIGNED_CONTEXT((#4375))
GLOBAL_UNIT_ASSIGNED_CONTEXT((#4385,#4381,#4380))
REPRESENTATION_CONTEXT('Z-D10000000950983_A001',
'TOP_LEVEL_ASSEMBLY_PART')
);
#4371=(
GEOMETRIC_REPRESENTATION_CONTEXT(3)
GLOBAL_UNCERTAINTY_ASSIGNED_CONTEXT((#4376))
GLOBAL_UNIT_ASSIGNED_CONTEXT((#4385,#4381,#4380))
REPRESENTATION_CONTEXT('Inlet-D10000000950962-D10000000950962_A001',
'COMPONENT_PART')
);
#4372=(
GEOMETRIC_REPRESENTATION_CONTEXT(3)
GLOBAL_UNCERTAINTY_ASSIGNED_CONTEXT((#4377))
GLOBAL_UNIT_ASSIGNED_CONTEXT((#4385,#4381,#4380))
REPRESENTATION_CONTEXT('Sweep-D10000000950973-D10000000950973_A001',
'COMPONENT_PART')
);
#4373=(
GEOMETRIC_REPRESENTATION_CONTEXT(3)
GLOBAL_UNCERTAINTY_ASSIGNED_CONTEXT((#4378))
GLOBAL_UNIT_ASSIGNED_CONTEXT((#4385,#4381,#4380))
REPRESENTATION_CONTEXT('Outlet-D10000001280864_A001','COMPONENT_PART')
);
#4374=(
GEOMETRIC_REPRESENTATION_CONTEXT(3)
GLOBAL_UNCERTAINTY_ASSIGNED_CONTEXT((#4379))
GLOBAL_UNIT_ASSIGNED_CONTEXT((#4385,#4381,#4380))
REPRESENTATION_CONTEXT(
'Sweeps_V8_neg-D10000000971703-D10000000971703_A001','COMPONENT_PART')
);
#4375=UNCERTAINTY_MEASURE_WITH_UNIT(LENGTH_MEASURE(2.E-5),#4385,
'DISTANCE_ACCURACY_VALUE','Maximum Tolerance applied to model');
#4376=UNCERTAINTY_MEASURE_WITH_UNIT(LENGTH_MEASURE(5.08E-5),#4385,
'DISTANCE_ACCURACY_VALUE','Maximum Tolerance applied to model');
#4377=UNCERTAINTY_MEASURE_WITH_UNIT(LENGTH_MEASURE(5.08E-5),#4385,
'DISTANCE_ACCURACY_VALUE','Maximum Tolerance applied to model');
#4378=UNCERTAINTY_MEASURE_WITH_UNIT(LENGTH_MEASURE(1.E-6),#4385,
'DISTANCE_ACCURACY_VALUE','Maximum Tolerance applied to model');
#4379=UNCERTAINTY_MEASURE_WITH_UNIT(LENGTH_MEASURE(5.08E-5),#4385,
'DISTANCE_ACCURACY_VALUE','Maximum Tolerance applied to model');
#4380=(
NAMED_UNIT(*)
SI_UNIT($,.STERADIAN.)
SOLID_ANGLE_UNIT()
);
#4381=(
CONVERSION_BASED_UNIT('DEGREE',#4383)
NAMED_UNIT(#4382)
PLANE_ANGLE_UNIT()
);
#4382=DIMENSIONAL_EXPONENTS(0.,0.,0.,0.,0.,0.,0.);
#4383=PLANE_ANGLE_MEASURE_WITH_UNIT(PLANE_ANGLE_MEASURE(0.0174532925),#4384);
#4384=(
NAMED_UNIT(*)
PLANE_ANGLE_UNIT()
SI_UNIT($,.RADIAN.)
);
#4385=(
LENGTH_UNIT()
NAMED_UNIT(*)
SI_UNIT(.MILLI.,.METRE.)
);
ENDSEC;
END-ISO-10303-21;
