ISO-10303-21;
HEADER;
/* Generated by software containing ST-Developer
 * from STEP Tools, Inc. (www.steptools.com) 
 */
/* OPTION: using custom schema-name function */

FILE_DESCRIPTION(
/* description */ (''),
/* implementation_level */ '2;1');

FILE_NAME(
/* name */ 'S2-D10000000980257_A001.stp',
/* time_stamp */ '2026-02-06T20:55:30+01:00',
/* author */ (''),
/* organization */ (''),
/* preprocessor_version */ 'ST-DEVELOPER v20',
/* originating_system */ 'SIEMENS PLM Software NX2312.8501',
/* authorisation */ '');

FILE_SCHEMA (('AUTOMOTIVE_DESIGN { 1 0 10303 214 3 1 1 1 }'));
ENDSEC;

DATA;
#10=CONTEXT_DEPENDENT_SHAPE_REPRESENTATION(#18,#44);
#11=CONTEXT_DEPENDENT_SHAPE_REPRESENTATION(#19,#45);
#12=CONTEXT_DEPENDENT_SHAPE_REPRESENTATION(#20,#46);
#13=CONTEXT_DEPENDENT_SHAPE_REPRESENTATION(#21,#47);
#14=NEXT_ASSEMBLY_USAGE_OCCURRENCE('1001',' ','D10000000980253',#52,#51,
$);
#15=NEXT_ASSEMBLY_USAGE_OCCURRENCE('1002',' ','D10000000980254',#52,#50,
$);
#16=NEXT_ASSEMBLY_USAGE_OCCURRENCE('1003',' ','D10000000980252',#52,#49,
$);
#17=NEXT_ASSEMBLY_USAGE_OCCURRENCE('1004',' ','D10000000980255',#52,#48,
$);
#18=(
REPRESENTATION_RELATIONSHIP(' ',' ',#83,#84)
REPRESENTATION_RELATIONSHIP_WITH_TRANSFORMATION(#22)
SHAPE_REPRESENTATION_RELATIONSHIP()
);
#19=(
REPRESENTATION_RELATIONSHIP(' ',' ',#82,#84)
REPRESENTATION_RELATIONSHIP_WITH_TRANSFORMATION(#23)
SHAPE_REPRESENTATION_RELATIONSHIP()
);
#20=(
REPRESENTATION_RELATIONSHIP(' ',' ',#81,#84)
REPRESENTATION_RELATIONSHIP_WITH_TRANSFORMATION(#24)
SHAPE_REPRESENTATION_RELATIONSHIP()
);
#21=(
REPRESENTATION_RELATIONSHIP(' ',' ',#80,#84)
REPRESENTATION_RELATIONSHIP_WITH_TRANSFORMATION(#25)
SHAPE_REPRESENTATION_RELATIONSHIP()
);
#22=ITEM_DEFINED_TRANSFORMATION(' ',' ',#4434,#4830);
#23=ITEM_DEFINED_TRANSFORMATION(' ',' ',#4434,#4831);
#24=ITEM_DEFINED_TRANSFORMATION(' ',' ',#4434,#4832);
#25=ITEM_DEFINED_TRANSFORMATION(' ',' ',#4434,#4833);
#26=SHAPE_REPRESENTATION_RELATIONSHIP('MODEL',
'relationship between Tip-D10000000980255_A001-MODEL and Tip-D10000000
980255_A001-MODEL',#80,#30);
#27=SHAPE_REPRESENTATION_RELATIONSHIP('MODEL',
'relationship between Sweeps_neg-D10000000980252_A001-MODEL and Sweeps
_neg-D10000000980252_A001-MODEL',#81,#31);
#28=SHAPE_REPRESENTATION_RELATIONSHIP('MODEL',
'relationship between Sweeps-D10000000980254_A001-MODEL and Sweeps-D10
000000980254_A001-MODEL',#82,#32);
#29=SHAPE_REPRESENTATION_RELATIONSHIP('MODEL',
'relationship between Inlet-D10000000980253_A001-MODEL and Inlet-D1000
0000980253_A001-MODEL',#83,#33);
#30=ADVANCED_BREP_SHAPE_REPRESENTATION('Tip-D10000000980255_A001-MODEL',
(#400),#10099);
#31=ADVANCED_BREP_SHAPE_REPRESENTATION(
'Sweeps_neg-D10000000980252_A001-MODEL',(#399),#10098);
#32=ADVANCED_BREP_SHAPE_REPRESENTATION(
'Sweeps-D10000000980254_A001-MODEL',(#397,#398),#10097);
#33=ADVANCED_BREP_SHAPE_REPRESENTATION(
'Inlet-D10000000980253_A001-MODEL',(#396),#10096);
#34=SHAPE_DEFINITION_REPRESENTATION(#39,#80);
#35=SHAPE_DEFINITION_REPRESENTATION(#40,#81);
#36=SHAPE_DEFINITION_REPRESENTATION(#41,#82);
#37=SHAPE_DEFINITION_REPRESENTATION(#42,#83);
#38=SHAPE_DEFINITION_REPRESENTATION(#43,#84);
#39=PRODUCT_DEFINITION_SHAPE('','',#48);
#40=PRODUCT_DEFINITION_SHAPE('','',#49);
#41=PRODUCT_DEFINITION_SHAPE('','',#50);
#42=PRODUCT_DEFINITION_SHAPE('','',#51);
#43=PRODUCT_DEFINITION_SHAPE('','',#52);
#44=PRODUCT_DEFINITION_SHAPE(' ','NAUO PRDDFN',#14);
#45=PRODUCT_DEFINITION_SHAPE(' ','NAUO PRDDFN',#15);
#46=PRODUCT_DEFINITION_SHAPE(' ','NAUO PRDDFN',#16);
#47=PRODUCT_DEFINITION_SHAPE(' ','NAUO PRDDFN',#17);
#48=PRODUCT_DEFINITION(' ','',#58,#53);
#49=PRODUCT_DEFINITION(' ','',#59,#54);
#50=PRODUCT_DEFINITION(' ','',#60,#55);
#51=PRODUCT_DEFINITION(' ','',#61,#56);
#52=PRODUCT_DEFINITION(' ','',#62,#57);
#53=PRODUCT_DEFINITION_CONTEXT('part definition',#79,'design');
#54=PRODUCT_DEFINITION_CONTEXT('part definition',#79,'design');
#55=PRODUCT_DEFINITION_CONTEXT('part definition',#79,'design');
#56=PRODUCT_DEFINITION_CONTEXT('part definition',#79,'design');
#57=PRODUCT_DEFINITION_CONTEXT('part definition',#79,'design');
#58=PRODUCT_DEFINITION_FORMATION_WITH_SPECIFIED_SOURCE(' ',' ',#68,
 .NOT_KNOWN.);
#59=PRODUCT_DEFINITION_FORMATION_WITH_SPECIFIED_SOURCE(' ',' ',#69,
 .NOT_KNOWN.);
#60=PRODUCT_DEFINITION_FORMATION_WITH_SPECIFIED_SOURCE(' ',' ',#70,
 .NOT_KNOWN.);
#61=PRODUCT_DEFINITION_FORMATION_WITH_SPECIFIED_SOURCE(' ',' ',#71,
 .NOT_KNOWN.);
#62=PRODUCT_DEFINITION_FORMATION_WITH_SPECIFIED_SOURCE(' ',' ',#72,
 .NOT_KNOWN.);
#63=PRODUCT_RELATED_PRODUCT_CATEGORY('part','',(#68));
#64=PRODUCT_RELATED_PRODUCT_CATEGORY('part','',(#69));
#65=PRODUCT_RELATED_PRODUCT_CATEGORY('part','',(#70));
#66=PRODUCT_RELATED_PRODUCT_CATEGORY('part','',(#71));
#67=PRODUCT_RELATED_PRODUCT_CATEGORY('part','',(#72));
#68=PRODUCT('Tip-D10000000980255_A001','Tip-D10000000980255_A001',' ',(#73));
#69=PRODUCT('Sweeps_neg-D10000000980252_A001',
'Sweeps_neg-D10000000980252_A001',' ',(#74));
#70=PRODUCT('Sweeps-D10000000980254_A001','Sweeps-D10000000980254_A001',
' ',(#75));
#71=PRODUCT('Inlet-D10000000980253_A001','Inlet-D10000000980253_A001',
' ',(#76));
#72=PRODUCT('D10000000980257_A001','D10000000980257_A001',' ',(#77));
#73=PRODUCT_CONTEXT(' ',#79,'mechanical');
#74=PRODUCT_CONTEXT(' ',#79,'mechanical');
#75=PRODUCT_CONTEXT(' ',#79,'mechanical');
#76=PRODUCT_CONTEXT(' ',#79,'mechanical');
#77=PRODUCT_CONTEXT(' ',#79,'mechanical');
#78=APPLICATION_PROTOCOL_DEFINITION('international standard',
'automotive_design',2010,#79);
#79=APPLICATION_CONTEXT(
'core data for automotive mechanical design processes');
#80=SHAPE_REPRESENTATION('Tip-D10000000980255_A001-MODEL',(#4434),#10099);
#81=SHAPE_REPRESENTATION('Sweeps_neg-D10000000980252_A001-MODEL',(#4434),
#10098);
#82=SHAPE_REPRESENTATION('Sweeps-D10000000980254_A001-MODEL',(#4434),#10097);
#83=SHAPE_REPRESENTATION('Inlet-D10000000980253_A001-MODEL',(#4434),#10096);
#84=SHAPE_REPRESENTATION('D10000000980257_A001-none',(#4434,#4830,#4831,
#4832,#4833),#10095);
#85=(
BOUNDED_CURVE()
B_SPLINE_CURVE(2,(#8974,#8975,#8976),.UNSPECIFIED.,.F.,.F.)
B_SPLINE_CURVE_WITH_KNOTS((3,3),(0.,1.),.UNSPECIFIED.)
CURVE()
GEOMETRIC_REPRESENTATION_ITEM()
RATIONAL_B_SPLINE_CURVE((0.999269886078599,0.635941423119773,0.991421787990945))
REPRESENTATION_ITEM('')
);
#86=B_SPLINE_SURFACE_WITH_KNOTS('',3,3,((#7383,#7384,#7385,#7386,#7387,
#7388,#7389),(#7390,#7391,#7392,#7393,#7394,#7395,#7396),(#7397,#7398,#7399,
#7400,#7401,#7402,#7403),(#7404,#7405,#7406,#7407,#7408,#7409,#7410),(#7411,
#7412,#7413,#7414,#7415,#7416,#7417),(#7418,#7419,#7420,#7421,#7422,#7423,
#7424),(#7425,#7426,#7427,#7428,#7429,#7430,#7431),(#7432,#7433,#7434,#7435,
#7436,#7437,#7438),(#7439,#7440,#7441,#7442,#7443,#7444,#7445),(#7446,#7447,
#7448,#7449,#7450,#7451,#7452),(#7453,#7454,#7455,#7456,#7457,#7458,#7459),
(#7460,#7461,#7462,#7463,#7464,#7465,#7466),(#7467,#7468,#7469,#7470,#7471,
#7472,#7473),(#7474,#7475,#7476,#7477,#7478,#7479,#7480),(#7481,#7482,#7483,
#7484,#7485,#7486,#7487),(#7488,#7489,#7490,#7491,#7492,#7493,#7494),(#7495,
#7496,#7497,#7498,#7499,#7500,#7501),(#7502,#7503,#7504,#7505,#7506,#7507,
#7508),(#7509,#7510,#7511,#7512,#7513,#7514,#7515),(#7516,#7517,#7518,#7519,
#7520,#7521,#7522),(#7523,#7524,#7525,#7526,#7527,#7528,#7529),(#7530,#7531,
#7532,#7533,#7534,#7535,#7536),(#7537,#7538,#7539,#7540,#7541,#7542,#7543),
(#7544,#7545,#7546,#7547,#7548,#7549,#7550),(#7551,#7552,#7553,#7554,#7555,
#7556,#7557),(#7558,#7559,#7560,#7561,#7562,#7563,#7564),(#7565,#7566,#7567,
#7568,#7569,#7570,#7571),(#7572,#7573,#7574,#7575,#7576,#7577,#7578),(#7579,
#7580,#7581,#7582,#7583,#7584,#7585),(#7586,#7587,#7588,#7589,#7590,#7591,
#7592),(#7593,#7594,#7595,#7596,#7597,#7598,#7599),(#7600,#7601,#7602,#7603,
#7604,#7605,#7606),(#7607,#7608,#7609,#7610,#7611,#7612,#7613),(#7614,#7615,
#7616,#7617,#7618,#7619,#7620),(#7621,#7622,#7623,#7624,#7625,#7626,#7627),
(#7628,#7629,#7630,#7631,#7632,#7633,#7634),(#7635,#7636,#7637,#7638,#7639,
#7640,#7641),(#7642,#7643,#7644,#7645,#7646,#7647,#7648),(#7649,#7650,#7651,
#7652,#7653,#7654,#7655),(#7656,#7657,#7658,#7659,#7660,#7661,#7662),(#7663,
#7664,#7665,#7666,#7667,#7668,#7669),(#7670,#7671,#7672,#7673,#7674,#7675,
#7676),(#7677,#7678,#7679,#7680,#7681,#7682,#7683),(#7684,#7685,#7686,#7687,
#7688,#7689,#7690),(#7691,#7692,#7693,#7694,#7695,#7696,#7697),(#7698,#7699,
#7700,#7701,#7702,#7703,#7704),(#7705,#7706,#7707,#7708,#7709,#7710,#7711),
(#7712,#7713,#7714,#7715,#7716,#7717,#7718),(#7719,#7720,#7721,#7722,#7723,
#7724,#7725),(#7726,#7727,#7728,#7729,#7730,#7731,#7732),(#7733,#7734,#7735,
#7736,#7737,#7738,#7739),(#7740,#7741,#7742,#7743,#7744,#7745,#7746),(#7747,
#7748,#7749,#7750,#7751,#7752,#7753),(#7754,#7755,#7756,#7757,#7758,#7759,
#7760),(#7761,#7762,#7763,#7764,#7765,#7766,#7767),(#7768,#7769,#7770,#7771,
#7772,#7773,#7774),(#7775,#7776,#7777,#7778,#7779,#7780,#7781),(#7782,#7783,
#7784,#7785,#7786,#7787,#7788),(#7789,#7790,#7791,#7792,#7793,#7794,#7795),
(#7796,#7797,#7798,#7799,#7800,#7801,#7802),(#7803,#7804,#7805,#7806,#7807,
#7808,#7809),(#7810,#7811,#7812,#7813,#7814,#7815,#7816),(#7817,#7818,#7819,
#7820,#7821,#7822,#7823),(#7824,#7825,#7826,#7827,#7828,#7829,#7830),(#7831,
#7832,#7833,#7834,#7835,#7836,#7837),(#7838,#7839,#7840,#7841,#7842,#7843,
#7844)),.UNSPECIFIED.,.T.,.F.,.F.,(1,3,2,2,2,2,2,2,2,2,2,2,2,2,2,2,2,2,
2,2,2,2,2,2,2,2,2,2,2,2,2,2,2,3,1),(4,3,4),(-0.03125,0.,0.03125,0.0625,
0.09375,0.125,0.15625,0.1875,0.21875,0.25,0.28125,0.3125,0.34375,0.375,
0.40625,0.4375,0.46875,0.5,0.53125,0.5625,0.59375,0.625,0.65625,0.6875,
0.71875,0.75,0.78125,0.8125,0.84375,0.875,0.90625,0.9375,0.96875,1.,1.03125),
(0.,0.983096958801052,1.),.UNSPECIFIED.);
#87=B_SPLINE_SURFACE_WITH_KNOTS('',3,3,((#7851,#7852,#7853,#7854),(#7855,
#7856,#7857,#7858),(#7859,#7860,#7861,#7862),(#7863,#7864,#7865,#7866),
(#7867,#7868,#7869,#7870),(#7871,#7872,#7873,#7874),(#7875,#7876,#7877,
#7878),(#7879,#7880,#7881,#7882),(#7883,#7884,#7885,#7886),(#7887,#7888,
#7889,#7890),(#7891,#7892,#7893,#7894),(#7895,#7896,#7897,#7898),(#7899,
#7900,#7901,#7902),(#7903,#7904,#7905,#7906),(#7907,#7908,#7909,#7910),
(#7911,#7912,#7913,#7914),(#7915,#7916,#7917,#7918),(#7919,#7920,#7921,
#7922),(#7923,#7924,#7925,#7926),(#7927,#7928,#7929,#7930),(#7931,#7932,
#7933,#7934),(#7935,#7936,#7937,#7938),(#7939,#7940,#7941,#7942),(#7943,
#7944,#7945,#7946),(#7947,#7948,#7949,#7950),(#7951,#7952,#7953,#7954),
(#7955,#7956,#7957,#7958),(#7959,#7960,#7961,#7962),(#7963,#7964,#7965,
#7966),(#7967,#7968,#7969,#7970),(#7971,#7972,#7973,#7974),(#7975,#7976,
#7977,#7978),(#7979,#7980,#7981,#7982),(#7983,#7984,#7985,#7986),(#7987,
#7988,#7989,#7990),(#7991,#7992,#7993,#7994),(#7995,#7996,#7997,#7998),
(#7999,#8000,#8001,#8002),(#8003,#8004,#8005,#8006),(#8007,#8008,#8009,
#8010),(#8011,#8012,#8013,#8014),(#8015,#8016,#8017,#8018),(#8019,#8020,
#8021,#8022),(#8023,#8024,#8025,#8026),(#8027,#8028,#8029,#8030),(#8031,
#8032,#8033,#8034),(#8035,#8036,#8037,#8038),(#8039,#8040,#8041,#8042),
(#8043,#8044,#8045,#8046),(#8047,#8048,#8049,#8050),(#8051,#8052,#8053,
#8054),(#8055,#8056,#8057,#8058),(#8059,#8060,#8061,#8062),(#8063,#8064,
#8065,#8066),(#8067,#8068,#8069,#8070),(#8071,#8072,#8073,#8074),(#8075,
#8076,#8077,#8078),(#8079,#8080,#8081,#8082),(#8083,#8084,#8085,#8086),
(#8087,#8088,#8089,#8090),(#8091,#8092,#8093,#8094),(#8095,#8096,#8097,
#8098),(#8099,#8100,#8101,#8102),(#8103,#8104,#8105,#8106),(#8107,#8108,
#8109,#8110),(#8111,#8112,#8113,#8114),(#8115,#8116,#8117,#8118),(#8119,
#8120,#8121,#8122),(#8123,#8124,#8125,#8126),(#8127,#8128,#8129,#8130),
(#8131,#8132,#8133,#8134)),.UNSPECIFIED.,.F.,.F.,.F.,(4,2,2,2,2,2,2,2,2,
2,2,2,2,2,2,2,2,2,2,2,2,2,2,2,2,2,2,2,2,2,2,2,2,3,4),(4,4),(0.,0.00592885375397407,
0.0394661653342264,0.0730034769144817,0.106540788494735,0.140078100074988,
0.173615411655242,0.207152723235495,0.240690034815749,0.274227346396003,
0.302448928096443,0.330670509796881,0.358892091497321,0.387113673197759,
0.415335254898199,0.443556836598638,0.471778418299078,0.499999999999517,
0.528221581699956,0.556443163400396,0.584664745100834,0.612886326801274,
0.641107908501712,0.669329490202152,0.697551071902591,0.72577265360303,
0.759309965183284,0.792847276763538,0.826384588343792,0.859921899924044,
0.893459211504298,0.926996523084552,0.960533834664805,0.994071146245059,
1.),(0.,1.),.UNSPECIFIED.);
#88=B_SPLINE_SURFACE_WITH_KNOTS('',3,3,((#8220,#8221,#8222,#8223),(#8224,
#8225,#8226,#8227),(#8228,#8229,#8230,#8231),(#8232,#8233,#8234,#8235)),
 .UNSPECIFIED.,.F.,.F.,.F.,(4,4),(4,4),(0.,1.),(0.,1.),.UNSPECIFIED.);
#89=B_SPLINE_SURFACE_WITH_KNOTS('',3,3,((#8404,#8405,#8406,#8407),(#8408,
#8409,#8410,#8411),(#8412,#8413,#8414,#8415),(#8416,#8417,#8418,#8419)),
 .UNSPECIFIED.,.F.,.F.,.F.,(4,4),(4,4),(0.,1.),(0.,1.),.UNSPECIFIED.);
#90=B_SPLINE_SURFACE_WITH_KNOTS('',3,3,((#8435,#8436,#8437,#8438),(#8439,
#8440,#8441,#8442),(#8443,#8444,#8445,#8446),(#8447,#8448,#8449,#8450)),
 .UNSPECIFIED.,.F.,.F.,.F.,(4,4),(4,4),(0.,1.),(0.,1.),.UNSPECIFIED.);
#91=B_SPLINE_SURFACE_WITH_KNOTS('',3,3,((#8687,#8688,#8689,#8690,#8691,
#8692,#8693,#8694,#8695,#8696,#8697,#8698,#8699),(#8700,#8701,#8702,#8703,
#8704,#8705,#8706,#8707,#8708,#8709,#8710,#8711,#8712),(#8713,#8714,#8715,
#8716,#8717,#8718,#8719,#8720,#8721,#8722,#8723,#8724,#8725),(#8726,#8727,
#8728,#8729,#8730,#8731,#8732,#8733,#8734,#8735,#8736,#8737,#8738)),
 .UNSPECIFIED.,.F.,.F.,.F.,(4,4),(4,3,3,3,4),(0.,1.),(0.,0.249999876256151,
0.499999752512302,0.749999628768454,1.),.UNSPECIFIED.);
#92=B_SPLINE_SURFACE_WITH_KNOTS('',3,3,((#8855,#8856,#8857,#8858,#8859,
#8860,#8861,#8862,#8863,#8864,#8865,#8866,#8867),(#8868,#8869,#8870,#8871,
#8872,#8873,#8874,#8875,#8876,#8877,#8878,#8879,#8880),(#8881,#8882,#8883,
#8884,#8885,#8886,#8887,#8888,#8889,#8890,#8891,#8892,#8893),(#8894,#8895,
#8896,#8897,#8898,#8899,#8900,#8901,#8902,#8903,#8904,#8905,#8906)),
 .UNSPECIFIED.,.F.,.F.,.F.,(4,4),(4,3,3,3,4),(0.,1.),(0.,0.250000371232704,
0.500000247488469,0.750000123744235,1.),.UNSPECIFIED.);
#93=B_SPLINE_SURFACE_WITH_KNOTS('',3,3,((#9061,#9062,#9063,#9064,#9065,
#9066,#9067,#9068,#9069,#9070,#9071,#9072,#9073),(#9074,#9075,#9076,#9077,
#9078,#9079,#9080,#9081,#9082,#9083,#9084,#9085,#9086),(#9087,#9088,#9089,
#9090,#9091,#9092,#9093,#9094,#9095,#9096,#9097,#9098,#9099),(#9100,#9101,
#9102,#9103,#9104,#9105,#9106,#9107,#9108,#9109,#9110,#9111,#9112)),
 .UNSPECIFIED.,.F.,.F.,.F.,(4,4),(4,3,3,3,4),(0.,1.),(0.,0.250000371232704,
0.500000247488469,0.750000123744235,1.),.UNSPECIFIED.);
#94=B_SPLINE_SURFACE_WITH_KNOTS('',3,3,((#9334,#9335,#9336,#9337),(#9338,
#9339,#9340,#9341),(#9342,#9343,#9344,#9345),(#9346,#9347,#9348,#9349)),
 .UNSPECIFIED.,.F.,.F.,.F.,(4,4),(4,4),(0.,1.),(0.,1.),.UNSPECIFIED.);
#95=B_SPLINE_SURFACE_WITH_KNOTS('',3,3,((#9369,#9370,#9371,#9372),(#9373,
#9374,#9375,#9376),(#9377,#9378,#9379,#9380),(#9381,#9382,#9383,#9384)),
 .UNSPECIFIED.,.F.,.F.,.F.,(4,4),(4,4),(0.,1.),(0.,1.),.UNSPECIFIED.);
#96=B_SPLINE_SURFACE_WITH_KNOTS('',3,3,((#9425,#9426,#9427,#9428),(#9429,
#9430,#9431,#9432),(#9433,#9434,#9435,#9436),(#9437,#9438,#9439,#9440)),
 .UNSPECIFIED.,.F.,.F.,.F.,(4,4),(4,4),(0.,1.),(0.,1.),.UNSPECIFIED.);
#97=B_SPLINE_SURFACE_WITH_KNOTS('',3,3,((#9521,#9522,#9523,#9524),(#9525,
#9526,#9527,#9528),(#9529,#9530,#9531,#9532),(#9533,#9534,#9535,#9536)),
 .UNSPECIFIED.,.F.,.F.,.F.,(4,4),(4,4),(0.,1.),(0.,1.),.UNSPECIFIED.);
#98=B_SPLINE_SURFACE_WITH_KNOTS('',3,3,((#9727,#9728,#9729,#9730),(#9731,
#9732,#9733,#9734),(#9735,#9736,#9737,#9738),(#9739,#9740,#9741,#9742),
(#9743,#9744,#9745,#9746),(#9747,#9748,#9749,#9750),(#9751,#9752,#9753,
#9754),(#9755,#9756,#9757,#9758),(#9759,#9760,#9761,#9762),(#9763,#9764,
#9765,#9766),(#9767,#9768,#9769,#9770),(#9771,#9772,#9773,#9774),(#9775,
#9776,#9777,#9778),(#9779,#9780,#9781,#9782),(#9783,#9784,#9785,#9786),
(#9787,#9788,#9789,#9790),(#9791,#9792,#9793,#9794),(#9795,#9796,#9797,
#9798),(#9799,#9800,#9801,#9802),(#9803,#9804,#9805,#9806),(#9807,#9808,
#9809,#9810),(#9811,#9812,#9813,#9814),(#9815,#9816,#9817,#9818),(#9819,
#9820,#9821,#9822),(#9823,#9824,#9825,#9826),(#9827,#9828,#9829,#9830),
(#9831,#9832,#9833,#9834),(#9835,#9836,#9837,#9838),(#9839,#9840,#9841,
#9842),(#9843,#9844,#9845,#9846),(#9847,#9848,#9849,#9850),(#9851,#9852,
#9853,#9854),(#9855,#9856,#9857,#9858),(#9859,#9860,#9861,#9862),(#9863,
#9864,#9865,#9866),(#9867,#9868,#9869,#9870),(#9871,#9872,#9873,#9874),
(#9875,#9876,#9877,#9878),(#9879,#9880,#9881,#9882),(#9883,#9884,#9885,
#9886),(#9887,#9888,#9889,#9890),(#9891,#9892,#9893,#9894),(#9895,#9896,
#9897,#9898),(#9899,#9900,#9901,#9902),(#9903,#9904,#9905,#9906),(#9907,
#9908,#9909,#9910),(#9911,#9912,#9913,#9914),(#9915,#9916,#9917,#9918),
(#9919,#9920,#9921,#9922),(#9923,#9924,#9925,#9926),(#9927,#9928,#9929,
#9930),(#9931,#9932,#9933,#9934),(#9935,#9936,#9937,#9938),(#9939,#9940,
#9941,#9942),(#9943,#9944,#9945,#9946),(#9947,#9948,#9949,#9950),(#9951,
#9952,#9953,#9954),(#9955,#9956,#9957,#9958),(#9959,#9960,#9961,#9962),
(#9963,#9964,#9965,#9966),(#9967,#9968,#9969,#9970),(#9971,#9972,#9973,
#9974),(#9975,#9976,#9977,#9978),(#9979,#9980,#9981,#9982),(#9983,#9984,
#9985,#9986),(#9987,#9988,#9989,#9990),(#9991,#9992,#9993,#9994),(#9995,
#9996,#9997,#9998),(#9999,#10000,#10001,#10002),(#10003,#10004,#10005,#10006),
(#10007,#10008,#10009,#10010),(#10011,#10012,#10013,#10014),(#10015,#10016,
#10017,#10018),(#10019,#10020,#10021,#10022),(#10023,#10024,#10025,#10026),
(#10027,#10028,#10029,#10030),(#10031,#10032,#10033,#10034),(#10035,#10036,
#10037,#10038)),.UNSPECIFIED.,.T.,.F.,.F.,(1,3,2,2,2,2,2,2,2,2,2,2,2,2,
2,2,2,2,2,2,2,2,2,2,2,2,2,2,2,2,2,2,2,2,2,2,2,2,2,3,1),(4,4),(-0.03125,
0.,0.03125,0.0625,0.09375,0.125,0.15625,0.1875,0.21875,0.25,0.28125,0.3125,
0.34375,0.375,0.40625,0.421875,0.4375,0.453125,0.46875,0.484375,0.5,0.515625,
0.53125,0.546875,0.5625,0.578125,0.59375,0.625,0.65625,0.6875,0.71875,0.75,
0.78125,0.8125,0.84375,0.875,0.90625,0.9375,0.96875,1.,1.03125),(0.,1.),
 .UNSPECIFIED.);
#99=SURFACE_OF_LINEAR_EXTRUSION('',#657,#4384);
#100=(
BOUNDED_SURFACE()
B_SPLINE_SURFACE(3,2,((#6387,#6388,#6389),(#6390,#6391,#6392),(#6393,#6394,
#6395),(#6396,#6397,#6398)),.UNSPECIFIED.,.F.,.F.,.F.)
B_SPLINE_SURFACE_WITH_KNOTS((4,4),(3,3),(0.,1.),(0.,1.),.UNSPECIFIED.)
GEOMETRIC_REPRESENTATION_ITEM()
RATIONAL_B_SPLINE_SURFACE(((1.,0.707106781186547,1.),(1.,0.736030799225921,
1.),(1.,0.762065649580894,1.),(1.,0.783515256912534,1.)))
REPRESENTATION_ITEM('')
SURFACE()
);
#101=(
BOUNDED_SURFACE()
B_SPLINE_SURFACE(3,2,((#6400,#6401,#6402),(#6403,#6404,#6405),(#6406,#6407,
#6408),(#6409,#6410,#6411)),.UNSPECIFIED.,.F.,.F.,.F.)
B_SPLINE_SURFACE_WITH_KNOTS((4,4),(3,3),(0.,1.),(0.,1.),.UNSPECIFIED.)
GEOMETRIC_REPRESENTATION_ITEM()
RATIONAL_B_SPLINE_SURFACE(((1.,0.985992770361559,1.),(1.,0.970783282630886,
1.),(1.,0.875110024352239,1.),(1.,0.774730733290009,1.)))
REPRESENTATION_ITEM('')
SURFACE()
);
#102=(
BOUNDED_SURFACE()
B_SPLINE_SURFACE(3,2,((#6825,#6826,#6827),(#6828,#6829,#6830),(#6831,#6832,
#6833),(#6834,#6835,#6836)),.UNSPECIFIED.,.F.,.F.,.F.)
B_SPLINE_SURFACE_WITH_KNOTS((4,4),(3,3),(0.,1.),(0.,1.),.UNSPECIFIED.)
GEOMETRIC_REPRESENTATION_ITEM()
RATIONAL_B_SPLINE_SURFACE(((1.,1.,1.),(1.,0.998922032640711,1.),(1.,0.800454265264738,
1.),(1.,0.707106781186548,1.)))
REPRESENTATION_ITEM('')
SURFACE()
);
#103=(
BOUNDED_SURFACE()
B_SPLINE_SURFACE(3,2,((#6837,#6838,#6839),(#6840,#6841,#6842),(#6843,#6844,
#6845),(#6846,#6847,#6848)),.UNSPECIFIED.,.F.,.F.,.F.)
B_SPLINE_SURFACE_WITH_KNOTS((4,4),(3,3),(0.,1.),(0.,1.),.UNSPECIFIED.)
GEOMETRIC_REPRESENTATION_ITEM()
RATIONAL_B_SPLINE_SURFACE(((1.,1.,1.),(1.,0.998922032640711,1.),(1.,0.800454265264739,
1.),(1.,0.707106781186548,1.)))
REPRESENTATION_ITEM('')
SURFACE()
);
#104=(
BOUNDED_SURFACE()
B_SPLINE_SURFACE(3,2,((#6850,#6851,#6852),(#6853,#6854,#6855),(#6856,#6857,
#6858),(#6859,#6860,#6861)),.UNSPECIFIED.,.F.,.F.,.F.)
B_SPLINE_SURFACE_WITH_KNOTS((4,4),(3,3),(0.,1.),(0.,1.),.UNSPECIFIED.)
GEOMETRIC_REPRESENTATION_ITEM()
RATIONAL_B_SPLINE_SURFACE(((1.,1.,1.),(1.,0.973278331194715,1.),(1.,0.739686938841707,
1.),(1.,0.707106781186548,1.)))
REPRESENTATION_ITEM('')
SURFACE()
);
#105=(
BOUNDED_SURFACE()
B_SPLINE_SURFACE(3,2,((#6883,#6884,#6885),(#6886,#6887,#6888),(#6889,#6890,
#6891),(#6892,#6893,#6894)),.UNSPECIFIED.,.F.,.F.,.F.)
B_SPLINE_SURFACE_WITH_KNOTS((4,4),(3,3),(0.,1.),(0.,1.),.UNSPECIFIED.)
GEOMETRIC_REPRESENTATION_ITEM()
RATIONAL_B_SPLINE_SURFACE(((1.,1.,1.),(1.,0.973278331194715,1.),(1.,0.739686938841707,
1.),(1.,0.707106781186548,1.)))
REPRESENTATION_ITEM('')
SURFACE()
);
#106=(
BOUNDED_SURFACE()
B_SPLINE_SURFACE(3,2,((#6896,#6897,#6898),(#6899,#6900,#6901),(#6902,#6903,
#6904),(#6905,#6906,#6907)),.UNSPECIFIED.,.F.,.F.,.F.)
B_SPLINE_SURFACE_WITH_KNOTS((4,4),(3,3),(0.,1.),(0.,1.),.UNSPECIFIED.)
GEOMETRIC_REPRESENTATION_ITEM()
RATIONAL_B_SPLINE_SURFACE(((1.,0.707106781186548,1.),(1.,0.707106781186548,
1.),(1.,0.707106781186548,1.),(1.,0.707106781186548,1.)))
REPRESENTATION_ITEM('')
SURFACE()
);
#107=(
BOUNDED_SURFACE()
B_SPLINE_SURFACE(3,2,((#6929,#6930,#6931),(#6932,#6933,#6934),(#6935,#6936,
#6937),(#6938,#6939,#6940),(#6941,#6942,#6943),(#6944,#6945,#6946)),
 .UNSPECIFIED.,.F.,.F.,.F.)
B_SPLINE_SURFACE_WITH_KNOTS((4,2,4),(3,3),(0.,0.5,1.),(0.,1.),
 .UNSPECIFIED.)
GEOMETRIC_REPRESENTATION_ITEM()
RATIONAL_B_SPLINE_SURFACE(((1.,0.707106781186548,1.),(1.,0.837317337242157,
1.),(1.,0.986291085513145,1.),(1.,0.987297395549767,1.),(1.,0.837290909912953,
1.),(1.,0.707106781186547,1.)))
REPRESENTATION_ITEM('')
SURFACE()
);
#108=(
BOUNDED_SURFACE()
B_SPLINE_SURFACE(3,2,((#6947,#6948,#6949),(#6950,#6951,#6952),(#6953,#6954,
#6955),(#6956,#6957,#6958)),.UNSPECIFIED.,.F.,.F.,.F.)
B_SPLINE_SURFACE_WITH_KNOTS((4,4),(3,3),(0.,1.),(0.,1.),.UNSPECIFIED.)
GEOMETRIC_REPRESENTATION_ITEM()
RATIONAL_B_SPLINE_SURFACE(((1.,0.707106781186548,1.),(1.,0.707106781186548,
1.),(1.,0.707106781186547,1.),(1.,0.707106781186547,1.)))
REPRESENTATION_ITEM('')
SURFACE()
);
#109=(
BOUNDED_SURFACE()
B_SPLINE_SURFACE(3,2,((#7002,#7003,#7004),(#7005,#7006,#7007),(#7008,#7009,
#7010),(#7011,#7012,#7013),(#7014,#7015,#7016),(#7017,#7018,#7019),(#7020,
#7021,#7022),(#7023,#7024,#7025)),.UNSPECIFIED.,.F.,.F.,.F.)
B_SPLINE_SURFACE_WITH_KNOTS((4,2,2,4),(3,3),(0.,0.25,0.5,1.),(0.,1.),
 .UNSPECIFIED.)
GEOMETRIC_REPRESENTATION_ITEM()
RATIONAL_B_SPLINE_SURFACE(((1.,0.113269884519449,1.),(1.,0.120196739997477,
1.),(1.,0.1874776727121,1.),(1.,0.308354809263038,1.),(1.,0.370565634656177,
1.),(1.,0.551766722398074,1.),(1.,0.663824052770582,1.),(1.,0.737277336808876,
1.)))
REPRESENTATION_ITEM('')
SURFACE()
);
#110=(
BOUNDED_SURFACE()
B_SPLINE_SURFACE(3,2,((#7030,#7031,#7032),(#7033,#7034,#7035),(#7036,#7037,
#7038),(#7039,#7040,#7041),(#7042,#7043,#7044),(#7045,#7046,#7047),(#7048,
#7049,#7050),(#7051,#7052,#7053)),.UNSPECIFIED.,.F.,.F.,.F.)
B_SPLINE_SURFACE_WITH_KNOTS((4,2,2,4),(3,3),(0.,0.5,0.75,1.),(0.,1.),
 .UNSPECIFIED.)
GEOMETRIC_REPRESENTATION_ITEM()
RATIONAL_B_SPLINE_SURFACE(((1.,0.737277336810123,1.),(1.,0.66381000494039,
1.),(1.,0.552387196857441,1.),(1.,0.371201805817693,1.),(1.,0.308498582134539,
1.),(1.,0.187346674674391,1.),(1.,0.120095452409425,1.),(1.,0.113269883455218,
1.)))
REPRESENTATION_ITEM('')
SURFACE()
);
#111=(
BOUNDED_SURFACE()
B_SPLINE_SURFACE(3,2,((#8538,#8539,#8540),(#8541,#8542,#8543),(#8544,#8545,
#8546),(#8547,#8548,#8549),(#8550,#8551,#8552),(#8553,#8554,#8555),(#8556,
#8557,#8558),(#8559,#8560,#8561),(#8562,#8563,#8564),(#8565,#8566,#8567),
(#8568,#8569,#8570),(#8571,#8572,#8573),(#8574,#8575,#8576),(#8577,#8578,
#8579),(#8580,#8581,#8582),(#8583,#8584,#8585),(#8586,#8587,#8588),(#8589,
#8590,#8591)),.UNSPECIFIED.,.F.,.F.,.F.)
B_SPLINE_SURFACE_WITH_KNOTS((4,2,2,2,2,2,2,2,4),(3,3),(0.,0.125,0.25,0.375,
0.5,0.625,0.75,0.875,1.),(0.,1.),.UNSPECIFIED.)
GEOMETRIC_REPRESENTATION_ITEM()
RATIONAL_B_SPLINE_SURFACE(((1.,1.,1.),(1.,0.999999536083674,1.),(1.,0.999473632370461,
1.),(1.,0.997473162969222,1.),(1.,0.995971152251012,1.),(1.,0.992285580339929,
1.),(1.,0.990105225309555,1.),(1.,0.985324591031344,1.),(1.,0.982729111590997,
1.),(1.,0.977743913766801,1.),(1.,0.975331036936804,1.),(1.,0.97103104384725,
1.),(1.,0.969213741780288,1.),(1.,0.966572126315767,1.),(1.,0.965743482303184,
1.),(1.,0.96533019321709,1.),(1.,0.965721195603867,1.),(1.,0.966714240927692,
1.)))
REPRESENTATION_ITEM('')
SURFACE()
);
#112=(
BOUNDED_SURFACE()
B_SPLINE_SURFACE(3,2,((#8823,#8824,#8825),(#8826,#8827,#8828),(#8829,#8830,
#8831),(#8832,#8833,#8834)),.UNSPECIFIED.,.F.,.F.,.F.)
B_SPLINE_SURFACE_WITH_KNOTS((4,4),(3,3),(0.,1.),(0.,1.),.UNSPECIFIED.)
GEOMETRIC_REPRESENTATION_ITEM()
RATIONAL_B_SPLINE_SURFACE(((1.,0.678069320765386,1.),(1.,0.659578979711494,
1.),(1.,0.64146548594282,1.),(1.,0.62371764567708,1.)))
REPRESENTATION_ITEM('')
SURFACE()
);
#113=(
BOUNDED_SURFACE()
B_SPLINE_SURFACE(3,2,((#8982,#8983,#8984),(#8985,#8986,#8987),(#8988,#8989,
#8990),(#8991,#8992,#8993),(#8994,#8995,#8996),(#8997,#8998,#8999),(#9000,
#9001,#9002),(#9003,#9004,#9005),(#9006,#9007,#9008),(#9009,#9010,#9011),
(#9012,#9013,#9014),(#9015,#9016,#9017),(#9018,#9019,#9020),(#9021,#9022,
#9023),(#9024,#9025,#9026),(#9027,#9028,#9029),(#9030,#9031,#9032),(#9033,
#9034,#9035)),.UNSPECIFIED.,.F.,.F.,.F.)
B_SPLINE_SURFACE_WITH_KNOTS((4,2,2,2,2,2,2,2,4),(3,3),(0.,0.125,0.25,0.375,
0.5,0.625,0.75,0.875,1.),(0.,1.),.UNSPECIFIED.)
GEOMETRIC_REPRESENTATION_ITEM()
RATIONAL_B_SPLINE_SURFACE(((1.00000010210874,0.779208228395022,1.),(1.00000010176867,
0.779943573912962,1.),(1.00000010208966,0.779249482081751,1.),(1.000000104046,
0.775019237314501,1.),(1.000000105646,0.771559541799444,1.),(1.00000010992599,
0.762304834839269,1.),(1.00000011265039,0.756413807647335,1.),(1.00000011885135,
0.743005341793549,1.),(1.00000012231541,0.735514940281767,1.),(1.00000012977129,
0.719392930668254,1.),(1.00000013379508,0.71069221915328,1.),(1.00000014183459,
0.693308218108157,1.),(1.00000014588573,0.684548356364732,1.),(1.00000015381639,
0.667399742193971,1.),(1.00000015766074,0.659087023428256,1.),(1.00000016463185,
0.644013254909644,1.),(1.00000016779771,0.637167649930457,1.),(1.00000017053704,
0.631244331336266,1.)))
REPRESENTATION_ITEM('')
SURFACE()
);
#114=(
BOUNDED_SURFACE()
B_SPLINE_SURFACE(3,2,((#9133,#9134,#9135),(#9136,#9137,#9138),(#9139,#9140,
#9141),(#9142,#9143,#9144)),.UNSPECIFIED.,.F.,.F.,.F.)
B_SPLINE_SURFACE_WITH_KNOTS((4,4),(3,3),(0.,1.),(0.,1.),.UNSPECIFIED.)
GEOMETRIC_REPRESENTATION_ITEM()
RATIONAL_B_SPLINE_SURFACE(((1.,0.678069321443754,1.),(1.,0.659578963229483,
1.),(1.,0.641465488733873,1.),(1.,0.623717645884125,1.)))
REPRESENTATION_ITEM('')
SURFACE()
);
#115=(
BOUNDED_SURFACE()
B_SPLINE_SURFACE(3,2,((#9170,#9171,#9172),(#9173,#9174,#9175),(#9176,#9177,
#9178),(#9179,#9180,#9181),(#9182,#9183,#9184),(#9185,#9186,#9187),(#9188,
#9189,#9190),(#9191,#9192,#9193),(#9194,#9195,#9196),(#9197,#9198,#9199),
(#9200,#9201,#9202),(#9203,#9204,#9205),(#9206,#9207,#9208),(#9209,#9210,
#9211),(#9212,#9213,#9214),(#9215,#9216,#9217),(#9218,#9219,#9220),(#9221,
#9222,#9223)),.UNSPECIFIED.,.F.,.F.,.F.)
B_SPLINE_SURFACE_WITH_KNOTS((4,2,2,2,2,2,2,2,4),(3,3),(0.,0.125,0.25,0.375,
0.5,0.625,0.75,0.875,1.),(0.,1.),.UNSPECIFIED.)
GEOMETRIC_REPRESENTATION_ITEM()
RATIONAL_B_SPLINE_SURFACE(((1.,0.779208200726573,1.00000015744567),(1.,
0.779943546335771,1.0000001569213),(1.,0.77924945441966,1.00000015741625),
(1.,0.775019209119921,1.00000016043282),(1.,0.771559513173152,1.00000016289991),
(1.,0.762304805051924,1.00000016949941),(1.,0.756413777121887,1.00000017370027),
(1.,0.743005309588871,1.00000018326179),(1.,0.735514907138822,1.00000018860317),
(1.,0.719392895503155,1.0000002000997),(1.,0.710692182899683,1.00000020630414),
(1.,0.693308179674262,1.0000002187006),(1.,0.68454831683283,1.00000022494722),
(1.,0.667399700515459,1.00000023717582),(1.,0.659086980706597,1.00000024310359),
(1.,0.644013210299542,1.00000025385263),(1.,0.637167604462044,1.0000002587342),
(1.,0.63124428512577,1.00000026295809)))
REPRESENTATION_ITEM('')
SURFACE()
);
#116=(
BOUNDED_SURFACE()
B_SPLINE_SURFACE(3,2,((#9240,#9241,#9242),(#9243,#9244,#9245),(#9246,#9247,
#9248),(#9249,#9250,#9251),(#9252,#9253,#9254),(#9255,#9256,#9257),(#9258,
#9259,#9260),(#9261,#9262,#9263),(#9264,#9265,#9266),(#9267,#9268,#9269),
(#9270,#9271,#9272),(#9273,#9274,#9275)),.UNSPECIFIED.,.F.,.F.,.F.)
B_SPLINE_SURFACE_WITH_KNOTS((4,2,2,2,2,4),(3,3),(0.,0.25,0.5,0.625,0.75,
1.),(0.,1.),.UNSPECIFIED.)
GEOMETRIC_REPRESENTATION_ITEM()
RATIONAL_B_SPLINE_SURFACE(((1.00012226852347,0.707170982199236,1.00013027353534),
(1.0001234789493,0.704272052869836,1.00013156320866),(1.00012255242852,
0.706491039099715,1.00013057602787),(1.0001178024356,0.717867113023444,
1.00012551504935),(1.0001139478131,0.727098804778987,1.00012140806183),
(1.00010807245433,0.741170092220061,1.00011514803892),(1.00010606568661,
0.745976233687601,1.00011300988661),(1.00010239041371,0.75477838915992,
1.00010909399084),(1.00010071415213,0.758792979496386,1.00010730798316),
(1.00009647130616,0.768954453457241,1.00010278735488),(1.00009478909231,
0.772983299278438,1.00010099500523),(1.00009482237259,0.772903594128729,
1.00010103046439)))
REPRESENTATION_ITEM('')
SURFACE()
);
#117=(
BOUNDED_SURFACE()
B_SPLINE_SURFACE(3,2,((#9405,#9406,#9407),(#9408,#9409,#9410),(#9411,#9412,
#9413),(#9414,#9415,#9416)),.UNSPECIFIED.,.F.,.F.,.F.)
B_SPLINE_SURFACE_WITH_KNOTS((4,4),(3,3),(0.,1.),(0.,1.),.UNSPECIFIED.)
GEOMETRIC_REPRESENTATION_ITEM()
RATIONAL_B_SPLINE_SURFACE(((1.,0.651425854938333,1.),(1.,0.682579928185453,
1.),(1.,0.711669564789515,1.),(1.,0.738990016381854,1.)))
REPRESENTATION_ITEM('')
SURFACE()
);
#118=(
BOUNDED_SURFACE()
B_SPLINE_SURFACE(3,2,((#9466,#9467,#9468),(#9469,#9470,#9471),(#9472,#9473,
#9474),(#9475,#9476,#9477),(#9478,#9479,#9480),(#9481,#9482,#9483),(#9484,
#9485,#9486),(#9487,#9488,#9489),(#9490,#9491,#9492),(#9493,#9494,#9495),
(#9496,#9497,#9498),(#9499,#9500,#9501)),.UNSPECIFIED.,.F.,.F.,.F.)
B_SPLINE_SURFACE_WITH_KNOTS((4,2,2,2,2,4),(3,3),(0.,0.25,0.5,0.625,0.75,
1.),(0.,1.),.UNSPECIFIED.)
GEOMETRIC_REPRESENTATION_ITEM()
RATIONAL_B_SPLINE_SURFACE(((1.00012226852168,0.707170982200703,1.00013027353419),
(1.0001234789475,0.70427205287121,1.0001315632075),(1.00012255242673,0.706491039101331,
1.00013057602672),(1.00011780243388,0.717867113024712,1.00012551504825),
(1.00011394781144,0.727098804781083,1.00012140806076),(1.00010807245275,
0.741170092220991,1.0001151480379),(1.00010606568506,0.745976233687409,
1.00011300988561),(1.00010239041222,0.754778389162614,1.00010909398988),
(1.00010071415066,0.758792979497447,1.00010730798221),(1.00009647130475,
0.768954453458691,1.00010278735398),(1.00009478909093,0.772983299279355,
1.00010099500434),(1.0000948223712,0.772903594129868,1.0001010304635)))
REPRESENTATION_ITEM('')
SURFACE()
);
#119=(
BOUNDED_SURFACE()
B_SPLINE_SURFACE(3,2,((#9589,#9590,#9591),(#9592,#9593,#9594),(#9595,#9596,
#9597),(#9598,#9599,#9600),(#9601,#9602,#9603),(#9604,#9605,#9606),(#9607,
#9608,#9609),(#9610,#9611,#9612),(#9613,#9614,#9615),(#9616,#9617,#9618),
(#9619,#9620,#9621),(#9622,#9623,#9624)),.UNSPECIFIED.,.F.,.F.,.F.)
B_SPLINE_SURFACE_WITH_KNOTS((4,2,2,2,2,4),(3,3),(0.,0.25,0.5,0.625,0.75,
1.),(0.,1.),.UNSPECIFIED.)
GEOMETRIC_REPRESENTATION_ITEM()
RATIONAL_B_SPLINE_SURFACE(((1.00000201105139,0.707296247651712,1.),(1.00000203096027,
0.704398558416294,1.),(1.00000201572101,0.706616595416932,1.),(1.00000193759396,
0.717987802918712,1.),(1.0000018741938,0.727215545573126,1.),(1.00000177755692,
0.741280813642287,1.),(1.00000174454995,0.746084899155086,1.),(1.0000016840997,
0.75488328926915,1.),(1.00000165652884,0.758896162258287,1.),(1.00000158674325,
0.769053289373955,1.),(1.00000155907449,0.773080411751565,1.),(1.00000155962188,
0.77300074069655,1.)))
REPRESENTATION_ITEM('')
SURFACE()
);
#120=OVER_RIDING_STYLED_ITEM('',(#162),#1100,#156);
#121=OVER_RIDING_STYLED_ITEM('',(#163),#1101,#156);
#122=OVER_RIDING_STYLED_ITEM('',(#164),#1102,#156);
#123=OVER_RIDING_STYLED_ITEM('',(#165),#1103,#156);
#124=OVER_RIDING_STYLED_ITEM('',(#166),#1104,#156);
#125=OVER_RIDING_STYLED_ITEM('',(#167),#1105,#156);
#126=OVER_RIDING_STYLED_ITEM('',(#168),#1106,#156);
#127=OVER_RIDING_STYLED_ITEM('',(#169),#1107,#156);
#128=OVER_RIDING_STYLED_ITEM('',(#170),#1108,#156);
#129=OVER_RIDING_STYLED_ITEM('',(#171),#1109,#156);
#130=OVER_RIDING_STYLED_ITEM('',(#172),#1110,#156);
#131=OVER_RIDING_STYLED_ITEM('',(#173),#1111,#156);
#132=OVER_RIDING_STYLED_ITEM('',(#174),#1112,#156);
#133=OVER_RIDING_STYLED_ITEM('',(#175),#1113,#156);
#134=OVER_RIDING_STYLED_ITEM('',(#176),#1114,#156);
#135=OVER_RIDING_STYLED_ITEM('',(#177),#1115,#156);
#136=OVER_RIDING_STYLED_ITEM('',(#178),#1116,#156);
#137=OVER_RIDING_STYLED_ITEM('',(#179),#1117,#156);
#138=OVER_RIDING_STYLED_ITEM('',(#180),#1118,#156);
#139=OVER_RIDING_STYLED_ITEM('',(#181),#1119,#156);
#140=OVER_RIDING_STYLED_ITEM('',(#182),#1120,#156);
#141=OVER_RIDING_STYLED_ITEM('',(#183),#1121,#156);
#142=OVER_RIDING_STYLED_ITEM('',(#184),#1122,#156);
#143=OVER_RIDING_STYLED_ITEM('',(#185),#1123,#156);
#144=OVER_RIDING_STYLED_ITEM('',(#186),#1124,#156);
#145=OVER_RIDING_STYLED_ITEM('',(#187),#1125,#156);
#146=OVER_RIDING_STYLED_ITEM('',(#188),#1126,#156);
#147=OVER_RIDING_STYLED_ITEM('',(#189),#1127,#156);
#148=OVER_RIDING_STYLED_ITEM('',(#190),#1128,#156);
#149=OVER_RIDING_STYLED_ITEM('',(#191),#1129,#156);
#150=OVER_RIDING_STYLED_ITEM('',(#192),#1130,#156);
#151=OVER_RIDING_STYLED_ITEM('',(#193),#1131,#156);
#152=OVER_RIDING_STYLED_ITEM('',(#198),#1245,#160);
#153=OVER_RIDING_STYLED_ITEM('',(#199),#1327,#160);
#154=COLOUR_RGB('medium steel',0.596078431372549,0.666666666666667,0.686274509803922);
#155=PRESENTATION_LAYER_ASSIGNMENT('1','Layer 1',(#396,#397,#398,#399,#400));
#156=STYLED_ITEM('',(#161),#396);
#157=STYLED_ITEM('',(#194),#397);
#158=STYLED_ITEM('',(#195),#398);
#159=STYLED_ITEM('',(#196),#399);
#160=STYLED_ITEM('',(#197),#400);
#161=PRESENTATION_STYLE_ASSIGNMENT((#200));
#162=PRESENTATION_STYLE_ASSIGNMENT((#201));
#163=PRESENTATION_STYLE_ASSIGNMENT((#202));
#164=PRESENTATION_STYLE_ASSIGNMENT((#203));
#165=PRESENTATION_STYLE_ASSIGNMENT((#204));
#166=PRESENTATION_STYLE_ASSIGNMENT((#205));
#167=PRESENTATION_STYLE_ASSIGNMENT((#206));
#168=PRESENTATION_STYLE_ASSIGNMENT((#207));
#169=PRESENTATION_STYLE_ASSIGNMENT((#208));
#170=PRESENTATION_STYLE_ASSIGNMENT((#209));
#171=PRESENTATION_STYLE_ASSIGNMENT((#210));
#172=PRESENTATION_STYLE_ASSIGNMENT((#211));
#173=PRESENTATION_STYLE_ASSIGNMENT((#212));
#174=PRESENTATION_STYLE_ASSIGNMENT((#213));
#175=PRESENTATION_STYLE_ASSIGNMENT((#214));
#176=PRESENTATION_STYLE_ASSIGNMENT((#215));
#177=PRESENTATION_STYLE_ASSIGNMENT((#216));
#178=PRESENTATION_STYLE_ASSIGNMENT((#217));
#179=PRESENTATION_STYLE_ASSIGNMENT((#218));
#180=PRESENTATION_STYLE_ASSIGNMENT((#219));
#181=PRESENTATION_STYLE_ASSIGNMENT((#220));
#182=PRESENTATION_STYLE_ASSIGNMENT((#221));
#183=PRESENTATION_STYLE_ASSIGNMENT((#222));
#184=PRESENTATION_STYLE_ASSIGNMENT((#223));
#185=PRESENTATION_STYLE_ASSIGNMENT((#224));
#186=PRESENTATION_STYLE_ASSIGNMENT((#225));
#187=PRESENTATION_STYLE_ASSIGNMENT((#226));
#188=PRESENTATION_STYLE_ASSIGNMENT((#227));
#189=PRESENTATION_STYLE_ASSIGNMENT((#228));
#190=PRESENTATION_STYLE_ASSIGNMENT((#229));
#191=PRESENTATION_STYLE_ASSIGNMENT((#230));
#192=PRESENTATION_STYLE_ASSIGNMENT((#231));
#193=PRESENTATION_STYLE_ASSIGNMENT((#232));
#194=PRESENTATION_STYLE_ASSIGNMENT((#233));
#195=PRESENTATION_STYLE_ASSIGNMENT((#234));
#196=PRESENTATION_STYLE_ASSIGNMENT((#235));
#197=PRESENTATION_STYLE_ASSIGNMENT((#236));
#198=PRESENTATION_STYLE_ASSIGNMENT((#237));
#199=PRESENTATION_STYLE_ASSIGNMENT((#238));
#200=SURFACE_STYLE_USAGE(.BOTH.,#239);
#201=SURFACE_STYLE_USAGE(.BOTH.,#240);
#202=SURFACE_STYLE_USAGE(.BOTH.,#241);
#203=SURFACE_STYLE_USAGE(.BOTH.,#242);
#204=SURFACE_STYLE_USAGE(.BOTH.,#243);
#205=SURFACE_STYLE_USAGE(.BOTH.,#244);
#206=SURFACE_STYLE_USAGE(.BOTH.,#245);
#207=SURFACE_STYLE_USAGE(.BOTH.,#246);
#208=SURFACE_STYLE_USAGE(.BOTH.,#247);
#209=SURFACE_STYLE_USAGE(.BOTH.,#248);
#210=SURFACE_STYLE_USAGE(.BOTH.,#249);
#211=SURFACE_STYLE_USAGE(.BOTH.,#250);
#212=SURFACE_STYLE_USAGE(.BOTH.,#251);
#213=SURFACE_STYLE_USAGE(.BOTH.,#252);
#214=SURFACE_STYLE_USAGE(.BOTH.,#253);
#215=SURFACE_STYLE_USAGE(.BOTH.,#254);
#216=SURFACE_STYLE_USAGE(.BOTH.,#255);
#217=SURFACE_STYLE_USAGE(.BOTH.,#256);
#218=SURFACE_STYLE_USAGE(.BOTH.,#257);
#219=SURFACE_STYLE_USAGE(.BOTH.,#258);
#220=SURFACE_STYLE_USAGE(.BOTH.,#259);
#221=SURFACE_STYLE_USAGE(.BOTH.,#260);
#222=SURFACE_STYLE_USAGE(.BOTH.,#261);
#223=SURFACE_STYLE_USAGE(.BOTH.,#262);
#224=SURFACE_STYLE_USAGE(.BOTH.,#263);
#225=SURFACE_STYLE_USAGE(.BOTH.,#264);
#226=SURFACE_STYLE_USAGE(.BOTH.,#265);
#227=SURFACE_STYLE_USAGE(.BOTH.,#266);
#228=SURFACE_STYLE_USAGE(.BOTH.,#267);
#229=SURFACE_STYLE_USAGE(.BOTH.,#268);
#230=SURFACE_STYLE_USAGE(.BOTH.,#269);
#231=SURFACE_STYLE_USAGE(.BOTH.,#270);
#232=SURFACE_STYLE_USAGE(.BOTH.,#271);
#233=SURFACE_STYLE_USAGE(.BOTH.,#272);
#234=SURFACE_STYLE_USAGE(.BOTH.,#273);
#235=SURFACE_STYLE_USAGE(.BOTH.,#274);
#236=SURFACE_STYLE_USAGE(.BOTH.,#275);
#237=SURFACE_STYLE_USAGE(.BOTH.,#276);
#238=SURFACE_STYLE_USAGE(.BOTH.,#277);
#239=SURFACE_SIDE_STYLE('',(#278));
#240=SURFACE_SIDE_STYLE('',(#279));
#241=SURFACE_SIDE_STYLE('',(#280));
#242=SURFACE_SIDE_STYLE('',(#281));
#243=SURFACE_SIDE_STYLE('',(#282));
#244=SURFACE_SIDE_STYLE('',(#283));
#245=SURFACE_SIDE_STYLE('',(#284));
#246=SURFACE_SIDE_STYLE('',(#285));
#247=SURFACE_SIDE_STYLE('',(#286));
#248=SURFACE_SIDE_STYLE('',(#287));
#249=SURFACE_SIDE_STYLE('',(#288));
#250=SURFACE_SIDE_STYLE('',(#289));
#251=SURFACE_SIDE_STYLE('',(#290));
#252=SURFACE_SIDE_STYLE('',(#291));
#253=SURFACE_SIDE_STYLE('',(#292));
#254=SURFACE_SIDE_STYLE('',(#293));
#255=SURFACE_SIDE_STYLE('',(#294));
#256=SURFACE_SIDE_STYLE('',(#295));
#257=SURFACE_SIDE_STYLE('',(#296));
#258=SURFACE_SIDE_STYLE('',(#297));
#259=SURFACE_SIDE_STYLE('',(#298));
#260=SURFACE_SIDE_STYLE('',(#299));
#261=SURFACE_SIDE_STYLE('',(#300));
#262=SURFACE_SIDE_STYLE('',(#301));
#263=SURFACE_SIDE_STYLE('',(#302));
#264=SURFACE_SIDE_STYLE('',(#303));
#265=SURFACE_SIDE_STYLE('',(#304));
#266=SURFACE_SIDE_STYLE('',(#305));
#267=SURFACE_SIDE_STYLE('',(#306));
#268=SURFACE_SIDE_STYLE('',(#307));
#269=SURFACE_SIDE_STYLE('',(#308));
#270=SURFACE_SIDE_STYLE('',(#309));
#271=SURFACE_SIDE_STYLE('',(#310));
#272=SURFACE_SIDE_STYLE('',(#311));
#273=SURFACE_SIDE_STYLE('',(#312));
#274=SURFACE_SIDE_STYLE('',(#313));
#275=SURFACE_SIDE_STYLE('',(#314));
#276=SURFACE_SIDE_STYLE('',(#315));
#277=SURFACE_SIDE_STYLE('',(#316));
#278=SURFACE_STYLE_FILL_AREA(#317);
#279=SURFACE_STYLE_FILL_AREA(#318);
#280=SURFACE_STYLE_FILL_AREA(#319);
#281=SURFACE_STYLE_FILL_AREA(#320);
#282=SURFACE_STYLE_FILL_AREA(#321);
#283=SURFACE_STYLE_FILL_AREA(#322);
#284=SURFACE_STYLE_FILL_AREA(#323);
#285=SURFACE_STYLE_FILL_AREA(#324);
#286=SURFACE_STYLE_FILL_AREA(#325);
#287=SURFACE_STYLE_FILL_AREA(#326);
#288=SURFACE_STYLE_FILL_AREA(#327);
#289=SURFACE_STYLE_FILL_AREA(#328);
#290=SURFACE_STYLE_FILL_AREA(#329);
#291=SURFACE_STYLE_FILL_AREA(#330);
#292=SURFACE_STYLE_FILL_AREA(#331);
#293=SURFACE_STYLE_FILL_AREA(#332);
#294=SURFACE_STYLE_FILL_AREA(#333);
#295=SURFACE_STYLE_FILL_AREA(#334);
#296=SURFACE_STYLE_FILL_AREA(#335);
#297=SURFACE_STYLE_FILL_AREA(#336);
#298=SURFACE_STYLE_FILL_AREA(#337);
#299=SURFACE_STYLE_FILL_AREA(#338);
#300=SURFACE_STYLE_FILL_AREA(#339);
#301=SURFACE_STYLE_FILL_AREA(#340);
#302=SURFACE_STYLE_FILL_AREA(#341);
#303=SURFACE_STYLE_FILL_AREA(#342);
#304=SURFACE_STYLE_FILL_AREA(#343);
#305=SURFACE_STYLE_FILL_AREA(#344);
#306=SURFACE_STYLE_FILL_AREA(#345);
#307=SURFACE_STYLE_FILL_AREA(#346);
#308=SURFACE_STYLE_FILL_AREA(#347);
#309=SURFACE_STYLE_FILL_AREA(#348);
#310=SURFACE_STYLE_FILL_AREA(#349);
#311=SURFACE_STYLE_FILL_AREA(#350);
#312=SURFACE_STYLE_FILL_AREA(#351);
#313=SURFACE_STYLE_FILL_AREA(#352);
#314=SURFACE_STYLE_FILL_AREA(#353);
#315=SURFACE_STYLE_FILL_AREA(#354);
#316=SURFACE_STYLE_FILL_AREA(#355);
#317=FILL_AREA_STYLE('',(#356));
#318=FILL_AREA_STYLE('',(#357));
#319=FILL_AREA_STYLE('',(#358));
#320=FILL_AREA_STYLE('',(#359));
#321=FILL_AREA_STYLE('',(#360));
#322=FILL_AREA_STYLE('',(#361));
#323=FILL_AREA_STYLE('',(#362));
#324=FILL_AREA_STYLE('',(#363));
#325=FILL_AREA_STYLE('',(#364));
#326=FILL_AREA_STYLE('',(#365));
#327=FILL_AREA_STYLE('',(#366));
#328=FILL_AREA_STYLE('',(#367));
#329=FILL_AREA_STYLE('',(#368));
#330=FILL_AREA_STYLE('',(#369));
#331=FILL_AREA_STYLE('',(#370));
#332=FILL_AREA_STYLE('',(#371));
#333=FILL_AREA_STYLE('',(#372));
#334=FILL_AREA_STYLE('',(#373));
#335=FILL_AREA_STYLE('',(#374));
#336=FILL_AREA_STYLE('',(#375));
#337=FILL_AREA_STYLE('',(#376));
#338=FILL_AREA_STYLE('',(#377));
#339=FILL_AREA_STYLE('',(#378));
#340=FILL_AREA_STYLE('',(#379));
#341=FILL_AREA_STYLE('',(#380));
#342=FILL_AREA_STYLE('',(#381));
#343=FILL_AREA_STYLE('',(#382));
#344=FILL_AREA_STYLE('',(#383));
#345=FILL_AREA_STYLE('',(#384));
#346=FILL_AREA_STYLE('',(#385));
#347=FILL_AREA_STYLE('',(#386));
#348=FILL_AREA_STYLE('',(#387));
#349=FILL_AREA_STYLE('',(#388));
#350=FILL_AREA_STYLE('',(#389));
#351=FILL_AREA_STYLE('',(#390));
#352=FILL_AREA_STYLE('',(#391));
#353=FILL_AREA_STYLE('',(#392));
#354=FILL_AREA_STYLE('',(#393));
#355=FILL_AREA_STYLE('',(#394));
#356=FILL_AREA_STYLE_COLOUR('',#395);
#357=FILL_AREA_STYLE_COLOUR('',#154);
#358=FILL_AREA_STYLE_COLOUR('',#154);
#359=FILL_AREA_STYLE_COLOUR('',#154);
#360=FILL_AREA_STYLE_COLOUR('',#154);
#361=FILL_AREA_STYLE_COLOUR('',#154);
#362=FILL_AREA_STYLE_COLOUR('',#154);
#363=FILL_AREA_STYLE_COLOUR('',#154);
#364=FILL_AREA_STYLE_COLOUR('',#154);
#365=FILL_AREA_STYLE_COLOUR('',#154);
#366=FILL_AREA_STYLE_COLOUR('',#154);
#367=FILL_AREA_STYLE_COLOUR('',#154);
#368=FILL_AREA_STYLE_COLOUR('',#154);
#369=FILL_AREA_STYLE_COLOUR('',#154);
#370=FILL_AREA_STYLE_COLOUR('',#154);
#371=FILL_AREA_STYLE_COLOUR('',#154);
#372=FILL_AREA_STYLE_COLOUR('',#154);
#373=FILL_AREA_STYLE_COLOUR('',#154);
#374=FILL_AREA_STYLE_COLOUR('',#154);
#375=FILL_AREA_STYLE_COLOUR('',#154);
#376=FILL_AREA_STYLE_COLOUR('',#154);
#377=FILL_AREA_STYLE_COLOUR('',#154);
#378=FILL_AREA_STYLE_COLOUR('',#154);
#379=FILL_AREA_STYLE_COLOUR('',#154);
#380=FILL_AREA_STYLE_COLOUR('',#154);
#381=FILL_AREA_STYLE_COLOUR('',#154);
#382=FILL_AREA_STYLE_COLOUR('',#154);
#383=FILL_AREA_STYLE_COLOUR('',#154);
#384=FILL_AREA_STYLE_COLOUR('',#154);
#385=FILL_AREA_STYLE_COLOUR('',#154);
#386=FILL_AREA_STYLE_COLOUR('',#154);
#387=FILL_AREA_STYLE_COLOUR('',#154);
#388=FILL_AREA_STYLE_COLOUR('',#154);
#389=FILL_AREA_STYLE_COLOUR('',#395);
#390=FILL_AREA_STYLE_COLOUR('',#395);
#391=FILL_AREA_STYLE_COLOUR('',#154);
#392=FILL_AREA_STYLE_COLOUR('',#395);
#393=FILL_AREA_STYLE_COLOUR('',#154);
#394=FILL_AREA_STYLE_COLOUR('',#154);
#395=DRAUGHTING_PRE_DEFINED_COLOUR('black');
#396=MANIFOLD_SOLID_BREP('SOLID1',#401);
#397=MANIFOLD_SOLID_BREP('SOLID1',#402);
#398=MANIFOLD_SOLID_BREP('SOLID1',#403);
#399=MANIFOLD_SOLID_BREP('',#404);
#400=MANIFOLD_SOLID_BREP('SOLID1',#405);
#401=CLOSED_SHELL('',(#1100,#1101,#1102,#1103,#1104,#1105,#1106,#1107,#1108,
#1109,#1110,#1111,#1112,#1113,#1114,#1115,#1116,#1117,#1118,#1119,#1120,
#1121,#1122,#1123,#1124,#1125,#1126,#1127,#1128,#1129,#1130,#1131,#1132));
#402=CLOSED_SHELL('',(#1133,#1134,#1135,#1136));
#403=CLOSED_SHELL('',(#1137,#1138,#1139,#1140,#1141,#1142,#1143,#1144,#1145,
#1146,#1147,#1148,#1149,#1150,#1151,#1152,#1153,#1154,#1155,#1156,#1157,
#1158,#1159,#1160,#1161,#1162,#1163,#1164,#1165,#1166,#1167,#1168,#1169,
#1170,#1171,#1172,#1173,#1174,#1175,#1176,#1177,#1178,#1179,#1180,#1181,
#1182,#1183,#1184,#1185,#1186,#1187,#1188,#1189,#1190));
#404=CLOSED_SHELL('',(#1191,#1192,#1193,#1194,#1195,#1196,#1197,#1198,#1199,
#1200,#1201,#1202,#1203,#1204,#1205,#1206,#1207,#1208,#1209,#1210,#1211,
#1212,#1213,#1214,#1215,#1216,#1217,#1218,#1219,#1220,#1221,#1222,#1223,
#1224));
#405=CLOSED_SHELL('',(#1225,#1226,#1227,#1228,#1229,#1230,#1231,#1232,#1233,
#1234,#1235,#1236,#1237,#1238,#1239,#1240,#1241,#1242,#1243,#1244,#1245,
#1246,#1247,#1248,#1249,#1250,#1251,#1252,#1253,#1254,#1255,#1256,#1257,
#1258,#1259,#1260,#1261,#1262,#1263,#1264,#1265,#1266,#1267,#1268,#1269,
#1270,#1271,#1272,#1273,#1274,#1275,#1276,#1277,#1278,#1279,#1280,#1281,
#1282,#1283,#1284,#1285,#1286,#1287,#1288,#1289,#1290,#1291,#1292,#1293,
#1294,#1295,#1296,#1297,#1298,#1299,#1300,#1301,#1302,#1303,#1304,#1305,
#1306,#1307,#1308,#1309,#1310,#1311,#1312,#1313,#1314,#1315,#1316,#1317,
#1318,#1319,#1320,#1321,#1322,#1323,#1324,#1325,#1326,#1327,#1328,#1329,
#1330,#1331,#1332,#1333,#1334,#1335,#1336,#1337,#1338,#1339,#1340,#1341,
#1342,#1343,#1344,#1345,#1346,#1347,#1348,#1349,#1350,#1351,#1352,#1353,
#1354,#1355,#1356,#1357,#1358,#1359,#1360,#1361,#1362,#1363,#1364,#1365,
#1366));
#406=CONICAL_SURFACE('',#4473,0.177834620444898,45.6233649548857);
#407=CONICAL_SURFACE('',#4475,0.173694030590332,44.3766350436245);
#408=CONICAL_SURFACE('',#4477,0.178859410145377,56.5558264494561);
#409=CONICAL_SURFACE('',#4481,0.177832063258012,45.710325732243);
#410=CONICAL_SURFACE('',#4483,0.173688569593445,44.3468669981685);
#411=CONICAL_SURFACE('',#4484,0.178856506335404,56.6427872270975);
#412=CONICAL_SURFACE('',#4488,0.177834620444895,45.6233649548849);
#413=CONICAL_SURFACE('',#4490,0.17369403059033,44.3766350436269);
#414=CONICAL_SURFACE('',#4492,0.178859410145375,56.5558264494549);
#415=CONICAL_SURFACE('',#4496,0.17783206325801,45.7103257322415);
#416=CONICAL_SURFACE('',#4498,0.173688569593444,44.3468669981693);
#417=CONICAL_SURFACE('',#4499,0.178856506335402,56.6427872270959);
#418=CONICAL_SURFACE('',#4500,0.05,12.3800903190004);
#419=CONICAL_SURFACE('',#4566,0.0375,22.0602519233714);
#420=CONICAL_SURFACE('',#4638,0.100621032234073,5.);
#421=CONICAL_SURFACE('',#4693,0.07,5.);
#422=CONICAL_SURFACE('',#4766,0.0700000000000001,25.);
#423=CONICAL_SURFACE('',#4774,0.15141,25.);
#424=CONICAL_SURFACE('',#4775,0.175,12.3936724036546);
#425=CONICAL_SURFACE('',#4778,0.05,23.1058016305501);
#426=CONICAL_SURFACE('',#4786,0.0699999999999998,80.4900000000002);
#427=CONICAL_SURFACE('',#4787,0.0699999999999998,80.4900000000002);
#428=CONICAL_SURFACE('',#4788,0.0699999999999998,80.4900000000002);
#429=CONICAL_SURFACE('',#4789,0.175,12.3936724036546);
#430=CONICAL_SURFACE('',#4790,0.175,12.3936724036546);
#431=CONICAL_SURFACE('',#4822,0.055,16.4007871183511);
#432=TOROIDAL_SURFACE('',#4459,0.20300000000001,0.01585);
#433=TOROIDAL_SURFACE('',#4587,0.55,0.05);
#434=TOROIDAL_SURFACE('',#4588,0.3,0.05);
#435=TOROIDAL_SURFACE('',#4616,0.06585,0.05);
#436=TOROIDAL_SURFACE('',#4627,0.21585,0.1);
#437=TOROIDAL_SURFACE('',#4628,0.13585,0.02);
#438=TOROIDAL_SURFACE('',#4644,0.108472014021359,0.01);
#439=TOROIDAL_SURFACE('',#4646,0.105459975297517,0.01);
#440=TOROIDAL_SURFACE('',#4695,0.049826680980159,0.019778356103938);
#441=TOROIDAL_SURFACE('',#4698,0.0499999999999999,0.02);
#442=TOROIDAL_SURFACE('',#4704,0.039600966880951,0.019822610777013);
#443=TOROIDAL_SURFACE('',#4711,0.039600966880951,0.019822610777013);
#444=TOROIDAL_SURFACE('',#4712,0.039600966880951,0.019822610777013);
#445=TOROIDAL_SURFACE('',#4717,0.039600966880951,0.019822610777013);
#446=TOROIDAL_SURFACE('',#4723,0.036125738516769,0.019778356103938);
#447=TOROIDAL_SURFACE('',#4728,0.12419245837458,0.025);
#448=TOROIDAL_SURFACE('',#4730,0.0361257386069179,0.019778356103938);
#449=TOROIDAL_SURFACE('',#4731,0.0361257385815788,0.019778356103938);
#450=TOROIDAL_SURFACE('',#4734,0.12419245837458,0.025);
#451=TOROIDAL_SURFACE('',#4736,0.0361257385421186,0.019778356103938);
#452=TOROIDAL_SURFACE('',#4739,0.12419245837458,0.025);
#453=TOROIDAL_SURFACE('',#4743,0.543517310442729,0.523738954338791);
#454=TOROIDAL_SURFACE('',#4744,0.538543281501728,0.51876492539779);
#455=TOROIDAL_SURFACE('',#4749,0.538543281501728,0.51876492539779);
#456=TOROIDAL_SURFACE('',#4750,0.54351653785647,0.523738181752532);
#457=TOROIDAL_SURFACE('',#4818,0.177,0.002);
#458=TOROIDAL_SURFACE('',#4819,0.177,0.002);
#459=TOROIDAL_SURFACE('',#4820,0.177,0.002);
#460=TOROIDAL_SURFACE('',#4821,0.177,0.002);
#461=FACE_BOUND('',#1645,.T.);
#462=FACE_BOUND('',#1646,.T.);
#463=FACE_BOUND('',#1647,.T.);
#464=FACE_BOUND('',#1648,.T.);
#465=FACE_BOUND('',#1651,.T.);
#466=FACE_BOUND('',#1652,.T.);
#467=FACE_BOUND('',#1653,.T.);
#468=FACE_BOUND('',#1654,.T.);
#469=FACE_BOUND('',#1655,.T.);
#470=FACE_BOUND('',#1656,.T.);
#471=FACE_BOUND('',#1657,.T.);
#472=FACE_BOUND('',#1658,.T.);
#473=FACE_BOUND('',#1659,.T.);
#474=FACE_BOUND('',#1660,.T.);
#475=FACE_BOUND('',#1661,.T.);
#476=FACE_BOUND('',#1662,.T.);
#477=FACE_BOUND('',#1664,.T.);
#478=FACE_BOUND('',#1665,.T.);
#479=FACE_BOUND('',#1666,.T.);
#480=FACE_BOUND('',#1667,.T.);
#481=FACE_BOUND('',#1668,.T.);
#482=FACE_BOUND('',#1669,.T.);
#483=FACE_BOUND('',#1670,.T.);
#484=FACE_BOUND('',#1671,.T.);
#485=FACE_BOUND('',#1672,.T.);
#486=FACE_BOUND('',#1673,.T.);
#487=FACE_BOUND('',#1674,.T.);
#488=FACE_BOUND('',#1675,.T.);
#489=FACE_BOUND('',#1676,.T.);
#490=FACE_BOUND('',#1677,.T.);
#491=FACE_BOUND('',#1678,.T.);
#492=FACE_BOUND('',#1679,.T.);
#493=FACE_BOUND('',#1680,.T.);
#494=FACE_BOUND('',#1681,.T.);
#495=FACE_BOUND('',#1682,.T.);
#496=FACE_BOUND('',#1683,.T.);
#497=FACE_BOUND('',#1684,.T.);
#498=FACE_BOUND('',#1685,.T.);
#499=FACE_BOUND('',#1686,.T.);
#500=FACE_BOUND('',#1687,.T.);
#501=FACE_BOUND('',#1688,.T.);
#502=FACE_BOUND('',#1689,.T.);
#503=FACE_BOUND('',#1690,.T.);
#504=FACE_BOUND('',#1691,.T.);
#505=FACE_BOUND('',#1692,.T.);
#506=FACE_BOUND('',#1693,.T.);
#507=FACE_BOUND('',#1694,.T.);
#508=FACE_BOUND('',#1695,.T.);
#509=FACE_BOUND('',#1696,.T.);
#510=FACE_BOUND('',#1697,.T.);
#511=FACE_BOUND('',#1698,.T.);
#512=FACE_BOUND('',#1699,.T.);
#513=FACE_BOUND('',#1700,.T.);
#514=FACE_BOUND('',#1701,.T.);
#515=FACE_BOUND('',#1702,.T.);
#516=FACE_BOUND('',#1703,.T.);
#517=FACE_BOUND('',#1704,.T.);
#518=FACE_BOUND('',#1705,.T.);
#519=FACE_BOUND('',#1708,.T.);
#520=FACE_BOUND('',#1709,.T.);
#521=FACE_BOUND('',#1717,.T.);
#522=FACE_BOUND('',#1718,.T.);
#523=FACE_BOUND('',#1719,.T.);
#524=FACE_BOUND('',#1720,.T.);
#525=FACE_BOUND('',#1736,.T.);
#526=FACE_BOUND('',#1737,.T.);
#527=FACE_BOUND('',#1738,.T.);
#528=FACE_BOUND('',#1739,.T.);
#529=FACE_BOUND('',#1740,.T.);
#530=FACE_BOUND('',#1741,.T.);
#531=FACE_BOUND('',#1766,.T.);
#532=FACE_BOUND('',#1767,.T.);
#533=FACE_BOUND('',#1768,.T.);
#534=FACE_BOUND('',#1773,.T.);
#535=FACE_BOUND('',#1774,.T.);
#536=FACE_BOUND('',#1781,.T.);
#537=FACE_BOUND('',#1782,.T.);
#538=FACE_BOUND('',#1797,.T.);
#539=FACE_BOUND('',#1798,.T.);
#540=FACE_BOUND('',#1799,.T.);
#541=FACE_BOUND('',#1800,.T.);
#542=FACE_BOUND('',#1805,.T.);
#543=FACE_BOUND('',#1806,.T.);
#544=FACE_BOUND('',#1807,.T.);
#545=FACE_BOUND('',#1808,.T.);
#546=FACE_BOUND('',#1809,.T.);
#547=FACE_BOUND('',#1810,.T.);
#548=FACE_BOUND('',#1812,.T.);
#549=FACE_BOUND('',#1813,.T.);
#550=FACE_BOUND('',#1818,.T.);
#551=FACE_BOUND('',#1819,.T.);
#552=FACE_BOUND('',#1820,.T.);
#553=FACE_BOUND('',#1821,.T.);
#554=FACE_BOUND('',#1822,.T.);
#555=FACE_BOUND('',#1823,.T.);
#556=FACE_BOUND('',#1824,.T.);
#557=FACE_BOUND('',#1825,.T.);
#558=FACE_BOUND('',#1826,.T.);
#559=FACE_BOUND('',#1827,.T.);
#560=FACE_BOUND('',#1830,.T.);
#561=FACE_BOUND('',#1831,.T.);
#562=FACE_BOUND('',#1832,.T.);
#563=FACE_BOUND('',#1833,.T.);
#564=FACE_BOUND('',#1834,.T.);
#565=FACE_BOUND('',#1835,.T.);
#566=FACE_BOUND('',#1836,.T.);
#567=FACE_BOUND('',#1838,.T.);
#568=FACE_BOUND('',#1839,.T.);
#569=FACE_BOUND('',#1840,.T.);
#570=FACE_BOUND('',#1841,.T.);
#571=FACE_BOUND('',#1917,.T.);
#572=FACE_BOUND('',#1918,.T.);
#573=FACE_BOUND('',#1919,.T.);
#574=FACE_BOUND('',#1920,.T.);
#575=FACE_BOUND('',#1921,.T.);
#576=FACE_BOUND('',#1922,.T.);
#577=FACE_BOUND('',#1923,.T.);
#578=FACE_BOUND('',#1924,.T.);
#579=FACE_BOUND('',#1926,.T.);
#580=FACE_BOUND('',#1927,.T.);
#581=FACE_BOUND('',#1928,.T.);
#582=FACE_BOUND('',#1929,.T.);
#583=FACE_BOUND('',#1944,.T.);
#584=FACE_BOUND('',#1945,.T.);
#585=FACE_BOUND('',#1946,.T.);
#586=FACE_BOUND('',#1947,.T.);
#587=FACE_BOUND('',#1948,.T.);
#588=FACE_BOUND('',#1949,.T.);
#589=FACE_BOUND('',#1950,.T.);
#590=FACE_BOUND('',#1951,.T.);
#591=FACE_BOUND('',#1952,.T.);
#592=FACE_BOUND('',#1953,.T.);
#593=FACE_BOUND('',#1954,.T.);
#594=FACE_BOUND('',#1955,.T.);
#595=FACE_BOUND('',#1956,.T.);
#596=FACE_BOUND('',#1957,.T.);
#597=FACE_BOUND('',#1958,.T.);
#598=FACE_BOUND('',#1959,.T.);
#599=FACE_BOUND('',#1960,.T.);
#600=FACE_BOUND('',#1961,.T.);
#601=FACE_BOUND('',#1962,.T.);
#602=FACE_BOUND('',#1963,.T.);
#603=FACE_BOUND('',#1964,.T.);
#604=FACE_BOUND('',#1965,.T.);
#605=FACE_BOUND('',#1966,.T.);
#606=FACE_BOUND('',#1967,.T.);
#607=FACE_BOUND('',#1968,.T.);
#608=FACE_BOUND('',#1969,.T.);
#609=FACE_BOUND('',#1970,.T.);
#610=FACE_BOUND('',#1971,.T.);
#611=FACE_BOUND('',#1972,.T.);
#612=FACE_BOUND('',#1973,.T.);
#613=FACE_BOUND('',#1974,.T.);
#614=FACE_BOUND('',#1975,.T.);
#615=FACE_BOUND('',#1976,.T.);
#616=FACE_BOUND('',#1977,.T.);
#617=FACE_BOUND('',#1978,.T.);
#618=FACE_BOUND('',#1979,.T.);
#619=FACE_BOUND('',#1980,.T.);
#620=FACE_BOUND('',#1981,.T.);
#621=FACE_BOUND('',#1985,.T.);
#622=FACE_BOUND('',#1986,.T.);
#623=B_SPLINE_CURVE_WITH_KNOTS('',3,(#5864,#5865,#5866,#5867,#5868,#5869),
 .UNSPECIFIED.,.F.,.F.,(4,2,4),(0.,0.5,1.),.UNSPECIFIED.);
#624=B_SPLINE_CURVE_WITH_KNOTS('',3,(#5872,#5873,#5874,#5875),
 .UNSPECIFIED.,.F.,.F.,(4,4),(0.,1.),.UNSPECIFIED.);
#625=B_SPLINE_CURVE_WITH_KNOTS('',3,(#6101,#6102,#6103,#6104,#6105,#6106),
 .UNSPECIFIED.,.T.,.F.,(2,2,2,2,2),(-0.5,0.,0.5,1.,1.5),.UNSPECIFIED.);
#626=B_SPLINE_CURVE_WITH_KNOTS('',3,(#6129,#6130,#6131,#6132,#6133,#6134,
#6135,#6136,#6137,#6138,#6139,#6140,#6141),.UNSPECIFIED.,.F.,.F.,(4,3,3,
3,4),(0.,0.427559390198673,0.861795886683946,0.94166731139283,1.),
 .UNSPECIFIED.);
#627=B_SPLINE_CURVE_WITH_KNOTS('',3,(#6152,#6153,#6154,#6155),
 .UNSPECIFIED.,.F.,.F.,(4,4),(0.,1.),.UNSPECIFIED.);
#628=B_SPLINE_CURVE_WITH_KNOTS('',3,(#6160,#6161,#6162,#6163),
 .UNSPECIFIED.,.F.,.F.,(4,4),(0.,1.),.UNSPECIFIED.);
#629=B_SPLINE_CURVE_WITH_KNOTS('',3,(#6165,#6166,#6167,#6168),
 .UNSPECIFIED.,.F.,.F.,(4,4),(0.,1.),.UNSPECIFIED.);
#630=B_SPLINE_CURVE_WITH_KNOTS('',3,(#6173,#6174,#6175,#6176,#6177,#6178,
#6179,#6180,#6181,#6182,#6183,#6184,#6185,#6186,#6187,#6188),
 .UNSPECIFIED.,.F.,.F.,(4,3,3,3,3,4),(0.,0.170851925475605,0.340876480423958,
0.561979517116863,0.873464166929636,1.),.UNSPECIFIED.);
#631=B_SPLINE_CURVE_WITH_KNOTS('',3,(#6190,#6191,#6192,#6193,#6194,#6195,
#6196,#6197,#6198,#6199,#6200,#6201,#6202,#6203,#6204,#6205),
 .UNSPECIFIED.,.F.,.F.,(4,3,3,3,3,4),(0.,0.141706138091966,0.510930543265469,
0.734969660922069,0.876980901314857,1.),.UNSPECIFIED.);
#632=B_SPLINE_CURVE_WITH_KNOTS('',3,(#6265,#6266,#6267,#6268,#6269,#6270,
#6271,#6272,#6273,#6274,#6275,#6276,#6277),.UNSPECIFIED.,.F.,.F.,(4,3,3,
3,4),(0.,0.134450527934806,0.698918305192076,0.876229865113171,1.),
 .UNSPECIFIED.);
#633=B_SPLINE_CURVE_WITH_KNOTS('',3,(#6290,#6291,#6292,#6293,#6294,#6295,
#6296,#6297,#6298,#6299,#6300,#6301,#6302,#6303,#6304,#6305),
 .UNSPECIFIED.,.F.,.F.,(4,3,3,3,3,4),(0.,0.0737877372756056,0.168953975068576,
0.335335838682286,0.662351348810795,1.),.UNSPECIFIED.);
#634=B_SPLINE_CURVE_WITH_KNOTS('',3,(#6317,#6318,#6319,#6320),
 .UNSPECIFIED.,.F.,.F.,(4,4),(0.,1.),.UNSPECIFIED.);
#635=B_SPLINE_CURVE_WITH_KNOTS('',3,(#6324,#6325,#6326,#6327,#6328,#6329,
#6330,#6331,#6332,#6333,#6334,#6335,#6336,#6337,#6338,#6339),
 .UNSPECIFIED.,.F.,.F.,(4,3,3,3,3,4),(0.,0.208426840472375,0.415565600734882,
0.639435334351347,0.909540394291959,1.),.UNSPECIFIED.);
#636=B_SPLINE_CURVE_WITH_KNOTS('',3,(#6341,#6342,#6343,#6344,#6345,#6346,
#6347,#6348,#6349,#6350,#6351,#6352,#6353),.UNSPECIFIED.,.F.,.F.,(4,3,3,
3,4),(0.,0.253269809700271,0.506348902141556,0.762256273627569,1.),
 .UNSPECIFIED.);
#637=B_SPLINE_CURVE_WITH_KNOTS('',3,(#6355,#6356,#6357,#6358,#6359,#6360,
#6361,#6362,#6363,#6364,#6365,#6366,#6367,#6368,#6369,#6370,#6371,#6372,
#6373,#6374,#6375,#6376,#6377,#6378,#6379),.UNSPECIFIED.,.F.,.F.,(4,3,3,
3,3,3,3,3,4),(0.,0.018235950362882,0.0255667597161855,0.0664078255159432,
0.0809558784586094,0.201281015969296,0.370317747987286,0.921127078906813,
1.),.UNSPECIFIED.);
#638=B_SPLINE_CURVE_WITH_KNOTS('',3,(#6381,#6382,#6383,#6384),
 .UNSPECIFIED.,.F.,.F.,(4,4),(0.,1.),.UNSPECIFIED.);
#639=B_SPLINE_CURVE_WITH_KNOTS('',3,(#6462,#6463,#6464,#6465,#6466,#6467,
#6468,#6469,#6470,#6471,#6472,#6473,#6474,#6475,#6476,#6477),
 .UNSPECIFIED.,.F.,.F.,(4,3,3,3,3,4),(0.,0.232434099759887,0.534205959640835,
0.891569466427072,0.971944872080582,1.),.UNSPECIFIED.);
#640=B_SPLINE_CURVE_WITH_KNOTS('',3,(#6488,#6489,#6490,#6491,#6492,#6493,
#6494,#6495,#6496,#6497,#6498,#6499,#6500,#6501,#6502,#6503,#6504,#6505,
#6506),.UNSPECIFIED.,.F.,.F.,(4,3,3,3,3,3,4),(0.,0.0738294258806849,0.100796334775799,
0.421633054547166,0.508346834361689,0.796498930027152,1.),.UNSPECIFIED.);
#641=B_SPLINE_CURVE_WITH_KNOTS('',3,(#6539,#6540,#6541,#6542,#6543,#6544,
#6545,#6546,#6547,#6548,#6549,#6550,#6551,#6552,#6553,#6554,#6555,#6556,
#6557,#6558,#6559,#6560,#6561,#6562,#6563,#6564,#6565,#6566,#6567,#6568,
#6569,#6570,#6571,#6572,#6573,#6574,#6575),.UNSPECIFIED.,.F.,.F.,(4,3,3,
3,3,3,3,3,3,3,3,3,4),(0.,0.0722774545555041,0.218850620023045,0.364541533502998,
0.431337621583061,0.470468633180018,0.503051748107994,0.540353001946415,
0.57448130136234,0.652349938586355,0.72411914376,0.884470371233084,1.),
 .UNSPECIFIED.);
#642=B_SPLINE_CURVE_WITH_KNOTS('',3,(#6577,#6578,#6579,#6580,#6581,#6582,
#6583,#6584,#6585,#6586,#6587,#6588,#6589,#6590,#6591,#6592,#6593,#6594,
#6595,#6596,#6597,#6598),.UNSPECIFIED.,.F.,.F.,(4,3,3,3,3,3,3,4),(0.,0.00029162760773413,
0.0594070326068714,0.118517200688593,0.236584593506838,0.576368618373569,
0.794164687295139,1.),.UNSPECIFIED.);
#643=B_SPLINE_CURVE_WITH_KNOTS('',3,(#6602,#6603,#6604,#6605,#6606,#6607,
#6608),.UNSPECIFIED.,.F.,.F.,(4,3,4),(0.,0.496207860911574,1.),
 .UNSPECIFIED.);
#644=B_SPLINE_CURVE_WITH_KNOTS('',3,(#6609,#6610,#6611,#6612,#6613,#6614,
#6615,#6616,#6617,#6618,#6619,#6620,#6621),.UNSPECIFIED.,.F.,.F.,(4,3,3,
3,4),(0.,0.000374281556441443,0.426158595915902,0.756009661730438,1.),
 .UNSPECIFIED.);
#645=B_SPLINE_CURVE_WITH_KNOTS('',3,(#6623,#6624,#6625,#6626,#6627,#6628,
#6629),.UNSPECIFIED.,.F.,.F.,(4,3,4),(0.,0.503792139088424,1.),
 .UNSPECIFIED.);
#646=B_SPLINE_CURVE_WITH_KNOTS('',3,(#6633,#6634,#6635,#6636,#6637,#6638,
#6639,#6640,#6641,#6642,#6643,#6644,#6645,#6646,#6647,#6648,#6649,#6650,
#6651,#6652,#6653,#6654),.UNSPECIFIED.,.F.,.F.,(4,3,3,3,3,3,3,4),(0.,0.20583531270486,
0.423631381626431,0.763415406493161,0.881482799311401,0.940592967393125,
0.999708372392266,1.),.UNSPECIFIED.);
#647=B_SPLINE_CURVE_WITH_KNOTS('',3,(#6655,#6656,#6657,#6658,#6659,#6660,
#6661,#6662,#6663,#6664,#6665,#6666,#6667),.UNSPECIFIED.,.F.,.F.,(4,3,3,
3,4),(0.,0.243990338269562,0.573841404084097,0.999625718443562,1.),
 .UNSPECIFIED.);
#648=B_SPLINE_CURVE_WITH_KNOTS('',3,(#6669,#6670,#6671,#6672,#6673,#6674,
#6675,#6676,#6677,#6678,#6679,#6680,#6681,#6682,#6683,#6684,#6685,#6686,
#6687,#6688,#6689,#6690),.UNSPECIFIED.,.F.,.F.,(4,3,3,3,3,3,3,4),(0.,0.167430156634969,
0.358871220536314,0.710411249656242,0.852031867172236,0.925427713215762,
0.99970385482798,1.),.UNSPECIFIED.);
#649=B_SPLINE_CURVE_WITH_KNOTS('',3,(#6691,#6692,#6693,#6694,#6695,#6696,
#6697,#6698,#6699,#6700,#6701,#6702,#6703,#6704,#6705,#6706,#6707,#6708,
#6709,#6710,#6711,#6712),.UNSPECIFIED.,.F.,.F.,(4,3,3,3,3,3,3,4),(0.,0.000296145172083361,
0.0745722867842433,0.147968132827771,0.289588750343759,0.641128779463686,
0.832569843365031,1.),.UNSPECIFIED.);
#650=B_SPLINE_CURVE_WITH_KNOTS('',3,(#6714,#6715,#6716,#6717,#6718,#6719,
#6720,#6721,#6722,#6723,#6724,#6725,#6726,#6727,#6728,#6729),
 .UNSPECIFIED.,.F.,.F.,(4,3,3,3,3,4),(0.,0.164273669768329,0.469906350355333,
0.891093986684852,0.999475482745435,1.),.UNSPECIFIED.);
#651=B_SPLINE_CURVE_WITH_KNOTS('',3,(#6730,#6731,#6732,#6733,#6734,#6735,
#6736,#6737,#6738,#6739,#6740,#6741,#6742,#6743,#6744,#6745),
 .UNSPECIFIED.,.F.,.F.,(4,3,3,3,3,4),(0.,0.000524517254565008,0.108906013315149,
0.530093649644668,0.835726330231671,1.),.UNSPECIFIED.);
#652=B_SPLINE_CURVE_WITH_KNOTS('',3,(#6747,#6748,#6749,#6750,#6751,#6752,
#6753),.UNSPECIFIED.,.F.,.F.,(4,3,4),(0.,0.450900521857191,1.),
 .UNSPECIFIED.);
#653=B_SPLINE_CURVE_WITH_KNOTS('',3,(#6756,#6757,#6758,#6759,#6760,#6761,
#6762,#6763,#6764,#6765,#6766,#6767,#6768,#6769,#6770,#6771,#6772,#6773,
#6774,#6775,#6776,#6777,#6778,#6779,#6780,#6781,#6782,#6783,#6784,#6785,
#6786,#6787,#6788,#6789),.UNSPECIFIED.,.F.,.F.,(4,3,3,3,3,3,3,3,3,3,3,4),
(0.,0.0501370352717068,0.213507556867115,0.374610361531063,0.435648273292459,
0.444080092445656,0.495582398762815,0.503040408936825,0.547019951545445,
0.61552011489189,0.751207785317372,1.),.UNSPECIFIED.);
#654=B_SPLINE_CURVE_WITH_KNOTS('',3,(#6791,#6792,#6793,#6794,#6795,#6796,
#6797,#6798,#6799,#6800),.UNSPECIFIED.,.F.,.F.,(4,3,3,4),(0.,0.141965428445211,
0.715811734424704,1.),.UNSPECIFIED.);
#655=B_SPLINE_CURVE_WITH_KNOTS('',3,(#6802,#6803,#6804,#6805,#6806,#6807,
#6808,#6809,#6810,#6811),.UNSPECIFIED.,.F.,.F.,(4,3,3,4),(0.,0.0601663414458986,
0.510830071606424,1.),.UNSPECIFIED.);
#656=B_SPLINE_CURVE_WITH_KNOTS('',3,(#6812,#6813,#6814,#6815,#6816,#6817,
#6818),.UNSPECIFIED.,.F.,.F.,(4,3,4),(0.,0.488397920791226,1.),
 .UNSPECIFIED.);
#657=B_SPLINE_CURVE_WITH_KNOTS('',2,(#6819,#6820,#6821,#6822,#6823,#6824),
 .UNSPECIFIED.,.F.,.F.,(3,1,1,1,3),(0.,0.396638914994276,0.606362092611993,
0.765043798520073,1.),.UNSPECIFIED.);
#658=B_SPLINE_CURVE_WITH_KNOTS('',3,(#6862,#6863,#6864,#6865,#6866,#6867,
#6868,#6869,#6870,#6871,#6872,#6873,#6874,#6875,#6876,#6877,#6878,#6879,
#6880),.UNSPECIFIED.,.F.,.F.,(4,3,3,3,3,3,4),(0.,0.0226758141221936,0.140312458674284,
0.355234351769837,0.570156236739707,0.785078118261916,1.),.UNSPECIFIED.);
#659=B_SPLINE_CURVE_WITH_KNOTS('',3,(#6908,#6909,#6910,#6911,#6912,#6913,
#6914,#6915,#6916,#6917,#6918,#6919,#6920,#6921,#6922,#6923,#6924,#6925,
#6926),.UNSPECIFIED.,.F.,.F.,(4,3,3,3,3,3,4),(0.,0.214921881756287,0.4298437632967,
0.644765648284773,0.85968754139853,0.977324185962947,1.),.UNSPECIFIED.);
#660=B_SPLINE_CURVE_WITH_KNOTS('',3,(#6962,#6963,#6964,#6965,#6966,#6967,
#6968,#6969,#6970,#6971,#6972,#6973,#6974,#6975,#6976,#6977),
 .UNSPECIFIED.,.F.,.F.,(4,3,3,3,3,4),(0.,0.107054302019061,0.115688373606733,
0.481807025482691,0.780424645886444,1.),.UNSPECIFIED.);
#661=B_SPLINE_CURVE_WITH_KNOTS('',3,(#6981,#6982,#6983,#6984,#6985,#6986,
#6987,#6988,#6989,#6990,#6991,#6992,#6993),.UNSPECIFIED.,.F.,.F.,(4,3,3,
3,4),(0.,0.191285485401021,0.474397188551921,0.892848120805505,1.),
 .UNSPECIFIED.);
#662=B_SPLINE_CURVE_WITH_KNOTS('',3,(#7060,#7061,#7062,#7063,#7064,#7065,
#7066),.UNSPECIFIED.,.F.,.F.,(4,3,4),(0.,0.542322040782166,1.),
 .UNSPECIFIED.);
#663=B_SPLINE_CURVE_WITH_KNOTS('',3,(#7070,#7071,#7072,#7073,#7074,#7075,
#7076),.UNSPECIFIED.,.F.,.F.,(4,3,4),(0.,0.546189985241934,1.),
 .UNSPECIFIED.);
#664=B_SPLINE_CURVE_WITH_KNOTS('',3,(#7096,#7097,#7098,#7099),
 .UNSPECIFIED.,.F.,.F.,(4,4),(0.,1.),.UNSPECIFIED.);
#665=B_SPLINE_CURVE_WITH_KNOTS('',3,(#7106,#7107,#7108,#7109,#7110,#7111,
#7112,#7113,#7114,#7115),.UNSPECIFIED.,.F.,.F.,(4,3,3,4),(0.,0.459055054217201,
0.91623026342612,1.),.UNSPECIFIED.);
#666=B_SPLINE_CURVE_WITH_KNOTS('',3,(#7118,#7119,#7120,#7121,#7122,#7123),
 .UNSPECIFIED.,.F.,.F.,(4,2,4),(0.,0.5,1.),.UNSPECIFIED.);
#667=B_SPLINE_CURVE_WITH_KNOTS('',3,(#7126,#7127,#7128,#7129,#7130,#7131,
#7132),.UNSPECIFIED.,.F.,.F.,(4,3,4),(0.,0.487193884143202,1.),
 .UNSPECIFIED.);
#668=B_SPLINE_CURVE_WITH_KNOTS('',3,(#7136,#7137,#7138,#7139,#7140,#7141),
 .UNSPECIFIED.,.T.,.F.,(2,2,2,2,2),(-0.5,0.,0.5,1.,1.5),.UNSPECIFIED.);
#669=B_SPLINE_CURVE_WITH_KNOTS('',3,(#7152,#7153,#7154,#7155),
 .UNSPECIFIED.,.F.,.F.,(4,4),(0.,1.),.UNSPECIFIED.);
#670=B_SPLINE_CURVE_WITH_KNOTS('',3,(#7167,#7168,#7169,#7170),
 .UNSPECIFIED.,.F.,.F.,(4,4),(0.,1.),.UNSPECIFIED.);
#671=B_SPLINE_CURVE_WITH_KNOTS('',3,(#7172,#7173,#7174,#7175),
 .UNSPECIFIED.,.F.,.F.,(4,4),(0.,1.),.UNSPECIFIED.);
#672=B_SPLINE_CURVE_WITH_KNOTS('',3,(#7179,#7180,#7181,#7182),
 .UNSPECIFIED.,.F.,.F.,(4,4),(0.,1.),.UNSPECIFIED.);
#673=B_SPLINE_CURVE_WITH_KNOTS('',3,(#7184,#7185,#7186,#7187),
 .UNSPECIFIED.,.F.,.F.,(4,4),(0.,1.),.UNSPECIFIED.);
#674=B_SPLINE_CURVE_WITH_KNOTS('',3,(#7215,#7216,#7217,#7218),
 .UNSPECIFIED.,.F.,.F.,(4,4),(0.,1.),.UNSPECIFIED.);
#675=B_SPLINE_CURVE_WITH_KNOTS('',3,(#7221,#7222,#7223,#7224),
 .UNSPECIFIED.,.F.,.F.,(4,4),(0.,1.),.UNSPECIFIED.);
#676=B_SPLINE_CURVE_WITH_KNOTS('',3,(#7226,#7227,#7228,#7229),
 .UNSPECIFIED.,.F.,.F.,(4,4),(0.,1.),.UNSPECIFIED.);
#677=B_SPLINE_CURVE_WITH_KNOTS('',3,(#7251,#7252,#7253,#7254),
 .UNSPECIFIED.,.F.,.F.,(4,4),(0.,1.),.UNSPECIFIED.);
#678=B_SPLINE_CURVE_WITH_KNOTS('',3,(#7257,#7258,#7259,#7260),
 .UNSPECIFIED.,.F.,.F.,(4,4),(0.,1.),.UNSPECIFIED.);
#679=B_SPLINE_CURVE_WITH_KNOTS('',3,(#7262,#7263,#7264,#7265),
 .UNSPECIFIED.,.F.,.F.,(4,4),(0.,1.),.UNSPECIFIED.);
#680=B_SPLINE_CURVE_WITH_KNOTS('',3,(#7268,#7269,#7270,#7271),
 .UNSPECIFIED.,.F.,.F.,(4,4),(0.,1.),.UNSPECIFIED.);
#681=B_SPLINE_CURVE_WITH_KNOTS('',3,(#7273,#7274,#7275,#7276),
 .UNSPECIFIED.,.F.,.F.,(4,4),(0.,1.),.UNSPECIFIED.);
#682=B_SPLINE_CURVE_WITH_KNOTS('',3,(#7278,#7279,#7280,#7281),
 .UNSPECIFIED.,.F.,.F.,(4,4),(0.,1.),.UNSPECIFIED.);
#683=B_SPLINE_CURVE_WITH_KNOTS('',3,(#7283,#7284,#7285,#7286),
 .UNSPECIFIED.,.F.,.F.,(4,4),(0.,1.),.UNSPECIFIED.);
#684=B_SPLINE_CURVE_WITH_KNOTS('',3,(#7288,#7289,#7290,#7291),
 .UNSPECIFIED.,.F.,.F.,(4,4),(0.,1.),.UNSPECIFIED.);
#685=B_SPLINE_CURVE_WITH_KNOTS('',3,(#7293,#7294,#7295,#7296),
 .UNSPECIFIED.,.F.,.F.,(4,4),(0.,1.),.UNSPECIFIED.);
#686=B_SPLINE_CURVE_WITH_KNOTS('',3,(#7298,#7299,#7300,#7301),
 .UNSPECIFIED.,.F.,.F.,(4,4),(0.,1.),.UNSPECIFIED.);
#687=B_SPLINE_CURVE_WITH_KNOTS('',3,(#7303,#7304,#7305,#7306),
 .UNSPECIFIED.,.F.,.F.,(4,4),(0.,1.),.UNSPECIFIED.);
#688=B_SPLINE_CURVE_WITH_KNOTS('',3,(#7307,#7308,#7309,#7310,#7311,#7312,
#7313,#7314,#7315,#7316,#7317,#7318,#7319,#7320,#7321,#7322,#7323,#7324),
 .UNSPECIFIED.,.F.,.F.,(4,2,2,2,2,2,2,2,4),(0.,0.125,0.25,0.375,0.5,0.625,
0.75,0.875,1.),.UNSPECIFIED.);
#689=B_SPLINE_CURVE_WITH_KNOTS('',3,(#7327,#7328,#7329,#7330,#7331,#7332,
#7333,#7334,#7335,#7336,#7337,#7338,#7339,#7340),.UNSPECIFIED.,.F.,.F.,
(4,2,2,2,2,2,4),(0.,0.166666666666667,0.333333333333333,0.5,0.666666666666667,
0.833333333333333,1.),.UNSPECIFIED.);
#690=B_SPLINE_CURVE_WITH_KNOTS('',3,(#7342,#7343,#7344,#7345,#7346,#7347,
#7348,#7349,#7350,#7351),.UNSPECIFIED.,.F.,.F.,(4,2,2,2,4),(0.,0.25,0.5,
0.75,1.),.UNSPECIFIED.);
#691=B_SPLINE_CURVE_WITH_KNOTS('',3,(#7353,#7354,#7355,#7356,#7357,#7358,
#7359,#7360,#7361,#7362,#7363,#7364,#7365,#7366,#7367,#7368,#7369,#7370,
#7371,#7372,#7373,#7374,#7375,#7376,#7377,#7378,#7379,#7380,#7381,#7382),
 .UNSPECIFIED.,.F.,.F.,(4,2,2,2,2,2,2,2,2,2,2,2,2,2,4),(0.,0.0714285714285714,
0.142857142857143,0.214285714285714,0.285714285714286,0.357142857142857,
0.428571428571429,0.5,0.571428571428571,0.642857142857143,0.714285714285714,
0.785714285714286,0.857142857142857,0.928571428571429,1.),.UNSPECIFIED.);
#692=B_SPLINE_CURVE_WITH_KNOTS('',3,(#7845,#7846,#7847,#7848,#7849,#7850),
 .UNSPECIFIED.,.F.,.F.,(4,2,4),(0.,0.5,1.),.UNSPECIFIED.);
#693=B_SPLINE_CURVE_WITH_KNOTS('',3,(#8137,#8138,#8139,#8140,#8141,#8142,
#8143,#8144,#8145,#8146,#8147,#8148,#8149,#8150,#8151,#8152,#8153,#8154,
#8155,#8156,#8157,#8158,#8159,#8160,#8161,#8162,#8163,#8164,#8165,#8166,
#8167,#8168,#8169,#8170,#8171,#8172,#8173,#8174,#8175,#8176,#8177,#8178,
#8179,#8180,#8181,#8182,#8183,#8184,#8185,#8186,#8187,#8188,#8189,#8190,
#8191,#8192,#8193,#8194,#8195,#8196,#8197),.UNSPECIFIED.,.T.,.F.,(1,3,3,
3,3,3,3,3,3,3,3,3,3,3,3,3,3,3,3,3,3,3,1),(-0.0166108060086667,0.,0.0536912486859536,
0.107383224622002,0.161082894007316,0.214794532321187,0.268516728940188,
0.322243453035429,0.375967087184764,0.429681747165292,0.483385516110004,
0.499999944711165,0.553692981021233,0.607386590058584,0.661086434282886,
0.714796634548382,0.76851713849843,0.822243501732797,0.87596844663269,0.929684867124768,
0.983389193991333,1.,1.05369124868595),.UNSPECIFIED.);
#694=B_SPLINE_CURVE_WITH_KNOTS('',3,(#8205,#8206,#8207,#8208),
 .UNSPECIFIED.,.F.,.F.,(4,4),(0.,1.),.UNSPECIFIED.);
#695=B_SPLINE_CURVE_WITH_KNOTS('',3,(#8211,#8212,#8213,#8214),
 .UNSPECIFIED.,.F.,.F.,(4,4),(0.,1.),.UNSPECIFIED.);
#696=B_SPLINE_CURVE_WITH_KNOTS('',3,(#8216,#8217,#8218,#8219),
 .UNSPECIFIED.,.F.,.F.,(4,4),(0.,1.),.UNSPECIFIED.);
#697=B_SPLINE_CURVE_WITH_KNOTS('',3,(#8236,#8237,#8238,#8239),
 .UNSPECIFIED.,.F.,.F.,(4,4),(0.,1.),.UNSPECIFIED.);
#698=B_SPLINE_CURVE_WITH_KNOTS('',3,(#8243,#8244,#8245,#8246),
 .UNSPECIFIED.,.F.,.F.,(4,4),(0.,1.),.UNSPECIFIED.);
#699=B_SPLINE_CURVE_WITH_KNOTS('',3,(#8250,#8251,#8252,#8253),
 .UNSPECIFIED.,.F.,.F.,(4,4),(0.,1.),.UNSPECIFIED.);
#700=B_SPLINE_CURVE_WITH_KNOTS('',3,(#8257,#8258,#8259,#8260),
 .UNSPECIFIED.,.F.,.F.,(4,4),(0.,1.),.UNSPECIFIED.);
#701=B_SPLINE_CURVE_WITH_KNOTS('',3,(#8263,#8264,#8265,#8266),
 .UNSPECIFIED.,.F.,.F.,(4,4),(0.,1.),.UNSPECIFIED.);
#702=B_SPLINE_CURVE_WITH_KNOTS('',3,(#8268,#8269,#8270,#8271,#8272,#8273,
#8274),.UNSPECIFIED.,.F.,.F.,(4,3,4),(0.,0.666908150789647,1.),
 .UNSPECIFIED.);
#703=B_SPLINE_CURVE_WITH_KNOTS('',3,(#8276,#8277,#8278,#8279),
 .UNSPECIFIED.,.F.,.F.,(4,4),(0.,1.),.UNSPECIFIED.);
#704=B_SPLINE_CURVE_WITH_KNOTS('',3,(#8281,#8282,#8283,#8284),
 .UNSPECIFIED.,.F.,.F.,(4,4),(0.,1.),.UNSPECIFIED.);
#705=B_SPLINE_CURVE_WITH_KNOTS('',3,(#8286,#8287,#8288,#8289),
 .UNSPECIFIED.,.F.,.F.,(4,4),(0.,1.),.UNSPECIFIED.);
#706=B_SPLINE_CURVE_WITH_KNOTS('',3,(#8293,#8294,#8295,#8296),
 .UNSPECIFIED.,.F.,.F.,(4,4),(0.,1.),.UNSPECIFIED.);
#707=B_SPLINE_CURVE_WITH_KNOTS('',3,(#8298,#8299,#8300,#8301),
 .UNSPECIFIED.,.F.,.F.,(4,4),(0.,1.),.UNSPECIFIED.);
#708=B_SPLINE_CURVE_WITH_KNOTS('',3,(#8303,#8304,#8305,#8306),
 .UNSPECIFIED.,.F.,.F.,(4,4),(0.,1.),.UNSPECIFIED.);
#709=B_SPLINE_CURVE_WITH_KNOTS('',3,(#8308,#8309,#8310,#8311),
 .UNSPECIFIED.,.F.,.F.,(4,4),(0.,1.),.UNSPECIFIED.);
#710=B_SPLINE_CURVE_WITH_KNOTS('',3,(#8314,#8315,#8316,#8317),
 .UNSPECIFIED.,.F.,.F.,(4,4),(0.,1.),.UNSPECIFIED.);
#711=B_SPLINE_CURVE_WITH_KNOTS('',3,(#8319,#8320,#8321,#8322),
 .UNSPECIFIED.,.F.,.F.,(4,4),(0.,1.),.UNSPECIFIED.);
#712=B_SPLINE_CURVE_WITH_KNOTS('',3,(#8324,#8325,#8326,#8327),
 .UNSPECIFIED.,.F.,.F.,(4,4),(0.,1.),.UNSPECIFIED.);
#713=B_SPLINE_CURVE_WITH_KNOTS('',3,(#8331,#8332,#8333,#8334),
 .UNSPECIFIED.,.F.,.F.,(4,4),(0.,1.),.UNSPECIFIED.);
#714=B_SPLINE_CURVE_WITH_KNOTS('',3,(#8336,#8337,#8338,#8339,#8340,#8341,
#8342),.UNSPECIFIED.,.F.,.F.,(4,3,4),(0.,0.659087521000883,1.),
 .UNSPECIFIED.);
#715=B_SPLINE_CURVE_WITH_KNOTS('',3,(#8344,#8345,#8346,#8347),
 .UNSPECIFIED.,.F.,.F.,(4,4),(0.,1.),.UNSPECIFIED.);
#716=B_SPLINE_CURVE_WITH_KNOTS('',3,(#8349,#8350,#8351,#8352),
 .UNSPECIFIED.,.F.,.F.,(4,4),(0.,1.),.UNSPECIFIED.);
#717=B_SPLINE_CURVE_WITH_KNOTS('',3,(#8354,#8355,#8356,#8357),
 .UNSPECIFIED.,.F.,.F.,(4,4),(0.,1.),.UNSPECIFIED.);
#718=B_SPLINE_CURVE_WITH_KNOTS('',3,(#8359,#8360,#8361,#8362),
 .UNSPECIFIED.,.F.,.F.,(4,4),(0.,1.),.UNSPECIFIED.);
#719=B_SPLINE_CURVE_WITH_KNOTS('',3,(#8365,#8366,#8367,#8368),
 .UNSPECIFIED.,.F.,.F.,(4,4),(0.,1.),.UNSPECIFIED.);
#720=B_SPLINE_CURVE_WITH_KNOTS('',3,(#8370,#8371,#8372,#8373,#8374,#8375,
#8376),.UNSPECIFIED.,.F.,.F.,(4,3,4),(0.,0.659174492092941,1.),
 .UNSPECIFIED.);
#721=B_SPLINE_CURVE_WITH_KNOTS('',3,(#8378,#8379,#8380,#8381),
 .UNSPECIFIED.,.F.,.F.,(4,4),(0.,1.),.UNSPECIFIED.);
#722=B_SPLINE_CURVE_WITH_KNOTS('',3,(#8383,#8384,#8385,#8386),
 .UNSPECIFIED.,.F.,.F.,(4,4),(0.,1.),.UNSPECIFIED.);
#723=B_SPLINE_CURVE_WITH_KNOTS('',3,(#8388,#8389,#8390,#8391),
 .UNSPECIFIED.,.F.,.F.,(4,4),(0.,1.),.UNSPECIFIED.);
#724=B_SPLINE_CURVE_WITH_KNOTS('',3,(#8395,#8396,#8397,#8398),
 .UNSPECIFIED.,.F.,.F.,(4,4),(0.,1.),.UNSPECIFIED.);
#725=B_SPLINE_CURVE_WITH_KNOTS('',3,(#8400,#8401,#8402,#8403),
 .UNSPECIFIED.,.F.,.F.,(4,4),(0.,1.),.UNSPECIFIED.);
#726=B_SPLINE_CURVE_WITH_KNOTS('',3,(#8420,#8421,#8422,#8423),
 .UNSPECIFIED.,.F.,.F.,(4,4),(0.,1.),.UNSPECIFIED.);
#727=B_SPLINE_CURVE_WITH_KNOTS('',3,(#8426,#8427,#8428,#8429),
 .UNSPECIFIED.,.F.,.F.,(4,4),(0.,1.),.UNSPECIFIED.);
#728=B_SPLINE_CURVE_WITH_KNOTS('',3,(#8431,#8432,#8433,#8434),
 .UNSPECIFIED.,.F.,.F.,(4,4),(0.,1.),.UNSPECIFIED.);
#729=B_SPLINE_CURVE_WITH_KNOTS('',3,(#8451,#8452,#8453,#8454),
 .UNSPECIFIED.,.F.,.F.,(4,4),(0.,1.),.UNSPECIFIED.);
#730=B_SPLINE_CURVE_WITH_KNOTS('',3,(#8458,#8459,#8460,#8461),
 .UNSPECIFIED.,.F.,.F.,(4,4),(0.,1.),.UNSPECIFIED.);
#731=B_SPLINE_CURVE_WITH_KNOTS('',3,(#8463,#8464,#8465,#8466),
 .UNSPECIFIED.,.F.,.F.,(4,4),(0.,1.),.UNSPECIFIED.);
#732=B_SPLINE_CURVE_WITH_KNOTS('',3,(#8468,#8469,#8470,#8471),
 .UNSPECIFIED.,.F.,.F.,(4,4),(0.,1.),.UNSPECIFIED.);
#733=B_SPLINE_CURVE_WITH_KNOTS('',3,(#8473,#8474,#8475,#8476),
 .UNSPECIFIED.,.F.,.F.,(4,4),(0.,1.),.UNSPECIFIED.);
#734=B_SPLINE_CURVE_WITH_KNOTS('',3,(#8478,#8479,#8480,#8481),
 .UNSPECIFIED.,.F.,.F.,(4,4),(0.,1.),.UNSPECIFIED.);
#735=B_SPLINE_CURVE_WITH_KNOTS('',3,(#8488,#8489,#8490,#8491,#8492,#8493,
#8494,#8495,#8496,#8497,#8498,#8499,#8500,#8501,#8502,#8503,#8504,#8505,
#8506,#8507,#8508,#8509,#8510,#8511,#8512,#8513,#8514,#8515),
 .UNSPECIFIED.,.F.,.F.,(4,3,3,3,3,3,3,3,3,4),(0.,0.557175938547604,0.61160666946142,
0.66708371630633,0.694120820987146,0.721354944528146,0.752969054143203,
0.805356055834705,0.964425254390909,1.),.UNSPECIFIED.);
#736=B_SPLINE_CURVE_WITH_KNOTS('',3,(#8517,#8518,#8519,#8520),
 .UNSPECIFIED.,.F.,.F.,(4,4),(0.,1.),.UNSPECIFIED.);
#737=B_SPLINE_CURVE_WITH_KNOTS('',3,(#8522,#8523,#8524,#8525),
 .UNSPECIFIED.,.F.,.F.,(4,4),(0.,1.),.UNSPECIFIED.);
#738=B_SPLINE_CURVE_WITH_KNOTS('',3,(#8529,#8530,#8531,#8532),
 .UNSPECIFIED.,.F.,.F.,(4,4),(0.,1.),.UNSPECIFIED.);
#739=B_SPLINE_CURVE_WITH_KNOTS('',3,(#8534,#8535,#8536,#8537),
 .UNSPECIFIED.,.F.,.F.,(4,4),(0.,1.),.UNSPECIFIED.);
#740=B_SPLINE_CURVE_WITH_KNOTS('',3,(#8592,#8593,#8594,#8595,#8596,#8597,
#8598,#8599,#8600,#8601,#8602,#8603,#8604,#8605,#8606,#8607,#8608,#8609,
#8610,#8611,#8612,#8613),.UNSPECIFIED.,.F.,.F.,(4,3,3,3,3,3,3,4),(0.,0.0343819242316479,
0.146101096869362,0.256813552046577,0.406334220353384,0.635416201539252,
0.900132238833481,1.),.UNSPECIFIED.);
#741=B_SPLINE_CURVE_WITH_KNOTS('',3,(#8615,#8616,#8617,#8618),
 .UNSPECIFIED.,.F.,.F.,(4,4),(0.,1.),.UNSPECIFIED.);
#742=B_SPLINE_CURVE_WITH_KNOTS('',3,(#8620,#8621,#8622,#8623),
 .UNSPECIFIED.,.F.,.F.,(4,4),(0.,1.),.UNSPECIFIED.);
#743=B_SPLINE_CURVE_WITH_KNOTS('',3,(#8625,#8626,#8627,#8628),
 .UNSPECIFIED.,.F.,.F.,(4,4),(0.,1.),.UNSPECIFIED.);
#744=B_SPLINE_CURVE_WITH_KNOTS('',3,(#8631,#8632,#8633,#8634),
 .UNSPECIFIED.,.F.,.F.,(4,4),(0.,1.),.UNSPECIFIED.);
#745=B_SPLINE_CURVE_WITH_KNOTS('',3,(#8636,#8637,#8638,#8639),
 .UNSPECIFIED.,.F.,.F.,(4,4),(0.,1.),.UNSPECIFIED.);
#746=B_SPLINE_CURVE_WITH_KNOTS('',3,(#8641,#8642,#8643,#8644),
 .UNSPECIFIED.,.F.,.F.,(4,4),(0.,1.),.UNSPECIFIED.);
#747=B_SPLINE_CURVE_WITH_KNOTS('',3,(#8646,#8647,#8648,#8649,#8650,#8651,
#8652,#8653,#8654,#8655,#8656,#8657,#8658),.UNSPECIFIED.,.F.,.F.,(4,3,3,
3,4),(0.,0.165937527152687,0.329636763494528,0.638553198743727,1.),
 .UNSPECIFIED.);
#748=B_SPLINE_CURVE_WITH_KNOTS('',3,(#8660,#8661,#8662,#8663),
 .UNSPECIFIED.,.F.,.F.,(4,4),(0.,1.),.UNSPECIFIED.);
#749=B_SPLINE_CURVE_WITH_KNOTS('',3,(#8665,#8666,#8667,#8668),
 .UNSPECIFIED.,.F.,.F.,(4,4),(0.,1.),.UNSPECIFIED.);
#750=B_SPLINE_CURVE_WITH_KNOTS('',3,(#8674,#8675,#8676,#8677),
 .UNSPECIFIED.,.F.,.F.,(4,4),(0.,1.),.UNSPECIFIED.);
#751=B_SPLINE_CURVE_WITH_KNOTS('',3,(#8679,#8680,#8681,#8682),
 .UNSPECIFIED.,.F.,.F.,(4,4),(0.,1.),.UNSPECIFIED.);
#752=B_SPLINE_CURVE_WITH_KNOTS('',3,(#8683,#8684,#8685,#8686),
 .UNSPECIFIED.,.F.,.F.,(4,4),(0.,1.),.UNSPECIFIED.);
#753=B_SPLINE_CURVE_WITH_KNOTS('',3,(#8739,#8740,#8741,#8742),
 .UNSPECIFIED.,.F.,.F.,(4,4),(0.,1.),.UNSPECIFIED.);
#754=B_SPLINE_CURVE_WITH_KNOTS('',3,(#8745,#8746,#8747,#8748),
 .UNSPECIFIED.,.F.,.F.,(4,4),(0.,1.),.UNSPECIFIED.);
#755=B_SPLINE_CURVE_WITH_KNOTS('',3,(#8750,#8751,#8752,#8753),
 .UNSPECIFIED.,.F.,.F.,(4,4),(0.,1.),.UNSPECIFIED.);
#756=B_SPLINE_CURVE_WITH_KNOTS('',3,(#8755,#8756,#8757,#8758),
 .UNSPECIFIED.,.F.,.F.,(4,4),(0.,1.),.UNSPECIFIED.);
#757=B_SPLINE_CURVE_WITH_KNOTS('',3,(#8760,#8761,#8762,#8763),
 .UNSPECIFIED.,.F.,.F.,(4,4),(0.,1.),.UNSPECIFIED.);
#758=B_SPLINE_CURVE_WITH_KNOTS('',3,(#8766,#8767,#8768,#8769),
 .UNSPECIFIED.,.F.,.F.,(4,4),(0.,1.),.UNSPECIFIED.);
#759=B_SPLINE_CURVE_WITH_KNOTS('',3,(#8771,#8772,#8773,#8774,#8775,#8776,
#8777,#8778,#8779,#8780,#8781,#8782,#8783,#8784,#8785,#8786,#8787,#8788,
#8789,#8790,#8791,#8792),.UNSPECIFIED.,.F.,.F.,(4,3,3,3,3,3,3,4),(0.,0.117611882785101,
0.341115497504105,0.563100879063216,0.732136148128841,0.83342371473843,
0.953045644257415,1.),.UNSPECIFIED.);
#760=B_SPLINE_CURVE_WITH_KNOTS('',3,(#8793,#8794,#8795,#8796),
 .UNSPECIFIED.,.F.,.F.,(4,4),(0.,1.),.UNSPECIFIED.);
#761=B_SPLINE_CURVE_WITH_KNOTS('',3,(#8798,#8799,#8800,#8801),
 .UNSPECIFIED.,.F.,.F.,(4,4),(0.,1.),.UNSPECIFIED.);
#762=B_SPLINE_CURVE_WITH_KNOTS('',3,(#8804,#8805,#8806,#8807),
 .UNSPECIFIED.,.F.,.F.,(4,4),(0.,1.),.UNSPECIFIED.);
#763=B_SPLINE_CURVE_WITH_KNOTS('',3,(#8809,#8810,#8811,#8812),
 .UNSPECIFIED.,.F.,.F.,(4,4),(0.,1.),.UNSPECIFIED.);
#764=B_SPLINE_CURVE_WITH_KNOTS('',3,(#8814,#8815,#8816,#8817),
 .UNSPECIFIED.,.F.,.F.,(4,4),(0.,1.),.UNSPECIFIED.);
#765=B_SPLINE_CURVE_WITH_KNOTS('',3,(#8819,#8820,#8821,#8822),
 .UNSPECIFIED.,.F.,.F.,(4,4),(0.,1.),.UNSPECIFIED.);
#766=B_SPLINE_CURVE_WITH_KNOTS('',3,(#8835,#8836,#8837,#8838),
 .UNSPECIFIED.,.F.,.F.,(4,4),(0.,1.),.UNSPECIFIED.);
#767=B_SPLINE_CURVE_WITH_KNOTS('',3,(#8842,#8843,#8844,#8845),
 .UNSPECIFIED.,.F.,.F.,(4,4),(0.,1.),.UNSPECIFIED.);
#768=B_SPLINE_CURVE_WITH_KNOTS('',3,(#8846,#8847,#8848,#8849),
 .UNSPECIFIED.,.F.,.F.,(4,4),(0.,1.),.UNSPECIFIED.);
#769=B_SPLINE_CURVE_WITH_KNOTS('',3,(#8851,#8852,#8853,#8854),
 .UNSPECIFIED.,.F.,.F.,(4,4),(0.,1.),.UNSPECIFIED.);
#770=B_SPLINE_CURVE_WITH_KNOTS('',3,(#8909,#8910,#8911,#8912),
 .UNSPECIFIED.,.F.,.F.,(4,4),(0.,1.),.UNSPECIFIED.);
#771=B_SPLINE_CURVE_WITH_KNOTS('',3,(#8913,#8914,#8915,#8916,#8917,#8918,
#8919,#8920,#8921,#8922,#8923,#8924,#8925,#8926,#8927,#8928,#8929,#8930,
#8931,#8932,#8933,#8934),.UNSPECIFIED.,.F.,.F.,(4,3,3,3,3,3,3,4),(0.,0.0764855069586564,
0.184765599766174,0.30911121096728,0.489622118368221,0.674786774572546,
0.875384169121444,1.),.UNSPECIFIED.);
#772=B_SPLINE_CURVE_WITH_KNOTS('',3,(#8936,#8937,#8938,#8939,#8940,#8941,
#8942,#8943,#8944,#8945,#8946,#8947,#8948,#8949,#8950,#8951,#8952,#8953,
#8954,#8955,#8956,#8957),.UNSPECIFIED.,.F.,.F.,(4,3,3,3,3,3,3,4),(0.,0.0665288739510402,
0.132781038871428,0.253303566827163,0.477841538846555,0.7139772798967,0.95135031524516,
1.),.UNSPECIFIED.);
#773=B_SPLINE_CURVE_WITH_KNOTS('',3,(#8959,#8960,#8961,#8962),
 .UNSPECIFIED.,.F.,.F.,(4,4),(0.,1.),.UNSPECIFIED.);
#774=B_SPLINE_CURVE_WITH_KNOTS('',3,(#8964,#8965,#8966,#8967),
 .UNSPECIFIED.,.F.,.F.,(4,4),(0.,1.),.UNSPECIFIED.);
#775=B_SPLINE_CURVE_WITH_KNOTS('',3,(#8969,#8970,#8971,#8972),
 .UNSPECIFIED.,.F.,.F.,(4,4),(0.,1.),.UNSPECIFIED.);
#776=B_SPLINE_CURVE_WITH_KNOTS('',3,(#8978,#8979,#8980,#8981),
 .UNSPECIFIED.,.F.,.F.,(4,4),(0.,1.),.UNSPECIFIED.);
#777=B_SPLINE_CURVE_WITH_KNOTS('',3,(#9037,#9038,#9039,#9040),
 .UNSPECIFIED.,.F.,.F.,(4,4),(0.,1.),.UNSPECIFIED.);
#778=B_SPLINE_CURVE_WITH_KNOTS('',3,(#9042,#9043,#9044,#9045),
 .UNSPECIFIED.,.F.,.F.,(4,4),(0.,1.),.UNSPECIFIED.);
#779=B_SPLINE_CURVE_WITH_KNOTS('',3,(#9047,#9048,#9049,#9050),
 .UNSPECIFIED.,.F.,.F.,(4,4),(0.,1.),.UNSPECIFIED.);
#780=B_SPLINE_CURVE_WITH_KNOTS('',3,(#9052,#9053,#9054,#9055),
 .UNSPECIFIED.,.F.,.F.,(4,4),(0.,1.),.UNSPECIFIED.);
#781=B_SPLINE_CURVE_WITH_KNOTS('',3,(#9057,#9058,#9059,#9060),
 .UNSPECIFIED.,.F.,.F.,(4,4),(0.,1.),.UNSPECIFIED.);
#782=B_SPLINE_CURVE_WITH_KNOTS('',3,(#9113,#9114,#9115,#9116),
 .UNSPECIFIED.,.F.,.F.,(4,4),(0.,1.),.UNSPECIFIED.);
#783=B_SPLINE_CURVE_WITH_KNOTS('',3,(#9120,#9121,#9122,#9123),
 .UNSPECIFIED.,.F.,.F.,(4,4),(0.,1.),.UNSPECIFIED.);
#784=B_SPLINE_CURVE_WITH_KNOTS('',3,(#9125,#9126,#9127,#9128),
 .UNSPECIFIED.,.F.,.F.,(4,4),(0.,1.),.UNSPECIFIED.);
#785=B_SPLINE_CURVE_WITH_KNOTS('',3,(#9129,#9130,#9131,#9132),
 .UNSPECIFIED.,.F.,.F.,(4,4),(0.,1.),.UNSPECIFIED.);
#786=B_SPLINE_CURVE_WITH_KNOTS('',3,(#9145,#9146,#9147,#9148),
 .UNSPECIFIED.,.F.,.F.,(4,4),(0.,1.),.UNSPECIFIED.);
#787=B_SPLINE_CURVE_WITH_KNOTS('',3,(#9152,#9153,#9154,#9155),
 .UNSPECIFIED.,.F.,.F.,(4,4),(0.,1.),.UNSPECIFIED.);
#788=B_SPLINE_CURVE_WITH_KNOTS('',3,(#9157,#9158,#9159,#9160),
 .UNSPECIFIED.,.F.,.F.,(4,4),(0.,1.),.UNSPECIFIED.);
#789=B_SPLINE_CURVE_WITH_KNOTS('',3,(#9161,#9162,#9163,#9164),
 .UNSPECIFIED.,.F.,.F.,(4,4),(0.,1.),.UNSPECIFIED.);
#790=B_SPLINE_CURVE_WITH_KNOTS('',3,(#9166,#9167,#9168,#9169),
 .UNSPECIFIED.,.F.,.F.,(4,4),(0.,1.),.UNSPECIFIED.);
#791=B_SPLINE_CURVE_WITH_KNOTS('',3,(#9227,#9228,#9229,#9230),
 .UNSPECIFIED.,.F.,.F.,(4,4),(0.,1.),.UNSPECIFIED.);
#792=B_SPLINE_CURVE_WITH_KNOTS('',3,(#9232,#9233,#9234,#9235),
 .UNSPECIFIED.,.F.,.F.,(4,4),(0.,1.),.UNSPECIFIED.);
#793=B_SPLINE_CURVE_WITH_KNOTS('',3,(#9236,#9237,#9238,#9239),
 .UNSPECIFIED.,.F.,.F.,(4,4),(0.,1.),.UNSPECIFIED.);
#794=B_SPLINE_CURVE_WITH_KNOTS('',3,(#9279,#9280,#9281,#9282),
 .UNSPECIFIED.,.F.,.F.,(4,4),(0.,1.),.UNSPECIFIED.);
#795=B_SPLINE_CURVE_WITH_KNOTS('',3,(#9284,#9285,#9286,#9287),
 .UNSPECIFIED.,.F.,.F.,(4,4),(0.,1.),.UNSPECIFIED.);
#796=B_SPLINE_CURVE_WITH_KNOTS('',3,(#9289,#9290,#9291,#9292,#9293,#9294,
#9295),.UNSPECIFIED.,.F.,.F.,(4,3,4),(0.,0.677298549313979,1.),
 .UNSPECIFIED.);
#797=B_SPLINE_CURVE_WITH_KNOTS('',3,(#9297,#9298,#9299,#9300),
 .UNSPECIFIED.,.F.,.F.,(4,4),(0.,1.),.UNSPECIFIED.);
#798=B_SPLINE_CURVE_WITH_KNOTS('',3,(#9301,#9302,#9303,#9304),
 .UNSPECIFIED.,.F.,.F.,(4,4),(0.,1.),.UNSPECIFIED.);
#799=B_SPLINE_CURVE_WITH_KNOTS('',3,(#9306,#9307,#9308,#9309),
 .UNSPECIFIED.,.F.,.F.,(4,4),(0.,1.),.UNSPECIFIED.);
#800=B_SPLINE_CURVE_WITH_KNOTS('',3,(#9311,#9312,#9313,#9314),
 .UNSPECIFIED.,.F.,.F.,(4,4),(0.,1.),.UNSPECIFIED.);
#801=B_SPLINE_CURVE_WITH_KNOTS('',3,(#9316,#9317,#9318,#9319),
 .UNSPECIFIED.,.F.,.F.,(4,4),(0.,1.),.UNSPECIFIED.);
#802=B_SPLINE_CURVE_WITH_KNOTS('',3,(#9321,#9322,#9323,#9324),
 .UNSPECIFIED.,.F.,.F.,(4,4),(0.,1.),.UNSPECIFIED.);
#803=B_SPLINE_CURVE_WITH_KNOTS('',3,(#9326,#9327,#9328,#9329),
 .UNSPECIFIED.,.F.,.F.,(4,4),(0.,1.),.UNSPECIFIED.);
#804=B_SPLINE_CURVE_WITH_KNOTS('',3,(#9330,#9331,#9332,#9333),
 .UNSPECIFIED.,.F.,.F.,(4,4),(0.,1.),.UNSPECIFIED.);
#805=B_SPLINE_CURVE_WITH_KNOTS('',3,(#9350,#9351,#9352,#9353),
 .UNSPECIFIED.,.F.,.F.,(4,4),(0.,1.),.UNSPECIFIED.);
#806=B_SPLINE_CURVE_WITH_KNOTS('',3,(#9355,#9356,#9357,#9358),
 .UNSPECIFIED.,.F.,.F.,(4,4),(0.,1.),.UNSPECIFIED.);
#807=B_SPLINE_CURVE_WITH_KNOTS('',3,(#9360,#9361,#9362,#9363),
 .UNSPECIFIED.,.F.,.F.,(4,4),(0.,1.),.UNSPECIFIED.);
#808=B_SPLINE_CURVE_WITH_KNOTS('',3,(#9365,#9366,#9367,#9368),
 .UNSPECIFIED.,.F.,.F.,(4,4),(0.,1.),.UNSPECIFIED.);
#809=B_SPLINE_CURVE_WITH_KNOTS('',3,(#9385,#9386,#9387,#9388),
 .UNSPECIFIED.,.F.,.F.,(4,4),(0.,1.),.UNSPECIFIED.);
#810=B_SPLINE_CURVE_WITH_KNOTS('',3,(#9391,#9392,#9393,#9394),
 .UNSPECIFIED.,.F.,.F.,(4,4),(0.,1.),.UNSPECIFIED.);
#811=B_SPLINE_CURVE_WITH_KNOTS('',3,(#9396,#9397,#9398,#9399),
 .UNSPECIFIED.,.F.,.F.,(4,4),(0.,1.),.UNSPECIFIED.);
#812=B_SPLINE_CURVE_WITH_KNOTS('',3,(#9401,#9402,#9403,#9404),
 .UNSPECIFIED.,.F.,.F.,(4,4),(0.,1.),.UNSPECIFIED.);
#813=B_SPLINE_CURVE_WITH_KNOTS('',3,(#9417,#9418,#9419,#9420),
 .UNSPECIFIED.,.F.,.F.,(4,4),(0.,1.),.UNSPECIFIED.);
#814=B_SPLINE_CURVE_WITH_KNOTS('',3,(#9421,#9422,#9423,#9424),
 .UNSPECIFIED.,.F.,.F.,(4,4),(0.,1.),.UNSPECIFIED.);
#815=B_SPLINE_CURVE_WITH_KNOTS('',3,(#9441,#9442,#9443,#9444),
 .UNSPECIFIED.,.F.,.F.,(4,4),(0.,1.),.UNSPECIFIED.);
#816=B_SPLINE_CURVE_WITH_KNOTS('',3,(#9448,#9449,#9450,#9451),
 .UNSPECIFIED.,.F.,.F.,(4,4),(0.,1.),.UNSPECIFIED.);
#817=B_SPLINE_CURVE_WITH_KNOTS('',3,(#9453,#9454,#9455,#9456),
 .UNSPECIFIED.,.F.,.F.,(4,4),(0.,1.),.UNSPECIFIED.);
#818=B_SPLINE_CURVE_WITH_KNOTS('',3,(#9458,#9459,#9460,#9461),
 .UNSPECIFIED.,.F.,.F.,(4,4),(0.,1.),.UNSPECIFIED.);
#819=B_SPLINE_CURVE_WITH_KNOTS('',3,(#9462,#9463,#9464,#9465),
 .UNSPECIFIED.,.F.,.F.,(4,4),(0.,1.),.UNSPECIFIED.);
#820=B_SPLINE_CURVE_WITH_KNOTS('',3,(#9502,#9503,#9504,#9505),
 .UNSPECIFIED.,.F.,.F.,(4,4),(0.,1.),.UNSPECIFIED.);
#821=B_SPLINE_CURVE_WITH_KNOTS('',3,(#9508,#9509,#9510,#9511),
 .UNSPECIFIED.,.F.,.F.,(4,4),(0.,1.),.UNSPECIFIED.);
#822=B_SPLINE_CURVE_WITH_KNOTS('',3,(#9513,#9514,#9515,#9516),
 .UNSPECIFIED.,.F.,.F.,(4,4),(0.,1.),.UNSPECIFIED.);
#823=B_SPLINE_CURVE_WITH_KNOTS('',3,(#9517,#9518,#9519,#9520),
 .UNSPECIFIED.,.F.,.F.,(4,4),(0.,1.),.UNSPECIFIED.);
#824=B_SPLINE_CURVE_WITH_KNOTS('',3,(#9538,#9539,#9540,#9541),
 .UNSPECIFIED.,.F.,.F.,(4,4),(0.,1.),.UNSPECIFIED.);
#825=B_SPLINE_CURVE_WITH_KNOTS('',3,(#9543,#9544,#9545,#9546),
 .UNSPECIFIED.,.F.,.F.,(4,4),(0.,1.),.UNSPECIFIED.);
#826=B_SPLINE_CURVE_WITH_KNOTS('',3,(#9548,#9549,#9550,#9551),
 .UNSPECIFIED.,.F.,.F.,(4,4),(0.,1.),.UNSPECIFIED.);
#827=B_SPLINE_CURVE_WITH_KNOTS('',3,(#9553,#9554,#9555,#9556,#9557,#9558,
#9559),.UNSPECIFIED.,.F.,.F.,(4,3,4),(0.,0.679054765828037,1.),
 .UNSPECIFIED.);
#828=B_SPLINE_CURVE_WITH_KNOTS('',3,(#9561,#9562,#9563,#9564),
 .UNSPECIFIED.,.F.,.F.,(4,4),(0.,1.),.UNSPECIFIED.);
#829=B_SPLINE_CURVE_WITH_KNOTS('',3,(#9565,#9566,#9567,#9568),
 .UNSPECIFIED.,.F.,.F.,(4,4),(0.,1.),.UNSPECIFIED.);
#830=B_SPLINE_CURVE_WITH_KNOTS('',3,(#9576,#9577,#9578,#9579),
 .UNSPECIFIED.,.F.,.F.,(4,4),(0.,1.),.UNSPECIFIED.);
#831=B_SPLINE_CURVE_WITH_KNOTS('',3,(#9581,#9582,#9583,#9584),
 .UNSPECIFIED.,.F.,.F.,(4,4),(0.,1.),.UNSPECIFIED.);
#832=B_SPLINE_CURVE_WITH_KNOTS('',3,(#9585,#9586,#9587,#9588),
 .UNSPECIFIED.,.F.,.F.,(4,4),(0.,1.),.UNSPECIFIED.);
#833=B_SPLINE_CURVE_WITH_KNOTS('',3,(#9640,#9641,#9642,#9643),
 .UNSPECIFIED.,.F.,.F.,(4,4),(0.,1.),.UNSPECIFIED.);
#834=B_SPLINE_CURVE_WITH_KNOTS('',3,(#9644,#9645,#9646,#9647),
 .UNSPECIFIED.,.F.,.F.,(4,4),(0.,1.),.UNSPECIFIED.);
#835=B_SPLINE_CURVE_WITH_KNOTS('',3,(#9649,#9650,#9651,#9652),
 .UNSPECIFIED.,.F.,.F.,(4,4),(0.,1.),.UNSPECIFIED.);
#836=B_SPLINE_CURVE_WITH_KNOTS('',3,(#9654,#9655,#9656,#9657),
 .UNSPECIFIED.,.F.,.F.,(4,4),(0.,1.),.UNSPECIFIED.);
#837=B_SPLINE_CURVE_WITH_KNOTS('',3,(#9659,#9660,#9661,#9662),
 .UNSPECIFIED.,.F.,.F.,(4,4),(0.,1.),.UNSPECIFIED.);
#838=B_SPLINE_CURVE_WITH_KNOTS('',3,(#9664,#9665,#9666,#9667),
 .UNSPECIFIED.,.F.,.F.,(4,4),(0.,1.),.UNSPECIFIED.);
#839=B_SPLINE_CURVE_WITH_KNOTS('',3,(#9669,#9670,#9671,#9672),
 .UNSPECIFIED.,.F.,.F.,(4,4),(0.,1.),.UNSPECIFIED.);
#840=B_SPLINE_CURVE_WITH_KNOTS('',3,(#9674,#9675,#9676,#9677),
 .UNSPECIFIED.,.F.,.F.,(4,4),(0.,1.),.UNSPECIFIED.);
#841=B_SPLINE_CURVE_WITH_KNOTS('',3,(#9679,#9680,#9681,#9682),
 .UNSPECIFIED.,.F.,.F.,(4,4),(0.,1.),.UNSPECIFIED.);
#842=B_SPLINE_CURVE_WITH_KNOTS('',3,(#9684,#9685,#9686,#9687),
 .UNSPECIFIED.,.F.,.F.,(4,4),(0.,1.),.UNSPECIFIED.);
#843=B_SPLINE_CURVE_WITH_KNOTS('',3,(#9689,#9690,#9691,#9692),
 .UNSPECIFIED.,.F.,.F.,(4,4),(0.,1.),.UNSPECIFIED.);
#844=ELLIPSE('',#4444,0.559303494303588,0.5);
#845=ELLIPSE('',#4467,0.204705078915113,0.183);
#846=ELLIPSE('',#4468,0.204705078915113,0.183);
#847=ELLIPSE('',#4552,0.258801081914289,0.18300000000001);
#848=ELLIPSE('',#4553,0.258801081914289,0.18300000000001);
#849=ELLIPSE('',#4574,0.318198051533834,0.224999999999921);
#850=ELLIPSE('',#4579,0.318198051533835,0.224999999999921);
#851=ELLIPSE('',#4593,0.141421356237309,0.1);
#852=ELLIPSE('',#4595,0.14142135623731,0.1);
#853=ELLIPSE('',#4650,0.258801081914218,0.182999999999959);
#854=ELLIPSE('',#4658,0.318198051533834,0.224999999999921);
#855=ELLIPSE('',#4666,0.318198051533834,0.224999999999921);
#856=ELLIPSE('',#4683,0.318925765875192,0.225514571745461);
#857=ELLIPSE('',#4700,0.0286834113217773,0.019778356103938);
#858=ELLIPSE('',#4702,0.0643132899811483,0.01);
#859=ELLIPSE('',#4718,0.0286834113459906,0.019778356103938);
#860=ELLIPSE('',#4719,0.12720111513056,0.019778356103938);
#861=CYLINDRICAL_SURFACE('',#4438,0.25);
#862=CYLINDRICAL_SURFACE('',#4445,0.5);
#863=CYLINDRICAL_SURFACE('',#4447,0.18300000000001);
#864=CYLINDRICAL_SURFACE('',#4453,0.25);
#865=CYLINDRICAL_SURFACE('',#4464,0.183);
#866=CYLINDRICAL_SURFACE('',#4466,0.183);
#867=CYLINDRICAL_SURFACE('',#4471,0.183);
#868=CYLINDRICAL_SURFACE('',#4479,0.183);
#869=CYLINDRICAL_SURFACE('',#4486,0.183);
#870=CYLINDRICAL_SURFACE('',#4494,0.183);
#871=CYLINDRICAL_SURFACE('',#4505,0.0700000000000003);
#872=CYLINDRICAL_SURFACE('',#4508,0.05);
#873=CYLINDRICAL_SURFACE('',#4515,0.25);
#874=CYLINDRICAL_SURFACE('',#4538,0.11585);
#875=CYLINDRICAL_SURFACE('',#4547,0.5);
#876=CYLINDRICAL_SURFACE('',#4548,0.25);
#877=CYLINDRICAL_SURFACE('',#4549,0.01585);
#878=CYLINDRICAL_SURFACE('',#4550,0.5);
#879=CYLINDRICAL_SURFACE('',#4551,0.01585);
#880=CYLINDRICAL_SURFACE('',#4554,0.18300000000001);
#881=CYLINDRICAL_SURFACE('',#4558,0.5);
#882=CYLINDRICAL_SURFACE('',#4567,0.05);
#883=CYLINDRICAL_SURFACE('',#4570,0.225);
#884=CYLINDRICAL_SURFACE('',#4575,0.224999999999921);
#885=CYLINDRICAL_SURFACE('',#4580,0.224999999999921);
#886=CYLINDRICAL_SURFACE('',#4590,0.05);
#887=CYLINDRICAL_SURFACE('',#4594,0.1);
#888=CYLINDRICAL_SURFACE('',#4596,0.1);
#889=CYLINDRICAL_SURFACE('',#4597,0.1);
#890=CYLINDRICAL_SURFACE('',#4610,0.05);
#891=CYLINDRICAL_SURFACE('',#4613,0.05);
#892=CYLINDRICAL_SURFACE('',#4619,0.11585);
#893=CYLINDRICAL_SURFACE('',#4624,0.11585);
#894=CYLINDRICAL_SURFACE('',#4630,0.05);
#895=CYLINDRICAL_SURFACE('',#4633,0.05);
#896=CYLINDRICAL_SURFACE('',#4647,0.05);
#897=CYLINDRICAL_SURFACE('',#4651,0.182999999999959);
#898=CYLINDRICAL_SURFACE('',#4659,0.224999999999921);
#899=CYLINDRICAL_SURFACE('',#4667,0.224999999999921);
#900=CYLINDRICAL_SURFACE('',#4671,0.182999999999959);
#901=CYLINDRICAL_SURFACE('',#4674,0.182999999999959);
#902=CYLINDRICAL_SURFACE('',#4677,0.182999999999959);
#903=CYLINDRICAL_SURFACE('',#4680,0.182999999999959);
#904=CYLINDRICAL_SURFACE('',#4682,0.1);
#905=CYLINDRICAL_SURFACE('',#4699,0.0199999971149121);
#906=CYLINDRICAL_SURFACE('',#4701,0.019778356103938);
#907=CYLINDRICAL_SURFACE('',#4705,0.019778356103938);
#908=CYLINDRICAL_SURFACE('',#4706,0.0199999971097264);
#909=CYLINDRICAL_SURFACE('',#4707,0.019778356103938);
#910=CYLINDRICAL_SURFACE('',#4708,0.019778356103938);
#911=CYLINDRICAL_SURFACE('',#4709,0.0199999971213903);
#912=CYLINDRICAL_SURFACE('',#4710,0.019778356103938);
#913=CYLINDRICAL_SURFACE('',#4713,0.019778356103938);
#914=CYLINDRICAL_SURFACE('',#4714,0.0199999971363143);
#915=CYLINDRICAL_SURFACE('',#4715,0.0199999971155652);
#916=CYLINDRICAL_SURFACE('',#4716,0.019778356103938);
#917=CYLINDRICAL_SURFACE('',#4721,0.019778356103938);
#918=CYLINDRICAL_SURFACE('',#4722,0.0199999971141105);
#919=CYLINDRICAL_SURFACE('',#4724,0.019778356103938);
#920=CYLINDRICAL_SURFACE('',#4725,0.019778356103938);
#921=CYLINDRICAL_SURFACE('',#4729,0.019778356103938);
#922=CYLINDRICAL_SURFACE('',#4732,0.019778356103938);
#923=CYLINDRICAL_SURFACE('',#4735,0.019778356103938);
#924=CYLINDRICAL_SURFACE('',#4737,0.019778356103938);
#925=CYLINDRICAL_SURFACE('',#4740,0.019778356103938);
#926=CYLINDRICAL_SURFACE('',#4742,0.01);
#927=CYLINDRICAL_SURFACE('',#4745,0.019778356103938);
#928=CYLINDRICAL_SURFACE('',#4746,0.019778356103938);
#929=CYLINDRICAL_SURFACE('',#4747,0.019778356103938);
#930=CYLINDRICAL_SURFACE('',#4748,0.019778356103938);
#931=CYLINDRICAL_SURFACE('',#4752,0.01);
#932=CYLINDRICAL_SURFACE('',#4753,0.01);
#933=CYLINDRICAL_SURFACE('',#4754,0.01);
#934=CYLINDRICAL_SURFACE('',#4755,0.01);
#935=CYLINDRICAL_SURFACE('',#4756,0.01);
#936=CYLINDRICAL_SURFACE('',#4757,0.01);
#937=CYLINDRICAL_SURFACE('',#4758,0.019778356103938);
#938=CYLINDRICAL_SURFACE('',#4759,4.64098185145039);
#939=CYLINDRICAL_SURFACE('',#4760,3.75223317807807);
#940=CYLINDRICAL_SURFACE('',#4761,4.64098151941499);
#941=CYLINDRICAL_SURFACE('',#4762,4.64098010742322);
#942=CYLINDRICAL_SURFACE('',#4763,3.75223229111257);
#943=CYLINDRICAL_SURFACE('',#4764,3.75222759199747);
#944=CYLINDRICAL_SURFACE('',#4776,0.0699999999999999);
#945=CYLINDRICAL_SURFACE('',#4793,0.0375);
#946=CYLINDRICAL_SURFACE('',#4797,0.175000000000001);
#947=CYLINDRICAL_SURFACE('',#4802,0.175);
#948=CYLINDRICAL_SURFACE('',#4806,0.175);
#949=CYLINDRICAL_SURFACE('',#4813,0.175);
#950=CYLINDRICAL_SURFACE('',#4824,0.225514571745461);
#951=CYLINDRICAL_SURFACE('',#4826,0.225514571745461);
#952=CYLINDRICAL_SURFACE('',#4827,0.05);
#953=CYLINDRICAL_SURFACE('',#4828,0.01);
#954=CYLINDRICAL_SURFACE('',#4829,0.01);
#955=CIRCLE('',#4436,0.25);
#956=CIRCLE('',#4437,0.25);
#957=CIRCLE('',#4442,0.5);
#958=CIRCLE('',#4443,0.499999999999999);
#959=CIRCLE('',#4446,0.183);
#960=CIRCLE('',#4448,0.05);
#961=CIRCLE('',#4449,0.183);
#962=CIRCLE('',#4451,0.25);
#963=CIRCLE('',#4452,0.25);
#964=CIRCLE('',#4455,0.183);
#965=CIRCLE('',#4456,0.11585);
#966=CIRCLE('',#4458,0.20300000000001);
#967=CIRCLE('',#4460,0.183);
#968=CIRCLE('',#4461,0.183);
#969=CIRCLE('',#4463,0.183);
#970=CIRCLE('',#4465,0.183);
#971=CIRCLE('',#4470,0.183);
#972=CIRCLE('',#4472,0.172669240889881);
#973=CIRCLE('',#4474,0.174718820290783);
#974=CIRCLE('',#4476,0.183);
#975=CIRCLE('',#4478,0.183);
#976=CIRCLE('',#4480,0.172664126516053);
#977=CIRCLE('',#4482,0.174713012670837);
#978=CIRCLE('',#4485,0.183);
#979=CIRCLE('',#4487,0.172669240889878);
#980=CIRCLE('',#4489,0.174718820290781);
#981=CIRCLE('',#4491,0.183);
#982=CIRCLE('',#4493,0.183);
#983=CIRCLE('',#4495,0.172664126516052);
#984=CIRCLE('',#4497,0.174713012670836);
#985=CIRCLE('',#4501,0.05);
#986=CIRCLE('',#4502,0.0700000000000003);
#987=CIRCLE('',#4504,0.0700000000000003);
#988=CIRCLE('',#4506,0.05);
#989=CIRCLE('',#4509,0.1);
#990=CIRCLE('',#4510,0.1);
#991=CIRCLE('',#4512,0.25);
#992=CIRCLE('',#4513,0.250000000000005);
#993=CIRCLE('',#4514,0.25);
#994=CIRCLE('',#4516,0.224999999999921);
#995=CIRCLE('',#4517,0.18300000000001);
#996=CIRCLE('',#4518,0.224999999999921);
#997=CIRCLE('',#4519,0.225);
#998=CIRCLE('',#4520,0.05);
#999=CIRCLE('',#4529,0.5);
#1000=CIRCLE('',#4530,0.18300000000001);
#1001=CIRCLE('',#4531,0.01585);
#1002=CIRCLE('',#4532,0.5);
#1003=CIRCLE('',#4533,0.01585);
#1004=CIRCLE('',#4534,0.25);
#1005=CIRCLE('',#4535,0.5);
#1006=CIRCLE('',#4537,0.11585);
#1007=CIRCLE('',#4539,0.25);
#1008=CIRCLE('',#4540,0.01585);
#1009=CIRCLE('',#4541,0.5);
#1010=CIRCLE('',#4542,0.01585);
#1011=CIRCLE('',#4543,0.18300000000001);
#1012=CIRCLE('',#4545,0.5);
#1013=CIRCLE('',#4546,0.5);
#1014=CIRCLE('',#4557,0.499999999999994);
#1015=CIRCLE('',#4565,0.05);
#1016=CIRCLE('',#4569,0.225);
#1017=CIRCLE('',#4577,0.05);
#1018=CIRCLE('',#4581,0.3);
#1019=CIRCLE('',#4589,0.05);
#1020=CIRCLE('',#4598,0.05);
#1021=CIRCLE('',#4599,0.11585);
#1022=CIRCLE('',#4605,0.11585);
#1023=CIRCLE('',#4606,0.11585);
#1024=CIRCLE('',#4608,0.05);
#1025=CIRCLE('',#4609,0.05);
#1026=CIRCLE('',#4611,0.05);
#1027=CIRCLE('',#4612,0.05);
#1028=CIRCLE('',#4614,0.115362469121902);
#1029=CIRCLE('',#4615,0.11585);
#1030=CIRCLE('',#4617,0.21585);
#1031=CIRCLE('',#4620,0.108472014021359);
#1032=CIRCLE('',#4621,0.13585);
#1033=CIRCLE('',#4623,0.11585);
#1034=CIRCLE('',#4629,0.05);
#1035=CIRCLE('',#4631,0.05);
#1036=CIRCLE('',#4632,0.05);
#1037=CIRCLE('',#4634,0.05);
#1038=CIRCLE('',#4635,0.0954980283165996);
#1039=CIRCLE('',#4636,0.0985100670404413);
#1040=CIRCLE('',#4637,0.07);
#1041=CIRCLE('',#4639,0.05);
#1042=CIRCLE('',#4641,0.01);
#1043=CIRCLE('',#4642,0.01);
#1044=CIRCLE('',#4643,0.01);
#1045=CIRCLE('',#4645,0.01);
#1046=CIRCLE('',#4648,0.182999999999959);
#1047=CIRCLE('',#4649,0.182999999999959);
#1048=CIRCLE('',#4652,0.05);
#1049=CIRCLE('',#4653,0.224999999999921);
#1050=CIRCLE('',#4654,0.224999999999921);
#1051=CIRCLE('',#4655,0.225514571745461);
#1052=CIRCLE('',#4656,0.224999999999921);
#1053=CIRCLE('',#4660,0.055);
#1054=CIRCLE('',#4664,0.224999999999921);
#1055=CIRCLE('',#4665,0.22499999999992);
#1056=CIRCLE('',#4669,0.183);
#1057=CIRCLE('',#4670,0.182999999999959);
#1058=CIRCLE('',#4672,0.183);
#1059=CIRCLE('',#4673,0.182999999999959);
#1060=CIRCLE('',#4675,0.183);
#1061=CIRCLE('',#4676,0.182999999999959);
#1062=CIRCLE('',#4678,0.182999999999959);
#1063=CIRCLE('',#4679,0.182999999999959);
#1064=CIRCLE('',#4681,0.1);
#1065=CIRCLE('',#4687,0.07);
#1066=CIRCLE('',#4688,0.07);
#1067=CIRCLE('',#4689,0.07);
#1068=CIRCLE('',#4690,0.07);
#1069=CIRCLE('',#4691,0.07);
#1070=CIRCLE('',#4692,0.07);
#1071=CIRCLE('',#4694,0.049826680980159);
#1072=CIRCLE('',#4696,0.0699999999999999);
#1073=CIRCLE('',#4697,0.068395635310182);
#1074=CIRCLE('',#4726,0.149079089762097);
#1075=CIRCLE('',#4727,0.128322951941008);
#1076=CIRCLE('',#4733,0.149079089762097);
#1077=CIRCLE('',#4738,0.149079089762097);
#1078=CIRCLE('',#4741,0.01);
#1079=CIRCLE('',#4751,0.01);
#1080=CIRCLE('',#4765,0.0700000000000001);
#1081=CIRCLE('',#4767,0.0375);
#1082=CIRCLE('',#4769,0.0375);
#1083=CIRCLE('',#4771,0.15141);
#1084=CIRCLE('',#4772,0.15141);
#1085=CIRCLE('',#4773,0.15141);
#1086=CIRCLE('',#4777,0.0661201705091162);
#1087=CIRCLE('',#4794,0.175000000000001);
#1088=CIRCLE('',#4796,0.175000000000001);
#1089=CIRCLE('',#4799,0.175);
#1090=CIRCLE('',#4801,0.175);
#1091=CIRCLE('',#4804,0.175);
#1092=CIRCLE('',#4805,0.175);
#1093=CIRCLE('',#4807,0.177);
#1094=CIRCLE('',#4809,0.177);
#1095=CIRCLE('',#4811,0.175);
#1096=CIRCLE('',#4812,0.175);
#1097=CIRCLE('',#4814,0.177);
#1098=CIRCLE('',#4816,0.177);
#1099=CIRCLE('',#4823,0.225514571745461);
#1100=ADVANCED_FACE('',(#1451),#1367,.T.);
#1101=ADVANCED_FACE('',(#1452),#861,.T.);
#1102=ADVANCED_FACE('',(#1453),#1368,.F.);
#1103=ADVANCED_FACE('',(#1454),#1369,.F.);
#1104=ADVANCED_FACE('',(#1455),#1370,.F.);
#1105=ADVANCED_FACE('',(#1456),#862,.T.);
#1106=ADVANCED_FACE('',(#461,#462),#863,.F.);
#1107=ADVANCED_FACE('',(#463,#464),#1371,.F.);
#1108=ADVANCED_FACE('',(#1457),#864,.T.);
#1109=ADVANCED_FACE('',(#1458),#1372,.T.);
#1110=ADVANCED_FACE('',(#465,#466,#467,#468),#1373,.T.);
#1111=ADVANCED_FACE('',(#469,#470),#432,.T.);
#1112=ADVANCED_FACE('',(#471,#472),#1374,.T.);
#1113=ADVANCED_FACE('',(#473,#474),#865,.F.);
#1114=ADVANCED_FACE('',(#475,#476),#866,.F.);
#1115=ADVANCED_FACE('',(#1459),#1375,.F.);
#1116=ADVANCED_FACE('',(#477,#478),#867,.F.);
#1117=ADVANCED_FACE('',(#479,#480),#406,.F.);
#1118=ADVANCED_FACE('',(#481,#482),#407,.F.);
#1119=ADVANCED_FACE('',(#483,#484),#408,.T.);
#1120=ADVANCED_FACE('',(#485,#486),#868,.F.);
#1121=ADVANCED_FACE('',(#487,#488),#409,.F.);
#1122=ADVANCED_FACE('',(#489,#490),#410,.F.);
#1123=ADVANCED_FACE('',(#491,#492),#411,.T.);
#1124=ADVANCED_FACE('',(#493,#494),#869,.F.);
#1125=ADVANCED_FACE('',(#495,#496),#412,.F.);
#1126=ADVANCED_FACE('',(#497,#498),#413,.F.);
#1127=ADVANCED_FACE('',(#499,#500),#414,.T.);
#1128=ADVANCED_FACE('',(#501,#502),#870,.F.);
#1129=ADVANCED_FACE('',(#503,#504),#415,.F.);
#1130=ADVANCED_FACE('',(#505,#506),#416,.F.);
#1131=ADVANCED_FACE('',(#507,#508),#417,.T.);
#1132=ADVANCED_FACE('',(#509,#510),#418,.F.);
#1133=ADVANCED_FACE('',(#511,#512),#1376,.T.);
#1134=ADVANCED_FACE('',(#513,#514),#871,.T.);
#1135=ADVANCED_FACE('',(#515,#516),#1377,.F.);
#1136=ADVANCED_FACE('',(#517,#518),#872,.F.);
#1137=ADVANCED_FACE('',(#1460),#1378,.T.);
#1138=ADVANCED_FACE('',(#1461),#873,.T.);
#1139=ADVANCED_FACE('',(#519,#520),#1379,.F.);
#1140=ADVANCED_FACE('',(#1462),#1380,.T.);
#1141=ADVANCED_FACE('',(#1463),#1381,.T.);
#1142=ADVANCED_FACE('',(#1464),#1382,.T.);
#1143=ADVANCED_FACE('',(#1465),#1383,.T.);
#1144=ADVANCED_FACE('',(#1466),#1384,.T.);
#1145=ADVANCED_FACE('',(#1467),#1385,.T.);
#1146=ADVANCED_FACE('',(#1468),#1386,.T.);
#1147=ADVANCED_FACE('',(#521,#522),#1387,.F.);
#1148=ADVANCED_FACE('',(#523,#524),#874,.F.);
#1149=ADVANCED_FACE('',(#1469),#1388,.T.);
#1150=ADVANCED_FACE('',(#1470),#875,.T.);
#1151=ADVANCED_FACE('',(#1471),#876,.T.);
#1152=ADVANCED_FACE('',(#1472),#877,.T.);
#1153=ADVANCED_FACE('',(#1473),#878,.T.);
#1154=ADVANCED_FACE('',(#1474),#879,.T.);
#1155=ADVANCED_FACE('',(#1475),#880,.F.);
#1156=ADVANCED_FACE('',(#1476),#1389,.T.);
#1157=ADVANCED_FACE('',(#1477),#1390,.F.);
#1158=ADVANCED_FACE('',(#1478),#881,.T.);
#1159=ADVANCED_FACE('',(#1479),#1391,.F.);
#1160=ADVANCED_FACE('',(#1480),#1392,.F.);
#1161=ADVANCED_FACE('',(#1481),#1393,.F.);
#1162=ADVANCED_FACE('',(#1482),#1394,.F.);
#1163=ADVANCED_FACE('',(#1483),#1395,.F.);
#1164=ADVANCED_FACE('',(#525,#526),#1396,.F.);
#1165=ADVANCED_FACE('',(#527,#528),#419,.F.);
#1166=ADVANCED_FACE('',(#529,#530),#882,.F.);
#1167=ADVANCED_FACE('',(#1484),#1397,.F.);
#1168=ADVANCED_FACE('',(#1485),#883,.F.);
#1169=ADVANCED_FACE('',(#1486),#1398,.T.);
#1170=ADVANCED_FACE('',(#1487),#1399,.F.);
#1171=ADVANCED_FACE('',(#1488),#1400,.T.);
#1172=ADVANCED_FACE('',(#1489),#884,.T.);
#1173=ADVANCED_FACE('',(#1490),#1401,.T.);
#1174=ADVANCED_FACE('',(#1491),#1402,.T.);
#1175=ADVANCED_FACE('',(#1492),#885,.T.);
#1176=ADVANCED_FACE('',(#1493),#1403,.T.);
#1177=ADVANCED_FACE('',(#1494),#1404,.F.);
#1178=ADVANCED_FACE('',(#1495),#1405,.F.);
#1179=ADVANCED_FACE('',(#1496),#1406,.F.);
#1180=ADVANCED_FACE('',(#1497),#1407,.F.);
#1181=ADVANCED_FACE('',(#1498),#433,.F.);
#1182=ADVANCED_FACE('',(#1499),#434,.F.);
#1183=ADVANCED_FACE('',(#1500),#100,.T.);
#1184=ADVANCED_FACE('',(#1501),#886,.T.);
#1185=ADVANCED_FACE('',(#1502),#101,.T.);
#1186=ADVANCED_FACE('',(#1503),#1408,.F.);
#1187=ADVANCED_FACE('',(#1504),#1409,.F.);
#1188=ADVANCED_FACE('',(#1505),#887,.T.);
#1189=ADVANCED_FACE('',(#1506),#888,.T.);
#1190=ADVANCED_FACE('',(#1507),#889,.T.);
#1191=ADVANCED_FACE('',(#531,#532,#533),#1410,.F.);
#1192=ADVANCED_FACE('',(#1508),#1411,.T.);
#1193=ADVANCED_FACE('',(#1509),#1412,.T.);
#1194=ADVANCED_FACE('',(#1510),#1413,.T.);
#1195=ADVANCED_FACE('',(#1511),#1414,.T.);
#1196=ADVANCED_FACE('',(#534,#535),#1415,.T.);
#1197=ADVANCED_FACE('',(#1512),#890,.F.);
#1198=ADVANCED_FACE('',(#1513),#891,.F.);
#1199=ADVANCED_FACE('',(#1514),#435,.F.);
#1200=ADVANCED_FACE('',(#1515),#1416,.F.);
#1201=ADVANCED_FACE('',(#1516),#892,.F.);
#1202=ADVANCED_FACE('',(#1517),#1417,.F.);
#1203=ADVANCED_FACE('',(#536,#537),#893,.F.);
#1204=ADVANCED_FACE('',(#1518),#1418,.T.);
#1205=ADVANCED_FACE('',(#1519),#1419,.T.);
#1206=ADVANCED_FACE('',(#1520),#436,.T.);
#1207=ADVANCED_FACE('',(#1521),#437,.T.);
#1208=ADVANCED_FACE('',(#1522),#99,.T.);
#1209=ADVANCED_FACE('',(#1523),#102,.T.);
#1210=ADVANCED_FACE('',(#1524),#103,.T.);
#1211=ADVANCED_FACE('',(#1525),#104,.T.);
#1212=ADVANCED_FACE('',(#1526),#894,.F.);
#1213=ADVANCED_FACE('',(#1527),#105,.T.);
#1214=ADVANCED_FACE('',(#1528),#106,.T.);
#1215=ADVANCED_FACE('',(#1529),#895,.F.);
#1216=ADVANCED_FACE('',(#1530),#107,.T.);
#1217=ADVANCED_FACE('',(#1531),#108,.T.);
#1218=ADVANCED_FACE('',(#538,#539),#420,.T.);
#1219=ADVANCED_FACE('',(#540,#541),#1420,.T.);
#1220=ADVANCED_FACE('',(#1532),#109,.T.);
#1221=ADVANCED_FACE('',(#1533),#438,.F.);
#1222=ADVANCED_FACE('',(#1534),#439,.F.);
#1223=ADVANCED_FACE('',(#1535),#110,.T.);
#1224=ADVANCED_FACE('',(#542,#543),#896,.F.);
#1225=ADVANCED_FACE('',(#544,#545),#897,.F.);
#1226=ADVANCED_FACE('',(#546,#547),#1421,.T.);
#1227=ADVANCED_FACE('',(#1536),#898,.T.);
#1228=ADVANCED_FACE('',(#548,#549),#1422,.T.);
#1229=ADVANCED_FACE('',(#1537),#1423,.T.);
#1230=ADVANCED_FACE('',(#1538),#1424,.F.);
#1231=ADVANCED_FACE('',(#1539),#899,.T.);
#1232=ADVANCED_FACE('',(#1540),#1425,.T.);
#1233=ADVANCED_FACE('',(#550,#551),#900,.F.);
#1234=ADVANCED_FACE('',(#552,#553),#901,.F.);
#1235=ADVANCED_FACE('',(#554,#555),#902,.F.);
#1236=ADVANCED_FACE('',(#556,#557),#903,.F.);
#1237=ADVANCED_FACE('',(#558,#559),#904,.F.);
#1238=ADVANCED_FACE('',(#1541),#1426,.T.);
#1239=ADVANCED_FACE('',(#1542),#1427,.T.);
#1240=ADVANCED_FACE('',(#560,#561),#1428,.T.);
#1241=ADVANCED_FACE('',(#562,#563),#421,.T.);
#1242=ADVANCED_FACE('',(#564,#565,#566),#86,.F.);
#1243=ADVANCED_FACE('',(#1543),#87,.T.);
#1244=ADVANCED_FACE('',(#567,#568),#440,.F.);
#1245=ADVANCED_FACE('',(#569,#570),#441,.T.);
#1246=ADVANCED_FACE('',(#1544),#88,.T.);
#1247=ADVANCED_FACE('',(#1545),#905,.T.);
#1248=ADVANCED_FACE('',(#1546),#906,.T.);
#1249=ADVANCED_FACE('',(#1547),#1429,.T.);
#1250=ADVANCED_FACE('',(#1548),#442,.T.);
#1251=ADVANCED_FACE('',(#1549),#907,.T.);
#1252=ADVANCED_FACE('',(#1550),#908,.T.);
#1253=ADVANCED_FACE('',(#1551),#909,.F.);
#1254=ADVANCED_FACE('',(#1552),#910,.F.);
#1255=ADVANCED_FACE('',(#1553),#911,.T.);
#1256=ADVANCED_FACE('',(#1554),#912,.T.);
#1257=ADVANCED_FACE('',(#1555),#443,.T.);
#1258=ADVANCED_FACE('',(#1556),#444,.T.);
#1259=ADVANCED_FACE('',(#1557),#913,.T.);
#1260=ADVANCED_FACE('',(#1558),#914,.T.);
#1261=ADVANCED_FACE('',(#1559),#89,.T.);
#1262=ADVANCED_FACE('',(#1560),#90,.T.);
#1263=ADVANCED_FACE('',(#1561),#915,.T.);
#1264=ADVANCED_FACE('',(#1562),#916,.T.);
#1265=ADVANCED_FACE('',(#1563),#445,.T.);
#1266=ADVANCED_FACE('',(#1564),#1430,.T.);
#1267=ADVANCED_FACE('',(#1565),#917,.T.);
#1268=ADVANCED_FACE('',(#1566),#918,.T.);
#1269=ADVANCED_FACE('',(#1567),#111,.T.);
#1270=ADVANCED_FACE('',(#1568),#446,.F.);
#1271=ADVANCED_FACE('',(#1569),#919,.F.);
#1272=ADVANCED_FACE('',(#1570),#920,.F.);
#1273=ADVANCED_FACE('',(#1571),#447,.F.);
#1274=ADVANCED_FACE('',(#1572),#91,.T.);
#1275=ADVANCED_FACE('',(#1573),#921,.F.);
#1276=ADVANCED_FACE('',(#1574),#448,.F.);
#1277=ADVANCED_FACE('',(#1575),#449,.F.);
#1278=ADVANCED_FACE('',(#1576),#922,.F.);
#1279=ADVANCED_FACE('',(#1577),#112,.T.);
#1280=ADVANCED_FACE('',(#1578),#450,.F.);
#1281=ADVANCED_FACE('',(#1579),#92,.T.);
#1282=ADVANCED_FACE('',(#1580),#923,.F.);
#1283=ADVANCED_FACE('',(#1581),#451,.F.);
#1284=ADVANCED_FACE('',(#1582),#113,.T.);
#1285=ADVANCED_FACE('',(#1583),#924,.F.);
#1286=ADVANCED_FACE('',(#1584),#93,.T.);
#1287=ADVANCED_FACE('',(#1585),#452,.F.);
#1288=ADVANCED_FACE('',(#1586),#114,.T.);
#1289=ADVANCED_FACE('',(#1587),#925,.F.);
#1290=ADVANCED_FACE('',(#1588),#115,.T.);
#1291=ADVANCED_FACE('',(#1589),#116,.T.);
#1292=ADVANCED_FACE('',(#1590),#926,.F.);
#1293=ADVANCED_FACE('',(#1591),#453,.T.);
#1294=ADVANCED_FACE('',(#1592),#454,.T.);
#1295=ADVANCED_FACE('',(#1593),#927,.F.);
#1296=ADVANCED_FACE('',(#1594),#94,.T.);
#1297=ADVANCED_FACE('',(#1595),#95,.T.);
#1298=ADVANCED_FACE('',(#1596),#928,.F.);
#1299=ADVANCED_FACE('',(#1597),#117,.T.);
#1300=ADVANCED_FACE('',(#1598),#96,.T.);
#1301=ADVANCED_FACE('',(#1599),#929,.F.);
#1302=ADVANCED_FACE('',(#1600),#118,.T.);
#1303=ADVANCED_FACE('',(#1601),#97,.T.);
#1304=ADVANCED_FACE('',(#1602),#930,.F.);
#1305=ADVANCED_FACE('',(#1603),#455,.T.);
#1306=ADVANCED_FACE('',(#1604),#456,.T.);
#1307=ADVANCED_FACE('',(#1605),#931,.F.);
#1308=ADVANCED_FACE('',(#1606),#119,.T.);
#1309=ADVANCED_FACE('',(#1607),#932,.T.);
#1310=ADVANCED_FACE('',(#1608),#933,.T.);
#1311=ADVANCED_FACE('',(#1609),#934,.T.);
#1312=ADVANCED_FACE('',(#1610),#935,.T.);
#1313=ADVANCED_FACE('',(#1611),#936,.T.);
#1314=ADVANCED_FACE('',(#1612),#937,.T.);
#1315=ADVANCED_FACE('',(#1613),#938,.F.);
#1316=ADVANCED_FACE('',(#1614),#939,.T.);
#1317=ADVANCED_FACE('',(#1615),#940,.F.);
#1318=ADVANCED_FACE('',(#1616),#941,.F.);
#1319=ADVANCED_FACE('',(#1617),#942,.T.);
#1320=ADVANCED_FACE('',(#1618),#943,.T.);
#1321=ADVANCED_FACE('',(#571,#572),#422,.T.);
#1322=ADVANCED_FACE('',(#573,#574),#1431,.F.);
#1323=ADVANCED_FACE('',(#575,#576),#1432,.F.);
#1324=ADVANCED_FACE('',(#577,#578),#423,.F.);
#1325=ADVANCED_FACE('',(#1619),#424,.F.);
#1326=ADVANCED_FACE('',(#579,#580),#944,.T.);
#1327=ADVANCED_FACE('',(#581,#582),#425,.T.);
#1328=ADVANCED_FACE('',(#1620),#1433,.F.);
#1329=ADVANCED_FACE('',(#1621),#1434,.F.);
#1330=ADVANCED_FACE('',(#1622),#1435,.F.);
#1331=ADVANCED_FACE('',(#1623),#1436,.F.);
#1332=ADVANCED_FACE('',(#1624),#1437,.F.);
#1333=ADVANCED_FACE('',(#1625),#1438,.T.);
#1334=ADVANCED_FACE('',(#1626),#1439,.T.);
#1335=ADVANCED_FACE('',(#1627),#426,.F.);
#1336=ADVANCED_FACE('',(#1628),#427,.F.);
#1337=ADVANCED_FACE('',(#1629),#428,.F.);
#1338=ADVANCED_FACE('',(#1630),#429,.F.);
#1339=ADVANCED_FACE('',(#1631),#430,.F.);
#1340=ADVANCED_FACE('',(#1632),#1440,.F.);
#1341=ADVANCED_FACE('',(#1633),#1441,.F.);
#1342=ADVANCED_FACE('',(#583,#584),#945,.F.);
#1343=ADVANCED_FACE('',(#585,#586),#98,.F.);
#1344=ADVANCED_FACE('',(#587,#588),#1442,.F.);
#1345=ADVANCED_FACE('',(#589,#590),#946,.F.);
#1346=ADVANCED_FACE('',(#591,#592),#1443,.F.);
#1347=ADVANCED_FACE('',(#593,#594),#1444,.F.);
#1348=ADVANCED_FACE('',(#595,#596),#947,.F.);
#1349=ADVANCED_FACE('',(#597,#598),#1445,.F.);
#1350=ADVANCED_FACE('',(#599,#600),#948,.F.);
#1351=ADVANCED_FACE('',(#601,#602),#1446,.F.);
#1352=ADVANCED_FACE('',(#603,#604),#1447,.F.);
#1353=ADVANCED_FACE('',(#605,#606),#949,.F.);
#1354=ADVANCED_FACE('',(#607,#608),#1448,.F.);
#1355=ADVANCED_FACE('',(#609,#610),#1449,.F.);
#1356=ADVANCED_FACE('',(#611,#612),#457,.T.);
#1357=ADVANCED_FACE('',(#613,#614),#458,.T.);
#1358=ADVANCED_FACE('',(#615,#616),#459,.T.);
#1359=ADVANCED_FACE('',(#617,#618),#460,.T.);
#1360=ADVANCED_FACE('',(#619,#620),#431,.T.);
#1361=ADVANCED_FACE('',(#1634),#950,.T.);
#1362=ADVANCED_FACE('',(#1635),#1450,.F.);
#1363=ADVANCED_FACE('',(#1636),#951,.T.);
#1364=ADVANCED_FACE('',(#621,#622),#952,.F.);
#1365=ADVANCED_FACE('',(#1637),#953,.T.);
#1366=ADVANCED_FACE('',(#1638),#954,.T.);
#1367=PLANE('',#4435);
#1368=PLANE('',#4439);
#1369=PLANE('',#4440);
#1370=PLANE('',#4441);
#1371=PLANE('',#4450);
#1372=PLANE('',#4454);
#1373=PLANE('',#4457);
#1374=PLANE('',#4462);
#1375=PLANE('',#4469);
#1376=PLANE('',#4503);
#1377=PLANE('',#4507);
#1378=PLANE('',#4511);
#1379=PLANE('',#4521);
#1380=PLANE('',#4522);
#1381=PLANE('',#4523);
#1382=PLANE('',#4524);
#1383=PLANE('',#4525);
#1384=PLANE('',#4526);
#1385=PLANE('',#4527);
#1386=PLANE('',#4528);
#1387=PLANE('',#4536);
#1388=PLANE('',#4544);
#1389=PLANE('',#4555);
#1390=PLANE('',#4556);
#1391=PLANE('',#4559);
#1392=PLANE('',#4560);
#1393=PLANE('',#4561);
#1394=PLANE('',#4562);
#1395=PLANE('',#4563);
#1396=PLANE('',#4564);
#1397=PLANE('',#4568);
#1398=PLANE('',#4571);
#1399=PLANE('',#4572);
#1400=PLANE('',#4573);
#1401=PLANE('',#4576);
#1402=PLANE('',#4578);
#1403=PLANE('',#4582);
#1404=PLANE('',#4583);
#1405=PLANE('',#4584);
#1406=PLANE('',#4585);
#1407=PLANE('',#4586);
#1408=PLANE('',#4591);
#1409=PLANE('',#4592);
#1410=PLANE('',#4600);
#1411=PLANE('',#4601);
#1412=PLANE('',#4602);
#1413=PLANE('',#4603);
#1414=PLANE('',#4604);
#1415=PLANE('',#4607);
#1416=PLANE('',#4618);
#1417=PLANE('',#4622);
#1418=PLANE('',#4625);
#1419=PLANE('',#4626);
#1420=PLANE('',#4640);
#1421=PLANE('',#4657);
#1422=PLANE('',#4661);
#1423=PLANE('',#4662);
#1424=PLANE('',#4663);
#1425=PLANE('',#4668);
#1426=PLANE('',#4684);
#1427=PLANE('',#4685);
#1428=PLANE('',#4686);
#1429=PLANE('',#4703);
#1430=PLANE('',#4720);
#1431=PLANE('',#4768);
#1432=PLANE('',#4770);
#1433=PLANE('',#4779);
#1434=PLANE('',#4780);
#1435=PLANE('',#4781);
#1436=PLANE('',#4782);
#1437=PLANE('',#4783);
#1438=PLANE('',#4784);
#1439=PLANE('',#4785);
#1440=PLANE('',#4791);
#1441=PLANE('',#4792);
#1442=PLANE('',#4795);
#1443=PLANE('',#4798);
#1444=PLANE('',#4800);
#1445=PLANE('',#4803);
#1446=PLANE('',#4808);
#1447=PLANE('',#4810);
#1448=PLANE('',#4815);
#1449=PLANE('',#4817);
#1450=PLANE('',#4825);
#1451=FACE_OUTER_BOUND('',#1639,.T.);
#1452=FACE_OUTER_BOUND('',#1640,.T.);
#1453=FACE_OUTER_BOUND('',#1641,.T.);
#1454=FACE_OUTER_BOUND('',#1642,.T.);
#1455=FACE_OUTER_BOUND('',#1643,.T.);
#1456=FACE_OUTER_BOUND('',#1644,.T.);
#1457=FACE_OUTER_BOUND('',#1649,.T.);
#1458=FACE_OUTER_BOUND('',#1650,.T.);
#1459=FACE_OUTER_BOUND('',#1663,.T.);
#1460=FACE_OUTER_BOUND('',#1706,.T.);
#1461=FACE_OUTER_BOUND('',#1707,.T.);
#1462=FACE_OUTER_BOUND('',#1710,.T.);
#1463=FACE_OUTER_BOUND('',#1711,.T.);
#1464=FACE_OUTER_BOUND('',#1712,.T.);
#1465=FACE_OUTER_BOUND('',#1713,.T.);
#1466=FACE_OUTER_BOUND('',#1714,.T.);
#1467=FACE_OUTER_BOUND('',#1715,.T.);
#1468=FACE_OUTER_BOUND('',#1716,.T.);
#1469=FACE_OUTER_BOUND('',#1721,.T.);
#1470=FACE_OUTER_BOUND('',#1722,.T.);
#1471=FACE_OUTER_BOUND('',#1723,.T.);
#1472=FACE_OUTER_BOUND('',#1724,.T.);
#1473=FACE_OUTER_BOUND('',#1725,.T.);
#1474=FACE_OUTER_BOUND('',#1726,.T.);
#1475=FACE_OUTER_BOUND('',#1727,.T.);
#1476=FACE_OUTER_BOUND('',#1728,.T.);
#1477=FACE_OUTER_BOUND('',#1729,.T.);
#1478=FACE_OUTER_BOUND('',#1730,.T.);
#1479=FACE_OUTER_BOUND('',#1731,.T.);
#1480=FACE_OUTER_BOUND('',#1732,.T.);
#1481=FACE_OUTER_BOUND('',#1733,.T.);
#1482=FACE_OUTER_BOUND('',#1734,.T.);
#1483=FACE_OUTER_BOUND('',#1735,.T.);
#1484=FACE_OUTER_BOUND('',#1742,.T.);
#1485=FACE_OUTER_BOUND('',#1743,.T.);
#1486=FACE_OUTER_BOUND('',#1744,.T.);
#1487=FACE_OUTER_BOUND('',#1745,.T.);
#1488=FACE_OUTER_BOUND('',#1746,.T.);
#1489=FACE_OUTER_BOUND('',#1747,.T.);
#1490=FACE_OUTER_BOUND('',#1748,.T.);
#1491=FACE_OUTER_BOUND('',#1749,.T.);
#1492=FACE_OUTER_BOUND('',#1750,.T.);
#1493=FACE_OUTER_BOUND('',#1751,.T.);
#1494=FACE_OUTER_BOUND('',#1752,.T.);
#1495=FACE_OUTER_BOUND('',#1753,.T.);
#1496=FACE_OUTER_BOUND('',#1754,.T.);
#1497=FACE_OUTER_BOUND('',#1755,.T.);
#1498=FACE_OUTER_BOUND('',#1756,.T.);
#1499=FACE_OUTER_BOUND('',#1757,.T.);
#1500=FACE_OUTER_BOUND('',#1758,.T.);
#1501=FACE_OUTER_BOUND('',#1759,.T.);
#1502=FACE_OUTER_BOUND('',#1760,.T.);
#1503=FACE_OUTER_BOUND('',#1761,.T.);
#1504=FACE_OUTER_BOUND('',#1762,.T.);
#1505=FACE_OUTER_BOUND('',#1763,.T.);
#1506=FACE_OUTER_BOUND('',#1764,.T.);
#1507=FACE_OUTER_BOUND('',#1765,.T.);
#1508=FACE_OUTER_BOUND('',#1769,.T.);
#1509=FACE_OUTER_BOUND('',#1770,.T.);
#1510=FACE_OUTER_BOUND('',#1771,.T.);
#1511=FACE_OUTER_BOUND('',#1772,.T.);
#1512=FACE_OUTER_BOUND('',#1775,.T.);
#1513=FACE_OUTER_BOUND('',#1776,.T.);
#1514=FACE_OUTER_BOUND('',#1777,.T.);
#1515=FACE_OUTER_BOUND('',#1778,.T.);
#1516=FACE_OUTER_BOUND('',#1779,.T.);
#1517=FACE_OUTER_BOUND('',#1780,.T.);
#1518=FACE_OUTER_BOUND('',#1783,.T.);
#1519=FACE_OUTER_BOUND('',#1784,.T.);
#1520=FACE_OUTER_BOUND('',#1785,.T.);
#1521=FACE_OUTER_BOUND('',#1786,.T.);
#1522=FACE_OUTER_BOUND('',#1787,.T.);
#1523=FACE_OUTER_BOUND('',#1788,.T.);
#1524=FACE_OUTER_BOUND('',#1789,.T.);
#1525=FACE_OUTER_BOUND('',#1790,.T.);
#1526=FACE_OUTER_BOUND('',#1791,.T.);
#1527=FACE_OUTER_BOUND('',#1792,.T.);
#1528=FACE_OUTER_BOUND('',#1793,.T.);
#1529=FACE_OUTER_BOUND('',#1794,.T.);
#1530=FACE_OUTER_BOUND('',#1795,.T.);
#1531=FACE_OUTER_BOUND('',#1796,.T.);
#1532=FACE_OUTER_BOUND('',#1801,.T.);
#1533=FACE_OUTER_BOUND('',#1802,.T.);
#1534=FACE_OUTER_BOUND('',#1803,.T.);
#1535=FACE_OUTER_BOUND('',#1804,.T.);
#1536=FACE_OUTER_BOUND('',#1811,.T.);
#1537=FACE_OUTER_BOUND('',#1814,.T.);
#1538=FACE_OUTER_BOUND('',#1815,.T.);
#1539=FACE_OUTER_BOUND('',#1816,.T.);
#1540=FACE_OUTER_BOUND('',#1817,.T.);
#1541=FACE_OUTER_BOUND('',#1828,.T.);
#1542=FACE_OUTER_BOUND('',#1829,.T.);
#1543=FACE_OUTER_BOUND('',#1837,.T.);
#1544=FACE_OUTER_BOUND('',#1842,.T.);
#1545=FACE_OUTER_BOUND('',#1843,.T.);
#1546=FACE_OUTER_BOUND('',#1844,.T.);
#1547=FACE_OUTER_BOUND('',#1845,.T.);
#1548=FACE_OUTER_BOUND('',#1846,.T.);
#1549=FACE_OUTER_BOUND('',#1847,.T.);
#1550=FACE_OUTER_BOUND('',#1848,.T.);
#1551=FACE_OUTER_BOUND('',#1849,.T.);
#1552=FACE_OUTER_BOUND('',#1850,.T.);
#1553=FACE_OUTER_BOUND('',#1851,.T.);
#1554=FACE_OUTER_BOUND('',#1852,.T.);
#1555=FACE_OUTER_BOUND('',#1853,.T.);
#1556=FACE_OUTER_BOUND('',#1854,.T.);
#1557=FACE_OUTER_BOUND('',#1855,.T.);
#1558=FACE_OUTER_BOUND('',#1856,.T.);
#1559=FACE_OUTER_BOUND('',#1857,.T.);
#1560=FACE_OUTER_BOUND('',#1858,.T.);
#1561=FACE_OUTER_BOUND('',#1859,.T.);
#1562=FACE_OUTER_BOUND('',#1860,.T.);
#1563=FACE_OUTER_BOUND('',#1861,.T.);
#1564=FACE_OUTER_BOUND('',#1862,.T.);
#1565=FACE_OUTER_BOUND('',#1863,.T.);
#1566=FACE_OUTER_BOUND('',#1864,.T.);
#1567=FACE_OUTER_BOUND('',#1865,.T.);
#1568=FACE_OUTER_BOUND('',#1866,.T.);
#1569=FACE_OUTER_BOUND('',#1867,.T.);
#1570=FACE_OUTER_BOUND('',#1868,.T.);
#1571=FACE_OUTER_BOUND('',#1869,.T.);
#1572=FACE_OUTER_BOUND('',#1870,.T.);
#1573=FACE_OUTER_BOUND('',#1871,.T.);
#1574=FACE_OUTER_BOUND('',#1872,.T.);
#1575=FACE_OUTER_BOUND('',#1873,.T.);
#1576=FACE_OUTER_BOUND('',#1874,.T.);
#1577=FACE_OUTER_BOUND('',#1875,.T.);
#1578=FACE_OUTER_BOUND('',#1876,.T.);
#1579=FACE_OUTER_BOUND('',#1877,.T.);
#1580=FACE_OUTER_BOUND('',#1878,.T.);
#1581=FACE_OUTER_BOUND('',#1879,.T.);
#1582=FACE_OUTER_BOUND('',#1880,.T.);
#1583=FACE_OUTER_BOUND('',#1881,.T.);
#1584=FACE_OUTER_BOUND('',#1882,.T.);
#1585=FACE_OUTER_BOUND('',#1883,.T.);
#1586=FACE_OUTER_BOUND('',#1884,.T.);
#1587=FACE_OUTER_BOUND('',#1885,.T.);
#1588=FACE_OUTER_BOUND('',#1886,.T.);
#1589=FACE_OUTER_BOUND('',#1887,.T.);
#1590=FACE_OUTER_BOUND('',#1888,.T.);
#1591=FACE_OUTER_BOUND('',#1889,.T.);
#1592=FACE_OUTER_BOUND('',#1890,.T.);
#1593=FACE_OUTER_BOUND('',#1891,.T.);
#1594=FACE_OUTER_BOUND('',#1892,.T.);
#1595=FACE_OUTER_BOUND('',#1893,.T.);
#1596=FACE_OUTER_BOUND('',#1894,.T.);
#1597=FACE_OUTER_BOUND('',#1895,.T.);
#1598=FACE_OUTER_BOUND('',#1896,.T.);
#1599=FACE_OUTER_BOUND('',#1897,.T.);
#1600=FACE_OUTER_BOUND('',#1898,.T.);
#1601=FACE_OUTER_BOUND('',#1899,.T.);
#1602=FACE_OUTER_BOUND('',#1900,.T.);
#1603=FACE_OUTER_BOUND('',#1901,.T.);
#1604=FACE_OUTER_BOUND('',#1902,.T.);
#1605=FACE_OUTER_BOUND('',#1903,.T.);
#1606=FACE_OUTER_BOUND('',#1904,.T.);
#1607=FACE_OUTER_BOUND('',#1905,.T.);
#1608=FACE_OUTER_BOUND('',#1906,.T.);
#1609=FACE_OUTER_BOUND('',#1907,.T.);
#1610=FACE_OUTER_BOUND('',#1908,.T.);
#1611=FACE_OUTER_BOUND('',#1909,.T.);
#1612=FACE_OUTER_BOUND('',#1910,.T.);
#1613=FACE_OUTER_BOUND('',#1911,.T.);
#1614=FACE_OUTER_BOUND('',#1912,.T.);
#1615=FACE_OUTER_BOUND('',#1913,.T.);
#1616=FACE_OUTER_BOUND('',#1914,.T.);
#1617=FACE_OUTER_BOUND('',#1915,.T.);
#1618=FACE_OUTER_BOUND('',#1916,.T.);
#1619=FACE_OUTER_BOUND('',#1925,.T.);
#1620=FACE_OUTER_BOUND('',#1930,.T.);
#1621=FACE_OUTER_BOUND('',#1931,.T.);
#1622=FACE_OUTER_BOUND('',#1932,.T.);
#1623=FACE_OUTER_BOUND('',#1933,.T.);
#1624=FACE_OUTER_BOUND('',#1934,.T.);
#1625=FACE_OUTER_BOUND('',#1935,.T.);
#1626=FACE_OUTER_BOUND('',#1936,.T.);
#1627=FACE_OUTER_BOUND('',#1937,.T.);
#1628=FACE_OUTER_BOUND('',#1938,.T.);
#1629=FACE_OUTER_BOUND('',#1939,.T.);
#1630=FACE_OUTER_BOUND('',#1940,.T.);
#1631=FACE_OUTER_BOUND('',#1941,.T.);
#1632=FACE_OUTER_BOUND('',#1942,.T.);
#1633=FACE_OUTER_BOUND('',#1943,.T.);
#1634=FACE_OUTER_BOUND('',#1982,.T.);
#1635=FACE_OUTER_BOUND('',#1983,.T.);
#1636=FACE_OUTER_BOUND('',#1984,.T.);
#1637=FACE_OUTER_BOUND('',#1987,.T.);
#1638=FACE_OUTER_BOUND('',#1988,.T.);
#1639=EDGE_LOOP('',(#1989,#1990,#1991,#1992));
#1640=EDGE_LOOP('',(#1993,#1994,#1995,#1996));
#1641=EDGE_LOOP('',(#1997,#1998,#1999,#2000));
#1642=EDGE_LOOP('',(#2001,#2002,#2003,#2004,#2005));
#1643=EDGE_LOOP('',(#2006,#2007,#2008,#2009));
#1644=EDGE_LOOP('',(#2010,#2011,#2012,#2013,#2014));
#1645=EDGE_LOOP('',(#2015,#2016));
#1646=EDGE_LOOP('',(#2017));
#1647=EDGE_LOOP('',(#2018));
#1648=EDGE_LOOP('',(#2019));
#1649=EDGE_LOOP('',(#2020,#2021,#2022,#2023));
#1650=EDGE_LOOP('',(#2024,#2025,#2026,#2027));
#1651=EDGE_LOOP('',(#2028));
#1652=EDGE_LOOP('',(#2029));
#1653=EDGE_LOOP('',(#2030,#2031,#2032,#2033,#2034,#2035,#2036,#2037));
#1654=EDGE_LOOP('',(#2038));
#1655=EDGE_LOOP('',(#2039,#2040));
#1656=EDGE_LOOP('',(#2041));
#1657=EDGE_LOOP('',(#2042));
#1658=EDGE_LOOP('',(#2043,#2044,#2045,#2046,#2047,#2048,#2049,#2050,#2051,
#2052,#2053,#2054));
#1659=EDGE_LOOP('',(#2055));
#1660=EDGE_LOOP('',(#2056));
#1661=EDGE_LOOP('',(#2057));
#1662=EDGE_LOOP('',(#2058));
#1663=EDGE_LOOP('',(#2059,#2060,#2061,#2062,#2063,#2064,#2065,#2066));
#1664=EDGE_LOOP('',(#2067));
#1665=EDGE_LOOP('',(#2068,#2069));
#1666=EDGE_LOOP('',(#2070));
#1667=EDGE_LOOP('',(#2071));
#1668=EDGE_LOOP('',(#2072));
#1669=EDGE_LOOP('',(#2073));
#1670=EDGE_LOOP('',(#2074));
#1671=EDGE_LOOP('',(#2075));
#1672=EDGE_LOOP('',(#2076));
#1673=EDGE_LOOP('',(#2077));
#1674=EDGE_LOOP('',(#2078));
#1675=EDGE_LOOP('',(#2079));
#1676=EDGE_LOOP('',(#2080));
#1677=EDGE_LOOP('',(#2081));
#1678=EDGE_LOOP('',(#2082));
#1679=EDGE_LOOP('',(#2083));
#1680=EDGE_LOOP('',(#2084));
#1681=EDGE_LOOP('',(#2085,#2086));
#1682=EDGE_LOOP('',(#2087));
#1683=EDGE_LOOP('',(#2088));
#1684=EDGE_LOOP('',(#2089));
#1685=EDGE_LOOP('',(#2090));
#1686=EDGE_LOOP('',(#2091));
#1687=EDGE_LOOP('',(#2092));
#1688=EDGE_LOOP('',(#2093));
#1689=EDGE_LOOP('',(#2094));
#1690=EDGE_LOOP('',(#2095));
#1691=EDGE_LOOP('',(#2096));
#1692=EDGE_LOOP('',(#2097));
#1693=EDGE_LOOP('',(#2098));
#1694=EDGE_LOOP('',(#2099));
#1695=EDGE_LOOP('',(#2100));
#1696=EDGE_LOOP('',(#2101));
#1697=EDGE_LOOP('',(#2102));
#1698=EDGE_LOOP('',(#2103));
#1699=EDGE_LOOP('',(#2104));
#1700=EDGE_LOOP('',(#2105));
#1701=EDGE_LOOP('',(#2106));
#1702=EDGE_LOOP('',(#2107));
#1703=EDGE_LOOP('',(#2108));
#1704=EDGE_LOOP('',(#2109));
#1705=EDGE_LOOP('',(#2110));
#1706=EDGE_LOOP('',(#2111,#2112,#2113,#2114,#2115,#2116));
#1707=EDGE_LOOP('',(#2117,#2118,#2119,#2120,#2121,#2122,#2123,#2124));
#1708=EDGE_LOOP('',(#2125,#2126,#2127,#2128,#2129,#2130,#2131,#2132,#2133,
#2134,#2135));
#1709=EDGE_LOOP('',(#2136));
#1710=EDGE_LOOP('',(#2137,#2138,#2139,#2140));
#1711=EDGE_LOOP('',(#2141,#2142,#2143,#2144));
#1712=EDGE_LOOP('',(#2145,#2146,#2147,#2148));
#1713=EDGE_LOOP('',(#2149,#2150,#2151,#2152));
#1714=EDGE_LOOP('',(#2153,#2154,#2155,#2156));
#1715=EDGE_LOOP('',(#2157,#2158,#2159,#2160));
#1716=EDGE_LOOP('',(#2161,#2162,#2163,#2164));
#1717=EDGE_LOOP('',(#2165,#2166,#2167,#2168,#2169,#2170,#2171,#2172,#2173,
#2174,#2175,#2176,#2177,#2178));
#1718=EDGE_LOOP('',(#2179,#2180,#2181,#2182,#2183,#2184,#2185));
#1719=EDGE_LOOP('',(#2186));
#1720=EDGE_LOOP('',(#2187));
#1721=EDGE_LOOP('',(#2188,#2189,#2190,#2191,#2192,#2193,#2194,#2195,#2196,
#2197));
#1722=EDGE_LOOP('',(#2198,#2199,#2200,#2201,#2202,#2203,#2204,#2205));
#1723=EDGE_LOOP('',(#2206,#2207,#2208,#2209));
#1724=EDGE_LOOP('',(#2210,#2211,#2212,#2213));
#1725=EDGE_LOOP('',(#2214,#2215,#2216,#2217));
#1726=EDGE_LOOP('',(#2218,#2219,#2220,#2221));
#1727=EDGE_LOOP('',(#2222,#2223,#2224,#2225,#2226,#2227,#2228,#2229,#2230,
#2231,#2232,#2233));
#1728=EDGE_LOOP('',(#2234,#2235,#2236,#2237));
#1729=EDGE_LOOP('',(#2238,#2239,#2240,#2241,#2242,#2243));
#1730=EDGE_LOOP('',(#2244,#2245,#2246,#2247));
#1731=EDGE_LOOP('',(#2248,#2249,#2250,#2251,#2252,#2253));
#1732=EDGE_LOOP('',(#2254,#2255,#2256,#2257));
#1733=EDGE_LOOP('',(#2258,#2259,#2260,#2261));
#1734=EDGE_LOOP('',(#2262,#2263,#2264,#2265,#2266));
#1735=EDGE_LOOP('',(#2267,#2268,#2269,#2270,#2271,#2272));
#1736=EDGE_LOOP('',(#2273,#2274,#2275,#2276,#2277,#2278,#2279));
#1737=EDGE_LOOP('',(#2280));
#1738=EDGE_LOOP('',(#2281));
#1739=EDGE_LOOP('',(#2282));
#1740=EDGE_LOOP('',(#2283));
#1741=EDGE_LOOP('',(#2284));
#1742=EDGE_LOOP('',(#2285,#2286,#2287,#2288));
#1743=EDGE_LOOP('',(#2289,#2290,#2291,#2292));
#1744=EDGE_LOOP('',(#2293,#2294,#2295,#2296,#2297,#2298,#2299,#2300));
#1745=EDGE_LOOP('',(#2301,#2302,#2303,#2304));
#1746=EDGE_LOOP('',(#2305,#2306,#2307));
#1747=EDGE_LOOP('',(#2308,#2309,#2310));
#1748=EDGE_LOOP('',(#2311,#2312,#2313,#2314,#2315,#2316));
#1749=EDGE_LOOP('',(#2317,#2318,#2319,#2320,#2321,#2322,#2323,#2324));
#1750=EDGE_LOOP('',(#2325,#2326,#2327));
#1751=EDGE_LOOP('',(#2328,#2329,#2330));
#1752=EDGE_LOOP('',(#2331,#2332,#2333,#2334,#2335));
#1753=EDGE_LOOP('',(#2336,#2337,#2338,#2339,#2340));
#1754=EDGE_LOOP('',(#2341,#2342,#2343,#2344,#2345));
#1755=EDGE_LOOP('',(#2346,#2347,#2348,#2349,#2350));
#1756=EDGE_LOOP('',(#2351,#2352,#2353));
#1757=EDGE_LOOP('',(#2354,#2355,#2356,#2357,#2358));
#1758=EDGE_LOOP('',(#2359,#2360,#2361,#2362));
#1759=EDGE_LOOP('',(#2363,#2364,#2365,#2366));
#1760=EDGE_LOOP('',(#2367,#2368,#2369,#2370));
#1761=EDGE_LOOP('',(#2371,#2372,#2373,#2374));
#1762=EDGE_LOOP('',(#2375,#2376,#2377,#2378));
#1763=EDGE_LOOP('',(#2379,#2380,#2381,#2382));
#1764=EDGE_LOOP('',(#2383,#2384,#2385,#2386));
#1765=EDGE_LOOP('',(#2387,#2388,#2389,#2390));
#1766=EDGE_LOOP('',(#2391));
#1767=EDGE_LOOP('',(#2392));
#1768=EDGE_LOOP('',(#2393,#2394,#2395,#2396));
#1769=EDGE_LOOP('',(#2397,#2398,#2399,#2400));
#1770=EDGE_LOOP('',(#2401,#2402,#2403,#2404));
#1771=EDGE_LOOP('',(#2405,#2406,#2407,#2408));
#1772=EDGE_LOOP('',(#2409,#2410,#2411,#2412));
#1773=EDGE_LOOP('',(#2413,#2414));
#1774=EDGE_LOOP('',(#2415,#2416,#2417,#2418));
#1775=EDGE_LOOP('',(#2419,#2420,#2421,#2422,#2423));
#1776=EDGE_LOOP('',(#2424,#2425,#2426,#2427,#2428));
#1777=EDGE_LOOP('',(#2429,#2430,#2431,#2432));
#1778=EDGE_LOOP('',(#2433,#2434,#2435,#2436));
#1779=EDGE_LOOP('',(#2437,#2438,#2439,#2440));
#1780=EDGE_LOOP('',(#2441,#2442,#2443,#2444));
#1781=EDGE_LOOP('',(#2445));
#1782=EDGE_LOOP('',(#2446,#2447,#2448,#2449));
#1783=EDGE_LOOP('',(#2450,#2451,#2452,#2453,#2454,#2455,#2456));
#1784=EDGE_LOOP('',(#2457,#2458,#2459,#2460,#2461,#2462,#2463));
#1785=EDGE_LOOP('',(#2464,#2465,#2466,#2467));
#1786=EDGE_LOOP('',(#2468,#2469,#2470,#2471));
#1787=EDGE_LOOP('',(#2472,#2473,#2474,#2475,#2476,#2477));
#1788=EDGE_LOOP('',(#2478,#2479,#2480));
#1789=EDGE_LOOP('',(#2481,#2482,#2483));
#1790=EDGE_LOOP('',(#2484,#2485,#2486));
#1791=EDGE_LOOP('',(#2487,#2488,#2489,#2490));
#1792=EDGE_LOOP('',(#2491,#2492,#2493));
#1793=EDGE_LOOP('',(#2494,#2495,#2496,#2497));
#1794=EDGE_LOOP('',(#2498,#2499,#2500,#2501));
#1795=EDGE_LOOP('',(#2502,#2503,#2504,#2505,#2506,#2507));
#1796=EDGE_LOOP('',(#2508,#2509,#2510,#2511));
#1797=EDGE_LOOP('',(#2512,#2513,#2514,#2515));
#1798=EDGE_LOOP('',(#2516));
#1799=EDGE_LOOP('',(#2517));
#1800=EDGE_LOOP('',(#2518));
#1801=EDGE_LOOP('',(#2519,#2520,#2521,#2522));
#1802=EDGE_LOOP('',(#2523,#2524,#2525,#2526));
#1803=EDGE_LOOP('',(#2527,#2528,#2529,#2530));
#1804=EDGE_LOOP('',(#2531,#2532,#2533,#2534));
#1805=EDGE_LOOP('',(#2535));
#1806=EDGE_LOOP('',(#2536));
#1807=EDGE_LOOP('',(#2537));
#1808=EDGE_LOOP('',(#2538,#2539,#2540,#2541));
#1809=EDGE_LOOP('',(#2542));
#1810=EDGE_LOOP('',(#2543,#2544,#2545,#2546,#2547,#2548,#2549,#2550,#2551,
#2552,#2553));
#1811=EDGE_LOOP('',(#2554,#2555,#2556,#2557,#2558,#2559,#2560,#2561));
#1812=EDGE_LOOP('',(#2562));
#1813=EDGE_LOOP('',(#2563));
#1814=EDGE_LOOP('',(#2564,#2565,#2566,#2567,#2568,#2569));
#1815=EDGE_LOOP('',(#2570,#2571,#2572,#2573,#2574,#2575));
#1816=EDGE_LOOP('',(#2576,#2577,#2578,#2579,#2580,#2581,#2582,#2583,#2584,
#2585,#2586,#2587,#2588));
#1817=EDGE_LOOP('',(#2589,#2590,#2591));
#1818=EDGE_LOOP('',(#2592));
#1819=EDGE_LOOP('',(#2593));
#1820=EDGE_LOOP('',(#2594));
#1821=EDGE_LOOP('',(#2595));
#1822=EDGE_LOOP('',(#2596));
#1823=EDGE_LOOP('',(#2597));
#1824=EDGE_LOOP('',(#2598));
#1825=EDGE_LOOP('',(#2599));
#1826=EDGE_LOOP('',(#2600,#2601,#2602));
#1827=EDGE_LOOP('',(#2603));
#1828=EDGE_LOOP('',(#2604,#2605));
#1829=EDGE_LOOP('',(#2606,#2607,#2608,#2609));
#1830=EDGE_LOOP('',(#2610));
#1831=EDGE_LOOP('',(#2611));
#1832=EDGE_LOOP('',(#2612,#2613,#2614,#2615,#2616,#2617));
#1833=EDGE_LOOP('',(#2618,#2619));
#1834=EDGE_LOOP('',(#2620,#2621,#2622,#2623,#2624,#2625,#2626,#2627,#2628));
#1835=EDGE_LOOP('',(#2629,#2630));
#1836=EDGE_LOOP('',(#2631,#2632,#2633,#2634));
#1837=EDGE_LOOP('',(#2635,#2636,#2637,#2638,#2639,#2640,#2641,#2642));
#1838=EDGE_LOOP('',(#2643));
#1839=EDGE_LOOP('',(#2644));
#1840=EDGE_LOOP('',(#2645));
#1841=EDGE_LOOP('',(#2646));
#1842=EDGE_LOOP('',(#2647,#2648,#2649));
#1843=EDGE_LOOP('',(#2650,#2651,#2652,#2653));
#1844=EDGE_LOOP('',(#2654,#2655));
#1845=EDGE_LOOP('',(#2656,#2657,#2658));
#1846=EDGE_LOOP('',(#2659,#2660,#2661));
#1847=EDGE_LOOP('',(#2662,#2663,#2664));
#1848=EDGE_LOOP('',(#2665,#2666,#2667,#2668));
#1849=EDGE_LOOP('',(#2669,#2670,#2671));
#1850=EDGE_LOOP('',(#2672,#2673,#2674));
#1851=EDGE_LOOP('',(#2675,#2676,#2677,#2678));
#1852=EDGE_LOOP('',(#2679,#2680,#2681));
#1853=EDGE_LOOP('',(#2682,#2683,#2684));
#1854=EDGE_LOOP('',(#2685,#2686,#2687));
#1855=EDGE_LOOP('',(#2688,#2689,#2690));
#1856=EDGE_LOOP('',(#2691,#2692,#2693));
#1857=EDGE_LOOP('',(#2694,#2695));
#1858=EDGE_LOOP('',(#2696,#2697,#2698));
#1859=EDGE_LOOP('',(#2699,#2700,#2701,#2702));
#1860=EDGE_LOOP('',(#2703,#2704,#2705));
#1861=EDGE_LOOP('',(#2706,#2707,#2708));
#1862=EDGE_LOOP('',(#2709,#2710,#2711));
#1863=EDGE_LOOP('',(#2712,#2713));
#1864=EDGE_LOOP('',(#2714,#2715,#2716));
#1865=EDGE_LOOP('',(#2717,#2718));
#1866=EDGE_LOOP('',(#2719,#2720,#2721,#2722));
#1867=EDGE_LOOP('',(#2723,#2724,#2725,#2726));
#1868=EDGE_LOOP('',(#2727,#2728,#2729,#2730,#2731));
#1869=EDGE_LOOP('',(#2732,#2733,#2734,#2735));
#1870=EDGE_LOOP('',(#2736,#2737,#2738,#2739,#2740));
#1871=EDGE_LOOP('',(#2741,#2742,#2743,#2744));
#1872=EDGE_LOOP('',(#2745,#2746,#2747));
#1873=EDGE_LOOP('',(#2748,#2749,#2750,#2751));
#1874=EDGE_LOOP('',(#2752,#2753,#2754,#2755));
#1875=EDGE_LOOP('',(#2756,#2757,#2758,#2759,#2760));
#1876=EDGE_LOOP('',(#2761,#2762,#2763));
#1877=EDGE_LOOP('',(#2764,#2765,#2766,#2767,#2768));
#1878=EDGE_LOOP('',(#2769,#2770,#2771,#2772));
#1879=EDGE_LOOP('',(#2773,#2774,#2775));
#1880=EDGE_LOOP('',(#2776,#2777,#2778,#2779,#2780));
#1881=EDGE_LOOP('',(#2781,#2782,#2783,#2784));
#1882=EDGE_LOOP('',(#2785,#2786,#2787,#2788,#2789));
#1883=EDGE_LOOP('',(#2790,#2791,#2792));
#1884=EDGE_LOOP('',(#2793,#2794,#2795,#2796,#2797));
#1885=EDGE_LOOP('',(#2798,#2799,#2800,#2801));
#1886=EDGE_LOOP('',(#2802,#2803,#2804,#2805,#2806));
#1887=EDGE_LOOP('',(#2807,#2808,#2809,#2810));
#1888=EDGE_LOOP('',(#2811,#2812,#2813,#2814));
#1889=EDGE_LOOP('',(#2815,#2816,#2817,#2818));
#1890=EDGE_LOOP('',(#2819,#2820,#2821,#2822));
#1891=EDGE_LOOP('',(#2823,#2824,#2825,#2826));
#1892=EDGE_LOOP('',(#2827,#2828,#2829,#2830));
#1893=EDGE_LOOP('',(#2831,#2832,#2833,#2834));
#1894=EDGE_LOOP('',(#2835,#2836,#2837,#2838));
#1895=EDGE_LOOP('',(#2839,#2840,#2841,#2842));
#1896=EDGE_LOOP('',(#2843,#2844,#2845,#2846));
#1897=EDGE_LOOP('',(#2847,#2848,#2849,#2850));
#1898=EDGE_LOOP('',(#2851,#2852,#2853,#2854));
#1899=EDGE_LOOP('',(#2855,#2856,#2857,#2858));
#1900=EDGE_LOOP('',(#2859,#2860,#2861,#2862));
#1901=EDGE_LOOP('',(#2863,#2864,#2865,#2866));
#1902=EDGE_LOOP('',(#2867,#2868,#2869,#2870));
#1903=EDGE_LOOP('',(#2871,#2872,#2873,#2874));
#1904=EDGE_LOOP('',(#2875,#2876,#2877,#2878));
#1905=EDGE_LOOP('',(#2879,#2880,#2881,#2882));
#1906=EDGE_LOOP('',(#2883,#2884,#2885,#2886));
#1907=EDGE_LOOP('',(#2887,#2888,#2889,#2890));
#1908=EDGE_LOOP('',(#2891,#2892,#2893,#2894));
#1909=EDGE_LOOP('',(#2895,#2896,#2897,#2898));
#1910=EDGE_LOOP('',(#2899,#2900,#2901,#2902));
#1911=EDGE_LOOP('',(#2903,#2904,#2905,#2906,#2907));
#1912=EDGE_LOOP('',(#2908,#2909,#2910,#2911,#2912));
#1913=EDGE_LOOP('',(#2913,#2914,#2915,#2916,#2917));
#1914=EDGE_LOOP('',(#2918,#2919,#2920,#2921,#2922));
#1915=EDGE_LOOP('',(#2923,#2924,#2925,#2926,#2927));
#1916=EDGE_LOOP('',(#2928,#2929,#2930,#2931,#2932));
#1917=EDGE_LOOP('',(#2933));
#1918=EDGE_LOOP('',(#2934,#2935));
#1919=EDGE_LOOP('',(#2936));
#1920=EDGE_LOOP('',(#2937));
#1921=EDGE_LOOP('',(#2938));
#1922=EDGE_LOOP('',(#2939));
#1923=EDGE_LOOP('',(#2940,#2941,#2942,#2943,#2944,#2945,#2946,#2947,#2948,
#2949,#2950,#2951));
#1924=EDGE_LOOP('',(#2952));
#1925=EDGE_LOOP('',(#2953,#2954,#2955,#2956,#2957,#2958,#2959,#2960));
#1926=EDGE_LOOP('',(#2961));
#1927=EDGE_LOOP('',(#2962,#2963,#2964,#2965,#2966,#2967,#2968,#2969,#2970,
#2971,#2972,#2973,#2974,#2975,#2976,#2977,#2978,#2979,#2980,#2981,#2982));
#1928=EDGE_LOOP('',(#2983));
#1929=EDGE_LOOP('',(#2984));
#1930=EDGE_LOOP('',(#2985,#2986,#2987,#2988,#2989,#2990,#2991,#2992));
#1931=EDGE_LOOP('',(#2993,#2994,#2995,#2996,#2997));
#1932=EDGE_LOOP('',(#2998,#2999,#3000,#3001,#3002));
#1933=EDGE_LOOP('',(#3003,#3004,#3005,#3006));
#1934=EDGE_LOOP('',(#3007,#3008,#3009,#3010));
#1935=EDGE_LOOP('',(#3011,#3012,#3013,#3014,#3015));
#1936=EDGE_LOOP('',(#3016,#3017,#3018,#3019,#3020));
#1937=EDGE_LOOP('',(#3021,#3022));
#1938=EDGE_LOOP('',(#3023,#3024,#3025));
#1939=EDGE_LOOP('',(#3026,#3027));
#1940=EDGE_LOOP('',(#3028,#3029,#3030,#3031,#3032,#3033,#3034,#3035));
#1941=EDGE_LOOP('',(#3036,#3037,#3038,#3039,#3040,#3041,#3042));
#1942=EDGE_LOOP('',(#3043,#3044,#3045,#3046,#3047,#3048,#3049,#3050));
#1943=EDGE_LOOP('',(#3051,#3052,#3053,#3054,#3055,#3056,#3057,#3058));
#1944=EDGE_LOOP('',(#3059));
#1945=EDGE_LOOP('',(#3060));
#1946=EDGE_LOOP('',(#3061,#3062,#3063,#3064));
#1947=EDGE_LOOP('',(#3065,#3066,#3067));
#1948=EDGE_LOOP('',(#3068));
#1949=EDGE_LOOP('',(#3069));
#1950=EDGE_LOOP('',(#3070));
#1951=EDGE_LOOP('',(#3071));
#1952=EDGE_LOOP('',(#3072));
#1953=EDGE_LOOP('',(#3073));
#1954=EDGE_LOOP('',(#3074));
#1955=EDGE_LOOP('',(#3075));
#1956=EDGE_LOOP('',(#3076));
#1957=EDGE_LOOP('',(#3077));
#1958=EDGE_LOOP('',(#3078));
#1959=EDGE_LOOP('',(#3079));
#1960=EDGE_LOOP('',(#3080));
#1961=EDGE_LOOP('',(#3081));
#1962=EDGE_LOOP('',(#3082));
#1963=EDGE_LOOP('',(#3083));
#1964=EDGE_LOOP('',(#3084));
#1965=EDGE_LOOP('',(#3085));
#1966=EDGE_LOOP('',(#3086));
#1967=EDGE_LOOP('',(#3087));
#1968=EDGE_LOOP('',(#3088));
#1969=EDGE_LOOP('',(#3089));
#1970=EDGE_LOOP('',(#3090));
#1971=EDGE_LOOP('',(#3091));
#1972=EDGE_LOOP('',(#3092));
#1973=EDGE_LOOP('',(#3093));
#1974=EDGE_LOOP('',(#3094));
#1975=EDGE_LOOP('',(#3095));
#1976=EDGE_LOOP('',(#3096));
#1977=EDGE_LOOP('',(#3097));
#1978=EDGE_LOOP('',(#3098));
#1979=EDGE_LOOP('',(#3099));
#1980=EDGE_LOOP('',(#3100));
#1981=EDGE_LOOP('',(#3101));
#1982=EDGE_LOOP('',(#3102,#3103,#3104,#3105,#3106,#3107));
#1983=EDGE_LOOP('',(#3108,#3109,#3110));
#1984=EDGE_LOOP('',(#3111,#3112,#3113,#3114));
#1985=EDGE_LOOP('',(#3115));
#1986=EDGE_LOOP('',(#3116));
#1987=EDGE_LOOP('',(#3117,#3118,#3119,#3120));
#1988=EDGE_LOOP('',(#3121,#3122,#3123,#3124));
#1989=ORIENTED_EDGE('',*,*,#3495,.F.);
#1990=ORIENTED_EDGE('',*,*,#3496,.T.);
#1991=ORIENTED_EDGE('',*,*,#3497,.F.);
#1992=ORIENTED_EDGE('',*,*,#3498,.F.);
#1993=ORIENTED_EDGE('',*,*,#3499,.T.);
#1994=ORIENTED_EDGE('',*,*,#3500,.F.);
#1995=ORIENTED_EDGE('',*,*,#3501,.T.);
#1996=ORIENTED_EDGE('',*,*,#3502,.F.);
#1997=ORIENTED_EDGE('',*,*,#3503,.F.);
#1998=ORIENTED_EDGE('',*,*,#3504,.F.);
#1999=ORIENTED_EDGE('',*,*,#3505,.T.);
#2000=ORIENTED_EDGE('',*,*,#3506,.F.);
#2001=ORIENTED_EDGE('',*,*,#3507,.F.);
#2002=ORIENTED_EDGE('',*,*,#3506,.T.);
#2003=ORIENTED_EDGE('',*,*,#3508,.T.);
#2004=ORIENTED_EDGE('',*,*,#3509,.F.);
#2005=ORIENTED_EDGE('',*,*,#3497,.T.);
#2006=ORIENTED_EDGE('',*,*,#3510,.F.);
#2007=ORIENTED_EDGE('',*,*,#3495,.T.);
#2008=ORIENTED_EDGE('',*,*,#3511,.F.);
#2009=ORIENTED_EDGE('',*,*,#3501,.F.);
#2010=ORIENTED_EDGE('',*,*,#3504,.T.);
#2011=ORIENTED_EDGE('',*,*,#3512,.T.);
#2012=ORIENTED_EDGE('',*,*,#3513,.T.);
#2013=ORIENTED_EDGE('',*,*,#3514,.F.);
#2014=ORIENTED_EDGE('',*,*,#3515,.T.);
#2015=ORIENTED_EDGE('',*,*,#3516,.F.);
#2016=ORIENTED_EDGE('',*,*,#3517,.F.);
#2017=ORIENTED_EDGE('',*,*,#3518,.F.);
#2018=ORIENTED_EDGE('',*,*,#3519,.T.);
#2019=ORIENTED_EDGE('',*,*,#3520,.F.);
#2020=ORIENTED_EDGE('',*,*,#3513,.F.);
#2021=ORIENTED_EDGE('',*,*,#3521,.F.);
#2022=ORIENTED_EDGE('',*,*,#3522,.T.);
#2023=ORIENTED_EDGE('',*,*,#3523,.F.);
#2024=ORIENTED_EDGE('',*,*,#3499,.F.);
#2025=ORIENTED_EDGE('',*,*,#3524,.F.);
#2026=ORIENTED_EDGE('',*,*,#3522,.F.);
#2027=ORIENTED_EDGE('',*,*,#3525,.F.);
#2028=ORIENTED_EDGE('',*,*,#3526,.T.);
#2029=ORIENTED_EDGE('',*,*,#3527,.T.);
#2030=ORIENTED_EDGE('',*,*,#3500,.T.);
#2031=ORIENTED_EDGE('',*,*,#3525,.T.);
#2032=ORIENTED_EDGE('',*,*,#3521,.T.);
#2033=ORIENTED_EDGE('',*,*,#3512,.F.);
#2034=ORIENTED_EDGE('',*,*,#3503,.T.);
#2035=ORIENTED_EDGE('',*,*,#3507,.T.);
#2036=ORIENTED_EDGE('',*,*,#3496,.F.);
#2037=ORIENTED_EDGE('',*,*,#3510,.T.);
#2038=ORIENTED_EDGE('',*,*,#3518,.T.);
#2039=ORIENTED_EDGE('',*,*,#3516,.T.);
#2040=ORIENTED_EDGE('',*,*,#3517,.T.);
#2041=ORIENTED_EDGE('',*,*,#3528,.T.);
#2042=ORIENTED_EDGE('',*,*,#3528,.F.);
#2043=ORIENTED_EDGE('',*,*,#3529,.T.);
#2044=ORIENTED_EDGE('',*,*,#3530,.T.);
#2045=ORIENTED_EDGE('',*,*,#3531,.T.);
#2046=ORIENTED_EDGE('',*,*,#3532,.T.);
#2047=ORIENTED_EDGE('',*,*,#3533,.T.);
#2048=ORIENTED_EDGE('',*,*,#3514,.T.);
#2049=ORIENTED_EDGE('',*,*,#3523,.T.);
#2050=ORIENTED_EDGE('',*,*,#3524,.T.);
#2051=ORIENTED_EDGE('',*,*,#3502,.T.);
#2052=ORIENTED_EDGE('',*,*,#3511,.T.);
#2053=ORIENTED_EDGE('',*,*,#3498,.T.);
#2054=ORIENTED_EDGE('',*,*,#3509,.T.);
#2055=ORIENTED_EDGE('',*,*,#3534,.T.);
#2056=ORIENTED_EDGE('',*,*,#3526,.F.);
#2057=ORIENTED_EDGE('',*,*,#3520,.T.);
#2058=ORIENTED_EDGE('',*,*,#3535,.T.);
#2059=ORIENTED_EDGE('',*,*,#3508,.F.);
#2060=ORIENTED_EDGE('',*,*,#3505,.F.);
#2061=ORIENTED_EDGE('',*,*,#3515,.F.);
#2062=ORIENTED_EDGE('',*,*,#3533,.F.);
#2063=ORIENTED_EDGE('',*,*,#3536,.F.);
#2064=ORIENTED_EDGE('',*,*,#3531,.F.);
#2065=ORIENTED_EDGE('',*,*,#3537,.F.);
#2066=ORIENTED_EDGE('',*,*,#3529,.F.);
#2067=ORIENTED_EDGE('',*,*,#3538,.T.);
#2068=ORIENTED_EDGE('',*,*,#3536,.T.);
#2069=ORIENTED_EDGE('',*,*,#3532,.F.);
#2070=ORIENTED_EDGE('',*,*,#3538,.F.);
#2071=ORIENTED_EDGE('',*,*,#3539,.T.);
#2072=ORIENTED_EDGE('',*,*,#3539,.F.);
#2073=ORIENTED_EDGE('',*,*,#3540,.T.);
#2074=ORIENTED_EDGE('',*,*,#3541,.F.);
#2075=ORIENTED_EDGE('',*,*,#3540,.F.);
#2076=ORIENTED_EDGE('',*,*,#3542,.T.);
#2077=ORIENTED_EDGE('',*,*,#3541,.T.);
#2078=ORIENTED_EDGE('',*,*,#3542,.F.);
#2079=ORIENTED_EDGE('',*,*,#3543,.T.);
#2080=ORIENTED_EDGE('',*,*,#3543,.F.);
#2081=ORIENTED_EDGE('',*,*,#3544,.T.);
#2082=ORIENTED_EDGE('',*,*,#3534,.F.);
#2083=ORIENTED_EDGE('',*,*,#3544,.F.);
#2084=ORIENTED_EDGE('',*,*,#3545,.T.);
#2085=ORIENTED_EDGE('',*,*,#3537,.T.);
#2086=ORIENTED_EDGE('',*,*,#3530,.F.);
#2087=ORIENTED_EDGE('',*,*,#3545,.F.);
#2088=ORIENTED_EDGE('',*,*,#3546,.T.);
#2089=ORIENTED_EDGE('',*,*,#3546,.F.);
#2090=ORIENTED_EDGE('',*,*,#3547,.T.);
#2091=ORIENTED_EDGE('',*,*,#3548,.F.);
#2092=ORIENTED_EDGE('',*,*,#3547,.F.);
#2093=ORIENTED_EDGE('',*,*,#3549,.T.);
#2094=ORIENTED_EDGE('',*,*,#3548,.T.);
#2095=ORIENTED_EDGE('',*,*,#3549,.F.);
#2096=ORIENTED_EDGE('',*,*,#3550,.T.);
#2097=ORIENTED_EDGE('',*,*,#3550,.F.);
#2098=ORIENTED_EDGE('',*,*,#3551,.T.);
#2099=ORIENTED_EDGE('',*,*,#3535,.F.);
#2100=ORIENTED_EDGE('',*,*,#3551,.F.);
#2101=ORIENTED_EDGE('',*,*,#3519,.F.);
#2102=ORIENTED_EDGE('',*,*,#3527,.F.);
#2103=ORIENTED_EDGE('',*,*,#3552,.T.);
#2104=ORIENTED_EDGE('',*,*,#3553,.T.);
#2105=ORIENTED_EDGE('',*,*,#3554,.F.);
#2106=ORIENTED_EDGE('',*,*,#3553,.F.);
#2107=ORIENTED_EDGE('',*,*,#3555,.F.);
#2108=ORIENTED_EDGE('',*,*,#3554,.T.);
#2109=ORIENTED_EDGE('',*,*,#3555,.T.);
#2110=ORIENTED_EDGE('',*,*,#3552,.F.);
#2111=ORIENTED_EDGE('',*,*,#3556,.T.);
#2112=ORIENTED_EDGE('',*,*,#3557,.T.);
#2113=ORIENTED_EDGE('',*,*,#3558,.T.);
#2114=ORIENTED_EDGE('',*,*,#3559,.T.);
#2115=ORIENTED_EDGE('',*,*,#3560,.T.);
#2116=ORIENTED_EDGE('',*,*,#3561,.F.);
#2117=ORIENTED_EDGE('',*,*,#3562,.F.);
#2118=ORIENTED_EDGE('',*,*,#3563,.T.);
#2119=ORIENTED_EDGE('',*,*,#3564,.T.);
#2120=ORIENTED_EDGE('',*,*,#3565,.F.);
#2121=ORIENTED_EDGE('',*,*,#3566,.F.);
#2122=ORIENTED_EDGE('',*,*,#3560,.F.);
#2123=ORIENTED_EDGE('',*,*,#3567,.F.);
#2124=ORIENTED_EDGE('',*,*,#3568,.T.);
#2125=ORIENTED_EDGE('',*,*,#3569,.T.);
#2126=ORIENTED_EDGE('',*,*,#3570,.T.);
#2127=ORIENTED_EDGE('',*,*,#3571,.F.);
#2128=ORIENTED_EDGE('',*,*,#3572,.T.);
#2129=ORIENTED_EDGE('',*,*,#3573,.T.);
#2130=ORIENTED_EDGE('',*,*,#3574,.T.);
#2131=ORIENTED_EDGE('',*,*,#3575,.F.);
#2132=ORIENTED_EDGE('',*,*,#3576,.T.);
#2133=ORIENTED_EDGE('',*,*,#3577,.F.);
#2134=ORIENTED_EDGE('',*,*,#3578,.F.);
#2135=ORIENTED_EDGE('',*,*,#3579,.T.);
#2136=ORIENTED_EDGE('',*,*,#3580,.F.);
#2137=ORIENTED_EDGE('',*,*,#3581,.T.);
#2138=ORIENTED_EDGE('',*,*,#3582,.F.);
#2139=ORIENTED_EDGE('',*,*,#3583,.T.);
#2140=ORIENTED_EDGE('',*,*,#3584,.T.);
#2141=ORIENTED_EDGE('',*,*,#3585,.T.);
#2142=ORIENTED_EDGE('',*,*,#3584,.F.);
#2143=ORIENTED_EDGE('',*,*,#3586,.T.);
#2144=ORIENTED_EDGE('',*,*,#3587,.T.);
#2145=ORIENTED_EDGE('',*,*,#3588,.T.);
#2146=ORIENTED_EDGE('',*,*,#3587,.F.);
#2147=ORIENTED_EDGE('',*,*,#3589,.T.);
#2148=ORIENTED_EDGE('',*,*,#3590,.T.);
#2149=ORIENTED_EDGE('',*,*,#3591,.T.);
#2150=ORIENTED_EDGE('',*,*,#3590,.F.);
#2151=ORIENTED_EDGE('',*,*,#3592,.T.);
#2152=ORIENTED_EDGE('',*,*,#3593,.T.);
#2153=ORIENTED_EDGE('',*,*,#3594,.T.);
#2154=ORIENTED_EDGE('',*,*,#3593,.F.);
#2155=ORIENTED_EDGE('',*,*,#3595,.T.);
#2156=ORIENTED_EDGE('',*,*,#3596,.F.);
#2157=ORIENTED_EDGE('',*,*,#3597,.T.);
#2158=ORIENTED_EDGE('',*,*,#3596,.T.);
#2159=ORIENTED_EDGE('',*,*,#3598,.T.);
#2160=ORIENTED_EDGE('',*,*,#3599,.T.);
#2161=ORIENTED_EDGE('',*,*,#3600,.T.);
#2162=ORIENTED_EDGE('',*,*,#3599,.F.);
#2163=ORIENTED_EDGE('',*,*,#3601,.T.);
#2164=ORIENTED_EDGE('',*,*,#3582,.T.);
#2165=ORIENTED_EDGE('',*,*,#3602,.F.);
#2166=ORIENTED_EDGE('',*,*,#3603,.F.);
#2167=ORIENTED_EDGE('',*,*,#3604,.F.);
#2168=ORIENTED_EDGE('',*,*,#3605,.F.);
#2169=ORIENTED_EDGE('',*,*,#3606,.F.);
#2170=ORIENTED_EDGE('',*,*,#3607,.F.);
#2171=ORIENTED_EDGE('',*,*,#3608,.T.);
#2172=ORIENTED_EDGE('',*,*,#3609,.F.);
#2173=ORIENTED_EDGE('',*,*,#3610,.F.);
#2174=ORIENTED_EDGE('',*,*,#3611,.F.);
#2175=ORIENTED_EDGE('',*,*,#3612,.F.);
#2176=ORIENTED_EDGE('',*,*,#3613,.F.);
#2177=ORIENTED_EDGE('',*,*,#3614,.F.);
#2178=ORIENTED_EDGE('',*,*,#3615,.F.);
#2179=ORIENTED_EDGE('',*,*,#3601,.F.);
#2180=ORIENTED_EDGE('',*,*,#3598,.F.);
#2181=ORIENTED_EDGE('',*,*,#3595,.F.);
#2182=ORIENTED_EDGE('',*,*,#3592,.F.);
#2183=ORIENTED_EDGE('',*,*,#3589,.F.);
#2184=ORIENTED_EDGE('',*,*,#3586,.F.);
#2185=ORIENTED_EDGE('',*,*,#3583,.F.);
#2186=ORIENTED_EDGE('',*,*,#3616,.T.);
#2187=ORIENTED_EDGE('',*,*,#3617,.T.);
#2188=ORIENTED_EDGE('',*,*,#3618,.F.);
#2189=ORIENTED_EDGE('',*,*,#3619,.F.);
#2190=ORIENTED_EDGE('',*,*,#3620,.F.);
#2191=ORIENTED_EDGE('',*,*,#3621,.F.);
#2192=ORIENTED_EDGE('',*,*,#3622,.F.);
#2193=ORIENTED_EDGE('',*,*,#3623,.F.);
#2194=ORIENTED_EDGE('',*,*,#3624,.F.);
#2195=ORIENTED_EDGE('',*,*,#3625,.F.);
#2196=ORIENTED_EDGE('',*,*,#3626,.F.);
#2197=ORIENTED_EDGE('',*,*,#3568,.F.);
#2198=ORIENTED_EDGE('',*,*,#3627,.F.);
#2199=ORIENTED_EDGE('',*,*,#3628,.T.);
#2200=ORIENTED_EDGE('',*,*,#3629,.T.);
#2201=ORIENTED_EDGE('',*,*,#3630,.T.);
#2202=ORIENTED_EDGE('',*,*,#3602,.T.);
#2203=ORIENTED_EDGE('',*,*,#3631,.T.);
#2204=ORIENTED_EDGE('',*,*,#3632,.F.);
#2205=ORIENTED_EDGE('',*,*,#3633,.T.);
#2206=ORIENTED_EDGE('',*,*,#3607,.T.);
#2207=ORIENTED_EDGE('',*,*,#3634,.F.);
#2208=ORIENTED_EDGE('',*,*,#3622,.T.);
#2209=ORIENTED_EDGE('',*,*,#3635,.T.);
#2210=ORIENTED_EDGE('',*,*,#3606,.T.);
#2211=ORIENTED_EDGE('',*,*,#3636,.T.);
#2212=ORIENTED_EDGE('',*,*,#3623,.T.);
#2213=ORIENTED_EDGE('',*,*,#3634,.T.);
#2214=ORIENTED_EDGE('',*,*,#3605,.T.);
#2215=ORIENTED_EDGE('',*,*,#3637,.F.);
#2216=ORIENTED_EDGE('',*,*,#3624,.T.);
#2217=ORIENTED_EDGE('',*,*,#3636,.F.);
#2218=ORIENTED_EDGE('',*,*,#3604,.T.);
#2219=ORIENTED_EDGE('',*,*,#3638,.T.);
#2220=ORIENTED_EDGE('',*,*,#3625,.T.);
#2221=ORIENTED_EDGE('',*,*,#3637,.T.);
#2222=ORIENTED_EDGE('',*,*,#3639,.T.);
#2223=ORIENTED_EDGE('',*,*,#3640,.T.);
#2224=ORIENTED_EDGE('',*,*,#3641,.T.);
#2225=ORIENTED_EDGE('',*,*,#3562,.T.);
#2226=ORIENTED_EDGE('',*,*,#3626,.T.);
#2227=ORIENTED_EDGE('',*,*,#3638,.F.);
#2228=ORIENTED_EDGE('',*,*,#3603,.T.);
#2229=ORIENTED_EDGE('',*,*,#3630,.F.);
#2230=ORIENTED_EDGE('',*,*,#3642,.T.);
#2231=ORIENTED_EDGE('',*,*,#3643,.T.);
#2232=ORIENTED_EDGE('',*,*,#3571,.T.);
#2233=ORIENTED_EDGE('',*,*,#3644,.T.);
#2234=ORIENTED_EDGE('',*,*,#3609,.T.);
#2235=ORIENTED_EDGE('',*,*,#3645,.F.);
#2236=ORIENTED_EDGE('',*,*,#3620,.T.);
#2237=ORIENTED_EDGE('',*,*,#3646,.F.);
#2238=ORIENTED_EDGE('',*,*,#3647,.F.);
#2239=ORIENTED_EDGE('',*,*,#3648,.T.);
#2240=ORIENTED_EDGE('',*,*,#3556,.F.);
#2241=ORIENTED_EDGE('',*,*,#3649,.F.);
#2242=ORIENTED_EDGE('',*,*,#3650,.F.);
#2243=ORIENTED_EDGE('',*,*,#3611,.T.);
#2244=ORIENTED_EDGE('',*,*,#3612,.T.);
#2245=ORIENTED_EDGE('',*,*,#3650,.T.);
#2246=ORIENTED_EDGE('',*,*,#3651,.F.);
#2247=ORIENTED_EDGE('',*,*,#3652,.T.);
#2248=ORIENTED_EDGE('',*,*,#3653,.F.);
#2249=ORIENTED_EDGE('',*,*,#3654,.T.);
#2250=ORIENTED_EDGE('',*,*,#3647,.T.);
#2251=ORIENTED_EDGE('',*,*,#3610,.T.);
#2252=ORIENTED_EDGE('',*,*,#3646,.T.);
#2253=ORIENTED_EDGE('',*,*,#3619,.T.);
#2254=ORIENTED_EDGE('',*,*,#3645,.T.);
#2255=ORIENTED_EDGE('',*,*,#3608,.F.);
#2256=ORIENTED_EDGE('',*,*,#3635,.F.);
#2257=ORIENTED_EDGE('',*,*,#3621,.T.);
#2258=ORIENTED_EDGE('',*,*,#3655,.T.);
#2259=ORIENTED_EDGE('',*,*,#3613,.T.);
#2260=ORIENTED_EDGE('',*,*,#3652,.F.);
#2261=ORIENTED_EDGE('',*,*,#3656,.F.);
#2262=ORIENTED_EDGE('',*,*,#3631,.F.);
#2263=ORIENTED_EDGE('',*,*,#3615,.T.);
#2264=ORIENTED_EDGE('',*,*,#3657,.T.);
#2265=ORIENTED_EDGE('',*,*,#3658,.F.);
#2266=ORIENTED_EDGE('',*,*,#3659,.F.);
#2267=ORIENTED_EDGE('',*,*,#3657,.F.);
#2268=ORIENTED_EDGE('',*,*,#3614,.T.);
#2269=ORIENTED_EDGE('',*,*,#3655,.F.);
#2270=ORIENTED_EDGE('',*,*,#3660,.F.);
#2271=ORIENTED_EDGE('',*,*,#3661,.T.);
#2272=ORIENTED_EDGE('',*,*,#3576,.F.);
#2273=ORIENTED_EDGE('',*,*,#3597,.F.);
#2274=ORIENTED_EDGE('',*,*,#3600,.F.);
#2275=ORIENTED_EDGE('',*,*,#3581,.F.);
#2276=ORIENTED_EDGE('',*,*,#3585,.F.);
#2277=ORIENTED_EDGE('',*,*,#3588,.F.);
#2278=ORIENTED_EDGE('',*,*,#3591,.F.);
#2279=ORIENTED_EDGE('',*,*,#3594,.F.);
#2280=ORIENTED_EDGE('',*,*,#3616,.F.);
#2281=ORIENTED_EDGE('',*,*,#3662,.F.);
#2282=ORIENTED_EDGE('',*,*,#3617,.F.);
#2283=ORIENTED_EDGE('',*,*,#3662,.T.);
#2284=ORIENTED_EDGE('',*,*,#3580,.T.);
#2285=ORIENTED_EDGE('',*,*,#3578,.T.);
#2286=ORIENTED_EDGE('',*,*,#3663,.F.);
#2287=ORIENTED_EDGE('',*,*,#3664,.F.);
#2288=ORIENTED_EDGE('',*,*,#3565,.T.);
#2289=ORIENTED_EDGE('',*,*,#3577,.T.);
#2290=ORIENTED_EDGE('',*,*,#3661,.F.);
#2291=ORIENTED_EDGE('',*,*,#3665,.F.);
#2292=ORIENTED_EDGE('',*,*,#3663,.T.);
#2293=ORIENTED_EDGE('',*,*,#3649,.T.);
#2294=ORIENTED_EDGE('',*,*,#3561,.T.);
#2295=ORIENTED_EDGE('',*,*,#3566,.T.);
#2296=ORIENTED_EDGE('',*,*,#3664,.T.);
#2297=ORIENTED_EDGE('',*,*,#3665,.T.);
#2298=ORIENTED_EDGE('',*,*,#3660,.T.);
#2299=ORIENTED_EDGE('',*,*,#3656,.T.);
#2300=ORIENTED_EDGE('',*,*,#3651,.T.);
#2301=ORIENTED_EDGE('',*,*,#3575,.T.);
#2302=ORIENTED_EDGE('',*,*,#3633,.F.);
#2303=ORIENTED_EDGE('',*,*,#3666,.F.);
#2304=ORIENTED_EDGE('',*,*,#3658,.T.);
#2305=ORIENTED_EDGE('',*,*,#3659,.T.);
#2306=ORIENTED_EDGE('',*,*,#3666,.T.);
#2307=ORIENTED_EDGE('',*,*,#3632,.T.);
#2308=ORIENTED_EDGE('',*,*,#3667,.F.);
#2309=ORIENTED_EDGE('',*,*,#3668,.T.);
#2310=ORIENTED_EDGE('',*,*,#3573,.F.);
#2311=ORIENTED_EDGE('',*,*,#3669,.F.);
#2312=ORIENTED_EDGE('',*,*,#3670,.T.);
#2313=ORIENTED_EDGE('',*,*,#3627,.T.);
#2314=ORIENTED_EDGE('',*,*,#3574,.F.);
#2315=ORIENTED_EDGE('',*,*,#3668,.F.);
#2316=ORIENTED_EDGE('',*,*,#3671,.F.);
#2317=ORIENTED_EDGE('',*,*,#3672,.T.);
#2318=ORIENTED_EDGE('',*,*,#3673,.T.);
#2319=ORIENTED_EDGE('',*,*,#3674,.F.);
#2320=ORIENTED_EDGE('',*,*,#3675,.F.);
#2321=ORIENTED_EDGE('',*,*,#3676,.T.);
#2322=ORIENTED_EDGE('',*,*,#3579,.F.);
#2323=ORIENTED_EDGE('',*,*,#3564,.F.);
#2324=ORIENTED_EDGE('',*,*,#3677,.T.);
#2325=ORIENTED_EDGE('',*,*,#3678,.F.);
#2326=ORIENTED_EDGE('',*,*,#3569,.F.);
#2327=ORIENTED_EDGE('',*,*,#3676,.F.);
#2328=ORIENTED_EDGE('',*,*,#3679,.T.);
#2329=ORIENTED_EDGE('',*,*,#3680,.T.);
#2330=ORIENTED_EDGE('',*,*,#3672,.F.);
#2331=ORIENTED_EDGE('',*,*,#3570,.F.);
#2332=ORIENTED_EDGE('',*,*,#3678,.T.);
#2333=ORIENTED_EDGE('',*,*,#3675,.T.);
#2334=ORIENTED_EDGE('',*,*,#3681,.F.);
#2335=ORIENTED_EDGE('',*,*,#3644,.F.);
#2336=ORIENTED_EDGE('',*,*,#3674,.T.);
#2337=ORIENTED_EDGE('',*,*,#3682,.T.);
#2338=ORIENTED_EDGE('',*,*,#3683,.T.);
#2339=ORIENTED_EDGE('',*,*,#3639,.F.);
#2340=ORIENTED_EDGE('',*,*,#3681,.T.);
#2341=ORIENTED_EDGE('',*,*,#3684,.F.);
#2342=ORIENTED_EDGE('',*,*,#3671,.T.);
#2343=ORIENTED_EDGE('',*,*,#3667,.T.);
#2344=ORIENTED_EDGE('',*,*,#3572,.F.);
#2345=ORIENTED_EDGE('',*,*,#3643,.F.);
#2346=ORIENTED_EDGE('',*,*,#3685,.T.);
#2347=ORIENTED_EDGE('',*,*,#3686,.T.);
#2348=ORIENTED_EDGE('',*,*,#3669,.T.);
#2349=ORIENTED_EDGE('',*,*,#3684,.T.);
#2350=ORIENTED_EDGE('',*,*,#3642,.F.);
#2351=ORIENTED_EDGE('',*,*,#3629,.F.);
#2352=ORIENTED_EDGE('',*,*,#3687,.T.);
#2353=ORIENTED_EDGE('',*,*,#3685,.F.);
#2354=ORIENTED_EDGE('',*,*,#3641,.F.);
#2355=ORIENTED_EDGE('',*,*,#3688,.T.);
#2356=ORIENTED_EDGE('',*,*,#3679,.F.);
#2357=ORIENTED_EDGE('',*,*,#3677,.F.);
#2358=ORIENTED_EDGE('',*,*,#3563,.F.);
#2359=ORIENTED_EDGE('',*,*,#3640,.F.);
#2360=ORIENTED_EDGE('',*,*,#3683,.F.);
#2361=ORIENTED_EDGE('',*,*,#3689,.F.);
#2362=ORIENTED_EDGE('',*,*,#3688,.F.);
#2363=ORIENTED_EDGE('',*,*,#3673,.F.);
#2364=ORIENTED_EDGE('',*,*,#3680,.F.);
#2365=ORIENTED_EDGE('',*,*,#3689,.T.);
#2366=ORIENTED_EDGE('',*,*,#3682,.F.);
#2367=ORIENTED_EDGE('',*,*,#3686,.F.);
#2368=ORIENTED_EDGE('',*,*,#3687,.F.);
#2369=ORIENTED_EDGE('',*,*,#3628,.F.);
#2370=ORIENTED_EDGE('',*,*,#3670,.F.);
#2371=ORIENTED_EDGE('',*,*,#3558,.F.);
#2372=ORIENTED_EDGE('',*,*,#3690,.T.);
#2373=ORIENTED_EDGE('',*,*,#3691,.T.);
#2374=ORIENTED_EDGE('',*,*,#3692,.T.);
#2375=ORIENTED_EDGE('',*,*,#3567,.T.);
#2376=ORIENTED_EDGE('',*,*,#3693,.T.);
#2377=ORIENTED_EDGE('',*,*,#3653,.T.);
#2378=ORIENTED_EDGE('',*,*,#3618,.T.);
#2379=ORIENTED_EDGE('',*,*,#3559,.F.);
#2380=ORIENTED_EDGE('',*,*,#3692,.F.);
#2381=ORIENTED_EDGE('',*,*,#3694,.F.);
#2382=ORIENTED_EDGE('',*,*,#3693,.F.);
#2383=ORIENTED_EDGE('',*,*,#3694,.T.);
#2384=ORIENTED_EDGE('',*,*,#3691,.F.);
#2385=ORIENTED_EDGE('',*,*,#3695,.F.);
#2386=ORIENTED_EDGE('',*,*,#3654,.F.);
#2387=ORIENTED_EDGE('',*,*,#3695,.T.);
#2388=ORIENTED_EDGE('',*,*,#3690,.F.);
#2389=ORIENTED_EDGE('',*,*,#3557,.F.);
#2390=ORIENTED_EDGE('',*,*,#3648,.F.);
#2391=ORIENTED_EDGE('',*,*,#3696,.T.);
#2392=ORIENTED_EDGE('',*,*,#3697,.T.);
#2393=ORIENTED_EDGE('',*,*,#3698,.T.);
#2394=ORIENTED_EDGE('',*,*,#3699,.T.);
#2395=ORIENTED_EDGE('',*,*,#3700,.T.);
#2396=ORIENTED_EDGE('',*,*,#3701,.T.);
#2397=ORIENTED_EDGE('',*,*,#3698,.F.);
#2398=ORIENTED_EDGE('',*,*,#3702,.T.);
#2399=ORIENTED_EDGE('',*,*,#3703,.F.);
#2400=ORIENTED_EDGE('',*,*,#3704,.F.);
#2401=ORIENTED_EDGE('',*,*,#3701,.F.);
#2402=ORIENTED_EDGE('',*,*,#3705,.T.);
#2403=ORIENTED_EDGE('',*,*,#3706,.F.);
#2404=ORIENTED_EDGE('',*,*,#3702,.F.);
#2405=ORIENTED_EDGE('',*,*,#3700,.F.);
#2406=ORIENTED_EDGE('',*,*,#3707,.T.);
#2407=ORIENTED_EDGE('',*,*,#3708,.F.);
#2408=ORIENTED_EDGE('',*,*,#3705,.F.);
#2409=ORIENTED_EDGE('',*,*,#3699,.F.);
#2410=ORIENTED_EDGE('',*,*,#3704,.T.);
#2411=ORIENTED_EDGE('',*,*,#3709,.F.);
#2412=ORIENTED_EDGE('',*,*,#3707,.F.);
#2413=ORIENTED_EDGE('',*,*,#3710,.T.);
#2414=ORIENTED_EDGE('',*,*,#3711,.T.);
#2415=ORIENTED_EDGE('',*,*,#3703,.T.);
#2416=ORIENTED_EDGE('',*,*,#3706,.T.);
#2417=ORIENTED_EDGE('',*,*,#3708,.T.);
#2418=ORIENTED_EDGE('',*,*,#3709,.T.);
#2419=ORIENTED_EDGE('',*,*,#3712,.F.);
#2420=ORIENTED_EDGE('',*,*,#3713,.T.);
#2421=ORIENTED_EDGE('',*,*,#3714,.F.);
#2422=ORIENTED_EDGE('',*,*,#3715,.F.);
#2423=ORIENTED_EDGE('',*,*,#3716,.T.);
#2424=ORIENTED_EDGE('',*,*,#3717,.F.);
#2425=ORIENTED_EDGE('',*,*,#3718,.T.);
#2426=ORIENTED_EDGE('',*,*,#3719,.F.);
#2427=ORIENTED_EDGE('',*,*,#3720,.T.);
#2428=ORIENTED_EDGE('',*,*,#3721,.F.);
#2429=ORIENTED_EDGE('',*,*,#3714,.T.);
#2430=ORIENTED_EDGE('',*,*,#3722,.T.);
#2431=ORIENTED_EDGE('',*,*,#3717,.T.);
#2432=ORIENTED_EDGE('',*,*,#3723,.F.);
#2433=ORIENTED_EDGE('',*,*,#3724,.T.);
#2434=ORIENTED_EDGE('',*,*,#3725,.T.);
#2435=ORIENTED_EDGE('',*,*,#3726,.T.);
#2436=ORIENTED_EDGE('',*,*,#3727,.T.);
#2437=ORIENTED_EDGE('',*,*,#3728,.T.);
#2438=ORIENTED_EDGE('',*,*,#3711,.F.);
#2439=ORIENTED_EDGE('',*,*,#3729,.F.);
#2440=ORIENTED_EDGE('',*,*,#3723,.T.);
#2441=ORIENTED_EDGE('',*,*,#3719,.T.);
#2442=ORIENTED_EDGE('',*,*,#3730,.T.);
#2443=ORIENTED_EDGE('',*,*,#3712,.T.);
#2444=ORIENTED_EDGE('',*,*,#3731,.T.);
#2445=ORIENTED_EDGE('',*,*,#3697,.F.);
#2446=ORIENTED_EDGE('',*,*,#3732,.F.);
#2447=ORIENTED_EDGE('',*,*,#3733,.T.);
#2448=ORIENTED_EDGE('',*,*,#3734,.T.);
#2449=ORIENTED_EDGE('',*,*,#3735,.T.);
#2450=ORIENTED_EDGE('',*,*,#3715,.T.);
#2451=ORIENTED_EDGE('',*,*,#3729,.T.);
#2452=ORIENTED_EDGE('',*,*,#3736,.T.);
#2453=ORIENTED_EDGE('',*,*,#3737,.T.);
#2454=ORIENTED_EDGE('',*,*,#3738,.T.);
#2455=ORIENTED_EDGE('',*,*,#3734,.F.);
#2456=ORIENTED_EDGE('',*,*,#3739,.T.);
#2457=ORIENTED_EDGE('',*,*,#3732,.T.);
#2458=ORIENTED_EDGE('',*,*,#3740,.T.);
#2459=ORIENTED_EDGE('',*,*,#3741,.T.);
#2460=ORIENTED_EDGE('',*,*,#3742,.T.);
#2461=ORIENTED_EDGE('',*,*,#3728,.F.);
#2462=ORIENTED_EDGE('',*,*,#3721,.T.);
#2463=ORIENTED_EDGE('',*,*,#3743,.T.);
#2464=ORIENTED_EDGE('',*,*,#3726,.F.);
#2465=ORIENTED_EDGE('',*,*,#3744,.T.);
#2466=ORIENTED_EDGE('',*,*,#3710,.F.);
#2467=ORIENTED_EDGE('',*,*,#3745,.T.);
#2468=ORIENTED_EDGE('',*,*,#3731,.F.);
#2469=ORIENTED_EDGE('',*,*,#3746,.T.);
#2470=ORIENTED_EDGE('',*,*,#3733,.F.);
#2471=ORIENTED_EDGE('',*,*,#3747,.T.);
#2472=ORIENTED_EDGE('',*,*,#3748,.T.);
#2473=ORIENTED_EDGE('',*,*,#3749,.T.);
#2474=ORIENTED_EDGE('',*,*,#3750,.T.);
#2475=ORIENTED_EDGE('',*,*,#3751,.T.);
#2476=ORIENTED_EDGE('',*,*,#3724,.F.);
#2477=ORIENTED_EDGE('',*,*,#3752,.T.);
#2478=ORIENTED_EDGE('',*,*,#3746,.F.);
#2479=ORIENTED_EDGE('',*,*,#3716,.F.);
#2480=ORIENTED_EDGE('',*,*,#3739,.F.);
#2481=ORIENTED_EDGE('',*,*,#3743,.F.);
#2482=ORIENTED_EDGE('',*,*,#3720,.F.);
#2483=ORIENTED_EDGE('',*,*,#3747,.F.);
#2484=ORIENTED_EDGE('',*,*,#3744,.F.);
#2485=ORIENTED_EDGE('',*,*,#3753,.F.);
#2486=ORIENTED_EDGE('',*,*,#3736,.F.);
#2487=ORIENTED_EDGE('',*,*,#3753,.T.);
#2488=ORIENTED_EDGE('',*,*,#3725,.F.);
#2489=ORIENTED_EDGE('',*,*,#3754,.F.);
#2490=ORIENTED_EDGE('',*,*,#3737,.F.);
#2491=ORIENTED_EDGE('',*,*,#3742,.F.);
#2492=ORIENTED_EDGE('',*,*,#3755,.F.);
#2493=ORIENTED_EDGE('',*,*,#3745,.F.);
#2494=ORIENTED_EDGE('',*,*,#3754,.T.);
#2495=ORIENTED_EDGE('',*,*,#3751,.F.);
#2496=ORIENTED_EDGE('',*,*,#3756,.F.);
#2497=ORIENTED_EDGE('',*,*,#3738,.F.);
#2498=ORIENTED_EDGE('',*,*,#3755,.T.);
#2499=ORIENTED_EDGE('',*,*,#3741,.F.);
#2500=ORIENTED_EDGE('',*,*,#3757,.F.);
#2501=ORIENTED_EDGE('',*,*,#3727,.F.);
#2502=ORIENTED_EDGE('',*,*,#3756,.T.);
#2503=ORIENTED_EDGE('',*,*,#3750,.F.);
#2504=ORIENTED_EDGE('',*,*,#3749,.F.);
#2505=ORIENTED_EDGE('',*,*,#3748,.F.);
#2506=ORIENTED_EDGE('',*,*,#3758,.T.);
#2507=ORIENTED_EDGE('',*,*,#3735,.F.);
#2508=ORIENTED_EDGE('',*,*,#3757,.T.);
#2509=ORIENTED_EDGE('',*,*,#3740,.F.);
#2510=ORIENTED_EDGE('',*,*,#3758,.F.);
#2511=ORIENTED_EDGE('',*,*,#3752,.F.);
#2512=ORIENTED_EDGE('',*,*,#3759,.T.);
#2513=ORIENTED_EDGE('',*,*,#3760,.T.);
#2514=ORIENTED_EDGE('',*,*,#3761,.T.);
#2515=ORIENTED_EDGE('',*,*,#3762,.T.);
#2516=ORIENTED_EDGE('',*,*,#3763,.F.);
#2517=ORIENTED_EDGE('',*,*,#3764,.T.);
#2518=ORIENTED_EDGE('',*,*,#3763,.T.);
#2519=ORIENTED_EDGE('',*,*,#3765,.F.);
#2520=ORIENTED_EDGE('',*,*,#3762,.F.);
#2521=ORIENTED_EDGE('',*,*,#3766,.F.);
#2522=ORIENTED_EDGE('',*,*,#3718,.F.);
#2523=ORIENTED_EDGE('',*,*,#3766,.T.);
#2524=ORIENTED_EDGE('',*,*,#3761,.F.);
#2525=ORIENTED_EDGE('',*,*,#3767,.F.);
#2526=ORIENTED_EDGE('',*,*,#3730,.F.);
#2527=ORIENTED_EDGE('',*,*,#3765,.T.);
#2528=ORIENTED_EDGE('',*,*,#3722,.F.);
#2529=ORIENTED_EDGE('',*,*,#3768,.F.);
#2530=ORIENTED_EDGE('',*,*,#3759,.F.);
#2531=ORIENTED_EDGE('',*,*,#3767,.T.);
#2532=ORIENTED_EDGE('',*,*,#3760,.F.);
#2533=ORIENTED_EDGE('',*,*,#3768,.T.);
#2534=ORIENTED_EDGE('',*,*,#3713,.F.);
#2535=ORIENTED_EDGE('',*,*,#3696,.F.);
#2536=ORIENTED_EDGE('',*,*,#3764,.F.);
#2537=ORIENTED_EDGE('',*,*,#3769,.F.);
#2538=ORIENTED_EDGE('',*,*,#3770,.F.);
#2539=ORIENTED_EDGE('',*,*,#3771,.T.);
#2540=ORIENTED_EDGE('',*,*,#3772,.T.);
#2541=ORIENTED_EDGE('',*,*,#3773,.T.);
#2542=ORIENTED_EDGE('',*,*,#3774,.F.);
#2543=ORIENTED_EDGE('',*,*,#3775,.F.);
#2544=ORIENTED_EDGE('',*,*,#3776,.T.);
#2545=ORIENTED_EDGE('',*,*,#3770,.T.);
#2546=ORIENTED_EDGE('',*,*,#3777,.T.);
#2547=ORIENTED_EDGE('',*,*,#3778,.F.);
#2548=ORIENTED_EDGE('',*,*,#3779,.T.);
#2549=ORIENTED_EDGE('',*,*,#3780,.T.);
#2550=ORIENTED_EDGE('',*,*,#3781,.T.);
#2551=ORIENTED_EDGE('',*,*,#3782,.F.);
#2552=ORIENTED_EDGE('',*,*,#3783,.T.);
#2553=ORIENTED_EDGE('',*,*,#3784,.F.);
#2554=ORIENTED_EDGE('',*,*,#3785,.T.);
#2555=ORIENTED_EDGE('',*,*,#3786,.T.);
#2556=ORIENTED_EDGE('',*,*,#3775,.T.);
#2557=ORIENTED_EDGE('',*,*,#3787,.F.);
#2558=ORIENTED_EDGE('',*,*,#3788,.T.);
#2559=ORIENTED_EDGE('',*,*,#3789,.T.);
#2560=ORIENTED_EDGE('',*,*,#3778,.T.);
#2561=ORIENTED_EDGE('',*,*,#3790,.T.);
#2562=ORIENTED_EDGE('',*,*,#3791,.T.);
#2563=ORIENTED_EDGE('',*,*,#3792,.F.);
#2564=ORIENTED_EDGE('',*,*,#3793,.F.);
#2565=ORIENTED_EDGE('',*,*,#3794,.T.);
#2566=ORIENTED_EDGE('',*,*,#3795,.F.);
#2567=ORIENTED_EDGE('',*,*,#3779,.F.);
#2568=ORIENTED_EDGE('',*,*,#3789,.F.);
#2569=ORIENTED_EDGE('',*,*,#3796,.T.);
#2570=ORIENTED_EDGE('',*,*,#3797,.T.);
#2571=ORIENTED_EDGE('',*,*,#3798,.F.);
#2572=ORIENTED_EDGE('',*,*,#3799,.T.);
#2573=ORIENTED_EDGE('',*,*,#3787,.T.);
#2574=ORIENTED_EDGE('',*,*,#3784,.T.);
#2575=ORIENTED_EDGE('',*,*,#3800,.T.);
#2576=ORIENTED_EDGE('',*,*,#3801,.F.);
#2577=ORIENTED_EDGE('',*,*,#3802,.T.);
#2578=ORIENTED_EDGE('',*,*,#3793,.T.);
#2579=ORIENTED_EDGE('',*,*,#3803,.F.);
#2580=ORIENTED_EDGE('',*,*,#3804,.T.);
#2581=ORIENTED_EDGE('',*,*,#3805,.F.);
#2582=ORIENTED_EDGE('',*,*,#3806,.T.);
#2583=ORIENTED_EDGE('',*,*,#3807,.T.);
#2584=ORIENTED_EDGE('',*,*,#3798,.T.);
#2585=ORIENTED_EDGE('',*,*,#3808,.F.);
#2586=ORIENTED_EDGE('',*,*,#3782,.T.);
#2587=ORIENTED_EDGE('',*,*,#3809,.T.);
#2588=ORIENTED_EDGE('',*,*,#3810,.T.);
#2589=ORIENTED_EDGE('',*,*,#3811,.F.);
#2590=ORIENTED_EDGE('',*,*,#3809,.F.);
#2591=ORIENTED_EDGE('',*,*,#3781,.F.);
#2592=ORIENTED_EDGE('',*,*,#3812,.T.);
#2593=ORIENTED_EDGE('',*,*,#3813,.F.);
#2594=ORIENTED_EDGE('',*,*,#3814,.T.);
#2595=ORIENTED_EDGE('',*,*,#3815,.F.);
#2596=ORIENTED_EDGE('',*,*,#3816,.T.);
#2597=ORIENTED_EDGE('',*,*,#3817,.F.);
#2598=ORIENTED_EDGE('',*,*,#3818,.F.);
#2599=ORIENTED_EDGE('',*,*,#3819,.F.);
#2600=ORIENTED_EDGE('',*,*,#3820,.T.);
#2601=ORIENTED_EDGE('',*,*,#3821,.T.);
#2602=ORIENTED_EDGE('',*,*,#3822,.T.);
#2603=ORIENTED_EDGE('',*,*,#3823,.F.);
#2604=ORIENTED_EDGE('',*,*,#3824,.F.);
#2605=ORIENTED_EDGE('',*,*,#3810,.F.);
#2606=ORIENTED_EDGE('',*,*,#3772,.F.);
#2607=ORIENTED_EDGE('',*,*,#3825,.T.);
#2608=ORIENTED_EDGE('',*,*,#3785,.F.);
#2609=ORIENTED_EDGE('',*,*,#3826,.T.);
#2610=ORIENTED_EDGE('',*,*,#3823,.T.);
#2611=ORIENTED_EDGE('',*,*,#3812,.F.);
#2612=ORIENTED_EDGE('',*,*,#3827,.T.);
#2613=ORIENTED_EDGE('',*,*,#3828,.T.);
#2614=ORIENTED_EDGE('',*,*,#3829,.T.);
#2615=ORIENTED_EDGE('',*,*,#3830,.T.);
#2616=ORIENTED_EDGE('',*,*,#3831,.T.);
#2617=ORIENTED_EDGE('',*,*,#3832,.T.);
#2618=ORIENTED_EDGE('',*,*,#3833,.T.);
#2619=ORIENTED_EDGE('',*,*,#3834,.T.);
#2620=ORIENTED_EDGE('',*,*,#3835,.F.);
#2621=ORIENTED_EDGE('',*,*,#3836,.F.);
#2622=ORIENTED_EDGE('',*,*,#3837,.F.);
#2623=ORIENTED_EDGE('',*,*,#3838,.F.);
#2624=ORIENTED_EDGE('',*,*,#3839,.F.);
#2625=ORIENTED_EDGE('',*,*,#3840,.F.);
#2626=ORIENTED_EDGE('',*,*,#3841,.F.);
#2627=ORIENTED_EDGE('',*,*,#3842,.F.);
#2628=ORIENTED_EDGE('',*,*,#3843,.F.);
#2629=ORIENTED_EDGE('',*,*,#3833,.F.);
#2630=ORIENTED_EDGE('',*,*,#3834,.F.);
#2631=ORIENTED_EDGE('',*,*,#3844,.F.);
#2632=ORIENTED_EDGE('',*,*,#3845,.F.);
#2633=ORIENTED_EDGE('',*,*,#3846,.F.);
#2634=ORIENTED_EDGE('',*,*,#3847,.F.);
#2635=ORIENTED_EDGE('',*,*,#3806,.F.);
#2636=ORIENTED_EDGE('',*,*,#3848,.F.);
#2637=ORIENTED_EDGE('',*,*,#3804,.F.);
#2638=ORIENTED_EDGE('',*,*,#3803,.T.);
#2639=ORIENTED_EDGE('',*,*,#3796,.F.);
#2640=ORIENTED_EDGE('',*,*,#3788,.F.);
#2641=ORIENTED_EDGE('',*,*,#3799,.F.);
#2642=ORIENTED_EDGE('',*,*,#3807,.F.);
#2643=ORIENTED_EDGE('',*,*,#3849,.F.);
#2644=ORIENTED_EDGE('',*,*,#3850,.F.);
#2645=ORIENTED_EDGE('',*,*,#3851,.F.);
#2646=ORIENTED_EDGE('',*,*,#3852,.F.);
#2647=ORIENTED_EDGE('',*,*,#3853,.T.);
#2648=ORIENTED_EDGE('',*,*,#3854,.F.);
#2649=ORIENTED_EDGE('',*,*,#3855,.F.);
#2650=ORIENTED_EDGE('',*,*,#3856,.T.);
#2651=ORIENTED_EDGE('',*,*,#3857,.F.);
#2652=ORIENTED_EDGE('',*,*,#3853,.F.);
#2653=ORIENTED_EDGE('',*,*,#3858,.F.);
#2654=ORIENTED_EDGE('',*,*,#3859,.T.);
#2655=ORIENTED_EDGE('',*,*,#3856,.F.);
#2656=ORIENTED_EDGE('',*,*,#3860,.F.);
#2657=ORIENTED_EDGE('',*,*,#3861,.F.);
#2658=ORIENTED_EDGE('',*,*,#3859,.F.);
#2659=ORIENTED_EDGE('',*,*,#3862,.F.);
#2660=ORIENTED_EDGE('',*,*,#3863,.F.);
#2661=ORIENTED_EDGE('',*,*,#3864,.T.);
#2662=ORIENTED_EDGE('',*,*,#3865,.T.);
#2663=ORIENTED_EDGE('',*,*,#3866,.F.);
#2664=ORIENTED_EDGE('',*,*,#3864,.F.);
#2665=ORIENTED_EDGE('',*,*,#3867,.T.);
#2666=ORIENTED_EDGE('',*,*,#3868,.F.);
#2667=ORIENTED_EDGE('',*,*,#3865,.F.);
#2668=ORIENTED_EDGE('',*,*,#3869,.F.);
#2669=ORIENTED_EDGE('',*,*,#3870,.F.);
#2670=ORIENTED_EDGE('',*,*,#3871,.F.);
#2671=ORIENTED_EDGE('',*,*,#3867,.F.);
#2672=ORIENTED_EDGE('',*,*,#3872,.F.);
#2673=ORIENTED_EDGE('',*,*,#3873,.F.);
#2674=ORIENTED_EDGE('',*,*,#3874,.T.);
#2675=ORIENTED_EDGE('',*,*,#3875,.T.);
#2676=ORIENTED_EDGE('',*,*,#3876,.F.);
#2677=ORIENTED_EDGE('',*,*,#3874,.F.);
#2678=ORIENTED_EDGE('',*,*,#3877,.F.);
#2679=ORIENTED_EDGE('',*,*,#3878,.T.);
#2680=ORIENTED_EDGE('',*,*,#3879,.F.);
#2681=ORIENTED_EDGE('',*,*,#3875,.F.);
#2682=ORIENTED_EDGE('',*,*,#3880,.F.);
#2683=ORIENTED_EDGE('',*,*,#3881,.F.);
#2684=ORIENTED_EDGE('',*,*,#3878,.F.);
#2685=ORIENTED_EDGE('',*,*,#3882,.F.);
#2686=ORIENTED_EDGE('',*,*,#3883,.F.);
#2687=ORIENTED_EDGE('',*,*,#3884,.T.);
#2688=ORIENTED_EDGE('',*,*,#3885,.T.);
#2689=ORIENTED_EDGE('',*,*,#3886,.F.);
#2690=ORIENTED_EDGE('',*,*,#3884,.F.);
#2691=ORIENTED_EDGE('',*,*,#3887,.F.);
#2692=ORIENTED_EDGE('',*,*,#3888,.F.);
#2693=ORIENTED_EDGE('',*,*,#3885,.F.);
#2694=ORIENTED_EDGE('',*,*,#3889,.F.);
#2695=ORIENTED_EDGE('',*,*,#3890,.F.);
#2696=ORIENTED_EDGE('',*,*,#3891,.T.);
#2697=ORIENTED_EDGE('',*,*,#3892,.F.);
#2698=ORIENTED_EDGE('',*,*,#3893,.F.);
#2699=ORIENTED_EDGE('',*,*,#3894,.T.);
#2700=ORIENTED_EDGE('',*,*,#3895,.F.);
#2701=ORIENTED_EDGE('',*,*,#3891,.F.);
#2702=ORIENTED_EDGE('',*,*,#3896,.F.);
#2703=ORIENTED_EDGE('',*,*,#3897,.T.);
#2704=ORIENTED_EDGE('',*,*,#3898,.F.);
#2705=ORIENTED_EDGE('',*,*,#3894,.F.);
#2706=ORIENTED_EDGE('',*,*,#3899,.F.);
#2707=ORIENTED_EDGE('',*,*,#3900,.F.);
#2708=ORIENTED_EDGE('',*,*,#3897,.F.);
#2709=ORIENTED_EDGE('',*,*,#3901,.T.);
#2710=ORIENTED_EDGE('',*,*,#3902,.F.);
#2711=ORIENTED_EDGE('',*,*,#3903,.F.);
#2712=ORIENTED_EDGE('',*,*,#3904,.T.);
#2713=ORIENTED_EDGE('',*,*,#3901,.F.);
#2714=ORIENTED_EDGE('',*,*,#3905,.F.);
#2715=ORIENTED_EDGE('',*,*,#3906,.F.);
#2716=ORIENTED_EDGE('',*,*,#3904,.F.);
#2717=ORIENTED_EDGE('',*,*,#3907,.F.);
#2718=ORIENTED_EDGE('',*,*,#3908,.F.);
#2719=ORIENTED_EDGE('',*,*,#3909,.F.);
#2720=ORIENTED_EDGE('',*,*,#3910,.F.);
#2721=ORIENTED_EDGE('',*,*,#3911,.T.);
#2722=ORIENTED_EDGE('',*,*,#3912,.F.);
#2723=ORIENTED_EDGE('',*,*,#3913,.F.);
#2724=ORIENTED_EDGE('',*,*,#3871,.T.);
#2725=ORIENTED_EDGE('',*,*,#3914,.F.);
#2726=ORIENTED_EDGE('',*,*,#3911,.F.);
#2727=ORIENTED_EDGE('',*,*,#3915,.F.);
#2728=ORIENTED_EDGE('',*,*,#3916,.T.);
#2729=ORIENTED_EDGE('',*,*,#3917,.F.);
#2730=ORIENTED_EDGE('',*,*,#3918,.F.);
#2731=ORIENTED_EDGE('',*,*,#3870,.T.);
#2732=ORIENTED_EDGE('',*,*,#3919,.T.);
#2733=ORIENTED_EDGE('',*,*,#3920,.F.);
#2734=ORIENTED_EDGE('',*,*,#3916,.F.);
#2735=ORIENTED_EDGE('',*,*,#3921,.F.);
#2736=ORIENTED_EDGE('',*,*,#3855,.T.);
#2737=ORIENTED_EDGE('',*,*,#3922,.F.);
#2738=ORIENTED_EDGE('',*,*,#3923,.F.);
#2739=ORIENTED_EDGE('',*,*,#3919,.F.);
#2740=ORIENTED_EDGE('',*,*,#3924,.F.);
#2741=ORIENTED_EDGE('',*,*,#3925,.F.);
#2742=ORIENTED_EDGE('',*,*,#3854,.T.);
#2743=ORIENTED_EDGE('',*,*,#3926,.F.);
#2744=ORIENTED_EDGE('',*,*,#3927,.T.);
#2745=ORIENTED_EDGE('',*,*,#3928,.F.);
#2746=ORIENTED_EDGE('',*,*,#3927,.F.);
#2747=ORIENTED_EDGE('',*,*,#3929,.F.);
#2748=ORIENTED_EDGE('',*,*,#3930,.T.);
#2749=ORIENTED_EDGE('',*,*,#3931,.F.);
#2750=ORIENTED_EDGE('',*,*,#3932,.F.);
#2751=ORIENTED_EDGE('',*,*,#3933,.F.);
#2752=ORIENTED_EDGE('',*,*,#3934,.F.);
#2753=ORIENTED_EDGE('',*,*,#3872,.T.);
#2754=ORIENTED_EDGE('',*,*,#3935,.F.);
#2755=ORIENTED_EDGE('',*,*,#3930,.F.);
#2756=ORIENTED_EDGE('',*,*,#3873,.T.);
#2757=ORIENTED_EDGE('',*,*,#3936,.F.);
#2758=ORIENTED_EDGE('',*,*,#3937,.F.);
#2759=ORIENTED_EDGE('',*,*,#3938,.T.);
#2760=ORIENTED_EDGE('',*,*,#3939,.F.);
#2761=ORIENTED_EDGE('',*,*,#3940,.T.);
#2762=ORIENTED_EDGE('',*,*,#3938,.F.);
#2763=ORIENTED_EDGE('',*,*,#3941,.F.);
#2764=ORIENTED_EDGE('',*,*,#3942,.F.);
#2765=ORIENTED_EDGE('',*,*,#3940,.F.);
#2766=ORIENTED_EDGE('',*,*,#3943,.F.);
#2767=ORIENTED_EDGE('',*,*,#3944,.F.);
#2768=ORIENTED_EDGE('',*,*,#3889,.T.);
#2769=ORIENTED_EDGE('',*,*,#3945,.F.);
#2770=ORIENTED_EDGE('',*,*,#3890,.T.);
#2771=ORIENTED_EDGE('',*,*,#3946,.F.);
#2772=ORIENTED_EDGE('',*,*,#3947,.T.);
#2773=ORIENTED_EDGE('',*,*,#3948,.F.);
#2774=ORIENTED_EDGE('',*,*,#3949,.F.);
#2775=ORIENTED_EDGE('',*,*,#3947,.F.);
#2776=ORIENTED_EDGE('',*,*,#3950,.F.);
#2777=ORIENTED_EDGE('',*,*,#3951,.F.);
#2778=ORIENTED_EDGE('',*,*,#3952,.T.);
#2779=ORIENTED_EDGE('',*,*,#3953,.F.);
#2780=ORIENTED_EDGE('',*,*,#3839,.T.);
#2781=ORIENTED_EDGE('',*,*,#3954,.F.);
#2782=ORIENTED_EDGE('',*,*,#3908,.T.);
#2783=ORIENTED_EDGE('',*,*,#3955,.F.);
#2784=ORIENTED_EDGE('',*,*,#3952,.F.);
#2785=ORIENTED_EDGE('',*,*,#3956,.F.);
#2786=ORIENTED_EDGE('',*,*,#3957,.T.);
#2787=ORIENTED_EDGE('',*,*,#3958,.F.);
#2788=ORIENTED_EDGE('',*,*,#3959,.F.);
#2789=ORIENTED_EDGE('',*,*,#3907,.T.);
#2790=ORIENTED_EDGE('',*,*,#3960,.T.);
#2791=ORIENTED_EDGE('',*,*,#3961,.F.);
#2792=ORIENTED_EDGE('',*,*,#3957,.F.);
#2793=ORIENTED_EDGE('',*,*,#3893,.T.);
#2794=ORIENTED_EDGE('',*,*,#3962,.F.);
#2795=ORIENTED_EDGE('',*,*,#3963,.F.);
#2796=ORIENTED_EDGE('',*,*,#3960,.F.);
#2797=ORIENTED_EDGE('',*,*,#3964,.F.);
#2798=ORIENTED_EDGE('',*,*,#3965,.F.);
#2799=ORIENTED_EDGE('',*,*,#3892,.T.);
#2800=ORIENTED_EDGE('',*,*,#3966,.F.);
#2801=ORIENTED_EDGE('',*,*,#3967,.T.);
#2802=ORIENTED_EDGE('',*,*,#3837,.T.);
#2803=ORIENTED_EDGE('',*,*,#3968,.F.);
#2804=ORIENTED_EDGE('',*,*,#3967,.F.);
#2805=ORIENTED_EDGE('',*,*,#3969,.F.);
#2806=ORIENTED_EDGE('',*,*,#3970,.F.);
#2807=ORIENTED_EDGE('',*,*,#3971,.T.);
#2808=ORIENTED_EDGE('',*,*,#3972,.F.);
#2809=ORIENTED_EDGE('',*,*,#3973,.F.);
#2810=ORIENTED_EDGE('',*,*,#3974,.F.);
#2811=ORIENTED_EDGE('',*,*,#3975,.F.);
#2812=ORIENTED_EDGE('',*,*,#3882,.T.);
#2813=ORIENTED_EDGE('',*,*,#3976,.F.);
#2814=ORIENTED_EDGE('',*,*,#3971,.F.);
#2815=ORIENTED_EDGE('',*,*,#3977,.F.);
#2816=ORIENTED_EDGE('',*,*,#3883,.T.);
#2817=ORIENTED_EDGE('',*,*,#3978,.F.);
#2818=ORIENTED_EDGE('',*,*,#3979,.T.);
#2819=ORIENTED_EDGE('',*,*,#3980,.F.);
#2820=ORIENTED_EDGE('',*,*,#3880,.T.);
#2821=ORIENTED_EDGE('',*,*,#3981,.F.);
#2822=ORIENTED_EDGE('',*,*,#3979,.F.);
#2823=ORIENTED_EDGE('',*,*,#3982,.F.);
#2824=ORIENTED_EDGE('',*,*,#3881,.T.);
#2825=ORIENTED_EDGE('',*,*,#3983,.F.);
#2826=ORIENTED_EDGE('',*,*,#3984,.T.);
#2827=ORIENTED_EDGE('',*,*,#3985,.F.);
#2828=ORIENTED_EDGE('',*,*,#3986,.F.);
#2829=ORIENTED_EDGE('',*,*,#3984,.F.);
#2830=ORIENTED_EDGE('',*,*,#3987,.F.);
#2831=ORIENTED_EDGE('',*,*,#3988,.F.);
#2832=ORIENTED_EDGE('',*,*,#3989,.F.);
#2833=ORIENTED_EDGE('',*,*,#3990,.T.);
#2834=ORIENTED_EDGE('',*,*,#3991,.F.);
#2835=ORIENTED_EDGE('',*,*,#3992,.F.);
#2836=ORIENTED_EDGE('',*,*,#3900,.T.);
#2837=ORIENTED_EDGE('',*,*,#3993,.F.);
#2838=ORIENTED_EDGE('',*,*,#3990,.F.);
#2839=ORIENTED_EDGE('',*,*,#3994,.F.);
#2840=ORIENTED_EDGE('',*,*,#3899,.T.);
#2841=ORIENTED_EDGE('',*,*,#3995,.F.);
#2842=ORIENTED_EDGE('',*,*,#3996,.T.);
#2843=ORIENTED_EDGE('',*,*,#3997,.F.);
#2844=ORIENTED_EDGE('',*,*,#3903,.T.);
#2845=ORIENTED_EDGE('',*,*,#3998,.F.);
#2846=ORIENTED_EDGE('',*,*,#3996,.F.);
#2847=ORIENTED_EDGE('',*,*,#3999,.F.);
#2848=ORIENTED_EDGE('',*,*,#3902,.T.);
#2849=ORIENTED_EDGE('',*,*,#4000,.F.);
#2850=ORIENTED_EDGE('',*,*,#4001,.T.);
#2851=ORIENTED_EDGE('',*,*,#4002,.F.);
#2852=ORIENTED_EDGE('',*,*,#4003,.F.);
#2853=ORIENTED_EDGE('',*,*,#4001,.F.);
#2854=ORIENTED_EDGE('',*,*,#4004,.F.);
#2855=ORIENTED_EDGE('',*,*,#4005,.T.);
#2856=ORIENTED_EDGE('',*,*,#4006,.F.);
#2857=ORIENTED_EDGE('',*,*,#4007,.F.);
#2858=ORIENTED_EDGE('',*,*,#4008,.F.);
#2859=ORIENTED_EDGE('',*,*,#4009,.F.);
#2860=ORIENTED_EDGE('',*,*,#3862,.T.);
#2861=ORIENTED_EDGE('',*,*,#4010,.F.);
#2862=ORIENTED_EDGE('',*,*,#4005,.F.);
#2863=ORIENTED_EDGE('',*,*,#4011,.F.);
#2864=ORIENTED_EDGE('',*,*,#3863,.T.);
#2865=ORIENTED_EDGE('',*,*,#4012,.F.);
#2866=ORIENTED_EDGE('',*,*,#4013,.T.);
#2867=ORIENTED_EDGE('',*,*,#4014,.F.);
#2868=ORIENTED_EDGE('',*,*,#3860,.T.);
#2869=ORIENTED_EDGE('',*,*,#4015,.F.);
#2870=ORIENTED_EDGE('',*,*,#4013,.F.);
#2871=ORIENTED_EDGE('',*,*,#4016,.F.);
#2872=ORIENTED_EDGE('',*,*,#3861,.T.);
#2873=ORIENTED_EDGE('',*,*,#4017,.F.);
#2874=ORIENTED_EDGE('',*,*,#4018,.T.);
#2875=ORIENTED_EDGE('',*,*,#4019,.F.);
#2876=ORIENTED_EDGE('',*,*,#4020,.F.);
#2877=ORIENTED_EDGE('',*,*,#4018,.F.);
#2878=ORIENTED_EDGE('',*,*,#4021,.F.);
#2879=ORIENTED_EDGE('',*,*,#4022,.F.);
#2880=ORIENTED_EDGE('',*,*,#3931,.T.);
#2881=ORIENTED_EDGE('',*,*,#4023,.F.);
#2882=ORIENTED_EDGE('',*,*,#3986,.T.);
#2883=ORIENTED_EDGE('',*,*,#4024,.F.);
#2884=ORIENTED_EDGE('',*,*,#3969,.T.);
#2885=ORIENTED_EDGE('',*,*,#4025,.F.);
#2886=ORIENTED_EDGE('',*,*,#3989,.T.);
#2887=ORIENTED_EDGE('',*,*,#4026,.F.);
#2888=ORIENTED_EDGE('',*,*,#3949,.T.);
#2889=ORIENTED_EDGE('',*,*,#4027,.F.);
#2890=ORIENTED_EDGE('',*,*,#3972,.T.);
#2891=ORIENTED_EDGE('',*,*,#4028,.F.);
#2892=ORIENTED_EDGE('',*,*,#3951,.T.);
#2893=ORIENTED_EDGE('',*,*,#4029,.F.);
#2894=ORIENTED_EDGE('',*,*,#4004,.T.);
#2895=ORIENTED_EDGE('',*,*,#4030,.F.);
#2896=ORIENTED_EDGE('',*,*,#3929,.T.);
#2897=ORIENTED_EDGE('',*,*,#4031,.F.);
#2898=ORIENTED_EDGE('',*,*,#4020,.T.);
#2899=ORIENTED_EDGE('',*,*,#4032,.F.);
#2900=ORIENTED_EDGE('',*,*,#3910,.T.);
#2901=ORIENTED_EDGE('',*,*,#4033,.F.);
#2902=ORIENTED_EDGE('',*,*,#4006,.T.);
#2903=ORIENTED_EDGE('',*,*,#3981,.T.);
#2904=ORIENTED_EDGE('',*,*,#3877,.T.);
#2905=ORIENTED_EDGE('',*,*,#3939,.T.);
#2906=ORIENTED_EDGE('',*,*,#4034,.F.);
#2907=ORIENTED_EDGE('',*,*,#4035,.F.);
#2908=ORIENTED_EDGE('',*,*,#3915,.T.);
#2909=ORIENTED_EDGE('',*,*,#3869,.T.);
#2910=ORIENTED_EDGE('',*,*,#4011,.T.);
#2911=ORIENTED_EDGE('',*,*,#4036,.F.);
#2912=ORIENTED_EDGE('',*,*,#4037,.F.);
#2913=ORIENTED_EDGE('',*,*,#3995,.T.);
#2914=ORIENTED_EDGE('',*,*,#3896,.T.);
#2915=ORIENTED_EDGE('',*,*,#3964,.T.);
#2916=ORIENTED_EDGE('',*,*,#4038,.F.);
#2917=ORIENTED_EDGE('',*,*,#4039,.F.);
#2918=ORIENTED_EDGE('',*,*,#4015,.T.);
#2919=ORIENTED_EDGE('',*,*,#3858,.T.);
#2920=ORIENTED_EDGE('',*,*,#3924,.T.);
#2921=ORIENTED_EDGE('',*,*,#4040,.F.);
#2922=ORIENTED_EDGE('',*,*,#4036,.T.);
#2923=ORIENTED_EDGE('',*,*,#3942,.T.);
#2924=ORIENTED_EDGE('',*,*,#3887,.T.);
#2925=ORIENTED_EDGE('',*,*,#3977,.T.);
#2926=ORIENTED_EDGE('',*,*,#4035,.T.);
#2927=ORIENTED_EDGE('',*,*,#4041,.F.);
#2928=ORIENTED_EDGE('',*,*,#3956,.T.);
#2929=ORIENTED_EDGE('',*,*,#3905,.T.);
#2930=ORIENTED_EDGE('',*,*,#3997,.T.);
#2931=ORIENTED_EDGE('',*,*,#4039,.T.);
#2932=ORIENTED_EDGE('',*,*,#4042,.F.);
#2933=ORIENTED_EDGE('',*,*,#4043,.T.);
#2934=ORIENTED_EDGE('',*,*,#3805,.T.);
#2935=ORIENTED_EDGE('',*,*,#3848,.T.);
#2936=ORIENTED_EDGE('',*,*,#4044,.T.);
#2937=ORIENTED_EDGE('',*,*,#4043,.F.);
#2938=ORIENTED_EDGE('',*,*,#4045,.T.);
#2939=ORIENTED_EDGE('',*,*,#3849,.T.);
#2940=ORIENTED_EDGE('',*,*,#4046,.T.);
#2941=ORIENTED_EDGE('',*,*,#3943,.T.);
#2942=ORIENTED_EDGE('',*,*,#3941,.T.);
#2943=ORIENTED_EDGE('',*,*,#3937,.T.);
#2944=ORIENTED_EDGE('',*,*,#4047,.T.);
#2945=ORIENTED_EDGE('',*,*,#3917,.T.);
#2946=ORIENTED_EDGE('',*,*,#3920,.T.);
#2947=ORIENTED_EDGE('',*,*,#3923,.T.);
#2948=ORIENTED_EDGE('',*,*,#4048,.T.);
#2949=ORIENTED_EDGE('',*,*,#3958,.T.);
#2950=ORIENTED_EDGE('',*,*,#3961,.T.);
#2951=ORIENTED_EDGE('',*,*,#3963,.T.);
#2952=ORIENTED_EDGE('',*,*,#3850,.T.);
#2953=ORIENTED_EDGE('',*,*,#4046,.F.);
#2954=ORIENTED_EDGE('',*,*,#3962,.T.);
#2955=ORIENTED_EDGE('',*,*,#3965,.T.);
#2956=ORIENTED_EDGE('',*,*,#3968,.T.);
#2957=ORIENTED_EDGE('',*,*,#3836,.T.);
#2958=ORIENTED_EDGE('',*,*,#3835,.T.);
#2959=ORIENTED_EDGE('',*,*,#3946,.T.);
#2960=ORIENTED_EDGE('',*,*,#3944,.T.);
#2961=ORIENTED_EDGE('',*,*,#3851,.T.);
#2962=ORIENTED_EDGE('',*,*,#4009,.T.);
#2963=ORIENTED_EDGE('',*,*,#4008,.T.);
#2964=ORIENTED_EDGE('',*,*,#3831,.F.);
#2965=ORIENTED_EDGE('',*,*,#3987,.T.);
#2966=ORIENTED_EDGE('',*,*,#3983,.T.);
#2967=ORIENTED_EDGE('',*,*,#3980,.T.);
#2968=ORIENTED_EDGE('',*,*,#3978,.T.);
#2969=ORIENTED_EDGE('',*,*,#3975,.T.);
#2970=ORIENTED_EDGE('',*,*,#3974,.T.);
#2971=ORIENTED_EDGE('',*,*,#3829,.F.);
#2972=ORIENTED_EDGE('',*,*,#3991,.T.);
#2973=ORIENTED_EDGE('',*,*,#3993,.T.);
#2974=ORIENTED_EDGE('',*,*,#3994,.T.);
#2975=ORIENTED_EDGE('',*,*,#3998,.T.);
#2976=ORIENTED_EDGE('',*,*,#3999,.T.);
#2977=ORIENTED_EDGE('',*,*,#4003,.T.);
#2978=ORIENTED_EDGE('',*,*,#3827,.F.);
#2979=ORIENTED_EDGE('',*,*,#4021,.T.);
#2980=ORIENTED_EDGE('',*,*,#4017,.T.);
#2981=ORIENTED_EDGE('',*,*,#4014,.T.);
#2982=ORIENTED_EDGE('',*,*,#4012,.T.);
#2983=ORIENTED_EDGE('',*,*,#4049,.F.);
#2984=ORIENTED_EDGE('',*,*,#3852,.T.);
#2985=ORIENTED_EDGE('',*,*,#3841,.T.);
#2986=ORIENTED_EDGE('',*,*,#3928,.T.);
#2987=ORIENTED_EDGE('',*,*,#4030,.T.);
#2988=ORIENTED_EDGE('',*,*,#4019,.T.);
#2989=ORIENTED_EDGE('',*,*,#3832,.F.);
#2990=ORIENTED_EDGE('',*,*,#4007,.T.);
#2991=ORIENTED_EDGE('',*,*,#4033,.T.);
#2992=ORIENTED_EDGE('',*,*,#3909,.T.);
#2993=ORIENTED_EDGE('',*,*,#3945,.T.);
#2994=ORIENTED_EDGE('',*,*,#4026,.T.);
#2995=ORIENTED_EDGE('',*,*,#3976,.T.);
#2996=ORIENTED_EDGE('',*,*,#3886,.T.);
#2997=ORIENTED_EDGE('',*,*,#3888,.T.);
#2998=ORIENTED_EDGE('',*,*,#3895,.T.);
#2999=ORIENTED_EDGE('',*,*,#3898,.T.);
#3000=ORIENTED_EDGE('',*,*,#3992,.T.);
#3001=ORIENTED_EDGE('',*,*,#4025,.T.);
#3002=ORIENTED_EDGE('',*,*,#3966,.T.);
#3003=ORIENTED_EDGE('',*,*,#3954,.T.);
#3004=ORIENTED_EDGE('',*,*,#4028,.T.);
#3005=ORIENTED_EDGE('',*,*,#4000,.T.);
#3006=ORIENTED_EDGE('',*,*,#3906,.T.);
#3007=ORIENTED_EDGE('',*,*,#3857,.T.);
#3008=ORIENTED_EDGE('',*,*,#4016,.T.);
#3009=ORIENTED_EDGE('',*,*,#4031,.T.);
#3010=ORIENTED_EDGE('',*,*,#3926,.T.);
#3011=ORIENTED_EDGE('',*,*,#3876,.T.);
#3012=ORIENTED_EDGE('',*,*,#3879,.T.);
#3013=ORIENTED_EDGE('',*,*,#3982,.T.);
#3014=ORIENTED_EDGE('',*,*,#4023,.T.);
#3015=ORIENTED_EDGE('',*,*,#3935,.T.);
#3016=ORIENTED_EDGE('',*,*,#3913,.T.);
#3017=ORIENTED_EDGE('',*,*,#4032,.T.);
#3018=ORIENTED_EDGE('',*,*,#4010,.T.);
#3019=ORIENTED_EDGE('',*,*,#3866,.T.);
#3020=ORIENTED_EDGE('',*,*,#3868,.T.);
#3021=ORIENTED_EDGE('',*,*,#4034,.T.);
#3022=ORIENTED_EDGE('',*,*,#4041,.T.);
#3023=ORIENTED_EDGE('',*,*,#4040,.T.);
#3024=ORIENTED_EDGE('',*,*,#3921,.T.);
#3025=ORIENTED_EDGE('',*,*,#4037,.T.);
#3026=ORIENTED_EDGE('',*,*,#4038,.T.);
#3027=ORIENTED_EDGE('',*,*,#4042,.T.);
#3028=ORIENTED_EDGE('',*,*,#3934,.T.);
#3029=ORIENTED_EDGE('',*,*,#3933,.T.);
#3030=ORIENTED_EDGE('',*,*,#3842,.T.);
#3031=ORIENTED_EDGE('',*,*,#3912,.T.);
#3032=ORIENTED_EDGE('',*,*,#3914,.T.);
#3033=ORIENTED_EDGE('',*,*,#3918,.T.);
#3034=ORIENTED_EDGE('',*,*,#4047,.F.);
#3035=ORIENTED_EDGE('',*,*,#3936,.T.);
#3036=ORIENTED_EDGE('',*,*,#3840,.T.);
#3037=ORIENTED_EDGE('',*,*,#3953,.T.);
#3038=ORIENTED_EDGE('',*,*,#3955,.T.);
#3039=ORIENTED_EDGE('',*,*,#3959,.T.);
#3040=ORIENTED_EDGE('',*,*,#4048,.F.);
#3041=ORIENTED_EDGE('',*,*,#3922,.T.);
#3042=ORIENTED_EDGE('',*,*,#3925,.T.);
#3043=ORIENTED_EDGE('',*,*,#3843,.T.);
#3044=ORIENTED_EDGE('',*,*,#3932,.T.);
#3045=ORIENTED_EDGE('',*,*,#4022,.T.);
#3046=ORIENTED_EDGE('',*,*,#3985,.T.);
#3047=ORIENTED_EDGE('',*,*,#3830,.F.);
#3048=ORIENTED_EDGE('',*,*,#3973,.T.);
#3049=ORIENTED_EDGE('',*,*,#4027,.T.);
#3050=ORIENTED_EDGE('',*,*,#3948,.T.);
#3051=ORIENTED_EDGE('',*,*,#3838,.T.);
#3052=ORIENTED_EDGE('',*,*,#3970,.T.);
#3053=ORIENTED_EDGE('',*,*,#4024,.T.);
#3054=ORIENTED_EDGE('',*,*,#3988,.T.);
#3055=ORIENTED_EDGE('',*,*,#3828,.F.);
#3056=ORIENTED_EDGE('',*,*,#4002,.T.);
#3057=ORIENTED_EDGE('',*,*,#4029,.T.);
#3058=ORIENTED_EDGE('',*,*,#3950,.T.);
#3059=ORIENTED_EDGE('',*,*,#4045,.F.);
#3060=ORIENTED_EDGE('',*,*,#4044,.F.);
#3061=ORIENTED_EDGE('',*,*,#3845,.T.);
#3062=ORIENTED_EDGE('',*,*,#3844,.T.);
#3063=ORIENTED_EDGE('',*,*,#3847,.T.);
#3064=ORIENTED_EDGE('',*,*,#3846,.T.);
#3065=ORIENTED_EDGE('',*,*,#3822,.F.);
#3066=ORIENTED_EDGE('',*,*,#3821,.F.);
#3067=ORIENTED_EDGE('',*,*,#3820,.F.);
#3068=ORIENTED_EDGE('',*,*,#4050,.F.);
#3069=ORIENTED_EDGE('',*,*,#3818,.T.);
#3070=ORIENTED_EDGE('',*,*,#4051,.F.);
#3071=ORIENTED_EDGE('',*,*,#4050,.T.);
#3072=ORIENTED_EDGE('',*,*,#3769,.T.);
#3073=ORIENTED_EDGE('',*,*,#4051,.T.);
#3074=ORIENTED_EDGE('',*,*,#4052,.F.);
#3075=ORIENTED_EDGE('',*,*,#3817,.T.);
#3076=ORIENTED_EDGE('',*,*,#4053,.F.);
#3077=ORIENTED_EDGE('',*,*,#4052,.T.);
#3078=ORIENTED_EDGE('',*,*,#3819,.T.);
#3079=ORIENTED_EDGE('',*,*,#4053,.T.);
#3080=ORIENTED_EDGE('',*,*,#4054,.T.);
#3081=ORIENTED_EDGE('',*,*,#4055,.T.);
#3082=ORIENTED_EDGE('',*,*,#4056,.T.);
#3083=ORIENTED_EDGE('',*,*,#3815,.T.);
#3084=ORIENTED_EDGE('',*,*,#4057,.T.);
#3085=ORIENTED_EDGE('',*,*,#3816,.F.);
#3086=ORIENTED_EDGE('',*,*,#4058,.T.);
#3087=ORIENTED_EDGE('',*,*,#4059,.T.);
#3088=ORIENTED_EDGE('',*,*,#4060,.T.);
#3089=ORIENTED_EDGE('',*,*,#3813,.T.);
#3090=ORIENTED_EDGE('',*,*,#4061,.T.);
#3091=ORIENTED_EDGE('',*,*,#3814,.F.);
#3092=ORIENTED_EDGE('',*,*,#4060,.F.);
#3093=ORIENTED_EDGE('',*,*,#4058,.F.);
#3094=ORIENTED_EDGE('',*,*,#4059,.F.);
#3095=ORIENTED_EDGE('',*,*,#4061,.F.);
#3096=ORIENTED_EDGE('',*,*,#4056,.F.);
#3097=ORIENTED_EDGE('',*,*,#4054,.F.);
#3098=ORIENTED_EDGE('',*,*,#4055,.F.);
#3099=ORIENTED_EDGE('',*,*,#4057,.F.);
#3100=ORIENTED_EDGE('',*,*,#4049,.T.);
#3101=ORIENTED_EDGE('',*,*,#3791,.F.);
#3102=ORIENTED_EDGE('',*,*,#3780,.F.);
#3103=ORIENTED_EDGE('',*,*,#3795,.T.);
#3104=ORIENTED_EDGE('',*,*,#4062,.F.);
#3105=ORIENTED_EDGE('',*,*,#3801,.T.);
#3106=ORIENTED_EDGE('',*,*,#3824,.T.);
#3107=ORIENTED_EDGE('',*,*,#3811,.T.);
#3108=ORIENTED_EDGE('',*,*,#3794,.F.);
#3109=ORIENTED_EDGE('',*,*,#3802,.F.);
#3110=ORIENTED_EDGE('',*,*,#4062,.T.);
#3111=ORIENTED_EDGE('',*,*,#3800,.F.);
#3112=ORIENTED_EDGE('',*,*,#3783,.F.);
#3113=ORIENTED_EDGE('',*,*,#3808,.T.);
#3114=ORIENTED_EDGE('',*,*,#3797,.F.);
#3115=ORIENTED_EDGE('',*,*,#3792,.T.);
#3116=ORIENTED_EDGE('',*,*,#3774,.T.);
#3117=ORIENTED_EDGE('',*,*,#3786,.F.);
#3118=ORIENTED_EDGE('',*,*,#3825,.F.);
#3119=ORIENTED_EDGE('',*,*,#3771,.F.);
#3120=ORIENTED_EDGE('',*,*,#3776,.F.);
#3121=ORIENTED_EDGE('',*,*,#3773,.F.);
#3122=ORIENTED_EDGE('',*,*,#3826,.F.);
#3123=ORIENTED_EDGE('',*,*,#3790,.F.);
#3124=ORIENTED_EDGE('',*,*,#3777,.F.);
#3125=VERTEX_POINT('',#5822);
#3126=VERTEX_POINT('',#5823);
#3127=VERTEX_POINT('',#5825);
#3128=VERTEX_POINT('',#5827);
#3129=VERTEX_POINT('',#5831);
#3130=VERTEX_POINT('',#5832);
#3131=VERTEX_POINT('',#5834);
#3132=VERTEX_POINT('',#5836);
#3133=VERTEX_POINT('',#5840);
#3134=VERTEX_POINT('',#5841);
#3135=VERTEX_POINT('',#5843);
#3136=VERTEX_POINT('',#5845);
#3137=VERTEX_POINT('',#5850);
#3138=VERTEX_POINT('',#5857);
#3139=VERTEX_POINT('',#5859);
#3140=VERTEX_POINT('',#5861);
#3141=VERTEX_POINT('',#5870);
#3142=VERTEX_POINT('',#5871);
#3143=VERTEX_POINT('',#5877);
#3144=VERTEX_POINT('',#5880);
#3145=VERTEX_POINT('',#5882);
#3146=VERTEX_POINT('',#5885);
#3147=VERTEX_POINT('',#5887);
#3148=VERTEX_POINT('',#5894);
#3149=VERTEX_POINT('',#5896);
#3150=VERTEX_POINT('',#5899);
#3151=VERTEX_POINT('',#5902);
#3152=VERTEX_POINT('',#5904);
#3153=VERTEX_POINT('',#5906);
#3154=VERTEX_POINT('',#5908);
#3155=VERTEX_POINT('',#5912);
#3156=VERTEX_POINT('',#5915);
#3157=VERTEX_POINT('',#5921);
#3158=VERTEX_POINT('',#5924);
#3159=VERTEX_POINT('',#5927);
#3160=VERTEX_POINT('',#5930);
#3161=VERTEX_POINT('',#5933);
#3162=VERTEX_POINT('',#5936);
#3163=VERTEX_POINT('',#5939);
#3164=VERTEX_POINT('',#5943);
#3165=VERTEX_POINT('',#5946);
#3166=VERTEX_POINT('',#5949);
#3167=VERTEX_POINT('',#5952);
#3168=VERTEX_POINT('',#5955);
#3169=VERTEX_POINT('',#5958);
#3170=VERTEX_POINT('',#5961);
#3171=VERTEX_POINT('',#5966);
#3172=VERTEX_POINT('',#5968);
#3173=VERTEX_POINT('',#5971);
#3174=VERTEX_POINT('',#5974);
#3175=VERTEX_POINT('',#5978);
#3176=VERTEX_POINT('',#5979);
#3177=VERTEX_POINT('',#5981);
#3178=VERTEX_POINT('',#5983);
#3179=VERTEX_POINT('',#5985);
#3180=VERTEX_POINT('',#5987);
#3181=VERTEX_POINT('',#5991);
#3182=VERTEX_POINT('',#5992);
#3183=VERTEX_POINT('',#5994);
#3184=VERTEX_POINT('',#5996);
#3185=VERTEX_POINT('',#5998);
#3186=VERTEX_POINT('',#6001);
#3187=VERTEX_POINT('',#6005);
#3188=VERTEX_POINT('',#6006);
#3189=VERTEX_POINT('',#6008);
#3190=VERTEX_POINT('',#6010);
#3191=VERTEX_POINT('',#6012);
#3192=VERTEX_POINT('',#6014);
#3193=VERTEX_POINT('',#6016);
#3194=VERTEX_POINT('',#6018);
#3195=VERTEX_POINT('',#6020);
#3196=VERTEX_POINT('',#6022);
#3197=VERTEX_POINT('',#6026);
#3198=VERTEX_POINT('',#6029);
#3199=VERTEX_POINT('',#6030);
#3200=VERTEX_POINT('',#6032);
#3201=VERTEX_POINT('',#6034);
#3202=VERTEX_POINT('',#6038);
#3203=VERTEX_POINT('',#6040);
#3204=VERTEX_POINT('',#6044);
#3205=VERTEX_POINT('',#6046);
#3206=VERTEX_POINT('',#6050);
#3207=VERTEX_POINT('',#6052);
#3208=VERTEX_POINT('',#6056);
#3209=VERTEX_POINT('',#6058);
#3210=VERTEX_POINT('',#6062);
#3211=VERTEX_POINT('',#6064);
#3212=VERTEX_POINT('',#6071);
#3213=VERTEX_POINT('',#6072);
#3214=VERTEX_POINT('',#6074);
#3215=VERTEX_POINT('',#6076);
#3216=VERTEX_POINT('',#6078);
#3217=VERTEX_POINT('',#6080);
#3218=VERTEX_POINT('',#6082);
#3219=VERTEX_POINT('',#6084);
#3220=VERTEX_POINT('',#6086);
#3221=VERTEX_POINT('',#6088);
#3222=VERTEX_POINT('',#6090);
#3223=VERTEX_POINT('',#6092);
#3224=VERTEX_POINT('',#6094);
#3225=VERTEX_POINT('',#6096);
#3226=VERTEX_POINT('',#6100);
#3227=VERTEX_POINT('',#6107);
#3228=VERTEX_POINT('',#6110);
#3229=VERTEX_POINT('',#6112);
#3230=VERTEX_POINT('',#6114);
#3231=VERTEX_POINT('',#6116);
#3232=VERTEX_POINT('',#6118);
#3233=VERTEX_POINT('',#6120);
#3234=VERTEX_POINT('',#6122);
#3235=VERTEX_POINT('',#6124);
#3236=VERTEX_POINT('',#6128);
#3237=VERTEX_POINT('',#6142);
#3238=VERTEX_POINT('',#6144);
#3239=VERTEX_POINT('',#6147);
#3240=VERTEX_POINT('',#6149);
#3241=VERTEX_POINT('',#6171);
#3242=VERTEX_POINT('',#6172);
#3243=VERTEX_POINT('',#6189);
#3244=VERTEX_POINT('',#6207);
#3245=VERTEX_POINT('',#6215);
#3246=VERTEX_POINT('',#6218);
#3247=VERTEX_POINT('',#6222);
#3248=VERTEX_POINT('',#6226);
#3249=VERTEX_POINT('',#6231);
#3250=VERTEX_POINT('',#6236);
#3251=VERTEX_POINT('',#6240);
#3252=VERTEX_POINT('',#6245);
#3253=VERTEX_POINT('',#6249);
#3254=VERTEX_POINT('',#6259);
#3255=VERTEX_POINT('',#6263);
#3256=VERTEX_POINT('',#6264);
#3257=VERTEX_POINT('',#6281);
#3258=VERTEX_POINT('',#6282);
#3259=VERTEX_POINT('',#6284);
#3260=VERTEX_POINT('',#6286);
#3261=VERTEX_POINT('',#6288);
#3262=VERTEX_POINT('',#6310);
#3263=VERTEX_POINT('',#6316);
#3264=VERTEX_POINT('',#6340);
#3265=VERTEX_POINT('',#6413);
#3266=VERTEX_POINT('',#6415);
#3267=VERTEX_POINT('',#6426);
#3268=VERTEX_POINT('',#6428);
#3269=VERTEX_POINT('',#6430);
#3270=VERTEX_POINT('',#6431);
#3271=VERTEX_POINT('',#6433);
#3272=VERTEX_POINT('',#6435);
#3273=VERTEX_POINT('',#6439);
#3274=VERTEX_POINT('',#6441);
#3275=VERTEX_POINT('',#6445);
#3276=VERTEX_POINT('',#6449);
#3277=VERTEX_POINT('',#6455);
#3278=VERTEX_POINT('',#6456);
#3279=VERTEX_POINT('',#6460);
#3280=VERTEX_POINT('',#6461);
#3281=VERTEX_POINT('',#6478);
#3282=VERTEX_POINT('',#6480);
#3283=VERTEX_POINT('',#6482);
#3284=VERTEX_POINT('',#6486);
#3285=VERTEX_POINT('',#6487);
#3286=VERTEX_POINT('',#6507);
#3287=VERTEX_POINT('',#6509);
#3288=VERTEX_POINT('',#6511);
#3289=VERTEX_POINT('',#6518);
#3290=VERTEX_POINT('',#6519);
#3291=VERTEX_POINT('',#6521);
#3292=VERTEX_POINT('',#6523);
#3293=VERTEX_POINT('',#6533);
#3294=VERTEX_POINT('',#6534);
#3295=VERTEX_POINT('',#6536);
#3296=VERTEX_POINT('',#6538);
#3297=VERTEX_POINT('',#6599);
#3298=VERTEX_POINT('',#6601);
#3299=VERTEX_POINT('',#6630);
#3300=VERTEX_POINT('',#6632);
#3301=VERTEX_POINT('',#6754);
#3302=VERTEX_POINT('',#6755);
#3303=VERTEX_POINT('',#6790);
#3304=VERTEX_POINT('',#6801);
#3305=VERTEX_POINT('',#6960);
#3306=VERTEX_POINT('',#6961);
#3307=VERTEX_POINT('',#6978);
#3308=VERTEX_POINT('',#6980);
#3309=VERTEX_POINT('',#6995);
#3310=VERTEX_POINT('',#6998);
#3311=VERTEX_POINT('',#7056);
#3312=VERTEX_POINT('',#7058);
#3313=VERTEX_POINT('',#7059);
#3314=VERTEX_POINT('',#7067);
#3315=VERTEX_POINT('',#7069);
#3316=VERTEX_POINT('',#7079);
#3317=VERTEX_POINT('',#7081);
#3318=VERTEX_POINT('',#7082);
#3319=VERTEX_POINT('',#7085);
#3320=VERTEX_POINT('',#7087);
#3321=VERTEX_POINT('',#7089);
#3322=VERTEX_POINT('',#7091);
#3323=VERTEX_POINT('',#7093);
#3324=VERTEX_POINT('',#7095);
#3325=VERTEX_POINT('',#7100);
#3326=VERTEX_POINT('',#7104);
#3327=VERTEX_POINT('',#7105);
#3328=VERTEX_POINT('',#7117);
#3329=VERTEX_POINT('',#7124);
#3330=VERTEX_POINT('',#7135);
#3331=VERTEX_POINT('',#7142);
#3332=VERTEX_POINT('',#7145);
#3333=VERTEX_POINT('',#7146);
#3334=VERTEX_POINT('',#7148);
#3335=VERTEX_POINT('',#7156);
#3336=VERTEX_POINT('',#7157);
#3337=VERTEX_POINT('',#7159);
#3338=VERTEX_POINT('',#7164);
#3339=VERTEX_POINT('',#7165);
#3340=VERTEX_POINT('',#7171);
#3341=VERTEX_POINT('',#7176);
#3342=VERTEX_POINT('',#7178);
#3343=VERTEX_POINT('',#7183);
#3344=VERTEX_POINT('',#7190);
#3345=VERTEX_POINT('',#7196);
#3346=VERTEX_POINT('',#7198);
#3347=VERTEX_POINT('',#7201);
#3348=VERTEX_POINT('',#7203);
#3349=VERTEX_POINT('',#7206);
#3350=VERTEX_POINT('',#7208);
#3351=VERTEX_POINT('',#7211);
#3352=VERTEX_POINT('',#7213);
#3353=VERTEX_POINT('',#7219);
#3354=VERTEX_POINT('',#7220);
#3355=VERTEX_POINT('',#7225);
#3356=VERTEX_POINT('',#7231);
#3357=VERTEX_POINT('',#7240);
#3358=VERTEX_POINT('',#7241);
#3359=VERTEX_POINT('',#7243);
#3360=VERTEX_POINT('',#7245);
#3361=VERTEX_POINT('',#7247);
#3362=VERTEX_POINT('',#7249);
#3363=VERTEX_POINT('',#7255);
#3364=VERTEX_POINT('',#7256);
#3365=VERTEX_POINT('',#7266);
#3366=VERTEX_POINT('',#7267);
#3367=VERTEX_POINT('',#7272);
#3368=VERTEX_POINT('',#7277);
#3369=VERTEX_POINT('',#7282);
#3370=VERTEX_POINT('',#7287);
#3371=VERTEX_POINT('',#7292);
#3372=VERTEX_POINT('',#7297);
#3373=VERTEX_POINT('',#7302);
#3374=VERTEX_POINT('',#7325);
#3375=VERTEX_POINT('',#7326);
#3376=VERTEX_POINT('',#7341);
#3377=VERTEX_POINT('',#7352);
#3378=VERTEX_POINT('',#8136);
#3379=VERTEX_POINT('',#8198);
#3380=VERTEX_POINT('',#8201);
#3381=VERTEX_POINT('',#8203);
#3382=VERTEX_POINT('',#8209);
#3383=VERTEX_POINT('',#8210);
#3384=VERTEX_POINT('',#8215);
#3385=VERTEX_POINT('',#8240);
#3386=VERTEX_POINT('',#8241);
#3387=VERTEX_POINT('',#8254);
#3388=VERTEX_POINT('',#8261);
#3389=VERTEX_POINT('',#8262);
#3390=VERTEX_POINT('',#8267);
#3391=VERTEX_POINT('',#8280);
#3392=VERTEX_POINT('',#8290);
#3393=VERTEX_POINT('',#8291);
#3394=VERTEX_POINT('',#8302);
#3395=VERTEX_POINT('',#8312);
#3396=VERTEX_POINT('',#8313);
#3397=VERTEX_POINT('',#8318);
#3398=VERTEX_POINT('',#8328);
#3399=VERTEX_POINT('',#8329);
#3400=VERTEX_POINT('',#8343);
#3401=VERTEX_POINT('',#8353);
#3402=VERTEX_POINT('',#8363);
#3403=VERTEX_POINT('',#8364);
#3404=VERTEX_POINT('',#8369);
#3405=VERTEX_POINT('',#8382);
#3406=VERTEX_POINT('',#8392);
#3407=VERTEX_POINT('',#8399);
#3408=VERTEX_POINT('',#8424);
#3409=VERTEX_POINT('',#8425);
#3410=VERTEX_POINT('',#8430);
#3411=VERTEX_POINT('',#8455);
#3412=VERTEX_POINT('',#8456);
#3413=VERTEX_POINT('',#8467);
#3414=VERTEX_POINT('',#8477);
#3415=VERTEX_POINT('',#8484);
#3416=VERTEX_POINT('',#8485);
#3417=VERTEX_POINT('',#8487);
#3418=VERTEX_POINT('',#8526);
#3419=VERTEX_POINT('',#8533);
#3420=VERTEX_POINT('',#8614);
#3421=VERTEX_POINT('',#8619);
#3422=VERTEX_POINT('',#8624);
#3423=VERTEX_POINT('',#8640);
#3424=VERTEX_POINT('',#8645);
#3425=VERTEX_POINT('',#8659);
#3426=VERTEX_POINT('',#8669);
#3427=VERTEX_POINT('',#8670);
#3428=VERTEX_POINT('',#8678);
#3429=VERTEX_POINT('',#8744);
#3430=VERTEX_POINT('',#8754);
#3431=VERTEX_POINT('',#8764);
#3432=VERTEX_POINT('',#8765);
#3433=VERTEX_POINT('',#8770);
#3434=VERTEX_POINT('',#8808);
#3435=VERTEX_POINT('',#8813);
#3436=VERTEX_POINT('',#8818);
#3437=VERTEX_POINT('',#8839);
#3438=VERTEX_POINT('',#8850);
#3439=VERTEX_POINT('',#8908);
#3440=VERTEX_POINT('',#8958);
#3441=VERTEX_POINT('',#8968);
#3442=VERTEX_POINT('',#8973);
#3443=VERTEX_POINT('',#8977);
#3444=VERTEX_POINT('',#9046);
#3445=VERTEX_POINT('',#9051);
#3446=VERTEX_POINT('',#9056);
#3447=VERTEX_POINT('',#9117);
#3448=VERTEX_POINT('',#9124);
#3449=VERTEX_POINT('',#9149);
#3450=VERTEX_POINT('',#9151);
#3451=VERTEX_POINT('',#9165);
#3452=VERTEX_POINT('',#9225);
#3453=VERTEX_POINT('',#9226);
#3454=VERTEX_POINT('',#9231);
#3455=VERTEX_POINT('',#9283);
#3456=VERTEX_POINT('',#9288);
#3457=VERTEX_POINT('',#9310);
#3458=VERTEX_POINT('',#9315);
#3459=VERTEX_POINT('',#9325);
#3460=VERTEX_POINT('',#9354);
#3461=VERTEX_POINT('',#9359);
#3462=VERTEX_POINT('',#9364);
#3463=VERTEX_POINT('',#9395);
#3464=VERTEX_POINT('',#9400);
#3465=VERTEX_POINT('',#9445);
#3466=VERTEX_POINT('',#9447);
#3467=VERTEX_POINT('',#9457);
#3468=VERTEX_POINT('',#9506);
#3469=VERTEX_POINT('',#9507);
#3470=VERTEX_POINT('',#9512);
#3471=VERTEX_POINT('',#9547);
#3472=VERTEX_POINT('',#9552);
#3473=VERTEX_POINT('',#9571);
#3474=VERTEX_POINT('',#9573);
#3475=VERTEX_POINT('',#9580);
#3476=VERTEX_POINT('',#9653);
#3477=VERTEX_POINT('',#9663);
#3478=VERTEX_POINT('',#9673);
#3479=VERTEX_POINT('',#9695);
#3480=VERTEX_POINT('',#9698);
#3481=VERTEX_POINT('',#9701);
#3482=VERTEX_POINT('',#9710);
#3483=VERTEX_POINT('',#10040);
#3484=VERTEX_POINT('',#10043);
#3485=VERTEX_POINT('',#10047);
#3486=VERTEX_POINT('',#10050);
#3487=VERTEX_POINT('',#10054);
#3488=VERTEX_POINT('',#10056);
#3489=VERTEX_POINT('',#10059);
#3490=VERTEX_POINT('',#10062);
#3491=VERTEX_POINT('',#10065);
#3492=VERTEX_POINT('',#10067);
#3493=VERTEX_POINT('',#10070);
#3494=VERTEX_POINT('',#10073);
#3495=EDGE_CURVE('',#3125,#3126,#4063,.T.);
#3496=EDGE_CURVE('',#3125,#3127,#4064,.T.);
#3497=EDGE_CURVE('',#3128,#3127,#4065,.T.);
#3498=EDGE_CURVE('',#3126,#3128,#4066,.T.);
#3499=EDGE_CURVE('',#3129,#3130,#4067,.T.);
#3500=EDGE_CURVE('',#3131,#3130,#955,.T.);
#3501=EDGE_CURVE('',#3131,#3132,#4068,.T.);
#3502=EDGE_CURVE('',#3129,#3132,#956,.T.);
#3503=EDGE_CURVE('',#3133,#3134,#4069,.T.);
#3504=EDGE_CURVE('',#3135,#3133,#4070,.T.);
#3505=EDGE_CURVE('',#3135,#3136,#4071,.T.);
#3506=EDGE_CURVE('',#3134,#3136,#4072,.T.);
#3507=EDGE_CURVE('',#3134,#3127,#4073,.T.);
#3508=EDGE_CURVE('',#3136,#3137,#4074,.T.);
#3509=EDGE_CURVE('',#3128,#3137,#4075,.T.);
#3510=EDGE_CURVE('',#3125,#3131,#4076,.T.);
#3511=EDGE_CURVE('',#3132,#3126,#4077,.T.);
#3512=EDGE_CURVE('',#3133,#3138,#957,.T.);
#3513=EDGE_CURVE('',#3138,#3139,#4078,.T.);
#3514=EDGE_CURVE('',#3140,#3139,#958,.T.);
#3515=EDGE_CURVE('',#3140,#3135,#844,.T.);
#3516=EDGE_CURVE('',#3141,#3142,#623,.T.);
#3517=EDGE_CURVE('',#3142,#3141,#624,.T.);
#3518=EDGE_CURVE('',#3143,#3143,#959,.T.);
#3519=EDGE_CURVE('',#3144,#3144,#960,.T.);
#3520=EDGE_CURVE('',#3145,#3145,#961,.T.);
#3521=EDGE_CURVE('',#3146,#3138,#962,.T.);
#3522=EDGE_CURVE('',#3146,#3147,#4079,.T.);
#3523=EDGE_CURVE('',#3139,#3147,#963,.T.);
#3524=EDGE_CURVE('',#3147,#3129,#4080,.T.);
#3525=EDGE_CURVE('',#3130,#3146,#4081,.T.);
#3526=EDGE_CURVE('',#3148,#3148,#964,.T.);
#3527=EDGE_CURVE('',#3149,#3149,#965,.T.);
#3528=EDGE_CURVE('',#3150,#3150,#966,.T.);
#3529=EDGE_CURVE('',#3137,#3151,#4082,.T.);
#3530=EDGE_CURVE('',#3151,#3152,#967,.T.);
#3531=EDGE_CURVE('',#3152,#3153,#4083,.T.);
#3532=EDGE_CURVE('',#3153,#3154,#968,.T.);
#3533=EDGE_CURVE('',#3154,#3140,#4084,.T.);
#3534=EDGE_CURVE('',#3155,#3155,#969,.T.);
#3535=EDGE_CURVE('',#3156,#3156,#970,.T.);
#3536=EDGE_CURVE('',#3153,#3154,#845,.T.);
#3537=EDGE_CURVE('',#3151,#3152,#846,.T.);
#3538=EDGE_CURVE('',#3157,#3157,#971,.T.);
#3539=EDGE_CURVE('',#3158,#3158,#972,.T.);
#3540=EDGE_CURVE('',#3159,#3159,#973,.T.);
#3541=EDGE_CURVE('',#3160,#3160,#974,.T.);
#3542=EDGE_CURVE('',#3161,#3161,#975,.T.);
#3543=EDGE_CURVE('',#3162,#3162,#976,.T.);
#3544=EDGE_CURVE('',#3163,#3163,#977,.T.);
#3545=EDGE_CURVE('',#3164,#3164,#978,.T.);
#3546=EDGE_CURVE('',#3165,#3165,#979,.T.);
#3547=EDGE_CURVE('',#3166,#3166,#980,.T.);
#3548=EDGE_CURVE('',#3167,#3167,#981,.T.);
#3549=EDGE_CURVE('',#3168,#3168,#982,.T.);
#3550=EDGE_CURVE('',#3169,#3169,#983,.T.);
#3551=EDGE_CURVE('',#3170,#3170,#984,.T.);
#3552=EDGE_CURVE('',#3171,#3171,#985,.T.);
#3553=EDGE_CURVE('',#3172,#3172,#986,.T.);
#3554=EDGE_CURVE('',#3173,#3173,#987,.T.);
#3555=EDGE_CURVE('',#3174,#3174,#988,.T.);
#3556=EDGE_CURVE('',#3175,#3176,#4085,.T.);
#3557=EDGE_CURVE('',#3176,#3177,#989,.T.);
#3558=EDGE_CURVE('',#3177,#3178,#4086,.T.);
#3559=EDGE_CURVE('',#3178,#3179,#990,.T.);
#3560=EDGE_CURVE('',#3179,#3180,#4087,.T.);
#3561=EDGE_CURVE('',#3175,#3180,#4088,.T.);
#3562=EDGE_CURVE('',#3181,#3182,#4089,.T.);
#3563=EDGE_CURVE('',#3181,#3183,#991,.T.);
#3564=EDGE_CURVE('',#3183,#3184,#4090,.T.);
#3565=EDGE_CURVE('',#3185,#3184,#4091,.T.);
#3566=EDGE_CURVE('',#3180,#3185,#992,.T.);
#3567=EDGE_CURVE('',#3186,#3179,#4092,.T.);
#3568=EDGE_CURVE('',#3186,#3182,#993,.T.);
#3569=EDGE_CURVE('',#3187,#3188,#994,.T.);
#3570=EDGE_CURVE('',#3188,#3189,#4093,.T.);
#3571=EDGE_CURVE('',#3190,#3189,#995,.T.);
#3572=EDGE_CURVE('',#3190,#3191,#4094,.T.);
#3573=EDGE_CURVE('',#3191,#3192,#996,.T.);
#3574=EDGE_CURVE('',#3192,#3193,#4095,.T.);
#3575=EDGE_CURVE('',#3194,#3193,#4096,.T.);
#3576=EDGE_CURVE('',#3194,#3195,#4097,.T.);
#3577=EDGE_CURVE('',#3196,#3195,#997,.T.);
#3578=EDGE_CURVE('',#3184,#3196,#4098,.T.);
#3579=EDGE_CURVE('',#3184,#3187,#4099,.T.);
#3580=EDGE_CURVE('',#3197,#3197,#998,.T.);
#3581=EDGE_CURVE('',#3198,#3199,#4100,.T.);
#3582=EDGE_CURVE('',#3200,#3199,#4101,.T.);
#3583=EDGE_CURVE('',#3200,#3201,#4102,.T.);
#3584=EDGE_CURVE('',#3201,#3198,#4103,.T.);
#3585=EDGE_CURVE('',#3202,#3198,#4104,.T.);
#3586=EDGE_CURVE('',#3201,#3203,#4105,.T.);
#3587=EDGE_CURVE('',#3203,#3202,#4106,.T.);
#3588=EDGE_CURVE('',#3204,#3202,#4107,.T.);
#3589=EDGE_CURVE('',#3203,#3205,#4108,.T.);
#3590=EDGE_CURVE('',#3205,#3204,#4109,.T.);
#3591=EDGE_CURVE('',#3206,#3204,#4110,.T.);
#3592=EDGE_CURVE('',#3205,#3207,#4111,.T.);
#3593=EDGE_CURVE('',#3207,#3206,#4112,.T.);
#3594=EDGE_CURVE('',#3208,#3206,#4113,.T.);
#3595=EDGE_CURVE('',#3207,#3209,#4114,.T.);
#3596=EDGE_CURVE('',#3208,#3209,#4115,.T.);
#3597=EDGE_CURVE('',#3210,#3208,#4116,.T.);
#3598=EDGE_CURVE('',#3209,#3211,#4117,.T.);
#3599=EDGE_CURVE('',#3211,#3210,#4118,.T.);
#3600=EDGE_CURVE('',#3199,#3210,#4119,.T.);
#3601=EDGE_CURVE('',#3211,#3200,#4120,.T.);
#3602=EDGE_CURVE('',#3212,#3213,#999,.T.);
#3603=EDGE_CURVE('',#3214,#3212,#1000,.T.);
#3604=EDGE_CURVE('',#3215,#3214,#1001,.T.);
#3605=EDGE_CURVE('',#3216,#3215,#1002,.T.);
#3606=EDGE_CURVE('',#3217,#3216,#1003,.T.);
#3607=EDGE_CURVE('',#3218,#3217,#1004,.T.);
#3608=EDGE_CURVE('',#3218,#3219,#4121,.T.);
#3609=EDGE_CURVE('',#3220,#3219,#4122,.T.);
#3610=EDGE_CURVE('',#3221,#3220,#4123,.T.);
#3611=EDGE_CURVE('',#3222,#3221,#4124,.T.);
#3612=EDGE_CURVE('',#3223,#3222,#1005,.T.);
#3613=EDGE_CURVE('',#3224,#3223,#4125,.T.);
#3614=EDGE_CURVE('',#3225,#3224,#4126,.T.);
#3615=EDGE_CURVE('',#3213,#3225,#4127,.T.);
#3616=EDGE_CURVE('',#3226,#3226,#1006,.T.);
#3617=EDGE_CURVE('',#3227,#3227,#625,.T.);
#3618=EDGE_CURVE('',#3228,#3186,#4128,.T.);
#3619=EDGE_CURVE('',#3229,#3228,#4129,.T.);
#3620=EDGE_CURVE('',#3230,#3229,#4130,.T.);
#3621=EDGE_CURVE('',#3231,#3230,#4131,.T.);
#3622=EDGE_CURVE('',#3232,#3231,#1007,.T.);
#3623=EDGE_CURVE('',#3233,#3232,#1008,.T.);
#3624=EDGE_CURVE('',#3234,#3233,#1009,.T.);
#3625=EDGE_CURVE('',#3235,#3234,#1010,.T.);
#3626=EDGE_CURVE('',#3182,#3235,#1011,.T.);
#3627=EDGE_CURVE('',#3236,#3193,#4132,.T.);
#3628=EDGE_CURVE('',#3236,#3237,#626,.T.);
#3629=EDGE_CURVE('',#3237,#3238,#1012,.T.);
#3630=EDGE_CURVE('',#3238,#3212,#4133,.T.);
#3631=EDGE_CURVE('',#3213,#3239,#4134,.T.);
#3632=EDGE_CURVE('',#3240,#3239,#1013,.T.);
#3633=EDGE_CURVE('',#3240,#3193,#4135,.T.);
#3634=EDGE_CURVE('',#3232,#3217,#627,.T.);
#3635=EDGE_CURVE('',#3231,#3218,#4136,.T.);
#3636=EDGE_CURVE('',#3216,#3233,#4137,.T.);
#3637=EDGE_CURVE('',#3234,#3215,#628,.T.);
#3638=EDGE_CURVE('',#3214,#3235,#629,.T.);
#3639=EDGE_CURVE('',#3241,#3242,#4138,.T.);
#3640=EDGE_CURVE('',#3242,#3243,#630,.T.);
#3641=EDGE_CURVE('',#3243,#3181,#631,.T.);
#3642=EDGE_CURVE('',#3238,#3244,#4139,.T.);
#3643=EDGE_CURVE('',#3244,#3190,#847,.T.);
#3644=EDGE_CURVE('',#3189,#3241,#848,.T.);
#3645=EDGE_CURVE('',#3230,#3219,#4140,.T.);
#3646=EDGE_CURVE('',#3220,#3229,#4141,.T.);
#3647=EDGE_CURVE('',#3245,#3221,#4142,.T.);
#3648=EDGE_CURVE('',#3245,#3176,#4143,.T.);
#3649=EDGE_CURVE('',#3246,#3175,#4144,.T.);
#3650=EDGE_CURVE('',#3222,#3246,#4145,.T.);
#3651=EDGE_CURVE('',#3247,#3246,#1014,.T.);
#3652=EDGE_CURVE('',#3247,#3223,#4146,.T.);
#3653=EDGE_CURVE('',#3248,#3228,#4147,.T.);
#3654=EDGE_CURVE('',#3248,#3245,#4148,.T.);
#3655=EDGE_CURVE('',#3249,#3224,#4149,.T.);
#3656=EDGE_CURVE('',#3249,#3247,#4150,.T.);
#3657=EDGE_CURVE('',#3225,#3194,#4151,.T.);
#3658=EDGE_CURVE('',#3250,#3194,#4152,.T.);
#3659=EDGE_CURVE('',#3239,#3250,#4153,.T.);
#3660=EDGE_CURVE('',#3251,#3249,#4154,.T.);
#3661=EDGE_CURVE('',#3251,#3195,#4155,.T.);
#3662=EDGE_CURVE('',#3252,#3252,#1015,.T.);
#3663=EDGE_CURVE('',#3253,#3196,#4156,.T.);
#3664=EDGE_CURVE('',#3185,#3253,#4157,.T.);
#3665=EDGE_CURVE('',#3253,#3251,#1016,.T.);
#3666=EDGE_CURVE('',#3250,#3240,#4158,.T.);
#3667=EDGE_CURVE('',#3254,#3191,#849,.T.);
#3668=EDGE_CURVE('',#3254,#3192,#4159,.T.);
#3669=EDGE_CURVE('',#3255,#3256,#4160,.T.);
#3670=EDGE_CURVE('',#3255,#3236,#632,.T.);
#3671=EDGE_CURVE('',#3256,#3254,#4161,.T.);
#3672=EDGE_CURVE('',#3257,#3258,#4162,.T.);
#3673=EDGE_CURVE('',#3258,#3259,#1017,.T.);
#3674=EDGE_CURVE('',#3260,#3259,#4163,.T.);
#3675=EDGE_CURVE('',#3261,#3260,#4164,.T.);
#3676=EDGE_CURVE('',#3261,#3187,#4165,.T.);
#3677=EDGE_CURVE('',#3183,#3257,#633,.T.);
#3678=EDGE_CURVE('',#3188,#3261,#850,.T.);
#3679=EDGE_CURVE('',#3257,#3262,#1018,.T.);
#3680=EDGE_CURVE('',#3262,#3258,#4166,.T.);
#3681=EDGE_CURVE('',#3241,#3260,#4167,.T.);
#3682=EDGE_CURVE('',#3259,#3263,#4168,.T.);
#3683=EDGE_CURVE('',#3263,#3242,#634,.T.);
#3684=EDGE_CURVE('',#3256,#3244,#4169,.T.);
#3685=EDGE_CURVE('',#3238,#3264,#635,.T.);
#3686=EDGE_CURVE('',#3264,#3255,#636,.T.);
#3687=EDGE_CURVE('',#3237,#3264,#637,.T.);
#3688=EDGE_CURVE('',#3243,#3262,#638,.T.);
#3689=EDGE_CURVE('',#3262,#3263,#1019,.T.);
#3690=EDGE_CURVE('',#3177,#3265,#4170,.T.);
#3691=EDGE_CURVE('',#3265,#3266,#4171,.T.);
#3692=EDGE_CURVE('',#3266,#3178,#4172,.T.);
#3693=EDGE_CURVE('',#3179,#3248,#4173,.T.);
#3694=EDGE_CURVE('',#3248,#3266,#851,.T.);
#3695=EDGE_CURVE('',#3245,#3265,#852,.T.);
#3696=EDGE_CURVE('',#3267,#3267,#1020,.T.);
#3697=EDGE_CURVE('',#3268,#3268,#1021,.T.);
#3698=EDGE_CURVE('',#3269,#3270,#4174,.T.);
#3699=EDGE_CURVE('',#3270,#3271,#4175,.T.);
#3700=EDGE_CURVE('',#3271,#3272,#4176,.T.);
#3701=EDGE_CURVE('',#3272,#3269,#4177,.T.);
#3702=EDGE_CURVE('',#3269,#3273,#4178,.T.);
#3703=EDGE_CURVE('',#3274,#3273,#4179,.T.);
#3704=EDGE_CURVE('',#3270,#3274,#4180,.T.);
#3705=EDGE_CURVE('',#3272,#3275,#4181,.T.);
#3706=EDGE_CURVE('',#3273,#3275,#4182,.T.);
#3707=EDGE_CURVE('',#3271,#3276,#4183,.T.);
#3708=EDGE_CURVE('',#3275,#3276,#4184,.T.);
#3709=EDGE_CURVE('',#3276,#3274,#4185,.T.);
#3710=EDGE_CURVE('',#3277,#3278,#1022,.T.);
#3711=EDGE_CURVE('',#3278,#3277,#1023,.T.);
#3712=EDGE_CURVE('',#3279,#3280,#4186,.T.);
#3713=EDGE_CURVE('',#3279,#3281,#639,.T.);
#3714=EDGE_CURVE('',#3282,#3281,#1024,.T.);
#3715=EDGE_CURVE('',#3283,#3282,#4187,.T.);
#3716=EDGE_CURVE('',#3283,#3280,#1025,.T.);
#3717=EDGE_CURVE('',#3284,#3285,#1026,.T.);
#3718=EDGE_CURVE('',#3284,#3286,#640,.T.);
#3719=EDGE_CURVE('',#3287,#3286,#4188,.T.);
#3720=EDGE_CURVE('',#3287,#3288,#1027,.T.);
#3721=EDGE_CURVE('',#3285,#3288,#4189,.T.);
#3722=EDGE_CURVE('',#3281,#3284,#1028,.T.);
#3723=EDGE_CURVE('',#3282,#3285,#1029,.T.);
#3724=EDGE_CURVE('',#3289,#3290,#4190,.T.);
#3725=EDGE_CURVE('',#3290,#3291,#4191,.T.);
#3726=EDGE_CURVE('',#3291,#3292,#1030,.T.);
#3727=EDGE_CURVE('',#3292,#3289,#4192,.T.);
#3728=EDGE_CURVE('',#3285,#3277,#4193,.T.);
#3729=EDGE_CURVE('',#3282,#3278,#4194,.T.);
#3730=EDGE_CURVE('',#3286,#3279,#1031,.T.);
#3731=EDGE_CURVE('',#3280,#3287,#1032,.T.);
#3732=EDGE_CURVE('',#3293,#3294,#4195,.T.);
#3733=EDGE_CURVE('',#3293,#3295,#1033,.T.);
#3734=EDGE_CURVE('',#3295,#3296,#4196,.T.);
#3735=EDGE_CURVE('',#3296,#3294,#641,.T.);
#3736=EDGE_CURVE('',#3278,#3297,#642,.T.);
#3737=EDGE_CURVE('',#3297,#3298,#4197,.T.);
#3738=EDGE_CURVE('',#3298,#3296,#643,.T.);
#3739=EDGE_CURVE('',#3295,#3283,#644,.T.);
#3740=EDGE_CURVE('',#3294,#3299,#645,.T.);
#3741=EDGE_CURVE('',#3299,#3300,#4198,.T.);
#3742=EDGE_CURVE('',#3300,#3277,#646,.T.);
#3743=EDGE_CURVE('',#3288,#3293,#647,.T.);
#3744=EDGE_CURVE('',#3291,#3278,#648,.T.);
#3745=EDGE_CURVE('',#3277,#3292,#649,.T.);
#3746=EDGE_CURVE('',#3280,#3295,#650,.T.);
#3747=EDGE_CURVE('',#3293,#3287,#651,.T.);
#3748=EDGE_CURVE('',#3301,#3302,#652,.T.);
#3749=EDGE_CURVE('',#3302,#3303,#653,.T.);
#3750=EDGE_CURVE('',#3303,#3304,#654,.T.);
#3751=EDGE_CURVE('',#3304,#3290,#655,.T.);
#3752=EDGE_CURVE('',#3289,#3301,#656,.T.);
#3753=EDGE_CURVE('',#3297,#3291,#1034,.T.);
#3754=EDGE_CURVE('',#3298,#3290,#658,.T.);
#3755=EDGE_CURVE('',#3292,#3300,#1035,.T.);
#3756=EDGE_CURVE('',#3296,#3304,#1036,.T.);
#3757=EDGE_CURVE('',#3289,#3299,#659,.T.);
#3758=EDGE_CURVE('',#3301,#3294,#1037,.T.);
#3759=EDGE_CURVE('',#3305,#3306,#1038,.T.);
#3760=EDGE_CURVE('',#3306,#3307,#660,.T.);
#3761=EDGE_CURVE('',#3307,#3308,#1039,.T.);
#3762=EDGE_CURVE('',#3308,#3305,#661,.T.);
#3763=EDGE_CURVE('',#3309,#3309,#1040,.T.);
#3764=EDGE_CURVE('',#3310,#3310,#1041,.T.);
#3765=EDGE_CURVE('',#3305,#3284,#1042,.T.);
#3766=EDGE_CURVE('',#3286,#3308,#1043,.T.);
#3767=EDGE_CURVE('',#3279,#3307,#1044,.T.);
#3768=EDGE_CURVE('',#3306,#3281,#1045,.T.);
#3769=EDGE_CURVE('',#3311,#3311,#1046,.T.);
#3770=EDGE_CURVE('',#3312,#3313,#1047,.T.);
#3771=EDGE_CURVE('',#3312,#3314,#662,.T.);
#3772=EDGE_CURVE('',#3314,#3315,#853,.T.);
#3773=EDGE_CURVE('',#3315,#3313,#663,.T.);
#3774=EDGE_CURVE('',#3316,#3316,#1048,.T.);
#3775=EDGE_CURVE('',#3317,#3318,#1049,.T.);
#3776=EDGE_CURVE('',#3317,#3312,#4199,.T.);
#3777=EDGE_CURVE('',#3313,#3319,#4200,.T.);
#3778=EDGE_CURVE('',#3320,#3319,#1050,.T.);
#3779=EDGE_CURVE('',#3320,#3321,#4201,.T.);
#3780=EDGE_CURVE('',#3321,#3322,#1051,.T.);
#3781=EDGE_CURVE('',#3322,#3323,#4202,.T.);
#3782=EDGE_CURVE('',#3324,#3323,#1052,.T.);
#3783=EDGE_CURVE('',#3324,#3325,#664,.T.);
#3784=EDGE_CURVE('',#3318,#3325,#4203,.T.);
#3785=EDGE_CURVE('',#3326,#3327,#854,.T.);
#3786=EDGE_CURVE('',#3327,#3317,#665,.T.);
#3787=EDGE_CURVE('',#3328,#3318,#4204,.T.);
#3788=EDGE_CURVE('',#3328,#3329,#666,.T.);
#3789=EDGE_CURVE('',#3329,#3320,#4205,.T.);
#3790=EDGE_CURVE('',#3319,#3326,#667,.T.);
#3791=EDGE_CURVE('',#3330,#3330,#1053,.T.);
#3792=EDGE_CURVE('',#3331,#3331,#668,.T.);
#3793=EDGE_CURVE('',#3332,#3333,#4206,.T.);
#3794=EDGE_CURVE('',#3332,#3334,#4207,.T.);
#3795=EDGE_CURVE('',#3321,#3334,#4208,.T.);
#3796=EDGE_CURVE('',#3329,#3333,#4209,.T.);
#3797=EDGE_CURVE('',#3335,#3336,#669,.T.);
#3798=EDGE_CURVE('',#3337,#3336,#4210,.T.);
#3799=EDGE_CURVE('',#3337,#3328,#4211,.T.);
#3800=EDGE_CURVE('',#3325,#3335,#4212,.T.);
#3801=EDGE_CURVE('',#3338,#3339,#4213,.T.);
#3802=EDGE_CURVE('',#3338,#3332,#1054,.T.);
#3803=EDGE_CURVE('',#3340,#3333,#670,.T.);
#3804=EDGE_CURVE('',#3340,#3341,#671,.T.);
#3805=EDGE_CURVE('',#3342,#3341,#1055,.T.);
#3806=EDGE_CURVE('',#3342,#3343,#672,.T.);
#3807=EDGE_CURVE('',#3343,#3337,#673,.T.);
#3808=EDGE_CURVE('',#3324,#3336,#4214,.T.);
#3809=EDGE_CURVE('',#3323,#3344,#4215,.T.);
#3810=EDGE_CURVE('',#3344,#3339,#855,.T.);
#3811=EDGE_CURVE('',#3344,#3322,#4216,.T.);
#3812=EDGE_CURVE('',#3345,#3345,#1056,.T.);
#3813=EDGE_CURVE('',#3346,#3346,#1057,.T.);
#3814=EDGE_CURVE('',#3347,#3347,#1058,.T.);
#3815=EDGE_CURVE('',#3348,#3348,#1059,.T.);
#3816=EDGE_CURVE('',#3349,#3349,#1060,.T.);
#3817=EDGE_CURVE('',#3350,#3350,#1061,.T.);
#3818=EDGE_CURVE('',#3351,#3351,#1062,.T.);
#3819=EDGE_CURVE('',#3352,#3352,#1063,.T.);
#3820=EDGE_CURVE('',#3353,#3354,#674,.T.);
#3821=EDGE_CURVE('',#3354,#3355,#675,.T.);
#3822=EDGE_CURVE('',#3355,#3353,#676,.T.);
#3823=EDGE_CURVE('',#3356,#3356,#1064,.T.);
#3824=EDGE_CURVE('',#3339,#3344,#856,.T.);
#3825=EDGE_CURVE('',#3314,#3327,#4217,.T.);
#3826=EDGE_CURVE('',#3326,#3315,#4218,.T.);
#3827=EDGE_CURVE('',#3357,#3358,#1065,.T.);
#3828=EDGE_CURVE('',#3358,#3359,#1066,.T.);
#3829=EDGE_CURVE('',#3359,#3360,#1067,.T.);
#3830=EDGE_CURVE('',#3360,#3361,#1068,.T.);
#3831=EDGE_CURVE('',#3361,#3362,#1069,.T.);
#3832=EDGE_CURVE('',#3362,#3357,#1070,.T.);
#3833=EDGE_CURVE('',#3363,#3364,#677,.T.);
#3834=EDGE_CURVE('',#3364,#3363,#678,.T.);
#3835=EDGE_CURVE('',#3365,#3366,#679,.T.);
#3836=EDGE_CURVE('',#3367,#3365,#680,.T.);
#3837=EDGE_CURVE('',#3368,#3367,#681,.T.);
#3838=EDGE_CURVE('',#3369,#3368,#682,.T.);
#3839=EDGE_CURVE('',#3370,#3369,#683,.T.);
#3840=EDGE_CURVE('',#3371,#3370,#684,.T.);
#3841=EDGE_CURVE('',#3372,#3371,#685,.T.);
#3842=EDGE_CURVE('',#3373,#3372,#686,.T.);
#3843=EDGE_CURVE('',#3366,#3373,#687,.T.);
#3844=EDGE_CURVE('',#3374,#3375,#688,.T.);
#3845=EDGE_CURVE('',#3376,#3374,#689,.T.);
#3846=EDGE_CURVE('',#3377,#3376,#690,.T.);
#3847=EDGE_CURVE('',#3375,#3377,#691,.T.);
#3848=EDGE_CURVE('',#3341,#3342,#692,.T.);
#3849=EDGE_CURVE('',#3378,#3378,#1071,.T.);
#3850=EDGE_CURVE('',#3379,#3379,#693,.T.);
#3851=EDGE_CURVE('',#3380,#3380,#1072,.T.);
#3852=EDGE_CURVE('',#3381,#3381,#1073,.T.);
#3853=EDGE_CURVE('',#3382,#3383,#694,.T.);
#3854=EDGE_CURVE('',#3384,#3383,#695,.T.);
#3855=EDGE_CURVE('',#3382,#3384,#696,.T.);
#3856=EDGE_CURVE('',#3385,#3386,#697,.T.);
#3857=EDGE_CURVE('',#3383,#3386,#4219,.T.);
#3858=EDGE_CURVE('',#3385,#3382,#698,.T.);
#3859=EDGE_CURVE('',#3385,#3386,#857,.T.);
#3860=EDGE_CURVE('',#3387,#3385,#699,.T.);
#3861=EDGE_CURVE('',#3386,#3387,#858,.T.);
#3862=EDGE_CURVE('',#3388,#3389,#700,.T.);
#3863=EDGE_CURVE('',#3390,#3388,#701,.T.);
#3864=EDGE_CURVE('',#3390,#3389,#702,.T.);
#3865=EDGE_CURVE('',#3390,#3391,#703,.T.);
#3866=EDGE_CURVE('',#3389,#3391,#704,.T.);
#3867=EDGE_CURVE('',#3392,#3393,#705,.T.);
#3868=EDGE_CURVE('',#3391,#3393,#4220,.T.);
#3869=EDGE_CURVE('',#3392,#3390,#706,.T.);
#3870=EDGE_CURVE('',#3394,#3392,#707,.T.);
#3871=EDGE_CURVE('',#3393,#3394,#708,.T.);
#3872=EDGE_CURVE('',#3395,#3396,#709,.T.);
#3873=EDGE_CURVE('',#3397,#3395,#710,.T.);
#3874=EDGE_CURVE('',#3397,#3396,#711,.T.);
#3875=EDGE_CURVE('',#3398,#3399,#712,.T.);
#3876=EDGE_CURVE('',#3396,#3399,#4221,.T.);
#3877=EDGE_CURVE('',#3398,#3397,#713,.T.);
#3878=EDGE_CURVE('',#3398,#3400,#714,.T.);
#3879=EDGE_CURVE('',#3399,#3400,#715,.T.);
#3880=EDGE_CURVE('',#3401,#3398,#716,.T.);
#3881=EDGE_CURVE('',#3400,#3401,#717,.T.);
#3882=EDGE_CURVE('',#3402,#3403,#718,.T.);
#3883=EDGE_CURVE('',#3404,#3402,#719,.T.);
#3884=EDGE_CURVE('',#3404,#3403,#720,.T.);
#3885=EDGE_CURVE('',#3404,#3405,#721,.T.);
#3886=EDGE_CURVE('',#3403,#3405,#722,.T.);
#3887=EDGE_CURVE('',#3406,#3404,#723,.T.);
#3888=EDGE_CURVE('',#3405,#3406,#4222,.T.);
#3889=EDGE_CURVE('',#3407,#3406,#724,.T.);
#3890=EDGE_CURVE('',#3406,#3407,#725,.T.);
#3891=EDGE_CURVE('',#3408,#3409,#726,.T.);
#3892=EDGE_CURVE('',#3410,#3409,#727,.T.);
#3893=EDGE_CURVE('',#3408,#3410,#728,.T.);
#3894=EDGE_CURVE('',#3411,#3412,#729,.T.);
#3895=EDGE_CURVE('',#3409,#3412,#4223,.T.);
#3896=EDGE_CURVE('',#3411,#3408,#730,.T.);
#3897=EDGE_CURVE('',#3411,#3413,#731,.T.);
#3898=EDGE_CURVE('',#3412,#3413,#732,.T.);
#3899=EDGE_CURVE('',#3414,#3411,#733,.T.);
#3900=EDGE_CURVE('',#3413,#3414,#734,.T.);
#3901=EDGE_CURVE('',#3415,#3416,#859,.T.);
#3902=EDGE_CURVE('',#3417,#3416,#860,.T.);
#3903=EDGE_CURVE('',#3415,#3417,#735,.T.);
#3904=EDGE_CURVE('',#3415,#3416,#736,.T.);
#3905=EDGE_CURVE('',#3418,#3415,#737,.T.);
#3906=EDGE_CURVE('',#3416,#3418,#4224,.T.);
#3907=EDGE_CURVE('',#3419,#3418,#738,.T.);
#3908=EDGE_CURVE('',#3418,#3419,#739,.T.);
#3909=EDGE_CURVE('',#3420,#3372,#740,.T.);
#3910=EDGE_CURVE('',#3421,#3420,#741,.T.);
#3911=EDGE_CURVE('',#3421,#3422,#742,.T.);
#3912=EDGE_CURVE('',#3372,#3422,#743,.T.);
#3913=EDGE_CURVE('',#3393,#3421,#4225,.T.);
#3914=EDGE_CURVE('',#3422,#3394,#744,.T.);
#3915=EDGE_CURVE('',#3423,#3392,#745,.T.);
#3916=EDGE_CURVE('',#3423,#3424,#746,.T.);
#3917=EDGE_CURVE('',#3425,#3424,#747,.T.);
#3918=EDGE_CURVE('',#3394,#3425,#748,.T.);
#3919=EDGE_CURVE('',#3426,#3427,#749,.T.);
#3920=EDGE_CURVE('',#3424,#3427,#1074,.T.);
#3921=EDGE_CURVE('',#3426,#3423,#1075,.T.);
#3922=EDGE_CURVE('',#3428,#3384,#750,.T.);
#3923=EDGE_CURVE('',#3427,#3428,#751,.T.);
#3924=EDGE_CURVE('',#3382,#3426,#752,.T.);
#3925=EDGE_CURVE('',#3384,#3371,#753,.T.);
#3926=EDGE_CURVE('',#3429,#3383,#4226,.T.);
#3927=EDGE_CURVE('',#3429,#3371,#754,.T.);
#3928=EDGE_CURVE('',#3371,#3430,#755,.T.);
#3929=EDGE_CURVE('',#3430,#3429,#756,.T.);
#3930=EDGE_CURVE('',#3431,#3432,#757,.T.);
#3931=EDGE_CURVE('',#3433,#3432,#758,.T.);
#3932=EDGE_CURVE('',#3373,#3433,#759,.T.);
#3933=EDGE_CURVE('',#3431,#3373,#760,.T.);
#3934=EDGE_CURVE('',#3395,#3431,#761,.T.);
#3935=EDGE_CURVE('',#3432,#3396,#4227,.T.);
#3936=EDGE_CURVE('',#3434,#3395,#762,.T.);
#3937=EDGE_CURVE('',#3435,#3434,#763,.T.);
#3938=EDGE_CURVE('',#3435,#3436,#764,.T.);
#3939=EDGE_CURVE('',#3397,#3436,#765,.T.);
#3940=EDGE_CURVE('',#3437,#3436,#766,.T.);
#3941=EDGE_CURVE('',#3437,#3435,#1076,.T.);
#3942=EDGE_CURVE('',#3436,#3406,#767,.T.);
#3943=EDGE_CURVE('',#3438,#3437,#768,.T.);
#3944=EDGE_CURVE('',#3407,#3438,#769,.T.);
#3945=EDGE_CURVE('',#3406,#3439,#4228,.T.);
#3946=EDGE_CURVE('',#3366,#3407,#770,.T.);
#3947=EDGE_CURVE('',#3366,#3439,#771,.T.);
#3948=EDGE_CURVE('',#3440,#3366,#772,.T.);
#3949=EDGE_CURVE('',#3439,#3440,#773,.T.);
#3950=EDGE_CURVE('',#3441,#3369,#774,.T.);
#3951=EDGE_CURVE('',#3442,#3441,#775,.T.);
#3952=EDGE_CURVE('',#3442,#3443,#85,.T.);
#3953=EDGE_CURVE('',#3370,#3443,#776,.T.);
#3954=EDGE_CURVE('',#3418,#3442,#4229,.T.);
#3955=EDGE_CURVE('',#3443,#3419,#777,.T.);
#3956=EDGE_CURVE('',#3444,#3418,#778,.T.);
#3957=EDGE_CURVE('',#3444,#3445,#779,.T.);
#3958=EDGE_CURVE('',#3446,#3445,#780,.T.);
#3959=EDGE_CURVE('',#3419,#3446,#781,.T.);
#3960=EDGE_CURVE('',#3444,#3447,#782,.T.);
#3961=EDGE_CURVE('',#3445,#3447,#1077,.T.);
#3962=EDGE_CURVE('',#3448,#3410,#783,.T.);
#3963=EDGE_CURVE('',#3447,#3448,#784,.T.);
#3964=EDGE_CURVE('',#3408,#3444,#785,.T.);
#3965=EDGE_CURVE('',#3410,#3449,#786,.T.);
#3966=EDGE_CURVE('',#3450,#3409,#4230,.T.);
#3967=EDGE_CURVE('',#3450,#3449,#787,.T.);
#3968=EDGE_CURVE('',#3449,#3367,#788,.T.);
#3969=EDGE_CURVE('',#3451,#3450,#789,.T.);
#3970=EDGE_CURVE('',#3368,#3451,#790,.T.);
#3971=EDGE_CURVE('',#3452,#3453,#1078,.T.);
#3972=EDGE_CURVE('',#3454,#3453,#791,.T.);
#3973=EDGE_CURVE('',#3360,#3454,#792,.T.);
#3974=EDGE_CURVE('',#3452,#3360,#793,.T.);
#3975=EDGE_CURVE('',#3402,#3452,#4231,.T.);
#3976=EDGE_CURVE('',#3453,#3403,#4232,.T.);
#3977=EDGE_CURVE('',#3404,#3455,#794,.T.);
#3978=EDGE_CURVE('',#3456,#3402,#795,.T.);
#3979=EDGE_CURVE('',#3456,#3455,#796,.T.);
#3980=EDGE_CURVE('',#3401,#3456,#797,.T.);
#3981=EDGE_CURVE('',#3455,#3398,#798,.T.);
#3982=EDGE_CURVE('',#3400,#3457,#799,.T.);
#3983=EDGE_CURVE('',#3458,#3401,#800,.T.);
#3984=EDGE_CURVE('',#3458,#3457,#801,.T.);
#3985=EDGE_CURVE('',#3459,#3361,#802,.T.);
#3986=EDGE_CURVE('',#3457,#3459,#803,.T.);
#3987=EDGE_CURVE('',#3361,#3458,#804,.T.);
#3988=EDGE_CURVE('',#3460,#3359,#805,.T.);
#3989=EDGE_CURVE('',#3461,#3460,#806,.T.);
#3990=EDGE_CURVE('',#3461,#3462,#807,.T.);
#3991=EDGE_CURVE('',#3359,#3462,#808,.T.);
#3992=EDGE_CURVE('',#3413,#3461,#809,.T.);
#3993=EDGE_CURVE('',#3462,#3414,#4233,.T.);
#3994=EDGE_CURVE('',#3414,#3463,#810,.T.);
#3995=EDGE_CURVE('',#3464,#3411,#811,.T.);
#3996=EDGE_CURVE('',#3464,#3463,#812,.T.);
#3997=EDGE_CURVE('',#3415,#3464,#813,.T.);
#3998=EDGE_CURVE('',#3463,#3417,#814,.T.);
#3999=EDGE_CURVE('',#3417,#3465,#815,.T.);
#4000=EDGE_CURVE('',#3466,#3416,#4234,.T.);
#4001=EDGE_CURVE('',#3466,#3465,#816,.T.);
#4002=EDGE_CURVE('',#3358,#3467,#817,.T.);
#4003=EDGE_CURVE('',#3465,#3358,#818,.T.);
#4004=EDGE_CURVE('',#3467,#3466,#819,.T.);
#4005=EDGE_CURVE('',#3468,#3469,#820,.T.);
#4006=EDGE_CURVE('',#3470,#3469,#821,.T.);
#4007=EDGE_CURVE('',#3362,#3470,#822,.T.);
#4008=EDGE_CURVE('',#3468,#3362,#823,.T.);
#4009=EDGE_CURVE('',#3388,#3468,#4235,.T.);
#4010=EDGE_CURVE('',#3469,#3389,#824,.T.);
#4011=EDGE_CURVE('',#3390,#3471,#825,.T.);
#4012=EDGE_CURVE('',#3472,#3388,#826,.T.);
#4013=EDGE_CURVE('',#3472,#3471,#827,.T.);
#4014=EDGE_CURVE('',#3387,#3472,#828,.T.);
#4015=EDGE_CURVE('',#3471,#3385,#829,.T.);
#4016=EDGE_CURVE('',#3386,#3473,#4236,.T.);
#4017=EDGE_CURVE('',#3474,#3387,#4237,.T.);
#4018=EDGE_CURVE('',#3474,#3473,#1079,.T.);
#4019=EDGE_CURVE('',#3475,#3357,#830,.T.);
#4020=EDGE_CURVE('',#3473,#3475,#831,.T.);
#4021=EDGE_CURVE('',#3357,#3474,#832,.T.);
#4022=EDGE_CURVE('',#3433,#3459,#4238,.T.);
#4023=EDGE_CURVE('',#3457,#3432,#4239,.T.);
#4024=EDGE_CURVE('',#3451,#3460,#4240,.T.);
#4025=EDGE_CURVE('',#3461,#3450,#4241,.T.);
#4026=EDGE_CURVE('',#3439,#3453,#4242,.T.);
#4027=EDGE_CURVE('',#3454,#3440,#4243,.T.);
#4028=EDGE_CURVE('',#3442,#3466,#4244,.T.);
#4029=EDGE_CURVE('',#3467,#3441,#4245,.T.);
#4030=EDGE_CURVE('',#3430,#3475,#4246,.T.);
#4031=EDGE_CURVE('',#3473,#3429,#4247,.T.);
#4032=EDGE_CURVE('',#3421,#3469,#833,.T.);
#4033=EDGE_CURVE('',#3470,#3420,#834,.T.);
#4034=EDGE_CURVE('',#3476,#3436,#835,.T.);
#4035=EDGE_CURVE('',#3455,#3476,#836,.T.);
#4036=EDGE_CURVE('',#3477,#3471,#837,.T.);
#4037=EDGE_CURVE('',#3423,#3477,#838,.T.);
#4038=EDGE_CURVE('',#3478,#3444,#839,.T.);
#4039=EDGE_CURVE('',#3464,#3478,#840,.T.);
#4040=EDGE_CURVE('',#3477,#3426,#841,.T.);
#4041=EDGE_CURVE('',#3436,#3476,#842,.T.);
#4042=EDGE_CURVE('',#3444,#3478,#843,.T.);
#4043=EDGE_CURVE('',#3479,#3479,#1080,.T.);
#4044=EDGE_CURVE('',#3480,#3480,#1081,.T.);
#4045=EDGE_CURVE('',#3481,#3481,#1082,.T.);
#4046=EDGE_CURVE('',#3448,#3438,#1083,.T.);
#4047=EDGE_CURVE('',#3434,#3425,#1084,.T.);
#4048=EDGE_CURVE('',#3428,#3446,#1085,.T.);
#4049=EDGE_CURVE('',#3482,#3482,#1086,.T.);
#4050=EDGE_CURVE('',#3483,#3483,#1087,.T.);
#4051=EDGE_CURVE('',#3484,#3484,#1088,.T.);
#4052=EDGE_CURVE('',#3485,#3485,#1089,.T.);
#4053=EDGE_CURVE('',#3486,#3486,#1090,.T.);
#4054=EDGE_CURVE('',#3487,#3487,#1091,.T.);
#4055=EDGE_CURVE('',#3488,#3488,#1092,.T.);
#4056=EDGE_CURVE('',#3489,#3489,#1093,.T.);
#4057=EDGE_CURVE('',#3490,#3490,#1094,.T.);
#4058=EDGE_CURVE('',#3491,#3491,#1095,.T.);
#4059=EDGE_CURVE('',#3492,#3492,#1096,.T.);
#4060=EDGE_CURVE('',#3493,#3493,#1097,.T.);
#4061=EDGE_CURVE('',#3494,#3494,#1098,.T.);
#4062=EDGE_CURVE('',#3338,#3334,#1099,.T.);
#4063=LINE('',#5821,#4248);
#4064=LINE('',#5824,#4249);
#4065=LINE('',#5826,#4250);
#4066=LINE('',#5828,#4251);
#4067=LINE('',#5830,#4252);
#4068=LINE('',#5835,#4253);
#4069=LINE('',#5839,#4254);
#4070=LINE('',#5842,#4255);
#4071=LINE('',#5844,#4256);
#4072=LINE('',#5846,#4257);
#4073=LINE('',#5848,#4258);
#4074=LINE('',#5849,#4259);
#4075=LINE('',#5851,#4260);
#4076=LINE('',#5853,#4261);
#4077=LINE('',#5854,#4262);
#4078=LINE('',#5858,#4263);
#4079=LINE('',#5886,#4264);
#4080=LINE('',#5890,#4265);
#4081=LINE('',#5891,#4266);
#4082=LINE('',#5901,#4267);
#4083=LINE('',#5905,#4268);
#4084=LINE('',#5909,#4269);
#4085=LINE('',#5977,#4270);
#4086=LINE('',#5982,#4271);
#4087=LINE('',#5986,#4272);
#4088=LINE('',#5988,#4273);
#4089=LINE('',#5990,#4274);
#4090=LINE('',#5995,#4275);
#4091=LINE('',#5997,#4276);
#4092=LINE('',#6000,#4277);
#4093=LINE('',#6007,#4278);
#4094=LINE('',#6011,#4279);
#4095=LINE('',#6015,#4280);
#4096=LINE('',#6017,#4281);
#4097=LINE('',#6019,#4282);
#4098=LINE('',#6023,#4283);
#4099=LINE('',#6024,#4284);
#4100=LINE('',#6028,#4285);
#4101=LINE('',#6031,#4286);
#4102=LINE('',#6033,#4287);
#4103=LINE('',#6035,#4288);
#4104=LINE('',#6037,#4289);
#4105=LINE('',#6039,#4290);
#4106=LINE('',#6041,#4291);
#4107=LINE('',#6043,#4292);
#4108=LINE('',#6045,#4293);
#4109=LINE('',#6047,#4294);
#4110=LINE('',#6049,#4295);
#4111=LINE('',#6051,#4296);
#4112=LINE('',#6053,#4297);
#4113=LINE('',#6055,#4298);
#4114=LINE('',#6057,#4299);
#4115=LINE('',#6059,#4300);
#4116=LINE('',#6061,#4301);
#4117=LINE('',#6063,#4302);
#4118=LINE('',#6065,#4303);
#4119=LINE('',#6067,#4304);
#4120=LINE('',#6068,#4305);
#4121=LINE('',#6083,#4306);
#4122=LINE('',#6085,#4307);
#4123=LINE('',#6087,#4308);
#4124=LINE('',#6089,#4309);
#4125=LINE('',#6093,#4310);
#4126=LINE('',#6095,#4311);
#4127=LINE('',#6097,#4312);
#4128=LINE('',#6109,#4313);
#4129=LINE('',#6111,#4314);
#4130=LINE('',#6113,#4315);
#4131=LINE('',#6115,#4316);
#4132=LINE('',#6127,#4317);
#4133=LINE('',#6145,#4318);
#4134=LINE('',#6146,#4319);
#4135=LINE('',#6150,#4320);
#4136=LINE('',#6156,#4321);
#4137=LINE('',#6158,#4322);
#4138=LINE('',#6170,#4323);
#4139=LINE('',#6206,#4324);
#4140=LINE('',#6211,#4325);
#4141=LINE('',#6212,#4326);
#4142=LINE('',#6214,#4327);
#4143=LINE('',#6216,#4328);
#4144=LINE('',#6217,#4329);
#4145=LINE('',#6219,#4330);
#4146=LINE('',#6223,#4331);
#4147=LINE('',#6225,#4332);
#4148=LINE('',#6227,#4333);
#4149=LINE('',#6230,#4334);
#4150=LINE('',#6232,#4335);
#4151=LINE('',#6234,#4336);
#4152=LINE('',#6235,#4337);
#4153=LINE('',#6237,#4338);
#4154=LINE('',#6239,#4339);
#4155=LINE('',#6241,#4340);
#4156=LINE('',#6248,#4341);
#4157=LINE('',#6250,#4342);
#4158=LINE('',#6255,#4343);
#4159=LINE('',#6260,#4344);
#4160=LINE('',#6262,#4345);
#4161=LINE('',#6278,#4346);
#4162=LINE('',#6280,#4347);
#4163=LINE('',#6285,#4348);
#4164=LINE('',#6287,#4349);
#4165=LINE('',#6289,#4350);
#4166=LINE('',#6311,#4351);
#4167=LINE('',#6313,#4352);
#4168=LINE('',#6315,#4353);
#4169=LINE('',#6322,#4354);
#4170=LINE('',#6412,#4355);
#4171=LINE('',#6414,#4356);
#4172=LINE('',#6416,#4357);
#4173=LINE('',#6418,#4358);
#4174=LINE('',#6429,#4359);
#4175=LINE('',#6432,#4360);
#4176=LINE('',#6434,#4361);
#4177=LINE('',#6436,#4362);
#4178=LINE('',#6438,#4363);
#4179=LINE('',#6440,#4364);
#4180=LINE('',#6442,#4365);
#4181=LINE('',#6444,#4366);
#4182=LINE('',#6446,#4367);
#4183=LINE('',#6448,#4368);
#4184=LINE('',#6450,#4369);
#4185=LINE('',#6452,#4370);
#4186=LINE('',#6459,#4371);
#4187=LINE('',#6481,#4372);
#4188=LINE('',#6508,#4373);
#4189=LINE('',#6512,#4374);
#4190=LINE('',#6517,#4375);
#4191=LINE('',#6520,#4376);
#4192=LINE('',#6524,#4377);
#4193=LINE('',#6526,#4378);
#4194=LINE('',#6527,#4379);
#4195=LINE('',#6532,#4380);
#4196=LINE('',#6537,#4381);
#4197=LINE('',#6600,#4382);
#4198=LINE('',#6631,#4383);
#4199=LINE('',#7083,#4385);
#4200=LINE('',#7084,#4386);
#4201=LINE('',#7088,#4387);
#4202=LINE('',#7092,#4388);
#4203=LINE('',#7101,#4389);
#4204=LINE('',#7116,#4390);
#4205=LINE('',#7125,#4391);
#4206=LINE('',#7144,#4392);
#4207=LINE('',#7147,#4393);
#4208=LINE('',#7149,#4394);
#4209=LINE('',#7150,#4395);
#4210=LINE('',#7158,#4396);
#4211=LINE('',#7160,#4397);
#4212=LINE('',#7161,#4398);
#4213=LINE('',#7163,#4399);
#4214=LINE('',#7188,#4400);
#4215=LINE('',#7189,#4401);
#4216=LINE('',#7193,#4402);
#4217=LINE('',#7235,#4403);
#4218=LINE('',#7236,#4404);
#4219=LINE('',#8242,#4405);
#4220=LINE('',#8292,#4406);
#4221=LINE('',#8330,#4407);
#4222=LINE('',#8393,#4408);
#4223=LINE('',#8457,#4409);
#4224=LINE('',#8527,#4410);
#4225=LINE('',#8630,#4411);
#4226=LINE('',#8743,#4412);
#4227=LINE('',#8802,#4413);
#4228=LINE('',#8907,#4414);
#4229=LINE('',#9036,#4415);
#4230=LINE('',#9150,#4416);
#4231=LINE('',#9276,#4417);
#4232=LINE('',#9277,#4418);
#4233=LINE('',#9389,#4419);
#4234=LINE('',#9446,#4420);
#4235=LINE('',#9537,#4421);
#4236=LINE('',#9570,#4422);
#4237=LINE('',#9572,#4423);
#4238=LINE('',#9625,#4424);
#4239=LINE('',#9626,#4425);
#4240=LINE('',#9628,#4426);
#4241=LINE('',#9629,#4427);
#4242=LINE('',#9631,#4428);
#4243=LINE('',#9632,#4429);
#4244=LINE('',#9634,#4430);
#4245=LINE('',#9635,#4431);
#4246=LINE('',#9637,#4432);
#4247=LINE('',#9638,#4433);
#4248=VECTOR('',#4836,1.);
#4249=VECTOR('',#4837,1.);
#4250=VECTOR('',#4838,1.);
#4251=VECTOR('',#4839,1.);
#4252=VECTOR('',#4842,1.);
#4253=VECTOR('',#4845,1.);
#4254=VECTOR('',#4850,1.);
#4255=VECTOR('',#4851,1.);
#4256=VECTOR('',#4852,1.);
#4257=VECTOR('',#4853,1.);
#4258=VECTOR('',#4856,1.);
#4259=VECTOR('',#4857,1.);
#4260=VECTOR('',#4858,1.);
#4261=VECTOR('',#4861,1.);
#4262=VECTOR('',#4862,1.);
#4263=VECTOR('',#4867,1.);
#4264=VECTOR('',#4886,1.);
#4265=VECTOR('',#4891,1.);
#4266=VECTOR('',#4892,1.);
#4267=VECTOR('',#4905,1.);
#4268=VECTOR('',#4908,1.);
#4269=VECTOR('',#4911,1.);
#4270=VECTOR('',#5006,1.);
#4271=VECTOR('',#5009,1.);
#4272=VECTOR('',#5012,1.);
#4273=VECTOR('',#5013,1.);
#4274=VECTOR('',#5016,1.);
#4275=VECTOR('',#5019,1.);
#4276=VECTOR('',#5020,1.);
#4277=VECTOR('',#5023,1.);
#4278=VECTOR('',#5030,1.);
#4279=VECTOR('',#5033,1.);
#4280=VECTOR('',#5036,1.);
#4281=VECTOR('',#5037,1.);
#4282=VECTOR('',#5038,1.);
#4283=VECTOR('',#5041,1.);
#4284=VECTOR('',#5042,1.);
#4285=VECTOR('',#5047,1.);
#4286=VECTOR('',#5048,1.);
#4287=VECTOR('',#5049,1.);
#4288=VECTOR('',#5050,1.);
#4289=VECTOR('',#5053,1.);
#4290=VECTOR('',#5054,1.);
#4291=VECTOR('',#5055,1.);
#4292=VECTOR('',#5058,1.);
#4293=VECTOR('',#5059,1.);
#4294=VECTOR('',#5060,1.);
#4295=VECTOR('',#5063,1.);
#4296=VECTOR('',#5064,1.);
#4297=VECTOR('',#5065,1.);
#4298=VECTOR('',#5068,1.);
#4299=VECTOR('',#5069,1.);
#4300=VECTOR('',#5070,1.);
#4301=VECTOR('',#5073,1.);
#4302=VECTOR('',#5074,1.);
#4303=VECTOR('',#5075,1.);
#4304=VECTOR('',#5078,1.);
#4305=VECTOR('',#5079,1.);
#4306=VECTOR('',#5094,1.);
#4307=VECTOR('',#5095,1.);
#4308=VECTOR('',#5096,1.);
#4309=VECTOR('',#5097,1.);
#4310=VECTOR('',#5100,1.);
#4311=VECTOR('',#5101,1.);
#4312=VECTOR('',#5102,1.);
#4313=VECTOR('',#5109,1.);
#4314=VECTOR('',#5110,1.);
#4315=VECTOR('',#5111,1.);
#4316=VECTOR('',#5112,1.);
#4317=VECTOR('',#5125,1.);
#4318=VECTOR('',#5128,1.);
#4319=VECTOR('',#5129,1.);
#4320=VECTOR('',#5132,1.);
#4321=VECTOR('',#5135,1.);
#4322=VECTOR('',#5138,1.);
#4323=VECTOR('',#5145,1.);
#4324=VECTOR('',#5146,1.);
#4325=VECTOR('',#5153,1.);
#4326=VECTOR('',#5154,1.);
#4327=VECTOR('',#5157,1.);
#4328=VECTOR('',#5158,1.);
#4329=VECTOR('',#5159,1.);
#4330=VECTOR('',#5160,1.);
#4331=VECTOR('',#5165,1.);
#4332=VECTOR('',#5168,1.);
#4333=VECTOR('',#5169,1.);
#4334=VECTOR('',#5174,1.);
#4335=VECTOR('',#5175,1.);
#4336=VECTOR('',#5178,1.);
#4337=VECTOR('',#5179,1.);
#4338=VECTOR('',#5180,1.);
#4339=VECTOR('',#5183,1.);
#4340=VECTOR('',#5184,1.);
#4341=VECTOR('',#5195,1.);
#4342=VECTOR('',#5196,1.);
#4343=VECTOR('',#5205,1.);
#4344=VECTOR('',#5212,1.);
#4345=VECTOR('',#5215,1.);
#4346=VECTOR('',#5216,1.);
#4347=VECTOR('',#5219,1.);
#4348=VECTOR('',#5222,1.);
#4349=VECTOR('',#5223,1.);
#4350=VECTOR('',#5224,1.);
#4351=VECTOR('',#5233,1.);
#4352=VECTOR('',#5236,1.);
#4353=VECTOR('',#5239,1.);
#4354=VECTOR('',#5242,1.);
#4355=VECTOR('',#5255,1.);
#4356=VECTOR('',#5256,1.);
#4357=VECTOR('',#5257,1.);
#4358=VECTOR('',#5260,1.);
#4359=VECTOR('',#5277,1.);
#4360=VECTOR('',#5278,1.);
#4361=VECTOR('',#5279,1.);
#4362=VECTOR('',#5280,1.);
#4363=VECTOR('',#5283,1.);
#4364=VECTOR('',#5284,1.);
#4365=VECTOR('',#5285,1.);
#4366=VECTOR('',#5288,1.);
#4367=VECTOR('',#5289,1.);
#4368=VECTOR('',#5292,1.);
#4369=VECTOR('',#5293,1.);
#4370=VECTOR('',#5296,1.);
#4371=VECTOR('',#5305,1.);
#4372=VECTOR('',#5308,1.);
#4373=VECTOR('',#5315,1.);
#4374=VECTOR('',#5318,1.);
#4375=VECTOR('',#5327,1.);
#4376=VECTOR('',#5328,1.);
#4377=VECTOR('',#5331,1.);
#4378=VECTOR('',#5334,1.);
#4379=VECTOR('',#5335,1.);
#4380=VECTOR('',#5344,1.);
#4381=VECTOR('',#5347,1.);
#4382=VECTOR('',#5350,1.);
#4383=VECTOR('',#5353,1.);
#4384=VECTOR('',#5360,1.);
#4385=VECTOR('',#5411,1.);
#4386=VECTOR('',#5412,1.);
#4387=VECTOR('',#5415,1.);
#4388=VECTOR('',#5418,1.);
#4389=VECTOR('',#5421,1.);
#4390=VECTOR('',#5426,1.);
#4391=VECTOR('',#5427,1.);
#4392=VECTOR('',#5434,1.);
#4393=VECTOR('',#5435,1.);
#4394=VECTOR('',#5436,1.);
#4395=VECTOR('',#5437,1.);
#4396=VECTOR('',#5440,1.);
#4397=VECTOR('',#5441,1.);
#4398=VECTOR('',#5442,1.);
#4399=VECTOR('',#5445,1.);
#4400=VECTOR('',#5450,1.);
#4401=VECTOR('',#5451,1.);
#4402=VECTOR('',#5456,1.);
#4403=VECTOR('',#5491,1.);
#4404=VECTOR('',#5492,1.);
#4405=VECTOR('',#5521,1.);
#4406=VECTOR('',#5536,1.);
#4407=VECTOR('',#5543,1.);
#4408=VECTOR('',#5554,1.);
#4409=VECTOR('',#5557,1.);
#4410=VECTOR('',#5572,1.);
#4411=VECTOR('',#5577,1.);
#4412=VECTOR('',#5588,1.);
#4413=VECTOR('',#5595,1.);
#4414=VECTOR('',#5602,1.);
#4415=VECTOR('',#5607,1.);
#4416=VECTOR('',#5614,1.);
#4417=VECTOR('',#5619,1.);
#4418=VECTOR('',#5620,1.);
#4419=VECTOR('',#5629,1.);
#4420=VECTOR('',#5632,1.);
#4421=VECTOR('',#5635,1.);
#4422=VECTOR('',#5642,1.);
#4423=VECTOR('',#5643,1.);
#4424=VECTOR('',#5648,1.);
#4425=VECTOR('',#5649,1.);
#4426=VECTOR('',#5652,1.);
#4427=VECTOR('',#5653,1.);
#4428=VECTOR('',#5656,1.);
#4429=VECTOR('',#5657,1.);
#4430=VECTOR('',#5660,1.);
#4431=VECTOR('',#5661,1.);
#4432=VECTOR('',#5664,1.);
#4433=VECTOR('',#5665,1.);
#4434=AXIS2_PLACEMENT_3D('',#5820,#4834,#4835);
#4435=AXIS2_PLACEMENT_3D('',#5829,#4840,#4841);
#4436=AXIS2_PLACEMENT_3D('',#5833,#4843,#4844);
#4437=AXIS2_PLACEMENT_3D('',#5837,#4846,#4847);
#4438=AXIS2_PLACEMENT_3D('',#5838,#4848,#4849);
#4439=AXIS2_PLACEMENT_3D('',#5847,#4854,#4855);
#4440=AXIS2_PLACEMENT_3D('',#5852,#4859,#4860);
#4441=AXIS2_PLACEMENT_3D('',#5855,#4863,#4864);
#4442=AXIS2_PLACEMENT_3D('',#5856,#4865,#4866);
#4443=AXIS2_PLACEMENT_3D('',#5860,#4868,#4869);
#4444=AXIS2_PLACEMENT_3D('',#5862,#4870,#4871);
#4445=AXIS2_PLACEMENT_3D('',#5863,#4872,#4873);
#4446=AXIS2_PLACEMENT_3D('',#5876,#4874,#4875);
#4447=AXIS2_PLACEMENT_3D('',#5878,#4876,#4877);
#4448=AXIS2_PLACEMENT_3D('',#5879,#4878,#4879);
#4449=AXIS2_PLACEMENT_3D('',#5881,#4880,#4881);
#4450=AXIS2_PLACEMENT_3D('',#5883,#4882,#4883);
#4451=AXIS2_PLACEMENT_3D('',#5884,#4884,#4885);
#4452=AXIS2_PLACEMENT_3D('',#5888,#4887,#4888);
#4453=AXIS2_PLACEMENT_3D('',#5889,#4889,#4890);
#4454=AXIS2_PLACEMENT_3D('',#5892,#4893,#4894);
#4455=AXIS2_PLACEMENT_3D('',#5893,#4895,#4896);
#4456=AXIS2_PLACEMENT_3D('',#5895,#4897,#4898);
#4457=AXIS2_PLACEMENT_3D('',#5897,#4899,#4900);
#4458=AXIS2_PLACEMENT_3D('',#5898,#4901,#4902);
#4459=AXIS2_PLACEMENT_3D('',#5900,#4903,#4904);
#4460=AXIS2_PLACEMENT_3D('',#5903,#4906,#4907);
#4461=AXIS2_PLACEMENT_3D('',#5907,#4909,#4910);
#4462=AXIS2_PLACEMENT_3D('',#5910,#4912,#4913);
#4463=AXIS2_PLACEMENT_3D('',#5911,#4914,#4915);
#4464=AXIS2_PLACEMENT_3D('',#5913,#4916,#4917);
#4465=AXIS2_PLACEMENT_3D('',#5914,#4918,#4919);
#4466=AXIS2_PLACEMENT_3D('',#5916,#4920,#4921);
#4467=AXIS2_PLACEMENT_3D('',#5917,#4922,#4923);
#4468=AXIS2_PLACEMENT_3D('',#5918,#4924,#4925);
#4469=AXIS2_PLACEMENT_3D('',#5919,#4926,#4927);
#4470=AXIS2_PLACEMENT_3D('',#5920,#4928,#4929);
#4471=AXIS2_PLACEMENT_3D('',#5922,#4930,#4931);
#4472=AXIS2_PLACEMENT_3D('',#5923,#4932,#4933);
#4473=AXIS2_PLACEMENT_3D('',#5925,#4934,#4935);
#4474=AXIS2_PLACEMENT_3D('',#5926,#4936,#4937);
#4475=AXIS2_PLACEMENT_3D('',#5928,#4938,#4939);
#4476=AXIS2_PLACEMENT_3D('',#5929,#4940,#4941);
#4477=AXIS2_PLACEMENT_3D('',#5931,#4942,#4943);
#4478=AXIS2_PLACEMENT_3D('',#5932,#4944,#4945);
#4479=AXIS2_PLACEMENT_3D('',#5934,#4946,#4947);
#4480=AXIS2_PLACEMENT_3D('',#5935,#4948,#4949);
#4481=AXIS2_PLACEMENT_3D('',#5937,#4950,#4951);
#4482=AXIS2_PLACEMENT_3D('',#5938,#4952,#4953);
#4483=AXIS2_PLACEMENT_3D('',#5940,#4954,#4955);
#4484=AXIS2_PLACEMENT_3D('',#5941,#4956,#4957);
#4485=AXIS2_PLACEMENT_3D('',#5942,#4958,#4959);
#4486=AXIS2_PLACEMENT_3D('',#5944,#4960,#4961);
#4487=AXIS2_PLACEMENT_3D('',#5945,#4962,#4963);
#4488=AXIS2_PLACEMENT_3D('',#5947,#4964,#4965);
#4489=AXIS2_PLACEMENT_3D('',#5948,#4966,#4967);
#4490=AXIS2_PLACEMENT_3D('',#5950,#4968,#4969);
#4491=AXIS2_PLACEMENT_3D('',#5951,#4970,#4971);
#4492=AXIS2_PLACEMENT_3D('',#5953,#4972,#4973);
#4493=AXIS2_PLACEMENT_3D('',#5954,#4974,#4975);
#4494=AXIS2_PLACEMENT_3D('',#5956,#4976,#4977);
#4495=AXIS2_PLACEMENT_3D('',#5957,#4978,#4979);
#4496=AXIS2_PLACEMENT_3D('',#5959,#4980,#4981);
#4497=AXIS2_PLACEMENT_3D('',#5960,#4982,#4983);
#4498=AXIS2_PLACEMENT_3D('',#5962,#4984,#4985);
#4499=AXIS2_PLACEMENT_3D('',#5963,#4986,#4987);
#4500=AXIS2_PLACEMENT_3D('',#5964,#4988,#4989);
#4501=AXIS2_PLACEMENT_3D('',#5965,#4990,#4991);
#4502=AXIS2_PLACEMENT_3D('',#5967,#4992,#4993);
#4503=AXIS2_PLACEMENT_3D('',#5969,#4994,#4995);
#4504=AXIS2_PLACEMENT_3D('',#5970,#4996,#4997);
#4505=AXIS2_PLACEMENT_3D('',#5972,#4998,#4999);
#4506=AXIS2_PLACEMENT_3D('',#5973,#5000,#5001);
#4507=AXIS2_PLACEMENT_3D('',#5975,#5002,#5003);
#4508=AXIS2_PLACEMENT_3D('',#5976,#5004,#5005);
#4509=AXIS2_PLACEMENT_3D('',#5980,#5007,#5008);
#4510=AXIS2_PLACEMENT_3D('',#5984,#5010,#5011);
#4511=AXIS2_PLACEMENT_3D('',#5989,#5014,#5015);
#4512=AXIS2_PLACEMENT_3D('',#5993,#5017,#5018);
#4513=AXIS2_PLACEMENT_3D('',#5999,#5021,#5022);
#4514=AXIS2_PLACEMENT_3D('',#6002,#5024,#5025);
#4515=AXIS2_PLACEMENT_3D('',#6003,#5026,#5027);
#4516=AXIS2_PLACEMENT_3D('',#6004,#5028,#5029);
#4517=AXIS2_PLACEMENT_3D('',#6009,#5031,#5032);
#4518=AXIS2_PLACEMENT_3D('',#6013,#5034,#5035);
#4519=AXIS2_PLACEMENT_3D('',#6021,#5039,#5040);
#4520=AXIS2_PLACEMENT_3D('',#6025,#5043,#5044);
#4521=AXIS2_PLACEMENT_3D('',#6027,#5045,#5046);
#4522=AXIS2_PLACEMENT_3D('',#6036,#5051,#5052);
#4523=AXIS2_PLACEMENT_3D('',#6042,#5056,#5057);
#4524=AXIS2_PLACEMENT_3D('',#6048,#5061,#5062);
#4525=AXIS2_PLACEMENT_3D('',#6054,#5066,#5067);
#4526=AXIS2_PLACEMENT_3D('',#6060,#5071,#5072);
#4527=AXIS2_PLACEMENT_3D('',#6066,#5076,#5077);
#4528=AXIS2_PLACEMENT_3D('',#6069,#5080,#5081);
#4529=AXIS2_PLACEMENT_3D('',#6070,#5082,#5083);
#4530=AXIS2_PLACEMENT_3D('',#6073,#5084,#5085);
#4531=AXIS2_PLACEMENT_3D('',#6075,#5086,#5087);
#4532=AXIS2_PLACEMENT_3D('',#6077,#5088,#5089);
#4533=AXIS2_PLACEMENT_3D('',#6079,#5090,#5091);
#4534=AXIS2_PLACEMENT_3D('',#6081,#5092,#5093);
#4535=AXIS2_PLACEMENT_3D('',#6091,#5098,#5099);
#4536=AXIS2_PLACEMENT_3D('',#6098,#5103,#5104);
#4537=AXIS2_PLACEMENT_3D('',#6099,#5105,#5106);
#4538=AXIS2_PLACEMENT_3D('',#6108,#5107,#5108);
#4539=AXIS2_PLACEMENT_3D('',#6117,#5113,#5114);
#4540=AXIS2_PLACEMENT_3D('',#6119,#5115,#5116);
#4541=AXIS2_PLACEMENT_3D('',#6121,#5117,#5118);
#4542=AXIS2_PLACEMENT_3D('',#6123,#5119,#5120);
#4543=AXIS2_PLACEMENT_3D('',#6125,#5121,#5122);
#4544=AXIS2_PLACEMENT_3D('',#6126,#5123,#5124);
#4545=AXIS2_PLACEMENT_3D('',#6143,#5126,#5127);
#4546=AXIS2_PLACEMENT_3D('',#6148,#5130,#5131);
#4547=AXIS2_PLACEMENT_3D('',#6151,#5133,#5134);
#4548=AXIS2_PLACEMENT_3D('',#6157,#5136,#5137);
#4549=AXIS2_PLACEMENT_3D('',#6159,#5139,#5140);
#4550=AXIS2_PLACEMENT_3D('',#6164,#5141,#5142);
#4551=AXIS2_PLACEMENT_3D('',#6169,#5143,#5144);
#4552=AXIS2_PLACEMENT_3D('',#6208,#5147,#5148);
#4553=AXIS2_PLACEMENT_3D('',#6209,#5149,#5150);
#4554=AXIS2_PLACEMENT_3D('',#6210,#5151,#5152);
#4555=AXIS2_PLACEMENT_3D('',#6213,#5155,#5156);
#4556=AXIS2_PLACEMENT_3D('',#6220,#5161,#5162);
#4557=AXIS2_PLACEMENT_3D('',#6221,#5163,#5164);
#4558=AXIS2_PLACEMENT_3D('',#6224,#5166,#5167);
#4559=AXIS2_PLACEMENT_3D('',#6228,#5170,#5171);
#4560=AXIS2_PLACEMENT_3D('',#6229,#5172,#5173);
#4561=AXIS2_PLACEMENT_3D('',#6233,#5176,#5177);
#4562=AXIS2_PLACEMENT_3D('',#6238,#5181,#5182);
#4563=AXIS2_PLACEMENT_3D('',#6242,#5185,#5186);
#4564=AXIS2_PLACEMENT_3D('',#6243,#5187,#5188);
#4565=AXIS2_PLACEMENT_3D('',#6244,#5189,#5190);
#4566=AXIS2_PLACEMENT_3D('',#6246,#5191,#5192);
#4567=AXIS2_PLACEMENT_3D('',#6247,#5193,#5194);
#4568=AXIS2_PLACEMENT_3D('',#6251,#5197,#5198);
#4569=AXIS2_PLACEMENT_3D('',#6252,#5199,#5200);
#4570=AXIS2_PLACEMENT_3D('',#6253,#5201,#5202);
#4571=AXIS2_PLACEMENT_3D('',#6254,#5203,#5204);
#4572=AXIS2_PLACEMENT_3D('',#6256,#5206,#5207);
#4573=AXIS2_PLACEMENT_3D('',#6257,#5208,#5209);
#4574=AXIS2_PLACEMENT_3D('',#6258,#5210,#5211);
#4575=AXIS2_PLACEMENT_3D('',#6261,#5213,#5214);
#4576=AXIS2_PLACEMENT_3D('',#6279,#5217,#5218);
#4577=AXIS2_PLACEMENT_3D('',#6283,#5220,#5221);
#4578=AXIS2_PLACEMENT_3D('',#6306,#5225,#5226);
#4579=AXIS2_PLACEMENT_3D('',#6307,#5227,#5228);
#4580=AXIS2_PLACEMENT_3D('',#6308,#5229,#5230);
#4581=AXIS2_PLACEMENT_3D('',#6309,#5231,#5232);
#4582=AXIS2_PLACEMENT_3D('',#6312,#5234,#5235);
#4583=AXIS2_PLACEMENT_3D('',#6314,#5237,#5238);
#4584=AXIS2_PLACEMENT_3D('',#6321,#5240,#5241);
#4585=AXIS2_PLACEMENT_3D('',#6323,#5243,#5244);
#4586=AXIS2_PLACEMENT_3D('',#6354,#5245,#5246);
#4587=AXIS2_PLACEMENT_3D('',#6380,#5247,#5248);
#4588=AXIS2_PLACEMENT_3D('',#6385,#5249,#5250);
#4589=AXIS2_PLACEMENT_3D('',#6386,#5251,#5252);
#4590=AXIS2_PLACEMENT_3D('',#6399,#5253,#5254);
#4591=AXIS2_PLACEMENT_3D('',#6417,#5258,#5259);
#4592=AXIS2_PLACEMENT_3D('',#6419,#5261,#5262);
#4593=AXIS2_PLACEMENT_3D('',#6420,#5263,#5264);
#4594=AXIS2_PLACEMENT_3D('',#6421,#5265,#5266);
#4595=AXIS2_PLACEMENT_3D('',#6422,#5267,#5268);
#4596=AXIS2_PLACEMENT_3D('',#6423,#5269,#5270);
#4597=AXIS2_PLACEMENT_3D('',#6424,#5271,#5272);
#4598=AXIS2_PLACEMENT_3D('',#6425,#5273,#5274);
#4599=AXIS2_PLACEMENT_3D('',#6427,#5275,#5276);
#4600=AXIS2_PLACEMENT_3D('',#6437,#5281,#5282);
#4601=AXIS2_PLACEMENT_3D('',#6443,#5286,#5287);
#4602=AXIS2_PLACEMENT_3D('',#6447,#5290,#5291);
#4603=AXIS2_PLACEMENT_3D('',#6451,#5294,#5295);
#4604=AXIS2_PLACEMENT_3D('',#6453,#5297,#5298);
#4605=AXIS2_PLACEMENT_3D('',#6454,#5299,#5300);
#4606=AXIS2_PLACEMENT_3D('',#6457,#5301,#5302);
#4607=AXIS2_PLACEMENT_3D('',#6458,#5303,#5304);
#4608=AXIS2_PLACEMENT_3D('',#6479,#5306,#5307);
#4609=AXIS2_PLACEMENT_3D('',#6483,#5309,#5310);
#4610=AXIS2_PLACEMENT_3D('',#6484,#5311,#5312);
#4611=AXIS2_PLACEMENT_3D('',#6485,#5313,#5314);
#4612=AXIS2_PLACEMENT_3D('',#6510,#5316,#5317);
#4613=AXIS2_PLACEMENT_3D('',#6513,#5319,#5320);
#4614=AXIS2_PLACEMENT_3D('',#6514,#5321,#5322);
#4615=AXIS2_PLACEMENT_3D('',#6515,#5323,#5324);
#4616=AXIS2_PLACEMENT_3D('',#6516,#5325,#5326);
#4617=AXIS2_PLACEMENT_3D('',#6522,#5329,#5330);
#4618=AXIS2_PLACEMENT_3D('',#6525,#5332,#5333);
#4619=AXIS2_PLACEMENT_3D('',#6528,#5336,#5337);
#4620=AXIS2_PLACEMENT_3D('',#6529,#5338,#5339);
#4621=AXIS2_PLACEMENT_3D('',#6530,#5340,#5341);
#4622=AXIS2_PLACEMENT_3D('',#6531,#5342,#5343);
#4623=AXIS2_PLACEMENT_3D('',#6535,#5345,#5346);
#4624=AXIS2_PLACEMENT_3D('',#6576,#5348,#5349);
#4625=AXIS2_PLACEMENT_3D('',#6622,#5351,#5352);
#4626=AXIS2_PLACEMENT_3D('',#6668,#5354,#5355);
#4627=AXIS2_PLACEMENT_3D('',#6713,#5356,#5357);
#4628=AXIS2_PLACEMENT_3D('',#6746,#5358,#5359);
#4629=AXIS2_PLACEMENT_3D('',#6849,#5361,#5362);
#4630=AXIS2_PLACEMENT_3D('',#6881,#5363,#5364);
#4631=AXIS2_PLACEMENT_3D('',#6882,#5365,#5366);
#4632=AXIS2_PLACEMENT_3D('',#6895,#5367,#5368);
#4633=AXIS2_PLACEMENT_3D('',#6927,#5369,#5370);
#4634=AXIS2_PLACEMENT_3D('',#6928,#5371,#5372);
#4635=AXIS2_PLACEMENT_3D('',#6959,#5373,#5374);
#4636=AXIS2_PLACEMENT_3D('',#6979,#5375,#5376);
#4637=AXIS2_PLACEMENT_3D('',#6994,#5377,#5378);
#4638=AXIS2_PLACEMENT_3D('',#6996,#5379,#5380);
#4639=AXIS2_PLACEMENT_3D('',#6997,#5381,#5382);
#4640=AXIS2_PLACEMENT_3D('',#6999,#5383,#5384);
#4641=AXIS2_PLACEMENT_3D('',#7000,#5385,#5386);
#4642=AXIS2_PLACEMENT_3D('',#7001,#5387,#5388);
#4643=AXIS2_PLACEMENT_3D('',#7026,#5389,#5390);
#4644=AXIS2_PLACEMENT_3D('',#7027,#5391,#5392);
#4645=AXIS2_PLACEMENT_3D('',#7028,#5393,#5394);
#4646=AXIS2_PLACEMENT_3D('',#7029,#5395,#5396);
#4647=AXIS2_PLACEMENT_3D('',#7054,#5397,#5398);
#4648=AXIS2_PLACEMENT_3D('',#7055,#5399,#5400);
#4649=AXIS2_PLACEMENT_3D('',#7057,#5401,#5402);
#4650=AXIS2_PLACEMENT_3D('',#7068,#5403,#5404);
#4651=AXIS2_PLACEMENT_3D('',#7077,#5405,#5406);
#4652=AXIS2_PLACEMENT_3D('',#7078,#5407,#5408);
#4653=AXIS2_PLACEMENT_3D('',#7080,#5409,#5410);
#4654=AXIS2_PLACEMENT_3D('',#7086,#5413,#5414);
#4655=AXIS2_PLACEMENT_3D('',#7090,#5416,#5417);
#4656=AXIS2_PLACEMENT_3D('',#7094,#5419,#5420);
#4657=AXIS2_PLACEMENT_3D('',#7102,#5422,#5423);
#4658=AXIS2_PLACEMENT_3D('',#7103,#5424,#5425);
#4659=AXIS2_PLACEMENT_3D('',#7133,#5428,#5429);
#4660=AXIS2_PLACEMENT_3D('',#7134,#5430,#5431);
#4661=AXIS2_PLACEMENT_3D('',#7143,#5432,#5433);
#4662=AXIS2_PLACEMENT_3D('',#7151,#5438,#5439);
#4663=AXIS2_PLACEMENT_3D('',#7162,#5443,#5444);
#4664=AXIS2_PLACEMENT_3D('',#7166,#5446,#5447);
#4665=AXIS2_PLACEMENT_3D('',#7177,#5448,#5449);
#4666=AXIS2_PLACEMENT_3D('',#7191,#5452,#5453);
#4667=AXIS2_PLACEMENT_3D('',#7192,#5454,#5455);
#4668=AXIS2_PLACEMENT_3D('',#7194,#5457,#5458);
#4669=AXIS2_PLACEMENT_3D('',#7195,#5459,#5460);
#4670=AXIS2_PLACEMENT_3D('',#7197,#5461,#5462);
#4671=AXIS2_PLACEMENT_3D('',#7199,#5463,#5464);
#4672=AXIS2_PLACEMENT_3D('',#7200,#5465,#5466);
#4673=AXIS2_PLACEMENT_3D('',#7202,#5467,#5468);
#4674=AXIS2_PLACEMENT_3D('',#7204,#5469,#5470);
#4675=AXIS2_PLACEMENT_3D('',#7205,#5471,#5472);
#4676=AXIS2_PLACEMENT_3D('',#7207,#5473,#5474);
#4677=AXIS2_PLACEMENT_3D('',#7209,#5475,#5476);
#4678=AXIS2_PLACEMENT_3D('',#7210,#5477,#5478);
#4679=AXIS2_PLACEMENT_3D('',#7212,#5479,#5480);
#4680=AXIS2_PLACEMENT_3D('',#7214,#5481,#5482);
#4681=AXIS2_PLACEMENT_3D('',#7230,#5483,#5484);
#4682=AXIS2_PLACEMENT_3D('',#7232,#5485,#5486);
#4683=AXIS2_PLACEMENT_3D('',#7233,#5487,#5488);
#4684=AXIS2_PLACEMENT_3D('',#7234,#5489,#5490);
#4685=AXIS2_PLACEMENT_3D('',#7237,#5493,#5494);
#4686=AXIS2_PLACEMENT_3D('',#7238,#5495,#5496);
#4687=AXIS2_PLACEMENT_3D('',#7239,#5497,#5498);
#4688=AXIS2_PLACEMENT_3D('',#7242,#5499,#5500);
#4689=AXIS2_PLACEMENT_3D('',#7244,#5501,#5502);
#4690=AXIS2_PLACEMENT_3D('',#7246,#5503,#5504);
#4691=AXIS2_PLACEMENT_3D('',#7248,#5505,#5506);
#4692=AXIS2_PLACEMENT_3D('',#7250,#5507,#5508);
#4693=AXIS2_PLACEMENT_3D('',#7261,#5509,#5510);
#4694=AXIS2_PLACEMENT_3D('',#8135,#5511,#5512);
#4695=AXIS2_PLACEMENT_3D('',#8199,#5513,#5514);
#4696=AXIS2_PLACEMENT_3D('',#8200,#5515,#5516);
#4697=AXIS2_PLACEMENT_3D('',#8202,#5517,#5518);
#4698=AXIS2_PLACEMENT_3D('',#8204,#5519,#5520);
#4699=AXIS2_PLACEMENT_3D('',#8247,#5522,#5523);
#4700=AXIS2_PLACEMENT_3D('',#8248,#5524,#5525);
#4701=AXIS2_PLACEMENT_3D('',#8249,#5526,#5527);
#4702=AXIS2_PLACEMENT_3D('',#8255,#5528,#5529);
#4703=AXIS2_PLACEMENT_3D('',#8256,#5530,#5531);
#4704=AXIS2_PLACEMENT_3D('',#8275,#5532,#5533);
#4705=AXIS2_PLACEMENT_3D('',#8285,#5534,#5535);
#4706=AXIS2_PLACEMENT_3D('',#8297,#5537,#5538);
#4707=AXIS2_PLACEMENT_3D('',#8307,#5539,#5540);
#4708=AXIS2_PLACEMENT_3D('',#8323,#5541,#5542);
#4709=AXIS2_PLACEMENT_3D('',#8335,#5544,#5545);
#4710=AXIS2_PLACEMENT_3D('',#8348,#5546,#5547);
#4711=AXIS2_PLACEMENT_3D('',#8358,#5548,#5549);
#4712=AXIS2_PLACEMENT_3D('',#8377,#5550,#5551);
#4713=AXIS2_PLACEMENT_3D('',#8387,#5552,#5553);
#4714=AXIS2_PLACEMENT_3D('',#8394,#5555,#5556);
#4715=AXIS2_PLACEMENT_3D('',#8462,#5558,#5559);
#4716=AXIS2_PLACEMENT_3D('',#8472,#5560,#5561);
#4717=AXIS2_PLACEMENT_3D('',#8482,#5562,#5563);
#4718=AXIS2_PLACEMENT_3D('',#8483,#5564,#5565);
#4719=AXIS2_PLACEMENT_3D('',#8486,#5566,#5567);
#4720=AXIS2_PLACEMENT_3D('',#8516,#5568,#5569);
#4721=AXIS2_PLACEMENT_3D('',#8521,#5570,#5571);
#4722=AXIS2_PLACEMENT_3D('',#8528,#5573,#5574);
#4723=AXIS2_PLACEMENT_3D('',#8629,#5575,#5576);
#4724=AXIS2_PLACEMENT_3D('',#8635,#5578,#5579);
#4725=AXIS2_PLACEMENT_3D('',#8664,#5580,#5581);
#4726=AXIS2_PLACEMENT_3D('',#8671,#5582,#5583);
#4727=AXIS2_PLACEMENT_3D('',#8672,#5584,#5585);
#4728=AXIS2_PLACEMENT_3D('',#8673,#5586,#5587);
#4729=AXIS2_PLACEMENT_3D('',#8749,#5589,#5590);
#4730=AXIS2_PLACEMENT_3D('',#8759,#5591,#5592);
#4731=AXIS2_PLACEMENT_3D('',#8797,#5593,#5594);
#4732=AXIS2_PLACEMENT_3D('',#8803,#5596,#5597);
#4733=AXIS2_PLACEMENT_3D('',#8840,#5598,#5599);
#4734=AXIS2_PLACEMENT_3D('',#8841,#5600,#5601);
#4735=AXIS2_PLACEMENT_3D('',#8935,#5603,#5604);
#4736=AXIS2_PLACEMENT_3D('',#8963,#5605,#5606);
#4737=AXIS2_PLACEMENT_3D('',#9041,#5608,#5609);
#4738=AXIS2_PLACEMENT_3D('',#9118,#5610,#5611);
#4739=AXIS2_PLACEMENT_3D('',#9119,#5612,#5613);
#4740=AXIS2_PLACEMENT_3D('',#9156,#5615,#5616);
#4741=AXIS2_PLACEMENT_3D('',#9224,#5617,#5618);
#4742=AXIS2_PLACEMENT_3D('',#9278,#5621,#5622);
#4743=AXIS2_PLACEMENT_3D('',#9296,#5623,#5624);
#4744=AXIS2_PLACEMENT_3D('',#9305,#5625,#5626);
#4745=AXIS2_PLACEMENT_3D('',#9320,#5627,#5628);
#4746=AXIS2_PLACEMENT_3D('',#9390,#5630,#5631);
#4747=AXIS2_PLACEMENT_3D('',#9452,#5633,#5634);
#4748=AXIS2_PLACEMENT_3D('',#9542,#5636,#5637);
#4749=AXIS2_PLACEMENT_3D('',#9560,#5638,#5639);
#4750=AXIS2_PLACEMENT_3D('',#9569,#5640,#5641);
#4751=AXIS2_PLACEMENT_3D('',#9574,#5644,#5645);
#4752=AXIS2_PLACEMENT_3D('',#9575,#5646,#5647);
#4753=AXIS2_PLACEMENT_3D('',#9627,#5650,#5651);
#4754=AXIS2_PLACEMENT_3D('',#9630,#5654,#5655);
#4755=AXIS2_PLACEMENT_3D('',#9633,#5658,#5659);
#4756=AXIS2_PLACEMENT_3D('',#9636,#5662,#5663);
#4757=AXIS2_PLACEMENT_3D('',#9639,#5666,#5667);
#4758=AXIS2_PLACEMENT_3D('',#9648,#5668,#5669);
#4759=AXIS2_PLACEMENT_3D('',#9658,#5670,#5671);
#4760=AXIS2_PLACEMENT_3D('',#9668,#5672,#5673);
#4761=AXIS2_PLACEMENT_3D('',#9678,#5674,#5675);
#4762=AXIS2_PLACEMENT_3D('',#9683,#5676,#5677);
#4763=AXIS2_PLACEMENT_3D('',#9688,#5678,#5679);
#4764=AXIS2_PLACEMENT_3D('',#9693,#5680,#5681);
#4765=AXIS2_PLACEMENT_3D('',#9694,#5682,#5683);
#4766=AXIS2_PLACEMENT_3D('',#9696,#5684,#5685);
#4767=AXIS2_PLACEMENT_3D('',#9697,#5686,#5687);
#4768=AXIS2_PLACEMENT_3D('',#9699,#5688,#5689);
#4769=AXIS2_PLACEMENT_3D('',#9700,#5690,#5691);
#4770=AXIS2_PLACEMENT_3D('',#9702,#5692,#5693);
#4771=AXIS2_PLACEMENT_3D('',#9703,#5694,#5695);
#4772=AXIS2_PLACEMENT_3D('',#9704,#5696,#5697);
#4773=AXIS2_PLACEMENT_3D('',#9705,#5698,#5699);
#4774=AXIS2_PLACEMENT_3D('',#9706,#5700,#5701);
#4775=AXIS2_PLACEMENT_3D('',#9707,#5702,#5703);
#4776=AXIS2_PLACEMENT_3D('',#9708,#5704,#5705);
#4777=AXIS2_PLACEMENT_3D('',#9709,#5706,#5707);
#4778=AXIS2_PLACEMENT_3D('',#9711,#5708,#5709);
#4779=AXIS2_PLACEMENT_3D('',#9712,#5710,#5711);
#4780=AXIS2_PLACEMENT_3D('',#9713,#5712,#5713);
#4781=AXIS2_PLACEMENT_3D('',#9714,#5714,#5715);
#4782=AXIS2_PLACEMENT_3D('',#9715,#5716,#5717);
#4783=AXIS2_PLACEMENT_3D('',#9716,#5718,#5719);
#4784=AXIS2_PLACEMENT_3D('',#9717,#5720,#5721);
#4785=AXIS2_PLACEMENT_3D('',#9718,#5722,#5723);
#4786=AXIS2_PLACEMENT_3D('',#9719,#5724,#5725);
#4787=AXIS2_PLACEMENT_3D('',#9720,#5726,#5727);
#4788=AXIS2_PLACEMENT_3D('',#9721,#5728,#5729);
#4789=AXIS2_PLACEMENT_3D('',#9722,#5730,#5731);
#4790=AXIS2_PLACEMENT_3D('',#9723,#5732,#5733);
#4791=AXIS2_PLACEMENT_3D('',#9724,#5734,#5735);
#4792=AXIS2_PLACEMENT_3D('',#9725,#5736,#5737);
#4793=AXIS2_PLACEMENT_3D('',#9726,#5738,#5739);
#4794=AXIS2_PLACEMENT_3D('',#10039,#5740,#5741);
#4795=AXIS2_PLACEMENT_3D('',#10041,#5742,#5743);
#4796=AXIS2_PLACEMENT_3D('',#10042,#5744,#5745);
#4797=AXIS2_PLACEMENT_3D('',#10044,#5746,#5747);
#4798=AXIS2_PLACEMENT_3D('',#10045,#5748,#5749);
#4799=AXIS2_PLACEMENT_3D('',#10046,#5750,#5751);
#4800=AXIS2_PLACEMENT_3D('',#10048,#5752,#5753);
#4801=AXIS2_PLACEMENT_3D('',#10049,#5754,#5755);
#4802=AXIS2_PLACEMENT_3D('',#10051,#5756,#5757);
#4803=AXIS2_PLACEMENT_3D('',#10052,#5758,#5759);
#4804=AXIS2_PLACEMENT_3D('',#10053,#5760,#5761);
#4805=AXIS2_PLACEMENT_3D('',#10055,#5762,#5763);
#4806=AXIS2_PLACEMENT_3D('',#10057,#5764,#5765);
#4807=AXIS2_PLACEMENT_3D('',#10058,#5766,#5767);
#4808=AXIS2_PLACEMENT_3D('',#10060,#5768,#5769);
#4809=AXIS2_PLACEMENT_3D('',#10061,#5770,#5771);
#4810=AXIS2_PLACEMENT_3D('',#10063,#5772,#5773);
#4811=AXIS2_PLACEMENT_3D('',#10064,#5774,#5775);
#4812=AXIS2_PLACEMENT_3D('',#10066,#5776,#5777);
#4813=AXIS2_PLACEMENT_3D('',#10068,#5778,#5779);
#4814=AXIS2_PLACEMENT_3D('',#10069,#5780,#5781);
#4815=AXIS2_PLACEMENT_3D('',#10071,#5782,#5783);
#4816=AXIS2_PLACEMENT_3D('',#10072,#5784,#5785);
#4817=AXIS2_PLACEMENT_3D('',#10074,#5786,#5787);
#4818=AXIS2_PLACEMENT_3D('',#10075,#5788,#5789);
#4819=AXIS2_PLACEMENT_3D('',#10076,#5790,#5791);
#4820=AXIS2_PLACEMENT_3D('',#10077,#5792,#5793);
#4821=AXIS2_PLACEMENT_3D('',#10078,#5794,#5795);
#4822=AXIS2_PLACEMENT_3D('',#10079,#5796,#5797);
#4823=AXIS2_PLACEMENT_3D('',#10080,#5798,#5799);
#4824=AXIS2_PLACEMENT_3D('',#10081,#5800,#5801);
#4825=AXIS2_PLACEMENT_3D('',#10082,#5802,#5803);
#4826=AXIS2_PLACEMENT_3D('',#10083,#5804,#5805);
#4827=AXIS2_PLACEMENT_3D('',#10084,#5806,#5807);
#4828=AXIS2_PLACEMENT_3D('',#10085,#5808,#5809);
#4829=AXIS2_PLACEMENT_3D('',#10086,#5810,#5811);
#4830=AXIS2_PLACEMENT_3D('',#10087,#5812,#5813);
#4831=AXIS2_PLACEMENT_3D('',#10088,#5814,#5815);
#4832=AXIS2_PLACEMENT_3D('',#10089,#5816,#5817);
#4833=AXIS2_PLACEMENT_3D('',#10090,#5818,#5819);
#4834=DIRECTION('',(0.,0.,1.));
#4835=DIRECTION('',(1.,0.,0.));
#4836=DIRECTION('',(-1.,2.3994446177332E-16,-4.93038065763132E-32));
#4837=DIRECTION('',(-2.46519032881566E-32,-6.44905224473553E-17,-1.));
#4838=DIRECTION('',(1.,-2.79716948691016E-16,0.));
#4839=DIRECTION('',(-2.71732908125016E-16,6.21103790000037E-16,-1.));
#4840=DIRECTION('',(2.79716948691016E-16,1.,-6.44905224473551E-17));
#4841=DIRECTION('',(0.,6.45100292628875E-17,1.));
#4842=DIRECTION('',(1.,-9.86076131526265E-32,-4.93038065763132E-32));
#4843=DIRECTION('',(1.,-9.86076131526265E-32,0.));
#4844=DIRECTION('',(0.,0.,-1.));
#4845=DIRECTION('',(-1.,9.86076131526265E-32,4.93038065763132E-32));
#4846=DIRECTION('',(-1.,9.86076131526265E-32,0.));
#4847=DIRECTION('',(0.,1.,-4.87890977618477E-16));
#4848=DIRECTION('',(-1.,9.86076131526265E-32,4.93038065763132E-32));
#4849=DIRECTION('',(0.,0.707106781186548,-0.707106781186548));
#4850=DIRECTION('',(0.,6.44905224473551E-17,-1.));
#4851=DIRECTION('',(1.,-9.86076131526265E-32,-1.93082265152201E-16));
#4852=DIRECTION('',(-3.23278062981477E-17,6.44905224473551E-17,-1.));
#4853=DIRECTION('',(-1.,9.86076131526265E-32,1.45564838681678E-16));
#4854=DIRECTION('',(2.86807614694832E-16,1.,6.44905224473553E-17));
#4855=DIRECTION('',(0.,-6.45100292628875E-17,1.));
#4856=DIRECTION('',(-9.86076131526265E-32,1.,1.00929365875014E-16));
#4857=DIRECTION('',(-0.448128754582428,0.893969025926739,9.022772689869E-17));
#4858=DIRECTION('',(9.86076131526265E-32,-1.,-8.16122247345403E-32));
#4859=DIRECTION('',(-2.46519032881566E-32,-1.00929365875014E-16,1.));
#4860=DIRECTION('',(-3.02709246557953E-16,-1.,-1.009392222584E-16));
#4861=DIRECTION('',(-9.86076131526265E-32,1.,3.23084181582271E-32));
#4862=DIRECTION('',(9.86076131526265E-32,-1.,-8.16122247345403E-32));
#4863=DIRECTION('',(-4.93038065763132E-32,1.30916031310854E-31,1.));
#4864=DIRECTION('',(1.,0.,0.));
#4865=DIRECTION('',(-1.,9.86076131526265E-32,0.));
#4866=DIRECTION('',(0.,0.,-1.));
#4867=DIRECTION('',(-1.,9.86076131526265E-32,4.93038065763132E-32));
#4868=DIRECTION('',(-1.,9.86076131526265E-32,0.));
#4869=DIRECTION('',(0.,-4.00790511889682E-14,1.));
#4870=DIRECTION('',(0.893969025926739,0.448128754582427,-6.16297582203915E-33));
#4871=DIRECTION('',(0.448128754582427,-0.893969025926739,-8.65257150146102E-17));
#4872=DIRECTION('',(-1.,9.86076131526265E-32,1.93082265152201E-16));
#4873=DIRECTION('',(0.,-1.,0.));
#4874=DIRECTION('',(-1.,9.86076131526265E-32,4.93038065763132E-32));
#4875=DIRECTION('',(0.,1.,0.));
#4876=DIRECTION('',(-1.,5.9211894646675E-15,-1.48029736616688E-15));
#4877=DIRECTION('',(1.4811505088599E-15,9.77559335847533E-15,-1.));
#4878=DIRECTION('',(1.,-9.86076131526265E-32,0.));
#4879=DIRECTION('',(0.,2.77555756156289E-16,-1.));
#4880=DIRECTION('',(1.,-2.77555756156289E-16,6.44905224473553E-17));
#4881=DIRECTION('',(0.,1.,0.));
#4882=DIRECTION('',(1.,-2.77555756156289E-16,6.44905224473553E-17));
#4883=DIRECTION('',(6.46184494801361E-17,-9.93779851303814E-32,-1.));
#4884=DIRECTION('',(1.,-9.86076131526265E-32,-4.93038065763132E-32));
#4885=DIRECTION('',(0.,1.,-2.30926389122033E-14));
#4886=DIRECTION('',(-1.,9.86076131526265E-32,0.));
#4887=DIRECTION('',(-1.,9.86076131526265E-32,0.));
#4888=DIRECTION('',(0.,-0.680771395094037,0.73249594375786));
#4889=DIRECTION('',(1.,-9.86076131526265E-32,-1.83697019872103E-16));
#4890=DIRECTION('',(0.,0.,1.));
#4891=DIRECTION('',(-1.23259516440783E-32,-5.92118946466718E-15,-1.));
#4892=DIRECTION('',(-4.93038065763132E-32,1.30916031310854E-31,1.));
#4893=DIRECTION('',(-9.86076131526265E-32,1.,-6.12323399573675E-17));
#4894=DIRECTION('',(0.,-6.1257422745431E-17,-1.));
#4895=DIRECTION('',(-1.,9.86076131526265E-32,4.93038065763132E-32));
#4896=DIRECTION('',(0.,1.,0.));
#4897=DIRECTION('',(-1.,9.86076131526265E-32,0.));
#4898=DIRECTION('',(0.,2.77555756156289E-16,-1.));
#4899=DIRECTION('',(1.,-9.86076131526265E-32,-4.93038065763132E-32));
#4900=DIRECTION('',(0.,0.,-1.));
#4901=DIRECTION('',(-1.,2.83262281692924E-16,0.));
#4902=DIRECTION('',(0.,1.,0.));
#4903=DIRECTION('',(1.,-2.83262281692924E-16,0.));
#4904=DIRECTION('',(0.,0.,-1.));
#4905=DIRECTION('',(0.,8.16122247345404E-32,1.));
#4906=DIRECTION('',(1.,-2.83262281692924E-16,0.));
#4907=DIRECTION('',(0.,1.,0.));
#4908=DIRECTION('',(0.,8.16122247345404E-32,1.));
#4909=DIRECTION('',(1.,-2.83262281692924E-16,0.));
#4910=DIRECTION('',(0.,-1.,0.));
#4911=DIRECTION('',(0.,8.16122247345404E-32,1.));
#4912=DIRECTION('',(-1.,2.83262281692924E-16,0.));
#4913=DIRECTION('',(0.,8.16594296420188E-32,1.));
#4914=DIRECTION('',(-1.,-1.46796155478214E-14,8.49209114763572E-17));
#4915=DIRECTION('',(1.42190448850558E-14,-1.,0.));
#4916=DIRECTION('',(-1.,-6.12323399576287E-17,-1.29653844823109E-14));
#4917=DIRECTION('',(1.29653844823109E-14,-2.75106609189889E-14,-1.));
#4918=DIRECTION('',(-1.,2.99930577216649E-16,0.));
#4919=DIRECTION('',(0.,1.,0.));
#4920=DIRECTION('',(1.,-2.99930577216649E-16,0.));
#4921=DIRECTION('',(0.,1.,0.));
#4922=DIRECTION('',(-0.893969025926739,-0.448128754582427,0.));
#4923=DIRECTION('',(-0.448128754582427,0.893969025926739,-2.89322752662731E-14));
#4924=DIRECTION('',(-0.893969025926739,-0.448128754582427,6.16297582203915E-33));
#4925=DIRECTION('',(-0.448128754582427,0.893969025926739,1.4791141972894E-31));
#4926=DIRECTION('',(0.893969025926739,0.448128754582427,-6.16297582203915E-33));
#4927=DIRECTION('',(0.448128754582428,-0.893969025926739,-3.00296896724173E-16));
#4928=DIRECTION('',(1.,1.46796155478214E-14,-8.49209114763572E-17));
#4929=DIRECTION('',(1.42190448850558E-14,-1.,0.));
#4930=DIRECTION('',(-1.,-6.12323399576287E-17,-1.29653844823109E-14));
#4931=DIRECTION('',(1.29653844823109E-14,-2.75106609189889E-14,-1.));
#4932=DIRECTION('',(1.,1.46796155478214E-14,-8.49209114763572E-17));
#4933=DIRECTION('',(0.,0.,-1.));
#4934=DIRECTION('',(-1.,-1.46796155478214E-14,8.49209114763572E-17));
#4935=DIRECTION('',(-1.48685963191325E-14,1.,-1.54931599336609E-13));
#4936=DIRECTION('',(1.,1.46796155478214E-14,-8.49209114763572E-17));
#4937=DIRECTION('',(0.,0.,-1.));
#4938=DIRECTION('',(1.,1.46796155478214E-14,-8.49209114763572E-17));
#4939=DIRECTION('',(-1.46906362569101E-14,1.,-1.54931599336609E-13));
#4940=DIRECTION('',(-1.,-1.46796155478214E-14,8.49209114763572E-17));
#4941=DIRECTION('',(1.42190448850558E-14,-1.,0.));
#4942=DIRECTION('',(-1.,-1.46796155478214E-14,8.49209114763572E-17));
#4943=DIRECTION('',(-1.47327237757968E-14,1.,-1.54931599336609E-13));
#4944=DIRECTION('',(1.,1.46796155478214E-14,-8.49209114763572E-17));
#4945=DIRECTION('',(1.42190448850558E-14,-1.,0.));
#4946=DIRECTION('',(-1.,-6.12323399576287E-17,-1.29653844823109E-14));
#4947=DIRECTION('',(1.29653844823109E-14,-2.75106609189889E-14,-1.));
#4948=DIRECTION('',(1.,1.46796155478214E-14,-8.49209114763572E-17));
#4949=DIRECTION('',(0.,0.,-1.));
#4950=DIRECTION('',(-1.,-1.46796155478214E-14,8.49209114763572E-17));
#4951=DIRECTION('',(-1.47778442829985E-14,1.,-1.5476045931716E-13));
#4952=DIRECTION('',(1.,1.46796155478214E-14,-8.49209114763572E-17));
#4953=DIRECTION('',(0.,0.,-1.));
#4954=DIRECTION('',(1.,1.46796155478214E-14,-8.49209114763572E-17));
#4955=DIRECTION('',(-1.47019179700571E-14,1.,-1.5476045931716E-13));
#4956=DIRECTION('',(-1.,-1.46796155478214E-14,8.49209114763572E-17));
#4957=DIRECTION('',(-1.46578920002809E-14,1.,-1.5476045931716E-13));
#4958=DIRECTION('',(1.,-2.99930577216649E-16,0.));
#4959=DIRECTION('',(0.,1.,0.));
#4960=DIRECTION('',(1.,-2.99930577216649E-16,0.));
#4961=DIRECTION('',(0.,1.,0.));
#4962=DIRECTION('',(1.,-2.3994446177332E-16,0.));
#4963=DIRECTION('',(0.,0.,-1.));
#4964=DIRECTION('',(-1.,2.3994446177332E-16,0.));
#4965=DIRECTION('',(1.23038748253632E-16,1.,-1.16179072868776E-13));
#4966=DIRECTION('',(1.,-2.3994446177332E-16,0.));
#4967=DIRECTION('',(0.,0.,-1.));
#4968=DIRECTION('',(1.,-2.3994446177332E-16,0.));
#4969=DIRECTION('',(1.73712087499873E-16,1.,-1.16179098341572E-13));
#4970=DIRECTION('',(-1.,2.99930577216649E-16,0.));
#4971=DIRECTION('',(0.,1.,0.));
#4972=DIRECTION('',(-1.,2.3994446177332E-16,0.));
#4973=DIRECTION('',(2.26547132711038E-16,1.,-1.16179083453585E-13));
#4974=DIRECTION('',(1.,-2.99930577216649E-16,0.));
#4975=DIRECTION('',(0.,1.,0.));
#4976=DIRECTION('',(1.,-2.99930577216649E-16,0.));
#4977=DIRECTION('',(0.,1.,0.));
#4978=DIRECTION('',(1.,-2.3994446177332E-16,0.));
#4979=DIRECTION('',(0.,0.,-1.));
#4980=DIRECTION('',(-1.,2.3994446177332E-16,0.));
#4981=DIRECTION('',(1.68348227513345E-16,1.,-1.16179099838792E-13));
#4982=DIRECTION('',(1.,-2.3994446177332E-16,0.));
#4983=DIRECTION('',(0.,0.,-1.));
#4984=DIRECTION('',(1.,-2.3994446177332E-16,0.));
#4985=DIRECTION('',(1.7788513384807E-16,1.,-1.16179065475873E-13));
#4986=DIRECTION('',(-1.,2.3994446177332E-16,0.));
#4987=DIRECTION('',(2.52062760696596E-16,1.,-1.16179059171461E-13));
#4988=DIRECTION('',(1.,-9.86076131526265E-32,0.));
#4989=DIRECTION('',(7.50620497462059E-16,2.77555756156289E-16,-1.));
#4990=DIRECTION('',(-1.,7.44756244916849E-16,-2.80810082592005E-15));
#4991=DIRECTION('',(2.16840434497101E-15,0.,-1.));
#4992=DIRECTION('',(1.,-1.58603289232165E-15,1.58603289232165E-15));
#4993=DIRECTION('',(1.54886024640786E-15,1.,-1.42011640820411E-16));
#4994=DIRECTION('',(1.,-7.44756244916849E-16,2.80810082592005E-15));
#4995=DIRECTION('',(2.80808362673746E-15,0.,-1.));
#4996=DIRECTION('',(-1.,0.,0.));
#4997=DIRECTION('',(0.,0.,-1.));
#4998=DIRECTION('',(1.,0.,2.80810082592005E-15));
#4999=DIRECTION('',(0.,-1.,-3.40265752360595E-16));
#5000=DIRECTION('',(-1.,0.,0.));
#5001=DIRECTION('',(0.,-1.,-1.83697019872103E-16));
#5002=DIRECTION('',(1.,0.,0.));
#5003=DIRECTION('',(0.,0.,-1.));
#5004=DIRECTION('',(-1.,0.,0.));
#5005=DIRECTION('',(0.,0.,1.));
#5006=DIRECTION('',(-1.,2.86807614694832E-16,-3.33066907387538E-16));
#5007=DIRECTION('',(-3.33066907387538E-16,-5.72118872612549E-18,1.));
#5008=DIRECTION('',(-1.,0.,-5.42101086242752E-16));
#5009=DIRECTION('',(0.,1.,0.));
#5010=DIRECTION('',(-3.33066907387538E-16,-5.72118872612549E-18,1.));
#5011=DIRECTION('',(-1.,0.,-5.42101086242752E-16));
#5012=DIRECTION('',(1.,-4.27642353614751E-50,6.31088724176809E-30));
#5013=DIRECTION('',(0.,1.,0.));
#5014=DIRECTION('',(3.33066907387538E-16,5.72118872612549E-18,-1.));
#5015=DIRECTION('',(-4.70734562441066E-14,1.,5.74627151417317E-18));
#5016=DIRECTION('',(-1.,3.70074341541719E-16,-1.85037170770859E-16));
#5017=DIRECTION('',(-1.,0.,0.));
#5018=DIRECTION('',(0.,0.,1.));
#5019=DIRECTION('',(1.,0.,0.));
#5020=DIRECTION('',(-1.,0.,0.));
#5021=DIRECTION('',(1.,0.,0.));
#5022=DIRECTION('',(0.,1.,-6.12323399573677E-17));
#5023=DIRECTION('',(1.,-4.27642353614751E-50,6.31088724176809E-30));
#5024=DIRECTION('',(1.,1.28292706084425E-49,0.));
#5025=DIRECTION('',(0.,0.978147619047643,-0.207911604657911));
#5026=DIRECTION('',(-1.,-1.48029736616684E-16,-3.55271367880042E-15));
#5027=DIRECTION('',(-3.25260651745651E-15,0.400000000000158,0.916515138991099));
#5028=DIRECTION('',(1.,0.,0.));
#5029=DIRECTION('',(0.,-1.,1.83697019872103E-16));
#5030=DIRECTION('',(0.,0.,1.));
#5031=DIRECTION('',(1.,0.,0.));
#5032=DIRECTION('',(0.,0.,1.));
#5033=DIRECTION('',(0.,0.,1.));
#5034=DIRECTION('',(1.,0.,0.));
#5035=DIRECTION('',(0.,-1.,1.83697019872103E-16));
#5036=DIRECTION('',(0.,-1.,0.));
#5037=DIRECTION('',(0.,1.,0.));
#5038=DIRECTION('',(0.,-1.,4.93038065763132E-32));
#5039=DIRECTION('',(-1.,0.,0.));
#5040=DIRECTION('',(0.,1.,6.12323399573677E-17));
#5041=DIRECTION('',(0.,-1.,-1.88539642095041E-13));
#5042=DIRECTION('',(0.,1.,2.35296365846293E-15));
#5043=DIRECTION('',(1.,0.,0.));
#5044=DIRECTION('',(0.,0.,-1.));
#5045=DIRECTION('',(-1.,0.,0.));
#5046=DIRECTION('',(0.,0.,1.));
#5047=DIRECTION('',(0.,0.,-1.));
#5048=DIRECTION('',(1.,0.,0.));
#5049=DIRECTION('',(0.,0.,1.));
#5050=DIRECTION('',(1.,0.,0.));
#5051=DIRECTION('',(0.,1.,0.));
#5052=DIRECTION('',(0.,0.,1.));
#5053=DIRECTION('',(0.,1.93607530800983E-15,-1.));
#5054=DIRECTION('',(0.,-1.93607530800983E-15,1.));
#5055=DIRECTION('',(1.,0.,0.));
#5056=DIRECTION('',(0.,1.,1.93607530800983E-15));
#5057=DIRECTION('',(0.,-1.93608692446168E-15,1.));
#5058=DIRECTION('',(0.,-1.,0.));
#5059=DIRECTION('',(0.,1.,0.));
#5060=DIRECTION('',(1.,0.,0.));
#5061=DIRECTION('',(0.,0.,-1.));
#5062=DIRECTION('',(-1.,0.,0.));
#5063=DIRECTION('',(0.,-1.,0.));
#5064=DIRECTION('',(0.,1.,0.));
#5065=DIRECTION('',(1.,0.,0.));
#5066=DIRECTION('',(0.,0.,-1.));
#5067=DIRECTION('',(-1.,0.,0.));
#5068=DIRECTION('',(0.,-1.20036669096606E-15,1.));
#5069=DIRECTION('',(0.,1.20036669096606E-15,-1.));
#5070=DIRECTION('',(-1.,0.,0.));
#5071=DIRECTION('',(0.,-1.,-1.20036669096606E-15));
#5072=DIRECTION('',(0.,1.20037443526733E-15,-1.));
#5073=DIRECTION('',(0.,1.,2.3232903696118E-15));
#5074=DIRECTION('',(0.,-1.,-2.3232903696118E-15));
#5075=DIRECTION('',(1.,0.,0.));
#5076=DIRECTION('',(0.,-2.3232903696118E-15,1.));
#5077=DIRECTION('',(0.,-1.,-2.32333683541919E-15));
#5078=DIRECTION('',(0.,1.,7.74430123203933E-16));
#5079=DIRECTION('',(0.,-1.,-7.74430123203933E-16));
#5080=DIRECTION('',(0.,-7.74430123203933E-16,1.));
#5081=DIRECTION('',(0.,-1.,-7.74445611806396E-16));
#5082=DIRECTION('',(1.,0.,0.));
#5083=DIRECTION('',(0.,0.,-1.));
#5084=DIRECTION('',(-1.,0.,0.));
#5085=DIRECTION('',(0.,0.,-1.));
#5086=DIRECTION('',(1.,0.,0.));
#5087=DIRECTION('',(0.,0.,-1.));
#5088=DIRECTION('',(1.,0.,0.));
#5089=DIRECTION('',(0.,0.,-1.));
#5090=DIRECTION('',(1.,0.,0.));
#5091=DIRECTION('',(0.,0.,-0.999999999999999));
#5092=DIRECTION('',(1.,0.,0.));
#5093=DIRECTION('',(0.,0.,-1.));
#5094=DIRECTION('',(0.,-1.,4.93038065763132E-32));
#5095=DIRECTION('',(0.,6.44905224473552E-17,1.));
#5096=DIRECTION('',(0.,1.,1.00929365875014E-16));
#5097=DIRECTION('',(0.,6.44905224473552E-17,-1.));
#5098=DIRECTION('',(1.,0.,0.));
#5099=DIRECTION('',(0.,0.,-1.));
#5100=DIRECTION('',(0.,0.,1.));
#5101=DIRECTION('',(0.,-1.,4.93038065763132E-32));
#5102=DIRECTION('',(0.,4.93038065763132E-32,-1.));
#5103=DIRECTION('',(1.,0.,0.));
#5104=DIRECTION('',(0.,0.,-1.));
#5105=DIRECTION('',(-1.,0.,0.));
#5106=DIRECTION('',(0.,0.,-1.));
#5107=DIRECTION('',(1.,3.94890559452471E-33,3.25818248998763E-18));
#5108=DIRECTION('',(0.,6.12323399573685E-17,1.));
#5109=DIRECTION('',(0.,3.79443312213626E-15,1.));
#5110=DIRECTION('',(-3.42113882891801E-49,-1.,-1.00929365875014E-16));
#5111=DIRECTION('',(0.,-6.44905224473552E-17,-1.));
#5112=DIRECTION('',(-2.99349647530326E-49,-1.,4.93038065763132E-32));
#5113=DIRECTION('',(-1.,-1.28292706084425E-49,0.));
#5114=DIRECTION('',(0.,0.707106781186548,-0.707106781186548));
#5115=DIRECTION('',(-1.,-1.28292706084425E-49,0.));
#5116=DIRECTION('',(0.,0.999999999999999,0.));
#5117=DIRECTION('',(-1.,-1.28292706084425E-49,0.));
#5118=DIRECTION('',(0.,1.,0.));
#5119=DIRECTION('',(-1.,-1.28292706084425E-49,0.));
#5120=DIRECTION('',(0.,0.999999999999999,0.));
#5121=DIRECTION('',(1.,1.28292706084425E-49,0.));
#5122=DIRECTION('',(1.18492040708792E-15,9.77559335847533E-15,-1.));
#5123=DIRECTION('',(1.,1.28292706084425E-49,0.));
#5124=DIRECTION('',(0.,0.,-1.));
#5125=DIRECTION('',(1.,0.,0.));
#5126=DIRECTION('',(-1.,0.,0.));
#5127=DIRECTION('',(0.,0.,1.));
#5128=DIRECTION('',(-1.,0.,2.01858731750028E-16));
#5129=DIRECTION('',(1.,2.59052039079198E-15,2.88657986402535E-15));
#5130=DIRECTION('',(1.,0.,0.));
#5131=DIRECTION('',(0.,1.,-1.0842021724855E-16));
#5132=DIRECTION('',(-1.,0.,0.));
#5133=DIRECTION('',(-1.,1.3684555315672E-48,1.93082265152201E-16));
#5134=DIRECTION('',(0.,-1.,0.));
#5135=DIRECTION('',(-1.,1.28292706084425E-49,4.93038065763132E-32));
#5136=DIRECTION('',(-1.,1.28292706084425E-49,4.93038065763132E-32));
#5137=DIRECTION('',(0.,0.707106781186548,-0.707106781186548));
#5138=DIRECTION('',(1.,3.86781115729775E-18,1.04340471481954E-18));
#5139=DIRECTION('',(-1.,-3.86781115729775E-18,-1.04340471481954E-18));
#5140=DIRECTION('',(0.,0.787772489979363,-0.615966317286682));
#5141=DIRECTION('',(-1.,1.3684555315672E-48,1.93082265152201E-16));
#5142=DIRECTION('',(0.,-1.,0.));
#5143=DIRECTION('',(1.,-3.80177680798065E-16,3.09596890083568E-15));
#5144=DIRECTION('',(0.,0.55303283866161,0.833159456143829));
#5145=DIRECTION('',(-1.,5.9211894646675E-15,-1.48029736616688E-15));
#5146=DIRECTION('',(1.,-5.9211894646675E-15,1.48029736616688E-15));
#5147=DIRECTION('',(-0.707106781186548,0.707106781186547,0.));
#5148=DIRECTION('',(-0.707106781186547,-0.707106781186548,-2.09345661157839E-15));
#5149=DIRECTION('',(-0.707106781186548,0.707106781186547,0.));
#5150=DIRECTION('',(-0.707106781186547,-0.707106781186548,-2.09345661157839E-15));
#5151=DIRECTION('',(-1.,5.9211894646675E-15,-1.48029736616688E-15));
#5152=DIRECTION('',(1.4811505088599E-15,9.77559335847533E-15,-1.));
#5153=DIRECTION('',(-1.,2.3994446177332E-16,-4.93038065763132E-32));
#5154=DIRECTION('',(1.,-2.79716948691016E-16,2.69630192214213E-33));
#5155=DIRECTION('',(2.79716948691016E-16,1.,-6.44905224473552E-17));
#5156=DIRECTION('',(0.,6.45100292628875E-17,1.));
#5157=DIRECTION('',(-1.,0.,1.45564838681678E-16));
#5158=DIRECTION('',(0.,-6.44905224473552E-17,1.));
#5159=DIRECTION('',(0.,-1.93224528386742E-15,-1.));
#5160=DIRECTION('',(1.,-1.3684555315672E-48,-1.93082265152201E-16));
#5161=DIRECTION('',(2.86807614694832E-16,1.,6.44905224473552E-17));
#5162=DIRECTION('',(0.,-6.45100292628875E-17,1.));
#5163=DIRECTION('',(1.,0.,0.));
#5164=DIRECTION('',(0.,1.,-1.08420217248552E-16));
#5165=DIRECTION('',(-1.,1.3684555315672E-48,1.93082265152201E-16));
#5166=DIRECTION('',(-1.,1.3684555315672E-48,1.93082265152201E-16));
#5167=DIRECTION('',(0.,-1.,0.));
#5168=DIRECTION('',(-1.,0.,0.));
#5169=DIRECTION('',(0.,-1.,-1.00929365875014E-16));
#5170=DIRECTION('',(-3.08148791101958E-32,-1.00929365875014E-16,1.));
#5171=DIRECTION('',(-3.02709246557953E-16,-1.,-1.009392222584E-16));
#5172=DIRECTION('',(-4.93038065763132E-32,4.93038065763132E-32,1.));
#5173=DIRECTION('',(1.,0.,0.));
#5174=DIRECTION('',(-1.,8.75811540203011E-47,-9.71551056909325E-15));
#5175=DIRECTION('',(0.,1.81938165573538E-15,1.));
#5176=DIRECTION('',(-1.28292706084425E-49,-1.,0.));
#5177=DIRECTION('',(-1.,0.,-9.71553566764261E-15));
#5178=DIRECTION('',(1.,-4.51884212515964E-16,-4.93038065763132E-32));
#5179=DIRECTION('',(-1.,0.,0.));
#5180=DIRECTION('',(0.,-1.81938165573691E-15,-1.));
#5181=DIRECTION('',(4.51884212515964E-16,1.,4.93038065763132E-32));
#5182=DIRECTION('',(1.,-4.51881912964802E-16,0.));
#5183=DIRECTION('',(0.,-1.,0.));
#5184=DIRECTION('',(-1.,0.,0.));
#5185=DIRECTION('',(4.93038065763132E-32,-4.93038065763132E-32,-1.));
#5186=DIRECTION('',(-1.,0.,0.));
#5187=DIRECTION('',(1.,0.,0.));
#5188=DIRECTION('',(0.,0.,-1.));
#5189=DIRECTION('',(-1.,0.,0.));
#5190=DIRECTION('',(0.,0.,1.));
#5191=DIRECTION('',(-1.,0.,0.));
#5192=DIRECTION('',(4.50494145135389E-16,0.,-1.));
#5193=DIRECTION('',(1.,0.,0.));
#5194=DIRECTION('',(0.,0.,-1.));
#5195=DIRECTION('',(-1.,0.,0.));
#5196=DIRECTION('',(0.,-1.,-1.88539642095041E-13));
#5197=DIRECTION('',(0.,1.88539642095041E-13,-1.));
#5198=DIRECTION('',(0.,1.,1.88539640713983E-13));
#5199=DIRECTION('',(-1.,0.,0.));
#5200=DIRECTION('',(0.,1.,6.12323399573677E-17));
#5201=DIRECTION('',(-1.,0.,0.));
#5202=DIRECTION('',(0.,0.,1.));
#5203=DIRECTION('',(1.,0.,0.));
#5204=DIRECTION('',(0.,0.,-1.));
#5205=DIRECTION('',(0.,1.,0.));
#5206=DIRECTION('',(0.,0.,1.));
#5207=DIRECTION('',(1.,0.,0.));
#5208=DIRECTION('',(1.,0.,0.));
#5209=DIRECTION('',(0.,0.,-1.));
#5210=DIRECTION('',(-0.707106781186548,0.707106781186547,0.));
#5211=DIRECTION('',(0.707106781186547,0.707106781186548,0.));
#5212=DIRECTION('',(1.,0.,0.));
#5213=DIRECTION('',(1.,0.,0.));
#5214=DIRECTION('',(0.,0.,-1.));
#5215=DIRECTION('',(1.,-1.50179892888445E-15,0.));
#5216=DIRECTION('',(0.707106781186547,0.707106781186548,0.));
#5217=DIRECTION('',(0.,0.,1.));
#5218=DIRECTION('',(1.,0.,0.));
#5219=DIRECTION('',(0.,1.,2.35296365846293E-15));
#5220=DIRECTION('',(0.,2.35296365846293E-15,-1.));
#5221=DIRECTION('',(0.,1.,2.16840434497101E-15));
#5222=DIRECTION('',(-1.,1.50179892888445E-15,3.53367830198367E-30));
#5223=DIRECTION('',(-0.707106781186547,-0.707106781186548,-1.66379655878465E-15));
#5224=DIRECTION('',(1.,0.,0.));
#5225=DIRECTION('',(0.,2.35296365846293E-15,-1.));
#5226=DIRECTION('',(0.,1.,2.35296265978235E-15));
#5227=DIRECTION('',(-0.707106781186548,0.707106781186547,0.));
#5228=DIRECTION('',(0.707106781186547,0.707106781186548,0.));
#5229=DIRECTION('',(1.,0.,0.));
#5230=DIRECTION('',(0.,0.,-1.));
#5231=DIRECTION('',(1.,0.,0.));
#5232=DIRECTION('',(0.,0.,1.));
#5233=DIRECTION('',(0.,0.,-1.));
#5234=DIRECTION('',(-1.,0.,0.));
#5235=DIRECTION('',(0.,0.,1.));
#5236=DIRECTION('',(0.,0.,-1.));
#5237=DIRECTION('',(0.707106781186548,-0.707106781186547,0.));
#5238=DIRECTION('',(0.707106781186547,0.707106781186548,0.));
#5239=DIRECTION('',(0.,0.,1.));
#5240=DIRECTION('',(-1.50179892888445E-15,-1.,0.));
#5241=DIRECTION('',(1.,-1.5017826392183E-15,0.));
#5242=DIRECTION('',(0.,0.,-1.));
#5243=DIRECTION('',(0.707106781186548,-0.707106781186547,0.));
#5244=DIRECTION('',(0.707106781186547,0.707106781186548,0.));
#5245=DIRECTION('',(-1.50179892888445E-15,-1.,0.));
#5246=DIRECTION('',(1.,-1.5017826392183E-15,0.));
#5247=DIRECTION('',(-1.,0.,0.));
#5248=DIRECTION('',(0.,0.,1.));
#5249=DIRECTION('',(-1.,0.,0.));
#5250=DIRECTION('',(0.,0.,1.));
#5251=DIRECTION('',(0.,0.,-1.));
#5252=DIRECTION('',(-1.,0.,0.));
#5253=DIRECTION('',(0.,0.,-1.));
#5254=DIRECTION('',(-1.,0.,0.));
#5255=DIRECTION('',(0.,6.44905224473552E-17,-1.));
#5256=DIRECTION('',(0.,1.,1.00929365875014E-16));
#5257=DIRECTION('',(0.,3.79443312213626E-15,1.));
#5258=DIRECTION('',(-1.,0.,0.));
#5259=DIRECTION('',(0.,0.,1.));
#5260=DIRECTION('',(0.,-3.79443312213626E-15,-1.));
#5261=DIRECTION('',(0.,-1.,3.79443312213626E-15));
#5262=DIRECTION('',(0.,-3.79443312213626E-15,-1.));
#5263=DIRECTION('',(0.,-0.707106781186549,-0.707106781186546));
#5264=DIRECTION('',(0.,-0.707106781186546,0.707106781186549));
#5265=DIRECTION('',(0.,-3.79443312213626E-15,-1.));
#5266=DIRECTION('',(0.,1.,-3.25260651745651E-15));
#5267=DIRECTION('',(0.,-0.707106781186548,0.707106781186547));
#5268=DIRECTION('',(0.,-0.707106781186547,-0.707106781186548));
#5269=DIRECTION('',(0.,-1.,-1.00929365875014E-16));
#5270=DIRECTION('',(0.,0.,-1.));
#5271=DIRECTION('',(0.,-6.44905224473552E-17,1.));
#5272=DIRECTION('',(0.,-1.,0.));
#5273=DIRECTION('',(0.,-1.,0.));
#5274=DIRECTION('',(0.,0.,-1.));
#5275=DIRECTION('',(0.,-1.,0.));
#5276=DIRECTION('',(1.,0.,0.));
#5277=DIRECTION('',(-3.09772049281573E-16,0.,1.));
#5278=DIRECTION('',(1.,0.,0.));
#5279=DIRECTION('',(0.,0.,-1.));
#5280=DIRECTION('',(-1.,0.,0.));
#5281=DIRECTION('',(0.,-1.,0.));
#5282=DIRECTION('',(0.,0.,-1.));
#5283=DIRECTION('',(0.,-1.,0.));
#5284=DIRECTION('',(3.09772049281573E-16,0.,-1.));
#5285=DIRECTION('',(0.,-1.,0.));
#5286=DIRECTION('',(-1.,0.,-3.09772049281573E-16));
#5287=DIRECTION('',(-3.09783665733421E-16,0.,1.));
#5288=DIRECTION('',(0.,-1.,0.));
#5289=DIRECTION('',(1.,0.,0.));
#5290=DIRECTION('',(0.,0.,-1.));
#5291=DIRECTION('',(-1.,0.,0.));
#5292=DIRECTION('',(0.,-1.,0.));
#5293=DIRECTION('',(0.,0.,1.));
#5294=DIRECTION('',(1.,0.,0.));
#5295=DIRECTION('',(0.,0.,-1.));
#5296=DIRECTION('',(-1.,0.,0.));
#5297=DIRECTION('',(0.,0.,1.));
#5298=DIRECTION('',(1.,0.,0.));
#5299=DIRECTION('',(0.,1.,0.));
#5300=DIRECTION('',(1.,0.,6.12323399573677E-17));
#5301=DIRECTION('',(0.,1.,0.));
#5302=DIRECTION('',(1.,0.,6.12323399573677E-17));
#5303=DIRECTION('',(0.,-1.,0.));
#5304=DIRECTION('',(0.,0.,-1.));
#5305=DIRECTION('',(-3.30423519233678E-17,0.,1.));
#5306=DIRECTION('',(0.,0.,1.));
#5307=DIRECTION('',(-1.,0.,0.));
#5308=DIRECTION('',(3.30423519233678E-17,0.,-1.));
#5309=DIRECTION('',(-1.11022302462516E-15,0.,1.));
#5310=DIRECTION('',(-1.,0.,-1.0842021724855E-15));
#5311=DIRECTION('',(3.30423519233678E-17,0.,-1.));
#5312=DIRECTION('',(-1.,0.,-3.30423519233677E-17));
#5313=DIRECTION('',(-3.30423519233678E-17,3.30423519233678E-17,1.));
#5314=DIRECTION('',(0.,1.,-3.30423519233678E-17));
#5315=DIRECTION('',(3.30423519233678E-17,0.,-1.));
#5316=DIRECTION('',(0.,0.,1.));
#5317=DIRECTION('',(-1.,0.,0.));
#5318=DIRECTION('',(-3.30423519233678E-17,0.,1.));
#5319=DIRECTION('',(-3.30423519233678E-17,0.,1.));
#5320=DIRECTION('',(1.,0.,0.));
#5321=DIRECTION('',(0.,1.,0.));
#5322=DIRECTION('',(0.,0.,-1.));
#5323=DIRECTION('',(0.,1.,0.));
#5324=DIRECTION('',(0.,0.,1.));
#5325=DIRECTION('',(0.,1.,0.));
#5326=DIRECTION('',(0.,0.,1.));
#5327=DIRECTION('',(1.,0.,0.));
#5328=DIRECTION('',(3.30423519233678E-17,0.,-1.));
#5329=DIRECTION('',(0.,-1.,0.));
#5330=DIRECTION('',(0.,0.,-1.));
#5331=DIRECTION('',(-3.30423519233678E-17,0.,1.));
#5332=DIRECTION('',(0.,-1.,0.));
#5333=DIRECTION('',(0.,0.,-1.));
#5334=DIRECTION('',(0.,-1.,0.));
#5335=DIRECTION('',(0.,-1.,0.));
#5336=DIRECTION('',(0.,-1.,0.));
#5337=DIRECTION('',(0.,0.,-1.));
#5338=DIRECTION('',(0.,1.,0.));
#5339=DIRECTION('',(0.,0.,1.));
#5340=DIRECTION('',(0.,1.,0.));
#5341=DIRECTION('',(0.,0.,1.));
#5342=DIRECTION('',(0.,1.,0.));
#5343=DIRECTION('',(0.,0.,1.));
#5344=DIRECTION('',(0.,-1.,0.));
#5345=DIRECTION('',(0.,-1.,0.));
#5346=DIRECTION('',(0.,0.,1.));
#5347=DIRECTION('',(0.,-1.,0.));
#5348=DIRECTION('',(0.,1.,0.));
#5349=DIRECTION('',(0.,0.,1.));
#5350=DIRECTION('',(-3.30423519233678E-17,0.,1.));
#5351=DIRECTION('',(-1.,0.,-3.30423519233678E-17));
#5352=DIRECTION('',(-3.30410612064957E-17,0.,1.));
#5353=DIRECTION('',(3.30423519233678E-17,0.,-1.));
#5354=DIRECTION('',(1.,0.,3.30423519233678E-17));
#5355=DIRECTION('',(3.30410612064957E-17,0.,-1.));
#5356=DIRECTION('',(0.,-1.,0.));
#5357=DIRECTION('',(0.,0.,-1.));
#5358=DIRECTION('',(0.,1.,0.));
#5359=DIRECTION('',(0.,0.,1.));
#5360=DIRECTION('',(-1.,0.,0.));
#5361=DIRECTION('',(0.,0.,-1.));
#5362=DIRECTION('',(1.,0.,0.));
#5363=DIRECTION('',(3.30423519233678E-17,0.,-1.));
#5364=DIRECTION('',(-1.,0.,0.));
#5365=DIRECTION('',(0.,0.,-1.));
#5366=DIRECTION('',(1.,0.,0.));
#5367=DIRECTION('',(-3.66042455095695E-15,-0.603916748136667,-0.797047402178838));
#5368=DIRECTION('',(0.,-0.797047402178838,0.603916748136667));
#5369=DIRECTION('',(-3.30423519233678E-17,0.,1.));
#5370=DIRECTION('',(1.,0.,0.));
#5371=DIRECTION('',(2.77552417334035E-15,-0.603916748136668,-0.797047402178837));
#5372=DIRECTION('',(0.,0.797047402178837,-0.603916748136668));
#5373=DIRECTION('',(0.,-1.,0.));
#5374=DIRECTION('',(0.,0.,1.));
#5375=DIRECTION('',(0.,-1.,0.));
#5376=DIRECTION('',(0.,0.,1.));
#5377=DIRECTION('',(0.,-1.,0.));
#5378=DIRECTION('',(0.,0.,-1.));
#5379=DIRECTION('',(0.,1.,0.));
#5380=DIRECTION('',(0.,8.26867184580583E-16,1.));
#5381=DIRECTION('',(0.,1.,0.));
#5382=DIRECTION('',(1.,0.,6.12323399573677E-17));
#5383=DIRECTION('',(0.,-1.,0.));
#5384=DIRECTION('',(0.,0.,-1.));
#5385=DIRECTION('',(-1.25136028307268E-18,-8.89522907266046E-18,1.));
#5386=DIRECTION('',(0.,-1.,-8.89522907266046E-18));
#5387=DIRECTION('',(-0.794649102783356,0.,-0.60706902692001));
#5388=DIRECTION('',(-0.60706902692001,0.,0.794649102783355));
#5389=DIRECTION('',(-0.794649102783355,0.,0.607069026920011));
#5390=DIRECTION('',(0.60706902692001,0.,0.794649102783355));
#5391=DIRECTION('',(0.,1.,0.));
#5392=DIRECTION('',(0.,0.,1.));
#5393=DIRECTION('',(1.07568993982657E-17,1.58414972794631E-16,-1.));
#5394=DIRECTION('',(0.,1.,1.58414972794631E-16));
#5395=DIRECTION('',(0.,-1.,0.));
#5396=DIRECTION('',(0.,0.,-1.));
#5397=DIRECTION('',(0.,-1.,0.));
#5398=DIRECTION('',(0.,0.,-1.));
#5399=DIRECTION('',(0.,1.,0.));
#5400=DIRECTION('',(0.,0.,-1.));
#5401=DIRECTION('',(-6.12303176911189E-17,-1.,0.));
#5402=DIRECTION('',(1.,-5.55431440822616E-17,0.));
#5403=DIRECTION('',(0.,0.707106781186548,0.707106781186548));
#5404=DIRECTION('',(-8.65927457071936E-17,-0.707106781186548,0.707106781186548));
#5405=DIRECTION('',(-6.12303176911189E-17,-1.,0.));
#5406=DIRECTION('',(1.,0.,0.));
#5407=DIRECTION('',(6.12303176911189E-17,1.,0.));
#5408=DIRECTION('',(-1.,6.7762635780344E-17,0.));
#5409=DIRECTION('',(-6.12303176911189E-17,-1.,0.));
#5410=DIRECTION('',(1.,-6.02334540269936E-17,0.));
#5411=DIRECTION('',(1.,-6.12303176911189E-17,6.12303176911189E-17));
#5412=DIRECTION('',(1.,-6.12303176911189E-17,6.12303176911189E-17));
#5413=DIRECTION('',(-6.12303176911189E-17,-1.,0.));
#5414=DIRECTION('',(1.,-6.02334540269936E-17,0.));
#5415=DIRECTION('',(-4.62592926927149E-16,0.,-1.));
#5416=DIRECTION('',(0.,1.,0.));
#5417=DIRECTION('',(-1.,0.,-1.83574546764901E-16));
#5418=DIRECTION('',(-1.,6.12303176911189E-17,6.12343622236165E-17));
#5419=DIRECTION('',(-6.12303176911189E-17,-1.,0.));
#5420=DIRECTION('',(-1.,6.02334540269936E-17,0.));
#5421=DIRECTION('',(-6.60847038467355E-16,0.,-1.));
#5422=DIRECTION('',(6.12303176911189E-17,1.,0.));
#5423=DIRECTION('',(-1.,6.12303176911189E-17,0.));
#5424=DIRECTION('',(0.,-0.707106781186548,-0.707106781186548));
#5425=DIRECTION('',(-8.65927457071935E-17,-0.707106781186548,0.707106781186548));
#5426=DIRECTION('',(0.,1.,0.));
#5427=DIRECTION('',(0.,1.,0.));
#5428=DIRECTION('',(-6.12303176911189E-17,-1.,0.));
#5429=DIRECTION('',(1.,0.,0.));
#5430=DIRECTION('',(0.,-1.,0.));
#5431=DIRECTION('',(0.,0.,-1.));
#5432=DIRECTION('',(0.,-1.,0.));
#5433=DIRECTION('',(0.,0.,-1.));
#5434=DIRECTION('',(-6.12303176911189E-17,-1.,0.));
#5435=DIRECTION('',(4.62592926927149E-16,-2.83247118774139E-32,1.));
#5436=DIRECTION('',(0.,-1.,0.));
#5437=DIRECTION('',(-2.36847578594881E-15,0.,-1.));
#5438=DIRECTION('',(1.,0.,-4.62592926927149E-16));
#5439=DIRECTION('',(-4.62601961945253E-16,0.,-1.));
#5440=DIRECTION('',(0.,1.,0.));
#5441=DIRECTION('',(0.,0.,1.));
#5442=DIRECTION('',(0.,-1.,0.));
#5443=DIRECTION('',(1.,0.,-6.60847038467355E-16));
#5444=DIRECTION('',(-6.60848329184227E-16,0.,-1.));
#5445=DIRECTION('',(0.,1.,0.));
#5446=DIRECTION('',(-6.12303176911189E-17,-1.,0.));
#5447=DIRECTION('',(-1.,0.,0.));
#5448=DIRECTION('',(1.92396106393177E-15,-1.,1.2109714074213E-15));
#5449=DIRECTION('',(-0.731055268242751,-2.40933816107976E-15,-0.682318250360137));
#5450=DIRECTION('',(0.,-1.,0.));
#5451=DIRECTION('',(0.,-1.,0.));
#5452=DIRECTION('',(2.85991635575595E-21,-0.707106781186548,0.707106781186548));
#5453=DIRECTION('',(-8.65956056235492E-17,-0.707106781186548,-0.707106781186548));
#5454=DIRECTION('',(-6.12303176911189E-17,-1.,0.));
#5455=DIRECTION('',(-0.0516023203331669,0.,-0.99866771277349));
#5456=DIRECTION('',(0.,1.,0.));
#5457=DIRECTION('',(-6.12343622236165E-17,0.,-1.));
#5458=DIRECTION('',(-1.,0.,6.12303176911189E-17));
#5459=DIRECTION('',(0.,-1.,1.83697019872103E-16));
#5460=DIRECTION('',(1.,0.,0.));
#5461=DIRECTION('',(0.,-1.,0.));
#5462=DIRECTION('',(0.,0.,1.));
#5463=DIRECTION('',(-6.12303176911189E-17,-1.,0.));
#5464=DIRECTION('',(1.,0.,0.));
#5465=DIRECTION('',(0.,-1.,0.));
#5466=DIRECTION('',(0.,0.,-1.));
#5467=DIRECTION('',(0.,-1.,0.));
#5468=DIRECTION('',(0.,0.,1.));
#5469=DIRECTION('',(-6.12303176911189E-17,-1.,0.));
#5470=DIRECTION('',(1.,0.,0.));
#5471=DIRECTION('',(0.,-1.,0.));
#5472=DIRECTION('',(0.,0.,-1.));
#5473=DIRECTION('',(0.,-1.,0.));
#5474=DIRECTION('',(0.,0.,1.));
#5475=DIRECTION('',(-6.12303176911189E-17,-1.,0.));
#5476=DIRECTION('',(1.,0.,0.));
#5477=DIRECTION('',(0.,-1.,0.));
#5478=DIRECTION('',(0.,0.,1.));
#5479=DIRECTION('',(0.,1.,0.));
#5480=DIRECTION('',(0.,0.,-1.));
#5481=DIRECTION('',(-6.12303176911189E-17,-1.,0.));
#5482=DIRECTION('',(1.,0.,0.));
#5483=DIRECTION('',(-6.12303176911189E-17,-1.,0.));
#5484=DIRECTION('',(-1.,0.,0.));
#5485=DIRECTION('',(-6.12303176911189E-17,-1.,0.));
#5486=DIRECTION('',(1.,0.,0.));
#5487=DIRECTION('',(-2.85991635576212E-21,0.707106781186548,-0.707106781186548));
#5488=DIRECTION('',(2.85991635576212E-21,0.707106781186548,0.707106781186548));
#5489=DIRECTION('',(-2.85991635576212E-21,0.707106781186548,-0.707106781186548));
#5490=DIRECTION('',(-1.73188351330743E-16,-0.707106781186548,-0.707106781186548));
#5491=DIRECTION('',(-1.,6.12303176911189E-17,-6.12303176911189E-17));
#5492=DIRECTION('',(-1.,6.12303176911189E-17,-6.12303176911189E-17));
#5493=DIRECTION('',(0.,0.707106781186548,0.707106781186548));
#5494=DIRECTION('',(0.,-0.707106781186548,0.707106781186548));
#5495=DIRECTION('',(6.12303176911189E-17,1.,0.));
#5496=DIRECTION('',(-1.,6.1257422745431E-17,0.));
#5497=DIRECTION('',(0.,1.,0.));
#5498=DIRECTION('',(1.,0.,0.));
#5499=DIRECTION('',(0.,1.,0.));
#5500=DIRECTION('',(1.,0.,0.));
#5501=DIRECTION('',(0.,1.,0.));
#5502=DIRECTION('',(1.,0.,0.));
#5503=DIRECTION('',(0.,1.,0.));
#5504=DIRECTION('',(1.,0.,0.));
#5505=DIRECTION('',(0.,1.,0.));
#5506=DIRECTION('',(1.,0.,0.));
#5507=DIRECTION('',(0.,1.,0.));
#5508=DIRECTION('',(1.,0.,0.));
#5509=DIRECTION('',(0.,1.,0.));
#5510=DIRECTION('',(0.,2.47651603810626E-16,-1.));
#5511=DIRECTION('',(0.,1.,0.));
#5512=DIRECTION('',(0.,0.,-1.));
#5513=DIRECTION('',(0.,-1.,0.));
#5514=DIRECTION('',(1.,0.,0.));
#5515=DIRECTION('',(0.,1.,0.));
#5516=DIRECTION('',(1.,0.,0.));
#5517=DIRECTION('',(0.,-1.,0.));
#5518=DIRECTION('',(1.,0.,0.));
#5519=DIRECTION('',(0.,-1.,0.));
#5520=DIRECTION('',(1.,0.,0.));
#5521=DIRECTION('',(0.894105422216224,0.163543160534498,0.416928205577333));
#5522=DIRECTION('',(0.894105422216224,0.163543160534498,0.416928205577333));
#5523=DIRECTION('',(0.422618277779887,-1.06754789691243E-7,-0.906307779557448));
#5524=DIRECTION('',(-0.919715251869832,-0.155488857791776,0.360481720175407));
#5525=DIRECTION('',(0.373322931873424,-0.0622951297784351,0.925607533106402));
#5526=DIRECTION('',(0.904558627114805,0.0620986636658068,0.421802615073805));
#5527=DIRECTION('',(0.422618766134192,-8.94513980078751E-6,-0.906307551789787));
#5528=DIRECTION('',(-0.919715251869832,-0.155488857791776,0.360481720175407));
#5529=DIRECTION('',(-0.144766171412705,0.987837646125419,0.056740994985093));
#5530=DIRECTION('',(-0.919715251869832,-0.155488857791776,0.360481720175407));
#5531=DIRECTION('',(0.364920006429517,0.,0.931038876152592));
#5532=DIRECTION('',(0.181226108397769,0.965055408883439,-0.189275342873332));
#5533=DIRECTION('',(0.,0.192462237272537,0.981304380518119));
#5534=DIRECTION('',(0.817571093867535,0.0620986582993902,0.572469442948406));
#5535=DIRECTION('',(0.573575980427643,8.94507969876206E-6,-0.819152363480967));
#5536=DIRECTION('',(-0.808123128686618,-0.163543160576668,-0.565853906507985));
#5537=DIRECTION('',(0.808123128686618,0.163543160576668,0.565853906507985));
#5538=DIRECTION('',(0.573576421854233,1.06755082453552E-7,-0.819152054439763));
#5539=DIRECTION('',(0.0144319772055258,0.953675438967961,-0.300491056677577));
#5540=DIRECTION('',(0.,0.300522355000852,0.953774771182767));
#5541=DIRECTION('',(-0.0144319726957353,0.953675436451274,-0.300491064881439));
#5542=DIRECTION('',(0.,0.300522363186009,0.95377476860373));
#5543=DIRECTION('',(-0.808123128686208,0.163543160579686,0.565853906507698));
#5544=DIRECTION('',(0.808123128686208,-0.163543160579686,-0.565853906507698));
#5545=DIRECTION('',(-0.573576421854282,1.06754719183513E-7,-0.819152054439729));
#5546=DIRECTION('',(0.81757109387023,-0.0620986582465082,-0.572469442950293));
#5547=DIRECTION('',(-0.57357598042766,8.94507935889289E-6,-0.819152363480955));
#5548=DIRECTION('',(-0.181226108446098,0.965055408868762,-0.189275342901894));
#5549=DIRECTION('',(0.,0.192462237303322,0.981304380512081));
#5550=DIRECTION('',(0.0733042098143214,0.965055406449273,0.251584091918641));
#5551=DIRECTION('',(0.,-0.252262772780804,0.967658769127289));
#5552=DIRECTION('',(0.904558627416054,-0.0620986583235073,-0.42180261521428));
#5553=DIRECTION('',(-0.422618766130754,-8.94507959460861E-6,-0.906307551791391));
#5554=DIRECTION('',(0.894105422208791,-0.163543160583975,-0.416928205573867));
#5555=DIRECTION('',(0.894105422208791,-0.163543160583975,-0.416928205573867));
#5556=DIRECTION('',(-0.422618277779777,-1.06754052319421E-7,-0.906307779557499));
#5557=DIRECTION('',(-0.0859822935249907,0.163543160457643,-0.98278211210202));
#5558=DIRECTION('',(0.0859822935249907,-0.163543160457643,0.98278211210202));
#5559=DIRECTION('',(-8.02956941318117E-10,-0.986435211906333,-0.16415106673826));
#5560=DIRECTION('',(0.0869875335504432,-0.0620986581952752,0.994272058169773));
#5561=DIRECTION('',(0.9961947465584,8.9450791615495E-6,-0.0871551883104556));
#5562=DIRECTION('',(0.254530305228321,0.965055409885285,-0.0623087439411354));
#5563=DIRECTION('',(-0.966934238106278,0.255025840215912,0.));
#5564=DIRECTION('',(0.772043953180504,0.155488857811013,-0.616255912307579));
#5565=DIRECTION('',(0.614938170511367,0.062295137056533,0.786110909698651));
#5566=DIRECTION('',(-0.772043953180504,-0.155488857811013,0.616255912307579));
#5567=DIRECTION('',(-0.121522228810728,0.987837646122391,0.0970006845761752));
#5568=DIRECTION('',(-0.772043953180504,-0.155488857811013,0.616255912307579));
#5569=DIRECTION('',(0.623843315474561,0.,0.781549433969283));
#5570=DIRECTION('',(-0.0869875335499682,-0.0620986582828962,0.994272058164342));
#5571=DIRECTION('',(0.996194746558403,-8.94507977550671E-6,0.0871551883104166));
#5572=DIRECTION('',(-0.0859822935240246,-0.163543160524503,0.982782112090979));
#5573=DIRECTION('',(-0.0859822935240246,-0.163543160524503,0.982782112090979));
#5574=DIRECTION('',(8.0295363794755E-10,-0.986435211895168,-0.164151066805354));
#5575=DIRECTION('',(0.768530000438569,0.283803490867834,0.573425860070092));
#5576=DIRECTION('',(0.598014753602666,0.,-0.801485093107503));
#5577=DIRECTION('',(-0.179945981950945,0.975573452516661,-0.1259995330326));
#5578=DIRECTION('',(-0.179945981950945,0.975573452516661,-0.1259995330326));
#5579=DIRECTION('',(-0.983410943363929,-0.181391610809499,6.23013894253129E-8));
#5580=DIRECTION('',(0.18770124223372,0.861535375480573,-0.471725598690029));
#5581=DIRECTION('',(0.,0.480261689629599,0.877125253013572));
#5582=DIRECTION('',(0.,1.,0.));
#5583=DIRECTION('',(-1.,0.,0.));
#5584=DIRECTION('',(0.,-1.,0.));
#5585=DIRECTION('',(1.,0.,0.));
#5586=DIRECTION('',(0.,1.,0.));
#5587=DIRECTION('',(-1.,0.,0.));
#5588=DIRECTION('',(0.19909178738055,-0.975573452533091,0.0928380251313173));
#5589=DIRECTION('',(-0.19909178738055,0.975573452533091,-0.0928380251313173));
#5590=DIRECTION('',(-0.97980500964615,-0.19995535269731,-3.36986606456071E-8));
#5591=DIRECTION('',(0.880866362899686,0.283803489889679,0.37885357308374));
#5592=DIRECTION('',(0.395099073597877,0.,-0.918638515435805));
#5593=DIRECTION('',(-0.768530000115426,0.283803490033051,0.573425860916337));
#5594=DIRECTION('',(0.59801475433111,0.,0.801485092563987));
#5595=DIRECTION('',(-0.179945981894134,-0.975573452532277,0.12599953299282));
#5596=DIRECTION('',(0.179945981894134,0.975573452532277,-0.12599953299282));
#5597=DIRECTION('',(-0.983410943374658,0.181391610751333,-6.23012051011059E-8));
#5598=DIRECTION('',(0.,1.,0.));
#5599=DIRECTION('',(-1.,0.,0.));
#5600=DIRECTION('',(0.,1.,0.));
#5601=DIRECTION('',(-1.,0.,0.));
#5602=DIRECTION('',(0.199091787451202,0.975573452515537,-0.0928380251642623));
#5603=DIRECTION('',(0.199091787451202,0.975573452515537,-0.0928380251642623));
#5604=DIRECTION('',(-0.979805009631548,0.199955352768869,3.3698462274388E-8));
#5605=DIRECTION('',(0.880866362328172,-0.283803490724921,-0.37885357378687));
#5606=DIRECTION('',(-0.395099074433017,0.,-0.918638515076618));
#5607=DIRECTION('',(-0.0191458054957582,0.975573452516603,0.218837558195009));
#5608=DIRECTION('',(-0.0191458054957582,0.975573452516603,0.218837558195009));
#5609=DIRECTION('',(1.4273114135552E-9,-0.218877677950534,0.975752305708259));
#5610=DIRECTION('',(0.,1.,0.));
#5611=DIRECTION('',(-1.,0.,0.));
#5612=DIRECTION('',(0.,1.,0.));
#5613=DIRECTION('',(-1.,0.,0.));
#5614=DIRECTION('',(-0.0191458054892909,-0.975573452533312,-0.218837558121088));
#5615=DIRECTION('',(0.0191458054892909,0.975573452533312,0.218837558121088));
#5616=DIRECTION('',(-1.42731449704565E-9,-0.218877677876574,0.97575230572485));
#5617=DIRECTION('',(0.,-1.,0.));
#5618=DIRECTION('',(1.,0.,0.));
#5619=DIRECTION('',(0.,1.,0.));
#5620=DIRECTION('',(0.,-1.,0.));
#5621=DIRECTION('',(0.,1.,0.));
#5622=DIRECTION('',(-1.,0.,0.));
#5623=DIRECTION('',(-0.174954531890717,-0.877126952406908,-0.447257443909288));
#5624=DIRECTION('',(0.,0.454263774916506,-0.89086723073565));
#5625=DIRECTION('',(-0.299859100748592,0.877126993280492,-0.375143648962594));
#5626=DIRECTION('',(0.,0.393239137436539,0.919436229864892));
#5627=DIRECTION('',(0.,1.,0.));
#5628=DIRECTION('',(-1.,0.,0.));
#5629=DIRECTION('',(0.,-1.,0.));
#5630=DIRECTION('',(0.,1.,0.));
#5631=DIRECTION('',(-1.,0.,0.));
#5632=DIRECTION('',(0.,-1.,0.));
#5633=DIRECTION('',(0.,1.,0.));
#5634=DIRECTION('',(0.825351982871312,0.,-0.56461854766771));
#5635=DIRECTION('',(0.,1.,0.));
#5636=DIRECTION('',(0.,1.,0.));
#5637=DIRECTION('',(-1.,0.,0.));
#5638=DIRECTION('',(0.29985910496864,0.877126997252472,-0.375143636302509));
#5639=DIRECTION('',(0.,0.393239124712557,0.919436235306888));
#5640=DIRECTION('',(0.17495451671423,-0.877126956927415,-0.447257440980632));
#5641=DIRECTION('',(0.,0.454263770697729,-0.890867232886855));
#5642=DIRECTION('',(0.,1.,0.));
#5643=DIRECTION('',(0.,-1.,0.));
#5644=DIRECTION('',(0.,1.,0.));
#5645=DIRECTION('',(-1.,0.,0.));
#5646=DIRECTION('',(0.,1.,0.));
#5647=DIRECTION('',(0.901649997163784,0.,-0.432466510396524));
#5648=DIRECTION('',(-0.819152044288992,0.,0.573576436351046));
#5649=DIRECTION('',(0.819152044288992,0.,-0.573576436351046));
#5650=DIRECTION('',(0.819152044288992,0.,-0.573576436351046));
#5651=DIRECTION('',(0.573576436351046,0.,0.819152044288992));
#5652=DIRECTION('',(-0.0871557427476583,0.,-0.996194698091746));
#5653=DIRECTION('',(0.0871557427476583,0.,0.996194698091746));
#5654=DIRECTION('',(0.0871557427476583,0.,0.996194698091746));
#5655=DIRECTION('',(-0.996194698091745,0.,0.0871557427476586));
#5656=DIRECTION('',(-0.90630778703665,0.,0.422618261740699));
#5657=DIRECTION('',(0.90630778703665,0.,-0.422618261740699));
#5658=DIRECTION('',(-0.90630778703665,0.,0.422618261740699));
#5659=DIRECTION('',(-0.422618261740698,0.,-0.90630778703665));
#5660=DIRECTION('',(0.0871557427476583,0.,-0.996194698091746));
#5661=DIRECTION('',(-0.0871557427476583,0.,0.996194698091746));
#5662=DIRECTION('',(0.0871557427476583,0.,-0.996194698091746));
#5663=DIRECTION('',(0.996194698091746,0.,0.0871557427476572));
#5664=DIRECTION('',(0.90630778703665,0.,0.422618261740699));
#5665=DIRECTION('',(-0.90630778703665,0.,-0.422618261740699));
#5666=DIRECTION('',(-0.90630778703665,0.,-0.422618261740699));
#5667=DIRECTION('',(0.422618261740699,0.,-0.90630778703665));
#5668=DIRECTION('',(0.819152044288992,0.,0.573576436351046));
#5669=DIRECTION('',(-0.573576436351046,0.,0.819152044288992));
#5670=DIRECTION('',(0.804252018702172,-0.506093971831637,-0.311524609122873));
#5671=DIRECTION('',(0.53259701952308,0.846368959021497,0.));
#5672=DIRECTION('',(-0.758090311955819,0.014311396825503,-0.651992532809719));
#5673=DIRECTION('',(-0.652059312345121,0.,0.758167958426105));
#5674=DIRECTION('',(0.132337776737457,0.506093961492574,-0.85226499106143));
#5675=DIRECTION('',(0.,0.85982745071967,0.510584718718563));
#5676=DIRECTION('',(0.671914294034473,0.506093909710185,0.540740359161784));
#5677=DIRECTION('',(0.626961060375125,0.,-0.779050594488766));
#5678=DIRECTION('',(-0.943687252723978,-0.0143113982342659,0.330529201322443));
#5679=DIRECTION('',(0.330563055377109,0.,0.94378390875229));
#5680=DIRECTION('',(0.185596797088189,-0.0143111334158506,-0.982521765850996));
#5681=DIRECTION('',(-0.982622395732672,0.,-0.185615805912604));
#5682=DIRECTION('',(0.,1.,0.));
#5683=DIRECTION('',(-1.,0.,0.));
#5684=DIRECTION('',(0.,1.,0.));
#5685=DIRECTION('',(-1.,5.62584680362824E-17,0.));
#5686=DIRECTION('',(0.,1.,0.));
#5687=DIRECTION('',(1.,0.,0.));
#5688=DIRECTION('',(0.,1.,0.));
#5689=DIRECTION('',(-1.,0.,0.));
#5690=DIRECTION('',(0.,-1.,0.));
#5691=DIRECTION('',(1.,0.,0.));
#5692=DIRECTION('',(0.,-1.,0.));
#5693=DIRECTION('',(1.,0.,0.));
#5694=DIRECTION('',(0.,1.,0.));
#5695=DIRECTION('',(0.,0.,-1.));
#5696=DIRECTION('',(0.,1.,0.));
#5697=DIRECTION('',(-1.,0.,0.));
#5698=DIRECTION('',(0.,1.,0.));
#5699=DIRECTION('',(-1.,0.,0.));
#5700=DIRECTION('',(0.,1.,0.));
#5701=DIRECTION('',(-1.,-9.8551352630388E-17,0.));
#5702=DIRECTION('',(0.,1.,0.));
#5703=DIRECTION('',(-1.,7.14836408261615E-17,0.));
#5704=DIRECTION('',(0.,1.,0.));
#5705=DIRECTION('',(-1.,0.,0.));
#5706=DIRECTION('',(0.,-1.,0.));
#5707=DIRECTION('',(0.,0.,-1.));
#5708=DIRECTION('',(0.,1.,0.));
#5709=DIRECTION('',(-1.,3.32853395218498E-17,0.));
#5710=DIRECTION('',(0.,-1.,0.));
#5711=DIRECTION('',(1.,0.,0.));
#5712=DIRECTION('',(-0.422618261740699,0.,-0.90630778703665));
#5713=DIRECTION('',(0.90630778703665,0.,-0.422618261740699));
#5714=DIRECTION('',(-0.996194698091746,0.,0.0871557427476583));
#5715=DIRECTION('',(-0.0871557427476583,0.,-0.996194698091746));
#5716=DIRECTION('',(0.996194698091746,0.,0.0871557427476583));
#5717=DIRECTION('',(-0.0871557427476583,0.,0.996194698091746));
#5718=DIRECTION('',(0.422618261740699,0.,-0.90630778703665));
#5719=DIRECTION('',(0.90630778703665,0.,0.422618261740699));
#5720=DIRECTION('',(-0.573576436351046,0.,-0.819152044288992));
#5721=DIRECTION('',(0.819152044288992,0.,-0.573576436351046));
#5722=DIRECTION('',(0.573576436351046,0.,-0.819152044288992));
#5723=DIRECTION('',(0.819152044288992,0.,0.573576436351046));
#5724=DIRECTION('',(0.,-1.,0.));
#5725=DIRECTION('',(1.,1.56561288076013E-17,0.));
#5726=DIRECTION('',(0.,-1.,0.));
#5727=DIRECTION('',(1.,1.56561288076013E-17,0.));
#5728=DIRECTION('',(0.,-1.,0.));
#5729=DIRECTION('',(1.,1.56561288076013E-17,0.));
#5730=DIRECTION('',(0.,1.,0.));
#5731=DIRECTION('',(-1.,7.14836408261615E-17,0.));
#5732=DIRECTION('',(0.,1.,0.));
#5733=DIRECTION('',(-1.,7.14836408261615E-17,0.));
#5734=DIRECTION('',(0.,-1.,0.));
#5735=DIRECTION('',(1.,0.,0.));
#5736=DIRECTION('',(0.,-1.,0.));
#5737=DIRECTION('',(1.,0.,0.));
#5738=DIRECTION('',(0.,1.,-1.83697019872103E-16));
#5739=DIRECTION('',(1.,0.,0.));
#5740=DIRECTION('',(0.,-1.,0.));
#5741=DIRECTION('',(0.,0.,-1.));
#5742=DIRECTION('',(0.,1.,0.));
#5743=DIRECTION('',(0.,0.,1.));
#5744=DIRECTION('',(0.,-1.,0.));
#5745=DIRECTION('',(0.,0.,-1.));
#5746=DIRECTION('',(0.,-1.,0.));
#5747=DIRECTION('',(0.,0.,-1.));
#5748=DIRECTION('',(0.,-1.,0.));
#5749=DIRECTION('',(0.,0.,-1.));
#5750=DIRECTION('',(0.,-1.,0.));
#5751=DIRECTION('',(0.,0.,-1.));
#5752=DIRECTION('',(0.,1.,0.));
#5753=DIRECTION('',(0.,0.,1.));
#5754=DIRECTION('',(0.,-1.,0.));
#5755=DIRECTION('',(0.,0.,-1.));
#5756=DIRECTION('',(0.,-1.,0.));
#5757=DIRECTION('',(0.,0.,-1.));
#5758=DIRECTION('',(0.,-1.,0.));
#5759=DIRECTION('',(0.,0.,-1.));
#5760=DIRECTION('',(0.,-1.,0.));
#5761=DIRECTION('',(0.,0.,1.));
#5762=DIRECTION('',(0.,1.,0.));
#5763=DIRECTION('',(0.,0.,-1.));
#5764=DIRECTION('',(0.,-1.,0.));
#5765=DIRECTION('',(0.,0.,-1.));
#5766=DIRECTION('',(0.,1.,0.));
#5767=DIRECTION('',(0.,0.,1.));
#5768=DIRECTION('',(0.,1.,0.));
#5769=DIRECTION('',(0.,0.,1.));
#5770=DIRECTION('',(0.,-1.,0.));
#5771=DIRECTION('',(0.,0.,-1.));
#5772=DIRECTION('',(0.,-1.,0.));
#5773=DIRECTION('',(0.,0.,-1.));
#5774=DIRECTION('',(0.,-1.,0.));
#5775=DIRECTION('',(0.,0.,1.));
#5776=DIRECTION('',(0.,1.,0.));
#5777=DIRECTION('',(0.,0.,-1.));
#5778=DIRECTION('',(0.,-1.,0.));
#5779=DIRECTION('',(0.,0.,-1.));
#5780=DIRECTION('',(0.,1.,0.));
#5781=DIRECTION('',(0.,0.,1.));
#5782=DIRECTION('',(0.,1.,0.));
#5783=DIRECTION('',(0.,0.,1.));
#5784=DIRECTION('',(0.,-1.,0.));
#5785=DIRECTION('',(0.,0.,-1.));
#5786=DIRECTION('',(0.,-1.,0.));
#5787=DIRECTION('',(0.,0.,-1.));
#5788=DIRECTION('',(0.,1.,0.));
#5789=DIRECTION('',(0.,0.,1.));
#5790=DIRECTION('',(0.,-1.,0.));
#5791=DIRECTION('',(0.,0.,-1.));
#5792=DIRECTION('',(0.,1.,0.));
#5793=DIRECTION('',(0.,0.,1.));
#5794=DIRECTION('',(0.,-1.,0.));
#5795=DIRECTION('',(0.,0.,-1.));
#5796=DIRECTION('',(0.,1.,0.));
#5797=DIRECTION('',(0.,1.20800035762661E-16,1.));
#5798=DIRECTION('',(-6.12303176911189E-17,-1.,0.));
#5799=DIRECTION('',(-1.,0.,0.));
#5800=DIRECTION('',(0.,1.,0.));
#5801=DIRECTION('',(0.,0.,1.));
#5802=DIRECTION('',(6.12303176911189E-17,1.,0.));
#5803=DIRECTION('',(-1.,6.1257422745431E-17,0.));
#5804=DIRECTION('',(0.,1.,0.));
#5805=DIRECTION('',(0.,0.,1.));
#5806=DIRECTION('',(-6.12303176911189E-17,-1.,0.));
#5807=DIRECTION('',(-1.,0.,0.));
#5808=DIRECTION('',(1.,-6.12303176911189E-17,6.12303176911189E-17));
#5809=DIRECTION('',(6.12303176911167E-17,0.,-1.));
#5810=DIRECTION('',(1.,-6.12303176911189E-17,6.12303176911189E-17));
#5811=DIRECTION('',(6.12303176911167E-17,0.,-1.));
#5812=DIRECTION('',(1.45586246206628E-15,2.7913515935114E-30,1.));
#5813=DIRECTION('',(1.,1.83651841774369E-15,-1.45586246206628E-15));
#5814=DIRECTION('',(1.45586246206628E-15,2.7913515935114E-30,1.));
#5815=DIRECTION('',(1.,1.83651841774369E-15,-1.45586246206628E-15));
#5816=DIRECTION('',(-1.45586246206628E-15,-2.73468035014329E-15,-1.));
#5817=DIRECTION('',(1.01794941766893E-16,-1.,2.73468035014329E-15));
#5818=DIRECTION('',(-1.57306092998147E-16,1.,1.38777878078166E-17));
#5819=DIRECTION('',(-1.9298377155516E-16,1.38777878078166E-17,-1.));
#5820=CARTESIAN_POINT('',(0.,0.,0.));
#5821=CARTESIAN_POINT('',(-2.08249999999997,0.270000000000003,-0.287500000000016));
#5822=CARTESIAN_POINT('',(-1.66999999999997,0.270000000000003,-0.287500000000016));
#5823=CARTESIAN_POINT('',(-2.43269999999997,0.270000000000003,-0.287500000000016));
#5824=CARTESIAN_POINT('',(-1.66999999999997,0.270000000000003,-2.00902896657251));
#5825=CARTESIAN_POINT('',(-1.66999999999997,0.270000000000003,-0.645000000000045));
#5826=CARTESIAN_POINT('',(-1.73134999999998,0.270000000000003,-0.645000000000045));
#5827=CARTESIAN_POINT('',(-2.43269999999997,0.270000000000003,-0.645000000000045));
#5828=CARTESIAN_POINT('',(-2.43269999999997,0.270000000000003,-0.287500000000016));
#5829=CARTESIAN_POINT('',(-1.02999999999999,0.270000000000003,-2.00902896657251));
#5830=CARTESIAN_POINT('',(-1.66249999999997,0.670000000000101,-0.0375000000000156));
#5831=CARTESIAN_POINT('',(-2.43269999999997,0.670000000000101,-0.037500000000016));
#5832=CARTESIAN_POINT('',(-1.66999999999997,0.670000000000101,-0.0375000000000156));
#5833=CARTESIAN_POINT('',(-1.66999999999997,0.420000000000101,-0.0375000000000156));
#5834=CARTESIAN_POINT('',(-1.66999999999997,0.420000000000101,-0.287500000000016));
#5835=CARTESIAN_POINT('',(-1.66249999999997,0.420000000000101,-0.287500000000016));
#5836=CARTESIAN_POINT('',(-2.43269999999997,0.420000000000101,-0.287500000000016));
#5837=CARTESIAN_POINT('',(-2.43269999999997,0.420000000000101,-0.0375000000000159));
#5838=CARTESIAN_POINT('',(-1.66249999999997,0.420000000000101,-0.0375000000000156));
#5839=CARTESIAN_POINT('',(-1.66999999999997,-0.270000000000003,-1.11076448328627));
#5840=CARTESIAN_POINT('',(-1.66999999999997,-0.270000000000003,0.170832508249979));
#5841=CARTESIAN_POINT('',(-1.66999999999997,-0.270000000000003,-0.645000000000045));
#5842=CARTESIAN_POINT('',(0.33000000000003,-0.270000000000003,0.170832508249978));
#5843=CARTESIAN_POINT('',(-2.29735441169861,-0.270000000000003,0.170832508249979));
#5844=CARTESIAN_POINT('',(-2.29735441169861,-0.270000000000003,-0.465382241643153));
#5845=CARTESIAN_POINT('',(-2.29735441169861,-0.270000000000003,-0.645000000000045));
#5846=CARTESIAN_POINT('',(-1.66999999999997,-0.270000000000003,-0.645000000000045));
#5847=CARTESIAN_POINT('',(-1.03,-0.270000000000003,-1.11076448328627));
#5848=CARTESIAN_POINT('',(-1.66999999999997,1.1,-0.645000000000045));
#5849=CARTESIAN_POINT('',(-2.65303727442307,0.439549340624099,-0.645000000000045));
#5850=CARTESIAN_POINT('',(-2.43269999999997,3.46944695195361E-15,-0.645000000000045));
#5851=CARTESIAN_POINT('',(-2.43269999999997,-0.108972473588501,-0.645000000000045));
#5852=CARTESIAN_POINT('',(-2.43269999999997,1.1,-0.645000000000045));
#5853=CARTESIAN_POINT('',(-1.66999999999997,0.420000000000101,-0.287500000000016));
#5854=CARTESIAN_POINT('',(-2.43269999999997,0.420000000000101,-0.287500000000016));
#5855=CARTESIAN_POINT('',(-2.19499999999997,0.420000000000101,-0.287500000000016));
#5856=CARTESIAN_POINT('',(-1.66999999999997,1.00613961606655E-13,-0.250000000000028));
#5857=CARTESIAN_POINT('',(-1.66999999999997,0.249807151226598,0.183123985939453));
#5858=CARTESIAN_POINT('',(-1.96999999999997,0.249807151226598,0.183123985939453));
#5859=CARTESIAN_POINT('',(-2.43269999999997,0.249807151226598,0.183123985939451));
#5860=CARTESIAN_POINT('',(-2.43269999999997,1.00613961606655E-13,-0.250000000000029));
#5861=CARTESIAN_POINT('',(-2.43269999999997,3.46944695195361E-15,0.24999999999997));
#5862=CARTESIAN_POINT('',(-2.43269999999998,1.00613961606655E-13,-0.250000000000028));
#5863=CARTESIAN_POINT('',(0.33000000000003,1.00613961606655E-13,-0.250000000000029));
#5864=CARTESIAN_POINT('',(-2.4135835236079,0.232804892161782,6.74921421377538E-6));
#5865=CARTESIAN_POINT('',(-2.4135835236079,0.232567823303619,-0.147348097362299));
#5866=CARTESIAN_POINT('',(-2.4135835236079,0.448674764808656,-0.237066257011256));
#5867=CARTESIAN_POINT('',(-2.4135835236079,0.65706625701135,-0.0286747648085769));
#5868=CARTESIAN_POINT('',(-2.4135835236079,0.567348097362409,0.187432176696467));
#5869=CARTESIAN_POINT('',(-2.4135835236079,0.419993250785896,0.187195107838314));
#5870=CARTESIAN_POINT('',(-2.41269999999997,0.237000000000091,-8.91663756073597E-16));
#5871=CARTESIAN_POINT('',(-2.41269999999997,0.420000000000111,0.183000000000006));
#5872=CARTESIAN_POINT('',(-2.4135835236079,0.419993250785896,0.187195107838314));
#5873=CARTESIAN_POINT('',(-2.4135835236079,0.322024810155283,0.187037493298346));
#5874=CARTESIAN_POINT('',(-2.4135835236079,0.232962506701758,0.0979751898448264));
#5875=CARTESIAN_POINT('',(-2.4135835236079,0.232804892161782,6.74921421377538E-6));
#5876=CARTESIAN_POINT('',(-1.66999999999997,0.420000000000101,-6.9155450338359E-15));
#5877=CARTESIAN_POINT('',(-1.66999999999997,0.603000000000101,-6.9155450338359E-15));
#5878=CARTESIAN_POINT('',(0.20449494936622,0.420000000000101,-4.0583122875101E-17));
#5879=CARTESIAN_POINT('',(-1.96999999999997,1.92592994438724E-31,-0.42000000000003));
#5880=CARTESIAN_POINT('',(-1.96999999999997,1.38777878078146E-17,-0.47000000000003));
#5881=CARTESIAN_POINT('',(-1.96999999999997,3.46944695195361E-15,-0.42000000000003));
#5882=CARTESIAN_POINT('',(-1.96999999999997,0.183000000000003,-0.42000000000003));
#5883=CARTESIAN_POINT('',(-1.96999999999997,3.46944695195361E-15,-7.1887419029399E-15));
#5884=CARTESIAN_POINT('',(-1.66999999999997,0.420000000000101,-1.42514378380771E-14));
#5885=CARTESIAN_POINT('',(-1.66999999999997,0.670000000000101,-2.13568651956781E-14));
#5886=CARTESIAN_POINT('',(-2.41999999999997,0.670000000000101,-1.39183709306895E-14));
#5887=CARTESIAN_POINT('',(-2.43269999999997,0.670000000000101,-1.39183709306895E-14));
#5888=CARTESIAN_POINT('',(-2.43269999999997,0.420000000000101,-1.40849043843833E-14));
#5889=CARTESIAN_POINT('',(-2.41999999999997,0.420000000000101,-1.42514378380771E-14));
#5890=CARTESIAN_POINT('',(-2.43269999999997,0.670000000000101,-1.40293932331521E-14));
#5891=CARTESIAN_POINT('',(-1.66999999999997,0.670000000000101,-0.0375000000000156));
#5892=CARTESIAN_POINT('',(-1.12999999999997,0.670000000000101,-1.42514378380771E-14));
#5893=CARTESIAN_POINT('',(-1.66999999999717,-8.32667268480732E-17,1.93471567343434E-17));
#5894=CARTESIAN_POINT('',(-1.66999999999717,0.183,1.93471567343434E-17));
#5895=CARTESIAN_POINT('',(-1.66999999999997,1.92592994438724E-31,-0.42000000000003));
#5896=CARTESIAN_POINT('',(-1.66999999999997,3.21548343507063E-17,-0.53585000000003));
#5897=CARTESIAN_POINT('',(-1.66999999999997,0.519590179001401,0.0410990852077688));
#5898=CARTESIAN_POINT('',(-2.43269999999997,0.420294890269082,-0.000294890268985997));
#5899=CARTESIAN_POINT('',(-2.43269999999997,0.623294890269092,-0.000294890268985997));
#5900=CARTESIAN_POINT('',(-2.41684999999997,0.420294890269082,-0.000294890268985997));
#5901=CARTESIAN_POINT('',(-2.43269999999997,3.46944695195361E-15,0.0899999999999601));
#5902=CARTESIAN_POINT('',(-2.43269999999997,3.46944695195361E-15,-0.603000000000031));
#5903=CARTESIAN_POINT('',(-2.43269999999997,3.46944695195361E-15,-0.42000000000003));
#5904=CARTESIAN_POINT('',(-2.43269999999997,3.46944695195361E-15,-0.23700000000003));
#5905=CARTESIAN_POINT('',(-2.43269999999997,3.46944695195361E-15,0.0899999999999601));
#5906=CARTESIAN_POINT('',(-2.43269999999997,3.46944695195361E-15,-0.183000000000043));
#5907=CARTESIAN_POINT('',(-2.43269999999997,3.46944695195361E-15,-3.15408908301174E-14));
#5908=CARTESIAN_POINT('',(-2.43269999999997,3.46944695195361E-15,0.182999999999957));
#5909=CARTESIAN_POINT('',(-2.43269999999997,3.46944695195361E-15,0.0899999999999601));
#5910=CARTESIAN_POINT('',(-2.43269999999997,3.46944695195361E-15,-4.26176361172499E-14));
#5911=CARTESIAN_POINT('',(-2.01783086311005,3.46944695195361E-15,-4.26690854279891E-14));
#5912=CARTESIAN_POINT('',(-2.01783086311005,-0.182999999999997,-4.26690854279891E-14));
#5913=CARTESIAN_POINT('',(-2.16840434497101E-16,3.46944695195361E-15,-6.16297582203916E-30));
#5914=CARTESIAN_POINT('',(-2.01783086311006,3.46944695195361E-15,-0.42000000000003));
#5915=CARTESIAN_POINT('',(-2.01783086311006,0.183000000000003,-0.42000000000003));
#5916=CARTESIAN_POINT('',(-2.43269999999997,3.46944695195361E-15,-0.42000000000003));
#5917=CARTESIAN_POINT('',(-2.43269999999997,3.46944695195361E-15,-3.15408908301174E-14));
#5918=CARTESIAN_POINT('',(-2.43269999999997,3.46944695195361E-15,-0.42000000000003));
#5919=CARTESIAN_POINT('',(-2.43269999999997,3.46944695195361E-15,0.179999999999962));
#5920=CARTESIAN_POINT('',(-2.10128778559793,3.46944695195361E-15,-4.26619981900624E-14));
#5921=CARTESIAN_POINT('',(-2.10128778559793,-0.182999999999997,-4.26619981900624E-14));
#5922=CARTESIAN_POINT('',(-2.16840434497101E-16,3.46944695195361E-15,-6.16297582203916E-30));
#5923=CARTESIAN_POINT('',(-2.09117940838298,3.46944695195361E-15,-4.26628566026691E-14));
#5924=CARTESIAN_POINT('',(-2.09117940838298,3.46944695195361E-15,-0.172669240889924));
#5925=CARTESIAN_POINT('',(-2.09623359699042,3.46944695195361E-15,-4.26624273963657E-14));
#5926=CARTESIAN_POINT('',(-2.0890847387225,3.46944695195361E-15,-4.26630344839259E-14));
#5927=CARTESIAN_POINT('',(-2.0890847387225,3.46944695195361E-15,-0.174718820290826));
#5928=CARTESIAN_POINT('',(-2.09013207355274,3.46944695195361E-15,-4.26629455432975E-14));
#5929=CARTESIAN_POINT('',(-2.0945543357789,3.46944695195361E-15,-4.26625700007584E-14));
#5930=CARTESIAN_POINT('',(-2.0945543357789,-0.182999999999997,-4.26625700007584E-14));
#5931=CARTESIAN_POINT('',(-2.09181953725069,3.46944695195361E-15,-4.26628022423422E-14));
#5932=CARTESIAN_POINT('',(-2.02455433577897,3.46944695195361E-15,-4.26685144645618E-14));
#5933=CARTESIAN_POINT('',(-2.02455433577897,-0.182999999999997,-4.26685144645618E-14));
#5934=CARTESIAN_POINT('',(-2.16840434497101E-16,3.46944695195361E-15,-6.16297582203916E-30));
#5935=CARTESIAN_POINT('',(-2.01447161524951,3.46944695195361E-15,-4.26693706983793E-14));
#5936=CARTESIAN_POINT('',(-2.01447161524951,3.46944695195361E-15,-0.172664126516096));
#5937=CARTESIAN_POINT('',(-2.01951297551423,3.46944695195361E-15,-4.26689425814705E-14));
#5938=CARTESIAN_POINT('',(-2.01237547657804,3.46944695195361E-15,-4.26695487043859E-14));
#5939=CARTESIAN_POINT('',(-2.01237547657804,3.46944695195361E-15,-0.17471301267088));
#5940=CARTESIAN_POINT('',(-2.01342354591378,3.46944695195361E-15,-4.26694597013826E-14));
#5941=CARTESIAN_POINT('',(-2.01510316984404,3.46944695195361E-15,-4.26693170661875E-14));
#5942=CARTESIAN_POINT('',(-2.10128778559794,3.46944695195361E-15,-0.42000000000003));
#5943=CARTESIAN_POINT('',(-2.10128778559794,0.183000000000003,-0.42000000000003));
#5944=CARTESIAN_POINT('',(-2.43269999999997,3.46944695195361E-15,-0.42000000000003));
#5945=CARTESIAN_POINT('',(-2.09117940838299,3.46944695195361E-15,-0.420000000000038));
#5946=CARTESIAN_POINT('',(-2.09117940838299,3.46944695195361E-15,-0.592669240889916));
#5947=CARTESIAN_POINT('',(-2.09623359699042,3.46944695195361E-15,-0.420000000000038));
#5948=CARTESIAN_POINT('',(-2.0890847387225,3.46944695195361E-15,-0.420000000000038));
#5949=CARTESIAN_POINT('',(-2.0890847387225,3.46944695195361E-15,-0.594718820290819));
#5950=CARTESIAN_POINT('',(-2.09013207355275,3.46944695195361E-15,-0.420000000000038));
#5951=CARTESIAN_POINT('',(-2.0945543357789,3.46944695195361E-15,-0.42000000000003));
#5952=CARTESIAN_POINT('',(-2.0945543357789,0.183000000000003,-0.42000000000003));
#5953=CARTESIAN_POINT('',(-2.09181953725069,3.46944695195361E-15,-0.420000000000038));
#5954=CARTESIAN_POINT('',(-2.02455433577898,3.46944695195361E-15,-0.42000000000003));
#5955=CARTESIAN_POINT('',(-2.02455433577898,0.183000000000003,-0.42000000000003));
#5956=CARTESIAN_POINT('',(-2.43269999999997,3.46944695195361E-15,-0.42000000000003));
#5957=CARTESIAN_POINT('',(-2.01447161524952,3.46944695195361E-15,-0.420000000000038));
#5958=CARTESIAN_POINT('',(-2.01447161524952,3.46944695195361E-15,-0.59266412651609));
#5959=CARTESIAN_POINT('',(-2.01951297551423,3.46944695195361E-15,-0.420000000000038));
#5960=CARTESIAN_POINT('',(-2.01237547657804,3.46944695195361E-15,-0.420000000000038));
#5961=CARTESIAN_POINT('',(-2.01237547657804,3.46944695195361E-15,-0.594713012670874));
#5962=CARTESIAN_POINT('',(-2.01342354591378,3.46944695195361E-15,-0.420000000000038));
#5963=CARTESIAN_POINT('',(-2.01510316984404,3.46944695195361E-15,-0.420000000000038));
#5964=CARTESIAN_POINT('',(-1.96999999999997,1.92592994438724E-31,-0.42000000000003));
#5965=CARTESIAN_POINT('',(-0.85,0.,0.));
#5966=CARTESIAN_POINT('',(-0.85,0.,-0.05));
#5967=CARTESIAN_POINT('',(-0.85,3.46944695195361E-15,-2.10137022746803E-14));
#5968=CARTESIAN_POINT('',(-0.85,0.0700000000000038,-2.10236430895377E-14));
#5969=CARTESIAN_POINT('',(-0.85,3.46944695195361E-15,-2.10032939338244E-14));
#5970=CARTESIAN_POINT('',(-1.02999999999999,3.46944695195361E-15,-2.15330682375041E-14));
#5971=CARTESIAN_POINT('',(-1.02999999999999,3.46944695195361E-15,-0.0700000000000219));
#5972=CARTESIAN_POINT('',(-1.02999999999999,3.46944695195361E-15,-2.15052826355381E-14));
#5973=CARTESIAN_POINT('',(-1.02999999999999,0.,0.));
#5974=CARTESIAN_POINT('',(-1.02999999999999,-0.05,-9.18485099360515E-18));
#5975=CARTESIAN_POINT('',(-1.02999999999999,3.46944695195361E-15,-2.15330382111537E-14));
#5976=CARTESIAN_POINT('',(0.751999999999947,0.,0.));
#5977=CARTESIAN_POINT('',(-0.65499999999999,-0.270000000000003,-0.250000000000005));
#5978=CARTESIAN_POINT('',(0.72085000000001,-0.270000000000004,-0.250000000000005));
#5979=CARTESIAN_POINT('',(-0.38414999999999,-0.270000000000003,-0.250000000000005));
#5980=CARTESIAN_POINT('',(-0.38414999999999,-0.170000000000003,-0.250000000000005));
#5981=CARTESIAN_POINT('',(-0.28414999999999,-0.170000000000003,-0.250000000000005));
#5982=CARTESIAN_POINT('',(-0.28414999999999,-6.10622663543836E-16,-0.250000000000005));
#5983=CARTESIAN_POINT('',(-0.28414999999999,-0.1,-0.250000000000005));
#5984=CARTESIAN_POINT('',(-0.38414999999999,-0.1,-0.250000000000005));
#5985=CARTESIAN_POINT('',(-0.38414999999999,1.00613961606655E-13,-0.250000000000008));
#5986=CARTESIAN_POINT('',(-0.75000000000002,1.00613961606655E-13,-0.250000000000008));
#5987=CARTESIAN_POINT('',(0.72085000000001,0.,-0.250000000000005));
#5988=CARTESIAN_POINT('',(0.72085000000001,-0.270000000000004,-0.250000000000005));
#5989=CARTESIAN_POINT('',(-0.27999999999998,-0.4999999999999,-0.250000000000005));
#5990=CARTESIAN_POINT('',(-0.27999999999999,0.244536904761998,-0.0519779011645022));
#5991=CARTESIAN_POINT('',(-0.33414999999999,0.244536904761998,-0.0519779011645022));
#5992=CARTESIAN_POINT('',(-0.914099999999996,0.244536904761998,-0.051977901164499));
#5993=CARTESIAN_POINT('',(-0.33414999999999,3.35040883925331E-15,-2.15492446413851E-14));
#5994=CARTESIAN_POINT('',(-0.33414999999999,0.108972473588571,-0.224999999999979));
#5995=CARTESIAN_POINT('',(-0.28414999999999,0.108972473588571,-0.224999999999979));
#5996=CARTESIAN_POINT('',(0.21585000000001,0.10897247358861,-0.224999999999979));
#5997=CARTESIAN_POINT('',(0.72085000000001,0.10897247358857,-0.22499999999998));
#5998=CARTESIAN_POINT('',(0.72085000000001,0.10897247358857,-0.22499999999998));
#5999=CARTESIAN_POINT('',(0.72085000000001,0.,0.));
#6000=CARTESIAN_POINT('',(-0.75000000000002,1.00613961606655E-13,-0.250000000000008));
#6001=CARTESIAN_POINT('',(-0.914099999999996,1.92592994438724E-31,-0.250000000000008));
#6002=CARTESIAN_POINT('',(-0.914099999999996,3.46944695195361E-15,-2.12458428932156E-14));
#6003=CARTESIAN_POINT('',(0.47000000000002,3.46944695195361E-15,-1.86923299365777E-14));
#6004=CARTESIAN_POINT('',(0.21585000000001,0.42,0.));
#6005=CARTESIAN_POINT('',(0.21585000000001,0.420000000000001,-0.224999999999979));
#6006=CARTESIAN_POINT('',(0.21585000000001,0.518679580633881,-0.202206182808256));
#6007=CARTESIAN_POINT('',(0.21585000000001,0.518679580633881,-2.16040129255959E-14));
#6008=CARTESIAN_POINT('',(0.21585000000001,0.518679580633881,-0.154114698734243));
#6009=CARTESIAN_POINT('',(0.21585000000001,0.420000000000106,-1.43005676918775E-15));
#6010=CARTESIAN_POINT('',(0.21585000000001,0.518679580633881,0.15411469873424));
#6011=CARTESIAN_POINT('',(0.21585000000001,0.518679580633881,-2.16040129255959E-14));
#6012=CARTESIAN_POINT('',(0.21585000000001,0.518679580633881,0.202206182808256));
#6013=CARTESIAN_POINT('',(0.21585000000001,0.42,0.));
#6014=CARTESIAN_POINT('',(0.21585000000001,0.419999999999999,0.224999999999921));
#6015=CARTESIAN_POINT('',(0.21585000000001,0.419999999999999,0.224999999999921));
#6016=CARTESIAN_POINT('',(0.21585000000001,0.156124949960098,0.224999999999926));
#6017=CARTESIAN_POINT('',(0.21585000000001,0.0999999999999994,0.224999999999926));
#6018=CARTESIAN_POINT('',(0.21585000000001,0.0999999999999991,0.224999999999926));
#6019=CARTESIAN_POINT('',(0.21585000000001,3.46944695195361E-15,0.224999999999902));
#6020=CARTESIAN_POINT('',(0.21585000000001,1.10933564796657E-32,0.224999999999902));
#6021=CARTESIAN_POINT('',(0.21585000000001,0.,0.));
#6022=CARTESIAN_POINT('',(0.21585000000001,0.,-0.225));
#6023=CARTESIAN_POINT('',(0.21585000000001,0.10897247358857,-0.224999999999979));
#6024=CARTESIAN_POINT('',(0.21585000000001,0.108972473588571,-0.224999999999979));
#6025=CARTESIAN_POINT('',(0.21585000000001,0.,0.));
#6026=CARTESIAN_POINT('',(0.21585000000001,0.,-0.05));
#6027=CARTESIAN_POINT('',(0.21585000000001,3.46944695195361E-15,-2.16040129255959E-14));
#6028=CARTESIAN_POINT('',(-1.02999999999999,-0.14,5.28846657433288E-18));
#6029=CARTESIAN_POINT('',(-1.02999999999999,-0.14,0.));
#6030=CARTESIAN_POINT('',(-1.02999999999999,-0.14,-0.560000000000022));
#6031=CARTESIAN_POINT('',(-1.02999999999999,-0.14,-0.560000000000022));
#6032=CARTESIAN_POINT('',(-1.39999999999999,-0.14,-0.560000000000022));
#6033=CARTESIAN_POINT('',(-1.39999999999999,-0.14,5.28846657433288E-18));
#6034=CARTESIAN_POINT('',(-1.39999999999999,-0.14,0.));
#6035=CARTESIAN_POINT('',(-1.02999999999999,-0.14,0.));
#6036=CARTESIAN_POINT('',(-1.02999999999999,-0.14,5.28846657433288E-18));
#6037=CARTESIAN_POINT('',(-1.02999999999999,-0.14,0.14));
#6038=CARTESIAN_POINT('',(-1.02999999999999,-0.14,0.14));
#6039=CARTESIAN_POINT('',(-1.39999999999999,-0.14,0.14));
#6040=CARTESIAN_POINT('',(-1.39999999999999,-0.14,0.14));
#6041=CARTESIAN_POINT('',(-1.02999999999999,-0.14,0.14));
#6042=CARTESIAN_POINT('',(-1.02999999999999,-0.14,0.14));
#6043=CARTESIAN_POINT('',(-1.02999999999999,0.,0.14));
#6044=CARTESIAN_POINT('',(-1.02999999999999,0.,0.14));
#6045=CARTESIAN_POINT('',(-1.39999999999999,0.,0.14));
#6046=CARTESIAN_POINT('',(-1.39999999999999,0.,0.14));
#6047=CARTESIAN_POINT('',(-1.02999999999999,0.,0.14));
#6048=CARTESIAN_POINT('',(-1.02999999999999,0.,0.14));
#6049=CARTESIAN_POINT('',(-1.02999999999999,0.139999999999999,0.14));
#6050=CARTESIAN_POINT('',(-1.02999999999999,0.139999999999999,0.14));
#6051=CARTESIAN_POINT('',(-1.39999999999999,0.139999999999999,0.14));
#6052=CARTESIAN_POINT('',(-1.39999999999999,0.139999999999999,0.14));
#6053=CARTESIAN_POINT('',(-1.02999999999999,0.139999999999999,0.14));
#6054=CARTESIAN_POINT('',(-1.02999999999999,0.139999999999999,0.14));
#6055=CARTESIAN_POINT('',(-1.02999999999999,0.14,-0.560000000000021));
#6056=CARTESIAN_POINT('',(-1.02999999999999,0.14,-0.560000000000021));
#6057=CARTESIAN_POINT('',(-1.39999999999999,0.14,-0.560000000000021));
#6058=CARTESIAN_POINT('',(-1.39999999999999,0.14,-0.560000000000021));
#6059=CARTESIAN_POINT('',(-1.02999999999999,0.14,-0.560000000000021));
#6060=CARTESIAN_POINT('',(-1.02999999999999,0.14,-0.560000000000021));
#6061=CARTESIAN_POINT('',(-1.02999999999999,0.,-0.560000000000022));
#6062=CARTESIAN_POINT('',(-1.02999999999999,0.,-0.560000000000022));
#6063=CARTESIAN_POINT('',(-1.39999999999999,0.,-0.560000000000022));
#6064=CARTESIAN_POINT('',(-1.39999999999999,0.,-0.560000000000022));
#6065=CARTESIAN_POINT('',(-1.02999999999999,0.,-0.560000000000022));
#6066=CARTESIAN_POINT('',(-1.02999999999999,0.,-0.560000000000022));
#6067=CARTESIAN_POINT('',(-1.02999999999999,-0.14,-0.560000000000022));
#6068=CARTESIAN_POINT('',(-1.39999999999999,-0.14,-0.560000000000022));
#6069=CARTESIAN_POINT('',(-1.02999999999999,-0.14,-0.560000000000022));
#6070=CARTESIAN_POINT('',(-1.39999999999999,1.00613961606655E-13,-0.250000000000028));
#6071=CARTESIAN_POINT('',(-1.39999999999999,0.307453837062686,0.144299553734814));
#6072=CARTESIAN_POINT('',(-1.39999999999999,0.100000000000004,0.239897948556627));
#6073=CARTESIAN_POINT('',(-1.39999999999999,0.420000000000108,-1.86800274496822E-15));
#6074=CARTESIAN_POINT('',(-1.39999999999999,0.471400684338405,-0.176048413839583));
#6075=CARTESIAN_POINT('',(-1.39999999999999,0.478403691724478,-0.190716347791737));
#6076=CARTESIAN_POINT('',(-1.39999999999999,0.495432131158729,-0.192458820697634));
#6077=CARTESIAN_POINT('',(-1.39999999999999,1.00613961606655E-13,-0.250000000000028));
#6078=CARTESIAN_POINT('',(-1.39999999999999,0.499912520121864,-0.259352658738921));
#6079=CARTESIAN_POINT('',(-1.39999999999999,0.484246936756479,-0.26176346728009));
#6080=CARTESIAN_POINT('',(-1.39999999999999,0.485081474711165,-0.278232311418036));
#6081=CARTESIAN_POINT('',(-1.39999999999999,0.420000000000101,-0.0375000000000156));
#6082=CARTESIAN_POINT('',(-1.39999999999999,0.420000000000101,-0.287500000000016));
#6083=CARTESIAN_POINT('',(-1.39999999999999,0.420000000000101,-0.287500000000016));
#6084=CARTESIAN_POINT('',(-1.4,0.270000000000003,-0.287500000000016));
#6085=CARTESIAN_POINT('',(-1.4,0.270000000000003,-2.00902896657251));
#6086=CARTESIAN_POINT('',(-1.4,0.270000000000003,-0.645000000000045));
#6087=CARTESIAN_POINT('',(-1.39999999999999,1.1,-0.645000000000045));
#6088=CARTESIAN_POINT('',(-1.39999999999999,-0.270000000000003,-0.645000000000045));
#6089=CARTESIAN_POINT('',(-1.4,-0.270000000000003,-1.11076448328627));
#6090=CARTESIAN_POINT('',(-1.4,-0.270000000000003,0.170832508249979));
#6091=CARTESIAN_POINT('',(-1.39999999999999,1.00613961606655E-13,-0.250000000000028));
#6092=CARTESIAN_POINT('',(-1.39999999999999,-0.0999999999999969,0.239897948556587));
#6093=CARTESIAN_POINT('',(-1.39999999999999,-0.0999999999999994,0.249999999999978));
#6094=CARTESIAN_POINT('',(-1.39999999999999,-0.0999999999999994,0.224999999999903));
#6095=CARTESIAN_POINT('',(-1.39999999999999,3.46944695195361E-15,0.224999999999902));
#6096=CARTESIAN_POINT('',(-1.39999999999999,0.100000000000003,0.224999999999902));
#6097=CARTESIAN_POINT('',(-1.39999999999999,0.0999999999999994,0.249999999999957));
#6098=CARTESIAN_POINT('',(-1.39999999999999,3.46944695195361E-15,-2.15330382111537E-14));
#6099=CARTESIAN_POINT('',(-1.02999999999999,3.46944695195361E-15,-2.15330382111537E-14));
#6100=CARTESIAN_POINT('',(-1.02999999999999,3.46944695195361E-15,-0.115850000000022));
#6101=CARTESIAN_POINT('',(-0.84999999999999,0.115850000000003,-0.121317836306147));
#6102=CARTESIAN_POINT('',(-0.84999999999999,0.115850000000004,0.121317836306104));
#6103=CARTESIAN_POINT('',(-0.84999999999999,-0.115849999999996,0.121317836306104));
#6104=CARTESIAN_POINT('',(-0.84999999999999,-0.115849999999997,-0.121317836306147));
#6105=CARTESIAN_POINT('',(-0.84999999999999,0.115850000000003,-0.121317836306147));
#6106=CARTESIAN_POINT('',(-0.84999999999999,0.115850000000004,0.121317836306104));
#6107=CARTESIAN_POINT('',(-0.849999999999995,0.117200000000002,-2.19424306883805E-14));
#6108=CARTESIAN_POINT('',(-1.36499999999999,3.46944695195361E-15,-2.15341297022878E-14));
#6109=CARTESIAN_POINT('',(-0.914099999999996,-1.49880108324396E-15,-0.645000000000044));
#6110=CARTESIAN_POINT('',(-0.914099999999996,-1.51788304147971E-15,-0.645000000000045));
#6111=CARTESIAN_POINT('',(-0.914099999999996,0.5898390066582,-0.645000000000045));
#6112=CARTESIAN_POINT('',(-0.914099999999996,0.270000000000003,-0.645000000000045));
#6113=CARTESIAN_POINT('',(-0.914099999999996,0.270000000000003,-1.20097332891838));
#6114=CARTESIAN_POINT('',(-0.914099999999996,0.270000000000003,-0.287500000000016));
#6115=CARTESIAN_POINT('',(-0.914099999999996,0.2498390066582,-0.287500000000016));
#6116=CARTESIAN_POINT('',(-0.914099999999996,0.420000000000101,-0.287500000000016));
#6117=CARTESIAN_POINT('',(-0.914099999999995,0.420000000000101,-0.0375000000000156));
#6118=CARTESIAN_POINT('',(-0.914099999999996,0.485113863090001,-0.278871466485813));
#6119=CARTESIAN_POINT('',(-0.914099999999996,0.484246936756479,-0.26176346728009));
#6120=CARTESIAN_POINT('',(-0.914099999999996,0.499912520121885,-0.259352658738918));
#6121=CARTESIAN_POINT('',(-0.914099999999996,1.00613961606655E-13,-0.250000000000029));
#6122=CARTESIAN_POINT('',(-0.914099999999996,0.496692906130004,-0.192587832298282));
#6123=CARTESIAN_POINT('',(-0.914099999999996,0.478403691724479,-0.190716347791737));
#6124=CARTESIAN_POINT('',(-0.914099999999995,0.471226649009442,-0.175683893488488));
#6125=CARTESIAN_POINT('',(-0.914099999999994,0.420000000000101,-1.7059176598128E-15));
#6126=CARTESIAN_POINT('',(-0.914099999999996,0.0796780133164032,-0.392917691264245));
#6127=CARTESIAN_POINT('',(-0.28414999999999,0.156124949960114,0.224999999999921));
#6128=CARTESIAN_POINT('',(-0.310779450208592,0.156124949960114,0.224999999999921));
#6129=CARTESIAN_POINT('',(-0.310779450208592,0.156124949960114,0.224999999999921));
#6130=CARTESIAN_POINT('',(-0.314423362138284,0.156124949960129,0.224999999999916));
#6131=CARTESIAN_POINT('',(-0.318111762751898,0.156524974444617,0.224869347760484));
#6132=CARTESIAN_POINT('',(-0.321620755028938,0.15745736941149,0.224559982318377));
#6133=CARTESIAN_POINT('',(-0.325160817086102,0.158398020112296,0.224247877652155));
#6134=CARTESIAN_POINT('',(-0.32861927020237,0.159930992824463,0.22373748597611));
#6135=CARTESIAN_POINT('',(-0.331515161715104,0.162073251448414,0.223003447307675));
#6136=CARTESIAN_POINT('',(-0.332058848738956,0.16247544821941,0.222865635757319));
#6137=CARTESIAN_POINT('',(-0.332585025405635,0.16289964892123,0.222719711257803));
#6138=CARTESIAN_POINT('',(-0.333090316935845,0.163343992084092,0.22256612262205));
#6139=CARTESIAN_POINT('',(-0.333454284280999,0.1636640576139,0.222455490947741));
#6140=CARTESIAN_POINT('',(-0.333796772215597,0.164005150963812,0.222337202474052));
#6141=CARTESIAN_POINT('',(-0.33414999999999,0.164335549530807,0.222222222222137));
#6142=CARTESIAN_POINT('',(-0.33414999999999,0.164335549530807,0.222222222222137));
#6143=CARTESIAN_POINT('',(-0.33414999999999,1.00613961606655E-13,-0.250000000000029));
#6144=CARTESIAN_POINT('',(-0.33414999999999,0.307453837062702,0.14429955373483));
#6145=CARTESIAN_POINT('',(-2.41999999999997,0.3074538370627,0.144299553734797));
#6146=CARTESIAN_POINT('',(-0.75000000000002,0.0999999999999994,0.239897948556607));
#6147=CARTESIAN_POINT('',(0.72085000000001,0.0999999999999994,0.239897948556607));
#6148=CARTESIAN_POINT('',(0.72085000000001,0.,-0.250000000000028));
#6149=CARTESIAN_POINT('',(0.72085000000001,0.156124949960098,0.224999999999926));
#6150=CARTESIAN_POINT('',(0.72085000000001,0.156124949960098,0.224999999999926));
#6151=CARTESIAN_POINT('',(0.33000000000003,1.00613961606655E-13,-0.250000000000029));
#6152=CARTESIAN_POINT('',(-0.914099999999995,0.485049086332321,-0.277593156350251));
#6153=CARTESIAN_POINT('',(-1.07606666666666,0.485049086332321,-0.277593156350251));
#6154=CARTESIAN_POINT('',(-1.23803333333333,0.485049086332321,-0.277593156350251));
#6155=CARTESIAN_POINT('',(-1.39999999999999,0.485049086332321,-0.277593156350251));
#6156=CARTESIAN_POINT('',(-1.66249999999997,0.420000000000101,-0.287500000000016));
#6157=CARTESIAN_POINT('',(-1.66249999999997,0.420000000000101,-0.0375000000000156));
#6158=CARTESIAN_POINT('',(-1.66999999999997,0.499912520121885,-0.259352658738918));
#6159=CARTESIAN_POINT('',(-1.29204999999998,0.484246936756479,-0.26176346728009));
#6160=CARTESIAN_POINT('',(-0.914099999999996,0.494171356187437,-0.19232980909699));
#6161=CARTESIAN_POINT('',(-1.07606666666666,0.494171356187437,-0.192329809096991));
#6162=CARTESIAN_POINT('',(-1.23803333333333,0.494171356187437,-0.192329809096991));
#6163=CARTESIAN_POINT('',(-1.39999999999999,0.494171356187437,-0.192329809096991));
#6164=CARTESIAN_POINT('',(0.33000000000003,1.00613961606655E-13,-0.250000000000029));
#6165=CARTESIAN_POINT('',(-1.39999999999999,0.471574719667396,-0.176412934190657));
#6166=CARTESIAN_POINT('',(-1.23803333333333,0.471574719667396,-0.176412934190657));
#6167=CARTESIAN_POINT('',(-1.07606666666666,0.471574719667395,-0.176412934190657));
#6168=CARTESIAN_POINT('',(-0.914099999999995,0.471574719667395,-0.176412934190656));
#6169=CARTESIAN_POINT('',(-1.29204999999998,0.478403691724479,-0.190716347791738));
#6170=CARTESIAN_POINT('',(0.20449494936622,0.307453837062699,-0.144299553734831));
#6171=CARTESIAN_POINT('',(0.00462425642882772,0.307453837062699,-0.144299553734831));
#6172=CARTESIAN_POINT('',(-0.234268397104388,0.307453837062701,-0.144299553734832));
#6173=CARTESIAN_POINT('',(-0.234268397104388,0.307453837062701,-0.144299553734832));
#6174=CARTESIAN_POINT('',(-0.238981410343164,0.307453837062701,-0.144299553734832));
#6175=CARTESIAN_POINT('',(-0.243760699955665,0.306759845475124,-0.143764780257159));
#6176=CARTESIAN_POINT('',(-0.248184256732978,0.305491318482489,-0.142747195619043));
#6177=CARTESIAN_POINT('',(-0.252595706744156,0.304226263302336,-0.141732395993046));
#6178=CARTESIAN_POINT('',(-0.256771480222477,0.302365720774032,-0.140212856762961));
#6179=CARTESIAN_POINT('',(-0.260462309861829,0.300166311761442,-0.138307220213274));
#6180=CARTESIAN_POINT('',(-0.26524751087584,0.297314753909772,-0.135836541574338));
#6181=CARTESIAN_POINT('',(-0.269354218624948,0.293828663420659,-0.13264915034368));
#6182=CARTESIAN_POINT('',(-0.272690462429442,0.290233123055242,-0.129033164914998));
#6183=CARTESIAN_POINT('',(-0.277379193445748,0.285179978675026,-0.123951287202364));
#6184=CARTESIAN_POINT('',(-0.280728881806879,0.279783933650936,-0.11788156410063));
#6185=CARTESIAN_POINT('',(-0.283123778571939,0.274780530581353,-0.111356659889476));
#6186=CARTESIAN_POINT('',(-0.284106140490313,0.27272818631769,-0.108680211571705));
#6187=CARTESIAN_POINT('',(-0.284937322365805,0.270721224339583,-0.105908863562599));
#6188=CARTESIAN_POINT('',(-0.2856446297509,0.26878327402361,-0.103065521805304));
#6189=CARTESIAN_POINT('',(-0.2856446297509,0.26878327402361,-0.103065521805304));
#6190=CARTESIAN_POINT('',(-0.2856446297509,0.26878327402361,-0.103065521805304));
#6191=CARTESIAN_POINT('',(-0.286397257677492,0.266721150032153,-0.100039993645318));
#6192=CARTESIAN_POINT('',(-0.287417041303583,0.264776363872898,-0.0969899632779273));
#6193=CARTESIAN_POINT('',(-0.288658989610804,0.262966058137143,-0.0939645736593528));
#6194=CARTESIAN_POINT('',(-0.291880196749116,0.258270717981166,-0.08611770388316));
#6195=CARTESIAN_POINT('',(-0.296626493518109,0.254395180548763,-0.0782517047786076));
#6196=CARTESIAN_POINT('',(-0.302518032674127,0.251401216873232,-0.0711579252658606));
#6197=CARTESIAN_POINT('',(-0.306117508327199,0.249572034537196,-0.0668239327440061));
#6198=CARTESIAN_POINT('',(-0.310213991274632,0.248031328856389,-0.0626820567474413));
#6199=CARTESIAN_POINT('',(-0.314885343450823,0.246852435605014,-0.0592361455874024));
#6200=CARTESIAN_POINT('',(-0.317850520155879,0.246104124050912,-0.0570488269879788));
#6201=CARTESIAN_POINT('',(-0.321109196053917,0.245491370398089,-0.0551148611368731));
#6202=CARTESIAN_POINT('',(-0.32460589208847,0.245085144318563,-0.053793989097708));
#6203=CARTESIAN_POINT('',(-0.327622460765871,0.244734696680183,-0.0526544844965567));
#6204=CARTESIAN_POINT('',(-0.330906395389514,0.24453690476195,-0.0519779011643446));
#6205=CARTESIAN_POINT('',(-0.334149999999938,0.244536904761948,-0.0519779011643378));
#6206=CARTESIAN_POINT('',(0.20449494936622,0.307453837062699,0.144299553734831));
#6207=CARTESIAN_POINT('',(0.00462425642882772,0.307453837062699,0.14429955373483));
#6208=CARTESIAN_POINT('',(0.11717041936623,0.420000000000101,-1.69849394635847E-16));
#6209=CARTESIAN_POINT('',(0.11717041936623,0.420000000000101,-1.69849394635847E-16));
#6210=CARTESIAN_POINT('',(0.20449494936622,0.420000000000101,-4.0583122875101E-17));
#6211=CARTESIAN_POINT('',(-2.08249999999997,0.270000000000003,-0.287500000000016));
#6212=CARTESIAN_POINT('',(-1.73134999999998,0.270000000000003,-0.645000000000045));
#6213=CARTESIAN_POINT('',(-1.02999999999999,0.270000000000003,-2.00902896657251));
#6214=CARTESIAN_POINT('',(-1.66999999999997,-0.270000000000003,-0.645000000000045));
#6215=CARTESIAN_POINT('',(-0.38414999999999,-0.270000000000003,-0.645000000000045));
#6216=CARTESIAN_POINT('',(-0.38414999999999,-0.270000000000003,-1.11076448328627));
#6217=CARTESIAN_POINT('',(0.72085000000001,-0.270000000000003,0.170832508249979));
#6218=CARTESIAN_POINT('',(0.72085000000001,-0.270000000000003,0.170832508249979));
#6219=CARTESIAN_POINT('',(0.33000000000003,-0.270000000000003,0.170832508249978));
#6220=CARTESIAN_POINT('',(-1.03,-0.270000000000003,-1.11076448328627));
#6221=CARTESIAN_POINT('',(0.72085000000001,0.,-0.250000000000028));
#6222=CARTESIAN_POINT('',(0.72085000000001,-0.0999999999999962,0.239897948556602));
#6223=CARTESIAN_POINT('',(0.33000000000003,-0.0999999999999994,0.239897948556603));
#6224=CARTESIAN_POINT('',(0.33000000000003,1.00613961606655E-13,-0.250000000000029));
#6225=CARTESIAN_POINT('',(5.32240500000006,-5.42101086242752E-16,-0.645000000000044));
#6226=CARTESIAN_POINT('',(-0.38414999999999,-5.42101086242752E-16,-0.645000000000044));
#6227=CARTESIAN_POINT('',(-0.38414999999999,1.1,-0.645000000000045));
#6228=CARTESIAN_POINT('',(-2.43269999999997,1.1,-0.645000000000045));
#6229=CARTESIAN_POINT('',(-2.19499999999997,0.420000000000101,-0.287500000000016));
#6230=CARTESIAN_POINT('',(0.83550000000002,-0.0999999999999994,0.224999999999923));
#6231=CARTESIAN_POINT('',(0.72085000000001,-0.0999999999999962,0.224999999999908));
#6232=CARTESIAN_POINT('',(0.72085000000001,-0.0999999999999962,0.224999999999908));
#6233=CARTESIAN_POINT('',(0.83550000000002,-0.0999999999999994,0.249999999999978));
#6234=CARTESIAN_POINT('',(-1.74,0.0999999999999994,0.224999999999926));
#6235=CARTESIAN_POINT('',(0.72085000000001,0.0999999999999994,0.224999999999926));
#6236=CARTESIAN_POINT('',(0.72085000000001,0.0999999999999994,0.224999999999926));
#6237=CARTESIAN_POINT('',(0.72085000000001,0.0999999999999994,0.239897948556607));
#6238=CARTESIAN_POINT('',(-1.12999999999997,0.0999999999999994,0.249999999999957));
#6239=CARTESIAN_POINT('',(0.72085000000001,0.,0.224999999999908));
#6240=CARTESIAN_POINT('',(0.72085000000001,-5.51091059616309E-17,0.225));
#6241=CARTESIAN_POINT('',(0.72085000000001,-5.51091059616309E-17,0.225));
#6242=CARTESIAN_POINT('',(-0.14724999999997,3.46944695195361E-15,0.224999999999902));
#6243=CARTESIAN_POINT('',(-1.02999999999999,3.46944695195361E-15,-2.15330382111537E-14));
#6244=CARTESIAN_POINT('',(-0.680845157310302,0.,0.));
#6245=CARTESIAN_POINT('',(-0.680845157310302,0.,0.05));
#6246=CARTESIAN_POINT('',(-0.65,0.,0.));
#6247=CARTESIAN_POINT('',(-8.35606500000009,0.,0.));
#6248=CARTESIAN_POINT('',(0.72085000000001,0.,-0.225));
#6249=CARTESIAN_POINT('',(0.72085000000001,0.,-0.225));
#6250=CARTESIAN_POINT('',(0.72085000000001,0.10897247358857,-0.224999999999979));
#6251=CARTESIAN_POINT('',(0.72085000000001,0.10897247358857,-0.224999999999979));
#6252=CARTESIAN_POINT('',(0.72085000000001,0.,0.));
#6253=CARTESIAN_POINT('',(0.72085000000001,0.,0.));
#6254=CARTESIAN_POINT('',(0.72085000000001,0.,0.));
#6255=CARTESIAN_POINT('',(0.72085000000001,0.0999999999999994,0.224999999999926));
#6256=CARTESIAN_POINT('',(0.72085000000001,0.0999999999999994,0.224999999999926));
#6257=CARTESIAN_POINT('',(0.72085000000001,0.,-0.250000000000028));
#6258=CARTESIAN_POINT('',(0.117170419366129,0.42,0.));
#6259=CARTESIAN_POINT('',(0.117170419366128,0.419999999999999,0.224999999999921));
#6260=CARTESIAN_POINT('',(-0.28414999999999,0.419999999999999,0.224999999999921));
#6261=CARTESIAN_POINT('',(-0.28414999999999,0.42,0.));
#6262=CARTESIAN_POINT('',(-0.28414999999999,0.3074538370627,0.224999999999921));
#6263=CARTESIAN_POINT('',(-0.237442682619767,0.3074538370627,0.224999999999921));
#6264=CARTESIAN_POINT('',(0.00462425642882772,0.307453837062699,0.224999999999921));
#6265=CARTESIAN_POINT('',(-0.237442682619767,0.3074538370627,0.224999999999921));
#6266=CARTESIAN_POINT('',(-0.238616352118336,0.299844846231117,0.224999999999921));
#6267=CARTESIAN_POINT('',(-0.24008467406942,0.292276287639278,0.224999999999921));
#6268=CARTESIAN_POINT('',(-0.241821688129528,0.284775819405763,0.224999999999921));
#6269=CARTESIAN_POINT('',(-0.249056587630623,0.253535350415399,0.224999999999921));
#6270=CARTESIAN_POINT('',(-0.260700133392717,0.222795428660353,0.224999999999921));
#6271=CARTESIAN_POINT('',(-0.277280473501045,0.195347241189756,0.224999999999921));
#6272=CARTESIAN_POINT('',(-0.282544549079881,0.186632743634021,0.224999999999921));
#6273=CARTESIAN_POINT('',(-0.288382258305207,0.178191458390069,0.224999999999921));
#6274=CARTESIAN_POINT('',(-0.295099186147117,0.170540586562938,0.224999999999921));
#6275=CARTESIAN_POINT('',(-0.29978337067443,0.16520509744104,0.224999999999921));
#6276=CARTESIAN_POINT('',(-0.304954925113809,0.160184991373209,0.224999999999921));
#6277=CARTESIAN_POINT('',(-0.310779450208592,0.156124949960114,0.224999999999921));
#6278=CARTESIAN_POINT('',(0.00462425642882797,0.307453837062699,0.224999999999921));
#6279=CARTESIAN_POINT('',(-0.28414999999999,0.419999999999999,0.224999999999921));
#6280=CARTESIAN_POINT('',(-0.28414999999999,0.108972473588571,-0.224999999999979));
#6281=CARTESIAN_POINT('',(-0.28414999999999,0.198431348329896,-0.224999999999979));
#6282=CARTESIAN_POINT('',(-0.28414999999999,0.2574538370627,-0.224999999999979));
#6283=CARTESIAN_POINT('',(-0.23414999999999,0.2574538370627,-0.224999999999979));
#6284=CARTESIAN_POINT('',(-0.23414999999999,0.3074538370627,-0.224999999999979));
#6285=CARTESIAN_POINT('',(-0.28414999999999,0.3074538370627,-0.224999999999979));
#6286=CARTESIAN_POINT('',(0.00462425642882772,0.307453837062699,-0.224999999999979));
#6287=CARTESIAN_POINT('',(-0.239003553522645,0.0638260271112258,-0.224999999999979));
#6288=CARTESIAN_POINT('',(0.11717041936613,0.420000000000001,-0.224999999999979));
#6289=CARTESIAN_POINT('',(-0.28414999999999,0.420000000000001,-0.224999999999979));
#6290=CARTESIAN_POINT('',(-0.33414999999999,0.108972473588571,-0.224999999999979));
#6291=CARTESIAN_POINT('',(-0.331431724334357,0.108972473588571,-0.224999999999979));
#6292=CARTESIAN_POINT('',(-0.328680449742219,0.109509073448358,-0.224999999999979));
#6293=CARTESIAN_POINT('',(-0.32613006618057,0.110449587288152,-0.224999999999979));
#6294=CARTESIAN_POINT('',(-0.322841800145496,0.111662212620834,-0.224999999999979));
#6295=CARTESIAN_POINT('',(-0.319780337406053,0.113547921647173,-0.224999999999979));
#6296=CARTESIAN_POINT('',(-0.317038635509449,0.115731090084341,-0.224999999999979));
#6297=CARTESIAN_POINT('',(-0.312259932392954,0.119536286348548,-0.224999999999979));
#6298=CARTESIAN_POINT('',(-0.308240205641487,0.12431962559355,-0.224999999999979));
#6299=CARTESIAN_POINT('',(-0.304781993669752,0.129355128750463,-0.224999999999979));
#6300=CARTESIAN_POINT('',(-0.298021174236584,0.139199559305125,-0.224999999999979));
#6301=CARTESIAN_POINT('',(-0.293102099340465,0.150400985168774,-0.224999999999979));
#6302=CARTESIAN_POINT('',(-0.289671917333257,0.161840187227959,-0.224999999999979));
#6303=CARTESIAN_POINT('',(-0.286128932286355,0.173655572463791,-0.224999999999979));
#6304=CARTESIAN_POINT('',(-0.28414999999999,0.186096192420313,-0.224999999999979));
#6305=CARTESIAN_POINT('',(-0.28414999999999,0.198431348329896,-0.224999999999979));
#6306=CARTESIAN_POINT('',(-0.28414999999999,0.108972473588571,-0.224999999999979));
#6307=CARTESIAN_POINT('',(0.117170419366129,0.42,0.));
#6308=CARTESIAN_POINT('',(-0.28414999999999,0.42,0.));
#6309=CARTESIAN_POINT('',(-0.28414999999999,3.35040883925331E-15,-2.15492446413851E-14));
#6310=CARTESIAN_POINT('',(-0.28414999999999,0.2574538370627,-0.154004940770422));
#6311=CARTESIAN_POINT('',(-0.28414999999999,0.2574538370627,-0.224999999999979));
#6312=CARTESIAN_POINT('',(-0.28414999999999,0.,0.));
#6313=CARTESIAN_POINT('',(0.00462425642882772,0.307453837062699,-0.775000000000079));
#6314=CARTESIAN_POINT('',(0.00462425642882797,0.307453837062699,-0.775000000000079));
#6315=CARTESIAN_POINT('',(-0.23414999999999,0.3074538370627,-0.144299553734846));
#6316=CARTESIAN_POINT('',(-0.23414999999999,0.3074538370627,-0.154004940770422));
#6317=CARTESIAN_POINT('',(-0.23414999999999,0.3074538370627,-0.154004940770422));
#6318=CARTESIAN_POINT('',(-0.23414999999999,0.3074538370627,-0.150769571044256));
#6319=CARTESIAN_POINT('',(-0.234191374870369,0.307453837062701,-0.147534006523243));
#6320=CARTESIAN_POINT('',(-0.234268397104388,0.307453837062701,-0.144299553734832));
#6321=CARTESIAN_POINT('',(-0.28414999999999,0.3074538370627,-0.775000000000079));
#6322=CARTESIAN_POINT('',(0.00462425642882772,0.307453837062699,-0.775000000000079));
#6323=CARTESIAN_POINT('',(0.00462425642882797,0.307453837062699,-0.775000000000079));
#6324=CARTESIAN_POINT('',(-0.33414999999999,0.307453837062702,0.14429955373483));
#6325=CARTESIAN_POINT('',(-0.329379204185615,0.307453837062702,0.14429955373483));
#6326=CARTESIAN_POINT('',(-0.324541473842507,0.3074538370627,0.145202110343923));
#6327=CARTESIAN_POINT('',(-0.320068979817717,0.3074538370627,0.146862619272136));
#6328=CARTESIAN_POINT('',(-0.315612171203042,0.3074538370627,0.148517304656842));
#6329=CARTESIAN_POINT('',(-0.311396271042821,0.3074538370627,0.150952028096447));
#6330=CARTESIAN_POINT('',(-0.307657115187103,0.3074538370627,0.153887984539729));
#6331=CARTESIAN_POINT('',(-0.303611718334042,0.3074538370627,0.157064399060727));
#6332=CARTESIAN_POINT('',(-0.300025732534696,0.3074538370627,0.160889532168728));
#6333=CARTESIAN_POINT('',(-0.297008835362945,0.3074538370627,0.165055246556806));
#6334=CARTESIAN_POINT('',(-0.293373911776484,0.3074538370627,0.170074328289346));
#6335=CARTESIAN_POINT('',(-0.290480571518639,0.3074538370627,0.17569396394525));
#6336=CARTESIAN_POINT('',(-0.288388874069339,0.3074538370627,0.181527372271256));
#6337=CARTESIAN_POINT('',(-0.287685760065325,0.3074538370627,0.1834882443307));
#6338=CARTESIAN_POINT('',(-0.287069067705772,0.3074538370627,0.185482170196906));
#6339=CARTESIAN_POINT('',(-0.286540188900551,0.3074538370627,0.187497033900866));
#6340=CARTESIAN_POINT('',(-0.286540188900551,0.3074538370627,0.187497033900866));
#6341=CARTESIAN_POINT('',(-0.286540188900551,0.3074538370627,0.187497033900866));
#6342=CARTESIAN_POINT('',(-0.285123276941202,0.3074538370627,0.192895027641437));
#6343=CARTESIAN_POINT('',(-0.282744684715735,0.3074538370627,0.198119661744729));
#6344=CARTESIAN_POINT('',(-0.279614397287389,0.3074538370627,0.202739973048064));
#6345=CARTESIAN_POINT('',(-0.276485497864793,0.3074538370627,0.207358235651783));
#6346=CARTESIAN_POINT('',(-0.272521539744923,0.3074538370627,0.211500205235556));
#6347=CARTESIAN_POINT('',(-0.268053232440679,0.3074538370627,0.214839754742371));
#6348=CARTESIAN_POINT('',(-0.26353534989879,0.3074538370627,0.218216356078695));
#6349=CARTESIAN_POINT('',(-0.258379503740111,0.3074538370627,0.220865059053093));
#6350=CARTESIAN_POINT('',(-0.253005817145497,0.3074538370627,0.222578590969816));
#6351=CARTESIAN_POINT('',(-0.248003839174387,0.3074538370627,0.224173594464965));
#6352=CARTESIAN_POINT('',(-0.24269280831093,0.3074538370627,0.224999999999911));
#6353=CARTESIAN_POINT('',(-0.237442682619767,0.3074538370627,0.224999999999921));
#6354=CARTESIAN_POINT('',(-0.28414999999999,0.3074538370627,-0.775000000000079));
#6355=CARTESIAN_POINT('',(-0.33414999999999,0.164335549530807,0.222222222222137));
#6356=CARTESIAN_POINT('',(-0.333175714512794,0.164335549530807,0.222222222222137));
#6357=CARTESIAN_POINT('',(-0.332189713680824,0.164526995900108,0.222187509548911));
#6358=CARTESIAN_POINT('',(-0.331276207892706,0.164860251665846,0.222126846708232));
#6359=CARTESIAN_POINT('',(-0.330904177749431,0.164995971868046,0.222102141440238));
#6360=CARTESIAN_POINT('',(-0.330540345878154,0.165155041701387,0.222073158359838));
#6361=CARTESIAN_POINT('',(-0.330186950151355,0.165332521585707,0.222040768515761));
#6362=CARTESIAN_POINT('',(-0.328261940411247,0.166299286263604,0.221864335241106));
#6363=CARTESIAN_POINT('',(-0.326615632563991,0.167798774904353,0.221588926794709));
#6364=CARTESIAN_POINT('',(-0.325189426213003,0.169395242470534,0.221291182110658));
#6365=CARTESIAN_POINT('',(-0.324675238726999,0.169970813911352,0.221183836781241));
#6366=CARTESIAN_POINT('',(-0.32418481303012,0.170567279744511,0.221072103478791));
#6367=CARTESIAN_POINT('',(-0.32371398429282,0.171177460650785,0.220957239055459));
#6368=CARTESIAN_POINT('',(-0.319863338023291,0.176167790773699,0.220017826848504));
#6369=CARTESIAN_POINT('',(-0.317106425149451,0.181931271362101,0.218892449214168));
#6370=CARTESIAN_POINT('',(-0.314624593073557,0.187682521805374,0.217718995078255));
#6371=CARTESIAN_POINT('',(-0.311129102072503,0.195782765316822,0.216066265059947));
#6372=CARTESIAN_POINT('',(-0.308286066231823,0.204136126884685,0.214267959286672));
#6373=CARTESIAN_POINT('',(-0.305715236750787,0.212523531831371,0.212368961436127));
#6374=CARTESIAN_POINT('',(-0.297363389303579,0.239771673767428,0.206199691763703));
#6375=CARTESIAN_POINT('',(-0.291683550979916,0.26765337900834,0.198893328586909));
#6376=CARTESIAN_POINT('',(-0.287985844064759,0.295466857009817,0.190955325810958));
#6377=CARTESIAN_POINT('',(-0.287454960859368,0.29946006379805,0.189815659402886));
#6378=CARTESIAN_POINT('',(-0.28697175676714,0.30345606784029,0.18866235247273));
#6379=CARTESIAN_POINT('',(-0.286540188900551,0.3074538370627,0.187497033900866));
#6380=CARTESIAN_POINT('',(-0.33414999999999,1.00613961606655E-13,-0.250000000000029));
#6381=CARTESIAN_POINT('',(-0.2856446297509,0.26878327402361,-0.103065521805304));
#6382=CARTESIAN_POINT('',(-0.28485915033406,0.26559340480647,-0.120154453481869));
#6383=CARTESIAN_POINT('',(-0.28414999999999,0.261733144951572,-0.13713747642704));
#6384=CARTESIAN_POINT('',(-0.28414999999999,0.2574538370627,-0.154004940770422));
#6385=CARTESIAN_POINT('',(-0.33414999999999,3.35040883925331E-15,-2.15492446413851E-14));
#6386=CARTESIAN_POINT('',(-0.23414999999999,0.2574538370627,-0.154004940770422));
#6387=CARTESIAN_POINT('',(-0.28414999999999,0.2574538370627,-0.154004940770422));
#6388=CARTESIAN_POINT('',(-0.28414999999999,0.3074538370627,-0.154004940770422));
#6389=CARTESIAN_POINT('',(-0.23414999999999,0.3074538370627,-0.154004940770422));
#6390=CARTESIAN_POINT('',(-0.28414999999999,0.261544521955234,-0.137881280466878));
#6391=CARTESIAN_POINT('',(-0.280216017914346,0.3074538370627,-0.138497828499091));
#6392=CARTESIAN_POINT('',(-0.234150238205363,0.3074538370627,-0.135428203605912));
#6393=CARTESIAN_POINT('',(-0.28482833998445,0.265482560721772,-0.120796170429886));
#6394=CARTESIAN_POINT('',(-0.277871834157935,0.307453837062701,-0.120771126733883));
#6395=CARTESIAN_POINT('',(-0.235506950369193,0.3074538370627,-0.116902758393424));
#6396=CARTESIAN_POINT('',(-0.285659480346087,0.268843452844171,-0.102742693637616));
#6397=CARTESIAN_POINT('',(-0.276663033946277,0.3074538370627,-0.10193513379388));
#6398=CARTESIAN_POINT('',(-0.237168960693844,0.3074538370627,-0.0983899753827883));
#6399=CARTESIAN_POINT('',(-0.23414999999999,0.2574538370627,-0.775000000000079));
#6400=CARTESIAN_POINT('',(-0.335334342862702,0.147923332428332,0.224999999999921));
#6401=CARTESIAN_POINT('',(-0.335029784874705,0.156375721628296,0.224999999999921));
#6402=CARTESIAN_POINT('',(-0.334742171431346,0.164357849361674,0.222218174320447));
#6403=CARTESIAN_POINT('',(-0.274298046131322,0.145726955465026,0.224999999999921));
#6404=CARTESIAN_POINT('',(-0.285627451732943,0.153887610029942,0.224999999999926));
#6405=CARTESIAN_POINT('',(-0.305154572625481,0.162132299314643,0.222621724637096));
#6406=CARTESIAN_POINT('',(-0.243861941348196,0.264704780593118,0.224999999999921));
#6407=CARTESIAN_POINT('',(-0.274770491180238,0.282711811113203,0.224999999999923));
#6408=CARTESIAN_POINT('',(-0.288593583037555,0.283510347464025,0.194585149084069));
#6409=CARTESIAN_POINT('',(-0.23726584444048,0.308615479749664,0.224999999999921));
#6410=CARTESIAN_POINT('',(-0.277620272620071,0.314677234264599,0.224999999999921));
#6411=CARTESIAN_POINT('',(-0.285707922220235,0.315892103330785,0.185020770910328));
#6412=CARTESIAN_POINT('',(-0.28414999999999,-0.170000000000003,-1.09633888160506E-17));
#6413=CARTESIAN_POINT('',(-0.28414999999999,-0.170000000000003,-0.545000000000045));
#6414=CARTESIAN_POINT('',(-0.28414999999999,5.50065044018871E-17,-0.545000000000045));
#6415=CARTESIAN_POINT('',(-0.28414999999999,-0.100000000000001,-0.545000000000045));
#6416=CARTESIAN_POINT('',(-0.28414999999999,-0.0999999999999991,3.79443312213623E-16));
#6417=CARTESIAN_POINT('',(-0.28414999999999,0.,0.));
#6418=CARTESIAN_POINT('',(-0.38414999999999,-1.49880108324396E-15,-0.645000000000044));
#6419=CARTESIAN_POINT('',(5.32240500000006,-1.49880108324396E-15,-0.645000000000044));
#6420=CARTESIAN_POINT('',(-0.38414999999999,-0.100000000000001,-0.545000000000045));
#6421=CARTESIAN_POINT('',(-0.38414999999999,-0.100000000000002,-0.645000000000044));
#6422=CARTESIAN_POINT('',(-0.38414999999999,-0.170000000000003,-0.545000000000045));
#6423=CARTESIAN_POINT('',(-0.38414999999999,1.1,-0.545000000000045));
#6424=CARTESIAN_POINT('',(-0.38414999999999,-0.170000000000003,-1.11076448328627));
#6425=CARTESIAN_POINT('',(0.,0.37,0.));
#6426=CARTESIAN_POINT('',(0.,0.37,-0.05));
#6427=CARTESIAN_POINT('',(0.,0.37,0.42));
#6428=CARTESIAN_POINT('',(0.11585,0.37,0.42));
#6429=CARTESIAN_POINT('',(-0.14,0.37,0.56));
#6430=CARTESIAN_POINT('',(-0.14,0.37,-0.14));
#6431=CARTESIAN_POINT('',(-0.14,0.37,0.56));
#6432=CARTESIAN_POINT('',(0.14,0.37,0.56));
#6433=CARTESIAN_POINT('',(0.14,0.37,0.56));
#6434=CARTESIAN_POINT('',(0.14,0.37,-0.14));
#6435=CARTESIAN_POINT('',(0.14,0.37,-0.14));
#6436=CARTESIAN_POINT('',(-0.14,0.37,-0.14));
#6437=CARTESIAN_POINT('',(0.,0.37,0.42));
#6438=CARTESIAN_POINT('',(-0.14,3.663,-0.14));
#6439=CARTESIAN_POINT('',(-0.14,0.,-0.14));
#6440=CARTESIAN_POINT('',(-0.14,0.,0.56));
#6441=CARTESIAN_POINT('',(-0.14,0.,0.56));
#6442=CARTESIAN_POINT('',(-0.14,3.663,0.56));
#6443=CARTESIAN_POINT('',(-0.14,3.663,0.56));
#6444=CARTESIAN_POINT('',(0.14,3.663,-0.14));
#6445=CARTESIAN_POINT('',(0.14,0.,-0.14));
#6446=CARTESIAN_POINT('',(-0.14,0.,-0.14));
#6447=CARTESIAN_POINT('',(-0.14,3.663,-0.14));
#6448=CARTESIAN_POINT('',(0.14,3.663,0.56));
#6449=CARTESIAN_POINT('',(0.14,0.,0.56));
#6450=CARTESIAN_POINT('',(0.14,0.,-0.14));
#6451=CARTESIAN_POINT('',(0.14,3.663,-0.14));
#6452=CARTESIAN_POINT('',(0.14,0.,0.56));
#6453=CARTESIAN_POINT('',(0.14,3.663,0.56));
#6454=CARTESIAN_POINT('',(0.,0.,0.));
#6455=CARTESIAN_POINT('',(-0.11585,0.,0.));
#6456=CARTESIAN_POINT('',(0.11585,0.,7.09376658406104E-18));
#6457=CARTESIAN_POINT('',(0.,0.,0.));
#6458=CARTESIAN_POINT('',(0.,0.,0.));
#6459=CARTESIAN_POINT('',(0.06585,0.335,-1.65211759616839E-18));
#6460=CARTESIAN_POINT('',(0.06585,0.335,0.0861971886191763));
#6461=CARTESIAN_POINT('',(0.06585,0.335,0.301176601630823));
#6462=CARTESIAN_POINT('',(0.06585,0.335,0.0861971886191763));
#6463=CARTESIAN_POINT('',(0.0733617120324556,0.335,0.0816063545536007));
#6464=CARTESIAN_POINT('',(0.0804277116257547,0.333273618875294,0.0760871286692664));
#6465=CARTESIAN_POINT('',(0.0863956607693621,0.33058372323045,0.0702007359270726));
#6466=CARTESIAN_POINT('',(0.094134940245125,0.327095447165232,0.0625672193806493));
#6467=CARTESIAN_POINT('',(0.100382391521058,0.321891008013958,0.0540394537136579));
#6468=CARTESIAN_POINT('',(0.10494020160105,0.316176211103809,0.0452700435210549));
#6469=CARTESIAN_POINT('',(0.110339705521492,0.309406058820296,0.0348811804741321));
#6470=CARTESIAN_POINT('',(0.113581326554245,0.301037129704968,0.0241053272537186));
#6471=CARTESIAN_POINT('',(0.114797095194409,0.295206952142017,0.0119624686061594));
#6472=CARTESIAN_POINT('',(0.115073532571716,0.293881306010435,0.00920146631786177));
#6473=CARTESIAN_POINT('',(0.115250716537486,0.292734577299216,0.00627794797938344));
#6474=CARTESIAN_POINT('',(0.115323716277969,0.292235426569936,0.00324440079612024));
#6475=CARTESIAN_POINT('',(0.115349478972246,0.29205926885278,0.00217381687158428));
#6476=CARTESIAN_POINT('',(0.115362469122395,0.291965299807178,0.00108528576753073));
#6477=CARTESIAN_POINT('',(0.115362469121902,0.291965299810683,4.58554748663626E-34));
#6478=CARTESIAN_POINT('',(0.115362469121902,0.291965299810683,4.58554748663626E-34));
#6479=CARTESIAN_POINT('',(0.06585,0.285,4.58554748663628E-34));
#6480=CARTESIAN_POINT('',(0.11585,0.285,0.));
#6481=CARTESIAN_POINT('',(0.11585,0.285,0.349049312899733));
#6482=CARTESIAN_POINT('',(0.11585,0.285,0.301176601630824));
#6483=CARTESIAN_POINT('',(0.06585,0.285,0.301176601630823));
#6484=CARTESIAN_POINT('',(0.06585,0.285,-1.65211759616839E-18));
#6485=CARTESIAN_POINT('',(-0.06585,0.285,1.65211759616839E-18));
#6486=CARTESIAN_POINT('',(-0.115362469121902,0.291965299810683,-2.14040720748738E-19));
#6487=CARTESIAN_POINT('',(-0.11585,0.285,0.));
#6488=CARTESIAN_POINT('',(-0.115362469121902,0.291965299810683,-2.14040720748738E-19));
#6489=CARTESIAN_POINT('',(-0.115362469121902,0.291965299810683,0.00280952580715237));
#6490=CARTESIAN_POINT('',(-0.115273806788215,0.292634106376626,0.0056343806984015));
#6491=CARTESIAN_POINT('',(-0.115102168565163,0.293615328892815,0.00826139001607949));
#6492=CARTESIAN_POINT('',(-0.115038685701909,0.29397824814069,0.00923302716260064));
#6493=CARTESIAN_POINT('',(-0.114963630376248,0.294383267424559,0.0101887085880334));
#6494=CARTESIAN_POINT('',(-0.114877075709544,0.294815592054005,0.011129677717894));
#6495=CARTESIAN_POINT('',(-0.113864327670458,0.299874082108784,0.022139651846252));
#6496=CARTESIAN_POINT('',(-0.11122670077935,0.307342579653666,0.0318853093526661));
#6497=CARTESIAN_POINT('',(-0.106861336742412,0.31360192753511,0.0413509140061553));
#6498=CARTESIAN_POINT('',(-0.105669553377852,0.315310785402397,0.0439351086039182));
#6499=CARTESIAN_POINT('',(-0.104346033151463,0.31698046525364,0.0464888765380619));
#6500=CARTESIAN_POINT('',(-0.102890613182362,0.318585606665276,0.049003608786221));
#6501=CARTESIAN_POINT('',(-0.0981168652399132,0.323850437898745,0.0572518794918075));
#6502=CARTESIAN_POINT('',(-0.0917792704169046,0.328536271990117,0.06525444429733));
#6503=CARTESIAN_POINT('',(-0.0841181882743808,0.331543241154563,0.0723823502883738));
#6504=CARTESIAN_POINT('',(-0.0786853140197736,0.333675640344912,0.0774371214326556));
#6505=CARTESIAN_POINT('',(-0.0724380616280339,0.335,0.0821708498008867));
#6506=CARTESIAN_POINT('',(-0.06585,0.335,0.0861971886191763));
#6507=CARTESIAN_POINT('',(-0.06585,0.335,0.0861971886191763));
#6508=CARTESIAN_POINT('',(-0.06585,0.335,0.349049312899733));
#6509=CARTESIAN_POINT('',(-0.06585,0.335,0.301176601630823));
#6510=CARTESIAN_POINT('',(-0.06585,0.285,0.301176601630823));
#6511=CARTESIAN_POINT('',(-0.11585,0.285,0.301176601630823));
#6512=CARTESIAN_POINT('',(-0.11585,0.285,-1.65211759616839E-18));
#6513=CARTESIAN_POINT('',(-0.06585,0.285,0.42));
#6514=CARTESIAN_POINT('',(0.,0.291965299810683,0.));
#6515=CARTESIAN_POINT('',(0.,0.285,0.));
#6516=CARTESIAN_POINT('',(0.,0.285,0.));
#6517=CARTESIAN_POINT('',(0.235,0.1,0.333125322267253));
#6518=CARTESIAN_POINT('',(-0.06585,0.1,0.333125322267253));
#6519=CARTESIAN_POINT('',(0.06585,0.1,0.333125322267253));
#6520=CARTESIAN_POINT('',(0.06585,0.1,0.333125322267253));
#6521=CARTESIAN_POINT('',(0.06585,0.1,0.205560210157511));
#6522=CARTESIAN_POINT('',(0.,0.1,0.));
#6523=CARTESIAN_POINT('',(-0.06585,0.1,0.205560210157511));
#6524=CARTESIAN_POINT('',(-0.06585,0.1,0.182126329782379));
#6525=CARTESIAN_POINT('',(0.,0.1,0.42));
#6526=CARTESIAN_POINT('',(-0.11585,0.1,0.));
#6527=CARTESIAN_POINT('',(0.11585,0.1,0.));
#6528=CARTESIAN_POINT('',(0.,0.335,0.));
#6529=CARTESIAN_POINT('',(0.,0.335,0.));
#6530=CARTESIAN_POINT('',(0.,0.335,0.42));
#6531=CARTESIAN_POINT('',(0.,0.335,0.));
#6532=CARTESIAN_POINT('',(-0.11585,0.1,0.42));
#6533=CARTESIAN_POINT('',(-0.11585,0.355,0.42));
#6534=CARTESIAN_POINT('',(-0.11585,0.177749814347947,0.42));
#6535=CARTESIAN_POINT('',(0.,0.355,0.42));
#6536=CARTESIAN_POINT('',(0.11585,0.355,0.42));
#6537=CARTESIAN_POINT('',(0.11585,0.1,0.42));
#6538=CARTESIAN_POINT('',(0.11585,0.177749814347947,0.42));
#6539=CARTESIAN_POINT('',(0.11585,0.177749814347947,0.42));
#6540=CARTESIAN_POINT('',(0.11585,0.181776874877531,0.429350514176547));
#6541=CARTESIAN_POINT('',(0.114710840470009,0.186467472442628,0.43847598789318));
#6542=CARTESIAN_POINT('',(0.112635263974496,0.191460746109263,0.447102025927881));
#6543=CARTESIAN_POINT('',(0.108484894328785,0.201445408926334,0.464350846436001));
#6544=CARTESIAN_POINT('',(0.100392275945829,0.213029259394168,0.480073456103058));
#6545=CARTESIAN_POINT('',(0.090143794841626,0.225204405017055,0.492768940843954));
#6546=CARTESIAN_POINT('',(0.0799241342463058,0.237345312015798,0.50542872367673));
#6547=CARTESIAN_POINT('',(0.067310254107546,0.250498966591456,0.515850550464862));
#6548=CARTESIAN_POINT('',(0.0519092004905795,0.261238489596188,0.5235695776009));
#6549=CARTESIAN_POINT('',(0.0447709668808248,0.266216150603787,0.527147269121717));
#6550=CARTESIAN_POINT('',(0.0369089730266756,0.270790505204614,0.530162970056345));
#6551=CARTESIAN_POINT('',(0.0284057543924483,0.27419661783826,0.532313559365715));
#6552=CARTESIAN_POINT('',(0.02340214269221,0.276200901834609,0.533579046505779));
#6553=CARTESIAN_POINT('',(0.0181153693083794,0.277808727877098,0.534554457943491));
#6554=CARTESIAN_POINT('',(0.0127013756640841,0.278802107049602,0.535151628543585));
#6555=CARTESIAN_POINT('',(0.00818918823455641,0.279630019549952,0.535649328735359));
#6556=CARTESIAN_POINT('',(0.00353793292194888,0.280034996613338,0.535887847945561));
#6557=CARTESIAN_POINT('',(-0.00107573539473653,0.279962822001514,0.535845005474386));
#6558=CARTESIAN_POINT('',(-0.00634784147816566,0.279880347019797,0.535796048757646));
#6559=CARTESIAN_POINT('',(-0.0116434250895385,0.279170494488103,0.535377504034616));
#6560=CARTESIAN_POINT('',(-0.0167195631329533,0.277950241906008,0.534637161115596));
#6561=CARTESIAN_POINT('',(-0.0213770646395549,0.276830625341027,0.533957875361102));
#6562=CARTESIAN_POINT('',(-0.0259080817979499,0.275279524584292,0.533004566544488));
#6563=CARTESIAN_POINT('',(-0.0302294134494848,0.27344403328333,0.53183651041811));
#6564=CARTESIAN_POINT('',(-0.0400057317456616,0.269291529232477,0.529193971173243));
#6565=CARTESIAN_POINT('',(-0.0489052581509476,0.263663539920247,0.525417961898963));
#6566=CARTESIAN_POINT('',(-0.0568641222344867,0.257634092413296,0.520934107726285));
#6567=CARTESIAN_POINT('',(-0.0642311820430245,0.252052981851549,0.516783663452309));
#6568=CARTESIAN_POINT('',(-0.070920514664593,0.246017511944313,0.511958584525513));
#6569=CARTESIAN_POINT('',(-0.0769421772907336,0.23987175041544,0.506609028708105));
#6570=CARTESIAN_POINT('',(-0.0902031494612268,0.226337486266021,0.494828177600441));
#6571=CARTESIAN_POINT('',(-0.101080105375387,0.21251563523623,0.479691561075491));
#6572=CARTESIAN_POINT('',(-0.107955277909819,0.200735547143799,0.462034277339022));
#6573=CARTESIAN_POINT('',(-0.112942486547005,0.192190342381714,0.449225790349242));
#6574=CARTESIAN_POINT('',(-0.11585,0.184151792671137,0.434864884356548));
#6575=CARTESIAN_POINT('',(-0.11585,0.177749814347947,0.42));
#6576=CARTESIAN_POINT('',(0.,0.1,0.42));
#6577=CARTESIAN_POINT('',(0.11585,0.,7.09376658406104E-18));
#6578=CARTESIAN_POINT('',(0.11585,2.15240485796674E-5,1.42612060993801E-5));
#6579=CARTESIAN_POINT('',(0.11585,4.30480981695712E-5,2.85224106740312E-5));
#6580=CARTESIAN_POINT('',(0.11585,6.45721457390206E-5,4.27836182980984E-5));
#6581=CARTESIAN_POINT('',(0.11585,0.00445020858264989,0.00294857871044582));
#6582=CARTESIAN_POINT('',(0.11585,0.00883580571066709,0.00585449406623355));
#6583=CARTESIAN_POINT('',(0.11585,0.0132086359795198,0.00877952526506122));
#6584=CARTESIAN_POINT('',(0.11585,0.0175810238915352,0.0117042605668449));
#6585=CARTESIAN_POINT('',(0.11585,0.021940773435617,0.0146482159326036));
#6586=CARTESIAN_POINT('',(0.11585,0.0262746607759103,0.0176297043461788));
#6587=CARTESIAN_POINT('',(0.11585,0.0349291872851414,0.0235835671225256));
#6588=CARTESIAN_POINT('',(0.11585,0.0434846674630663,0.0296911535456256));
#6589=CARTESIAN_POINT('',(0.11585,0.0518232492422488,0.0360800004658795));
#6590=CARTESIAN_POINT('',(0.11585,0.0756085575161775,0.0543038060886236));
#6591=CARTESIAN_POINT('',(0.11585,0.0979604962570208,0.0753490501668772));
#6592=CARTESIAN_POINT('',(0.11585,0.115105865269244,0.0999231076766999));
#6593=CARTESIAN_POINT('',(0.11585,0.126148869445811,0.115750787997999));
#6594=CARTESIAN_POINT('',(0.11585,0.13519709379572,0.133262016137534));
#6595=CARTESIAN_POINT('',(0.11585,0.141219197282269,0.151597710157511));
#6596=CARTESIAN_POINT('',(0.11585,0.146905788737551,0.168911859801994));
#6597=CARTESIAN_POINT('',(0.11585,0.15,0.187336129925827));
#6598=CARTESIAN_POINT('',(0.11585,0.15,0.205560210157511));
#6599=CARTESIAN_POINT('',(0.11585,0.15,0.205560210157511));
#6600=CARTESIAN_POINT('',(0.11585,0.15,0.182126329782379));
#6601=CARTESIAN_POINT('',(0.11585,0.15,0.333110432310255));
#6602=CARTESIAN_POINT('',(0.11585,0.15,0.333110432310255));
#6603=CARTESIAN_POINT('',(0.11585,0.150009751292535,0.348403254480564));
#6604=CARTESIAN_POINT('',(0.11585,0.152253191924152,0.363882887510069));
#6605=CARTESIAN_POINT('',(0.11585,0.156812273175453,0.378480328490065));
#6606=CARTESIAN_POINT('',(0.11585,0.16143313183523,0.393275570742823));
#6607=CARTESIAN_POINT('',(0.11585,0.168389074983233,0.407645725977731));
#6608=CARTESIAN_POINT('',(0.11585,0.177749814347947,0.42));
#6609=CARTESIAN_POINT('',(0.11585,0.355,0.42));
#6610=CARTESIAN_POINT('',(0.11585,0.354987338739523,0.419987719788509));
#6611=CARTESIAN_POINT('',(0.11585,0.354974677478119,0.419975439577974));
#6612=CARTESIAN_POINT('',(0.11585,0.354962016218568,0.419963159365528));
#6613=CARTESIAN_POINT('',(0.11585,0.340504012464314,0.405940276654187));
#6614=CARTESIAN_POINT('',(0.11585,0.325950830191087,0.391803627808532));
#6615=CARTESIAN_POINT('',(0.11585,0.313727877909302,0.375795050432286));
#6616=CARTESIAN_POINT('',(0.11585,0.304309493001061,0.363459655505848));
#6617=CARTESIAN_POINT('',(0.11585,0.296179470377176,0.349782061879068));
#6618=CARTESIAN_POINT('',(0.11585,0.291036352894626,0.335139101630824));
#6619=CARTESIAN_POINT('',(0.11585,0.287225967472948,0.324290560361946));
#6620=CARTESIAN_POINT('',(0.11585,0.285,0.312674857356118));
#6621=CARTESIAN_POINT('',(0.11585,0.285,0.301176601630824));
#6622=CARTESIAN_POINT('',(0.11585,0.1,0.));
#6623=CARTESIAN_POINT('',(-0.11585,0.177749814347947,0.42));
#6624=CARTESIAN_POINT('',(-0.11585,0.168389074983217,0.407645725977743));
#6625=CARTESIAN_POINT('',(-0.11585,0.16143313183523,0.393275570742823));
#6626=CARTESIAN_POINT('',(-0.11585,0.156812273175453,0.378480328490065));
#6627=CARTESIAN_POINT('',(-0.11585,0.152253191924152,0.36388288751007));
#6628=CARTESIAN_POINT('',(-0.11585,0.150009751292535,0.348403254480564));
#6629=CARTESIAN_POINT('',(-0.11585,0.15,0.333110432310255));
#6630=CARTESIAN_POINT('',(-0.11585,0.15,0.333110432310255));
#6631=CARTESIAN_POINT('',(-0.11585,0.15,0.333125322267253));
#6632=CARTESIAN_POINT('',(-0.11585,0.15,0.205560210157511));
#6633=CARTESIAN_POINT('',(-0.11585,0.15,0.205560210157511));
#6634=CARTESIAN_POINT('',(-0.11585,0.15,0.187336129925827));
#6635=CARTESIAN_POINT('',(-0.11585,0.146905788737551,0.168911859801994));
#6636=CARTESIAN_POINT('',(-0.11585,0.141219197282269,0.151597710157511));
#6637=CARTESIAN_POINT('',(-0.11585,0.13519709379572,0.133262016137534));
#6638=CARTESIAN_POINT('',(-0.11585,0.126148869445811,0.115750787997999));
#6639=CARTESIAN_POINT('',(-0.11585,0.115105865269244,0.0999231076766999));
#6640=CARTESIAN_POINT('',(-0.11585,0.0979604962570208,0.0753490501668772));
#6641=CARTESIAN_POINT('',(-0.11585,0.0756085575161776,0.0543038060886237));
#6642=CARTESIAN_POINT('',(-0.11585,0.0518232492422489,0.0360800004658796));
#6643=CARTESIAN_POINT('',(-0.11585,0.0434846674630667,0.029691153545626));
#6644=CARTESIAN_POINT('',(-0.11585,0.0349291872851421,0.0235835671225262));
#6645=CARTESIAN_POINT('',(-0.11585,0.0262746607759113,0.0176297043461797));
#6646=CARTESIAN_POINT('',(-0.11585,0.0219407734356179,0.0146482159326044));
#6647=CARTESIAN_POINT('',(-0.11585,0.017581023891536,0.0117042605668456));
#6648=CARTESIAN_POINT('',(-0.11585,0.0132086359795205,0.00877952526506192));
#6649=CARTESIAN_POINT('',(-0.11585,0.00883580571066746,0.00585449406623414));
#6650=CARTESIAN_POINT('',(-0.11585,0.00445020858475966,0.00294857870726199));
#6651=CARTESIAN_POINT('',(-0.11585,6.45721457074145E-5,4.27836183456164E-5));
#6652=CARTESIAN_POINT('',(-0.11585,4.3048098127484E-5,2.8522410737427E-5));
#6653=CARTESIAN_POINT('',(-0.11585,2.15240485691319E-5,1.42612061152149E-5));
#6654=CARTESIAN_POINT('',(-0.11585,0.,0.));
#6655=CARTESIAN_POINT('',(-0.11585,0.285,0.301176601630823));
#6656=CARTESIAN_POINT('',(-0.11585,0.285,0.312674857356118));
#6657=CARTESIAN_POINT('',(-0.11585,0.287225967472948,0.324290560361946));
#6658=CARTESIAN_POINT('',(-0.11585,0.291036352894626,0.335139101630823));
#6659=CARTESIAN_POINT('',(-0.11585,0.296179470377176,0.349782061879068));
#6660=CARTESIAN_POINT('',(-0.11585,0.304309493001061,0.363459655505848));
#6661=CARTESIAN_POINT('',(-0.11585,0.313727877909302,0.375795050432286));
#6662=CARTESIAN_POINT('',(-0.11585,0.325950830191087,0.391803627808532));
#6663=CARTESIAN_POINT('',(-0.11585,0.340504012463658,0.405940276654864));
#6664=CARTESIAN_POINT('',(-0.11585,0.35496201621857,0.419963159365526));
#6665=CARTESIAN_POINT('',(-0.11585,0.354974677478121,0.419975439577972));
#6666=CARTESIAN_POINT('',(-0.11585,0.354987338739523,0.419987719788509));
#6667=CARTESIAN_POINT('',(-0.11585,0.355,0.42));
#6668=CARTESIAN_POINT('',(-0.11585,0.1,0.42));
#6669=CARTESIAN_POINT('',(0.06585,0.1,0.205560210157511));
#6670=CARTESIAN_POINT('',(0.067661134248932,0.1,0.192512221534324));
#6671=CARTESIAN_POINT('',(0.0698926441553634,0.0978253179956109,0.179421413776305));
#6672=CARTESIAN_POINT('',(0.0725656257094788,0.0941461315215126,0.167058203397175));
#6673=CARTESIAN_POINT('',(0.07562938256625,0.0899290680816232,0.15288755919185));
#6674=CARTESIAN_POINT('',(0.0793472861287292,0.083715126645353,0.139425287149903));
#6675=CARTESIAN_POINT('',(0.0834915204467521,0.0767372435128293,0.12669297171894));
#6676=CARTESIAN_POINT('',(0.0911273340333668,0.0638803896912639,0.103233490498487));
#6677=CARTESIAN_POINT('',(0.100391659433535,0.0487871078682759,0.0815949123913827));
#6678=CARTESIAN_POINT('',(0.106999289343388,0.0345488328281659,0.0586261869302688));
#6679=CARTESIAN_POINT('',(0.109660717444687,0.0288139254827536,0.0493748196129056));
#6680=CARTESIAN_POINT('',(0.111873702289417,0.0231342207553592,0.0399347850026584));
#6681=CARTESIAN_POINT('',(0.113402253697784,0.0175164405172735,0.0303606409245604));
#6682=CARTESIAN_POINT('',(0.114195253405684,0.0146019830358568,0.0253936549169192));
#6683=CARTESIAN_POINT('',(0.114807000257111,0.0116993402756684,0.020386764956365));
#6684=CARTESIAN_POINT('',(0.115218914809819,0.00880575731967991,0.0153616913224866));
#6685=CARTESIAN_POINT('',(0.115635747345248,0.00587762692931488,0.0102766216891003));
#6686=CARTESIAN_POINT('',(0.115848329052629,0.00295521349708849,0.00516716814900435));
#6687=CARTESIAN_POINT('',(0.115849990131149,3.47028532466766E-5,6.06776768714786E-5));
#6688=CARTESIAN_POINT('',(0.115849996710382,2.31352352688095E-5,4.04517855144976E-5));
#6689=CARTESIAN_POINT('',(0.11585,1.15676178641667E-5,2.02258924920877E-5));
#6690=CARTESIAN_POINT('',(0.11585,0.,7.09376658406104E-18));
#6691=CARTESIAN_POINT('',(-0.11585,0.,0.));
#6692=CARTESIAN_POINT('',(-0.11585,1.15676178472261E-5,2.02258925074867E-5));
#6693=CARTESIAN_POINT('',(-0.115849996710382,2.31352351961193E-5,4.04517855674983E-5));
#6694=CARTESIAN_POINT('',(-0.115849990131149,3.47028531958549E-5,6.06776769176897E-5));
#6695=CARTESIAN_POINT('',(-0.115848329052629,0.00295521350193456,0.00516716814624473));
#6696=CARTESIAN_POINT('',(-0.115635747345248,0.00587762692931751,0.0102766216891055));
#6697=CARTESIAN_POINT('',(-0.115218914809819,0.00880575731968036,0.0153616913224879));
#6698=CARTESIAN_POINT('',(-0.114807000257111,0.0116993402756689,0.0203867649563662));
#6699=CARTESIAN_POINT('',(-0.114195253405684,0.0146019830358573,0.0253936549169205));
#6700=CARTESIAN_POINT('',(-0.113402253697784,0.0175164405172742,0.0303606409245618));
#6701=CARTESIAN_POINT('',(-0.111873702289417,0.0231342207553597,0.0399347850026594));
#6702=CARTESIAN_POINT('',(-0.109660717444687,0.0288139254827539,0.0493748196129062));
#6703=CARTESIAN_POINT('',(-0.106999289343388,0.034548832828166,0.058626186930269));
#6704=CARTESIAN_POINT('',(-0.100391659433535,0.0487871078682759,0.0815949123913828));
#6705=CARTESIAN_POINT('',(-0.0911273340333667,0.0638803896912639,0.103233490498487));
#6706=CARTESIAN_POINT('',(-0.083491520446752,0.0767372435128293,0.12669297171894));
#6707=CARTESIAN_POINT('',(-0.0793472861287291,0.0837151266453531,0.139425287149903));
#6708=CARTESIAN_POINT('',(-0.07562938256625,0.0899290680816232,0.15288755919185));
#6709=CARTESIAN_POINT('',(-0.0725656257094787,0.0941461315215126,0.167058203397175));
#6710=CARTESIAN_POINT('',(-0.0698926441553634,0.0978253179956109,0.179421413776305));
#6711=CARTESIAN_POINT('',(-0.067661134248932,0.1,0.192512221534324));
#6712=CARTESIAN_POINT('',(-0.06585,0.1,0.205560210157511));
#6713=CARTESIAN_POINT('',(0.,5.55111512312578E-17,0.));
#6714=CARTESIAN_POINT('',(0.06585,0.335,0.301176601630823));
#6715=CARTESIAN_POINT('',(0.0699010997147314,0.335,0.307243688637646));
#6716=CARTESIAN_POINT('',(0.074155263749227,0.335773521795567,0.313165725321491));
#6717=CARTESIAN_POINT('',(0.0783023379477518,0.336724672255608,0.319091773080439));
#6718=CARTESIAN_POINT('',(0.0860123255825068,0.33849299322954,0.330109119951328));
#6719=CARTESIAN_POINT('',(0.0933895555165713,0.340899716706143,0.341339037041057));
#6720=CARTESIAN_POINT('',(0.0993802676860307,0.343207965116943,0.35328626087947));
#6721=CARTESIAN_POINT('',(0.107547169279495,0.346354709125173,0.369573439873117));
#6722=CARTESIAN_POINT('',(0.113217037069451,0.34952865035992,0.387509746591059));
#6723=CARTESIAN_POINT('',(0.115104219450335,0.352590114348092,0.405646407253159));
#6724=CARTESIAN_POINT('',(0.115597668377454,0.353390607260532,0.410388670553146));
#6725=CARTESIAN_POINT('',(0.115847606832405,0.354190062679625,0.415162861712959));
#6726=CARTESIAN_POINT('',(0.115849982828441,0.354988459810266,0.419931079234148));
#6727=CARTESIAN_POINT('',(0.115849994276146,0.354992306540292,0.419954052820607));
#6728=CARTESIAN_POINT('',(0.11585,0.354996153269972,0.419977026410689));
#6729=CARTESIAN_POINT('',(0.11585,0.355,0.42));
#6730=CARTESIAN_POINT('',(-0.11585,0.355,0.42));
#6731=CARTESIAN_POINT('',(-0.11585,0.354996153269972,0.419977026410689));
#6732=CARTESIAN_POINT('',(-0.115849994276146,0.354992306540291,0.419954052820607));
#6733=CARTESIAN_POINT('',(-0.115849982828441,0.354988459810265,0.419931079234148));
#6734=CARTESIAN_POINT('',(-0.115847606832405,0.354190062679643,0.415162861712956));
#6735=CARTESIAN_POINT('',(-0.115597668377454,0.353390607260532,0.410388670553146));
#6736=CARTESIAN_POINT('',(-0.115104219450335,0.352590114348092,0.405646407253159));
#6737=CARTESIAN_POINT('',(-0.113217037069451,0.34952865035992,0.387509746591059));
#6738=CARTESIAN_POINT('',(-0.107547169279495,0.346354709125173,0.369573439873117));
#6739=CARTESIAN_POINT('',(-0.0993802676860306,0.343207965116943,0.35328626087947));
#6740=CARTESIAN_POINT('',(-0.0933895555165713,0.340899716706143,0.341339037041057));
#6741=CARTESIAN_POINT('',(-0.0860123255825067,0.33849299322954,0.330109119951328));
#6742=CARTESIAN_POINT('',(-0.0783023379477517,0.336724672255608,0.319091773080439));
#6743=CARTESIAN_POINT('',(-0.074155263749227,0.335773521795567,0.313165725321491));
#6744=CARTESIAN_POINT('',(-0.0699010997147314,0.335,0.307243688637646));
#6745=CARTESIAN_POINT('',(-0.06585,0.335,0.301176601630823));
#6746=CARTESIAN_POINT('',(0.,0.355,0.42));
#6747=CARTESIAN_POINT('',(-0.06585,0.137897444239005,0.450195837406833));
#6748=CARTESIAN_POINT('',(-0.06585,0.146794767414441,0.461938496217353));
#6749=CARTESIAN_POINT('',(-0.0642059278317136,0.157305591104721,0.472577202558115));
#6750=CARTESIAN_POINT('',(-0.0613625813583216,0.168309151566128,0.481952139018316));
#6751=CARTESIAN_POINT('',(-0.0579007736784863,0.181706115484278,0.493366234113514));
#6752=CARTESIAN_POINT('',(-0.0527927258373327,0.196320570700814,0.503041746092525));
#6753=CARTESIAN_POINT('',(-0.0467141429987436,0.211304441582301,0.510805686172145));
#6754=CARTESIAN_POINT('',(-0.06585,0.137897444239005,0.450195837406833));
#6755=CARTESIAN_POINT('',(-0.0467141429987436,0.211304441582301,0.510805686172145));
#6756=CARTESIAN_POINT('',(-0.0467141429987436,0.211304441582301,0.510805686172145));
#6757=CARTESIAN_POINT('',(-0.0457572657113472,0.213438912843451,0.511911668168131));
#6758=CARTESIAN_POINT('',(-0.044764723197291,0.215571495342423,0.512991424931879));
#6759=CARTESIAN_POINT('',(-0.0437345047440208,0.217698837533717,0.514043966153371));
#6760=CARTESIAN_POINT('',(-0.0403842262514781,0.22461697102972,0.5174668384633));
#6761=CARTESIAN_POINT('',(-0.0366442253870963,0.231517065459698,0.520615425932304));
#6762=CARTESIAN_POINT('',(-0.0323219892027704,0.238166762151177,0.523426262137857));
#6763=CARTESIAN_POINT('',(-0.0280782818510652,0.244695643390608,0.526186029480791));
#6764=CARTESIAN_POINT('',(-0.0232652232799083,0.251179394269546,0.528685656100806));
#6765=CARTESIAN_POINT('',(-0.0171826230094828,0.256436534573092,0.530587262761419));
#6766=CARTESIAN_POINT('',(-0.0148604041078038,0.258443608856936,0.531313259331061));
#6767=CARTESIAN_POINT('',(-0.0123046224929446,0.26027873211169,0.531956122844467));
#6768=CARTESIAN_POINT('',(-0.00950352380064715,0.261649334771876,0.532428788996432));
#6769=CARTESIAN_POINT('',(-0.00911251958499503,0.261840656634112,0.532494768270394));
#6770=CARTESIAN_POINT('',(-0.00871636402883927,0.262022949372077,0.532557457169581));
#6771=CARTESIAN_POINT('',(-0.00831544514512708,0.26219505059896,0.532616506577775));
#6772=CARTESIAN_POINT('',(-0.00590813898074714,0.263228427576708,0.53297106708895));
#6773=CARTESIAN_POINT('',(-0.00325357984195237,0.263893846312501,0.533194768257276));
#6774=CARTESIAN_POINT('',(-0.000611455983974107,0.263977987055485,0.533223157652454));
#6775=CARTESIAN_POINT('',(-0.000220777548076554,0.263990428551657,0.533227355458879));
#6776=CARTESIAN_POINT('',(0.000170526839270841,0.263990941405941,0.533227528438132));
#6777=CARTESIAN_POINT('',(0.000561239993148555,0.263979520567336,0.533223675061222));
#6778=CARTESIAN_POINT('',(0.00282950911331525,0.263913217359274,0.533201304440302));
#6779=CARTESIAN_POINT('',(0.00510868229841317,0.263423354615225,0.53303652633615));
#6780=CARTESIAN_POINT('',(0.00721955621475992,0.262634952127877,0.532767130365851));
#6781=CARTESIAN_POINT('',(0.0104943093352675,0.26141184567625,0.532349196690346));
#6782=CARTESIAN_POINT('',(0.0134847293007528,0.259476326426972,0.531679437636944));
#6783=CARTESIAN_POINT('',(0.0161460416637266,0.257307005175843,0.530900895560051));
#6784=CARTESIAN_POINT('',(0.0214064313619308,0.253019092445155,0.529362017682397));
#6785=CARTESIAN_POINT('',(0.0256994211891538,0.247721622034936,0.52735923649752));
#6786=CARTESIAN_POINT('',(0.0295055749012055,0.242328591337445,0.525155953878004));
#6787=CARTESIAN_POINT('',(0.0364827496060616,0.232442464761448,0.521117050322465));
#6788=CARTESIAN_POINT('',(0.0419965451740739,0.221827814966801,0.516258400252742));
#6789=CARTESIAN_POINT('',(0.0467141429987436,0.211304441582301,0.510805686172145));
#6790=CARTESIAN_POINT('',(0.0467141429987436,0.211304441582301,0.510805686172145));
#6791=CARTESIAN_POINT('',(0.0467141429987436,0.211304441582301,0.510805686172145));
#6792=CARTESIAN_POINT('',(0.0482965306500443,0.207403813281075,0.508784563283198));
#6793=CARTESIAN_POINT('',(0.049806714077809,0.203534301189307,0.506641106004594));
#6794=CARTESIAN_POINT('',(0.0512384021607343,0.199710869132258,0.504374958151103));
#6795=CARTESIAN_POINT('',(0.056970170074088,0.184403746411294,0.495302427822419));
#6796=CARTESIAN_POINT('',(0.0615761865819342,0.169652937276413,0.48406612632642));
#6797=CARTESIAN_POINT('',(0.064022720178857,0.156428996907315,0.471080986725871));
#6798=CARTESIAN_POINT('',(0.0652433666343145,0.149831190133264,0.464602324570171));
#6799=CARTESIAN_POINT('',(0.0658499999999728,0.143530213508039,0.45762994836151));
#6800=CARTESIAN_POINT('',(0.06585,0.137897444239005,0.450195837406833));
#6801=CARTESIAN_POINT('',(0.06585,0.137897444239005,0.450195837406833));
#6802=CARTESIAN_POINT('',(0.06585,0.137897444239005,0.450195837406833));
#6803=CARTESIAN_POINT('',(0.06585,0.13636848136918,0.448177917077282));
#6804=CARTESIAN_POINT('',(0.06585,0.134883196477564,0.446126140126987));
#6805=CARTESIAN_POINT('',(0.06585,0.13344391094463,0.444043308624343));
#6806=CARTESIAN_POINT('',(0.06585,0.122792389947802,0.428629186147859));
#6807=CARTESIAN_POINT('',(0.06585,0.114671492431362,0.411270642144321));
#6808=CARTESIAN_POINT('',(0.06585,0.109085837040842,0.393386276762114));
#6809=CARTESIAN_POINT('',(0.06585,0.103029842093003,0.373995960169403));
#6810=CARTESIAN_POINT('',(0.06585,0.100011350650904,0.353439340174515));
#6811=CARTESIAN_POINT('',(0.06585,0.1,0.333125322267253));
#6812=CARTESIAN_POINT('',(-0.06585,0.1,0.333125322267253));
#6813=CARTESIAN_POINT('',(-0.06585,0.100011350650904,0.353439340174515));
#6814=CARTESIAN_POINT('',(-0.06585,0.103029842093003,0.373995960169403));
#6815=CARTESIAN_POINT('',(-0.06585,0.109085837040843,0.393386276762114));
#6816=CARTESIAN_POINT('',(-0.06585,0.115415697416122,0.413653466170538));
#6817=CARTESIAN_POINT('',(-0.06585,0.125074681727734,0.433272396253598));
#6818=CARTESIAN_POINT('',(-0.06585,0.137897444239005,0.450195837406833));
#6819=CARTESIAN_POINT('',(0.235,0.35,0.55125));
#6820=CARTESIAN_POINT('',(0.235,0.276547311009544,0.544611465473481));
#6821=CARTESIAN_POINT('',(0.235,0.176807216585161,0.492930850423812));
#6822=CARTESIAN_POINT('',(0.235,0.130081806784769,0.443397821303245));
#6823=CARTESIAN_POINT('',(0.235,0.100024547594821,0.377057629321741));
#6824=CARTESIAN_POINT('',(0.235,0.1,0.333125322267253));
#6825=CARTESIAN_POINT('',(0.11585,0.355,0.42));
#6826=CARTESIAN_POINT('',(0.11585,0.355,0.42));
#6827=CARTESIAN_POINT('',(0.11585,0.355,0.42));
#6828=CARTESIAN_POINT('',(0.11585,0.344838761919992,0.359312252706308));
#6829=CARTESIAN_POINT('',(0.115849999998876,0.332310947680186,0.372776007006497));
#6830=CARTESIAN_POINT('',(0.11585,0.321882205164035,0.387880674054565));
#6831=CARTESIAN_POINT('',(0.0778765148504085,0.335,0.31918762529859));
#6832=CARTESIAN_POINT('',(0.11585,0.319801716080729,0.323936130004841));
#6833=CARTESIAN_POINT('',(0.11585,0.28500205394564,0.350656995752731));
#6834=CARTESIAN_POINT('',(0.06585,0.335,0.301176601630824));
#6835=CARTESIAN_POINT('',(0.11585,0.335,0.301176601630824));
#6836=CARTESIAN_POINT('',(0.11585,0.285,0.301176601630824));
#6837=CARTESIAN_POINT('',(-0.11585,0.355,0.42));
#6838=CARTESIAN_POINT('',(-0.11585,0.355,0.42));
#6839=CARTESIAN_POINT('',(-0.11585,0.355,0.42));
#6840=CARTESIAN_POINT('',(-0.11585,0.32188220516394,0.387880674054787));
#6841=CARTESIAN_POINT('',(-0.115849999998876,0.332310947680068,0.372776007006592));
#6842=CARTESIAN_POINT('',(-0.11585,0.3448387619199,0.359312252706334));
#6843=CARTESIAN_POINT('',(-0.11585,0.28500205394564,0.350656995752565));
#6844=CARTESIAN_POINT('',(-0.11585,0.319801716080785,0.323936130004763));
#6845=CARTESIAN_POINT('',(-0.0778765148503987,0.335,0.319187625298577));
#6846=CARTESIAN_POINT('',(-0.11585,0.285,0.301176601630823));
#6847=CARTESIAN_POINT('',(-0.11585,0.335,0.301176601630823));
#6848=CARTESIAN_POINT('',(-0.06585,0.335,0.301176601630823));
#6849=CARTESIAN_POINT('',(0.06585,0.15,0.205560210157511));
#6850=CARTESIAN_POINT('',(0.11585,5.55111512312578E-17,3.82795647032215E-18));
#6851=CARTESIAN_POINT('',(0.11585,5.55111512312578E-17,3.82795647032215E-18));
#6852=CARTESIAN_POINT('',(0.11585,5.55111512312578E-17,3.82795647032215E-18));
#6853=CARTESIAN_POINT('',(0.11585,0.0500824309544662,0.087570382565696));
#6854=CARTESIAN_POINT('',(0.115849999990701,0.066504397733508,0.0729497120792327));
#6855=CARTESIAN_POINT('',(0.11585,0.0730743633379819,0.0484156969341235));
#6856=CARTESIAN_POINT('',(0.0742916134668939,0.1,0.14474278962452));
#6857=CARTESIAN_POINT('',(0.11585,0.108946174759408,0.14110795896434));
#6858=CARTESIAN_POINT('',(0.11585,0.14999918011333,0.109083355332257));
#6859=CARTESIAN_POINT('',(0.06585,0.1,0.205560210157511));
#6860=CARTESIAN_POINT('',(0.11585,0.1,0.205560210157511));
#6861=CARTESIAN_POINT('',(0.11585,0.15,0.205560210157511));
#6862=CARTESIAN_POINT('',(0.11585,0.15,0.333110432310255));
#6863=CARTESIAN_POINT('',(0.115849999999998,0.149409561546708,0.333110620051379));
#6864=CARTESIAN_POINT('',(0.115839538191311,0.148819030488634,0.333110808316759));
#6865=CARTESIAN_POINT('',(0.115818624418958,0.148228962542138,0.33311099544522));
#6866=CARTESIAN_POINT('',(0.115709041764198,0.145137162030405,0.333111975949038));
#6867=CARTESIAN_POINT('',(0.11530955598564,0.142042389770859,0.333112943570058));
#6868=CARTESIAN_POINT('',(0.114630424506343,0.139024108920868,0.333113875435926));
#6869=CARTESIAN_POINT('',(0.113401961198024,0.133564419020684,0.333115561063912));
#6870=CARTESIAN_POINT('',(0.111213933168831,0.128241532585485,0.333117163868648));
#6871=CARTESIAN_POINT('',(0.108247531922601,0.123496240137067,0.333118568416613));
#6872=CARTESIAN_POINT('',(0.105281130787729,0.118750947866785,0.333119972964524));
#6873=CARTESIAN_POINT('',(0.101454539494084,0.114452368534524,0.3331212187982));
#6874=CARTESIAN_POINT('',(0.097084639677418,0.110956469367873,0.333122221308328));
#6875=CARTESIAN_POINT('',(0.0927147399320176,0.107460570258234,0.333123223818441));
#6876=CARTESIAN_POINT('',(0.0876810044571918,0.104670930083518,0.333124011292194));
#6877=CARTESIAN_POINT('',(0.0824002790481099,0.102818560180621,0.333124532225925));
#6878=CARTESIAN_POINT('',(0.077119553636083,0.100966190276691,0.333125053159656));
#6879=CARTESIAN_POINT('',(0.0714461893650576,0.1,0.333125322267256));
#6880=CARTESIAN_POINT('',(0.06585,0.1,0.333125322267253));
#6881=CARTESIAN_POINT('',(0.06585,0.15,0.42));
#6882=CARTESIAN_POINT('',(-0.06585,0.15,0.205560210157511));
#6883=CARTESIAN_POINT('',(-0.11585,5.55111512312578E-17,-3.82795647032215E-18));
#6884=CARTESIAN_POINT('',(-0.11585,5.55111512312578E-17,-3.82795647032215E-18));
#6885=CARTESIAN_POINT('',(-0.11585,5.55111512312578E-17,-3.82795647032215E-18));
#6886=CARTESIAN_POINT('',(-0.11585,0.0730743633379076,0.0484156969343599));
#6887=CARTESIAN_POINT('',(-0.11584999999013,0.0665043977333108,0.0729497120795764));
#6888=CARTESIAN_POINT('',(-0.11585,0.0500824309542974,0.0875703825659174));
#6889=CARTESIAN_POINT('',(-0.11585,0.14999918011333,0.10908335533208));
#6890=CARTESIAN_POINT('',(-0.11585,0.108946174759444,0.141107958964086));
#6891=CARTESIAN_POINT('',(-0.0742916134669165,0.1,0.144742789624357));
#6892=CARTESIAN_POINT('',(-0.11585,0.15,0.205560210157511));
#6893=CARTESIAN_POINT('',(-0.11585,0.1,0.205560210157511));
#6894=CARTESIAN_POINT('',(-0.06585,0.1,0.205560210157511));
#6895=CARTESIAN_POINT('',(0.06585,0.177749814347947,0.42));
#6896=CARTESIAN_POINT('',(0.06585,0.0999996866320398,0.332564494310266));
#6897=CARTESIAN_POINT('',(0.11585,0.0999996866320398,0.332564494310266));
#6898=CARTESIAN_POINT('',(0.11585,0.149999678826737,0.332536556338607));
#6899=CARTESIAN_POINT('',(0.065849999999999,0.10002230345963,0.373041348419028));
#6900=CARTESIAN_POINT('',(0.115849999999998,0.0999231941958359,0.372998773794428));
#6901=CARTESIAN_POINT('',(0.11585,0.14995602531738,0.363520597329304));
#6902=CARTESIAN_POINT('',(0.06585,0.111229224396101,0.414999205731849));
#6903=CARTESIAN_POINT('',(0.115849999999999,0.111271927800637,0.41505522374935));
#6904=CARTESIAN_POINT('',(0.11585,0.158911119738313,0.395136386172854));
#6905=CARTESIAN_POINT('',(0.06585,0.137897444239005,0.450195837406833));
#6906=CARTESIAN_POINT('',(0.11585,0.137897444239005,0.450195837406833));
#6907=CARTESIAN_POINT('',(0.11585,0.177749814347947,0.42));
#6908=CARTESIAN_POINT('',(-0.06585,0.1,0.333125322267253));
#6909=CARTESIAN_POINT('',(-0.0714461893650576,0.1,0.333125322267257));
#6910=CARTESIAN_POINT('',(-0.0771195536360829,0.100966190276691,0.333125053159634));
#6911=CARTESIAN_POINT('',(-0.0824002790481099,0.102818560180621,0.333124532225902));
#6912=CARTESIAN_POINT('',(-0.0876810044571917,0.104670930083518,0.333124011292171));
#6913=CARTESIAN_POINT('',(-0.0927147399320175,0.107460570258234,0.333123223818463));
#6914=CARTESIAN_POINT('',(-0.0970846396774179,0.110956469367873,0.333122221308354));
#6915=CARTESIAN_POINT('',(-0.101454539494084,0.114452368534524,0.333121218798229));
#6916=CARTESIAN_POINT('',(-0.105281130787729,0.118750947866785,0.333119972964577));
#6917=CARTESIAN_POINT('',(-0.108247531922601,0.123496240137067,0.333118568416674));
#6918=CARTESIAN_POINT('',(-0.111213933168831,0.128241532585485,0.333117163868719));
#6919=CARTESIAN_POINT('',(-0.113401961198024,0.133564419020684,0.333115561063931));
#6920=CARTESIAN_POINT('',(-0.114630424506343,0.139024108920868,0.333113875435955));
#6921=CARTESIAN_POINT('',(-0.115309555985653,0.142042389770919,0.333112943570091));
#6922=CARTESIAN_POINT('',(-0.115709041764214,0.145137162030528,0.333111975947433));
#6923=CARTESIAN_POINT('',(-0.115818624418964,0.148228962542324,0.333110995447436));
#6924=CARTESIAN_POINT('',(-0.115839538191314,0.148819030488758,0.333110808319704));
#6925=CARTESIAN_POINT('',(-0.11584999999992,0.14940956154677,0.333110620052117));
#6926=CARTESIAN_POINT('',(-0.11585,0.15,0.333110432310255));
#6927=CARTESIAN_POINT('',(-0.06585,0.15,0.42));
#6928=CARTESIAN_POINT('',(-0.06585,0.177749814347947,0.42));
#6929=CARTESIAN_POINT('',(0.06585,0.137897444239005,0.450195837406834));
#6930=CARTESIAN_POINT('',(0.11585,0.137897444239005,0.450195837406834));
#6931=CARTESIAN_POINT('',(0.11585,0.177749814347947,0.42));
#6932=CARTESIAN_POINT('',(0.0658472696964874,0.170355247389716,0.493033542705664));
#6933=CARTESIAN_POINT('',(0.103574165358168,0.176110684335479,0.500619926306397));
#6934=CARTESIAN_POINT('',(0.11585,0.202176849521583,0.476715639732718));
#6935=CARTESIAN_POINT('',(0.0501123875794327,0.263598659889359,0.533095182462812));
#6936=CARTESIAN_POINT('',(0.0696870210972847,0.271392233158828,0.53573415442458));
#6937=CARTESIAN_POINT('',(0.0881627851498727,0.279635007419263,0.535645808503489));
#6938=CARTESIAN_POINT('',(-0.0498068959310087,0.264375571853789,0.533357292768109));
#6939=CARTESIAN_POINT('',(-0.0691916117331371,0.272134552553082,0.535965366124805));
#6940=CARTESIAN_POINT('',(-0.0876253332520758,0.280306415222921,0.53605356815829));
#6941=CARTESIAN_POINT('',(-0.0658470062394345,0.170273472500799,0.492925616467526));
#6942=CARTESIAN_POINT('',(-0.103595925891026,0.176041801014663,0.500528262235934));
#6943=CARTESIAN_POINT('',(-0.11585,0.202135552941755,0.476619043977437));
#6944=CARTESIAN_POINT('',(-0.0658500000000001,0.137897444239005,0.450195837406833));
#6945=CARTESIAN_POINT('',(-0.11585,0.137897444239005,0.450195837406833));
#6946=CARTESIAN_POINT('',(-0.11585,0.177749814347947,0.42));
#6947=CARTESIAN_POINT('',(-0.11585,0.149999678826737,0.332536556338607));
#6948=CARTESIAN_POINT('',(-0.11585,0.0999996866320399,0.332564494310266));
#6949=CARTESIAN_POINT('',(-0.06585,0.0999996866320399,0.332564494310266));
#6950=CARTESIAN_POINT('',(-0.11585,0.14995602531738,0.363520597329305));
#6951=CARTESIAN_POINT('',(-0.115850000000002,0.0999231941958341,0.372998773794433));
#6952=CARTESIAN_POINT('',(-0.065850000000001,0.10002230345963,0.373041348419028));
#6953=CARTESIAN_POINT('',(-0.11585,0.158911119738313,0.395136386172854));
#6954=CARTESIAN_POINT('',(-0.115849999999995,0.111271927800642,0.415055223749344));
#6955=CARTESIAN_POINT('',(-0.0658499999999975,0.111229224396101,0.414999205731849));
#6956=CARTESIAN_POINT('',(-0.11585,0.177749814347947,0.42));
#6957=CARTESIAN_POINT('',(-0.11585,0.137897444239005,0.450195837406833));
#6958=CARTESIAN_POINT('',(-0.0658500000000001,0.137897444239005,0.450195837406833));
#6959=CARTESIAN_POINT('',(0.,0.291443797276023,0.));
#6960=CARTESIAN_POINT('',(-0.0954980283165995,0.291443797276023,-1.93822032988053E-19));
#6961=CARTESIAN_POINT('',(0.0954980283165995,0.291443797276023,-2.96293601185846E-19));
#6962=CARTESIAN_POINT('',(0.0954980283165995,0.291443797276023,-2.96293601185846E-19));
#6963=CARTESIAN_POINT('',(0.0954980283165995,0.291443797276023,0.00343866191444152));
#6964=CARTESIAN_POINT('',(0.0953895045745497,0.292426390156341,0.00687707277568326));
#6965=CARTESIAN_POINT('',(0.0951667384897374,0.293714760032642,0.0100574617605608));
#6966=CARTESIAN_POINT('',(0.0951485227461478,0.293820110967614,0.0103175244640569));
#6967=CARTESIAN_POINT('',(0.0951295278842858,0.293927648115032,0.0105766568257571));
#6968=CARTESIAN_POINT('',(0.0951097485702604,0.29403711914109,0.0108348972481433));
#6969=CARTESIAN_POINT('',(0.0942826380654982,0.298614863116628,0.021633723023161));
#6970=CARTESIAN_POINT('',(0.0920391718086856,0.305301185953089,0.0314537443719554));
#6971=CARTESIAN_POINT('',(0.0880929031071238,0.310812526313318,0.0410613757439752));
#6972=CARTESIAN_POINT('',(0.0848774324867797,0.315303237500831,0.0488897976645603));
#6973=CARTESIAN_POINT('',(0.0804500380137428,0.319479132292552,0.0566189209733752));
#6974=CARTESIAN_POINT('',(0.0747078308928125,0.322338536011838,0.0637351556376562));
#6975=CARTESIAN_POINT('',(0.0704875516687607,0.324440076735734,0.0689652869573144));
#6976=CARTESIAN_POINT('',(0.0653978634424516,0.325871557427476,0.0740063123607623));
#6977=CARTESIAN_POINT('',(0.0598024105400657,0.325871557427477,0.0782809363888149));
#6978=CARTESIAN_POINT('',(0.0598024105400657,0.325871557427477,0.0782809363888149));
#6979=CARTESIAN_POINT('',(0.,0.325871557427477,0.));
#6980=CARTESIAN_POINT('',(-0.0598024105400657,0.325871557427477,0.0782809363888149));
#6981=CARTESIAN_POINT('',(-0.0598024105400657,0.325871557427477,0.0782809363888149));
#6982=CARTESIAN_POINT('',(-0.0646948128534809,0.325871557427477,0.0745434050667467));
#6983=CARTESIAN_POINT('',(-0.0692049875976041,0.324776198787519,0.0702219750974961));
#6984=CARTESIAN_POINT('',(-0.0730582579838901,0.323106150352343,0.0657199770595037));
#6985=CARTESIAN_POINT('',(-0.0787470654293012,0.32064056060135,0.0590734152067701));
#6986=CARTESIAN_POINT('',(-0.083248957520322,0.316874122409996,0.0518147855132853));
#6987=CARTESIAN_POINT('',(-0.0866196174287889,0.312740042759733,0.0444549971562664));
#6988=CARTESIAN_POINT('',(-0.0915890833999604,0.306645043945855,0.0336042383172163));
#6989=CARTESIAN_POINT('',(-0.0942948126953415,0.29875105935552,0.0224720675231515));
#6990=CARTESIAN_POINT('',(-0.0951651343214524,0.293724031070687,0.0100803325012244));
#6991=CARTESIAN_POINT('',(-0.0953889866290269,0.292431047134587,0.00689309872891748));
#6992=CARTESIAN_POINT('',(-0.0954980283170594,0.291443797272162,0.00344679219477372));
#6993=CARTESIAN_POINT('',(-0.0954980283165995,0.291443797276023,-1.93822032988053E-19));
#6994=CARTESIAN_POINT('',(0.,-1.99005104861445E-18,0.));
#6995=CARTESIAN_POINT('',(0.,-1.99005104861445E-18,-0.07));
#6996=CARTESIAN_POINT('',(0.,0.35,0.));
#6997=CARTESIAN_POINT('',(0.,0.,0.));
#6998=CARTESIAN_POINT('',(0.05,0.,3.06161699786838E-18));
#6999=CARTESIAN_POINT('',(0.,0.,0.));
#7000=CARTESIAN_POINT('',(-0.105459975297519,0.290572239848566,-2.14040720749436E-19));
#7001=CARTESIAN_POINT('',(-0.06585,0.325,0.0861971886191763));
#7002=CARTESIAN_POINT('',(-0.0954980283253588,0.291443797363809,-2.86281378431012E-11));
#7003=CARTESIAN_POINT('',(-0.103143028686619,0.378826551347639,8.47670127465587E-11));
#7004=CARTESIAN_POINT('',(-0.115362469127672,0.291965299919688,-3.16145030734254E-11));
#7005=CARTESIAN_POINT('',(-0.0954984045842202,0.291448097994496,0.00810674052255286));
#7006=CARTESIAN_POINT('',(-0.103145462097043,0.37867549021767,-0.024436802409034));
#7007=CARTESIAN_POINT('',(-0.115361709856663,0.291970697157829,0.00895359299011008));
#7008=CARTESIAN_POINT('',(-0.0949200128501453,0.295970976670121,0.0153486563245969));
#7009=CARTESIAN_POINT('',(-0.103026171498154,0.341861090732493,-0.00874971585566561));
#7010=CARTESIAN_POINT('',(-0.114512381287662,0.297624181781159,0.0169456785437578));
#7011=CARTESIAN_POINT('',(-0.0923219503626185,0.303814263482155,0.0292253872049367));
#7012=CARTESIAN_POINT('',(-0.0992267278061229,0.330228274997515,0.014688347126901));
#7013=CARTESIAN_POINT('',(-0.110842897601275,0.307428474840495,0.0322424252187892));
#7014=CARTESIAN_POINT('',(-0.0903236011666752,0.307893156616233,0.0359226186737995));
#7015=CARTESIAN_POINT('',(-0.0969087034099187,0.329585030993005,0.0249504455287196));
#7016=CARTESIAN_POINT('',(-0.108043388852612,0.312526816000345,0.0396165793469529));
#7017=CARTESIAN_POINT('',(-0.0817520956081515,0.319202335255915,0.0558041963513417));
#7018=CARTESIAN_POINT('',(-0.0874823046330341,0.331718498628829,0.0489109696763571));
#7019=CARTESIAN_POINT('',(-0.0961180562491689,0.326663838255722,0.0614899515321037));
#7020=CARTESIAN_POINT('',(-0.0727287315960092,0.325868453193813,0.0684055829744575));
#7021=CARTESIAN_POINT('',(-0.077223379015464,0.337201041102229,0.0662187612693378));
#7022=CARTESIAN_POINT('',(-0.0836278312943513,0.334999999999892,0.0753311599707842));
#7023=CARTESIAN_POINT('',(-0.0598024105402867,0.325871557427477,0.0782809363886461));
#7024=CARTESIAN_POINT('',(-0.0602872372587876,0.335000000000034,0.0789155711661278));
#7025=CARTESIAN_POINT('',(-0.0658500000003042,0.335,0.0861971886189904));
#7026=CARTESIAN_POINT('',(0.06585,0.325,0.0861971886191763));
#7027=CARTESIAN_POINT('',(0.,0.325,0.));
#7028=CARTESIAN_POINT('',(0.105459975297517,0.290572239848546,-3.2720168586392E-19));
#7029=CARTESIAN_POINT('',(0.,0.290572239848546,0.));
#7030=CARTESIAN_POINT('',(0.0598024105400658,0.325871557427477,0.0782809363888149));
#7031=CARTESIAN_POINT('',(0.0602872372585279,0.335,0.0789155711663226));
#7032=CARTESIAN_POINT('',(0.0658500000000002,0.335,0.0861971886191763));
#7033=CARTESIAN_POINT('',(0.0727152641435841,0.325868340639003,0.0684158589893504));
#7034=CARTESIAN_POINT('',(0.0772070547203422,0.337198812897675,0.0662308744745698));
#7035=CARTESIAN_POINT('',(0.0836072162561843,0.335,0.0753436638694053));
#7036=CARTESIAN_POINT('',(0.0817096785656209,0.319238381705553,0.0558730002370324));
#7037=CARTESIAN_POINT('',(0.0874336619178402,0.33173800375255,0.0490007527567837));
#7038=CARTESIAN_POINT('',(0.0960593182844878,0.326708751010331,0.0615656358261149));
#7039=CARTESIAN_POINT('',(0.0902999911056871,0.307934192338082,0.0359920584055923));
#7040=CARTESIAN_POINT('',(0.09687943769282,0.329585402447657,0.025049830496898));
#7041=CARTESIAN_POINT('',(0.108010402168455,0.312578183306888,0.0396929823266239));
#7042=CARTESIAN_POINT('',(0.092318814379027,0.303823595819973,0.0292418498722351));
#7043=CARTESIAN_POINT('',(0.0992238650858434,0.33022009054953,0.0147056456627013));
#7044=CARTESIAN_POINT('',(0.110838468976817,0.307440141844935,0.0322605711725969));
#7045=CARTESIAN_POINT('',(0.0949228742984994,0.29596247327633,0.0153336600324021));
#7046=CARTESIAN_POINT('',(0.103033140320041,0.341881473874721,-0.0087921104784102));
#7047=CARTESIAN_POINT('',(0.114516422091215,0.297613550956753,0.0169291490175458));
#7048=CARTESIAN_POINT('',(0.0954984187894633,0.291448260401279,0.0080880576364387));
#7049=CARTESIAN_POINT('',(0.103145464438808,0.37867266498491,-0.0244642229561052));
#7050=CARTESIAN_POINT('',(0.11536168071749,0.291970904142178,0.00893296069347992));
#7051=CARTESIAN_POINT('',(0.0954980283166013,0.291443797276043,-2.9629360118592E-19));
#7052=CARTESIAN_POINT('',(0.103143028750624,0.378826552091551,1.3628679626177E-17));
#7053=CARTESIAN_POINT('',(0.115362469121898,0.291965299810708,1.29351398364485E-31));
#7054=CARTESIAN_POINT('',(0.,3.663,0.));
#7055=CARTESIAN_POINT('',(2.23367096565518E-16,-0.152832891616652,0.42));
#7056=CARTESIAN_POINT('',(2.23367096565518E-16,-0.152832891616652,0.237000000000041));
#7057=CARTESIAN_POINT('',(2.32725103072858E-16,0.01732547,0.42));
#7058=CARTESIAN_POINT('',(-0.150202938022977,0.01732547,0.524537445010153));
#7059=CARTESIAN_POINT('',(0.150202938022977,0.01732547,0.524537445010153));
#7060=CARTESIAN_POINT('',(-0.150202938022977,0.01732547,0.524537445010153));
#7061=CARTESIAN_POINT('',(-0.14923668741736,0.01732547,0.525925786573466));
#7062=CARTESIAN_POINT('',(-0.148235707813248,0.0170322746131455,0.527320598604814));
#7063=CARTESIAN_POINT('',(-0.147290648929776,0.0164620319246048,0.528602323814136));
#7064=CARTESIAN_POINT('',(-0.146491080086167,0.0159795770267921,0.529686729835141));
#7065=CARTESIAN_POINT('',(-0.145710033615693,0.0152853866386318,0.530719664305275));
#7066=CARTESIAN_POINT('',(-0.145025997155705,0.014396538067773,0.531608512898667));
#7067=CARTESIAN_POINT('',(-0.145025997206164,0.0143965378118655,0.531608512822019));
#7068=CARTESIAN_POINT('',(2.40440432353856E-16,0.126005050633884,0.42));
#7069=CARTESIAN_POINT('',(0.145025997206164,0.0143965378118655,0.531608512822018));
#7070=CARTESIAN_POINT('',(0.145025997206164,0.0143965378118655,0.531608512822018));
#7071=CARTESIAN_POINT('',(0.145838553034999,0.0154523866569295,0.530552663976954));
#7072=CARTESIAN_POINT('',(0.146789241773894,0.0162342313508791,0.529291244952895));
#7073=CARTESIAN_POINT('',(0.147751135163628,0.0167160594954963,0.527975006643142));
#7074=CARTESIAN_POINT('',(0.148555764839318,0.0171191116714235,0.526873965284908));
#7075=CARTESIAN_POINT('',(0.149390612978373,0.0173254700061335,0.525704621119971));
#7076=CARTESIAN_POINT('',(0.150202938022219,0.0173254700063397,0.52453744501192));
#7077=CARTESIAN_POINT('',(2.02145180503834E-16,-0.499424528928404,0.42));
#7078=CARTESIAN_POINT('',(0.,0.0173254699999994,0.));
#7079=CARTESIAN_POINT('',(-0.05,0.0173254699999994,0.));
#7080=CARTESIAN_POINT('',(2.32725103072858E-16,0.01732547,0.42));
#7081=CARTESIAN_POINT('',(-0.199240865764816,0.01732547,0.524537445010153));
#7082=CARTESIAN_POINT('',(-0.224999999999921,0.01732547,0.42));
#7083=CARTESIAN_POINT('',(2.37529390241741E-16,0.01732547,0.524537445010153));
#7084=CARTESIAN_POINT('',(2.37529390241741E-16,0.01732547,0.524537445010153));
#7085=CARTESIAN_POINT('',(0.199240865764817,0.01732547,0.524537445010153));
#7086=CARTESIAN_POINT('',(2.32725103072858E-16,0.01732547,0.42));
#7087=CARTESIAN_POINT('',(0.224999999999921,0.01732547,0.42));
#7088=CARTESIAN_POINT('',(0.224999999999921,0.01732547,0.42));
#7089=CARTESIAN_POINT('',(0.224999999999921,0.01732547,0.0220279720287979));
#7090=CARTESIAN_POINT('',(0.000513986013985999,0.01732547,0.000513986013985988));
#7091=CARTESIAN_POINT('',(-0.186166905978831,0.01732547,-0.126005050633884));
#7092=CARTESIAN_POINT('',(1.88084943739499E-16,0.01732547,-0.126005050633884));
#7093=CARTESIAN_POINT('',(-0.186407422638469,0.01732547,-0.126005050633884));
#7094=CARTESIAN_POINT('',(0.,0.01732547,0.));
#7095=CARTESIAN_POINT('',(-0.224999999999921,0.01732547,0.));
#7096=CARTESIAN_POINT('',(-0.224999999999921,0.01732547,0.));
#7097=CARTESIAN_POINT('',(-0.224999999999921,0.01732547,0.000342657354170048));
#7098=CARTESIAN_POINT('',(-0.224999999999921,0.01732547,0.000685314708340097));
#7099=CARTESIAN_POINT('',(-0.224999999999921,0.01732547,0.00102797206251014));
#7100=CARTESIAN_POINT('',(-0.224999999999921,0.01732547,0.00102797206251011));
#7101=CARTESIAN_POINT('',(-0.224999999999921,0.01732547,0.42));
#7102=CARTESIAN_POINT('',(2.32725103072858E-16,0.01732547,0.602999999999959));
#7103=CARTESIAN_POINT('',(2.40440432353856E-16,0.126005050633884,0.42));
#7104=CARTESIAN_POINT('',(0.195367704254367,0.0143965378118655,0.531608512822018));
#7105=CARTESIAN_POINT('',(-0.195367704254367,0.0143965378118655,0.531608512822019));
#7106=CARTESIAN_POINT('',(-0.195367704254367,0.0143965378118655,0.531608512822019));
#7107=CARTESIAN_POINT('',(-0.19586685069767,0.0152702802554229,0.530734770378461));
#7108=CARTESIAN_POINT('',(-0.196446194555533,0.0159684984907524,0.52970611887762));
#7109=CARTESIAN_POINT('',(-0.197045250515893,0.0164544252686017,0.528619377873453));
#7110=CARTESIAN_POINT('',(-0.197642725571549,0.0169390696889092,0.527535504771585));
#7111=CARTESIAN_POINT('',(-0.198276026945962,0.0172271950607394,0.526364363709397));
#7112=CARTESIAN_POINT('',(-0.198896387035496,0.0173040653050842,0.525191383793939));
#7113=CARTESIAN_POINT('',(-0.199011426568394,0.0173183201179781,0.524973866478031));
#7114=CARTESIAN_POINT('',(-0.199126349716699,0.01732547,0.524755704377107));
#7115=CARTESIAN_POINT('',(-0.199240865764816,0.01732547,0.524537445010153));
#7116=CARTESIAN_POINT('',(-0.224999999999921,-0.5,0.42));
#7117=CARTESIAN_POINT('',(-0.224999999999921,-0.505,0.41999999999964));
#7118=CARTESIAN_POINT('',(-0.224999999999921,-0.505,0.42));
#7119=CARTESIAN_POINT('',(-0.224999999999921,-0.505,0.537809724509576));
#7120=CARTESIAN_POINT('',(-0.117809724509576,-0.505,0.644999999999921));
#7121=CARTESIAN_POINT('',(0.117809724509576,-0.505,0.644999999999921));
#7122=CARTESIAN_POINT('',(0.224999999999921,-0.505,0.537809724509576));
#7123=CARTESIAN_POINT('',(0.224999999999921,-0.505,0.42));
#7124=CARTESIAN_POINT('',(0.224999999999921,-0.505,0.42));
#7125=CARTESIAN_POINT('',(0.224999999999921,-0.5,0.42));
#7126=CARTESIAN_POINT('',(0.199240865764817,0.01732547,0.524537445010153));
#7127=CARTESIAN_POINT('',(0.198582311564013,0.01732547,0.525792602041286));
#7128=CARTESIAN_POINT('',(0.197902068885715,0.0170844620394282,0.527058687520238));
#7129=CARTESIAN_POINT('',(0.197258233145552,0.0166179108950793,0.528232109174032));
#7130=CARTESIAN_POINT('',(0.196582658859948,0.0161283606319,0.529463375855924));
#7131=CARTESIAN_POINT('',(0.195924770477855,0.0153716672750994,0.530633383358785));
#7132=CARTESIAN_POINT('',(0.195367704254367,0.0143965378118655,0.531608512822018));
#7133=CARTESIAN_POINT('',(2.02145180503834E-16,-0.499424528928404,0.42));
#7134=CARTESIAN_POINT('',(-3.061515884556E-17,-0.91682310160738,0.));
#7135=CARTESIAN_POINT('',(-3.061515884556E-17,-0.91682310160738,-0.055));
#7136=CARTESIAN_POINT('',(0.0523598775598299,-0.916824528928398,0.0499999999999999));
#7137=CARTESIAN_POINT('',(-0.0523598775598298,-0.916824528928398,0.0500000000000001));
#7138=CARTESIAN_POINT('',(-0.05235987755983,-0.916824528928398,-0.0499999999999999));
#7139=CARTESIAN_POINT('',(0.0523598775598297,-0.916824528928398,-0.0500000000000001));
#7140=CARTESIAN_POINT('',(0.0523598775598299,-0.916824528928398,0.0499999999999999));
#7141=CARTESIAN_POINT('',(-0.0523598775598298,-0.916824528928398,0.0500000000000001));
#7142=CARTESIAN_POINT('',(2.39942348930289E-17,-0.916823815267889,0.05));
#7143=CARTESIAN_POINT('',(-3.061515884556E-17,-0.91682310160738,0.0375));
#7144=CARTESIAN_POINT('',(0.224999999999921,-0.5,0.));
#7145=CARTESIAN_POINT('',(0.224999999999921,-0.459369136889803,0.));
#7146=CARTESIAN_POINT('',(0.224999999999921,-0.505000000002422,1.51373358292517E-12));
#7147=CARTESIAN_POINT('',(0.224999999999921,-0.459369136889803,0.42));
#7148=CARTESIAN_POINT('',(0.224999999999921,-0.459369136889803,0.0220279720287979));
#7149=CARTESIAN_POINT('',(0.224999999999921,-4.70195113820905,0.0220279720287979));
#7150=CARTESIAN_POINT('',(0.224999999999921,-0.505,0.42));
#7151=CARTESIAN_POINT('',(0.224999999999921,-0.5,0.42));
#7152=CARTESIAN_POINT('',(-0.224999999999921,-0.459369136889803,0.00102797206251014));
#7153=CARTESIAN_POINT('',(-0.224999999999921,-0.459369136889803,0.000685314708340097));
#7154=CARTESIAN_POINT('',(-0.224999999999921,-0.459369136889803,0.000342657354170048));
#7155=CARTESIAN_POINT('',(-0.224999999999921,-0.459369136889803,0.));
#7156=CARTESIAN_POINT('',(-0.224999999999921,-0.459369136889803,0.00102797206251011));
#7157=CARTESIAN_POINT('',(-0.224999999999921,-0.459369136889803,-3.46538300442442E-11));
#7158=CARTESIAN_POINT('',(-0.224999999999921,-0.5,0.));
#7159=CARTESIAN_POINT('',(-0.224999999999921,-0.505,0.));
#7160=CARTESIAN_POINT('',(-0.224999999999921,-0.505,0.));
#7161=CARTESIAN_POINT('',(-0.224999999999921,-4.70195113820905,0.00102797206251011));
#7162=CARTESIAN_POINT('',(-0.224999999999921,-0.5,0.42));
#7163=CARTESIAN_POINT('',(-3.46644519729281E-11,-0.221021833444902,-0.224999999999921));
#7164=CARTESIAN_POINT('',(-3.46644371193583E-11,-0.459369136889803,-0.224999999999921));
#7165=CARTESIAN_POINT('',(-3.46644519729281E-11,-0.098994949366037,-0.224999999999921));
#7166=CARTESIAN_POINT('',(-2.81273181892582E-17,-0.459369136889803,0.));
#7167=CARTESIAN_POINT('',(0.224998535382155,-0.687226830834906,0.000811834865914773));
#7168=CARTESIAN_POINT('',(0.224969263024421,-0.604475163641119,0.00892461480888086));
#7169=CARTESIAN_POINT('',(0.224999999999504,-0.620059919059373,0.046383995736804));
#7170=CARTESIAN_POINT('',(0.22499999999992,-0.505000000005031,2.02783733539153E-12));
#7171=CARTESIAN_POINT('',(0.224998535382155,-0.687226830834903,0.000811834865893924));
#7172=CARTESIAN_POINT('',(0.224998535382155,-0.687226830834904,0.000811834865893888));
#7173=CARTESIAN_POINT('',(0.225000420563826,-0.692611578560711,0.000289360243668833));
#7174=CARTESIAN_POINT('',(0.225000420563813,-0.698344144540748,0.000289360239759854));
#7175=CARTESIAN_POINT('',(0.224998535382198,-0.704424528775015,0.000811834854167245));
#7176=CARTESIAN_POINT('',(0.22499850972929,-0.70442452887727,0.000811834761315248));
#7177=CARTESIAN_POINT('',(-4.72870418468261E-16,-0.704424528928398,-7.21644966006352E-16));
#7178=CARTESIAN_POINT('',(-0.224996223513238,-0.7044245287686,0.00128881142625092));
#7179=CARTESIAN_POINT('',(-0.224996308778196,-0.7044245287686,0.00128881191466119));
#7180=CARTESIAN_POINT('',(-0.22500111734767,-0.698422334757805,0.000449348553182371));
#7181=CARTESIAN_POINT('',(-0.225001117347715,-0.692775286862105,0.000449348561407519));
#7182=CARTESIAN_POINT('',(-0.224996308778054,-0.6874833850815,0.00128881193933505));
#7183=CARTESIAN_POINT('',(-0.224996308778054,-0.6874833850815,0.00128881193933494));
#7184=CARTESIAN_POINT('',(-0.224996308778054,-0.68748338508151,0.0012888119393924));
#7185=CARTESIAN_POINT('',(-0.224941259692548,-0.627818343650006,0.0108990899495892));
#7186=CARTESIAN_POINT('',(-0.224999999999921,-0.651117667345441,0.101679314758566));
#7187=CARTESIAN_POINT('',(-0.224999999999921,-0.505,5.05845365594659E-16));
#7188=CARTESIAN_POINT('',(-0.224999999999921,-0.5,0.));
#7189=CARTESIAN_POINT('',(-0.186407422638469,0.,-0.126005050633884));
#7190=CARTESIAN_POINT('',(-0.18628716430865,5.69952939832824E-18,-0.126005050633884));
#7191=CARTESIAN_POINT('',(7.71532928099799E-18,0.126005050633884,0.));
#7192=CARTESIAN_POINT('',(-3.0579922569024E-17,-0.499424528928404,0.));
#7193=CARTESIAN_POINT('',(-0.186166905978831,-4.70195113820905,-0.126005050633884));
#7194=CARTESIAN_POINT('',(-1.8920987049993E-17,0.,-0.126005050633884));
#7195=CARTESIAN_POINT('',(2.32725103072858E-16,-0.459369136889803,0.42));
#7196=CARTESIAN_POINT('',(0.183,-0.459369136889803,0.42));
#7197=CARTESIAN_POINT('',(2.07030756219763E-16,-0.419634387375085,0.42));
#7198=CARTESIAN_POINT('',(2.07030756219763E-16,-0.419634387375085,0.602999999999959));
#7199=CARTESIAN_POINT('',(2.02145180503834E-16,-0.499424528928404,0.42));
#7200=CARTESIAN_POINT('',(2.32725103072858E-16,-0.409634387375085,0.42));
#7201=CARTESIAN_POINT('',(2.32725103072858E-16,-0.409634387375085,0.237));
#7202=CARTESIAN_POINT('',(2.11525107331173E-16,-0.346233639495868,0.42));
#7203=CARTESIAN_POINT('',(2.11525107331173E-16,-0.346233639495868,0.602999999999959));
#7204=CARTESIAN_POINT('',(2.02145180503834E-16,-0.499424528928404,0.42));
#7205=CARTESIAN_POINT('',(2.32725103072858E-16,-0.336233639495868,0.42));
#7206=CARTESIAN_POINT('',(2.32725103072858E-16,-0.336233639495868,0.237));
#7207=CARTESIAN_POINT('',(2.18260442277196E-16,-0.236233639495869,0.42));
#7208=CARTESIAN_POINT('',(2.18260442277196E-16,-0.236233639495869,0.602999999999959));
#7209=CARTESIAN_POINT('',(2.02145180503834E-16,-0.499424528928404,0.42));
#7210=CARTESIAN_POINT('',(2.22754793388606E-16,-0.162832891616652,0.42));
#7211=CARTESIAN_POINT('',(2.22754793388606E-16,-0.162832891616652,0.602999999999959));
#7212=CARTESIAN_POINT('',(2.18872745454107E-16,-0.226233639495869,0.42));
#7213=CARTESIAN_POINT('',(2.18872745454107E-16,-0.226233639495869,0.237000000000041));
#7214=CARTESIAN_POINT('',(2.02145180503834E-16,-0.499424528928404,0.42));
#7215=CARTESIAN_POINT('',(3.44460226744919E-16,-0.505,0.52));
#7216=CARTESIAN_POINT('',(-0.0523598775598296,-0.505,0.52));
#7217=CARTESIAN_POINT('',(-0.0999999999999998,-0.505,0.47235987755983));
#7218=CARTESIAN_POINT('',(-0.0999999999999998,-0.505,0.42));
#7219=CARTESIAN_POINT('',(3.50662410309927E-16,-0.505,0.52));
#7220=CARTESIAN_POINT('',(-0.0999999999999998,-0.505,0.42));
#7221=CARTESIAN_POINT('',(-0.0999999999999998,-0.505,0.42));
#7222=CARTESIAN_POINT('',(-0.0999999999999998,-0.505,0.31528024488034));
#7223=CARTESIAN_POINT('',(0.1,-0.505,0.31528024488034));
#7224=CARTESIAN_POINT('',(0.1,-0.505,0.42));
#7225=CARTESIAN_POINT('',(0.1,-0.505,0.419999999999998));
#7226=CARTESIAN_POINT('',(0.1,-0.505,0.42));
#7227=CARTESIAN_POINT('',(0.1,-0.505,0.47235987755983));
#7228=CARTESIAN_POINT('',(0.0523598775598301,-0.505,0.52));
#7229=CARTESIAN_POINT('',(2.112334637899E-16,-0.505,0.52));
#7230=CARTESIAN_POINT('',(2.0790422203892E-16,-0.459369136889803,0.42));
#7231=CARTESIAN_POINT('',(-0.0999999999999998,-0.459369136889803,0.42));
#7232=CARTESIAN_POINT('',(2.73134040091003E-16,0.605949818029546,0.42));
#7233=CARTESIAN_POINT('',(0.000513986013985999,0.12651903664787,0.000513986013985988));
#7234=CARTESIAN_POINT('',(-3.0581187354153E-17,-0.18670973914726,-0.312714789781144));
#7235=CARTESIAN_POINT('',(2.26772782959605E-16,0.0143965378118655,0.531608512822019));
#7236=CARTESIAN_POINT('',(2.26772782959605E-16,0.0143965378118655,0.531608512822018));
#7237=CARTESIAN_POINT('',(2.02145180503834E-16,-0.18670973914726,0.732714789781144));
#7238=CARTESIAN_POINT('',(2.045977848836E-16,-0.459369136889803,0.598));
#7239=CARTESIAN_POINT('',(-3.061515884556E-17,-0.704424528928404,0.));
#7240=CARTESIAN_POINT('',(-0.0673877622622558,-0.704424528928209,-0.0189444075029866));
#7241=CARTESIAN_POINT('',(-0.0172875429739051,-0.704424528928209,0.067831717774791));
#7242=CARTESIAN_POINT('',(-3.061515884556E-17,-0.704424528928404,0.));
#7243=CARTESIAN_POINT('',(0.0172875429739073,-0.704424528928212,0.0678317177747904));
#7244=CARTESIAN_POINT('',(-3.061515884556E-17,-0.704424528928404,0.));
#7245=CARTESIAN_POINT('',(0.067387762262258,-0.704424528928209,-0.0189444075029788));
#7246=CARTESIAN_POINT('',(-3.061515884556E-17,-0.704424528928404,0.));
#7247=CARTESIAN_POINT('',(0.0501002192883576,-0.704424528928212,-0.0488873102718076));
#7248=CARTESIAN_POINT('',(-3.061515884556E-17,-0.704424528928404,0.));
#7249=CARTESIAN_POINT('',(-0.0501002192883588,-0.704424528928209,-0.0488873102718065));
#7250=CARTESIAN_POINT('',(-3.061515884556E-17,-0.704424528928404,0.));
#7251=CARTESIAN_POINT('',(-9.86797154657134E-18,-0.536324802305173,-0.0847068204213397));
#7252=CARTESIAN_POINT('',(0.09057070923379,-0.53632480026471,-0.0847068205998571));
#7253=CARTESIAN_POINT('',(0.0891707768040487,-0.516917556092102,0.0863985339991785));
#7254=CARTESIAN_POINT('',(6.00832904175177E-6,-0.516916524178648,0.0864048245270683));
#7255=CARTESIAN_POINT('',(-3.7926005111925E-17,-0.536324802305173,-0.0847068204213401));
#7256=CARTESIAN_POINT('',(-2.00336194292993E-17,-0.51691650440302,0.086404826466112));
#7257=CARTESIAN_POINT('',(-4.06381911636732E-14,-0.516916524143907,0.0864048247390082));
#7258=CARTESIAN_POINT('',(-0.0892105855384042,-0.516916524919872,0.0864048246710781));
#7259=CARTESIAN_POINT('',(-0.0906722093262965,-0.536324804347959,-0.084706820242619));
#7260=CARTESIAN_POINT('',(-3.061515884556E-17,-0.536324802305173,-0.0847068204213397));
#7261=CARTESIAN_POINT('',(-3.061515884556E-17,-0.704424528928404,0.));
#7262=CARTESIAN_POINT('',(0.175,-0.704424528928398,-5.62842927386823E-17));
#7263=CARTESIAN_POINT('',(0.175,-0.704424528928398,-0.0146931159271204));
#7264=CARTESIAN_POINT('',(0.173139812839683,-0.704424528928398,-0.0293852491139204));
#7265=CARTESIAN_POINT('',(0.169477891622777,-0.704424528928398,-0.0436147251636199));
#7266=CARTESIAN_POINT('',(0.175,-0.7044245289284,-2.08166817117217E-17));
#7267=CARTESIAN_POINT('',(0.166199947180053,-0.711660840339117,-0.0432054436830702));
#7268=CARTESIAN_POINT('',(0.0463227287395478,-0.704424528928398,0.168757828861722));
#7269=CARTESIAN_POINT('',(0.119614375257735,-0.704424528928398,0.148639834434816));
#7270=CARTESIAN_POINT('',(0.175,-0.704424528928398,0.0760026259356077));
#7271=CARTESIAN_POINT('',(0.175,-0.704424528928398,2.14313189850787E-17));
#7272=CARTESIAN_POINT('',(0.0463226303699134,-0.704424532352367,0.168757470463466));
#7273=CARTESIAN_POINT('',(0.0460203734908382,-0.70442437859961,0.168839261069809));
#7274=CARTESIAN_POINT('',(0.0461213712395399,-0.704424186553214,0.168812681153674));
#7275=CARTESIAN_POINT('',(0.0462221609208494,-0.704424279251421,0.168785541274697));
#7276=CARTESIAN_POINT('',(0.0463227340132995,-0.704424660975404,0.168757848127901));
#7277=CARTESIAN_POINT('',(0.0460204824452898,-0.704424528928398,0.168839682358594));
#7278=CARTESIAN_POINT('',(-0.0460466985724852,-0.704424528928398,0.168832766018704));
#7279=CARTESIAN_POINT('',(-0.0160730156942003,-0.704424528928398,0.177009708283267));
#7280=CARTESIAN_POINT('',(0.0160427666436698,-0.704424528928398,0.177012973661487));
#7281=CARTESIAN_POINT('',(0.0460205414622177,-0.704424528928398,0.168839898825005));
#7282=CARTESIAN_POINT('',(-0.0460466584741482,-0.704424528928398,0.168832619032851));
#7283=CARTESIAN_POINT('',(-0.0463227340248371,-0.704424660975404,0.168757848124734));
#7284=CARTESIAN_POINT('',(-0.046230862319627,-0.704424342433016,0.168783138442042));
#7285=CARTESIAN_POINT('',(-0.0461388098195111,-0.704424264921365,0.16880796700703));
#7286=CARTESIAN_POINT('',(-0.0460465830143206,-0.704424425180898,0.168832328707939));
#7287=CARTESIAN_POINT('',(-0.0463226303699134,-0.704424532352367,0.168757470463466));
#7288=CARTESIAN_POINT('',(-0.169309931263767,-0.704424528928398,-0.0442622545229974));
#7289=CARTESIAN_POINT('',(-0.192305747727796,-0.704424528928398,0.043700280301254));
#7290=CARTESIAN_POINT('',(-0.13399842671729,-0.704424528928398,0.144691522712445));
#7291=CARTESIAN_POINT('',(-0.0463227287395478,-0.704424528928398,0.168757828861722));
#7292=CARTESIAN_POINT('',(-0.167860978655993,-0.709946921255209,-0.0422842535444523));
#7293=CARTESIAN_POINT('',(-0.122987195629324,-0.704424528928398,-0.124495567357381));
#7294=CARTESIAN_POINT('',(-0.145158556777902,-0.704424528928398,-0.102593708718921));
#7295=CARTESIAN_POINT('',(-0.161307692005506,-0.704424528928398,-0.0746719741999288));
#7296=CARTESIAN_POINT('',(-0.169239506104663,-0.704424528928398,-0.044528830036581));
#7297=CARTESIAN_POINT('',(-0.122987207274187,-0.704424531496375,-0.124495579145159));
#7298=CARTESIAN_POINT('',(0.122987202495722,-0.704424528928398,-0.12449557430799));
#7299=CARTESIAN_POINT('',(0.0583073209973477,-0.704424528928398,-0.188391802968781));
#7300=CARTESIAN_POINT('',(-0.058307320997347,-0.704424528928398,-0.188391802968781));
#7301=CARTESIAN_POINT('',(-0.122987202495721,-0.704424528928398,-0.124495574307991));
#7302=CARTESIAN_POINT('',(0.122987207274187,-0.704424531496375,-0.124495579145158));
#7303=CARTESIAN_POINT('',(0.169475659979028,-0.704424528928398,-0.0436298694914734));
#7304=CARTESIAN_POINT('',(0.159169438827047,-0.704424528928398,-0.0828650696012571));
#7305=CARTESIAN_POINT('',(0.14540027065243,-0.704424528928398,-0.102354932581603));
#7306=CARTESIAN_POINT('',(0.122987195629324,-0.704424528928398,-0.12449556735738));
#7307=CARTESIAN_POINT('',(0.174122801493658,-0.559999999999999,0.3));
#7308=CARTESIAN_POINT('',(0.174122801493659,-0.562945243112739,0.3));
#7309=CARTESIAN_POINT('',(0.173000390613418,-0.56589041339854,0.3));
#7310=CARTESIAN_POINT('',(0.16855377076169,-0.57166771558291,0.3));
#7311=CARTESIAN_POINT('',(0.16522967174164,-0.574499704626298,0.3));
#7312=CARTESIAN_POINT('',(0.156507313145393,-0.57994180428656,0.3));
#7313=CARTESIAN_POINT('',(0.1511092692467,-0.582551780336795,0.3));
#7314=CARTESIAN_POINT('',(0.138446367255231,-0.587449540634969,0.3));
#7315=CARTESIAN_POINT('',(0.131181822277662,-0.589737203776133,0.3));
#7316=CARTESIAN_POINT('',(0.115065005113068,-0.593902406530656,0.3));
#7317=CARTESIAN_POINT('',(0.106213131446108,-0.59577984315117,0.3));
#7318=CARTESIAN_POINT('',(0.0872617593536083,-0.599052421956059,0.3));
#7319=CARTESIAN_POINT('',(0.0771627295380897,-0.600447483219475,0.3));
#7320=CARTESIAN_POINT('',(0.0561050931191473,-0.602701674706541,0.3));
#7321=CARTESIAN_POINT('',(0.0451470072072802,-0.603560749190865,0.3));
#7322=CARTESIAN_POINT('',(0.0227923396202164,-0.604709926045425,0.3));
#7323=CARTESIAN_POINT('',(0.0113963107082284,-0.605,0.3));
#7324=CARTESIAN_POINT('',(2.51534904016637E-16,-0.605,0.3));
#7325=CARTESIAN_POINT('',(0.174122801493658,-0.56,0.3));
#7326=CARTESIAN_POINT('',(2.50994993587341E-16,-0.605,0.3));
#7327=CARTESIAN_POINT('',(0.0666339113286187,-0.518425421036992,0.3));
#7328=CARTESIAN_POINT('',(0.0771627295380899,-0.519552516780525,0.3));
#7329=CARTESIAN_POINT('',(0.0872617593536079,-0.520947578043941,0.3));
#7330=CARTESIAN_POINT('',(0.106213131446107,-0.52422015684883,0.3));
#7331=CARTESIAN_POINT('',(0.115065005113068,-0.526097593469344,0.3));
#7332=CARTESIAN_POINT('',(0.131181822277662,-0.530262796223867,0.3));
#7333=CARTESIAN_POINT('',(0.138446367255231,-0.532550459365031,0.3));
#7334=CARTESIAN_POINT('',(0.1511092692467,-0.537448219663205,0.3));
#7335=CARTESIAN_POINT('',(0.156507313145393,-0.54005819571344,0.3));
#7336=CARTESIAN_POINT('',(0.16522967174164,-0.545500295373701,0.3));
#7337=CARTESIAN_POINT('',(0.16855377076169,-0.548332284417089,0.3));
#7338=CARTESIAN_POINT('',(0.173000390613418,-0.554109586601458,0.3));
#7339=CARTESIAN_POINT('',(0.174122801493658,-0.557054756887258,0.3));
#7340=CARTESIAN_POINT('',(0.174122801493658,-0.559999999999999,0.3));
#7341=CARTESIAN_POINT('',(0.0666339113286187,-0.518425421036992,0.3));
#7342=CARTESIAN_POINT('',(-0.0666339113286184,-0.518425421036992,0.3));
#7343=CARTESIAN_POINT('',(-0.056105093119147,-0.517298325293459,0.3));
#7344=CARTESIAN_POINT('',(-0.04514700720728,-0.516439250809135,0.3));
#7345=CARTESIAN_POINT('',(-0.0227923396202161,-0.515290073954574,0.3));
#7346=CARTESIAN_POINT('',(-0.0113963107082281,-0.515,0.3));
#7347=CARTESIAN_POINT('',(0.0113963107082284,-0.515,0.3));
#7348=CARTESIAN_POINT('',(0.0227923396202163,-0.515290073954574,0.3));
#7349=CARTESIAN_POINT('',(0.0451470072072802,-0.516439250809135,0.3));
#7350=CARTESIAN_POINT('',(0.0561050931191475,-0.517298325293459,0.3));
#7351=CARTESIAN_POINT('',(0.0666339113286187,-0.518425421036992,0.3));
#7352=CARTESIAN_POINT('',(-0.0666339113286184,-0.518425421036992,0.3));
#7353=CARTESIAN_POINT('',(-4.48511411651892E-15,-0.605,0.3));
#7354=CARTESIAN_POINT('',(-0.0113963107082279,-0.605,0.3));
#7355=CARTESIAN_POINT('',(-0.0227923396202161,-0.604709926045425,0.3));
#7356=CARTESIAN_POINT('',(-0.0451470072072799,-0.603560749190865,0.3));
#7357=CARTESIAN_POINT('',(-0.056105093119147,-0.602701674706541,0.3));
#7358=CARTESIAN_POINT('',(-0.0771627295380894,-0.600447483219475,0.3));
#7359=CARTESIAN_POINT('',(-0.0872617593536077,-0.599052421956059,0.3));
#7360=CARTESIAN_POINT('',(-0.106213131446108,-0.59577984315117,0.3));
#7361=CARTESIAN_POINT('',(-0.115065005113068,-0.593902406530656,0.3));
#7362=CARTESIAN_POINT('',(-0.131181822277662,-0.589737203776133,0.3));
#7363=CARTESIAN_POINT('',(-0.138446367255231,-0.587449540634969,0.3));
#7364=CARTESIAN_POINT('',(-0.1511092692467,-0.582551780336795,0.3));
#7365=CARTESIAN_POINT('',(-0.156507313145393,-0.57994180428656,0.3));
#7366=CARTESIAN_POINT('',(-0.16522967174164,-0.574499704626298,0.3));
#7367=CARTESIAN_POINT('',(-0.16855377076169,-0.571667715582911,0.3));
#7368=CARTESIAN_POINT('',(-0.173000390613418,-0.565890413398541,0.3));
#7369=CARTESIAN_POINT('',(-0.174122801493658,-0.56294524311274,0.3));
#7370=CARTESIAN_POINT('',(-0.174122801493658,-0.557054756887259,0.3));
#7371=CARTESIAN_POINT('',(-0.173000390613418,-0.554109586601459,0.3));
#7372=CARTESIAN_POINT('',(-0.16855377076169,-0.548332284417089,0.3));
#7373=CARTESIAN_POINT('',(-0.16522967174164,-0.545500295373702,0.3));
#7374=CARTESIAN_POINT('',(-0.156507313145393,-0.54005819571344,0.3));
#7375=CARTESIAN_POINT('',(-0.1511092692467,-0.537448219663205,0.3));
#7376=CARTESIAN_POINT('',(-0.138446367255231,-0.532550459365031,0.3));
#7377=CARTESIAN_POINT('',(-0.131181822277662,-0.530262796223867,0.3));
#7378=CARTESIAN_POINT('',(-0.115065005113068,-0.526097593469344,0.3));
#7379=CARTESIAN_POINT('',(-0.106213131446108,-0.52422015684883,0.3));
#7380=CARTESIAN_POINT('',(-0.0872617593536077,-0.520947578043941,0.3));
#7381=CARTESIAN_POINT('',(-0.0771627295380898,-0.519552516780525,0.3));
#7382=CARTESIAN_POINT('',(-0.0666339113286184,-0.518425421036992,0.3));
#7383=CARTESIAN_POINT('',(0.174122801493658,-0.56,0.3));
#7384=CARTESIAN_POINT('',(0.174122801493658,-0.56,0.0326371701766504));
#7385=CARTESIAN_POINT('',(0.175,-0.567440755324889,0.));
#7386=CARTESIAN_POINT('',(0.175,-0.704424528928404,0.));
#7387=CARTESIAN_POINT('',(0.175,-0.706779782240988,0.));
#7388=CARTESIAN_POINT('',(0.175,-0.709135035553572,0.));
#7389=CARTESIAN_POINT('',(0.175,-0.711490288866156,0.));
#7390=CARTESIAN_POINT('',(0.174122801493658,-0.56294524311274,0.3));
#7391=CARTESIAN_POINT('',(0.174122801493658,-0.56294524311274,0.042746606658651));
#7392=CARTESIAN_POINT('',(0.175,-0.570637604751331,0.0114537232162129));
#7393=CARTESIAN_POINT('',(0.175,-0.704424528928404,0.0114537232162129));
#7394=CARTESIAN_POINT('',(0.175,-0.706724816678255,0.0114537232162129));
#7395=CARTESIAN_POINT('',(0.175,-0.709025104428106,0.0114537232162129));
#7396=CARTESIAN_POINT('',(0.175,-0.711325392177956,0.0114537232162129));
#7397=CARTESIAN_POINT('',(0.173000390613418,-0.565890413398541,0.3));
#7398=CARTESIAN_POINT('',(0.173000390613418,-0.565890413398541,0.052853654345275));
#7399=CARTESIAN_POINT('',(0.1738719346211,-0.573832339579963,0.022907163216548));
#7400=CARTESIAN_POINT('',(0.1738719346211,-0.704424528928404,0.022907163216548));
#7401=CARTESIAN_POINT('',(0.1738719346211,-0.706669887473211,0.022907163216548));
#7402=CARTESIAN_POINT('',(0.1738719346211,-0.708915246018018,0.022907163216548));
#7403=CARTESIAN_POINT('',(0.1738719346211,-0.711160604562824,0.022907163216548));
#7404=CARTESIAN_POINT('',(0.16855377076169,-0.571667715582911,0.3));
#7405=CARTESIAN_POINT('',(0.16855377076169,-0.571667715582911,0.072674246347962));
#7406=CARTESIAN_POINT('',(0.16940291352003,-0.580093876578159,0.045374449489097));
#7407=CARTESIAN_POINT('',(0.16940291352003,-0.704424528928404,0.045374449489097));
#7408=CARTESIAN_POINT('',(0.16940291352003,-0.706562228694591,0.045374449489097));
#7409=CARTESIAN_POINT('',(0.16940291352003,-0.708699928460778,0.045374449489097));
#7410=CARTESIAN_POINT('',(0.16940291352003,-0.710837628226965,0.045374449489097));
#7411=CARTESIAN_POINT('',(0.16522967174164,-0.574499704626298,0.3));
#7412=CARTESIAN_POINT('',(0.16522967174164,-0.574499704626298,0.082387276033615));
#7413=CARTESIAN_POINT('',(0.166062068303215,-0.583160500575931,0.0563877402133829));
#7414=CARTESIAN_POINT('',(0.166062068303215,-0.704424528928404,0.0563877402133829));
#7415=CARTESIAN_POINT('',(0.166062068303215,-0.706509502184442,0.0563877402133829));
#7416=CARTESIAN_POINT('',(0.166062068303215,-0.708594475440479,0.0563877402133829));
#7417=CARTESIAN_POINT('',(0.166062068303215,-0.710679448696517,0.0563877402133829));
#7418=CARTESIAN_POINT('',(0.156507313145393,-0.57994180428656,0.3));
#7419=CARTESIAN_POINT('',(0.156507313145393,-0.57994180428656,0.10104541938667));
#7420=CARTESIAN_POINT('',(0.157295768075735,-0.589046894338526,0.077551461114399));
#7421=CARTESIAN_POINT('',(0.157295768075735,-0.704424528928404,0.077551461114399));
#7422=CARTESIAN_POINT('',(0.157295768075735,-0.706408293493487,0.077551461114399));
#7423=CARTESIAN_POINT('',(0.157295768075735,-0.708392058058569,0.077551461114399));
#7424=CARTESIAN_POINT('',(0.157295768075735,-0.710375822623651,0.077551461114399));
#7425=CARTESIAN_POINT('',(0.1511092692467,-0.582551780336795,0.3));
#7426=CARTESIAN_POINT('',(0.1511092692467,-0.582551780336795,0.109990034238047));
#7427=CARTESIAN_POINT('',(0.151870529829119,-0.591866482902547,0.087701367976425));
#7428=CARTESIAN_POINT('',(0.151870529829119,-0.704424528928404,0.087701367976425));
#7429=CARTESIAN_POINT('',(0.151870529829119,-0.706359814428187,0.087701367976425));
#7430=CARTESIAN_POINT('',(0.151870529829119,-0.708295099927969,0.087701367976425));
#7431=CARTESIAN_POINT('',(0.151870529829119,-0.710230385427752,0.087701367976425));
#7432=CARTESIAN_POINT('',(0.138446367255231,-0.587449540634969,0.3));
#7433=CARTESIAN_POINT('',(0.138446367255231,-0.587449540634969,0.126767171295221));
#7434=CARTESIAN_POINT('',(0.139143834476772,-0.597150061105033,0.106748213580436));
#7435=CARTESIAN_POINT('',(0.139143834476772,-0.704424528928404,0.106748213580436));
#7436=CARTESIAN_POINT('',(0.139143834476772,-0.706268970346904,0.106748213580436));
#7437=CARTESIAN_POINT('',(0.139143834476772,-0.708113411765403,0.106748213580436));
#7438=CARTESIAN_POINT('',(0.139143834476772,-0.709957853183903,0.106748213580436));
#7439=CARTESIAN_POINT('',(0.131181822277662,-0.589737203776133,0.3));
#7440=CARTESIAN_POINT('',(0.131181822277662,-0.589737203776133,0.134599237682361));
#7441=CARTESIAN_POINT('',(0.131842692063663,-0.59961388110396,0.115644681351628));
#7442=CARTESIAN_POINT('',(0.131842692063663,-0.704424528928404,0.115644681351628));
#7443=CARTESIAN_POINT('',(0.131842692063663,-0.706226608247646,0.115644681351628));
#7444=CARTESIAN_POINT('',(0.131842692063663,-0.708028687566888,0.115644681351628));
#7445=CARTESIAN_POINT('',(0.131842692063663,-0.70983076688613,0.115644681351628));
#7446=CARTESIAN_POINT('',(0.115065005113068,-0.593902406530656,0.3));
#7447=CARTESIAN_POINT('',(0.115065005113068,-0.593902406530656,0.148851294291935));
#7448=CARTESIAN_POINT('',(0.115644681351628,-0.604092228660753,0.131842692063664));
#7449=CARTESIAN_POINT('',(0.115644681351628,-0.704424528928404,0.131842692063664));
#7450=CARTESIAN_POINT('',(0.115644681351628,-0.706149609033501,0.131842692063664));
#7451=CARTESIAN_POINT('',(0.115644681351628,-0.707874689138598,0.131842692063664));
#7452=CARTESIAN_POINT('',(0.115644681351628,-0.709599769243696,0.131842692063664));
#7453=CARTESIAN_POINT('',(0.106213131446108,-0.59577984315117,0.3));
#7454=CARTESIAN_POINT('',(0.106213131446108,-0.59577984315117,0.155270920476293));
#7455=CARTESIAN_POINT('',(0.106748213580435,-0.606106634416197,0.139143834476772));
#7456=CARTESIAN_POINT('',(0.106748213580435,-0.704424528928404,0.139143834476772));
#7457=CARTESIAN_POINT('',(0.106748213580435,-0.706114974012845,0.139143834476772));
#7458=CARTESIAN_POINT('',(0.106748213580435,-0.707805419097285,0.139143834476772));
#7459=CARTESIAN_POINT('',(0.106748213580435,-0.709495864181725,0.139143834476772));
#7460=CARTESIAN_POINT('',(0.0872617593536082,-0.599052421956059,0.3));
#7461=CARTESIAN_POINT('',(0.0872617593536082,-0.599052421956059,0.166454477291858));
#7462=CARTESIAN_POINT('',(0.0877013679764252,-0.609611723522984,0.151870529829119));
#7463=CARTESIAN_POINT('',(0.0877013679764252,-0.704424528928404,0.151870529829119));
#7464=CARTESIAN_POINT('',(0.0877013679764252,-0.70605470867986,0.151870529829119));
#7465=CARTESIAN_POINT('',(0.0877013679764252,-0.707684888431317,0.151870529829119));
#7466=CARTESIAN_POINT('',(0.0877013679764252,-0.709315068182773,0.151870529829119));
#7467=CARTESIAN_POINT('',(0.0771627295380898,-0.600447483219475,0.3));
#7468=CARTESIAN_POINT('',(0.0771627295380898,-0.600447483219475,0.171218198204385));
#7469=CARTESIAN_POINT('',(0.0775514611143991,-0.611102383794726,0.157295768075735));
#7470=CARTESIAN_POINT('',(0.0775514611143991,-0.704424528928404,0.157295768075735));
#7471=CARTESIAN_POINT('',(0.0775514611143991,-0.706029078764356,0.157295768075735));
#7472=CARTESIAN_POINT('',(0.0775514611143991,-0.707633628600307,0.157295768075735));
#7473=CARTESIAN_POINT('',(0.0775514611143991,-0.709238178436259,0.157295768075735));
#7474=CARTESIAN_POINT('',(0.0561050931191474,-0.602701674706541,0.3));
#7475=CARTESIAN_POINT('',(0.0561050931191474,-0.602701674706541,0.178911840140278));
#7476=CARTESIAN_POINT('',(0.0563877402133824,-0.613507474789759,0.166062068303215));
#7477=CARTESIAN_POINT('',(0.0563877402133824,-0.704424528928404,0.166062068303215));
#7478=CARTESIAN_POINT('',(0.0563877402133824,-0.705987726432002,0.166062068303215));
#7479=CARTESIAN_POINT('',(0.0563877402133824,-0.7075509239356,0.166062068303215));
#7480=CARTESIAN_POINT('',(0.0563877402133824,-0.709114121439198,0.166062068303215));
#7481=CARTESIAN_POINT('',(0.0451470072072803,-0.603560749190865,0.3));
#7482=CARTESIAN_POINT('',(0.0451470072072803,-0.603560749190865,0.181841723604131));
#7483=CARTESIAN_POINT('',(0.0453744494890965,-0.614421991351374,0.169402913520031));
#7484=CARTESIAN_POINT('',(0.0453744494890965,-0.704424528928404,0.169402913520031));
#7485=CARTESIAN_POINT('',(0.0453744494890965,-0.705972002539277,0.169402913520031));
#7486=CARTESIAN_POINT('',(0.0453744494890965,-0.707519476150151,0.169402913520031));
#7487=CARTESIAN_POINT('',(0.0453744494890965,-0.709066949761024,0.169402913520031));
#7488=CARTESIAN_POINT('',(0.0227923396202165,-0.604709926045425,0.3));
#7489=CARTESIAN_POINT('',(0.0227923396202165,-0.604709926045425,0.185760123674326));
#7490=CARTESIAN_POINT('',(0.022907163216548,-0.615644494265563,0.1738719346211));
#7491=CARTESIAN_POINT('',(0.022907163216548,-0.704424528928404,0.1738719346211));
#7492=CARTESIAN_POINT('',(0.022907163216548,-0.705950983231935,0.1738719346211));
#7493=CARTESIAN_POINT('',(0.022907163216548,-0.707477437535466,0.1738719346211));
#7494=CARTESIAN_POINT('',(0.022907163216548,-0.709003891838997,0.1738719346211));
#7495=CARTESIAN_POINT('',(0.0113963107082284,-0.605,0.3));
#7496=CARTESIAN_POINT('',(0.0113963107082284,-0.605,0.186748648487041));
#7497=CARTESIAN_POINT('',(0.0114537232162127,-0.615952550411427,0.175));
#7498=CARTESIAN_POINT('',(0.0114537232162127,-0.704424528928404,0.175));
#7499=CARTESIAN_POINT('',(0.0114537232162127,-0.705945686617315,0.175));
#7500=CARTESIAN_POINT('',(0.0114537232162127,-0.707466844306225,0.175));
#7501=CARTESIAN_POINT('',(0.0114537232162127,-0.708988001995136,0.175));
#7502=CARTESIAN_POINT('',(-0.0113963107082279,-0.605,0.3));
#7503=CARTESIAN_POINT('',(-0.0113963107082279,-0.605,0.186748721773342));
#7504=CARTESIAN_POINT('',(-0.0114537232162128,-0.615952620159191,0.175));
#7505=CARTESIAN_POINT('',(-0.0114537232162128,-0.704424528928404,0.175));
#7506=CARTESIAN_POINT('',(-0.0114537232162128,-0.705945685418095,0.175));
#7507=CARTESIAN_POINT('',(-0.0114537232162128,-0.707466841907786,0.175));
#7508=CARTESIAN_POINT('',(-0.0114537232162128,-0.708987998397477,0.175));
#7509=CARTESIAN_POINT('',(-0.0227923396202161,-0.604709926045425,0.3));
#7510=CARTESIAN_POINT('',(-0.0227923396202161,-0.604709926045425,0.185760123674326));
#7511=CARTESIAN_POINT('',(-0.0229071632165482,-0.615644494265563,0.1738719346211));
#7512=CARTESIAN_POINT('',(-0.0229071632165482,-0.704424528928404,0.1738719346211));
#7513=CARTESIAN_POINT('',(-0.0229071632165482,-0.705950983231935,0.1738719346211));
#7514=CARTESIAN_POINT('',(-0.0229071632165482,-0.707477437535466,0.1738719346211));
#7515=CARTESIAN_POINT('',(-0.0229071632165482,-0.709003891838997,0.1738719346211));
#7516=CARTESIAN_POINT('',(-0.0451470072072799,-0.603560749190865,0.3));
#7517=CARTESIAN_POINT('',(-0.0451470072072799,-0.603560749190865,0.181841723604131));
#7518=CARTESIAN_POINT('',(-0.0453744494890967,-0.614421991351374,0.169402913520031));
#7519=CARTESIAN_POINT('',(-0.0453744494890967,-0.704424528928404,0.169402913520031));
#7520=CARTESIAN_POINT('',(-0.0453744494890967,-0.705972002539277,0.169402913520031));
#7521=CARTESIAN_POINT('',(-0.0453744494890967,-0.707519476150151,0.169402913520031));
#7522=CARTESIAN_POINT('',(-0.0453744494890967,-0.709066949761024,0.169402913520031));
#7523=CARTESIAN_POINT('',(-0.0561050931191469,-0.602701674706541,0.3));
#7524=CARTESIAN_POINT('',(-0.0561050931191469,-0.602701674706541,0.178911840140278));
#7525=CARTESIAN_POINT('',(-0.0563877402133825,-0.613507474789759,0.166062068303215));
#7526=CARTESIAN_POINT('',(-0.0563877402133825,-0.704424528928404,0.166062068303215));
#7527=CARTESIAN_POINT('',(-0.0563877402133825,-0.705987726432002,0.166062068303215));
#7528=CARTESIAN_POINT('',(-0.0563877402133825,-0.7075509239356,0.166062068303215));
#7529=CARTESIAN_POINT('',(-0.0563877402133825,-0.709114121439198,0.166062068303215));
#7530=CARTESIAN_POINT('',(-0.0771627295380893,-0.600447483219475,0.3));
#7531=CARTESIAN_POINT('',(-0.0771627295380893,-0.600447483219475,0.171218198204385));
#7532=CARTESIAN_POINT('',(-0.0775514611143992,-0.611102383794726,0.157295768075735));
#7533=CARTESIAN_POINT('',(-0.0775514611143992,-0.704424528928404,0.157295768075735));
#7534=CARTESIAN_POINT('',(-0.0775514611143992,-0.706029078764356,0.157295768075735));
#7535=CARTESIAN_POINT('',(-0.0775514611143992,-0.707633628600307,0.157295768075735));
#7536=CARTESIAN_POINT('',(-0.0775514611143992,-0.709238178436259,0.157295768075735));
#7537=CARTESIAN_POINT('',(-0.0872617593536077,-0.599052421956059,0.3));
#7538=CARTESIAN_POINT('',(-0.0872617593536078,-0.599052421956059,0.166454477291858));
#7539=CARTESIAN_POINT('',(-0.0877013679764253,-0.609611723522984,0.151870529829119));
#7540=CARTESIAN_POINT('',(-0.0877013679764253,-0.704424528928404,0.151870529829119));
#7541=CARTESIAN_POINT('',(-0.0877013679764253,-0.70605470867986,0.151870529829119));
#7542=CARTESIAN_POINT('',(-0.0877013679764253,-0.707684888431317,0.151870529829119));
#7543=CARTESIAN_POINT('',(-0.0877013679764253,-0.709315068182773,0.151870529829119));
#7544=CARTESIAN_POINT('',(-0.106213131446108,-0.59577984315117,0.3));
#7545=CARTESIAN_POINT('',(-0.106213131446108,-0.59577984315117,0.155270920476293));
#7546=CARTESIAN_POINT('',(-0.106748213580436,-0.606106634416197,0.139143834476772));
#7547=CARTESIAN_POINT('',(-0.106748213580436,-0.704424528928404,0.139143834476772));
#7548=CARTESIAN_POINT('',(-0.106748213580436,-0.706114974012845,0.139143834476772));
#7549=CARTESIAN_POINT('',(-0.106748213580436,-0.707805419097285,0.139143834476772));
#7550=CARTESIAN_POINT('',(-0.106748213580436,-0.709495864181725,0.139143834476772));
#7551=CARTESIAN_POINT('',(-0.115065005113068,-0.593902406530656,0.3));
#7552=CARTESIAN_POINT('',(-0.115065005113068,-0.593902406530656,0.148851294291934));
#7553=CARTESIAN_POINT('',(-0.115644681351628,-0.604092228660753,0.131842692063664));
#7554=CARTESIAN_POINT('',(-0.115644681351628,-0.704424528928404,0.131842692063664));
#7555=CARTESIAN_POINT('',(-0.115644681351628,-0.706149609033501,0.131842692063664));
#7556=CARTESIAN_POINT('',(-0.115644681351628,-0.707874689138598,0.131842692063664));
#7557=CARTESIAN_POINT('',(-0.115644681351628,-0.709599769243696,0.131842692063664));
#7558=CARTESIAN_POINT('',(-0.131181822277662,-0.589737203776133,0.3));
#7559=CARTESIAN_POINT('',(-0.131181822277662,-0.589737203776133,0.134599237682361));
#7560=CARTESIAN_POINT('',(-0.131842692063664,-0.59961388110396,0.115644681351628));
#7561=CARTESIAN_POINT('',(-0.131842692063664,-0.704424528928404,0.115644681351628));
#7562=CARTESIAN_POINT('',(-0.131842692063664,-0.706226608247646,0.115644681351628));
#7563=CARTESIAN_POINT('',(-0.131842692063664,-0.708028687566888,0.115644681351628));
#7564=CARTESIAN_POINT('',(-0.131842692063664,-0.70983076688613,0.115644681351628));
#7565=CARTESIAN_POINT('',(-0.138446367255231,-0.587449540634969,0.3));
#7566=CARTESIAN_POINT('',(-0.138446367255231,-0.587449540634969,0.126767171295221));
#7567=CARTESIAN_POINT('',(-0.139143834476772,-0.597150061105033,0.106748213580436));
#7568=CARTESIAN_POINT('',(-0.139143834476772,-0.704424528928404,0.106748213580436));
#7569=CARTESIAN_POINT('',(-0.139143834476772,-0.706268970346904,0.106748213580436));
#7570=CARTESIAN_POINT('',(-0.139143834476772,-0.708113411765403,0.106748213580436));
#7571=CARTESIAN_POINT('',(-0.139143834476772,-0.709957853183903,0.106748213580436));
#7572=CARTESIAN_POINT('',(-0.1511092692467,-0.582551780336795,0.3));
#7573=CARTESIAN_POINT('',(-0.1511092692467,-0.582551780336795,0.109990034238047));
#7574=CARTESIAN_POINT('',(-0.151870529829119,-0.591866482902547,0.087701367976425));
#7575=CARTESIAN_POINT('',(-0.151870529829119,-0.704424528928404,0.087701367976425));
#7576=CARTESIAN_POINT('',(-0.151870529829119,-0.706359814428187,0.087701367976425));
#7577=CARTESIAN_POINT('',(-0.151870529829119,-0.708295099927969,0.087701367976425));
#7578=CARTESIAN_POINT('',(-0.151870529829119,-0.710230385427752,0.087701367976425));
#7579=CARTESIAN_POINT('',(-0.156507313145393,-0.57994180428656,0.3));
#7580=CARTESIAN_POINT('',(-0.156507313145393,-0.57994180428656,0.10104541938667));
#7581=CARTESIAN_POINT('',(-0.157295768075736,-0.589046894338526,0.077551461114399));
#7582=CARTESIAN_POINT('',(-0.157295768075736,-0.704424528928404,0.077551461114399));
#7583=CARTESIAN_POINT('',(-0.157295768075736,-0.706408293493487,0.077551461114399));
#7584=CARTESIAN_POINT('',(-0.157295768075736,-0.708392058058569,0.077551461114399));
#7585=CARTESIAN_POINT('',(-0.157295768075736,-0.710375822623651,0.077551461114399));
#7586=CARTESIAN_POINT('',(-0.16522967174164,-0.574499704626298,0.3));
#7587=CARTESIAN_POINT('',(-0.16522967174164,-0.574499704626298,0.082387276033615));
#7588=CARTESIAN_POINT('',(-0.166062068303216,-0.583160500575931,0.0563877402133829));
#7589=CARTESIAN_POINT('',(-0.166062068303216,-0.704424528928404,0.0563877402133829));
#7590=CARTESIAN_POINT('',(-0.166062068303216,-0.706509502184442,0.0563877402133829));
#7591=CARTESIAN_POINT('',(-0.166062068303216,-0.708594475440479,0.0563877402133829));
#7592=CARTESIAN_POINT('',(-0.166062068303216,-0.710679448696517,0.0563877402133829));
#7593=CARTESIAN_POINT('',(-0.16855377076169,-0.571667715582911,0.3));
#7594=CARTESIAN_POINT('',(-0.16855377076169,-0.571667715582911,0.072674246347962));
#7595=CARTESIAN_POINT('',(-0.169402913520031,-0.580093876578159,0.045374449489097));
#7596=CARTESIAN_POINT('',(-0.169402913520031,-0.704424528928404,0.045374449489097));
#7597=CARTESIAN_POINT('',(-0.169402913520031,-0.706562228694591,0.045374449489097));
#7598=CARTESIAN_POINT('',(-0.169402913520031,-0.708699928460778,0.045374449489097));
#7599=CARTESIAN_POINT('',(-0.169402913520031,-0.710837628226965,0.045374449489097));
#7600=CARTESIAN_POINT('',(-0.173000390613418,-0.565890413398541,0.3));
#7601=CARTESIAN_POINT('',(-0.173000390613418,-0.565890413398541,0.052853654345275));
#7602=CARTESIAN_POINT('',(-0.1738719346211,-0.573832339579963,0.022907163216548));
#7603=CARTESIAN_POINT('',(-0.1738719346211,-0.704424528928404,0.022907163216548));
#7604=CARTESIAN_POINT('',(-0.1738719346211,-0.706669887473211,0.022907163216548));
#7605=CARTESIAN_POINT('',(-0.1738719346211,-0.708915246018018,0.022907163216548));
#7606=CARTESIAN_POINT('',(-0.1738719346211,-0.711160604562824,0.022907163216548));
#7607=CARTESIAN_POINT('',(-0.174122801493658,-0.56294524311274,0.3));
#7608=CARTESIAN_POINT('',(-0.174122801493658,-0.56294524311274,0.042746606658651));
#7609=CARTESIAN_POINT('',(-0.175,-0.570637604751331,0.0114537232162129));
#7610=CARTESIAN_POINT('',(-0.175,-0.704424528928404,0.0114537232162129));
#7611=CARTESIAN_POINT('',(-0.175,-0.706724816678255,0.0114537232162129));
#7612=CARTESIAN_POINT('',(-0.175,-0.709025104428106,0.0114537232162129));
#7613=CARTESIAN_POINT('',(-0.175,-0.711325392177956,0.0114537232162129));
#7614=CARTESIAN_POINT('',(-0.174122801493658,-0.557054756887259,0.3));
#7615=CARTESIAN_POINT('',(-0.174122801493658,-0.557054756887259,0.0225277336946499));
#7616=CARTESIAN_POINT('',(-0.175,-0.564243905898447,-0.011453723216213));
#7617=CARTESIAN_POINT('',(-0.175,-0.704424528928404,-0.011453723216213));
#7618=CARTESIAN_POINT('',(-0.175,-0.706834747803722,-0.011453723216213));
#7619=CARTESIAN_POINT('',(-0.175,-0.709244966679039,-0.011453723216213));
#7620=CARTESIAN_POINT('',(-0.175,-0.711655185554357,-0.011453723216213));
#7621=CARTESIAN_POINT('',(-0.173000390613418,-0.554109586601459,0.3));
#7622=CARTESIAN_POINT('',(-0.173000390613418,-0.554109586601459,0.012416421816554));
#7623=CARTESIAN_POINT('',(-0.1738719346211,-0.561045112769491,-0.022907163216548));
#7624=CARTESIAN_POINT('',(-0.1738719346211,-0.704424528928404,-0.022907163216548));
#7625=CARTESIAN_POINT('',(-0.1738719346211,-0.706889746785828,-0.022907163216548));
#7626=CARTESIAN_POINT('',(-0.1738719346211,-0.709354964643251,-0.022907163216548));
#7627=CARTESIAN_POINT('',(-0.1738719346211,-0.711820182500675,-0.022907163216548));
#7628=CARTESIAN_POINT('',(-0.16855377076169,-0.548332284417089,0.3));
#7629=CARTESIAN_POINT('',(-0.16855377076169,-0.548332284417089,-0.00742110528699103));
#7630=CARTESIAN_POINT('',(-0.169402913520031,-0.554767458360586,-0.045374449489097));
#7631=CARTESIAN_POINT('',(-0.169402913520031,-0.704424528928404,-0.045374449489097));
#7632=CARTESIAN_POINT('',(-0.169402913520031,-0.706997682681831,-0.045374449489097));
#7633=CARTESIAN_POINT('',(-0.169402913520031,-0.709570836435258,-0.045374449489097));
#7634=CARTESIAN_POINT('',(-0.169402913520031,-0.712143990188685,-0.045374449489097));
#7635=CARTESIAN_POINT('',(-0.16522967174164,-0.545500295373702,0.3));
#7636=CARTESIAN_POINT('',(-0.16522967174164,-0.545500295373702,-0.0171468234892981));
#7637=CARTESIAN_POINT('',(-0.166062068303216,-0.551688758495303,-0.0563877402133821));
#7638=CARTESIAN_POINT('',(-0.166062068303216,-0.704424528928404,-0.0563877402133821));
#7639=CARTESIAN_POINT('',(-0.166062068303216,-0.707050616820419,-0.0563877402133821));
#7640=CARTESIAN_POINT('',(-0.166062068303216,-0.709676704712433,-0.0563877402133821));
#7641=CARTESIAN_POINT('',(-0.166062068303216,-0.712302792604448,-0.0563877402133821));
#7642=CARTESIAN_POINT('',(-0.156507313145393,-0.54005819571344,0.3));
#7643=CARTESIAN_POINT('',(-0.156507313145393,-0.54005819571344,-0.0358382669333991));
#7644=CARTESIAN_POINT('',(-0.157295768075736,-0.545770672494878,-0.077551461114399));
#7645=CARTESIAN_POINT('',(-0.157295768075736,-0.704424528928404,-0.077551461114399));
#7646=CARTESIAN_POINT('',(-0.157295768075736,-0.70715237041714,-0.077551461114399));
#7647=CARTESIAN_POINT('',(-0.157295768075736,-0.709880211905876,-0.077551461114399));
#7648=CARTESIAN_POINT('',(-0.157295768075736,-0.712608053394612,-0.077551461114399));
#7649=CARTESIAN_POINT('',(-0.1511092692467,-0.537448219663205,0.3));
#7650=CARTESIAN_POINT('',(-0.1511092692467,-0.537448219663205,-0.0448035272159911));
#7651=CARTESIAN_POINT('',(-0.151870529829119,-0.542931435338447,-0.087701367976425));
#7652=CARTESIAN_POINT('',(-0.151870529829119,-0.704424528928404,-0.087701367976425));
#7653=CARTESIAN_POINT('',(-0.151870529829119,-0.707201187313784,-0.087701367976425));
#7654=CARTESIAN_POINT('',(-0.151870529829119,-0.709977845699164,-0.087701367976425));
#7655=CARTESIAN_POINT('',(-0.151870529829119,-0.712754504084544,-0.087701367976425));
#7656=CARTESIAN_POINT('',(-0.138446367255231,-0.532550459365031,0.3));
#7657=CARTESIAN_POINT('',(-0.138446367255231,-0.532550459365031,-0.0616285737590851));
#7658=CARTESIAN_POINT('',(-0.139143834476772,-0.537602260899602,-0.106748213580436));
#7659=CARTESIAN_POINT('',(-0.139143834476772,-0.704424528928404,-0.106748213580436));
#7660=CARTESIAN_POINT('',(-0.139143834476772,-0.707292815361547,-0.106748213580436));
#7661=CARTESIAN_POINT('',(-0.139143834476772,-0.710161101794689,-0.106748213580436));
#7662=CARTESIAN_POINT('',(-0.139143834476772,-0.713029388227832,-0.106748213580436));
#7663=CARTESIAN_POINT('',(-0.131181822277662,-0.530262796223867,0.3));
#7664=CARTESIAN_POINT('',(-0.131181822277662,-0.530262796223867,-0.0694879430038821));
#7665=CARTESIAN_POINT('',(-0.131842692063664,-0.535112456327324,-0.115644681351628));
#7666=CARTESIAN_POINT('',(-0.131842692063664,-0.704424528928404,-0.115644681351628));
#7667=CARTESIAN_POINT('',(-0.131842692063664,-0.707335624230891,-0.115644681351628));
#7668=CARTESIAN_POINT('',(-0.131842692063664,-0.710246719533379,-0.115644681351628));
#7669=CARTESIAN_POINT('',(-0.131842692063664,-0.713157814835866,-0.115644681351628));
#7670=CARTESIAN_POINT('',(-0.115065005113068,-0.526097593469344,0.3));
#7671=CARTESIAN_POINT('',(-0.115065005113068,-0.526097593469344,-0.083798411717313));
#7672=CARTESIAN_POINT('',(-0.115644681351628,-0.530578517021996,-0.131842692063664));
#7673=CARTESIAN_POINT('',(-0.115644681351628,-0.704424528928404,-0.131842692063664));
#7674=CARTESIAN_POINT('',(-0.115644681351628,-0.707413579271018,-0.131842692063664));
#7675=CARTESIAN_POINT('',(-0.115644681351628,-0.710402629613632,-0.131842692063664));
#7676=CARTESIAN_POINT('',(-0.115644681351628,-0.713391679956245,-0.131842692063664));
#7677=CARTESIAN_POINT('',(-0.106213131446108,-0.52422015684883,0.3));
#7678=CARTESIAN_POINT('',(-0.106213131446108,-0.52422015684883,-0.0902491571223441));
#7679=CARTESIAN_POINT('',(-0.106748213580436,-0.528534494598498,-0.139143834476772));
#7680=CARTESIAN_POINT('',(-0.106748213580436,-0.704424528928404,-0.139143834476772));
#7681=CARTESIAN_POINT('',(-0.106748213580436,-0.707448723510786,-0.139143834476772));
#7682=CARTESIAN_POINT('',(-0.106748213580436,-0.710472918093169,-0.139143834476772));
#7683=CARTESIAN_POINT('',(-0.106748213580436,-0.713497112675551,-0.139143834476772));
#7684=CARTESIAN_POINT('',(-0.0872617593536078,-0.520947578043941,0.3));
#7685=CARTESIAN_POINT('',(-0.0872617593536078,-0.520947578043941,-0.101493885117097));
#7686=CARTESIAN_POINT('',(-0.0877013679764253,-0.524971187886344,-0.151870529829119));
#7687=CARTESIAN_POINT('',(-0.0877013679764253,-0.704424528928404,-0.151870529829119));
#7688=CARTESIAN_POINT('',(-0.0877013679764253,-0.707509989817859,-0.151870529829119));
#7689=CARTESIAN_POINT('',(-0.0877013679764253,-0.710595450707314,-0.151870529829119));
#7690=CARTESIAN_POINT('',(-0.0877013679764253,-0.713680911596769,-0.151870529829119));
#7691=CARTESIAN_POINT('',(-0.0771627295380895,-0.519552516780525,0.3));
#7692=CARTESIAN_POINT('',(-0.0771627295380895,-0.519552516780525,-0.106287589728032));
#7693=CARTESIAN_POINT('',(-0.077551461114399,-0.523451991641542,-0.157295768075735));
#7694=CARTESIAN_POINT('',(-0.077551461114399,-0.704424528928404,-0.157295768075735));
#7695=CARTESIAN_POINT('',(-0.077551461114399,-0.707536110371366,-0.157295768075735));
#7696=CARTESIAN_POINT('',(-0.077551461114399,-0.710647691814329,-0.157295768075735));
#7697=CARTESIAN_POINT('',(-0.077551461114399,-0.713759273257291,-0.157295768075735));
#7698=CARTESIAN_POINT('',(-0.0561050931191471,-0.517298325293459,0.3));
#7699=CARTESIAN_POINT('',(-0.0561050931191471,-0.517298325293459,-0.114033575581503));
#7700=CARTESIAN_POINT('',(-0.0563877402133823,-0.520997084089473,-0.166062068303215));
#7701=CARTESIAN_POINT('',(-0.0563877402133823,-0.704424528928404,-0.166062068303215));
#7702=CARTESIAN_POINT('',(-0.0563877402133823,-0.707578319232985,-0.166062068303215));
#7703=CARTESIAN_POINT('',(-0.0563877402133823,-0.710732109537567,-0.166062068303215));
#7704=CARTESIAN_POINT('',(-0.0563877402133823,-0.713885899842148,-0.166062068303215));
#7705=CARTESIAN_POINT('',(-0.0451470072072798,-0.516439250809135,0.3));
#7706=CARTESIAN_POINT('',(-0.0451470072072798,-0.516439250809135,-0.116985665410714));
#7707=CARTESIAN_POINT('',(-0.0453744494890967,-0.520061433369058,-0.169402913520031));
#7708=CARTESIAN_POINT('',(-0.0453744494890967,-0.704424528928404,-0.169402913520031));
#7709=CARTESIAN_POINT('',(-0.0453744494890967,-0.707594406499387,-0.169402913520031));
#7710=CARTESIAN_POINT('',(-0.0453744494890967,-0.71076428407037,-0.169402913520031));
#7711=CARTESIAN_POINT('',(-0.0453744494890967,-0.713934161641353,-0.169402913520031));
#7712=CARTESIAN_POINT('',(-0.022792339620216,-0.515290073954574,0.3));
#7713=CARTESIAN_POINT('',(-0.022792339620216,-0.515290073954574,-0.120934674408017));
#7714=CARTESIAN_POINT('',(-0.0229071632165483,-0.518809799441493,-0.1738719346211));
#7715=CARTESIAN_POINT('',(-0.0229071632165483,-0.704424528928404,-0.1738719346211));
#7716=CARTESIAN_POINT('',(-0.0229071632165483,-0.707615926675657,-0.1738719346211));
#7717=CARTESIAN_POINT('',(-0.0229071632165483,-0.71080732442291,-0.1738719346211));
#7718=CARTESIAN_POINT('',(-0.0229071632165483,-0.713998722170162,-0.1738719346211));
#7719=CARTESIAN_POINT('',(-0.011396310708228,-0.515,0.3));
#7720=CARTESIAN_POINT('',(-0.011396310708228,-0.515,-0.121931497219851));
#7721=CARTESIAN_POINT('',(-0.0114537232162128,-0.518493848263844,-0.175));
#7722=CARTESIAN_POINT('',(-0.0114537232162128,-0.704424528928404,-0.175));
#7723=CARTESIAN_POINT('',(-0.0114537232162128,-0.70762135903482,-0.175));
#7724=CARTESIAN_POINT('',(-0.0114537232162128,-0.710818189141237,-0.175));
#7725=CARTESIAN_POINT('',(-0.0114537232162128,-0.714015019247653,-0.175));
#7726=CARTESIAN_POINT('',(0.0113963107082283,-0.515,0.3));
#7727=CARTESIAN_POINT('',(0.0113963107082283,-0.515,-0.121931494793884));
#7728=CARTESIAN_POINT('',(0.0114537232162128,-0.51849384595501,-0.175));
#7729=CARTESIAN_POINT('',(0.0114537232162128,-0.704424528928404,-0.175));
#7730=CARTESIAN_POINT('',(0.0114537232162128,-0.707621359074518,-0.175));
#7731=CARTESIAN_POINT('',(0.0114537232162128,-0.710818189220631,-0.175));
#7732=CARTESIAN_POINT('',(0.0114537232162128,-0.714015019366745,-0.175));
#7733=CARTESIAN_POINT('',(0.0227923396202164,-0.515290073954574,0.3));
#7734=CARTESIAN_POINT('',(0.0227923396202164,-0.515290073954574,-0.120934674408017));
#7735=CARTESIAN_POINT('',(0.0229071632165481,-0.518809799441493,-0.1738719346211));
#7736=CARTESIAN_POINT('',(0.0229071632165482,-0.704424528928404,-0.1738719346211));
#7737=CARTESIAN_POINT('',(0.0229071632165482,-0.707615926675657,-0.1738719346211));
#7738=CARTESIAN_POINT('',(0.0229071632165482,-0.71080732442291,-0.1738719346211));
#7739=CARTESIAN_POINT('',(0.0229071632165482,-0.713998722170162,-0.1738719346211));
#7740=CARTESIAN_POINT('',(0.0451470072072802,-0.516439250809135,0.3));
#7741=CARTESIAN_POINT('',(0.0451470072072802,-0.516439250809135,-0.116985665410714));
#7742=CARTESIAN_POINT('',(0.0453744494890967,-0.520061433369058,-0.169402913520031));
#7743=CARTESIAN_POINT('',(0.0453744494890967,-0.704424528928404,-0.169402913520031));
#7744=CARTESIAN_POINT('',(0.0453744494890967,-0.707594406499387,-0.169402913520031));
#7745=CARTESIAN_POINT('',(0.0453744494890967,-0.71076428407037,-0.169402913520031));
#7746=CARTESIAN_POINT('',(0.0453744494890967,-0.713934161641353,-0.169402913520031));
#7747=CARTESIAN_POINT('',(0.0561050931191475,-0.517298325293459,0.3));
#7748=CARTESIAN_POINT('',(0.0561050931191475,-0.517298325293459,-0.114033575581503));
#7749=CARTESIAN_POINT('',(0.0563877402133823,-0.520997084089474,-0.166062068303215));
#7750=CARTESIAN_POINT('',(0.0563877402133824,-0.704424528928404,-0.166062068303215));
#7751=CARTESIAN_POINT('',(0.0563877402133824,-0.707578319232985,-0.166062068303215));
#7752=CARTESIAN_POINT('',(0.0563877402133824,-0.710732109537567,-0.166062068303215));
#7753=CARTESIAN_POINT('',(0.0563877402133824,-0.713885899842148,-0.166062068303215));
#7754=CARTESIAN_POINT('',(0.0771627295380899,-0.519552516780525,0.3));
#7755=CARTESIAN_POINT('',(0.0771627295380899,-0.519552516780525,-0.106287589728032));
#7756=CARTESIAN_POINT('',(0.077551461114399,-0.523451991641542,-0.157295768075735));
#7757=CARTESIAN_POINT('',(0.077551461114399,-0.704424528928404,-0.157295768075735));
#7758=CARTESIAN_POINT('',(0.077551461114399,-0.707536110371366,-0.157295768075735));
#7759=CARTESIAN_POINT('',(0.077551461114399,-0.710647691814329,-0.157295768075735));
#7760=CARTESIAN_POINT('',(0.077551461114399,-0.713759273257291,-0.157295768075735));
#7761=CARTESIAN_POINT('',(0.0872617593536081,-0.520947578043941,0.3));
#7762=CARTESIAN_POINT('',(0.0872617593536081,-0.520947578043941,-0.101493885117097));
#7763=CARTESIAN_POINT('',(0.0877013679764253,-0.524971187886344,-0.151870529829119));
#7764=CARTESIAN_POINT('',(0.0877013679764253,-0.704424528928404,-0.151870529829119));
#7765=CARTESIAN_POINT('',(0.0877013679764253,-0.707509989817859,-0.151870529829119));
#7766=CARTESIAN_POINT('',(0.0877013679764253,-0.710595450707314,-0.151870529829119));
#7767=CARTESIAN_POINT('',(0.0877013679764253,-0.713680911596769,-0.151870529829119));
#7768=CARTESIAN_POINT('',(0.106213131446107,-0.52422015684883,0.3));
#7769=CARTESIAN_POINT('',(0.106213131446107,-0.52422015684883,-0.0902491571223441));
#7770=CARTESIAN_POINT('',(0.106748213580435,-0.528534494598498,-0.139143834476772));
#7771=CARTESIAN_POINT('',(0.106748213580435,-0.704424528928404,-0.139143834476772));
#7772=CARTESIAN_POINT('',(0.106748213580435,-0.707448723510786,-0.139143834476772));
#7773=CARTESIAN_POINT('',(0.106748213580435,-0.710472918093169,-0.139143834476772));
#7774=CARTESIAN_POINT('',(0.106748213580435,-0.713497112675551,-0.139143834476772));
#7775=CARTESIAN_POINT('',(0.115065005113068,-0.526097593469344,0.3));
#7776=CARTESIAN_POINT('',(0.115065005113068,-0.526097593469344,-0.083798411717313));
#7777=CARTESIAN_POINT('',(0.115644681351628,-0.530578517021996,-0.131842692063664));
#7778=CARTESIAN_POINT('',(0.115644681351628,-0.704424528928404,-0.131842692063664));
#7779=CARTESIAN_POINT('',(0.115644681351628,-0.707413579271018,-0.131842692063664));
#7780=CARTESIAN_POINT('',(0.115644681351628,-0.710402629613632,-0.131842692063664));
#7781=CARTESIAN_POINT('',(0.115644681351628,-0.713391679956245,-0.131842692063664));
#7782=CARTESIAN_POINT('',(0.131181822277662,-0.530262796223867,0.3));
#7783=CARTESIAN_POINT('',(0.131181822277662,-0.530262796223867,-0.0694879430038821));
#7784=CARTESIAN_POINT('',(0.131842692063663,-0.535112456327324,-0.115644681351628));
#7785=CARTESIAN_POINT('',(0.131842692063663,-0.704424528928404,-0.115644681351628));
#7786=CARTESIAN_POINT('',(0.131842692063663,-0.707335624230891,-0.115644681351628));
#7787=CARTESIAN_POINT('',(0.131842692063663,-0.710246719533379,-0.115644681351628));
#7788=CARTESIAN_POINT('',(0.131842692063663,-0.713157814835866,-0.115644681351628));
#7789=CARTESIAN_POINT('',(0.138446367255231,-0.532550459365031,0.3));
#7790=CARTESIAN_POINT('',(0.138446367255231,-0.532550459365031,-0.0616285737590851));
#7791=CARTESIAN_POINT('',(0.139143834476772,-0.537602260899602,-0.106748213580436));
#7792=CARTESIAN_POINT('',(0.139143834476772,-0.704424528928404,-0.106748213580436));
#7793=CARTESIAN_POINT('',(0.139143834476772,-0.707292815361547,-0.106748213580436));
#7794=CARTESIAN_POINT('',(0.139143834476772,-0.710161101794689,-0.106748213580436));
#7795=CARTESIAN_POINT('',(0.139143834476772,-0.713029388227832,-0.106748213580436));
#7796=CARTESIAN_POINT('',(0.1511092692467,-0.537448219663205,0.3));
#7797=CARTESIAN_POINT('',(0.1511092692467,-0.537448219663205,-0.0448035272159911));
#7798=CARTESIAN_POINT('',(0.151870529829119,-0.542931435338447,-0.087701367976425));
#7799=CARTESIAN_POINT('',(0.151870529829119,-0.704424528928404,-0.087701367976425));
#7800=CARTESIAN_POINT('',(0.151870529829119,-0.707201187313784,-0.087701367976425));
#7801=CARTESIAN_POINT('',(0.151870529829119,-0.709977845699164,-0.087701367976425));
#7802=CARTESIAN_POINT('',(0.151870529829119,-0.712754504084544,-0.087701367976425));
#7803=CARTESIAN_POINT('',(0.156507313145393,-0.54005819571344,0.3));
#7804=CARTESIAN_POINT('',(0.156507313145393,-0.54005819571344,-0.0358382669333991));
#7805=CARTESIAN_POINT('',(0.157295768075735,-0.545770672494878,-0.077551461114399));
#7806=CARTESIAN_POINT('',(0.157295768075735,-0.704424528928404,-0.077551461114399));
#7807=CARTESIAN_POINT('',(0.157295768075735,-0.70715237041714,-0.077551461114399));
#7808=CARTESIAN_POINT('',(0.157295768075735,-0.709880211905876,-0.077551461114399));
#7809=CARTESIAN_POINT('',(0.157295768075735,-0.712608053394612,-0.077551461114399));
#7810=CARTESIAN_POINT('',(0.16522967174164,-0.545500295373701,0.3));
#7811=CARTESIAN_POINT('',(0.16522967174164,-0.545500295373701,-0.0171468234892981));
#7812=CARTESIAN_POINT('',(0.166062068303215,-0.551688758495303,-0.0563877402133821));
#7813=CARTESIAN_POINT('',(0.166062068303215,-0.704424528928404,-0.0563877402133821));
#7814=CARTESIAN_POINT('',(0.166062068303215,-0.707050616820419,-0.0563877402133821));
#7815=CARTESIAN_POINT('',(0.166062068303215,-0.709676704712433,-0.0563877402133821));
#7816=CARTESIAN_POINT('',(0.166062068303215,-0.712302792604448,-0.0563877402133821));
#7817=CARTESIAN_POINT('',(0.16855377076169,-0.548332284417089,0.3));
#7818=CARTESIAN_POINT('',(0.16855377076169,-0.548332284417089,-0.00742110528699103));
#7819=CARTESIAN_POINT('',(0.16940291352003,-0.554767458360586,-0.045374449489097));
#7820=CARTESIAN_POINT('',(0.16940291352003,-0.704424528928404,-0.045374449489097));
#7821=CARTESIAN_POINT('',(0.16940291352003,-0.706997682681831,-0.045374449489097));
#7822=CARTESIAN_POINT('',(0.16940291352003,-0.709570836435258,-0.045374449489097));
#7823=CARTESIAN_POINT('',(0.16940291352003,-0.712143990188685,-0.045374449489097));
#7824=CARTESIAN_POINT('',(0.173000390613418,-0.554109586601459,0.3));
#7825=CARTESIAN_POINT('',(0.173000390613418,-0.554109586601459,0.012416421816554));
#7826=CARTESIAN_POINT('',(0.1738719346211,-0.561045112769491,-0.022907163216548));
#7827=CARTESIAN_POINT('',(0.1738719346211,-0.704424528928404,-0.022907163216548));
#7828=CARTESIAN_POINT('',(0.1738719346211,-0.706889746785828,-0.022907163216548));
#7829=CARTESIAN_POINT('',(0.1738719346211,-0.709354964643251,-0.022907163216548));
#7830=CARTESIAN_POINT('',(0.1738719346211,-0.711820182500675,-0.022907163216548));
#7831=CARTESIAN_POINT('',(0.174122801493658,-0.557054756887259,0.3));
#7832=CARTESIAN_POINT('',(0.174122801493658,-0.557054756887259,0.0225277336946499));
#7833=CARTESIAN_POINT('',(0.175,-0.564243905898447,-0.011453723216213));
#7834=CARTESIAN_POINT('',(0.175,-0.704424528928404,-0.011453723216213));
#7835=CARTESIAN_POINT('',(0.175,-0.706834747803722,-0.011453723216213));
#7836=CARTESIAN_POINT('',(0.175,-0.709244966679039,-0.011453723216213));
#7837=CARTESIAN_POINT('',(0.175,-0.711655185554357,-0.011453723216213));
#7838=CARTESIAN_POINT('',(0.174122801493658,-0.56,0.3));
#7839=CARTESIAN_POINT('',(0.174122801493658,-0.56,0.0326371701766504));
#7840=CARTESIAN_POINT('',(0.175,-0.567440755324889,0.));
#7841=CARTESIAN_POINT('',(0.175,-0.704424528928404,0.));
#7842=CARTESIAN_POINT('',(0.175,-0.706779782240988,0.));
#7843=CARTESIAN_POINT('',(0.175,-0.709135035553572,0.));
#7844=CARTESIAN_POINT('',(0.175,-0.711490288866156,0.));
#7845=CARTESIAN_POINT('',(0.22499853538228,-0.704424528928398,0.000811834853292344));
#7846=CARTESIAN_POINT('',(0.22457472289556,-0.704424528928398,0.118270685507259));
#7847=CARTESIAN_POINT('',(0.11769804039144,-0.704424528928398,0.224875371043585));
#7848=CARTESIAN_POINT('',(-0.117221058134731,-0.704424528928398,0.225124376165152));
#7849=CARTESIAN_POINT('',(-0.224323493883075,-0.704424528928398,0.118746500184489));
#7850=CARTESIAN_POINT('',(-0.224996308778284,-0.704424528928398,0.00128881191296042));
#7851=CARTESIAN_POINT('',(0.224808223450836,-0.505,-0.00927848504619134));
#7852=CARTESIAN_POINT('',(0.224808223450836,-0.639252414510718,-0.00927848504619134));
#7853=CARTESIAN_POINT('',(0.203002707024953,-0.603735332287548,-0.0970302747730007));
#7854=CARTESIAN_POINT('',(0.203002707024953,-0.704424528928404,-0.0970302747730007));
#7855=CARTESIAN_POINT('',(0.224935988572073,-0.505,-0.00618741731629074));
#7856=CARTESIAN_POINT('',(0.224935988572073,-0.639283515225599,-0.00618741731629074));
#7857=CARTESIAN_POINT('',(0.20383962301164,-0.603711977967555,-0.0952793813420483));
#7858=CARTESIAN_POINT('',(0.20383962301164,-0.704424528928404,-0.0952793813420483));
#7859=CARTESIAN_POINT('',(0.22499999999992,-0.505,-0.00309371669360703));
#7860=CARTESIAN_POINT('',(0.22499999999992,-0.639315077362635,-0.00309371669360703));
#7861=CARTESIAN_POINT('',(0.204653886484837,-0.60368826874068,-0.0935176603985052));
#7862=CARTESIAN_POINT('',(0.204653886484837,-0.704424528928404,-0.0935176603985052));
#7863=CARTESIAN_POINT('',(0.224999999999921,-0.505,0.0175));
#7864=CARTESIAN_POINT('',(0.224999999999921,-0.63952816962933,0.0175));
#7865=CARTESIAN_POINT('',(0.209921342767999,-0.603528131125904,-0.0817222984404632));
#7866=CARTESIAN_POINT('',(0.209921342767999,-0.704424528928404,-0.0817222984404632));
#7867=CARTESIAN_POINT('',(0.224999999999921,-0.505,0.035));
#7868=CARTESIAN_POINT('',(0.224999999999921,-0.639734889170578,0.035));
#7869=CARTESIAN_POINT('',(0.213662606847918,-0.60337336205047,-0.0713708248996991));
#7870=CARTESIAN_POINT('',(0.213662606847918,-0.704424528928404,-0.0713708248996991));
#7871=CARTESIAN_POINT('',(0.224999999999921,-0.505,0.07));
#7872=CARTESIAN_POINT('',(0.224999999999921,-0.640176654864913,0.07));
#7873=CARTESIAN_POINT('',(0.219595478672322,-0.60304203777972,-0.0502327578238081));
#7874=CARTESIAN_POINT('',(0.219595478672322,-0.704424528928404,-0.0502327578238081));
#7875=CARTESIAN_POINT('',(0.224999999999921,-0.505,0.0875));
#7876=CARTESIAN_POINT('',(0.224999999999921,-0.640411719540659,0.0875));
#7877=CARTESIAN_POINT('',(0.22178704108218,-0.602865739272909,-0.0394463258101851));
#7878=CARTESIAN_POINT('',(0.22178704108218,-0.704424528928404,-0.0394463258101851));
#7879=CARTESIAN_POINT('',(0.224999999999921,-0.505,0.1225));
#7880=CARTESIAN_POINT('',(0.224999999999921,-0.64090079934028,0.1225));
#7881=CARTESIAN_POINT('',(0.224573619503975,-0.602498929423194,-0.017669002088274));
#7882=CARTESIAN_POINT('',(0.224573619503975,-0.704424528928404,-0.017669002088274));
#7883=CARTESIAN_POINT('',(0.224999999999921,-0.505,0.14));
#7884=CARTESIAN_POINT('',(0.224999999999921,-0.641154945672714,0.14));
#7885=CARTESIAN_POINT('',(0.225168614222938,-0.602308319673868,-0.00667827678622007));
#7886=CARTESIAN_POINT('',(0.225168614222938,-0.704424528928404,-0.00667827678622007));
#7887=CARTESIAN_POINT('',(0.224999999999921,-0.505,0.175));
#7888=CARTESIAN_POINT('',(0.224999999999921,-0.641684907464023,0.175));
#7889=CARTESIAN_POINT('',(0.224749308950843,-0.601910848330387,0.015272600892782));
#7890=CARTESIAN_POINT('',(0.224749308950843,-0.704424528928404,0.015272600892782));
#7891=CARTESIAN_POINT('',(0.224999999999921,-0.505,0.1925));
#7892=CARTESIAN_POINT('',(0.224999999999921,-0.641960873072311,0.1925));
#7893=CARTESIAN_POINT('',(0.223735012163806,-0.601703771161351,0.026232585537325));
#7894=CARTESIAN_POINT('',(0.223735012163806,-0.704424528928404,0.026232585537325));
#7895=CARTESIAN_POINT('',(0.224999999999921,-0.505,0.2275));
#7896=CARTESIAN_POINT('',(0.224999999999921,-0.642546490282013,0.2275));
#7897=CARTESIAN_POINT('',(0.220118789937498,-0.601264764179713,0.0478876030759839));
#7898=CARTESIAN_POINT('',(0.220118789937498,-0.704424528928404,0.0478876030759839));
#7899=CARTESIAN_POINT('',(0.224999999999921,-0.505,0.245));
#7900=CARTESIAN_POINT('',(0.224999999999921,-0.642856309717124,0.245));
#7901=CARTESIAN_POINT('',(0.217516892130728,-0.601032676165474,0.0585824704984419));
#7902=CARTESIAN_POINT('',(0.217516892130728,-0.704424528928404,0.0585824704984419));
#7903=CARTESIAN_POINT('',(0.224999999999921,-0.505,0.28));
#7904=CARTESIAN_POINT('',(0.224999999999921,-0.643528023951469,0.28));
#7905=CARTESIAN_POINT('',(0.210781084969333,-0.600528723331123,0.079478540695352));
#7906=CARTESIAN_POINT('',(0.210781084969333,-0.704424528928404,0.079478540695352));
#7907=CARTESIAN_POINT('',(0.224999999999921,-0.505,0.2975));
#7908=CARTESIAN_POINT('',(0.224999999999921,-0.643890103618977,0.2975));
#7909=CARTESIAN_POINT('',(0.206647227084773,-0.600256858511012,0.08967958379746));
#7910=CARTESIAN_POINT('',(0.206647227084773,-0.704424528928404,0.08967958379746));
#7911=CARTESIAN_POINT('',(0.224999999999921,-0.505,0.3325));
#7912=CARTESIAN_POINT('',(0.224999999999921,-0.644687836434233,0.3325));
#7913=CARTESIAN_POINT('',(0.196935878560733,-0.599658744305889,0.109369849352661));
#7914=CARTESIAN_POINT('',(0.196935878560733,-0.704424528928404,0.109369849352661));
#7915=CARTESIAN_POINT('',(0.224999999999921,-0.505,0.35));
#7916=CARTESIAN_POINT('',(0.224999999999921,-0.645123671470144,0.35));
#7917=CARTESIAN_POINT('',(0.191358462128209,-0.599331775325796,0.118858921347278));
#7918=CARTESIAN_POINT('',(0.191358462128209,-0.704424528928404,0.118858921347278));
#7919=CARTESIAN_POINT('',(0.224999999999921,-0.505,0.385));
#7920=CARTESIAN_POINT('',(0.224999999999921,-0.646090057452967,0.385));
#7921=CARTESIAN_POINT('',(0.178879247031068,-0.598606985838679,0.136922310795246));
#7922=CARTESIAN_POINT('',(0.178879247031068,-0.704424528928404,0.136922310795246));
#7923=CARTESIAN_POINT('',(0.224999999999921,-0.505,0.4025));
#7924=CARTESIAN_POINT('',(0.224999999999921,-0.646620404789231,0.4025));
#7925=CARTESIAN_POINT('',(0.171977543723401,-0.598209225336481,0.145496490221509));
#7926=CARTESIAN_POINT('',(0.171977543723401,-0.704424528928404,0.145496490221509));
#7927=CARTESIAN_POINT('',(0.224999999999921,-0.505,0.434726215563697));
#7928=CARTESIAN_POINT('',(0.224999999999921,-0.6477017837689,0.434726215563697));
#7929=CARTESIAN_POINT('',(0.158184523901133,-0.597398191101729,0.160274725745362));
#7930=CARTESIAN_POINT('',(0.158184523901133,-0.704424528928404,0.160274725745362));
#7931=CARTESIAN_POINT('',(0.223549630227049,-0.505,0.449452066992695));
#7932=CARTESIAN_POINT('',(0.223549630227049,-0.648217349254747,0.449452066992695));
#7933=CARTESIAN_POINT('',(0.151465232280291,-0.597011516987344,0.166639175240567));
#7934=CARTESIAN_POINT('',(0.151465232280291,-0.704424528928404,0.166639175240567));
#7935=CARTESIAN_POINT('',(0.217803745954249,-0.505,0.478338577914533));
#7936=CARTESIAN_POINT('',(0.217803745954249,-0.649251741880182,0.478338577914533));
#7937=CARTESIAN_POINT('',(0.137295589018403,-0.596235722518268,0.178494404816142));
#7938=CARTESIAN_POINT('',(0.137295589018403,-0.704424528928404,0.178494404816142));
#7939=CARTESIAN_POINT('',(0.21350837353263,-0.505,0.492498523131465));
#7940=CARTESIAN_POINT('',(0.21350837353263,-0.649770374798581,0.492498523131465));
#7941=CARTESIAN_POINT('',(0.129845291685598,-0.595846747829468,0.183985139458764));
#7942=CARTESIAN_POINT('',(0.129845291685598,-0.704424528928404,0.183985139458764));
#7943=CARTESIAN_POINT('',(0.202237416097303,-0.505,0.519709021432763));
#7944=CARTESIAN_POINT('',(0.202237416097303,-0.650778970790716,0.519709021432763));
#7945=CARTESIAN_POINT('',(0.114326510119653,-0.595090300835367,0.194009743050291));
#7946=CARTESIAN_POINT('',(0.114326510119653,-0.704424528928404,0.194009743050291));
#7947=CARTESIAN_POINT('',(0.195262109780226,-0.505,0.532758901683936));
#7948=CARTESIAN_POINT('',(0.195262109780226,-0.651269056627543,0.532758901683936));
#7949=CARTESIAN_POINT('',(0.106258085365621,-0.594722736457747,0.19854357357772));
#7950=CARTESIAN_POINT('',(0.106258085365621,-0.704424528928404,0.19854357357772));
#7951=CARTESIAN_POINT('',(0.178899215755786,-0.505,0.557247703174797));
#7952=CARTESIAN_POINT('',(0.178899215755786,-0.652197376163367,0.557247703174797));
#7953=CARTESIAN_POINT('',(0.0896252881302287,-0.594026496805878,0.206585669982583));
#7954=CARTESIAN_POINT('',(0.0896252881302287,-0.704424528928404,0.206585669982583));
#7955=CARTESIAN_POINT('',(0.169512032653222,-0.505,0.568686018880612));
#7956=CARTESIAN_POINT('',(0.169512032653222,-0.652635715396894,0.568686018880612));
#7957=CARTESIAN_POINT('',(0.0810609793976839,-0.593697742380734,0.210093905036932));
#7958=CARTESIAN_POINT('',(0.0810609793976839,-0.704424528928404,0.210093905036932));
#7959=CARTESIAN_POINT('',(0.148686018880612,-0.505,0.589512032653222));
#7960=CARTESIAN_POINT('',(0.148686018880612,-0.653443725892479,0.589512032653222));
#7961=CARTESIAN_POINT('',(0.0635661674047918,-0.593091734509044,0.216031649709123));
#7962=CARTESIAN_POINT('',(0.0635661674047918,-0.704424528928404,0.216031649709123));
#7963=CARTESIAN_POINT('',(0.137247703174797,-0.505,0.598899215755787));
#7964=CARTESIAN_POINT('',(0.137247703174797,-0.653813475140215,0.598899215755787));
#7965=CARTESIAN_POINT('',(0.0546357311971193,-0.592814422573243,0.218461136569265));
#7966=CARTESIAN_POINT('',(0.0546357311971193,-0.704424528928404,0.218461136569265));
#7967=CARTESIAN_POINT('',(0.112758901683935,-0.505,0.615262109780227));
#7968=CARTESIAN_POINT('',(0.112758901683935,-0.65447249102097,0.615262109780227));
#7969=CARTESIAN_POINT('',(0.0365439656095703,-0.592320160662676,0.222204567667061));
#7970=CARTESIAN_POINT('',(0.0365439656095703,-0.704424528928404,0.222204567667061));
#7971=CARTESIAN_POINT('',(0.0997090214327632,-0.505,0.622237416097303));
#7972=CARTESIAN_POINT('',(0.0997090214327632,-0.654761810235821,0.622237416097303));
#7973=CARTESIAN_POINT('',(0.0273827055703227,-0.592103163639545,0.2235184975572));
#7974=CARTESIAN_POINT('',(0.0273827055703227,-0.704424528928404,0.2235184975572));
#7975=CARTESIAN_POINT('',(0.0724985231314656,-0.505,0.633508373532631));
#7976=CARTESIAN_POINT('',(0.0724985231314656,-0.655252225512906,0.633508373532631));
#7977=CARTESIAN_POINT('',(0.00896809190159502,-0.591735367405717,0.22501089894097));
#7978=CARTESIAN_POINT('',(0.00896809190159502,-0.704424528928404,0.22501089894097));
#7979=CARTESIAN_POINT('',(0.0583385779145323,-0.505,0.637803745954249));
#7980=CARTESIAN_POINT('',(0.0583385779145323,-0.655453353330559,0.637803745954249));
#7981=CARTESIAN_POINT('',(-0.000285191149869898,-0.591584823960736,0.225189364714649));
#7982=CARTESIAN_POINT('',(-0.000285191149869898,-0.704424528928404,0.225189364714649));
#7983=CARTESIAN_POINT('',(0.0294520669926944,-0.505,0.64354963022705));
#7984=CARTESIAN_POINT('',(0.0294520669926944,-0.655763138209595,0.64354963022705));
#7985=CARTESIAN_POINT('',(-0.0187436559654666,-0.591352475070908,0.224408125244224));
#7986=CARTESIAN_POINT('',(-0.0187436559654666,-0.704424528928404,0.224408125244224));
#7987=CARTESIAN_POINT('',(0.0147262155636972,-0.505,0.644999999999921));
#7988=CARTESIAN_POINT('',(0.0147262155636972,-0.655871810011545,0.644999999999921));
#7989=CARTESIAN_POINT('',(-0.027948766983514,-0.59127066962606,0.223448422994391));
#7990=CARTESIAN_POINT('',(-0.027948766983514,-0.704424528928404,0.223448422994391));
#7991=CARTESIAN_POINT('',(-0.0147262155636967,-0.505,0.644999999999921));
#7992=CARTESIAN_POINT('',(-0.0147262155636967,-0.655995607105764,0.644999999999921));
#7993=CARTESIAN_POINT('',(-0.046171421629796,-0.591177825392766,0.220405379106914));
#7994=CARTESIAN_POINT('',(-0.046171421629796,-0.704424528928404,0.220405379106914));
#7995=CARTESIAN_POINT('',(-0.0294520669926945,-0.505,0.64354963022705));
#7996=CARTESIAN_POINT('',(-0.0294520669926945,-0.656010732516614,0.64354963022705));
#7997=CARTESIAN_POINT('',(-0.0551888954157404,-0.59116677399971,0.218322049132399));
#7998=CARTESIAN_POINT('',(-0.0551888954157404,-0.704424528928404,0.218322049132399));
#7999=CARTESIAN_POINT('',(-0.0583385779145324,-0.505,0.637803745954249));
#8000=CARTESIAN_POINT('',(-0.0583385779145324,-0.655949413977824,0.637803745954249));
#8001=CARTESIAN_POINT('',(-0.0728996512995525,-0.591212768523135,0.213063305510317));
#8002=CARTESIAN_POINT('',(-0.0728996512995525,-0.704424528928404,0.213063305510317));
#8003=CARTESIAN_POINT('',(-0.0724985231314666,-0.505,0.63350837353263));
#8004=CARTESIAN_POINT('',(-0.0724985231314666,-0.655872956626595,0.63350837353263));
#8005=CARTESIAN_POINT('',(-0.0815928655170936,-0.591269814439616,0.209887912018031));
#8006=CARTESIAN_POINT('',(-0.0815928655170936,-0.704424528928404,0.209887912018031));
#8007=CARTESIAN_POINT('',(-0.0997090214327641,-0.505,0.622237416097302));
#8008=CARTESIAN_POINT('',(-0.0997090214327641,-0.655633555337032,0.622237416097302));
#8009=CARTESIAN_POINT('',(-0.098523389743444,-0.591449359444472,0.202493143064254));
#8010=CARTESIAN_POINT('',(-0.098523389743444,-0.704424528928404,0.202493143064254));
#8011=CARTESIAN_POINT('',(-0.112758901683936,-0.505,0.615262109780227));
#8012=CARTESIAN_POINT('',(-0.112758901683936,-0.655470584659382,0.615262109780227));
#8013=CARTESIAN_POINT('',(-0.106760634862334,-0.591571590433867,0.198273795944826));
#8014=CARTESIAN_POINT('',(-0.106760634862334,-0.704424528928404,0.198273795944826));
#8015=CARTESIAN_POINT('',(-0.137247703174797,-0.505,0.598899215755787));
#8016=CARTESIAN_POINT('',(-0.137247703174797,-0.655066560706974,0.598899215755787));
#8017=CARTESIAN_POINT('',(-0.122654415704157,-0.591874608398173,0.1888550386483));
#8018=CARTESIAN_POINT('',(-0.122654415704157,-0.704424528928404,0.1888550386483));
#8019=CARTESIAN_POINT('',(-0.148686018880612,-0.505,0.589512032653222));
#8020=CARTESIAN_POINT('',(-0.148686018880612,-0.654825467257653,0.589512032653222));
#8021=CARTESIAN_POINT('',(-0.130310890510716,-0.592055428485165,0.18365566457064));
#8022=CARTESIAN_POINT('',(-0.130310890510716,-0.704424528928404,0.18365566457064));
#8023=CARTESIAN_POINT('',(-0.169512032653222,-0.505,0.568686018880612));
#8024=CARTESIAN_POINT('',(-0.169512032653222,-0.654277305738565,0.568686018880612));
#8025=CARTESIAN_POINT('',(-0.144927123777969,-0.592466549624481,0.172355621051431));
#8026=CARTESIAN_POINT('',(-0.144927123777969,-0.704424528928404,0.172355621051431));
#8027=CARTESIAN_POINT('',(-0.178899215755787,-0.505,0.557247703174797));
#8028=CARTESIAN_POINT('',(-0.178899215755787,-0.653970184989207,0.557247703174797));
#8029=CARTESIAN_POINT('',(-0.151886826218768,-0.592696890186498,0.166254994919758));
#8030=CARTESIAN_POINT('',(-0.151886826218768,-0.704424528928404,0.166254994919758));
#8031=CARTESIAN_POINT('',(-0.195262109780227,-0.505,0.532758901683935));
#8032=CARTESIAN_POINT('',(-0.195262109780227,-0.653306332701116,0.532758901683935));
#8033=CARTESIAN_POINT('',(-0.165004063645086,-0.593194779402567,0.153244870371531));
#8034=CARTESIAN_POINT('',(-0.165004063645086,-0.704424528928404,0.153244870371531));
#8035=CARTESIAN_POINT('',(-0.202237416097303,-0.505,0.519709021432763));
#8036=CARTESIAN_POINT('',(-0.202237416097303,-0.652949540722455,0.519709021432763));
#8037=CARTESIAN_POINT('',(-0.171161548355937,-0.593462373386563,0.146335421819111));
#8038=CARTESIAN_POINT('',(-0.171161548355937,-0.704424528928404,0.146335421819111));
#8039=CARTESIAN_POINT('',(-0.21350837353263,-0.505,0.492498523131465));
#8040=CARTESIAN_POINT('',(-0.21350837353263,-0.652207653114231,0.492498523131465));
#8041=CARTESIAN_POINT('',(-0.182581052726715,-0.594018789092731,0.131812330605992));
#8042=CARTESIAN_POINT('',(-0.182581052726715,-0.704424528928404,0.131812330605992));
#8043=CARTESIAN_POINT('',(-0.217803745954249,-0.505,0.478338577914532));
#8044=CARTESIAN_POINT('',(-0.217803745954249,-0.651822503193895,0.478338577914532));
#8045=CARTESIAN_POINT('',(-0.187843028618905,-0.594307651532982,0.124198743608203));
#8046=CARTESIAN_POINT('',(-0.187843028618905,-0.704424528928404,0.124198743608203));
#8047=CARTESIAN_POINT('',(-0.223549630227049,-0.505,0.449452066992694));
#8048=CARTESIAN_POINT('',(-0.223549630227049,-0.651050835862413,0.449452066992694));
#8049=CARTESIAN_POINT('',(-0.197391784807782,-0.594886402031594,0.108382722815849));
#8050=CARTESIAN_POINT('',(-0.197391784807782,-0.704424528928404,0.108382722815849));
#8051=CARTESIAN_POINT('',(-0.224999999999921,-0.505,0.434726215563697));
#8052=CARTESIAN_POINT('',(-0.224999999999921,-0.650664463045345,0.434726215563697));
#8053=CARTESIAN_POINT('',(-0.201678528506782,-0.595176181644395,0.100180349639628));
#8054=CARTESIAN_POINT('',(-0.201678528506782,-0.704424528928404,0.100180349639628));
#8055=CARTESIAN_POINT('',(-0.224999999999921,-0.505,0.4025));
#8056=CARTESIAN_POINT('',(-0.224999999999921,-0.649852722735599,0.4025));
#8057=CARTESIAN_POINT('',(-0.209921342767999,-0.595784986876705,0.081722298440462));
#8058=CARTESIAN_POINT('',(-0.209921342767999,-0.704424528928404,0.081722298440462));
#8059=CARTESIAN_POINT('',(-0.224999999999921,-0.505,0.384999999999999));
#8060=CARTESIAN_POINT('',(-0.224999999999921,-0.64944177117901,0.384999999999999));
#8061=CARTESIAN_POINT('',(-0.213662606847919,-0.596093200544146,0.071370824899698));
#8062=CARTESIAN_POINT('',(-0.213662606847919,-0.704424528928404,0.071370824899698));
#8063=CARTESIAN_POINT('',(-0.224999999999921,-0.505,0.35));
#8064=CARTESIAN_POINT('',(-0.224999999999921,-0.648658192095958,0.35));
#8065=CARTESIAN_POINT('',(-0.219595478672323,-0.596680884856435,0.050232757823807));
#8066=CARTESIAN_POINT('',(-0.219595478672323,-0.704424528928404,0.050232757823807));
#8067=CARTESIAN_POINT('',(-0.224999999999921,-0.505,0.3325));
#8068=CARTESIAN_POINT('',(-0.224999999999921,-0.648285650095505,0.3325));
#8069=CARTESIAN_POINT('',(-0.22178704108218,-0.596960291356775,0.039446325810184));
#8070=CARTESIAN_POINT('',(-0.22178704108218,-0.704424528928404,0.039446325810184));
#8071=CARTESIAN_POINT('',(-0.224999999999921,-0.505,0.2975));
#8072=CARTESIAN_POINT('',(-0.224999999999921,-0.64756125641514,0.2975));
#8073=CARTESIAN_POINT('',(-0.224573619503975,-0.597503586617049,0.0176690020882739));
#8074=CARTESIAN_POINT('',(-0.224573619503975,-0.704424528928404,0.0176690020882739));
#8075=CARTESIAN_POINT('',(-0.224999999999921,-0.505,0.28));
#8076=CARTESIAN_POINT('',(-0.224999999999921,-0.647209300205463,0.28));
#8077=CARTESIAN_POINT('',(-0.225168614222938,-0.597767553774307,0.00667827678621991));
#8078=CARTESIAN_POINT('',(-0.225168614222938,-0.704424528928404,0.00667827678621991));
#8079=CARTESIAN_POINT('',(-0.224999999999921,-0.505,0.245));
#8080=CARTESIAN_POINT('',(-0.224999999999921,-0.646512519188204,0.245));
#8081=CARTESIAN_POINT('',(-0.224749308950843,-0.598290139537251,-0.015272600892781));
#8082=CARTESIAN_POINT('',(-0.224749308950843,-0.704424528928404,-0.015272600892781));
#8083=CARTESIAN_POINT('',(-0.224999999999921,-0.505,0.2275));
#8084=CARTESIAN_POINT('',(-0.224999999999921,-0.646167595906884,0.2275));
#8085=CARTESIAN_POINT('',(-0.223735012163807,-0.598548831998241,-0.0262325855373251));
#8086=CARTESIAN_POINT('',(-0.223735012163807,-0.704424528928404,-0.0262325855373251));
#8087=CARTESIAN_POINT('',(-0.224999999999921,-0.505,0.1925));
#8088=CARTESIAN_POINT('',(-0.224999999999921,-0.645477697393149,0.1925));
#8089=CARTESIAN_POINT('',(-0.220118789937499,-0.599066255883542,-0.0478876030759841));
#8090=CARTESIAN_POINT('',(-0.220118789937499,-0.704424528928404,-0.0478876030759841));
#8091=CARTESIAN_POINT('',(-0.224999999999921,-0.505,0.175));
#8092=CARTESIAN_POINT('',(-0.224999999999921,-0.645132616706608,0.175));
#8093=CARTESIAN_POINT('',(-0.217516892130729,-0.599325066398448,-0.0585824704984411));
#8094=CARTESIAN_POINT('',(-0.217516892130729,-0.704424528928404,-0.0585824704984411));
#8095=CARTESIAN_POINT('',(-0.224999999999921,-0.505,0.14));
#8096=CARTESIAN_POINT('',(-0.224999999999921,-0.644443475215817,0.14));
#8097=CARTESIAN_POINT('',(-0.210781084969333,-0.599841922516541,-0.0794785406953511));
#8098=CARTESIAN_POINT('',(-0.210781084969333,-0.704424528928404,-0.0794785406953511));
#8099=CARTESIAN_POINT('',(-0.224999999999921,-0.505,0.1225));
#8100=CARTESIAN_POINT('',(-0.224999999999921,-0.64409929394749,0.1225));
#8101=CARTESIAN_POINT('',(-0.206647227084773,-0.600100058467786,-0.0896795837974601));
#8102=CARTESIAN_POINT('',(-0.206647227084773,-0.704424528928404,-0.0896795837974601));
#8103=CARTESIAN_POINT('',(-0.224999999999921,-0.505,0.0875));
#8104=CARTESIAN_POINT('',(-0.224999999999921,-0.643423375111384,0.0875));
#8105=CARTESIAN_POINT('',(-0.196935878560733,-0.600606997594866,-0.109369849352661));
#8106=CARTESIAN_POINT('',(-0.196935878560733,-0.704424528928404,-0.109369849352661));
#8107=CARTESIAN_POINT('',(-0.224999999999921,-0.505,0.07));
#8108=CARTESIAN_POINT('',(-0.224999999999921,-0.643091523157576,0.07));
#8109=CARTESIAN_POINT('',(-0.19135846212821,-0.600855886560222,-0.118858921347277));
#8110=CARTESIAN_POINT('',(-0.19135846212821,-0.704424528928404,-0.118858921347277));
#8111=CARTESIAN_POINT('',(-0.224999999999921,-0.505,0.035));
#8112=CARTESIAN_POINT('',(-0.224999999999921,-0.642464333078558,0.035));
#8113=CARTESIAN_POINT('',(-0.178879247031069,-0.601326279119485,-0.136922310795245));
#8114=CARTESIAN_POINT('',(-0.178879247031069,-0.704424528928404,-0.136922310795245));
#8115=CARTESIAN_POINT('',(-0.224999999999921,-0.505,0.0175));
#8116=CARTESIAN_POINT('',(-0.224999999999921,-0.642169003312623,0.0175));
#8117=CARTESIAN_POINT('',(-0.171977543723401,-0.601547776443937,-0.145496490221509));
#8118=CARTESIAN_POINT('',(-0.171977543723401,-0.704424528928404,-0.145496490221509));
#8119=CARTESIAN_POINT('',(-0.224999999999921,-0.505,4.99600361081321E-16));
#8120=CARTESIAN_POINT('',(-0.224999999999921,-0.641911058778061,4.99600361081321E-16));
#8121=CARTESIAN_POINT('',(-0.164487435354561,-0.601741234844859,-0.153521606330977));
#8122=CARTESIAN_POINT('',(-0.164487435354561,-0.704424528928404,-0.153521606330977));
#8123=CARTESIAN_POINT('',(-0.224999999999921,-0.505,-0.00309371669411191));
#8124=CARTESIAN_POINT('',(-0.224999999999921,-0.641865458360191,-0.00309371669411191));
#8125=CARTESIAN_POINT('',(-0.163163305451625,-0.601775435158262,-0.154940316941266));
#8126=CARTESIAN_POINT('',(-0.163163305451625,-0.704424528928404,-0.154940316941266));
#8127=CARTESIAN_POINT('',(-0.224935988572053,-0.505,-0.00618741731730002));
#8128=CARTESIAN_POINT('',(-0.224935988572053,-0.641820053012309,-0.00618741731730002));
#8129=CARTESIAN_POINT('',(-0.161820798794325,-0.601809489169173,-0.15634187377673));
#8130=CARTESIAN_POINT('',(-0.161820798794325,-0.704424528928404,-0.15634187377673));
#8131=CARTESIAN_POINT('',(-0.224808223450774,-0.505,-0.00927848504770376));
#8132=CARTESIAN_POINT('',(-0.224808223450774,-0.641774853365922,-0.00927848504770376));
#8133=CARTESIAN_POINT('',(-0.160460386859609,-0.601843388903963,-0.157725830258863));
#8134=CARTESIAN_POINT('',(-0.160460386859609,-0.704424528928404,-0.157725830258863));
#8135=CARTESIAN_POINT('',(0.000722357950400821,-1.01682310160738,2.18767108375917E-19));
#8136=CARTESIAN_POINT('',(0.000722357950400821,-1.01682310160738,-0.049826680980159));
#8137=CARTESIAN_POINT('',(-0.0564548671302917,-1.01540646850539,-3.85586687033128E-18));
#8138=CARTESIAN_POINT('',(-0.0564548671302917,-1.01540646850539,-0.0063002992641624));
#8139=CARTESIAN_POINT('',(-0.0553671126114128,-1.01541323905269,-0.0126874729806761));
#8140=CARTESIAN_POINT('',(-0.0532817577046049,-1.01542605936544,-0.018632630789367));
#8141=CARTESIAN_POINT('',(-0.0511963694991591,-1.0154388798829,-0.0245778835294563));
#8142=CARTESIAN_POINT('',(-0.0480558618292742,-1.01545808842525,-0.0302450538532985));
#8143=CARTESIAN_POINT('',(-0.0441204024075005,-1.01548169287099,-0.0351650782888408));
#8144=CARTESIAN_POINT('',(-0.0401843783836665,-1.01550530070315,-0.0400858085774069));
#8145=CARTESIAN_POINT('',(-0.0353446635666275,-1.01553393379324,-0.0443948696486131));
#8146=CARTESIAN_POINT('',(-0.0300020084682753,-1.01556476957213,-0.0477357549614516));
#8147=CARTESIAN_POINT('',(-0.0246581767468824,-1.01559561214205,-0.0510773760437835));
#8148=CARTESIAN_POINT('',(-0.0186638381649891,-1.01562948975295,-0.0535425465637298));
#8149=CARTESIAN_POINT('',(-0.0125152506859637,-1.0156632997148,-0.0549273386375883));
#8150=CARTESIAN_POINT('',(-0.00636547964089391,-1.01569711618487,-0.0563123972755776));
#8151=CARTESIAN_POINT('',(0.000108201247905739,-1.01573179040387,-0.0566548570632947));
#8152=CARTESIAN_POINT('',(0.00636978690052085,-1.01576443037412,-0.055926369150971));
#8153=CARTESIAN_POINT('',(0.0126318778504554,-1.01579707297835,-0.0551978224511436));
#8154=CARTESIAN_POINT('',(0.0188545699463246,-1.01582858815093,-0.0533780455669741));
#8155=CARTESIAN_POINT('',(0.0245224575436882,-1.01585661812116,-0.0506176301266618));
#8156=CARTESIAN_POINT('',(0.0301900101735122,-1.01588464643484,-0.0478573778246531));
#8157=CARTESIAN_POINT('',(0.0354591711142757,-1.01590998004385,-0.0440804322653383));
#8158=CARTESIAN_POINT('',(0.0398933313946997,-1.01593092897695,-0.0395995043571199));
#8159=CARTESIAN_POINT('',(0.0443267549981241,-1.01595187442966,-0.0351193208957231));
#8160=CARTESIAN_POINT('',(0.0480477577340355,-1.01596903414345,-0.0298117744831595));
#8161=CARTESIAN_POINT('',(0.0507479194183508,-1.01598137711077,-0.0241164516708093));
#8162=CARTESIAN_POINT('',(0.0534475413928492,-1.01599371761097,-0.0184222672427456));
#8163=CARTESIAN_POINT('',(0.0552011983573222,-1.01600159826461,-0.0121833735146455));
#8164=CARTESIAN_POINT('',(0.0558635250293537,-1.01600457855972,-0.0059165432240361));
#8165=CARTESIAN_POINT('',(0.0560710934008884,-1.01600551256258,-0.00395256409857414));
#8166=CARTESIAN_POINT('',(0.056175309893188,-1.0160059809358,-0.0019749175890655));
#8167=CARTESIAN_POINT('',(0.0561753098929849,-1.0160059809358,5.79087169621097E-12));
#8168=CARTESIAN_POINT('',(0.0561753098923367,-1.0160059809358,0.0063005063486982));
#8169=CARTESIAN_POINT('',(0.0550875135319372,-1.01600111287987,0.0126878921768487));
#8170=CARTESIAN_POINT('',(0.0530020639556979,-1.01599164567177,0.018633242512527));
#8171=CARTESIAN_POINT('',(0.0509165880173228,-1.015982178344,0.0245786680032868));
#8172=CARTESIAN_POINT('',(0.0477759377388406,-1.01596783898258,0.0302460040184137));
#8173=CARTESIAN_POINT('',(0.0438402806429897,-1.01594946552802,0.0351661309909684));
#8174=CARTESIAN_POINT('',(0.0399041650052708,-1.01593108993278,0.0400868312055909));
#8175=CARTESIAN_POINT('',(0.0350643376584899,-1.01590815384662,0.0443958411811411));
#8176=CARTESIAN_POINT('',(0.0297215731761152,-1.01588213390535,0.0477366233091335));
#8177=CARTESIAN_POINT('',(0.0243777883345293,-1.0158561089948,0.0510780434584775));
#8178=CARTESIAN_POINT('',(0.0183835312182405,-1.0158262628576,0.0535430131743622));
#8179=CARTESIAN_POINT('',(0.0122350648203227,-1.01579474848854,0.0549276323067563));
#8180=CARTESIAN_POINT('',(0.00608544017775969,-1.01576322818282,0.0563125122729246));
#8181=CARTESIAN_POINT('',(-0.000388042513397479,-1.01572915920002,0.0566548283754655));
#8182=CARTESIAN_POINT('',(-0.00664941920033279,-1.01569529113688,0.0559262789719338));
#8183=CARTESIAN_POINT('',(-0.0129114556780041,-1.01566141950489,0.055197652797722));
#8184=CARTESIAN_POINT('',(-0.0191340646215607,-1.01562681727824,0.053377827964921));
#8185=CARTESIAN_POINT('',(-0.0248018871601158,-1.01559456928363,0.0506174127832542));
#8186=CARTESIAN_POINT('',(-0.0304695468568571,-1.01556232221554,0.0478570769108834));
#8187=CARTESIAN_POINT('',(-0.0357388012486919,-1.01553155562097,0.0440800363762716));
#8188=CARTESIAN_POINT('',(-0.0401730384043053,-1.01550524259073,0.039598997555643));
#8189=CARTESIAN_POINT('',(-0.0446065729920151,-1.01547893372958,0.0351186687182519));
#8190=CARTESIAN_POINT('',(-0.0483276613106861,-1.01545637402447,0.0298109391580356));
#8191=CARTESIAN_POINT('',(-0.0510278391171314,-1.01543987411768,0.024115411513084));
#8192=CARTESIAN_POINT('',(-0.053727416844444,-1.01542337787777,0.0184211496245139));
#8193=CARTESIAN_POINT('',(-0.0554810039714497,-1.01541250255395,0.0121821641043572));
#8194=CARTESIAN_POINT('',(-0.0561432098567625,-1.01540840010857,0.00591526080027209));
#8195=CARTESIAN_POINT('',(-0.0563506932928641,-1.01540711472364,0.00395170435946171));
#8196=CARTESIAN_POINT('',(-0.0564548671302917,-1.01540646850539,0.00197448852230619));
#8197=CARTESIAN_POINT('',(-0.0564548671302917,-1.01540646850539,-3.85586687033128E-18));
#8198=CARTESIAN_POINT('',(-0.0564548671302917,-1.01540646850539,-3.85586687033128E-18));
#8199=CARTESIAN_POINT('',(0.000722357950400821,-0.997044745503442,2.18767108375917E-19));
#8200=CARTESIAN_POINT('',(-3.061515884556E-17,-0.865860058622515,0.));
#8201=CARTESIAN_POINT('',(0.0699999999999999,-0.865860058622515,0.));
#8202=CARTESIAN_POINT('',(-3.061515884556E-17,-0.873708663691875,0.));
#8203=CARTESIAN_POINT('',(0.068395635310182,-0.873708663691875,0.));
#8204=CARTESIAN_POINT('',(-3.061515884556E-17,-0.865860058622515,0.));
#8205=CARTESIAN_POINT('',(-0.120059245138643,-0.774190918010867,-0.0526892015162469));
#8206=CARTESIAN_POINT('',(-0.121213776027914,-0.771266800839521,-0.0513658969465836));
#8207=CARTESIAN_POINT('',(-0.122131339932364,-0.767798287556226,-0.050766779582496));
#8208=CARTESIAN_POINT('',(-0.122638374771448,-0.764434199974628,-0.0510027624347965));
#8209=CARTESIAN_POINT('',(-0.120057466013212,-0.774188437152458,-0.0526931310870324));
#8210=CARTESIAN_POINT('',(-0.122718705254777,-0.764441464059305,-0.0509335432598553));
#8211=CARTESIAN_POINT('',(-0.151118589591044,-0.780352251930627,-0.0344415505174087));
#8212=CARTESIAN_POINT('',(-0.150922664221376,-0.777773814713475,-0.0486842481509793));
#8213=CARTESIAN_POINT('',(-0.133233195492841,-0.771180768461958,-0.0582550973616939));
#8214=CARTESIAN_POINT('',(-0.122829072496795,-0.764451496111044,-0.0507709621795263));
#8215=CARTESIAN_POINT('',(-0.152690626688641,-0.780181176232629,-0.0344322049565656));
#8216=CARTESIAN_POINT('',(-0.120059068961351,-0.774190542444599,-0.0526888906146177));
#8217=CARTESIAN_POINT('',(-0.133713283822724,-0.777237644485962,-0.0593730790852501));
#8218=CARTESIAN_POINT('',(-0.151035062510369,-0.780885530304768,-0.0506936478379501));
#8219=CARTESIAN_POINT('',(-0.154756687403921,-0.781437779484174,-0.0322262845969061));
#8220=CARTESIAN_POINT('',(-0.15475668693255,-0.781437779377599,-0.0322262844463231));
#8221=CARTESIAN_POINT('',(-0.15475668693255,-0.781437779377599,-0.0322262844463231));
#8222=CARTESIAN_POINT('',(-0.15475668693255,-0.781437779377599,-0.0322262844463231));
#8223=CARTESIAN_POINT('',(-0.15475668693255,-0.781437779377599,-0.0322262844463231));
#8224=CARTESIAN_POINT('',(-0.151513195559576,-0.780956776113553,-0.048320619487612));
#8225=CARTESIAN_POINT('',(-0.152009747250294,-0.779044667995013,-0.0479971668425801));
#8226=CARTESIAN_POINT('',(-0.152506360398981,-0.777132640310608,-0.0476733323639743));
#8227=CARTESIAN_POINT('',(-0.153003035018965,-0.775220693077779,-0.0473491159689992));
#8228=CARTESIAN_POINT('',(-0.133614575451034,-0.777219541819519,-0.059316888032411));
#8229=CARTESIAN_POINT('',(-0.134446104264294,-0.773908960825405,-0.0575326196718357));
#8230=CARTESIAN_POINT('',(-0.135488969823629,-0.769980098316196,-0.0568673589571307));
#8231=CARTESIAN_POINT('',(-0.136509364721233,-0.766313731438644,-0.0574709111654902));
#8232=CARTESIAN_POINT('',(-0.120047384892156,-0.77418826811418,-0.0526834026169275));
#8233=CARTESIAN_POINT('',(-0.12120627505963,-0.771265070875183,-0.0513622993895004));
#8234=CARTESIAN_POINT('',(-0.122127483563656,-0.767797021469868,-0.050764782371773));
#8235=CARTESIAN_POINT('',(-0.12263853316371,-0.764433157472665,-0.0510028361852383));
#8236=CARTESIAN_POINT('',(-0.0735690718319356,-0.765650536062438,-0.030992805868957));
#8237=CARTESIAN_POINT('',(-0.0748120290798092,-0.762589750929361,-0.029626950513799));
#8238=CARTESIAN_POINT('',(-0.0749418010566974,-0.762754859931319,-0.0288924071145202));
#8239=CARTESIAN_POINT('',(-0.0761493112836707,-0.756276640194274,-0.0293279403426287));
#8240=CARTESIAN_POINT('',(-0.0727069577220239,-0.765380461596913,-0.0309700226349381));
#8241=CARTESIAN_POINT('',(-0.0741078143982329,-0.755861457801805,-0.0288118575866948));
#8242=CARTESIAN_POINT('',(-0.0994423128890143,-0.760181996489273,-0.0401862614873374));
#8243=CARTESIAN_POINT('',(-0.0737258957442064,-0.765622299528699,-0.0310162717378757));
#8244=CARTESIAN_POINT('',(-0.0891644141276486,-0.768468675925701,-0.038256890773407));
#8245=CARTESIAN_POINT('',(-0.104607860517696,-0.771323128899824,-0.0454838272634302));
#8246=CARTESIAN_POINT('',(-0.120056182495057,-0.774185713356659,-0.0526970949555564));
#8247=CARTESIAN_POINT('',(-0.0909899486986648,-0.760181996489273,-0.0583124149882093));
#8248=CARTESIAN_POINT('',(-0.0820925167664262,-0.756910455554345,-0.0539201855965984));
#8249=CARTESIAN_POINT('',(-0.0668283779770363,-0.755862560379375,-0.0468024007839652));
#8250=CARTESIAN_POINT('',(-0.0697012896944081,-0.763397823957066,-0.0173660230417098));
#8251=CARTESIAN_POINT('',(-0.0694017570664716,-0.763713303164499,-0.0221602093333911));
#8252=CARTESIAN_POINT('',(-0.0702745496822477,-0.764265931318378,-0.0269512134770761));
#8253=CARTESIAN_POINT('',(-0.0720673092140142,-0.765280653319352,-0.031198616074366));
#8254=CARTESIAN_POINT('',(-0.0673104845860434,-0.763315596264346,-0.016921352899929));
#8255=CARTESIAN_POINT('',(-0.0777068300640654,-0.70193316639465,-0.0190170597463031));
#8256=CARTESIAN_POINT('',(-0.069370191214018,-0.761765060136363,-0.023555039971494));
#8257=CARTESIAN_POINT('',(-0.0484767665209391,-0.763302389107709,-0.0508789718033811));
#8258=CARTESIAN_POINT('',(-0.0533444824213018,-0.758695449087953,-0.0491639122463819));
#8259=CARTESIAN_POINT('',(-0.0577240109401563,-0.756186229703113,-0.0496832050454907));
#8260=CARTESIAN_POINT('',(-0.0607516831044533,-0.755774730953192,-0.0505948343687383));
#8261=CARTESIAN_POINT('',(-0.0482873923413962,-0.763304779607058,-0.0503350649820431));
#8262=CARTESIAN_POINT('',(-0.0610795532434532,-0.755768511147533,-0.0495031157170581));
#8263=CARTESIAN_POINT('',(-0.0632171520401621,-0.765460466298206,-0.04856160386594));
#8264=CARTESIAN_POINT('',(-0.058446818988337,-0.764348061456803,-0.0484479402173155));
#8265=CARTESIAN_POINT('',(-0.0534689449913436,-0.763809388274583,-0.0495065392572747));
#8266=CARTESIAN_POINT('',(-0.0490116786632605,-0.763610572069778,-0.0517720070935005));
#8267=CARTESIAN_POINT('',(-0.063243187473723,-0.765391454250161,-0.048144334551364));
#8268=CARTESIAN_POINT('',(-0.0624987623980231,-0.76539906710877,-0.0475446566201487));
#8269=CARTESIAN_POINT('',(-0.0618146898888733,-0.763475283659243,-0.0483694247368136));
#8270=CARTESIAN_POINT('',(-0.0612675974979885,-0.761343729318023,-0.0489039560000242));
#8271=CARTESIAN_POINT('',(-0.0608646469259427,-0.759186510829207,-0.049086108773023));
#8272=CARTESIAN_POINT('',(-0.0606612267453403,-0.758097489482579,-0.0491780643441306));
#8273=CARTESIAN_POINT('',(-0.0604915826331931,-0.756990827843953,-0.0491831650049727));
#8274=CARTESIAN_POINT('',(-0.0603527458472392,-0.755891057740253,-0.0490993010901031));
#8275=CARTESIAN_POINT('',(-0.0566119346869409,-0.765725026183751,-0.0674928524802701));
#8276=CARTESIAN_POINT('',(-0.0635861868150215,-0.765426966314869,-0.048344027966263));
#8277=CARTESIAN_POINT('',(-0.0628227354223008,-0.761041532633526,-0.0508001515056942));
#8278=CARTESIAN_POINT('',(-0.0628190766900272,-0.760335149098626,-0.050825488372946));
#8279=CARTESIAN_POINT('',(-0.063527643547,-0.755940218137299,-0.0513236073504853));
#8280=CARTESIAN_POINT('',(-0.0635612512895552,-0.75594846105298,-0.0513485285306536));
#8281=CARTESIAN_POINT('',(-0.0610302285938819,-0.755743355663071,-0.0495762873597625));
#8282=CARTESIAN_POINT('',(-0.0618741204841467,-0.755807453518937,-0.05016718682276));
#8283=CARTESIAN_POINT('',(-0.0627180123744115,-0.755871551374803,-0.0507580862857575));
#8284=CARTESIAN_POINT('',(-0.0635619042646763,-0.75593564923067,-0.0513489857487549));
#8285=CARTESIAN_POINT('',(-0.0735450457942427,-0.755832205337637,-0.0341929549810014));
#8286=CARTESIAN_POINT('',(-0.105668377406213,-0.774155656055726,-0.0776577530249662));
#8287=CARTESIAN_POINT('',(-0.105116661111118,-0.771280956134792,-0.0792883863506187));
#8288=CARTESIAN_POINT('',(-0.105051096595811,-0.767991262403818,-0.0803446645392853));
#8289=CARTESIAN_POINT('',(-0.105480322488992,-0.764687050291584,-0.0806985048965242));
#8290=CARTESIAN_POINT('',(-0.105267422733674,-0.774720422658755,-0.0785177386885596));
#8291=CARTESIAN_POINT('',(-0.105438951635047,-0.764823811759392,-0.0818058830728346));
#8292=CARTESIAN_POINT('',(-0.0845234797859818,-0.76018199649111,-0.0660264384530154));
#8293=CARTESIAN_POINT('',(-0.105880630453379,-0.774234908975545,-0.0777828552581284));
#8294=CARTESIAN_POINT('',(-0.0916804349093786,-0.771336971264255,-0.0678711191862712));
#8295=CARTESIAN_POINT('',(-0.0774831592620673,-0.768436525998579,-0.0579559330258249));
#8296=CARTESIAN_POINT('',(-0.0632888083415529,-0.765533586181299,-0.0480372914460989));
#8297=CARTESIAN_POINT('',(-0.0959950070847345,-0.76018199649111,-0.0496433996070141));
#8298=CARTESIAN_POINT('',(-0.104972283246261,-0.780971119396176,-0.116571413134735));
#8299=CARTESIAN_POINT('',(-0.122907447641309,-0.781672422038073,-0.105610345341261));
#8300=CARTESIAN_POINT('',(-0.114947674663529,-0.776027124190783,-0.0831872580286841));
#8301=CARTESIAN_POINT('',(-0.105004929230931,-0.7751615791239,-0.0791374039377714));
#8302=CARTESIAN_POINT('',(-0.105007373751404,-0.781080232402273,-0.116635811533795));
#8303=CARTESIAN_POINT('',(-0.105146218422257,-0.764955386368439,-0.0812210506997674));
#8304=CARTESIAN_POINT('',(-0.120253281302725,-0.76849186900989,-0.0868062922390971));
#8305=CARTESIAN_POINT('',(-0.127499744831097,-0.774403848727223,-0.1059253117034));
#8306=CARTESIAN_POINT('',(-0.104567541943486,-0.780708938927983,-0.115707668091282));
#8307=CARTESIAN_POINT('',(-0.0964676714137006,-0.773464358151049,-0.0987920561826259));
#8308=CARTESIAN_POINT('',(0.104287485778311,-0.780978048243952,-0.11578322497945));
#8309=CARTESIAN_POINT('',(0.122356110685763,-0.773957260489622,-0.108793261265792));
#8310=CARTESIAN_POINT('',(0.116743485945498,-0.765852780163597,-0.0856429308172033));
#8311=CARTESIAN_POINT('',(0.105276123106996,-0.764468886131082,-0.0812993327005242));
#8312=CARTESIAN_POINT('',(0.104787314247888,-0.781205025992037,-0.116847272026371));
#8313=CARTESIAN_POINT('',(0.105730833423873,-0.764746601190198,-0.0816823495719187));
#8314=CARTESIAN_POINT('',(0.105756035109234,-0.774213703633887,-0.0776951852305179));
#8315=CARTESIAN_POINT('',(0.112292505664535,-0.775775142905944,-0.0821584225195054));
#8316=CARTESIAN_POINT('',(0.120666801436199,-0.780719396358732,-0.104067691963156));
#8317=CARTESIAN_POINT('',(0.105546466775384,-0.7814266495464,-0.117679068585133));
#8318=CARTESIAN_POINT('',(0.105448076911649,-0.774327764091934,-0.0781062906885707));
#8319=CARTESIAN_POINT('',(0.10477403143337,-0.77477293898505,-0.0794867034598405));
#8320=CARTESIAN_POINT('',(0.104719340966367,-0.771525162119369,-0.0805073871903733));
#8321=CARTESIAN_POINT('',(0.104664649330183,-0.768277386041885,-0.0815280733662741));
#8322=CARTESIAN_POINT('',(0.104609956527197,-0.765029610752891,-0.0825487619885844));
#8323=CARTESIAN_POINT('',(0.0964781943081454,-0.77344052198339,-0.0987806267207744));
#8324=CARTESIAN_POINT('',(0.0636008224028379,-0.765510224458536,-0.0482971702280321));
#8325=CARTESIAN_POINT('',(0.063036444797193,-0.762331107322102,-0.0500950125140769));
#8326=CARTESIAN_POINT('',(0.0628228822589012,-0.760307476483149,-0.0508295408820961));
#8327=CARTESIAN_POINT('',(0.0635269922120551,-0.755940218396844,-0.0513245376138344));
#8328=CARTESIAN_POINT('',(0.0633510929386782,-0.765520761126633,-0.0482265757020642));
#8329=CARTESIAN_POINT('',(0.0635614148378566,-0.755948460896929,-0.0513482949815847));
#8330=CARTESIAN_POINT('',(0.0845234797612977,-0.760181996518503,-0.066026438503927));
#8331=CARTESIAN_POINT('',(0.0637238271283033,-0.765622299560616,-0.04834036276496));
#8332=CARTESIAN_POINT('',(0.0777137284964466,-0.768468692670363,-0.0580902596149545));
#8333=CARTESIAN_POINT('',(0.0916942443256063,-0.771323162452144,-0.0678512656471605));
#8334=CARTESIAN_POINT('',(0.105665360311661,-0.774185763812499,-0.0776233285904203));
#8335=CARTESIAN_POINT('',(0.0959950070346991,-0.760181996518503,-0.0496433996941309));
#8336=CARTESIAN_POINT('',(0.0625343442986517,-0.765498615463238,-0.0475016488694655));
#8337=CARTESIAN_POINT('',(0.0618456354457463,-0.763581742942915,-0.0483361502357844));
#8338=CARTESIAN_POINT('',(0.0612936888509157,-0.761455372953526,-0.0488820308459257));
#8339=CARTESIAN_POINT('',(0.0608861659640828,-0.759300989614063,-0.0490761189624604));
#8340=CARTESIAN_POINT('',(0.0606731637653818,-0.758174946383174,-0.0491775640515568));
#8341=CARTESIAN_POINT('',(0.0604964316757929,-0.757029238672777,-0.0491860940535001));
#8342=CARTESIAN_POINT('',(0.0603527458474957,-0.755891057771134,-0.0490993010902768));
#8343=CARTESIAN_POINT('',(0.0610795532433886,-0.755768511178455,-0.0495031157170295));
#8344=CARTESIAN_POINT('',(0.0635619042656287,-0.75593564925976,-0.0513489857494222));
#8345=CARTESIAN_POINT('',(0.0627180123750566,-0.755871551403925,-0.0507580862862096));
#8346=CARTESIAN_POINT('',(0.0618741204844845,-0.75580745354809,-0.050167186822997));
#8347=CARTESIAN_POINT('',(0.0610302285939124,-0.755743355692255,-0.0495762873597843));
#8348=CARTESIAN_POINT('',(0.0735450457944468,-0.755832205366759,-0.0341929549811584));
#8349=CARTESIAN_POINT('',(0.0490307805383127,-0.763571512705964,-0.0517679439611374));
#8350=CARTESIAN_POINT('',(0.0533464806188729,-0.763851854300988,-0.0495696438956222));
#8351=CARTESIAN_POINT('',(0.0581351159155209,-0.764447238003112,-0.0484820722167825));
#8352=CARTESIAN_POINT('',(0.0627538752299365,-0.765565161255512,-0.0484771645998237));
#8353=CARTESIAN_POINT('',(0.0485397286178544,-0.763455556772311,-0.0507891331303877));
#8354=CARTESIAN_POINT('',(0.0607540624983532,-0.755774408085754,-0.0505955509649268));
#8355=CARTESIAN_POINT('',(0.0587738928924824,-0.756042918993037,-0.0499990523503059));
#8356=CARTESIAN_POINT('',(0.0543593427378034,-0.758565424320716,-0.048791619064006));
#8357=CARTESIAN_POINT('',(0.0484354255940502,-0.763341924068792,-0.0508935891338188));
#8358=CARTESIAN_POINT('',(0.0566119346872851,-0.765725026214781,-0.0674928524800154));
#8359=CARTESIAN_POINT('',(0.0679934763048567,-0.763399525447287,-0.0166399272829207));
#8360=CARTESIAN_POINT('',(0.0669169297629097,-0.760883546077799,-0.0210388733077059));
#8361=CARTESIAN_POINT('',(0.0692639571923444,-0.758367566708311,-0.0260332963627456));
#8362=CARTESIAN_POINT('',(0.0733375653935661,-0.755851587338823,-0.0280120320219205));
#8363=CARTESIAN_POINT('',(0.0679954950621655,-0.763399622843872,-0.0166399412287251));
#8364=CARTESIAN_POINT('',(0.072940700020074,-0.755837909155506,-0.0282148381388789));
#8365=CARTESIAN_POINT('',(0.0723435272811497,-0.764829977125837,-0.0314071336293247));
#8366=CARTESIAN_POINT('',(0.0702919626350666,-0.763935751526081,-0.0269550223491641));
#8367=CARTESIAN_POINT('',(0.069318972458324,-0.763592022318114,-0.0218478787922766));
#8368=CARTESIAN_POINT('',(0.0697344930605213,-0.763506467749975,-0.0167807403063616));
#8369=CARTESIAN_POINT('',(0.0729933279396252,-0.765222028183333,-0.0311334982522684));
#8370=CARTESIAN_POINT('',(0.07136201524865,-0.765502243868489,-0.0299656324848128));
#8371=CARTESIAN_POINT('',(0.0717517511904711,-0.763628465392153,-0.0289716455542402));
#8372=CARTESIAN_POINT('',(0.0719481596879927,-0.761551469839819,-0.0282212553384562));
#8373=CARTESIAN_POINT('',(0.0718991331508071,-0.759447781706651,-0.0277489815429787));
#8374=CARTESIAN_POINT('',(0.0718735203052816,-0.758348755703962,-0.027502252394568));
#8375=CARTESIAN_POINT('',(0.0717822670272198,-0.757230922827675,-0.0273271361896793));
#8376=CARTESIAN_POINT('',(0.0716231318155574,-0.756120489048221,-0.0272222445743166));
#8377=CARTESIAN_POINT('',(0.0876884594493906,-0.765427601886921,-0.0170907906693715));
#8378=CARTESIAN_POINT('',(0.073617985651365,-0.765529429114029,-0.030939272888313));
#8379=CARTESIAN_POINT('',(0.0754050434809769,-0.761080333146181,-0.0289912497068101));
#8380=CARTESIAN_POINT('',(0.0754145415457291,-0.760385583341329,-0.0289849888424299));
#8381=CARTESIAN_POINT('',(0.0762103342981676,-0.755939982549158,-0.0293542788962113));
#8382=CARTESIAN_POINT('',(0.0762496341394426,-0.755948460894921,-0.0293716549785741));
#8383=CARTESIAN_POINT('',(0.0730954401461515,-0.755718934917058,-0.0279005125024653));
#8384=CARTESIAN_POINT('',(0.0741471217331402,-0.755791133681799,-0.0283909196804187));
#8385=CARTESIAN_POINT('',(0.0751988033201288,-0.75586333244654,-0.0288813268583721));
#8386=CARTESIAN_POINT('',(0.0762504849071175,-0.755935531211282,-0.0293717340363256));
#8387=CARTESIAN_POINT('',(0.0668283779567822,-0.755862560400281,-0.0468024007740148));
#8388=CARTESIAN_POINT('',(0.120059005905316,-0.774190028409327,-0.0526900625008563));
#8389=CARTESIAN_POINT('',(0.104432476663374,-0.771302631277804,-0.0453750905063569));
#8390=CARTESIAN_POINT('',(0.0888044306186371,-0.768412744915635,-0.0380643413251065));
#8391=CARTESIAN_POINT('',(0.0731748655936877,-0.765520382183923,-0.0307578217306754));
#8392=CARTESIAN_POINT('',(0.120817302874028,-0.771374103398304,-0.0522085537793915));
#8393=CARTESIAN_POINT('',(0.0994423128550721,-0.76018199650878,-0.0401862615331446));
#8394=CARTESIAN_POINT('',(0.0909899486320698,-0.76018199650878,-0.0583124151040404));
#8395=CARTESIAN_POINT('',(0.154654342399602,-0.78142228652828,-0.0327137842093016));
#8396=CARTESIAN_POINT('',(0.150741444765226,-0.780819134136394,-0.0506321317943471));
#8397=CARTESIAN_POINT('',(0.133569360174927,-0.777210031902746,-0.05929232301277));
#8398=CARTESIAN_POINT('',(0.120074284748939,-0.774193940600532,-0.0526963334424076));
#8399=CARTESIAN_POINT('',(0.152902765559184,-0.781068107734188,-0.03232009427362));
#8400=CARTESIAN_POINT('',(0.124546393056794,-0.765517051836139,-0.0518536420805104));
#8401=CARTESIAN_POINT('',(0.135704974644108,-0.772250847344798,-0.0579711342746088));
#8402=CARTESIAN_POINT('',(0.152221082665148,-0.778411813048507,-0.0465798841010126));
#8403=CARTESIAN_POINT('',(0.151048744363033,-0.780698924408736,-0.0324138543019002));
#8404=CARTESIAN_POINT('',(0.154739489216161,-0.781378081352521,-0.0323712130399414));
#8405=CARTESIAN_POINT('',(0.154734670831171,-0.781396516912264,-0.0323743334548926));
#8406=CARTESIAN_POINT('',(0.154729880808405,-0.781414959416665,-0.0323774567388341));
#8407=CARTESIAN_POINT('',(0.154725118180722,-0.781433408506202,-0.0323805827713647));
#8408=CARTESIAN_POINT('',(0.152914719259748,-0.775172925191859,-0.0474059008330558));
#8409=CARTESIAN_POINT('',(0.152406924040468,-0.777104183063254,-0.0477321750362694));
#8410=CARTESIAN_POINT('',(0.151904973694343,-0.779036809680884,-0.0480594496677713));
#8411=CARTESIAN_POINT('',(0.151408671995934,-0.780970721283303,-0.0483876835205353));
#8412=CARTESIAN_POINT('',(0.136483256287077,-0.766310191749729,-0.0574587366027076));
#8413=CARTESIAN_POINT('',(0.135457740548739,-0.769997850765808,-0.0568522770832093));
#8414=CARTESIAN_POINT('',(0.134411258296594,-0.773943461965514,-0.0575422766562927));
#8415=CARTESIAN_POINT('',(0.133574150683939,-0.777273052597276,-0.0593363087759878));
#8416=CARTESIAN_POINT('',(0.122665901481439,-0.7644368680292,-0.0510155982413861));
#8417=CARTESIAN_POINT('',(0.122150793186814,-0.767821393350704,-0.0507753992988236));
#8418=CARTESIAN_POINT('',(0.121218583634423,-0.771305162474846,-0.0513902420393787));
#8419=CARTESIAN_POINT('',(0.120053432017285,-0.774246561532247,-0.0527201431760465));
#8420=CARTESIAN_POINT('',(0.0143981283522151,-0.774193136140195,0.130318700580289));
#8421=CARTESIAN_POINT('',(0.016122243845236,-0.771267602730008,0.130657065101682));
#8422=CARTESIAN_POINT('',(0.0171005394315478,-0.767797557948918,0.13115233882425));
#8423=CARTESIAN_POINT('',(0.0171495335380986,-0.764431864406336,0.131709716687666));
#8424=CARTESIAN_POINT('',(0.0143981717743934,-0.774193215845892,0.130319168696013));
#8425=CARTESIAN_POINT('',(0.0171508405115309,-0.76443436179855,0.131724656471617));
#8426=CARTESIAN_POINT('',(0.0475800446853665,-0.780754135632894,0.14725400590062));
#8427=CARTESIAN_POINT('',(0.0352045356037515,-0.778378024443832,0.155930288252892));
#8428=CARTESIAN_POINT('',(0.0159195690307627,-0.771520519311835,0.145233105335736));
#8429=CARTESIAN_POINT('',(0.0175006657603289,-0.764449397095822,0.131758077743697));
#8430=CARTESIAN_POINT('',(0.0485248069402486,-0.781095713329534,0.148695240914965));
#8431=CARTESIAN_POINT('',(0.0143996612262908,-0.774190716222518,0.130319568902912));
#8432=CARTESIAN_POINT('',(0.0154377363627221,-0.777240560410479,0.145505024476267));
#8433=CARTESIAN_POINT('',(0.036770266895579,-0.781003202139882,0.154203594263519));
#8434=CARTESIAN_POINT('',(0.0490220109303894,-0.781423184986081,0.150283295121793));
#8435=CARTESIAN_POINT('',(0.0493436951279709,-0.781434121875874,0.150178377197634));
#8436=CARTESIAN_POINT('',(0.0493480107237783,-0.78141847981633,0.150180552625658));
#8437=CARTESIAN_POINT('',(0.049352335025329,-0.781402842659206,0.15018274612317));
#8438=CARTESIAN_POINT('',(0.0493566680213747,-0.781387210479882,0.150184957697488));
#8439=CARTESIAN_POINT('',(0.0337135026363086,-0.780972602961695,0.155359172400964));
#8440=CARTESIAN_POINT('',(0.0342526349312567,-0.779015408939872,0.155628962759734));
#8441=CARTESIAN_POINT('',(0.0347935613926209,-0.77705934808089,0.155903395976707));
#8442=CARTESIAN_POINT('',(0.0353362765286769,-0.775104447512424,0.156182472826292));
#8443=CARTESIAN_POINT('',(0.0153854654794022,-0.777237332864218,0.145155326632965));
#8444=CARTESIAN_POINT('',(0.0173672323114051,-0.773891470701635,0.144988795424617));
#8445=CARTESIAN_POINT('',(0.0184754733433358,-0.76992625420548,0.145564285522906));
#8446=CARTESIAN_POINT('',(0.0184637382072503,-0.766218945795129,0.146755217152616));
#8447=CARTESIAN_POINT('',(0.0143477263766375,-0.774188901285752,0.130030324138638));
#8448=CARTESIAN_POINT('',(0.0160883381374846,-0.77123649711419,0.130386955371048));
#8449=CARTESIAN_POINT('',(0.0170755469959003,-0.767737895500464,0.130890264574894));
#8450=CARTESIAN_POINT('',(0.0171266400532212,-0.764337833266945,0.131447558894409));
#8451=CARTESIAN_POINT('',(0.0100227674006155,-0.765517090728962,0.0792308304869576));
#8452=CARTESIAN_POINT('',(0.0118666272282203,-0.762332533607235,0.0796414983398093));
#8453=CARTESIAN_POINT('',(0.0126083147697719,-0.760310385054274,0.0798221655174789));
#8454=CARTESIAN_POINT('',(0.0126851549049872,-0.755940876088398,0.0806816619491163));
#8455=CARTESIAN_POINT('',(0.010010085360196,-0.765475289471802,0.0788362837558904));
#8456=CARTESIAN_POINT('',(0.01268821631145,-0.755948460872825,0.080719947800552));
#8457=CARTESIAN_POINT('',(0.0149188330830293,-0.760181996470169,0.106212699824091));
#8458=CARTESIAN_POINT('',(0.00995734526765442,-0.765534060092369,0.0788309267670932));
#8459=CARTESIAN_POINT('',(0.0114206641740738,-0.768409699023044,0.0959967744013677));
#8460=CARTESIAN_POINT('',(0.0128985936310081,-0.771293581378863,0.113159995599101));
#8461=CARTESIAN_POINT('',(0.0143910943333596,-0.774185763782424,0.130320550633325));
#8462=CARTESIAN_POINT('',(-0.00500505843950167,-0.760181996470169,0.107955814465633));
#8463=CARTESIAN_POINT('',(0.00998421534105387,-0.765472072792751,0.0787098960876449));
#8464=CARTESIAN_POINT('',(0.0116864882128999,-0.762385469819254,0.0784400183287517));
#8465=CARTESIAN_POINT('',(0.0124611594236946,-0.75897759703831,0.0781469172790395));
#8466=CARTESIAN_POINT('',(0.0124271877099304,-0.755756896794716,0.0777463029330925));
#8467=CARTESIAN_POINT('',(0.0125333569837801,-0.755763640082091,0.0776830878742043));
#8468=CARTESIAN_POINT('',(0.0126885720615382,-0.755936003819094,0.0807206946992433));
#8469=CARTESIAN_POINT('',(0.0126002967377659,-0.755872985833248,0.0797117031314823));
#8470=CARTESIAN_POINT('',(0.0125120214139936,-0.755809967847403,0.0787027115637213));
#8471=CARTESIAN_POINT('',(0.0124237460902212,-0.755746949861557,0.0776937199959603));
#8472=CARTESIAN_POINT('',(-0.00713199618130603,-0.755852961101437,0.0811149816132554));
#8473=CARTESIAN_POINT('',(0.0193427392828074,-0.763410584421955,0.0672774046217113));
#8474=CARTESIAN_POINT('',(0.0148720897502442,-0.763604698112319,0.0686697648284182));
#8475=CARTESIAN_POINT('',(0.0107596789067596,-0.763459928745309,0.0737309843550264));
#8476=CARTESIAN_POINT('',(0.0100259055652328,-0.765332682634279,0.0783145299153309));
#8477=CARTESIAN_POINT('',(0.01913704707176,-0.763348543936639,0.0667585089643479));
#8478=CARTESIAN_POINT('',(0.012644490944454,-0.755763908573936,0.0776901462390053));
#8479=CARTESIAN_POINT('',(0.0129251001287489,-0.758255599851694,0.0731771733753438));
#8480=CARTESIAN_POINT('',(0.0148101698264713,-0.760747291129452,0.0687803002099509));
#8481=CARTESIAN_POINT('',(0.0178855470636412,-0.76323898240721,0.0654655271511197));
#8482=CARTESIAN_POINT('',(0.0306092586245447,-0.765837787924627,0.0819276721021968));
#8483=CARTESIAN_POINT('',(0.00565000677594252,-0.756910923657911,0.0980541980276472));
#8484=CARTESIAN_POINT('',(-0.00952876399407661,-0.765378257870288,0.0784517733373647));
#8485=CARTESIAN_POINT('',(-0.0121121801774383,-0.755683154681868,0.0788132721911963));
#8486=CARTESIAN_POINT('',(-0.0323847245513476,-0.643903347910284,0.0789175614135984));
#8487=CARTESIAN_POINT('',(-0.0187949400781427,-0.76353376404506,0.0661741257066038));
#8488=CARTESIAN_POINT('',(-0.00957699822770145,-0.76630283113643,0.0766081496560773));
#8489=CARTESIAN_POINT('',(-0.0111476944089346,-0.763637891394679,0.0753127818770722));
#8490=CARTESIAN_POINT('',(-0.0127709750456283,-0.760833164878582,0.073986806764075));
#8491=CARTESIAN_POINT('',(-0.0147463112293637,-0.759024493784233,0.0719684599560454));
#8492=CARTESIAN_POINT('',(-0.0149445662977434,-0.758842966095712,0.0717658881165101));
#8493=CARTESIAN_POINT('',(-0.0151489273950718,-0.758677205919457,0.0715516879352293));
#8494=CARTESIAN_POINT('',(-0.0153582109536729,-0.758547388954375,0.0713222523850474));
#8495=CARTESIAN_POINT('',(-0.0155696723920279,-0.758416221067407,0.0710904292462614));
#8496=CARTESIAN_POINT('',(-0.0157929784881536,-0.758317858724809,0.0708354898532451));
#8497=CARTESIAN_POINT('',(-0.0160060113036519,-0.758310371508227,0.0705704919602944));
#8498=CARTESIAN_POINT('',(-0.0161110514502254,-0.758306679784371,0.0704398293792639));
#8499=CARTESIAN_POINT('',(-0.0162151880792481,-0.758326391991125,0.0703043936287374));
#8500=CARTESIAN_POINT('',(-0.0163092617422768,-0.758374852841238,0.0701743111040485));
#8501=CARTESIAN_POINT('',(-0.0164037867334643,-0.758423546187308,0.0700436044949508));
#8502=CARTESIAN_POINT('',(-0.0164901312733209,-0.758503101823254,0.0699153594030517));
#8503=CARTESIAN_POINT('',(-0.0165610508930548,-0.758604440054106,0.0698009426032499));
#8504=CARTESIAN_POINT('',(-0.0166434274782693,-0.758722149334564,0.0696680419293011));
#8505=CARTESIAN_POINT('',(-0.0167078716470318,-0.75887118426309,0.0695497031026128));
#8506=CARTESIAN_POINT('',(-0.0167562548747692,-0.759031629007186,0.069448606549757));
#8507=CARTESIAN_POINT('',(-0.0168362285132106,-0.759296831445183,0.0692815019653001));
#8508=CARTESIAN_POINT('',(-0.0168773487065813,-0.759599263519569,0.0691536794335216));
#8509=CARTESIAN_POINT('',(-0.016898590003465,-0.759904942112901,0.069049941962003));
#8510=CARTESIAN_POINT('',(-0.0169625567487447,-0.760825472757717,0.0687375435028637));
#8511=CARTESIAN_POINT('',(-0.016868665149686,-0.761810950158439,0.0686065227109272));
#8512=CARTESIAN_POINT('',(-0.0167529067941837,-0.762773290355291,0.0685087343758622));
#8513=CARTESIAN_POINT('',(-0.0167268647281467,-0.762989787271196,0.0684867350111653));
#8514=CARTESIAN_POINT('',(-0.0166987392953343,-0.763206314549071,0.0684673380227475));
#8515=CARTESIAN_POINT('',(-0.0166689405245468,-0.763422755194519,0.0684500592466202));
#8516=CARTESIAN_POINT('',(-0.0142858326041824,-0.761765060131525,0.071853867842603));
#8517=CARTESIAN_POINT('',(-0.00994469438527251,-0.765650728061456,0.0792136260956221));
#8518=CARTESIAN_POINT('',(-0.0125819032733678,-0.761176770760554,0.0797887600714715));
#8519=CARTESIAN_POINT('',(-0.0125786659657285,-0.760412415938444,0.0798045440506186));
#8520=CARTESIAN_POINT('',(-0.0126815797646619,-0.756058634492555,0.0806586294243789));
#8521=CARTESIAN_POINT('',(0.00713199618103092,-0.755852961098339,0.0811149816153486));
#8522=CARTESIAN_POINT('',(-0.0143985702948778,-0.774190028372696,0.130319180325461));
#8523=CARTESIAN_POINT('',(-0.0129103419718036,-0.771283207095923,0.11301324325482));
#8524=CARTESIAN_POINT('',(-0.0114176385904762,-0.768373862992634,0.0957081147687814));
#8525=CARTESIAN_POINT('',(-0.00992045305494996,-0.765462009185254,0.0784037963988963));
#8526=CARTESIAN_POINT('',(-0.0151398783395482,-0.771568468848836,0.130706987141283));
#8527=CARTESIAN_POINT('',(-0.0149188330265526,-0.760181996468298,0.106212699818999));
#8528=CARTESIAN_POINT('',(0.00500505855013478,-0.760181996468298,0.107955814465279));
#8529=CARTESIAN_POINT('',(-0.0494695625714614,-0.781437779480485,0.150136364996517));
#8530=CARTESIAN_POINT('',(-0.0316236098806628,-0.780885779765682,0.156144309626591));
#8531=CARTESIAN_POINT('',(-0.0154464969095057,-0.777240549287303,0.145472242566072));
#8532=CARTESIAN_POINT('',(-0.0144007789292144,-0.774193940567999,0.130335547661882));
#8533=CARTESIAN_POINT('',(-0.049469562457688,-0.781437779374209,0.150136364624396));
#8534=CARTESIAN_POINT('',(-0.0174992136445864,-0.76445107874775,0.13177257506667));
#8535=CARTESIAN_POINT('',(-0.0159294381913999,-0.771522084973128,0.145243803919738));
#8536=CARTESIAN_POINT('',(-0.0352086441078245,-0.778377039260766,0.155927828044601));
#8537=CARTESIAN_POINT('',(-0.047580044522015,-0.78075413556208,0.147254005600573));
#8538=CARTESIAN_POINT('',(-0.0494695624662067,-0.781437779373932,0.150136364513104));
#8539=CARTESIAN_POINT('',(-0.0494695624662067,-0.781437779373932,0.150136364513104));
#8540=CARTESIAN_POINT('',(-0.0494695624662067,-0.781437779373932,0.150136364513104));
#8541=CARTESIAN_POINT('',(-0.0477240134859862,-0.780661154695394,0.150891206313241));
#8542=CARTESIAN_POINT('',(-0.0476248720320044,-0.781019395889343,0.150840986886956));
#8543=CARTESIAN_POINT('',(-0.0475258677391532,-0.781377667617662,0.150790715201676));
#8544=CARTESIAN_POINT('',(-0.0459463431897786,-0.779855031522347,0.15144421936287));
#8545=CARTESIAN_POINT('',(-0.0457418261455848,-0.780559653983911,0.151324539181028));
#8546=CARTESIAN_POINT('',(-0.0455538720161557,-0.781274406763426,0.151244319329491));
#8547=CARTESIAN_POINT('',(-0.0423330877641146,-0.778185391382191,0.152159157286377));
#8548=CARTESIAN_POINT('',(-0.0419373654236927,-0.779569233357208,0.151861306736268));
#8549=CARTESIAN_POINT('',(-0.0415584176823883,-0.780985912811589,0.151762527427234));
#8550=CARTESIAN_POINT('',(-0.0404755768955341,-0.777311186157685,0.152318276432388));
#8551=CARTESIAN_POINT('',(-0.0399900316800198,-0.779030614495752,0.151909737185411));
#8552=CARTESIAN_POINT('',(-0.0395109307294121,-0.780797555114007,0.151823225214126));
#8553=CARTESIAN_POINT('',(-0.0368539188380876,-0.775573141133875,0.152216124345263));
#8554=CARTESIAN_POINT('',(-0.0362367273367531,-0.777931432269059,0.151570056368673));
#8555=CARTESIAN_POINT('',(-0.0355304492117623,-0.780352135108394,0.151534499638428));
#8556=CARTESIAN_POINT('',(-0.0350790492124351,-0.774704742506715,0.151961940506961));
#8557=CARTESIAN_POINT('',(-0.0344168981094872,-0.777367725828631,0.151187221522424));
#8558=CARTESIAN_POINT('',(-0.0335854537952117,-0.780095161465191,0.15119151477176));
#8559=CARTESIAN_POINT('',(-0.031604271112539,-0.772967733658148,0.151031823212647));
#8560=CARTESIAN_POINT('',(-0.0309075192785191,-0.7762185803978,0.150009567320349));
#8561=CARTESIAN_POINT('',(-0.0297887501443328,-0.779510984351903,0.150093289464046));
#8562=CARTESIAN_POINT('',(-0.0299126339885556,-0.772102551013691,0.150349989797928));
#8563=CARTESIAN_POINT('',(-0.0292270591181255,-0.775634721965939,0.149207893021973));
#8564=CARTESIAN_POINT('',(-0.0279462793526368,-0.779183658827258,0.149332659056537));
#8565=CARTESIAN_POINT('',(-0.0268030985581175,-0.770471106707043,0.148623859125078));
#8566=CARTESIAN_POINT('',(-0.0261858529223397,-0.774513023506227,0.147295042107833));
#8567=CARTESIAN_POINT('',(-0.0245712053294555,-0.778493848299909,0.147468340371813));
#8568=CARTESIAN_POINT('',(-0.0253672243721248,-0.769696209041122,0.147578815486376));
#8569=CARTESIAN_POINT('',(-0.0248080480431957,-0.773969934035724,0.146180480861585));
#8570=CARTESIAN_POINT('',(-0.0230188575327306,-0.778129101169408,0.146362977679762));
#8571=CARTESIAN_POINT('',(-0.0227448386777775,-0.76823242202965,0.145106906050457));
#8572=CARTESIAN_POINT('',(-0.0223215735198326,-0.772915855396398,0.143640609350895));
#8573=CARTESIAN_POINT('',(-0.0201979433515477,-0.777357946410028,0.143789394529471));
#8574=CARTESIAN_POINT('',(-0.0215982071037683,-0.767565532445297,0.143714520798046));
#8575=CARTESIAN_POINT('',(-0.0212529967858884,-0.77242125969635,0.142251872056943));
#8576=CARTESIAN_POINT('',(-0.0189723581669291,-0.776962685581879,0.142357253691156));
#8577=CARTESIAN_POINT('',(-0.0196621386018569,-0.766380645136805,0.140663296005921));
#8578=CARTESIAN_POINT('',(-0.0194526602760835,-0.771499489622724,0.139277718545602));
#8579=CARTESIAN_POINT('',(-0.0169215453398004,-0.776164177580508,0.139250091058535));
#8580=CARTESIAN_POINT('',(-0.0188622702455652,-0.765855220268538,0.138975410608319));
#8581=CARTESIAN_POINT('',(-0.0187133878004552,-0.771066703788254,0.137667234754556));
#8582=CARTESIAN_POINT('',(-0.0160856119767798,-0.775754261387036,0.137545928819857));
#8583=CARTESIAN_POINT('',(-0.0176970687182855,-0.765004372977919,0.135471363967247));
#8584=CARTESIAN_POINT('',(-0.017619651999803,-0.770297192691796,0.134357693155036));
#8585=CARTESIAN_POINT('',(-0.0148971025691136,-0.77496025587869,0.134035468323279));
#8586=CARTESIAN_POINT('',(-0.017318774329259,-0.764671785141215,0.133644148791655));
#8587=CARTESIAN_POINT('',(-0.0172544652552828,-0.769956356063133,0.132650870908426));
#8588=CARTESIAN_POINT('',(-0.0145305353726831,-0.774572586855288,0.132217589095015));
#8589=CARTESIAN_POINT('',(-0.0171521466750041,-0.764436867999396,0.131739585988435));
#8590=CARTESIAN_POINT('',(-0.0170757430433803,-0.769657137561499,0.130866288482854));
#8591=CARTESIAN_POINT('',(-0.0144007640130888,-0.774193932093118,0.130335550398124));
#8592=CARTESIAN_POINT('',(-0.125721395162626,-0.704424528928398,-0.0920674215789206));
#8593=CARTESIAN_POINT('',(-0.126103586083253,-0.704424528928398,-0.0922725312541352));
#8594=CARTESIAN_POINT('',(-0.126477264866566,-0.704424528928398,-0.0924946683405796));
#8595=CARTESIAN_POINT('',(-0.126838416516698,-0.704424528928398,-0.0927348960747891));
#8596=CARTESIAN_POINT('',(-0.128001335688625,-0.704424528928398,-0.0935084366017084));
#8597=CARTESIAN_POINT('',(-0.129048331604508,-0.704424528928398,-0.0945024129990227));
#8598=CARTESIAN_POINT('',(-0.129856138240744,-0.704424528928398,-0.0956417963347244));
#8599=CARTESIAN_POINT('',(-0.130659199508929,-0.704424528928398,-0.0967744864928315));
#8600=CARTESIAN_POINT('',(-0.131254153906283,-0.704424528928398,-0.098069229268234));
#8601=CARTESIAN_POINT('',(-0.131656202992018,-0.704424528928398,-0.0993982330031392));
#8602=CARTESIAN_POINT('',(-0.132198584894946,-0.704424528928398,-0.101191117504839));
#8603=CARTESIAN_POINT('',(-0.132420327876408,-0.704424528928398,-0.103094411833393));
#8604=CARTESIAN_POINT('',(-0.13240520553045,-0.704424528928398,-0.104967479979434));
#8605=CARTESIAN_POINT('',(-0.132382182860065,-0.704424528928398,-0.107819089819126));
#8606=CARTESIAN_POINT('',(-0.131806578446257,-0.704424528928398,-0.110702581236593));
#8607=CARTESIAN_POINT('',(-0.130799556694379,-0.704424528928398,-0.113370560980224));
#8608=CARTESIAN_POINT('',(-0.129640505425319,-0.704424528928398,-0.116441324150845));
#8609=CARTESIAN_POINT('',(-0.12785225970726,-0.704424528928398,-0.11934017878326));
#8610=CARTESIAN_POINT('',(-0.125615010723359,-0.704424528928398,-0.121741783096712));
#8611=CARTESIAN_POINT('',(-0.124756233817767,-0.704424528928398,-0.122663648448133));
#8612=CARTESIAN_POINT('',(-0.12382472341436,-0.704424528928398,-0.12352289561128));
#8613=CARTESIAN_POINT('',(-0.122835294885408,-0.704424528928398,-0.124302872973661));
#8614=CARTESIAN_POINT('',(-0.129090727337358,-0.705307471337068,-0.0857891796363125));
#8615=CARTESIAN_POINT('',(-0.116183614768551,-0.71517838170733,-0.0855351880103992));
#8616=CARTESIAN_POINT('',(-0.120176290532411,-0.711439072717008,-0.0859901651943486));
#8617=CARTESIAN_POINT('',(-0.124871754653216,-0.708340791411311,-0.0854414565871647));
#8618=CARTESIAN_POINT('',(-0.129924860300409,-0.706476781045912,-0.0843819829469429));
#8619=CARTESIAN_POINT('',(-0.11504347762321,-0.715006010001409,-0.088485955358896));
#8620=CARTESIAN_POINT('',(-0.113745410644614,-0.714802043983021,-0.0913623733155077));
#8621=CARTESIAN_POINT('',(-0.125932756761926,-0.717226146149338,-0.0970341585760235));
#8622=CARTESIAN_POINT('',(-0.133876795783789,-0.7212678168418,-0.112130081095826));
#8623=CARTESIAN_POINT('',(-0.116651159525974,-0.719606025950305,-0.124947792491304));
#8624=CARTESIAN_POINT('',(-0.116893146854649,-0.719710731515978,-0.125286572506244));
#8625=CARTESIAN_POINT('',(-0.122987202495466,-0.704424528929602,-0.124495574307871));
#8626=CARTESIAN_POINT('',(-0.120052093281023,-0.709330784274626,-0.125879607353531));
#8627=CARTESIAN_POINT('',(-0.118064018471974,-0.714445799960605,-0.126174749682736));
#8628=CARTESIAN_POINT('',(-0.117051534885642,-0.719769575987539,-0.125519285792842));
#8629=CARTESIAN_POINT('',(-0.126746318113658,-0.716171870993353,-0.0801687596396635));
#8630=CARTESIAN_POINT('',(-0.113105806529445,-0.746054945317734,-0.0860399995868708));
#8631=CARTESIAN_POINT('',(-0.117051537447849,-0.7197695359927,-0.1255192954208));
#8632=CARTESIAN_POINT('',(-0.113076257146687,-0.740279083300567,-0.123063859580821));
#8633=CARTESIAN_POINT('',(-0.109162945939083,-0.760788630608434,-0.120532476127083));
#8634=CARTESIAN_POINT('',(-0.105313922523141,-0.781298177916301,-0.117927278068189));
#8635=CARTESIAN_POINT('',(-0.101761407518466,-0.746054945317734,-0.102241480422087));
#8636=CARTESIAN_POINT('',(-0.110408000418786,-0.794605787796364,-0.0667006270064097));
#8637=CARTESIAN_POINT('',(-0.108929624328928,-0.78782451292538,-0.0704502318770806));
#8638=CARTESIAN_POINT('',(-0.107464796803854,-0.7810314304882,-0.0741838242660996));
#8639=CARTESIAN_POINT('',(-0.106013566765188,-0.774226670823925,-0.0779013501518728));
#8640=CARTESIAN_POINT('',(-0.109610130950412,-0.795017638841081,-0.0671233760992474));
#8641=CARTESIAN_POINT('',(-0.109234528857979,-0.794604282097095,-0.0684887917354851));
#8642=CARTESIAN_POINT('',(-0.119983546897318,-0.796730988139877,-0.0720894843172604));
#8643=CARTESIAN_POINT('',(-0.124033291289197,-0.808760031224387,-0.0819059572928134));
#8644=CARTESIAN_POINT('',(-0.123457262167939,-0.817686907562007,-0.0836892287436628));
#8645=CARTESIAN_POINT('',(-0.121271919596662,-0.816942675035133,-0.0867088760162612));
#8646=CARTESIAN_POINT('',(-0.116019717183813,-0.814138543229009,-0.0955605173515527));
#8647=CARTESIAN_POINT('',(-0.116468847259203,-0.813792763175913,-0.0952688450384168));
#8648=CARTESIAN_POINT('',(-0.116938735159269,-0.813537454147668,-0.0948811704012118));
#8649=CARTESIAN_POINT('',(-0.117379474962907,-0.8133855701269,-0.0944463899074982));
#8650=CARTESIAN_POINT('',(-0.117816860490597,-0.813234842028318,-0.0940149183360575));
#8651=CARTESIAN_POINT('',(-0.11823763882597,-0.813176773516625,-0.0935289763074582));
#8652=CARTESIAN_POINT('',(-0.118625575181601,-0.813183364875739,-0.093029321712302));
#8653=CARTESIAN_POINT('',(-0.119353803609024,-0.813195738078232,-0.0920913774469507));
#8654=CARTESIAN_POINT('',(-0.119990994986307,-0.813424417815757,-0.0910826751475469));
#8655=CARTESIAN_POINT('',(-0.120552679975879,-0.813740064564071,-0.0900851350298974));
#8656=CARTESIAN_POINT('',(-0.121212451911935,-0.814110832646023,-0.0889133946648646));
#8657=CARTESIAN_POINT('',(-0.121782796794795,-0.814611706937055,-0.0877304088269386));
#8658=CARTESIAN_POINT('',(-0.122293192775904,-0.815170198089871,-0.0865585184583716));
#8659=CARTESIAN_POINT('',(-0.114764889808981,-0.812396633610859,-0.0983019620494394));
#8660=CARTESIAN_POINT('',(-0.105360655336044,-0.781650299964735,-0.117781727641551));
#8661=CARTESIAN_POINT('',(-0.108831473235486,-0.791691645974233,-0.111716343231438));
#8662=CARTESIAN_POINT('',(-0.111816138330007,-0.801732991983731,-0.105525234369637));
#8663=CARTESIAN_POINT('',(-0.114315895006196,-0.81177433799323,-0.0992818057579997));
#8664=CARTESIAN_POINT('',(-0.0999844055688876,-0.795066772201954,-0.089194637830339));
#8665=CARTESIAN_POINT('',(-0.112456047316417,-0.794513550009349,-0.0620371122219652));
#8666=CARTESIAN_POINT('',(-0.123329342583262,-0.796581359061194,-0.0672006717932883));
#8667=CARTESIAN_POINT('',(-0.132627015448875,-0.806293155904761,-0.066147682821319));
#8668=CARTESIAN_POINT('',(-0.136075971275088,-0.816772770426117,-0.0608924733978783));
#8669=CARTESIAN_POINT('',(-0.112458301121145,-0.794516684223753,-0.0620310741247494));
#8670=CARTESIAN_POINT('',(-0.136076033346993,-0.816773052669885,-0.0608923899686015));
#8671=CARTESIAN_POINT('',(-3.061515884556E-17,-0.816773182064668,0.));
#8672=CARTESIAN_POINT('',(-3.061515884556E-17,-0.794494908512526,0.));
#8673=CARTESIAN_POINT('',(-3.061515884556E-17,-0.819151328019374,0.));
#8674=CARTESIAN_POINT('',(-0.143138871549292,-0.811773493840444,-0.0493590967379341));
#8675=CARTESIAN_POINT('',(-0.147147912150593,-0.802320440147281,-0.0441052332864968));
#8676=CARTESIAN_POINT('',(-0.150983225854669,-0.792374414959912,-0.0384925991093983));
#8677=CARTESIAN_POINT('',(-0.154585278718052,-0.781935418278339,-0.0325114763655324));
#8678=CARTESIAN_POINT('',(-0.143139071237696,-0.811773487448376,-0.0493596328106704));
#8679=CARTESIAN_POINT('',(-0.136076074284237,-0.816773211194054,-0.0608923062605407));
#8680=CARTESIAN_POINT('',(-0.138951407426637,-0.814193102629055,-0.057412336658719));
#8681=CARTESIAN_POINT('',(-0.141892874237407,-0.811773383833075,-0.0529733315892838));
#8682=CARTESIAN_POINT('',(-0.14313948363358,-0.811772325760799,-0.0493597754196937));
#8683=CARTESIAN_POINT('',(-0.12005622478509,-0.774186385999759,-0.0526975101913418));
#8684=CARTESIAN_POINT('',(-0.11755316950094,-0.780961769355079,-0.0558353161226173));
#8685=CARTESIAN_POINT('',(-0.115054865498497,-0.787745076873402,-0.0589598017521864));
#8686=CARTESIAN_POINT('',(-0.112561363205832,-0.794536255736556,-0.0620709538530213));
#8687=CARTESIAN_POINT('',(-0.108694654864377,-0.803544252454601,-0.0660525216148841));
#8688=CARTESIAN_POINT('',(-0.111758823750987,-0.804136314239042,-0.0675485886619151));
#8689=CARTESIAN_POINT('',(-0.115043181218885,-0.805085212595734,-0.0684485228646611));
#8690=CARTESIAN_POINT('',(-0.118271624174157,-0.806311177349033,-0.068676670272501));
#8691=CARTESIAN_POINT('',(-0.121500067129429,-0.807537142102332,-0.068904817680342));
#8692=CARTESIAN_POINT('',(-0.12466942024669,-0.809038967458282,-0.0684609538995781));
#8693=CARTESIAN_POINT('',(-0.127513248398238,-0.81069040082978,-0.0673823928232151));
#8694=CARTESIAN_POINT('',(-0.130357076549786,-0.812341834201277,-0.066303831746852));
#8695=CARTESIAN_POINT('',(-0.132872582696973,-0.814141251325984,-0.0645916341904001));
#8696=CARTESIAN_POINT('',(-0.13484829807101,-0.815937382240069,-0.062389737909524));
#8697=CARTESIAN_POINT('',(-0.136824017356772,-0.817733516710319,-0.0601878372691069));
#8698=CARTESIAN_POINT('',(-0.138258000515292,-0.819524598370767,-0.0574984016422111));
#8699=CARTESIAN_POINT('',(-0.13902969762029,-0.821160057390414,-0.0545475221832265));
#8700=CARTESIAN_POINT('',(-0.114143848328201,-0.790330349571672,-0.0601556342685541));
#8701=CARTESIAN_POINT('',(-0.117336551038928,-0.79085744110439,-0.061658061011408));
#8702=CARTESIAN_POINT('',(-0.120762568687687,-0.79176318981605,-0.0625272302724521));
#8703=CARTESIAN_POINT('',(-0.124117490951896,-0.792966715214974,-0.0626855811237031));
#8704=CARTESIAN_POINT('',(-0.127472413216105,-0.794170240613899,-0.0628439319749541));
#8705=CARTESIAN_POINT('',(-0.130752555026865,-0.795670212645814,-0.062291281439357));
#8706=CARTESIAN_POINT('',(-0.133666343476287,-0.79733303608775,-0.0610763048468671));
#8707=CARTESIAN_POINT('',(-0.136580131925708,-0.798995859529686,-0.0598613282543781));
#8708=CARTESIAN_POINT('',(-0.139124361728143,-0.800819701802457,-0.057985349328034));
#8709=CARTESIAN_POINT('',(-0.141072589802702,-0.802642255337197,-0.0556146230843101));
#8710=CARTESIAN_POINT('',(-0.143020821734564,-0.804464812480416,-0.0532438921467791));
#8711=CARTESIAN_POINT('',(-0.1443708975758,-0.806284073920295,-0.0503810064808482));
#8712=CARTESIAN_POINT('',(-0.145002161435688,-0.807938158157063,-0.0472800666491473));
#8713=CARTESIAN_POINT('',(-0.119012014952009,-0.776999515028465,-0.053979518771759));
#8714=CARTESIAN_POINT('',(-0.122324732512319,-0.777459527981883,-0.055483766125526));
#8715=CARTESIAN_POINT('',(-0.125883722639581,-0.778319812308596,-0.056317819350319));
#8716=CARTESIAN_POINT('',(-0.129355113695926,-0.779499282357058,-0.0564031015086161));
#8717=CARTESIAN_POINT('',(-0.132826504752272,-0.78067875240552,-0.0564883836669131));
#8718=CARTESIAN_POINT('',(-0.136206035159513,-0.782175951554613,-0.0558247792187891));
#8719=CARTESIAN_POINT('',(-0.139176525076762,-0.783850149860723,-0.0544741092649071));
#8720=CARTESIAN_POINT('',(-0.142147014994011,-0.785524348166832,-0.053123439311026));
#8721=CARTESIAN_POINT('',(-0.144704811324671,-0.787373484673901,-0.0510873492675241));
#8722=CARTESIAN_POINT('',(-0.146609533268747,-0.789223899710258,-0.0485564411986791));
#8723=CARTESIAN_POINT('',(-0.148514258983986,-0.791074318410257,-0.0460255281188817));
#8724=CARTESIAN_POINT('',(-0.149763553561283,-0.792923740102779,-0.0430028921669133));
#8725=CARTESIAN_POINT('',(-0.150239457049292,-0.794598507755806,-0.0397719029857103));
#8726=CARTESIAN_POINT('',(-0.123357823942083,-0.763610400417719,-0.047586028854297));
#8727=CARTESIAN_POINT('',(-0.126784013284812,-0.764000902124446,-0.0490878417182241));
#8728=CARTESIAN_POINT('',(-0.130469196248176,-0.764813048149324,-0.0498827063022171));
#8729=CARTESIAN_POINT('',(-0.134049141734373,-0.765966568708964,-0.049892060862419));
#8730=CARTESIAN_POINT('',(-0.13762908722057,-0.767120089268604,-0.0499014154226211));
#8731=CARTESIAN_POINT('',(-0.141098890948228,-0.768613404118442,-0.049125247143922));
#8732=CARTESIAN_POINT('',(-0.144115609179291,-0.770298919037914,-0.047640269890203));
#8733=CARTESIAN_POINT('',(-0.147132327410354,-0.771984433957385,-0.046155292636484));
#8734=CARTESIAN_POINT('',(-0.14969182744641,-0.773859839905903,-0.0439635407253931));
#8735=CARTESIAN_POINT('',(-0.151541136906651,-0.77573977806296,-0.0412816395491091));
#8736=CARTESIAN_POINT('',(-0.153390450028344,-0.777619719942111,-0.038599733062921));
#8737=CARTESIAN_POINT('',(-0.154527036324028,-0.779501618650375,-0.0354313494070519));
#8738=CARTESIAN_POINT('',(-0.154838558840122,-0.78119947290855,-0.032089642117594));
#8739=CARTESIAN_POINT('',(-0.154961072460591,-0.78043500422285,-0.0323256409674902));
#8740=CARTESIAN_POINT('',(-0.159080766219771,-0.760220074664037,-0.0343300549595578));
#8741=CARTESIAN_POINT('',(-0.163169533054106,-0.740005145105224,-0.0364244214445459));
#8742=CARTESIAN_POINT('',(-0.167224492728105,-0.719790215546411,-0.0386078377566688));
#8743=CARTESIAN_POINT('',(-0.129556220102491,-0.746264945390062,-0.0542286065815116));
#8744=CARTESIAN_POINT('',(-0.134862252300216,-0.714295540429587,-0.0545153773365716));
#8745=CARTESIAN_POINT('',(-0.134774175827741,-0.714893203547896,-0.0566150177825271));
#8746=CARTESIAN_POINT('',(-0.146557886991745,-0.717911695024049,-0.0631051952752564));
#8747=CARTESIAN_POINT('',(-0.163765470371674,-0.720403779901959,-0.052432182208695));
#8748=CARTESIAN_POINT('',(-0.163643024748763,-0.719069061512128,-0.0387101897380408));
#8749=CARTESIAN_POINT('',(-0.137914914579226,-0.746264945390062,-0.0363033284297287));
#8750=CARTESIAN_POINT('',(-0.169239035227692,-0.704424528928398,-0.0445287036562083));
#8751=CARTESIAN_POINT('',(-0.164983094413748,-0.704424528928398,-0.0592377126278876));
#8752=CARTESIAN_POINT('',(-0.154769527140945,-0.704424528928398,-0.0675296725560134));
#8753=CARTESIAN_POINT('',(-0.138598333409284,-0.704424528928398,-0.0694045834405857));
#8754=CARTESIAN_POINT('',(-0.138595502008694,-0.703747341872899,-0.0693801624785838));
#8755=CARTESIAN_POINT('',(-0.138467791533539,-0.704424539241128,-0.0694020735438788));
#8756=CARTESIAN_POINT('',(-0.137484574292544,-0.70443168928144,-0.0634503259791402));
#8757=CARTESIAN_POINT('',(-0.136341959390296,-0.708703130716318,-0.0578404078020712));
#8758=CARTESIAN_POINT('',(-0.133413994907638,-0.713667436574181,-0.0560591841557206));
#8759=CARTESIAN_POINT('',(-0.131174855334854,-0.718020382518685,-0.0683438154393744));
#8760=CARTESIAN_POINT('',(0.118237094035649,-0.719742980227817,-0.123636613205409));
#8761=CARTESIAN_POINT('',(0.133185136634831,-0.720868383167994,-0.109935893385865));
#8762=CARTESIAN_POINT('',(0.127443732186871,-0.71739042269447,-0.097100837385559));
#8763=CARTESIAN_POINT('',(0.113059280076847,-0.714669041337314,-0.0910587522197734));
#8764=CARTESIAN_POINT('',(0.118477275467077,-0.719845850617361,-0.123907110883385));
#8765=CARTESIAN_POINT('',(0.113897926022164,-0.714539893581053,-0.0891203482213187));
#8766=CARTESIAN_POINT('',(0.129275515919796,-0.704424767122798,-0.0852386645937903));
#8767=CARTESIAN_POINT('',(0.123377774914,-0.704460501515973,-0.0874292588607862));
#8768=CARTESIAN_POINT('',(0.117755000430666,-0.709140601120136,-0.0892271602368069));
#8769=CARTESIAN_POINT('',(0.114795064678943,-0.714317663843162,-0.087222133786001));
#8770=CARTESIAN_POINT('',(0.129077768056098,-0.702939585182585,-0.086349173391759));
#8771=CARTESIAN_POINT('',(0.122835294758404,-0.704424528928398,-0.124302872831788));
#8772=CARTESIAN_POINT('',(0.123983768564457,-0.704424528928398,-0.123397518304973));
#8773=CARTESIAN_POINT('',(0.125054628020538,-0.704424528928398,-0.122384717264478));
#8774=CARTESIAN_POINT('',(0.126025073058383,-0.704424528928398,-0.121290690148299));
#8775=CARTESIAN_POINT('',(0.127865558599293,-0.704424528928398,-0.119215826544317));
#8776=CARTESIAN_POINT('',(0.129377144085059,-0.704424528928398,-0.116802113420608));
#8777=CARTESIAN_POINT('',(0.130451066112314,-0.704424528928398,-0.114244939691507));
#8778=CARTESIAN_POINT('',(0.131517505197685,-0.704424528928398,-0.111705583999392));
#8779=CARTESIAN_POINT('',(0.132187263254793,-0.704424528928398,-0.10895480573339));
#8780=CARTESIAN_POINT('',(0.132360869396067,-0.704424528928398,-0.106206082291209));
#8781=CARTESIAN_POINT('',(0.132493468282448,-0.704424528928398,-0.104106630827513));
#8782=CARTESIAN_POINT('',(0.132343454655867,-0.704424528928398,-0.101953109553877));
#8783=CARTESIAN_POINT('',(0.131804139296859,-0.704424528928398,-0.0999197827585429));
#8784=CARTESIAN_POINT('',(0.13147906396738,-0.704424528928398,-0.0986941837339828));
#8785=CARTESIAN_POINT('',(0.131002299575143,-0.704424528928398,-0.0974925122040918));
#8786=CARTESIAN_POINT('',(0.130352312982741,-0.704424528928398,-0.0964038045442785));
#8787=CARTESIAN_POINT('',(0.12959146434023,-0.704424528928398,-0.0951294063416951));
#8788=CARTESIAN_POINT('',(0.128555173799742,-0.704424528928398,-0.0939878908427019));
#8789=CARTESIAN_POINT('',(0.127363167191126,-0.704424528928398,-0.0931035257141634));
#8790=CARTESIAN_POINT('',(0.12689012631862,-0.704424528928398,-0.092752570569289));
#8791=CARTESIAN_POINT('',(0.12639051911747,-0.704424528928398,-0.0924356263922403));
#8792=CARTESIAN_POINT('',(0.125874864041915,-0.704424528928398,-0.0921509563660164));
#8793=CARTESIAN_POINT('',(0.117050824391189,-0.71977331272949,-0.125518825571052));
#8794=CARTESIAN_POINT('',(0.118063094172858,-0.714448193426146,-0.126174892938463));
#8795=CARTESIAN_POINT('',(0.120051406572449,-0.709331932159517,-0.125879931166826));
#8796=CARTESIAN_POINT('',(0.122987202495466,-0.704424528929601,-0.124495574307872));
#8797=CARTESIAN_POINT('',(0.126746317708474,-0.716171871118999,-0.0801687596921053));
#8798=CARTESIAN_POINT('',(0.105287828846941,-0.781434025988118,-0.117910556865684));
#8799=CARTESIAN_POINT('',(0.109144956413479,-0.76088080813779,-0.120521464167092));
#8800=CARTESIAN_POINT('',(0.113066665013906,-0.740327590287463,-0.123058227046115));
#8801=CARTESIAN_POINT('',(0.117050620000524,-0.719774372437135,-0.125518697760984));
#8802=CARTESIAN_POINT('',(0.113105807490647,-0.746054940824748,-0.0860400002599125));
#8803=CARTESIAN_POINT('',(0.101761408479668,-0.746054940824748,-0.102241481095129));
#8804=CARTESIAN_POINT('',(0.114315895004265,-0.811774338028147,-0.0992818057485214));
#8805=CARTESIAN_POINT('',(0.111742709692694,-0.802218256563157,-0.105447156372567));
#8806=CARTESIAN_POINT('',(0.108763204908399,-0.792158265492969,-0.111642176608358));
#8807=CARTESIAN_POINT('',(0.105337917217157,-0.781594364817585,-0.117818552459908));
#8808=CARTESIAN_POINT('',(0.114316135884763,-0.811774504202302,-0.0992817557570801));
#8809=CARTESIAN_POINT('',(0.120774224703915,-0.816773182064668,-0.087396576886418));
#8810=CARTESIAN_POINT('',(0.119122709018961,-0.814063199338356,-0.0918343896013867));
#8811=CARTESIAN_POINT('',(0.117221284406289,-0.811774546688018,-0.095936377465272));
#8812=CARTESIAN_POINT('',(0.11431591743312,-0.811774528928491,-0.0992817159471519));
#8813=CARTESIAN_POINT('',(0.120774224799701,-0.816773181859062,-0.0873965772282229));
#8814=CARTESIAN_POINT('',(0.120774226078995,-0.81677318303699,-0.0873965751446708));
#8815=CARTESIAN_POINT('',(0.124986468879735,-0.801056652368574,-0.0790137981465814));
#8816=CARTESIAN_POINT('',(0.119331590154298,-0.796527237299332,-0.0728414328882601));
#8817=CARTESIAN_POINT('',(0.110052141364714,-0.794534381600484,-0.066439093046569));
#8818=CARTESIAN_POINT('',(0.111297595441596,-0.794531847310779,-0.0642616650391151));
#8819=CARTESIAN_POINT('',(0.105665996508882,-0.774187193341552,-0.0776228181249739));
#8820=CARTESIAN_POINT('',(0.107209870704195,-0.781323074655794,-0.0736873816085571));
#8821=CARTESIAN_POINT('',(0.108743584105365,-0.78846774582642,-0.069763897104159));
#8822=CARTESIAN_POINT('',(0.110267152792675,-0.795621145142507,-0.0658524233516826));
#8823=CARTESIAN_POINT('',(0.111752197251063,-0.803587229423608,-0.0612432879832321));
#8824=CARTESIAN_POINT('',(0.133743016395387,-0.808354417289445,-0.0763439326451621));
#8825=CARTESIAN_POINT('',(0.116754401528799,-0.821160047323647,-0.09312947643541));
#8826=CARTESIAN_POINT('',(0.109374600707153,-0.790367096444907,-0.0689195994130401));
#8827=CARTESIAN_POINT('',(0.132303237231089,-0.794346869876066,-0.08542772292191));
#8828=CARTESIAN_POINT('',(0.113446460419524,-0.807936656602392,-0.101936503143357));
#8829=CARTESIAN_POINT('',(0.106464600677391,-0.777032846701885,-0.0762302363738951));
#8830=CARTESIAN_POINT('',(0.130337776230449,-0.780564156296635,-0.0939063185282311));
#8831=CARTESIAN_POINT('',(0.109563111462839,-0.794598157395242,-0.110225421709864));
#8832=CARTESIAN_POINT('',(0.103104515240749,-0.763639058479651,-0.0831975932025711));
#8833=CARTESIAN_POINT('',(0.128018786820519,-0.767056636084897,-0.101884089698823));
#8834=CARTESIAN_POINT('',(0.10520974089657,-0.781199462685079,-0.118049292949609));
#8835=CARTESIAN_POINT('',(0.136075971278376,-0.81677277042606,-0.0608924733905169));
#8836=CARTESIAN_POINT('',(0.132616934227232,-0.806262524189966,-0.0661630436752967));
#8837=CARTESIAN_POINT('',(0.124808781201518,-0.796813401005203,-0.067903763984337));
#8838=CARTESIAN_POINT('',(0.112377937433838,-0.794498851059596,-0.0620000174689463));
#8839=CARTESIAN_POINT('',(0.136076033349391,-0.8167730526705,-0.0608923899625153));
#8840=CARTESIAN_POINT('',(-3.061515884556E-17,-0.816773182064668,0.));
#8841=CARTESIAN_POINT('',(-3.061515884556E-17,-0.819151328019374,0.));
#8842=CARTESIAN_POINT('',(0.112560182433632,-0.794532068525826,-0.0620750286818546));
#8843=CARTESIAN_POINT('',(0.115066775377178,-0.787763350042528,-0.0589271282697051));
#8844=CARTESIAN_POINT('',(0.117566301838156,-0.780982868684887,-0.0557988939152479));
#8845=CARTESIAN_POINT('',(0.120058739619295,-0.774190754062536,-0.0526903946053594));
#8846=CARTESIAN_POINT('',(0.143139191162871,-0.811772326471349,-0.0493606225373433));
#8847=CARTESIAN_POINT('',(0.141892537339839,-0.811773742774931,-0.0529737257327877));
#8848=CARTESIAN_POINT('',(0.138951490710755,-0.814193027904278,-0.0574122358515034));
#8849=CARTESIAN_POINT('',(0.136076074286606,-0.816773211194895,-0.0608923062542856));
#8850=CARTESIAN_POINT('',(0.143138779007695,-0.811773487646567,-0.0493604798734697));
#8851=CARTESIAN_POINT('',(0.154679987220028,-0.78166067634357,-0.0323540405673327));
#8852=CARTESIAN_POINT('',(0.151050383455176,-0.792200244194133,-0.0383943027904341));
#8853=CARTESIAN_POINT('',(0.147182877298289,-0.802238029549956,-0.0440594336129945));
#8854=CARTESIAN_POINT('',(0.143138643145909,-0.811774032411041,-0.0493593960531183));
#8855=CARTESIAN_POINT('',(0.139029697754307,-0.821160057099944,-0.0545475220164098));
#8856=CARTESIAN_POINT('',(0.138258000653065,-0.819524598079923,-0.0574984014774069));
#8857=CARTESIAN_POINT('',(0.136824017497535,-0.817733516419004,-0.0601878371070604));
#8858=CARTESIAN_POINT('',(0.134848298213816,-0.815937381948316,-0.0623897377506121));
#8859=CARTESIAN_POINT('',(0.132872582841834,-0.814141251033804,-0.0645916340346101));
#8860=CARTESIAN_POINT('',(0.130357076695763,-0.812341833908706,-0.0663038315945611));
#8861=CARTESIAN_POINT('',(0.127513248544421,-0.810690400536973,-0.067382392674424));
#8862=CARTESIAN_POINT('',(0.124669420393078,-0.80903896716524,-0.0684609537542881));
#8863=CARTESIAN_POINT('',(0.121500067275116,-0.807537141809213,-0.0689048175385471));
#8864=CARTESIAN_POINT('',(0.11827162431845,-0.806311177056076,-0.068676670133882));
#8865=CARTESIAN_POINT('',(0.115043181361784,-0.805085212302939,-0.0684485227292171));
#8866=CARTESIAN_POINT('',(0.111758823891804,-0.804136313946648,-0.0675485885293231));
#8867=CARTESIAN_POINT('',(0.10869465500276,-0.80354425216286,-0.0660525214846261));
#8868=CARTESIAN_POINT('',(0.145002154389228,-0.807938173739489,-0.047280075200259));
#8869=CARTESIAN_POINT('',(0.144370890364874,-0.806284089524833,-0.0503810148530036));
#8870=CARTESIAN_POINT('',(0.143020814426528,-0.804464828118493,-0.053243900312813));
#8871=CARTESIAN_POINT('',(0.141072582464494,-0.802642271006729,-0.0556146310504261));
#8872=CARTESIAN_POINT('',(0.139124354359773,-0.800819717503455,-0.0579853570942181));
#8873=CARTESIAN_POINT('',(0.136580124593869,-0.798995875259778,-0.05986133582735));
#8874=CARTESIAN_POINT('',(0.133666336229566,-0.797333051831372,-0.0610763122597911));
#8875=CARTESIAN_POINT('',(0.130752547865263,-0.795670228402965,-0.0622912886922331));
#8876=CARTESIAN_POINT('',(0.127472406187721,-0.794170256368767,-0.062843939101257));
#8877=CARTESIAN_POINT('',(0.124117484074708,-0.792966730942967,-0.0626855881701791));
#8878=CARTESIAN_POINT('',(0.120762561961694,-0.791763205517167,-0.0625272372391));
#8879=CARTESIAN_POINT('',(0.117336544481498,-0.790857456753891,-0.0616580679450181));
#8880=CARTESIAN_POINT('',(0.114143841922928,-0.790330365143483,-0.060155641213303));
#8881=CARTESIAN_POINT('',(0.150239454517405,-0.794598515155664,-0.0397719072129378));
#8882=CARTESIAN_POINT('',(0.149763550939472,-0.792923747515796,-0.0430028963308274));
#8883=CARTESIAN_POINT('',(0.148514256301725,-0.791074325841836,-0.0460255322004722));
#8884=CARTESIAN_POINT('',(0.146609530558309,-0.789223907158718,-0.0485564451959041));
#8885=CARTESIAN_POINT('',(0.14470480858607,-0.787373492139253,-0.051087353180368));
#8886=CARTESIAN_POINT('',(0.14214701225942,-0.785524355647223,-0.0531234431377811));
#8887=CARTESIAN_POINT('',(0.139176522370824,-0.783850157347574,-0.054474113018489));
#8888=CARTESIAN_POINT('',(0.136206032482228,-0.782175959047925,-0.0558247828991981));
#8889=CARTESIAN_POINT('',(0.132826502128005,-0.780678759896575,-0.0564883872872821));
#8890=CARTESIAN_POINT('',(0.129355111134129,-0.779499289833184,-0.056403105090188));
#8891=CARTESIAN_POINT('',(0.125883720140254,-0.778319819769793,-0.056317822893094));
#8892=CARTESIAN_POINT('',(0.122324730084545,-0.777459535415408,-0.0554837696507991));
#8893=CARTESIAN_POINT('',(0.119012012587518,-0.776999522422032,-0.053979522300356));
#8894=CARTESIAN_POINT('',(0.15483855888133,-0.781199472800796,-0.0320896420354392));
#8895=CARTESIAN_POINT('',(0.154527036367427,-0.779501618543138,-0.0354313493230429));
#8896=CARTESIAN_POINT('',(0.153390450074755,-0.777619719835593,-0.0385997329777205));
#8897=CARTESIAN_POINT('',(0.151541136956477,-0.775739777957095,-0.041281639463829));
#8898=CARTESIAN_POINT('',(0.149691827499663,-0.773859839800703,-0.0439635406400191));
#8899=CARTESIAN_POINT('',(0.147132327467437,-0.771984433852775,-0.0461552925521411));
#8900=CARTESIAN_POINT('',(0.144115609239956,-0.770298918933564,-0.0476402698081511));
#8901=CARTESIAN_POINT('',(0.141098891012475,-0.768613404014353,-0.0491252470641601));
#8902=CARTESIAN_POINT('',(0.137629087288136,-0.767120089164438,-0.04990141534641));
#8903=CARTESIAN_POINT('',(0.1340491418043,-0.765966568604234,-0.0498920607907491));
#8904=CARTESIAN_POINT('',(0.130469196320464,-0.76481304804403,-0.0498827062350891));
#8905=CARTESIAN_POINT('',(0.126784013358487,-0.764000902018097,-0.0490878416566231));
#8906=CARTESIAN_POINT('',(0.123357824015642,-0.763610400309842,-0.0475860287985761));
#8907=CARTESIAN_POINT('',(0.124295575841268,-0.772042729949057,-0.0517755278758506));
#8908=CARTESIAN_POINT('',(0.134410609334661,-0.713154774463401,-0.0544824358050506));
#8909=CARTESIAN_POINT('',(0.168679153668679,-0.711531912658498,-0.0403502114774226));
#8910=CARTESIAN_POINT('',(0.164010644030782,-0.73484962756472,-0.0378416115002453));
#8911=CARTESIAN_POINT('',(0.159298806680045,-0.758167342470941,-0.0354460185867738));
#8912=CARTESIAN_POINT('',(0.154547672345231,-0.781485057377163,-0.0331647108021669));
#8913=CARTESIAN_POINT('',(0.1619680539803,-0.716329570058569,-0.0485850927273981));
#8914=CARTESIAN_POINT('',(0.161870638016699,-0.715655066059584,-0.0490938290574964));
#8915=CARTESIAN_POINT('',(0.161713420552256,-0.715019525287869,-0.0496554053903125));
#8916=CARTESIAN_POINT('',(0.161475370765153,-0.714460925334233,-0.0502508519108581));
#8917=CARTESIAN_POINT('',(0.161140180585207,-0.713674378867397,-0.0510892808327997));
#8918=CARTESIAN_POINT('',(0.160625655390398,-0.713031517997903,-0.0520170158646028));
#8919=CARTESIAN_POINT('',(0.159966813553624,-0.712555017210476,-0.0528961320640147));
#8920=CARTESIAN_POINT('',(0.159208298136838,-0.712006428500408,-0.0539082462819955));
#8921=CARTESIAN_POINT('',(0.158246665480063,-0.711642630182961,-0.0548806452346691));
#8922=CARTESIAN_POINT('',(0.15718639369179,-0.711360744237952,-0.0557155311248078));
#8923=CARTESIAN_POINT('',(0.155652200917852,-0.710952860726676,-0.0569235948626923));
#8924=CARTESIAN_POINT('',(0.153864824397826,-0.710690884986331,-0.0578914174840492));
#8925=CARTESIAN_POINT('',(0.152004364685988,-0.710410453769129,-0.0585544276002696));
#8926=CARTESIAN_POINT('',(0.15009524761098,-0.710122688319697,-0.0592347776910159));
#8927=CARTESIAN_POINT('',(0.148055851733011,-0.709815297822624,-0.059614751255381));
#8928=CARTESIAN_POINT('',(0.146048574582967,-0.709418455314863,-0.059676132627917));
#8929=CARTESIAN_POINT('',(0.143880303718733,-0.708989784043809,-0.0597424370949776));
#8930=CARTESIAN_POINT('',(0.141689058501677,-0.708443565614879,-0.0594352566582184));
#8931=CARTESIAN_POINT('',(0.13968666415706,-0.70775903405119,-0.0587938618432809));
#8932=CARTESIAN_POINT('',(0.138439391832756,-0.707332645874057,-0.058394343135203));
#8933=CARTESIAN_POINT('',(0.137245551340763,-0.70684783843288,-0.057861740837199));
#8934=CARTESIAN_POINT('',(0.136149771375563,-0.706312908261112,-0.0572212517226333));
#8935=CARTESIAN_POINT('',(0.137914914015762,-0.746264949818516,-0.0363033281669804));
#8936=CARTESIAN_POINT('',(0.141578995542803,-0.704424528928398,-0.0655773976295022));
#8937=CARTESIAN_POINT('',(0.142313976442448,-0.704424528928398,-0.0660080355530614));
#8938=CARTESIAN_POINT('',(0.143129816962407,-0.704424528928398,-0.0663273905145458));
#8939=CARTESIAN_POINT('',(0.143965963367918,-0.704424528928398,-0.066490194484405));
#8940=CARTESIAN_POINT('',(0.144800952382298,-0.704424528928398,-0.0666527731015396));
#8941=CARTESIAN_POINT('',(0.145670035111563,-0.704424528928398,-0.0666686986737127));
#8942=CARTESIAN_POINT('',(0.146516308092362,-0.704424528928398,-0.0665823244712208));
#8943=CARTESIAN_POINT('',(0.148048826358918,-0.704424528928398,-0.0664259091701517));
#8944=CARTESIAN_POINT('',(0.149553381643534,-0.704424528928398,-0.0659555525690656));
#8945=CARTESIAN_POINT('',(0.150971459578379,-0.704424528928398,-0.0653537777320679));
#8946=CARTESIAN_POINT('',(0.153599167147393,-0.704424528928398,-0.0642386850737836));
#8947=CARTESIAN_POINT('',(0.156039859473276,-0.704424528928398,-0.0626216855061255));
#8948=CARTESIAN_POINT('',(0.158184465942563,-0.704424528928398,-0.0607378219769111));
#8949=CARTESIAN_POINT('',(0.160439429300961,-0.704424528928398,-0.0587570188358987));
#8950=CARTESIAN_POINT('',(0.162418470209186,-0.704424528928398,-0.056406823008613));
#8951=CARTESIAN_POINT('',(0.163966832466381,-0.704424528928398,-0.0538356335656402));
#8952=CARTESIAN_POINT('',(0.165520981305581,-0.704424528928398,-0.051254835002779));
#8953=CARTESIAN_POINT('',(0.166676098175481,-0.704424528928398,-0.0483817496981612));
#8954=CARTESIAN_POINT('',(0.167297753751991,-0.704424528928398,-0.0454339633794733));
#8955=CARTESIAN_POINT('',(0.167426931563781,-0.704424528928398,-0.0448214238951334));
#8956=CARTESIAN_POINT('',(0.167534029644107,-0.704424528928398,-0.0442037951330843));
#8957=CARTESIAN_POINT('',(0.167618210352762,-0.704424528928398,-0.0435834684971702));
#8958=CARTESIAN_POINT('',(0.138243891462069,-0.704022670933063,-0.0674107425776712));
#8959=CARTESIAN_POINT('',(0.133092311756256,-0.714060851769886,-0.0558848123113883));
#8960=CARTESIAN_POINT('',(0.135887337295948,-0.709484759329744,-0.0573719020716547));
#8961=CARTESIAN_POINT('',(0.137186187945084,-0.705285978127299,-0.0620675492390123));
#8962=CARTESIAN_POINT('',(0.138141301990925,-0.704553348296469,-0.0675003419309672));
#8963=CARTESIAN_POINT('',(0.13117485605637,-0.718020381505658,-0.0683438162711063));
#8964=CARTESIAN_POINT('',(-0.0091164865128779,-0.704424528928398,0.154628702504816));
#8965=CARTESIAN_POINT('',(-0.0176435547871778,-0.704424528928398,0.166476736878782));
#8966=CARTESIAN_POINT('',(-0.0326179545329429,-0.704424528928398,0.172388358510482));
#8967=CARTESIAN_POINT('',(-0.0460465724075728,-0.704424528928398,0.168832294023073));
#8968=CARTESIAN_POINT('',(-0.00911648651285388,-0.704424529565586,0.154628702504816));
#8969=CARTESIAN_POINT('',(-0.0181340586404428,-0.714411732028297,0.142962985057284));
#8970=CARTESIAN_POINT('',(-0.0184481794992206,-0.709746865506754,0.146621896243109));
#8971=CARTESIAN_POINT('',(-0.0155938699456705,-0.704424528928352,0.154704854485317));
#8972=CARTESIAN_POINT('',(-0.00911648651280602,-0.704424528928398,0.154628702504819));
#8973=CARTESIAN_POINT('',(-0.0183066053697267,-0.714432914449834,0.142975172254237));
#8974=CARTESIAN_POINT('',(-0.0181364877301535,-0.714432955265579,0.14299031661204));
#8975=CARTESIAN_POINT('',(-0.0207422292725507,-0.721030806692892,0.172243013332394));
#8976=CARTESIAN_POINT('',(-0.0497364752142811,-0.719809715761794,0.164250239279279));
#8977=CARTESIAN_POINT('',(-0.0492995317263024,-0.719457946204168,0.162718943103692));
#8978=CARTESIAN_POINT('',(-0.046322760930497,-0.704424588126735,0.168757806535625));
#8979=CARTESIAN_POINT('',(-0.0488909028712965,-0.709150490040052,0.166975947483509));
#8980=CARTESIAN_POINT('',(-0.050242025717274,-0.714384741321542,0.165346777427047));
#8981=CARTESIAN_POINT('',(-0.0501769227298973,-0.719786529156323,0.164125411156697));
#8982=CARTESIAN_POINT('',(-0.00901992463824999,-0.704424990050211,0.154626843554951));
#8983=CARTESIAN_POINT('',(-0.0101175719069499,-0.70443130104977,0.174705904122599));
#8984=CARTESIAN_POINT('',(-0.0101649248818558,-0.684791829480713,0.179025910698807));
#8985=CARTESIAN_POINT('',(-0.00969295283354994,-0.704418566073709,0.154644737719323));
#8986=CARTESIAN_POINT('',(-0.011384469573367,-0.704375249087415,0.174643317738208));
#8987=CARTESIAN_POINT('',(-0.0128723293448477,-0.684769347054385,0.178877135225226));
#8988=CARTESIAN_POINT('',(-0.010362940267096,-0.704479515615967,0.154557433940094));
#8989=CARTESIAN_POINT('',(-0.0126697437576334,-0.70450903005871,0.17453977660273));
#8990=CARTESIAN_POINT('',(-0.0155947155179717,-0.684982668990429,0.178613175500203));
#8991=CARTESIAN_POINT('',(-0.0116666551653435,-0.704739318914091,0.154173068253201));
#8992=CARTESIAN_POINT('',(-0.015130353560691,-0.705150143472589,0.174265978949881));
#8993=CARTESIAN_POINT('',(-0.0209488194708376,-0.685891981011394,0.177863442384652));
#8994=CARTESIAN_POINT('',(-0.0122824282686075,-0.704933497367771,0.153883109319466));
#8995=CARTESIAN_POINT('',(-0.0162787219613075,-0.705649247937638,0.174099249088012));
#8996=CARTESIAN_POINT('',(-0.0235065375868699,-0.686571605978105,0.177389981499211));
#8997=CARTESIAN_POINT('',(-0.0134482432025851,-0.705442380956376,0.153135293257484));
#8998=CARTESIAN_POINT('',(-0.0183549022845398,-0.706932743145584,0.173739667560048));
#8999=CARTESIAN_POINT('',(-0.0284039072430639,-0.688352699483259,0.176275567480512));
#9000=CARTESIAN_POINT('',(-0.0140042713358068,-0.705762231691247,0.152670111168109));
#9001=CARTESIAN_POINT('',(-0.0192949928311392,-0.707736766862953,0.173543178380313));
#9002=CARTESIAN_POINT('',(-0.0307696718654815,-0.689472177634052,0.175625073525811));
#9003=CARTESIAN_POINT('',(-0.0150123312373049,-0.706499993130323,0.151627874495778));
#9004=CARTESIAN_POINT('',(-0.0208484548946883,-0.709508810313549,0.17317456114105));
#9005=CARTESIAN_POINT('',(-0.0351155117676847,-0.692054343871564,0.174229255915936));
#9006=CARTESIAN_POINT('',(-0.0154661909941875,-0.706916364457348,0.151052764268031));
#9007=CARTESIAN_POINT('',(-0.0214653462770846,-0.710480603586959,0.173002116891399));
#9008=CARTESIAN_POINT('',(-0.0371023866683385,-0.693511644141068,0.17348558861527));
#9009=CARTESIAN_POINT('',(-0.016280883924264,-0.707841672321586,0.149824361827374));
#9010=CARTESIAN_POINT('',(-0.0223835727812927,-0.712496126116653,0.172713982488399));
#9011=CARTESIAN_POINT('',(-0.0407263658841732,-0.696750222842349,0.171939545697222));
#9012=CARTESIAN_POINT('',(-0.0166428279069011,-0.708355093967121,0.149165987441996));
#9013=CARTESIAN_POINT('',(-0.0226767570791265,-0.713550797544371,0.172599607388925));
#9014=CARTESIAN_POINT('',(-0.0423694141616336,-0.698547199158832,0.17113140535927));
#9015=CARTESIAN_POINT('',(-0.0172469641584875,-0.709434612058013,0.147851086744225));
#9016=CARTESIAN_POINT('',(-0.0229419932099767,-0.715555511608986,0.172457486328959));
#9017=CARTESIAN_POINT('',(-0.0451761917651988,-0.702325513368972,0.169552894283935));
#9018=CARTESIAN_POINT('',(-0.0174937627820264,-0.710004701109535,0.147188768181141));
#9019=CARTESIAN_POINT('',(-0.0229130148598909,-0.716514283694475,0.172429943279724));
#9020=CARTESIAN_POINT('',(-0.0463600666538937,-0.704320825393227,0.168775001218345));
#9021=CARTESIAN_POINT('',(-0.0178781856787581,-0.711208171980046,0.145878463700822));
#9022=CARTESIAN_POINT('',(-0.0226036893573813,-0.718262351452519,0.172452606441073));
#9023=CARTESIAN_POINT('',(-0.0482873491487405,-0.708532973847605,0.167270555284178));
#9024=CARTESIAN_POINT('',(-0.0180130842638576,-0.711837576138201,0.14523595039745));
#9025=CARTESIAN_POINT('',(-0.0223168080202573,-0.719035440596807,0.172505227585406));
#9026=CARTESIAN_POINT('',(-0.0490182323706949,-0.710735888459605,0.166550688287781));
#9027=CARTESIAN_POINT('',(-0.0181623074055911,-0.713110894543397,0.144036474656906));
#9028=CARTESIAN_POINT('',(-0.0216080150055497,-0.720301047641383,0.172646046340684));
#9029=CARTESIAN_POINT('',(-0.0499720538525606,-0.715192502693997,0.165244126437954));
#9030=CARTESIAN_POINT('',(-0.0181786868160407,-0.713760613849926,0.143472994986828));
#9031=CARTESIAN_POINT('',(-0.0211827622272405,-0.720793910070038,0.172734737217721));
#9032=CARTESIAN_POINT('',(-0.0502051601524237,-0.717466528276977,0.16464988844516));
#9033=CARTESIAN_POINT('',(-0.0181331885316426,-0.714424526962877,0.142952945720992));
#9034=CARTESIAN_POINT('',(-0.0207451910347044,-0.72115739911723,0.17280839735675));
#9035=CARTESIAN_POINT('',(-0.0501768780815891,-0.719790215546411,0.164124577715839));
#9036=CARTESIAN_POINT('',(-0.0178439597035417,-0.746172033671832,0.139647045088352));
#9037=CARTESIAN_POINT('',(-0.0501768780815892,-0.719790215546411,0.164124577715839));
#9038=CARTESIAN_POINT('',(-0.0500380337604932,-0.740339403479569,0.159445053120551));
#9039=CARTESIAN_POINT('',(-0.0498020311194326,-0.760888591412727,0.154781284034094));
#9040=CARTESIAN_POINT('',(-0.0494695624665156,-0.781437779345885,0.150136364519491));
#9041=CARTESIAN_POINT('',(-0.0375470531912552,-0.746172033671832,0.137923247771786));
#9042=CARTESIAN_POINT('',(-0.00252153937779298,-0.794532068555513,0.12851749178563));
#9043=CARTESIAN_POINT('',(-0.00650105497387667,-0.787763252514809,0.129114323343756));
#9044=CARTESIAN_POINT('',(-0.0104600054022266,-0.78098267324448,0.129714868289454));
#9045=CARTESIAN_POINT('',(-0.014398319816564,-0.774190460360115,0.130319141893417));
#9046=CARTESIAN_POINT('',(3.43672219372052E-6,-0.794531847336778,0.128517377620004));
#9047=CARTESIAN_POINT('',(-0.00249607580197885,-0.79449846255923,0.128322170307848));
#9048=CARTESIAN_POINT('',(-0.00349559550269324,-0.796853957220162,0.141960511234006));
#9049=CARTESIAN_POINT('',(-0.00842332310095129,-0.805283520762666,0.147897592113754));
#9050=CARTESIAN_POINT('',(-0.0153035567705013,-0.81677277042606,0.14829148466834));
#9051=CARTESIAN_POINT('',(-0.0153036600590607,-0.816773052669576,0.148291496709611));
#9052=CARTESIAN_POINT('',(-0.0288220425021653,-0.811772326471349,0.148642487095845));
#9053=CARTESIAN_POINT('',(-0.0250696764193502,-0.811773742774936,0.149369404816096));
#9054=CARTESIAN_POINT('',(-0.0197552906483405,-0.814193027879789,0.149041638783859));
#9055=CARTESIAN_POINT('',(-0.015303753020942,-0.816773211193676,0.148291490308322));
#9056=CARTESIAN_POINT('',(-0.0288219599751162,-0.811773487646567,0.148642058827056));
#9057=CARTESIAN_POINT('',(-0.0494695623661704,-0.781437779318219,0.150136364558956));
#9058=CARTESIAN_POINT('',(-0.0423712547495156,-0.792058623161469,0.150017894019556));
#9059=CARTESIAN_POINT('',(-0.0354816487185149,-0.80217052806747,0.149499847179345));
#9060=CARTESIAN_POINT('',(-0.028823203954102,-0.811773494036223,0.148641447382558));
#9061=CARTESIAN_POINT('',(-0.0222753090848648,-0.821160057099182,0.147677011145975));
#9062=CARTESIAN_POINT('',(-0.0193339239573166,-0.819524598079653,0.148484141582431));
#9063=CARTESIAN_POINT('',(-0.0162878128022998,-0.817733516419241,0.148586993555678));
#9064=CARTESIAN_POINT('',(-0.013393051266446,-0.815937381949017,0.147976920786792));
#9065=CARTESIAN_POINT('',(-0.0104982954619446,-0.814141251034969,0.147366849225792));
#9066=CARTESIAN_POINT('',(-0.00775773580568188,-0.812341833910292,0.146044455779756));
#9067=CARTESIAN_POINT('',(-0.00540176043534534,-0.81069040053889,0.144120908896568));
#9068=CARTESIAN_POINT('',(-0.0030457850650088,-0.809038967167488,0.142197362013379));
#9069=CARTESIAN_POINT('',(-0.00107671119310897,-0.807537141811701,0.139674553591808));
#9070=CARTESIAN_POINT('',(0.000339928836885877,-0.806311177058682,0.136764566274412));
#9071=CARTESIAN_POINT('',(0.00175656886688072,-0.805085212305663,0.133854578957015));
#9072=CARTESIAN_POINT('',(0.00261938172291719,-0.804136313949369,0.130560274853094));
#9073=CARTESIAN_POINT('',(0.00285583410085039,-0.803544252165451,0.127158593231509));
#9074=CARTESIAN_POINT('',(-0.0315553309702638,-0.807938173727851,0.149215586909252));
#9075=CARTESIAN_POINT('',(-0.0285542064429478,-0.806284089513699,0.150219366053793));
#9076=CARTESIAN_POINT('',(-0.0253998369372474,-0.804464828107871,0.150481608723834));
#9077=CARTESIAN_POINT('',(-0.0223726079117735,-0.802642270996573,0.149979755720885));
#9078=CARTESIAN_POINT('',(-0.019345384879925,-0.800819717493764,0.149477903711557));
#9079=CARTESIAN_POINT('',(-0.0164486247570268,-0.798995875250507,0.148212525467665));
#9080=CARTESIAN_POINT('',(-0.0139395301193377,-0.797333051822429,0.146296598939084));
#9081=CARTESIAN_POINT('',(-0.0114304354816486,-0.795670228394351,0.144380672410502));
#9082=CARTESIAN_POINT('',(-0.00931175534925768,-0.794170256360388,0.141816311594241));
#9083=CARTESIAN_POINT('',(-0.00777143022182429,-0.792966730934705,0.138831688351148));
#9084=CARTESIAN_POINT('',(-0.0062311050943909,-0.791763205509021,0.135847065108055));
#9085=CARTESIAN_POINT('',(-0.00527081904324417,-0.790857456745741,0.132445462289433));
#9086=CARTESIAN_POINT('',(-0.00497560748106381,-0.790330365135206,0.128929287401226));
#9087=CARTESIAN_POINT('',(-0.0406762452515862,-0.794598515133022,0.149997137875628));
#9088=CARTESIAN_POINT('',(-0.03764017480688,-0.792923747493667,0.15120048784618));
#9089=CARTESIAN_POINT('',(-0.0343978480382391,-0.791074325820224,0.15162988488776));
#9090=CARTESIAN_POINT('',(-0.0312536502175044,-0.789223907137574,0.151245800504321));
#9091=CARTESIAN_POINT('',(-0.0281094586219821,-0.787373492118576,0.150861716881332));
#9092=CARTESIAN_POINT('',(-0.0250672548309825,-0.785524355626965,0.149664645263363));
#9093=CARTESIAN_POINT('',(-0.0224122954577573,-0.783850157327642,0.14776746049845));
#9094=CARTESIAN_POINT('',(-0.0197573360845322,-0.782175959028319,0.145870275733536));
#9095=CARTESIAN_POINT('',(-0.0174928726492278,-0.780678759877202,0.143275318787933));
#9096=CARTESIAN_POINT('',(-0.0158310337014723,-0.779499289813925,0.140226364902223));
#9097=CARTESIAN_POINT('',(-0.0141691947537168,-0.778319819750648,0.137177411016513));
#9098=CARTESIAN_POINT('',(-0.0131120110218638,-0.777459535396259,0.133678208595335));
#9099=CARTESIAN_POINT('',(-0.0127583686925234,-0.776999522402758,0.130057187412173));
#9100=CARTESIAN_POINT('',(-0.0496288342400594,-0.781199472767077,0.150138946501984));
#9101=CARTESIAN_POINT('',(-0.0465790695797137,-0.779501618509943,0.151540013734835));
#9102=CARTESIAN_POINT('',(-0.0432668756991853,-0.777619719802921,0.152139892959064));
#9103=CARTESIAN_POINT('',(-0.0400196199922354,-0.775739777924894,0.151879294062079));
#9104=CARTESIAN_POINT('',(-0.0367723707145428,-0.773859839768972,0.151618695681054));
#9105=CARTESIAN_POINT('',(-0.0335945078635133,-0.771984433821463,0.150497979588165));
#9106=CARTESIAN_POINT('',(-0.030800120721864,-0.770298918902576,0.148627913595065));
#9107=CARTESIAN_POINT('',(-0.0280057335802148,-0.768613403983689,0.146757847601964));
#9108=CARTESIAN_POINT('',(-0.0255986502679067,-0.767120089134003,0.144140993571628));
#9109=CARTESIAN_POINT('',(-0.0238167788088052,-0.765966568573911,0.141035992560608));
#9110=CARTESIAN_POINT('',(-0.0220349073497037,-0.764813048013819,0.137930991549587));
#9111=CARTESIAN_POINT('',(-0.0208806887862822,-0.764000901987881,0.134342097197676));
#9112=CARTESIAN_POINT('',(-0.0204682022017733,-0.763610400279504,0.130624023759576));
#9113=CARTESIAN_POINT('',(0.00249546104365803,-0.794499004197002,0.128323064666107));
#9114=CARTESIAN_POINT('',(0.00359292145826427,-0.796807672765385,0.142002471399403));
#9115=CARTESIAN_POINT('',(0.00864817408860957,-0.805610023787425,0.147905812302876));
#9116=CARTESIAN_POINT('',(0.0153005412266654,-0.816773183037308,0.14829183548051));
#9117=CARTESIAN_POINT('',(0.0153005436711624,-0.816773181859204,0.148291835414302));
#9118=CARTESIAN_POINT('',(-3.061515884556E-17,-0.816773182064668,0.));
#9119=CARTESIAN_POINT('',(-3.061515884556E-17,-0.819151328019374,0.));
#9120=CARTESIAN_POINT('',(0.028822618423017,-0.811774337982796,0.148641372011874));
#9121=CARTESIAN_POINT('',(0.0354370550547507,-0.802234851129341,0.149494120060942));
#9122=CARTESIAN_POINT('',(0.0422795340975118,-0.792193225785386,0.150010986389384));
#9123=CARTESIAN_POINT('',(0.0493280694373372,-0.781649461950932,0.150133949617541));
#9124=CARTESIAN_POINT('',(0.0288224546801183,-0.811774504198185,0.148641555670713));
#9125=CARTESIAN_POINT('',(0.0153005434233191,-0.816773182064669,0.148291835160424));
#9126=CARTESIAN_POINT('',(0.0199695220168656,-0.814063221276082,0.149080480596204));
#9127=CARTESIAN_POINT('',(0.0244726266115443,-0.811774590229694,0.149484788646156));
#9128=CARTESIAN_POINT('',(0.0288224183056061,-0.811774528929501,0.148641368073834));
#9129=CARTESIAN_POINT('',(0.0143911422373685,-0.774185813888489,0.130320968426047));
#9130=CARTESIAN_POINT('',(0.0102107457917196,-0.781322153892221,0.129690244159429));
#9131=CARTESIAN_POINT('',(0.00604578247651586,-0.788467284889912,0.129056696026041));
#9132=CARTESIAN_POINT('',(0.00189629513016286,-0.795621145158704,0.128420367330145));
#9133=CARTESIAN_POINT('',(-0.00283785564113175,-0.803587229781648,0.127401885703996));
#9134=CARTESIAN_POINT('',(-0.000755723327978263,-0.808354417662817,0.153996816010516));
#9135=CARTESIAN_POINT('',(0.0222752914100258,-0.821160047676597,0.147677015906041));
#9136=CARTESIAN_POINT('',(0.00499883059042882,-0.790367084564591,0.129180984070527));
#9137=CARTESIAN_POINT('',(0.00783096756243568,-0.794346856910956,0.157291828976456));
#9138=CARTESIAN_POINT('',(0.0315563793973042,-0.80793664474436,0.149215769661123));
#9139=CARTESIAN_POINT('',(0.0127850198459834,-0.777032848501406,0.130316166906573));
#9140=CARTESIAN_POINT('',(0.0161563682362937,-0.780564158069582,0.159828984292977));
#9141=CARTESIAN_POINT('',(0.0406764583850337,-0.794598159201861,0.149997148680857));
#9142=CARTESIAN_POINT('',(0.0204989715289844,-0.763639058618015,0.130889926043373));
#9143=CARTESIAN_POINT('',(0.0242248164035001,-0.767056636229931,0.161809566379474));
#9144=CARTESIAN_POINT('',(0.0496288160332577,-0.78119946282049,0.150138954822366));
#9145=CARTESIAN_POINT('',(0.0485997222632276,-0.781482666728725,0.150409820634897));
#9146=CARTESIAN_POINT('',(0.0489399880277062,-0.760930716731542,0.155046040407687));
#9147=CARTESIAN_POINT('',(0.0491868484157374,-0.740378766734359,0.159700336334247));
#9148=CARTESIAN_POINT('',(0.0493396621018792,-0.719826816737177,0.164369806105731));
#9149=CARTESIAN_POINT('',(0.049299530141706,-0.719458068100426,0.162718915456322));
#9150=CARTESIAN_POINT('',(0.0178439598271616,-0.74617202914923,0.139647046501334));
#9151=CARTESIAN_POINT('',(0.0185399180667427,-0.714927492288147,0.145164722584789));
#9152=CARTESIAN_POINT('',(0.0183806012013314,-0.714925420821354,0.145167078192144));
#9153=CARTESIAN_POINT('',(0.0185413381879087,-0.717962306106247,0.158708774632755));
#9154=CARTESIAN_POINT('',(0.0365627251850036,-0.720484672125143,0.168394150088146));
#9155=CARTESIAN_POINT('',(0.0484220124545964,-0.719125210003272,0.161313527283719));
#9156=CARTESIAN_POINT('',(0.0375470533148752,-0.74617202914923,0.137923249184768));
#9157=CARTESIAN_POINT('',(0.0501769212399263,-0.719786652763155,0.164125383208763));
#9158=CARTESIAN_POINT('',(0.0502420341602813,-0.714385830133775,0.165346524661203));
#9159=CARTESIAN_POINT('',(0.0488911676992141,-0.709150977377095,0.166975763737431));
#9160=CARTESIAN_POINT('',(0.0463227609305013,-0.704424588126742,0.168757806535622));
#9161=CARTESIAN_POINT('',(0.00911648651280598,-0.704424528928398,0.154628702504819));
#9162=CARTESIAN_POINT('',(0.0152612297746011,-0.704424528928354,0.154700943769155));
#9163=CARTESIAN_POINT('',(0.0181271209588023,-0.709394758786193,0.147200636274528));
#9164=CARTESIAN_POINT('',(0.0181580611794456,-0.713613430832522,0.143615280566448));
#9165=CARTESIAN_POINT('',(0.00911648651285384,-0.704424529565586,0.154628702504817));
#9166=CARTESIAN_POINT('',(0.0460203612369472,-0.704424528928398,0.16883922305508));
#9167=CARTESIAN_POINT('',(0.0326000976302821,-0.704424528928398,0.172380776834054));
#9168=CARTESIAN_POINT('',(0.0176391276047803,-0.704424528928398,0.166470585482049));
#9169=CARTESIAN_POINT('',(0.00911648651287785,-0.704424528928398,0.154628702504816));
#9170=CARTESIAN_POINT('',(0.0101649248818558,-0.684791829480713,0.179025910698807));
#9171=CARTESIAN_POINT('',(0.0101175718993344,-0.704431304208251,0.174705903427843));
#9172=CARTESIAN_POINT('',(0.00901992442388774,-0.704424990048978,0.154626839633663));
#9173=CARTESIAN_POINT('',(0.0128723293448366,-0.684769347054509,0.178877135225199));
#9174=CARTESIAN_POINT('',(0.0113844693343096,-0.704375252237947,0.17464331705789));
#9175=CARTESIAN_POINT('',(0.00969295250288803,-0.704418566082176,0.15464473380987));
#9176=CARTESIAN_POINT('',(0.0155947155179862,-0.684982668990383,0.178613175500211));
#9177=CARTESIAN_POINT('',(0.0126697432872775,-0.704509033198769,0.174539775947667));
#9178=CARTESIAN_POINT('',(0.0103629398165871,-0.704479515610203,0.154557430037619));
#9179=CARTESIAN_POINT('',(0.0209488194708225,-0.68589198101144,0.177863442384643));
#9180=CARTESIAN_POINT('',(0.0151303526198706,-0.705150146586554,0.174265978368197));
#9181=CARTESIAN_POINT('',(0.0116666544925295,-0.70473931883429,0.15417306435017));
#9182=CARTESIAN_POINT('',(0.0235065375868829,-0.686571605978153,0.177389981499198));
#9183=CARTESIAN_POINT('',(0.0162787207873976,-0.705649251036243,0.174099248553637));
#9184=CARTESIAN_POINT('',(0.0122824274958401,-0.704933497229367,0.153883105410226));
#9185=CARTESIAN_POINT('',(0.0284039072430508,-0.688352699483211,0.176275567480524));
#9186=CARTESIAN_POINT('',(0.0183549006325805,-0.706932746199877,0.173739667143075));
#9187=CARTESIAN_POINT('',(0.0134482422651214,-0.705442380671628,0.153135289320832));
#9188=CARTESIAN_POINT('',(0.0307696718654951,-0.689472177634058,0.175625073525807));
#9189=CARTESIAN_POINT('',(0.0192949909301225,-0.707736769888805,0.173543178035505));
#9190=CARTESIAN_POINT('',(0.0140042703327845,-0.705762231316912,0.152670107210937));
#9191=CARTESIAN_POINT('',(0.0351155117676711,-0.692054343871557,0.17422925591594));
#9192=CARTESIAN_POINT('',(0.0208484524884298,-0.709508813257437,0.173174560963067));
#9193=CARTESIAN_POINT('',(0.0150123301505187,-0.706499992570027,0.151627870483443));
#9194=CARTESIAN_POINT('',(0.0371023866683493,-0.693511644141005,0.173485588615282));
#9195=CARTESIAN_POINT('',(0.0214653436129366,-0.710480606478013,0.173002116808994));
#9196=CARTESIAN_POINT('',(0.0154661898882885,-0.706916363800299,0.15105276022192));
#9197=CARTESIAN_POINT('',(0.0407263658841623,-0.696750222842412,0.17193954569721));
#9198=CARTESIAN_POINT('',(0.0223835695860283,-0.712496128859579,0.172713982623335));
#9199=CARTESIAN_POINT('',(0.0162808828239487,-0.707841671482395,0.149824357700286));
#9200=CARTESIAN_POINT('',(0.0423694141616259,-0.698547199158832,0.171131405359272));
#9201=CARTESIAN_POINT('',(0.0226767536067992,-0.713550800189856,0.172599607647809));
#9202=CARTESIAN_POINT('',(0.0166428268321362,-0.708355093041652,0.149165983268056));
#9203=CARTESIAN_POINT('',(0.0451761917652065,-0.702325513368972,0.169552894283933));
#9204=CARTESIAN_POINT('',(0.0229419891911374,-0.715555514000361,0.172457486853961));
#9205=CARTESIAN_POINT('',(0.0172469631689004,-0.709434610994433,0.14785108246847));
#9206=CARTESIAN_POINT('',(0.0463600666539166,-0.704320825393226,0.168775001218339));
#9207=CARTESIAN_POINT('',(0.022913010567586,-0.716514285926631,0.172429943948804));
#9208=CARTESIAN_POINT('',(0.0174937618522536,-0.710004699992704,0.147188763850501));
#9209=CARTESIAN_POINT('',(0.0482873491487175,-0.708532973847606,0.167270555284184));
#9210=CARTESIAN_POINT('',(0.0226036845349206,-0.71826235327936,0.172452607414083));
#9211=CARTESIAN_POINT('',(0.0178781848883273,-0.711208170800089,0.145878459255831));
#9212=CARTESIAN_POINT('',(0.0490182323707063,-0.710735888459588,0.166550688287782));
#9213=CARTESIAN_POINT('',(0.0223168029434115,-0.7190354421748,0.172505228717532));
#9214=CARTESIAN_POINT('',(0.0180130835529408,-0.711837574949211,0.145235945892933));
#9215=CARTESIAN_POINT('',(0.0499720538525491,-0.715192502694015,0.165244126437953));
#9216=CARTESIAN_POINT('',(0.0216080094863654,-0.720301048635456,0.172646047781012));
#9217=CARTESIAN_POINT('',(0.0181623068494247,-0.713110893382845,0.144036470039075));
#9218=CARTESIAN_POINT('',(0.0502051601524465,-0.717466528276963,0.164649888445156));
#9219=CARTESIAN_POINT('',(0.0211827565192535,-0.7207939107244,0.172734738807808));
#9220=CARTESIAN_POINT('',(0.0181786863363012,-0.713760612726664,0.143472990313817));
#9221=CARTESIAN_POINT('',(0.050176878081589,-0.719790215546411,0.164124577715839));
#9222=CARTESIAN_POINT('',(0.0207451851919231,-0.721157399388644,0.172808399080663));
#9223=CARTESIAN_POINT('',(0.0181331881184024,-0.714424525897681,0.142952940997612));
#9224=CARTESIAN_POINT('',(0.0777068300640654,-0.714424528928398,-0.0190170597463031));
#9225=CARTESIAN_POINT('',(0.0679934763060572,-0.714424528928398,-0.0166399272780151));
#9226=CARTESIAN_POINT('',(0.0734806474466584,-0.714424528928398,-0.0280801376166691));
#9227=CARTESIAN_POINT('',(0.0705377139973014,-0.704424528928399,-0.03774160026903));
#9228=CARTESIAN_POINT('',(0.0731678092250195,-0.704424530815245,-0.0334091955977267));
#9229=CARTESIAN_POINT('',(0.0734806474466583,-0.70953399286545,-0.0280801376166694));
#9230=CARTESIAN_POINT('',(0.0734806474466583,-0.714424528928398,-0.0280801376166694));
#9231=CARTESIAN_POINT('',(0.0705377178066721,-0.704424534777635,-0.0377416017037696));
#9232=CARTESIAN_POINT('',(0.0673877548471679,-0.704424528928398,-0.0189444054184341));
#9233=CARTESIAN_POINT('',(0.0658312230320981,-0.704424528928398,-0.0244811948847146));
#9234=CARTESIAN_POINT('',(0.0686731866985564,-0.704424528928398,-0.0315561944348737));
#9235=CARTESIAN_POINT('',(0.0705377232266696,-0.704424528928398,-0.0377415994155615));
#9236=CARTESIAN_POINT('',(0.0679934763060571,-0.714424528928398,-0.0166399272780151));
#9237=CARTESIAN_POINT('',(0.0679934763057097,-0.710950918599715,-0.0166399272794347));
#9238=CARTESIAN_POINT('',(0.0678119892206343,-0.707486714203448,-0.0174353476609823));
#9239=CARTESIAN_POINT('',(0.0673877548471851,-0.70442452892763,-0.0189444054183724));
#9240=CARTESIAN_POINT('',(0.0616425554546711,-0.694422461498295,-0.0331691938102959));
#9241=CARTESIAN_POINT('',(0.0616844514848022,-0.704422729651818,-0.0330851023418402));
#9242=CARTESIAN_POINT('',(0.0704911671750012,-0.704424972423943,-0.0378238725954766));
#9243=CARTESIAN_POINT('',(0.0627268267347772,-0.694397894818981,-0.031154153802348));
#9244=CARTESIAN_POINT('',(0.0621487774213032,-0.704488251134858,-0.0322156371895279));
#9245=CARTESIAN_POINT('',(0.0711787406140407,-0.704412669101493,-0.0367039263598665));
#9246=CARTESIAN_POINT('',(0.0637291289201963,-0.694905469778753,-0.0290366881257489));
#9247=CARTESIAN_POINT('',(0.0626222301244052,-0.704670543305296,-0.0313741760154404));
#9248=CARTESIAN_POINT('',(0.0717582890481424,-0.704666438457553,-0.0354975745737388));
#9249=CARTESIAN_POINT('',(0.065375702444624,-0.69688119079991,-0.0251107288364819));
#9250=CARTESIAN_POINT('',(0.0635999409975509,-0.70538063178644,-0.029626520735511));
#9251=CARTESIAN_POINT('',(0.0726127008847123,-0.705654221104331,-0.0332141204239906));
#9252=CARTESIAN_POINT('',(0.0660470100875006,-0.698369122820516,-0.0232483164060074));
#9253=CARTESIAN_POINT('',(0.0641067570449883,-0.705926422815592,-0.0286996592556694));
#9254=CARTESIAN_POINT('',(0.0729037436664567,-0.706398125659767,-0.0321068816295764));
#9255=CARTESIAN_POINT('',(0.0668095013689151,-0.701134331623626,-0.0209084556648994));
#9256=CARTESIAN_POINT('',(0.0647779150426103,-0.707174743521479,-0.0273760231426418));
#9257=CARTESIAN_POINT('',(0.0731851780520425,-0.707780564691601,-0.0306981148421779));
#9258=CARTESIAN_POINT('',(0.0670288136706534,-0.702163078672957,-0.0201881311021805));
#9259=CARTESIAN_POINT('',(0.0649882300362771,-0.707662876903959,-0.0269453268105824));
#9260=CARTESIAN_POINT('',(0.0732557672220552,-0.708294870055377,-0.0302610578130332));
#9261=CARTESIAN_POINT('',(0.0673921216400428,-0.704343969330035,-0.0189400222441674));
#9262=CARTESIAN_POINT('',(0.0653549124667003,-0.708759013061216,-0.0261697433532263));
#9263=CARTESIAN_POINT('',(0.0733606992885207,-0.709385155058618,-0.0295001205596278));
#9264=CARTESIAN_POINT('',(0.0675377600123379,-0.705496679639013,-0.0184080140554478));
#9265=CARTESIAN_POINT('',(0.0655132523943147,-0.709365950301133,-0.0258217223267457));
#9266=CARTESIAN_POINT('',(0.0733958273905112,-0.709961418216529,-0.0291737554110156));
#9267=CARTESIAN_POINT('',(0.0678855947563434,-0.709144748463728,-0.0170985933089919));
#9268=CARTESIAN_POINT('',(0.0659003717737899,-0.711346607996378,-0.0249517099351898));
#9269=CARTESIAN_POINT('',(0.0734712307931642,-0.711785142165532,-0.0283681593872388));
#9270=CARTESIAN_POINT('',(0.0679941065019944,-0.711786476286194,-0.0166373536702861));
#9271=CARTESIAN_POINT('',(0.0660399866334727,-0.712889064773514,-0.0246130573743083));
#9272=CARTESIAN_POINT('',(0.0734832061855317,-0.713105755042326,-0.028081330336611));
#9273=CARTESIAN_POINT('',(0.0679941064373164,-0.714424528928398,-0.0166373539345711));
#9274=CARTESIAN_POINT('',(0.0660399863686048,-0.714424528928398,-0.0246130575141101));
#9275=CARTESIAN_POINT('',(0.073483205921596,-0.714424528928398,-0.0280813302135354));
#9276=CARTESIAN_POINT('',(0.0679934763060572,-0.704424528928398,-0.0166399272780151));
#9277=CARTESIAN_POINT('',(0.0734806474466584,-0.759302486355859,-0.028080137616669));
#9278=CARTESIAN_POINT('',(0.0777068300640654,-0.704424528928398,-0.0190170597463031));
#9279=CARTESIAN_POINT('',(0.0714786669365236,-0.765619972515795,-0.0302069724519557));
#9280=CARTESIAN_POINT('',(0.0709333349048682,-0.771734210196017,-0.0335911261317678));
#9281=CARTESIAN_POINT('',(0.0702381600241907,-0.777852948560252,-0.0369478247028934));
#9282=CARTESIAN_POINT('',(0.0693663823536193,-0.783967434602494,-0.0402624664174523));
#9283=CARTESIAN_POINT('',(0.0699689579390812,-0.783839371517714,-0.0406571853636674));
#9284=CARTESIAN_POINT('',(0.0610909630604032,-0.802286690893858,-0.0341744675503868));
#9285=CARTESIAN_POINT('',(0.064166924755228,-0.789324302410733,-0.0286758167814552));
#9286=CARTESIAN_POINT('',(0.0664957564369088,-0.776361913927608,-0.0227598566891354));
#9287=CARTESIAN_POINT('',(0.0679934763027212,-0.763399525444483,-0.0166399272916462));
#9288=CARTESIAN_POINT('',(0.0626099308246728,-0.802312896663528,-0.0349624058053634));
#9289=CARTESIAN_POINT('',(0.063817971224746,-0.802751159517176,-0.0366905639214099));
#9290=CARTESIAN_POINT('',(0.0643051581096098,-0.798313678052916,-0.0375312970401858));
#9291=CARTESIAN_POINT('',(0.0652914115345559,-0.793860400000394,-0.0384045171972956));
#9292=CARTESIAN_POINT('',(0.0669691878916724,-0.789827859482073,-0.0396531598391438));
#9293=CARTESIAN_POINT('',(0.0677729333605413,-0.787896054831302,-0.0402513270867422));
#9294=CARTESIAN_POINT('',(0.0687572541601336,-0.786032635400655,-0.0409444954197011));
#9295=CARTESIAN_POINT('',(0.069987575451418,-0.784443753732718,-0.0417796269117855));
#9296=CARTESIAN_POINT('',(0.083294912552633,-0.80520001419438,-0.0391128574239788));
#9297=CARTESIAN_POINT('',(0.0484149580556836,-0.763421238614686,-0.050556817902894));
#9298=CARTESIAN_POINT('',(0.0530554944315932,-0.77664512546102,-0.0461128797098876));
#9299=CARTESIAN_POINT('',(0.0570798968770944,-0.789869012307354,-0.0410264370500248));
#9300=CARTESIAN_POINT('',(0.060337303567439,-0.803092899153688,-0.0354881641989367));
#9301=CARTESIAN_POINT('',(0.0723697733306755,-0.78351176656802,-0.042674872501385));
#9302=CARTESIAN_POINT('',(0.0697302774134578,-0.777444476766042,-0.0448304436860575));
#9303=CARTESIAN_POINT('',(0.0668759814374491,-0.771403552857546,-0.0467996503546828));
#9304=CARTESIAN_POINT('',(0.0639239981234593,-0.765388731211893,-0.0486793169355697));
#9305=CARTESIAN_POINT('',(0.0733323096095365,-0.808900536362305,-0.0530451954312867));
#9306=CARTESIAN_POINT('',(0.0610584362411279,-0.755768511178455,-0.0495960385669998));
#9307=CARTESIAN_POINT('',(0.0610584362411279,-0.741987220668673,-0.0495960385669998));
#9308=CARTESIAN_POINT('',(0.0610584362411279,-0.728205930158892,-0.0495960385669998));
#9309=CARTESIAN_POINT('',(0.0610584362411279,-0.71442463964911,-0.0495960385669998));
#9310=CARTESIAN_POINT('',(0.0609728110454137,-0.71442463964911,-0.0499399152690047));
#9311=CARTESIAN_POINT('',(0.0478133671593749,-0.714424778928398,-0.0511261373553957));
#9312=CARTESIAN_POINT('',(0.0478133671593749,-0.730768371543036,-0.0511261373553957));
#9313=CARTESIAN_POINT('',(0.0478133671593749,-0.747111964157674,-0.0511261373553957));
#9314=CARTESIAN_POINT('',(0.0478133671593749,-0.763455556772311,-0.0511261373553957));
#9315=CARTESIAN_POINT('',(0.0487808161769077,-0.714424778928398,-0.0504334581500034));
#9316=CARTESIAN_POINT('',(0.0488818057732248,-0.714424528928398,-0.0507411691548559));
#9317=CARTESIAN_POINT('',(0.0527020103482158,-0.714424528928398,-0.0494873923586773));
#9318=CARTESIAN_POINT('',(0.0569072908984431,-0.714424528928398,-0.0494361304433093));
#9319=CARTESIAN_POINT('',(0.0607569225931432,-0.714424528928398,-0.0505964127643754));
#9320=CARTESIAN_POINT('',(0.0550493208164009,-0.738912027185834,-0.0695333251877963));
#9321=CARTESIAN_POINT('',(0.0679540454866658,-0.704424528928398,-0.042216660531631));
#9322=CARTESIAN_POINT('',(0.0626018368811786,-0.704424528928398,-0.0434744761531825));
#9323=CARTESIAN_POINT('',(0.0541174533536435,-0.704424528928398,-0.0447703963802204));
#9324=CARTESIAN_POINT('',(0.0501002137755392,-0.704424528928398,-0.0488873048924281));
#9325=CARTESIAN_POINT('',(0.0679540447583116,-0.704424534777635,-0.04221665469367));
#9326=CARTESIAN_POINT('',(0.0610584362414604,-0.71442463661683,-0.049596038566525));
#9327=CARTESIAN_POINT('',(0.0610584059751553,-0.709524603112962,-0.0495960817912883));
#9328=CARTESIAN_POINT('',(0.0655265393892657,-0.70442453080795,-0.0466434006750194));
#9329=CARTESIAN_POINT('',(0.0679540416111069,-0.704424528928399,-0.0422166521120289));
#9330=CARTESIAN_POINT('',(0.0501002137754902,-0.704424528927643,-0.0488873048924786));
#9331=CARTESIAN_POINT('',(0.0490031289475368,-0.7074932025646,-0.0500116087282331));
#9332=CARTESIAN_POINT('',(0.0484073378940158,-0.710974223911468,-0.0505641141325997));
#9333=CARTESIAN_POINT('',(0.0484073378929153,-0.714424528928398,-0.0505641141336533));
#9334=CARTESIAN_POINT('',(0.0680712719884311,-0.704425010916936,-0.0421786783291388));
#9335=CARTESIAN_POINT('',(0.0640382567191983,-0.704422495561613,-0.0396861918030843));
#9336=CARTESIAN_POINT('',(0.0595228411127247,-0.699166271912642,-0.0368379334930378));
#9337=CARTESIAN_POINT('',(0.0595461026023871,-0.694425402843426,-0.0368002943573884));
#9338=CARTESIAN_POINT('',(0.0655621041748988,-0.704373575581502,-0.0468099850858462));
#9339=CARTESIAN_POINT('',(0.0617985427034665,-0.704518006371595,-0.0437484058525896));
#9340=CARTESIAN_POINT('',(0.0560098382341175,-0.69916108193063,-0.0425113207406263));
#9341=CARTESIAN_POINT('',(0.0547351682858823,-0.694327816066149,-0.0445847890388657));
#9342=CARTESIAN_POINT('',(0.0611208584134753,-0.70915738390453,-0.0496397474478659));
#9343=CARTESIAN_POINT('',(0.0576341489253148,-0.70870734740958,-0.0471983045389123));
#9344=CARTESIAN_POINT('',(0.051482001496875,-0.706158891131144,-0.047620598113471));
#9345=CARTESIAN_POINT('',(0.048407337896281,-0.703874124973683,-0.0505641141304328));
#9346=CARTESIAN_POINT('',(0.0611208326889956,-0.714424528928398,-0.0496397294353537));
#9347=CARTESIAN_POINT('',(0.0576355600386102,-0.714424528928398,-0.0471992926131924));
#9348=CARTESIAN_POINT('',(0.0514807344797904,-0.714424528928398,-0.0476218110871374));
#9349=CARTESIAN_POINT('',(0.0484073378929151,-0.714424528928398,-0.0505641141336531));
#9350=CARTESIAN_POINT('',(0.00258367774000074,-0.704424528928398,0.0799582599471942));
#9351=CARTESIAN_POINT('',(0.00634908232433731,-0.704424528928398,0.0759520191389751));
#9352=CARTESIAN_POINT('',(0.0117135739259868,-0.704424528928398,0.0692522875824749));
#9353=CARTESIAN_POINT('',(0.0172875410716286,-0.704424528928398,0.067831710310862));
#9354=CARTESIAN_POINT('',(0.00258367305826283,-0.704424534777636,0.0799582565106678));
#9355=CARTESIAN_POINT('',(0.0124222112024175,-0.714424778928398,0.0776761761839413));
#9356=CARTESIAN_POINT('',(0.012422333243635,-0.709524483125669,0.0776761655067183));
#9357=CARTESIAN_POINT('',(0.00763114335970919,-0.704424530807965,0.0800693490207388));
#9358=CARTESIAN_POINT('',(0.00258367238619274,-0.704424528928399,0.0799582523810634));
#9359=CARTESIAN_POINT('',(0.0125333556404422,-0.714424778928398,0.0776830877906677));
#9360=CARTESIAN_POINT('',(0.0124222150045141,-0.714424528928398,0.0776762196051581));
#9361=CARTESIAN_POINT('',(0.0120535828383811,-0.714424528928398,0.0734629461802778));
#9362=CARTESIAN_POINT('',(0.0155256936046405,-0.714424528928398,0.0683874290825236));
#9363=CARTESIAN_POINT('',(0.0195861384131421,-0.714424528928398,0.067204041411668));
#9364=CARTESIAN_POINT('',(0.0194307750667895,-0.714424528928398,0.0672445970319366));
#9365=CARTESIAN_POINT('',(0.0172875410716969,-0.704424528927643,0.0678317103108449));
#9366=CARTESIAN_POINT('',(0.0188097591683109,-0.707493202563191,0.067443758897786));
#9367=CARTESIAN_POINT('',(0.0195861384117609,-0.710974223910694,0.0672040414120708));
#9368=CARTESIAN_POINT('',(0.0195861384131422,-0.714424528928398,0.0672040414116682));
#9369=CARTESIAN_POINT('',(0.00249018114443095,-0.704424975682373,0.0799744079523569));
#9370=CARTESIAN_POINT('',(0.00234879539303979,-0.704422472071904,0.075257598353028));
#9371=CARTESIAN_POINT('',(0.002140959163155,-0.699144135550318,0.0699672654445456));
#9372=CARTESIAN_POINT('',(0.00209693847904716,-0.694425402843426,0.0699685847287166));
#9373=CARTESIAN_POINT('',(0.00774680340897376,-0.704375598737333,0.0801163411682168));
#9374=CARTESIAN_POINT('',(0.00698077233256636,-0.704519355141974,0.0753485780806914));
#9375=CARTESIAN_POINT('',(0.00882232496077622,-0.699138514143196,0.0697612895441581));
#9376=CARTESIAN_POINT('',(0.0112439757870797,-0.694327816066161,0.0696944407354219));
#9377=CARTESIAN_POINT('',(0.0124236562757256,-0.709151079888892,0.0776926925837914));
#9378=CARTESIAN_POINT('',(0.0120543917207835,-0.708703144732486,0.0734721912133718));
#9379=CARTESIAN_POINT('',(0.0155187278631934,-0.706148222958123,0.0683894591988491));
#9380=CARTESIAN_POINT('',(0.0195861384089194,-0.703874124973682,0.0672040414128999));
#9381=CARTESIAN_POINT('',(0.0124236556800916,-0.714424528928398,0.0776926857757261));
#9382=CARTESIAN_POINT('',(0.0120545432887661,-0.714424528928398,0.0734739236273231));
#9383=CARTESIAN_POINT('',(0.0155204039743019,-0.714424528928398,0.0683889707075477));
#9384=CARTESIAN_POINT('',(0.0195861384131421,-0.714424528928398,0.067204041411668));
#9385=CARTESIAN_POINT('',(0.0124222112055307,-0.75576329053709,0.077676176183669));
#9386=CARTESIAN_POINT('',(0.0124222112055307,-0.741983786667526,0.077676176183669));
#9387=CARTESIAN_POINT('',(0.0124222112055307,-0.728204282797962,0.077676176183669));
#9388=CARTESIAN_POINT('',(0.0124222112055307,-0.714424778928398,0.077676176183669));
#9389=CARTESIAN_POINT('',(0.0157601449376853,-0.714424528928398,0.068202768216823));
#9390=CARTESIAN_POINT('',(0.032384724541111,-0.738912027169896,0.0789175612965942));
#9391=CARTESIAN_POINT('',(0.0195564547031241,-0.763463239213215,0.0672126854056929));
#9392=CARTESIAN_POINT('',(0.0148057788265368,-0.773659710968901,0.0685949598532756));
#9393=CARTESIAN_POINT('',(0.00546026859930377,-0.793161145676335,0.0699999978545948));
#9394=CARTESIAN_POINT('',(2.75039104098017E-8,-0.804240196794109,0.0699999999999945));
#9395=CARTESIAN_POINT('',(1.65063001746579E-10,-0.804240182536807,0.0700000012132075));
#9396=CARTESIAN_POINT('',(4.12273697472654E-6,-0.783947532422266,0.0810563048806808));
#9397=CARTESIAN_POINT('',(0.00335967118545314,-0.777843970143336,0.0807032083847282));
#9398=CARTESIAN_POINT('',(0.00672252945130201,-0.771680249796136,0.0801295516132479));
#9399=CARTESIAN_POINT('',(0.0100920641260488,-0.765456054847965,0.0793354241761859));
#9400=CARTESIAN_POINT('',(8.16149854112075E-7,-0.783946023230504,0.0810568247624687));
#9401=CARTESIAN_POINT('',(7.71286401092947E-11,-0.783945853065044,0.0810568794260283));
#9402=CARTESIAN_POINT('',(4.76364721667786E-9,-0.781528319699508,0.0733491920948734));
#9403=CARTESIAN_POINT('',(5.78950893841425E-9,-0.796110895041522,0.070000081459669));
#9404=CARTESIAN_POINT('',(4.26468479524809E-10,-0.804240153893372,0.0700000012154067));
#9405=CARTESIAN_POINT('',(-0.000120303558712407,-0.804484314601029,0.069999896621736));
#9406=CARTESIAN_POINT('',(-0.0102674488340433,-0.798767100717992,0.069982457486162));
#9407=CARTESIAN_POINT('',(-0.00875208660879525,-0.799632050637072,0.081497965938257));
#9408=CARTESIAN_POINT('',(0.00664775840647267,-0.790756007224796,0.070011528380914));
#9409=CARTESIAN_POINT('',(-0.00304699582104376,-0.786192753978237,0.070931237316112));
#9410=CARTESIAN_POINT('',(-0.00101676411928043,-0.785909470327284,0.0815320779403709));
#9411=CARTESIAN_POINT('',(0.013282163708285,-0.776936270246613,0.069053024459767));
#9412=CARTESIAN_POINT('',(0.00450358916449012,-0.772692808619019,0.070803426613636));
#9413=CARTESIAN_POINT('',(0.00656539152722275,-0.772096345921118,0.0804575654787789));
#9414=CARTESIAN_POINT('',(0.0197003220676703,-0.763154381337084,0.067170658106275));
#9415=CARTESIAN_POINT('',(0.0120500268657269,-0.758732483569159,0.069414394934825));
#9416=CARTESIAN_POINT('',(0.0138993892983201,-0.758324729371538,0.078332250428715));
#9417=CARTESIAN_POINT('',(-0.0100455633394296,-0.765542833178557,0.0793463969649881));
#9418=CARTESIAN_POINT('',(-0.00670936633085676,-0.771683969165848,0.079914379628763));
#9419=CARTESIAN_POINT('',(-0.00335623706959798,-0.777815623590008,0.0804854226623491));
#9420=CARTESIAN_POINT('',(1.3772209863424E-5,-0.783937700172244,0.081059514796366));
#9421=CARTESIAN_POINT('',(-2.74351898903854E-8,-0.80424019692294,0.0699999999999945));
#9422=CARTESIAN_POINT('',(-0.00544449487577748,-0.793193151194078,0.0699999978661374));
#9423=CARTESIAN_POINT('',(-0.0147733123941495,-0.773726636588623,0.0685980419867258));
#9424=CARTESIAN_POINT('',(-0.0194732339773617,-0.763641833341558,0.0672368437574438));
#9425=CARTESIAN_POINT('',(0.0087520766728699,-0.799632033001907,0.081497965988379));
#9426=CARTESIAN_POINT('',(0.00941017401766655,-0.799256399578732,0.0764969678947208));
#9427=CARTESIAN_POINT('',(0.00452704044799931,-0.802001400959554,0.0699923261554699));
#9428=CARTESIAN_POINT('',(0.000120299196250917,-0.804484294519116,0.0699998966292352));
#9429=CARTESIAN_POINT('',(0.000601739061193766,-0.785173209190989,0.0815339071488681));
#9430=CARTESIAN_POINT('',(0.00137058380989985,-0.785028887311735,0.0767202073083658));
#9431=CARTESIAN_POINT('',(-0.00274710163308979,-0.787664290363359,0.0704537865054968));
#9432=CARTESIAN_POINT('',(-0.00701088204886301,-0.79001943765582,0.0700121520098158));
#9433=CARTESIAN_POINT('',(-0.00735278625081606,-0.770617793794999,0.0802293868994622));
#9434=CARTESIAN_POINT('',(-0.00650101357974345,-0.770668067907372,0.0756345293696093));
#9435=CARTESIAN_POINT('',(-0.00995312510048078,-0.773201514444003,0.0696803172498038));
#9436=CARTESIAN_POINT('',(-0.013971228262472,-0.775456612208766,0.0688509300971962));
#9437=CARTESIAN_POINT('',(-0.0150804496267595,-0.756106960766611,0.0779899916109289));
#9438=CARTESIAN_POINT('',(-0.0141586386831122,-0.756335016156278,0.0736328543277899));
#9439=CARTESIAN_POINT('',(-0.0170098407796961,-0.758770284969848,0.0680227209856587));
#9440=CARTESIAN_POINT('',(-0.0207338927206605,-0.760934956505762,0.0668675246827525));
#9441=CARTESIAN_POINT('',(-0.0157600615591724,-0.76353376404506,0.0682027892365927));
#9442=CARTESIAN_POINT('',(-0.0157600615591724,-0.747164019006173,0.0682027892365927));
#9443=CARTESIAN_POINT('',(-0.0157600615591724,-0.730794273967285,0.0682027892365927));
#9444=CARTESIAN_POINT('',(-0.0157600615591724,-0.714424528928398,0.0682027892365927));
#9445=CARTESIAN_POINT('',(-0.0194307342629466,-0.714424528928398,0.0672445986843145));
#9446=CARTESIAN_POINT('',(-0.012681631063634,-0.738912027171567,0.0806413587301648));
#9447=CARTESIAN_POINT('',(-0.0125144004017525,-0.714424778928398,0.077220614198203));
#9448=CARTESIAN_POINT('',(-0.012678101492858,-0.714424528928398,0.0772345944487446));
#9449=CARTESIAN_POINT('',(-0.0130460912714096,-0.714424528928398,0.0729256353267072));
#9450=CARTESIAN_POINT('',(-0.0148747577161765,-0.714424528928398,0.0687545413507479));
#9451=CARTESIAN_POINT('',(-0.0177945170791555,-0.714424528928398,0.0655643140148353));
#9452=CARTESIAN_POINT('',(-0.0323847245513476,-0.738912027171567,0.0789175614135984));
#9453=CARTESIAN_POINT('',(-0.0172875410716287,-0.704424528928398,0.067831710310862));
#9454=CARTESIAN_POINT('',(-0.0117142748305718,-0.704424528928398,0.0692521089504348));
#9455=CARTESIAN_POINT('',(-0.00700812732296017,-0.704424528928398,0.0752508214573464));
#9456=CARTESIAN_POINT('',(-0.00258367773999833,-0.704424528928398,0.0799582599471969));
#9457=CARTESIAN_POINT('',(-0.00258367305826282,-0.704424534777635,0.0799582565106821));
#9458=CARTESIAN_POINT('',(-0.0195861384131422,-0.714424528928398,0.0672040414116682));
#9459=CARTESIAN_POINT('',(-0.0195861384117242,-0.710950918601124,0.0672040414120815));
#9460=CARTESIAN_POINT('',(-0.0188065406126003,-0.70748671420447,0.0674445791765876));
#9461=CARTESIAN_POINT('',(-0.0172875410716908,-0.70442452892763,0.0678317103108464));
#9462=CARTESIAN_POINT('',(-0.00258367314455929,-0.704424528928399,0.0799582523977602));
#9463=CARTESIAN_POINT('',(-0.00765069299277161,-0.704424531195125,0.0800697791305));
#9464=CARTESIAN_POINT('',(-0.0124222112055307,-0.70953399307831,0.0776761761836691));
#9465=CARTESIAN_POINT('',(-0.0124222112055307,-0.714424528928398,0.0776761761836691));
#9466=CARTESIAN_POINT('',(-0.00209591326457056,-0.694422461498338,0.0699686158830844));
#9467=CARTESIAN_POINT('',(-0.00218968662756007,-0.70442272965179,0.0699628531753107));
#9468=CARTESIAN_POINT('',(-0.00248914905031129,-0.704424972423943,0.0799590778136772));
#9469=CARTESIAN_POINT('',(-0.00438312474113896,-0.694397894818878,0.0699001023522769));
#9470=CARTESIAN_POINT('',(-0.00317482850541953,-0.70448825113474,0.0699302386554848));
#9471=CARTESIAN_POINT('',(-0.00380283766076361,-0.704412669101493,0.0799945607611871));
#9472=CARTESIAN_POINT('',(-0.00671805490142541,-0.694905469778758,0.0697093886688186));
#9473=CARTESIAN_POINT('',(-0.00414028161004021,-0.704670543305232,0.0699195301371138));
#9474=CARTESIAN_POINT('',(-0.00513734317044401,-0.704666438457541,0.0798932885346343));
#9475=CARTESIAN_POINT('',(-0.0109413221423526,-0.696881190799983,0.0691723835255413));
#9476=CARTESIAN_POINT('',(-0.00614265091609364,-0.705380631786454,0.0698924249508841));
#9477=CARTESIAN_POINT('',(-0.00754207839085518,-0.705654221104343,0.0794915038155353));
#9478=CARTESIAN_POINT('',(-0.0128898724409552,-0.698369122820622,0.0688225467827804));
#9479=CARTESIAN_POINT('',(-0.00719874452706333,-0.705926422815612,0.0698679097831173));
#9480=CARTESIAN_POINT('',(-0.00864649670572912,-0.706398125659788,0.0791899348608484));
#9481=CARTESIAN_POINT('',(-0.0152974969246986,-0.701134331623616,0.0683129532321136));
#9482=CARTESIAN_POINT('',(-0.00868062602525194,-0.707174743521447,0.0697873316024202));
#9483=CARTESIAN_POINT('',(-0.0100072417243902,-0.707780564691588,0.0787292807946464));
#9484=CARTESIAN_POINT('',(-0.0160309724458457,-0.702163078672982,0.0681427209754251));
#9485=CARTESIAN_POINT('',(-0.00915877748684876,-0.707662876903983,0.0697541215637149));
#9486=CARTESIAN_POINT('',(-0.0104210387995394,-0.708294870055359,0.0785718842945357));
#9487=CARTESIAN_POINT('',(-0.0172935204083272,-0.704343969330056,0.0678333004772924));
#9488=CARTESIAN_POINT('',(-0.0100137936790327,-0.708759013061169,0.0696838861349256));
#9489=CARTESIAN_POINT('',(-0.0111324958249241,-0.709385155058632,0.0782822895030126));
#9490=CARTESIAN_POINT('',(-0.0178270722009136,-0.705496679639049,0.0676934229131092));
#9491=CARTESIAN_POINT('',(-0.0103943586927791,-0.709365950301126,0.0696470020214452));
#9492=CARTESIAN_POINT('',(-0.0114327003855289,-0.709961418216549,0.0781495287574496));
#9493=CARTESIAN_POINT('',(-0.0191349812035341,-0.709144748463701,0.0673399462645256));
#9494=CARTESIAN_POINT('',(-0.0113413712151278,-0.711346607996373,0.0695472510425143));
#9495=CARTESIAN_POINT('',(-0.0121680687086059,-0.711785142165488,0.0778120320077721));
#9496=CARTESIAN_POINT('',(-0.0195886823207352,-0.711786476286226,0.0672033003735085));
#9497=CARTESIAN_POINT('',(-0.0117044603656806,-0.712889064773513,0.0694988347780258));
#9498=CARTESIAN_POINT('',(-0.0124224576492055,-0.713105755042357,0.0776789884765853));
#9499=CARTESIAN_POINT('',(-0.0195886820595299,-0.714424528928398,0.067203300449635));
#9500=CARTESIAN_POINT('',(-0.0117044601122986,-0.714424528928398,0.0694988346178707));
#9501=CARTESIAN_POINT('',(-0.0124224576238146,-0.714424528928398,0.0776789881863683));
#9502=CARTESIAN_POINT('',(-0.048407338165232,-0.714424528928398,-0.0505641138729518));
#9503=CARTESIAN_POINT('',(-0.0514454223073258,-0.714424528928398,-0.0476556172635633));
#9504=CARTESIAN_POINT('',(-0.0575295947875092,-0.714424528928398,-0.0471617477407635));
#9505=CARTESIAN_POINT('',(-0.0610004828485291,-0.714424528928398,-0.0495557631803888));
#9506=CARTESIAN_POINT('',(-0.0484602258976256,-0.714424778928398,-0.0507151596023881));
#9507=CARTESIAN_POINT('',(-0.0608051200206979,-0.714424531629015,-0.0498390044203005));
#9508=CARTESIAN_POINT('',(-0.0685349400226851,-0.70647303095992,-0.0413870432033869));
#9509=CARTESIAN_POINT('',(-0.0670783806636301,-0.708032539022068,-0.0442179132979511));
#9510=CARTESIAN_POINT('',(-0.0628969578309154,-0.713097343217095,-0.0469703576231927));
#9511=CARTESIAN_POINT('',(-0.0622334061989933,-0.715437299604775,-0.0479180075636928));
#9512=CARTESIAN_POINT('',(-0.0679540448514017,-0.704424534777635,-0.042216654758857));
#9513=CARTESIAN_POINT('',(-0.0501002137755393,-0.704424528928398,-0.0488873048924281));
#9514=CARTESIAN_POINT('',(-0.0541169482012478,-0.704424528928398,-0.0447709140656003));
#9515=CARTESIAN_POINT('',(-0.0616650593750901,-0.704424528928398,-0.0436946270231573));
#9516=CARTESIAN_POINT('',(-0.067954045486655,-0.704424528928398,-0.0422166605316335));
#9517=CARTESIAN_POINT('',(-0.0484073378929153,-0.714424778928426,-0.0505641141336533));
#9518=CARTESIAN_POINT('',(-0.0484073378939859,-0.710950918833986,-0.0505641141326284));
#9519=CARTESIAN_POINT('',(-0.0490054225920944,-0.707486786974474,-0.0500092581776576));
#9520=CARTESIAN_POINT('',(-0.0501002137754948,-0.70442452892763,-0.048887304892474));
#9521=CARTESIAN_POINT('',(-0.0595464831805682,-0.694351542998321,-0.0367997191971252));
#9522=CARTESIAN_POINT('',(-0.0595220475794758,-0.699089212222485,-0.0368365976082433));
#9523=CARTESIAN_POINT('',(-0.063971468124431,-0.70442392058634,-0.0396449311673849));
#9524=CARTESIAN_POINT('',(-0.0680017450037576,-0.704424967074089,-0.0421357092149286));
#9525=CARTESIAN_POINT('',(-0.0547153269596575,-0.694252517123534,-0.0446171064057124));
#9526=CARTESIAN_POINT('',(-0.0559880073138972,-0.699082495376269,-0.0425441214662956));
#9527=CARTESIAN_POINT('',(-0.0617366786649131,-0.70452191726305,-0.0436971067822643));
#9528=CARTESIAN_POINT('',(-0.0654972222747984,-0.704376064992965,-0.046757205324015));
#9529=CARTESIAN_POINT('',(-0.0483594471094742,-0.703838528772635,-0.0506099859967909));
#9530=CARTESIAN_POINT('',(-0.0514313420259381,-0.70612181432886,-0.0476675610469766));
#9531=CARTESIAN_POINT('',(-0.0575769900115758,-0.708700504458159,-0.0471568389377735));
#9532=CARTESIAN_POINT('',(-0.0610607492525265,-0.709149625321296,-0.0495976586413781));
#9533=CARTESIAN_POINT('',(-0.0483594668647958,-0.714424528928398,-0.050609967084114));
#9534=CARTESIAN_POINT('',(-0.0514300943612511,-0.714424528928398,-0.0476687554936712));
#9535=CARTESIAN_POINT('',(-0.0575784264159167,-0.714424528928398,-0.0471578447216348));
#9536=CARTESIAN_POINT('',(-0.0610607482975141,-0.714424528928398,-0.049597657972672));
#9537=CARTESIAN_POINT('',(-0.0478133561688964,-0.763304779607058,-0.0511261475996221));
#9538=CARTESIAN_POINT('',(-0.0610584362411281,-0.714424528928398,-0.0495960385669995));
#9539=CARTESIAN_POINT('',(-0.0610584362411281,-0.728205856334776,-0.0495960385669995));
#9540=CARTESIAN_POINT('',(-0.0610584362411281,-0.741987183741154,-0.0495960385669995));
#9541=CARTESIAN_POINT('',(-0.0610584362411281,-0.755768511147533,-0.0495960385669995));
#9542=CARTESIAN_POINT('',(-0.0550493208168277,-0.738912027170042,-0.0695333251880947));
#9543=CARTESIAN_POINT('',(-0.0638700442987489,-0.765276975050197,-0.0487144980185405));
#9544=CARTESIAN_POINT('',(-0.0671318961127713,-0.772040383525538,-0.0465935755395009));
#9545=CARTESIAN_POINT('',(-0.0700077004963129,-0.77818730772846,-0.0445553455387921));
#9546=CARTESIAN_POINT('',(-0.072490790379597,-0.783723342452246,-0.042607682815673));
#9547=CARTESIAN_POINT('',(-0.0700920023281946,-0.784267586719328,-0.0410964092533346));
#9548=CARTESIAN_POINT('',(-0.0601580838259046,-0.802353637172591,-0.0357911294931499));
#9549=CARTESIAN_POINT('',(-0.0569270522749968,-0.789352763963968,-0.0412218792246121));
#9550=CARTESIAN_POINT('',(-0.0529564589937343,-0.776351890755345,-0.0462119687783767));
#9551=CARTESIAN_POINT('',(-0.0483903322825246,-0.763351017546722,-0.0505803889030803));
#9552=CARTESIAN_POINT('',(-0.0612802755230098,-0.802441880293726,-0.0366700273700429));
#9553=CARTESIAN_POINT('',(-0.0638206620702609,-0.802726713459504,-0.0366951959680388));
#9554=CARTESIAN_POINT('',(-0.0643086522519111,-0.798300286583791,-0.0375339191835584));
#9555=CARTESIAN_POINT('',(-0.0652932961108745,-0.793858698872439,-0.0384057025120329));
#9556=CARTESIAN_POINT('',(-0.0669660305292952,-0.789835451938221,-0.0396508087755328));
#9557=CARTESIAN_POINT('',(-0.0677611282781302,-0.78792308943454,-0.0402426428265734));
#9558=CARTESIAN_POINT('',(-0.0687328694741876,-0.786078309879982,-0.0409273560022698));
#9559=CARTESIAN_POINT('',(-0.0699447538399923,-0.784499301227208,-0.0417505487367138));
#9560=CARTESIAN_POINT('',(-0.0733323066028916,-0.808900522123249,-0.0530452003663572));
#9561=CARTESIAN_POINT('',(-0.0679815118388013,-0.763503098565478,-0.0166887401594878));
#9562=CARTESIAN_POINT('',(-0.0664474308627485,-0.776745730593715,-0.0229378124704333));
#9563=CARTESIAN_POINT('',(-0.0640464267456028,-0.789988362621952,-0.0289734280040978));
#9564=CARTESIAN_POINT('',(-0.0608687665040654,-0.803230994650189,-0.0345686746097323));
#9565=CARTESIAN_POINT('',(-0.0692750655565395,-0.784466697932158,-0.0404937285093934));
#9566=CARTESIAN_POINT('',(-0.0701942408821824,-0.778296807711697,-0.0372093985090705));
#9567=CARTESIAN_POINT('',(-0.070916914024438,-0.772057007233595,-0.0338004995719738));
#9568=CARTESIAN_POINT('',(-0.0714715405502205,-0.765691617994815,-0.0302449710437927));
#9569=CARTESIAN_POINT('',(-0.0832949173290876,-0.805199992537316,-0.0391128463007491));
#9570=CARTESIAN_POINT('',(-0.0734806474466585,-0.714424528928398,-0.028080137616669));
#9571=CARTESIAN_POINT('',(-0.0734806474466584,-0.714424528928398,-0.0280801376166693));
#9572=CARTESIAN_POINT('',(-0.0679934763060573,-0.704424528928398,-0.0166399272780151));
#9573=CARTESIAN_POINT('',(-0.0679934763060573,-0.714424528928398,-0.0166399272780151));
#9574=CARTESIAN_POINT('',(-0.0777068300640655,-0.714424528928398,-0.0190170597463031));
#9575=CARTESIAN_POINT('',(-0.0777068300640654,-0.704424528928398,-0.0190170597463031));
#9576=CARTESIAN_POINT('',(-0.0705377232266677,-0.704424528928398,-0.037741599415555));
#9577=CARTESIAN_POINT('',(-0.0689509192052793,-0.704424528928398,-0.0324775429868653));
#9578=CARTESIAN_POINT('',(-0.065831027279564,-0.704424528928398,-0.0244818912023607));
#9579=CARTESIAN_POINT('',(-0.067387754847168,-0.704424528928398,-0.0189444054184341));
#9580=CARTESIAN_POINT('',(-0.0705377179096744,-0.704424534777635,-0.0377416017517974));
#9581=CARTESIAN_POINT('',(-0.0734806474466585,-0.714424528928398,-0.0280801376166691));
#9582=CARTESIAN_POINT('',(-0.0734806474466585,-0.709524693901103,-0.0280801376166691));
#9583=CARTESIAN_POINT('',(-0.0731576226504416,-0.704424530807939,-0.0334259753117276));
#9584=CARTESIAN_POINT('',(-0.0705377139972942,-0.704424528928399,-0.037741600269024));
#9585=CARTESIAN_POINT('',(-0.0673877548471852,-0.70442452892763,-0.0189444054183725));
#9586=CARTESIAN_POINT('',(-0.0678128881161554,-0.707493202561778,-0.0174321501707645));
#9587=CARTESIAN_POINT('',(-0.0679934763057134,-0.710974223911333,-0.0166399272794198));
#9588=CARTESIAN_POINT('',(-0.0679934763060572,-0.714424528928398,-0.0166399272780151));
#9589=CARTESIAN_POINT('',(-0.0704884400975379,-0.70442497124996,-0.0378224051984367));
#9590=CARTESIAN_POINT('',(-0.0616870372035048,-0.704419634817916,-0.0330865266888006));
#9591=CARTESIAN_POINT('',(-0.0616425682058698,-0.69442541351942,-0.0331691691934651));
#9592=CARTESIAN_POINT('',(-0.0711759558965276,-0.704412691926383,-0.0367025421680119));
#9593=CARTESIAN_POINT('',(-0.0621516326155212,-0.704485092506012,-0.0322166371197095));
#9594=CARTESIAN_POINT('',(-0.0627266571908072,-0.694400861221688,-0.031154466057385));
#9595=CARTESIAN_POINT('',(-0.071755462761532,-0.704666439259224,-0.0354962988432425));
#9596=CARTESIAN_POINT('',(-0.0626252715486803,-0.704667516491409,-0.0313746696741145));
#9597=CARTESIAN_POINT('',(-0.0637288028823452,-0.694908349600354,-0.0290373776548321));
#9598=CARTESIAN_POINT('',(-0.072609867884639,-0.705654134696303,-0.0332129924757083));
#9599=CARTESIAN_POINT('',(-0.0636031023533258,-0.705378119575647,-0.0296261865933182));
#9600=CARTESIAN_POINT('',(-0.0653751707154498,-0.696883737740772,-0.0251120821879021));
#9601=CARTESIAN_POINT('',(-0.0729009429451245,-0.706397975115068,-0.032105796565213));
#9602=CARTESIAN_POINT('',(-0.0641098658692485,-0.705924282990806,-0.0286989959301222));
#9603=CARTESIAN_POINT('',(-0.0660464215818664,-0.698371416568027,-0.0232499710992301));
#9604=CARTESIAN_POINT('',(-0.0731824496222817,-0.707780367786326,-0.0306970363669899));
#9605=CARTESIAN_POINT('',(-0.0647808821093572,-0.707173130077986,-0.0273750483002973));
#9606=CARTESIAN_POINT('',(-0.0668088731942511,-0.701136200458777,-0.02091045677372));
#9607=CARTESIAN_POINT('',(-0.0732530667432175,-0.708294663352187,-0.0302599744112865));
#9608=CARTESIAN_POINT('',(-0.0649911415458186,-0.707661439813534,-0.0269442714783476));
#9609=CARTESIAN_POINT('',(-0.067028178613018,-0.702164791284081,-0.0201902353715871));
#9610=CARTESIAN_POINT('',(-0.073358053457583,-0.709384947905769,-0.0294990195166156));
#9611=CARTESIAN_POINT('',(-0.0653577166850469,-0.708757905711089,-0.0261685673311651));
#9612=CARTESIAN_POINT('',(-0.0673914801376009,-0.704345360378672,-0.0189423002141261));
#9613=CARTESIAN_POINT('',(-0.0733932084258142,-0.709961220181051,-0.0291726413101416));
#9614=CARTESIAN_POINT('',(-0.0655160042309413,-0.709364997821669,-0.0258205054025333));
#9615=CARTESIAN_POINT('',(-0.0675371191141423,-0.705497905216069,-0.018410362416205));
#9616=CARTESIAN_POINT('',(-0.0734686817154046,-0.71178499440173,-0.0283670086629895));
#9617=CARTESIAN_POINT('',(-0.0659029914778537,-0.711346100185884,-0.0249504014798152));
#9618=CARTESIAN_POINT('',(-0.0678849578680813,-0.709145455237072,-0.0171011141562291));
#9619=CARTESIAN_POINT('',(-0.0734806869546017,-0.713105681645795,-0.0280801560394211));
#9620=CARTESIAN_POINT('',(-0.0660425494203128,-0.7128888110259,-0.0246117350120112));
#9621=CARTESIAN_POINT('',(-0.0679934763057944,-0.711786832059232,-0.0166399272790891));
#9622=CARTESIAN_POINT('',(-0.0734806869502627,-0.714424528928398,-0.0280801560373973));
#9623=CARTESIAN_POINT('',(-0.0660425494197674,-0.714424528928398,-0.0246117350150032));
#9624=CARTESIAN_POINT('',(-0.0679934763060573,-0.714424528928398,-0.0166399272780151));
#9625=CARTESIAN_POINT('',(0.0596773877887017,-0.704424528928398,-0.0364212721423641));
#9626=CARTESIAN_POINT('',(0.140063156147898,-0.714424528928398,-0.104915738999867));
#9627=CARTESIAN_POINT('',(0.143665856808317,-0.714424528928398,-0.0952306312725911));
#9628=CARTESIAN_POINT('',(-0.00278043738218523,-0.704424528928398,0.0186462401422739));
#9629=CARTESIAN_POINT('',(0.011665,-0.714424528928398,0.069021212500216));
#9630=CARTESIAN_POINT('',(0.00170305301908251,-0.714424528928398,0.069892769927693));
#9631=CARTESIAN_POINT('',(0.160891273304655,-0.714424528928398,-0.068840381858374));
#9632=CARTESIAN_POINT('',(0.170920373712772,-0.704424528928398,-0.0845508073727101));
#9633=CARTESIAN_POINT('',(0.156665090687248,-0.714424528928398,-0.077903459728741));
#9634=CARTESIAN_POINT('',(-0.020828117156754,-0.714424528928398,0.173756120858244));
#9635=CARTESIAN_POINT('',(0.0059760819117868,-0.704424528928398,-0.0178801439721051));
#9636=CARTESIAN_POINT('',(-0.0108661701758365,-0.714424528928398,0.17462767828572));
#9637=CARTESIAN_POINT('',(0.17463517461465,-0.704424528928398,0.076584391130317));
#9638=CARTESIAN_POINT('',(-0.0656066234251913,-0.714424528928398,-0.0244084199149631));
#9639=CARTESIAN_POINT('',(-0.0613804408077843,-0.714424528928398,-0.033471497785329));
#9640=CARTESIAN_POINT('',(-0.114734295441064,-0.714424528928398,-0.0871802797986775));
#9641=CARTESIAN_POINT('',(-0.0968237353325855,-0.714424528928398,-0.0746391705971629));
#9642=CARTESIAN_POINT('',(-0.0789131752241071,-0.714424528928398,-0.0620980613956482));
#9643=CARTESIAN_POINT('',(-0.0610026151156288,-0.714424528928398,-0.0495569521941336));
#9644=CARTESIAN_POINT('',(-0.0679540471771478,-0.704424528928398,-0.0422166514373473));
#9645=CARTESIAN_POINT('',(-0.0884158669594911,-0.704424528928398,-0.0565441718944327));
#9646=CARTESIAN_POINT('',(-0.108877686741834,-0.704424528928398,-0.070871692351518));
#9647=CARTESIAN_POINT('',(-0.129339506524178,-0.704424528928398,-0.0851992128086034));
#9648=CARTESIAN_POINT('',(-0.1024122099783,-0.724202885032336,-0.0544073481320236));
#9649=CARTESIAN_POINT('',(0.0856414105685601,-0.789566627259443,-0.0494732143766035));
#9650=CARTESIAN_POINT('',(0.0937190418626169,-0.791208798497096,-0.055087377406303));
#9651=CARTESIAN_POINT('',(0.101793343921789,-0.792852476772045,-0.060705892896587));
#9652=CARTESIAN_POINT('',(0.109864138994265,-0.794496813096641,-0.0663292464485396));
#9653=CARTESIAN_POINT('',(0.0856495003857221,-0.789572087990234,-0.0494599774942901));
#9654=CARTESIAN_POINT('',(0.0700627038169229,-0.783886556874194,-0.0404646353840134));
#9655=CARTESIAN_POINT('',(0.075257005810344,-0.785790087570243,-0.0434600300120578));
#9656=CARTESIAN_POINT('',(0.0804507683436391,-0.787692485866395,-0.0464570804592486));
#9657=CARTESIAN_POINT('',(0.0856439865661536,-0.789593757232803,-0.0494557873425565));
#9658=CARTESIAN_POINT('',(-2.50794171101187,-3.04829032401439,-3.16571959208618));
#9659=CARTESIAN_POINT('',(-0.0856520221733591,-0.789593779437727,-0.0494420094026475));
#9660=CARTESIAN_POINT('',(-0.0805797442257302,-0.787736909265456,-0.0465139199591064));
#9661=CARTESIAN_POINT('',(-0.0755085749881752,-0.785878964186708,-0.0435845909063127));
#9662=CARTESIAN_POINT('',(-0.0704385162224765,-0.78401993910578,-0.0406540264444914));
#9663=CARTESIAN_POINT('',(-0.0856583970657163,-0.789572086379783,-0.0494447231060618));
#9664=CARTESIAN_POINT('',(-0.110133160815329,-0.794550911085288,-0.0665084603570846));
#9665=CARTESIAN_POINT('',(-0.101464506238913,-0.792785360633362,-0.0604755453953586));
#9666=CARTESIAN_POINT('',(-0.0932375244527327,-0.791110382689041,-0.0547467034244065));
#9667=CARTESIAN_POINT('',(-0.0856491751899034,-0.789566609419407,-0.049459557912248));
#9668=CARTESIAN_POINT('',(-2.18913245342625,1.04540089759783,2.4580695328559));
#9669=CARTESIAN_POINT('',(2.43550190239581E-5,-0.789566626971817,0.0989042426397006));
#9670=CARTESIAN_POINT('',(0.000847547225331949,-0.791208798309246,0.108706758654467));
#9671=CARTESIAN_POINT('',(0.00167617339118498,-0.792852476684224,0.118508567697444));
#9672=CARTESIAN_POINT('',(0.00251074293547345,-0.794496813108916,0.128309758631608));
#9673=CARTESIAN_POINT('',(8.84703564617704E-6,-0.789572087744489,0.0989046301449782));
#9674=CARTESIAN_POINT('',(1.19730159298069E-5,-0.783934808119764,0.0810603907376233));
#9675=CARTESIAN_POINT('',(8.9642955540729E-6,-0.785822235818747,0.0870058271550794));
#9676=CARTESIAN_POINT('',(7.63064175613054E-6,-0.787708550220226,0.0929516181960298));
#9677=CARTESIAN_POINT('',(7.97493905000396E-6,-0.789593756657191,0.0988977600659135));
#9678=CARTESIAN_POINT('',(4.00078690900871,-3.02831701002418,-0.6227162814029));
#9679=CARTESIAN_POINT('',(-0.0856658309931352,-0.789566639298178,-0.0494310606847117));
#9680=CARTESIAN_POINT('',(-0.0945960681197223,-0.791214237263632,-0.0536332538825413));
#9681=CARTESIAN_POINT('',(-0.103528424079686,-0.792863351807223,-0.0578303539666542));
#9682=CARTESIAN_POINT('',(-0.112463233328927,-0.794513126802025,-0.0620219608197504));
#9683=CARTESIAN_POINT('',(-1.46110491850784,-3.02831632486987,3.77614007694599));
#9684=CARTESIAN_POINT('',(0.11237278526011,-0.794497007980226,-0.0619867219348051));
#9685=CARTESIAN_POINT('',(0.102926333081394,-0.792752265695035,-0.0575488335624311));
#9686=CARTESIAN_POINT('',(0.0939465385227874,-0.791094847249706,-0.0533331831309145));
#9687=CARTESIAN_POINT('',(0.0856577508028963,-0.789566596437506,-0.0494445495285977));
#9688=CARTESIAN_POINT('',(-0.971844167327612,1.04634587795926,-3.14671312107748));
#9689=CARTESIAN_POINT('',(-0.00250431669970037,-0.794497007991784,0.128311047766408));
#9690=CARTESIAN_POINT('',(-0.00162441461694349,-0.792752265591914,0.117911235334157));
#9691=CARTESIAN_POINT('',(-0.000785377650302654,-0.791094847041998,0.108026679285483));
#9692=CARTESIAN_POINT('',(-8.63923309498806E-6,-0.789566596143695,0.0989040612367986));
#9693=CARTESIAN_POINT('',(3.21105155664183,1.04634358140119,0.731714060505965));
#9694=CARTESIAN_POINT('',(-3.061515884556E-17,-1.03682310160738,0.));
#9695=CARTESIAN_POINT('',(-0.0700000000000001,-1.03682310160738,0.));
#9696=CARTESIAN_POINT('',(-3.061515884556E-17,-1.03682310160738,0.));
#9697=CARTESIAN_POINT('',(-3.061515884556E-17,-1.03682310160738,0.));
#9698=CARTESIAN_POINT('',(0.0375,-1.03682310160738,0.));
#9699=CARTESIAN_POINT('',(-3.061515884556E-17,-1.03682310160738,-0.045));
#9700=CARTESIAN_POINT('',(-3.061515884556E-17,-1.01682310160738,0.));
#9701=CARTESIAN_POINT('',(0.0375,-1.01682310160738,0.));
#9702=CARTESIAN_POINT('',(-3.061515884556E-17,-1.01682310160738,-0.055794280266039));
#9703=CARTESIAN_POINT('',(-3.061515884556E-17,-0.811774528928398,0.));
#9704=CARTESIAN_POINT('',(-3.061515884556E-17,-0.811774528928398,0.));
#9705=CARTESIAN_POINT('',(-3.061515884556E-17,-0.811774528928398,0.));
#9706=CARTESIAN_POINT('',(-3.061515884556E-17,-0.811774528928398,0.));
#9707=CARTESIAN_POINT('',(-3.061515884556E-17,-0.704424528928398,0.));
#9708=CARTESIAN_POINT('',(-3.061515884556E-17,-0.704424528928398,0.));
#9709=CARTESIAN_POINT('',(-3.061515884556E-17,-0.879041919763706,0.));
#9710=CARTESIAN_POINT('',(-3.061515884556E-17,-0.879041919763706,-0.0661201705091162));
#9711=CARTESIAN_POINT('',(-3.061515884556E-17,-0.916824528928398,0.));
#9712=CARTESIAN_POINT('',(0.210347062693855,-0.704424528928398,0.));
#9713=CARTESIAN_POINT('',(0.160891273304655,-0.828234528928398,-0.068840381858374));
#9714=CARTESIAN_POINT('',(0.011665,-0.828234528928398,0.069021212500216));
#9715=CARTESIAN_POINT('',(-0.020828117156754,-0.828234528928398,0.173756120858244));
#9716=CARTESIAN_POINT('',(-0.0656066234251913,-0.828234528928398,-0.0244084199149631));
#9717=CARTESIAN_POINT('',(0.140063156147901,-0.828234528928398,-0.104915738999869));
#9718=CARTESIAN_POINT('',(-0.0539416234251913,-0.828234528928398,-0.0446127925852531));
#9719=CARTESIAN_POINT('',(-3.061515884556E-17,-0.784724528928398,0.));
#9720=CARTESIAN_POINT('',(-3.061515884556E-17,-0.784724528928398,0.));
#9721=CARTESIAN_POINT('',(-3.061515884556E-17,-0.784724528928398,0.));
#9722=CARTESIAN_POINT('',(-3.061515884556E-17,-0.704424528928398,0.));
#9723=CARTESIAN_POINT('',(-3.061515884556E-17,-0.704424528928398,0.));
#9724=CARTESIAN_POINT('',(0.210347062693855,-0.704424528928398,0.));
#9725=CARTESIAN_POINT('',(0.210347062693855,-0.704424528928398,0.));
#9726=CARTESIAN_POINT('',(-3.061515884556E-17,-1.03682310160738,0.));
#9727=CARTESIAN_POINT('',(2.02145180503834E-16,-0.505,0.52));
#9728=CARTESIAN_POINT('',(1.97149176893021E-16,-0.581110727964793,0.52));
#9729=CARTESIAN_POINT('',(2.0769629562696E-16,-0.593055363982396,0.41));
#9730=CARTESIAN_POINT('',(2.50994993587341E-16,-0.605,0.3));
#9731=CARTESIAN_POINT('',(-0.00654498469497854,-0.505,0.52));
#9732=CARTESIAN_POINT('',(-0.00654498469497854,-0.581110738420714,0.52));
#9733=CARTESIAN_POINT('',(-0.00897064770160324,-0.593055369210357,0.41));
#9734=CARTESIAN_POINT('',(-0.0113963107082279,-0.605,0.3));
#9735=CARTESIAN_POINT('',(-0.0130898075523131,-0.505,0.519355391212057));
#9736=CARTESIAN_POINT('',(-0.0130898075523131,-0.580899347091706,0.519355391212057));
#9737=CARTESIAN_POINT('',(-0.0179410735862646,-0.592804636568566,0.409677695606029));
#9738=CARTESIAN_POINT('',(-0.0227923396202161,-0.604709926045425,0.3));
#9739=CARTESIAN_POINT('',(-0.0259282568509123,-0.505,0.516801664868589));
#9740=CARTESIAN_POINT('',(-0.0259282568509123,-0.580061716272261,0.516801664868589));
#9741=CARTESIAN_POINT('',(-0.0355376320290961,-0.591811232731563,0.408400832434295));
#9742=CARTESIAN_POINT('',(-0.0451470072072799,-0.603560749190865,0.3));
#9743=CARTESIAN_POINT('',(-0.0322215658362183,-0.505,0.51489261045898));
#9744=CARTESIAN_POINT('',(-0.0322215658362183,-0.579435487494853,0.51489261045898));
#9745=CARTESIAN_POINT('',(-0.0441633294776827,-0.591068581100697,0.40744630522949));
#9746=CARTESIAN_POINT('',(-0.056105093119147,-0.602701674706541,0.3));
#9747=CARTESIAN_POINT('',(-0.0443151206367993,-0.505,0.509883296043277));
#9748=CARTESIAN_POINT('',(-0.0443151206367993,-0.577791566533588,0.509883296043277));
#9749=CARTESIAN_POINT('',(-0.0607389250874444,-0.589119524876531,0.404941648021639));
#9750=CARTESIAN_POINT('',(-0.0771627295380894,-0.600447483219475,0.3));
#9751=CARTESIAN_POINT('',(-0.0501150674150999,-0.505,0.506783159902354));
#9752=CARTESIAN_POINT('',(-0.0501150674150999,-0.576773915932598,0.506783159902354));
#9753=CARTESIAN_POINT('',(-0.0686884133843538,-0.587913168944329,0.403391579951177));
#9754=CARTESIAN_POINT('',(-0.0872617593536077,-0.599052421956059,0.3));
#9755=CARTESIAN_POINT('',(-0.06099897918882,-0.505,0.499510762558156));
#9756=CARTESIAN_POINT('',(-0.06099897918882,-0.57438513588994,0.499510762558156));
#9757=CARTESIAN_POINT('',(-0.0836060553174637,-0.585082489520555,0.399755381279078));
#9758=CARTESIAN_POINT('',(-0.106213131446108,-0.59577984315117,0.3));
#9759=CARTESIAN_POINT('',(-0.0660826750580729,-0.505,0.495338681179237));
#9760=CARTESIAN_POINT('',(-0.0660826750580729,-0.573014066950178,0.495338681179237));
#9761=CARTESIAN_POINT('',(-0.0905738400855704,-0.583458236740417,0.397669340589618));
#9762=CARTESIAN_POINT('',(-0.115065005113068,-0.593902406530656,0.3));
#9763=CARTESIAN_POINT('',(-0.0753386811792362,-0.505,0.486082675058073));
#9764=CARTESIAN_POINT('',(-0.0753386811792362,-0.569969494346125,0.486082675058073));
#9765=CARTESIAN_POINT('',(-0.103260251728449,-0.579853349061129,0.393041337529037));
#9766=CARTESIAN_POINT('',(-0.131181822277662,-0.589737203776133,0.3));
#9767=CARTESIAN_POINT('',(-0.0795107625581553,-0.505,0.48099897918882));
#9768=CARTESIAN_POINT('',(-0.0795107625581553,-0.568296067887126,0.48099897918882));
#9769=CARTESIAN_POINT('',(-0.108978564906693,-0.577872804261048,0.39049948959441));
#9770=CARTESIAN_POINT('',(-0.138446367255231,-0.587449540634969,0.3));
#9771=CARTESIAN_POINT('',(-0.0867831599023534,-0.505,0.4701150674151));
#9772=CARTESIAN_POINT('',(-0.0867831599023534,-0.564708835212973,0.4701150674151));
#9773=CARTESIAN_POINT('',(-0.118946214574526,-0.573630307774884,0.38505753370755));
#9774=CARTESIAN_POINT('',(-0.1511092692467,-0.582551780336795,0.3));
#9775=CARTESIAN_POINT('',(-0.089883296043277,-0.505,0.4643151206368));
#9776=CARTESIAN_POINT('',(-0.089883296043277,-0.562795238853229,0.4643151206368));
#9777=CARTESIAN_POINT('',(-0.123195304594335,-0.571368521569894,0.3821575603184));
#9778=CARTESIAN_POINT('',(-0.156507313145393,-0.57994180428656,0.3));
#9779=CARTESIAN_POINT('',(-0.0948926104589799,-0.505,0.452221565836219));
#9780=CARTESIAN_POINT('',(-0.0948926104589799,-0.558797755102646,0.452221565836219));
#9781=CARTESIAN_POINT('',(-0.13006114110031,-0.566648729864472,0.376110782918109));
#9782=CARTESIAN_POINT('',(-0.16522967174164,-0.574499704626298,0.3));
#9783=CARTESIAN_POINT('',(-0.0968016648685888,-0.505,0.445928256850912));
#9784=CARTESIAN_POINT('',(-0.0968016648685888,-0.556714048816121,0.445928256850912));
#9785=CARTESIAN_POINT('',(-0.132677717815139,-0.564190882199516,0.372964128425456));
#9786=CARTESIAN_POINT('',(-0.16855377076169,-0.571667715582911,0.3));
#9787=CARTESIAN_POINT('',(-0.0993553912120569,-0.505,0.433089807552313));
#9788=CARTESIAN_POINT('',(-0.0993553912120569,-0.552453770069166,0.433089807552313));
#9789=CARTESIAN_POINT('',(-0.136177890912737,-0.559172091733854,0.366544903776157));
#9790=CARTESIAN_POINT('',(-0.173000390613418,-0.565890413398541,0.3));
#9791=CARTESIAN_POINT('',(-0.0999999999999998,-0.505,0.426544984694979));
#9792=CARTESIAN_POINT('',(-0.0999999999999998,-0.550277197608737,0.426544984694979));
#9793=CARTESIAN_POINT('',(-0.137061400746829,-0.556611220360738,0.36327249234749));
#9794=CARTESIAN_POINT('',(-0.174122801493658,-0.56294524311274,0.3));
#9795=CARTESIAN_POINT('',(-0.0999999999999998,-0.505,0.413455015305021));
#9796=CARTESIAN_POINT('',(-0.0999999999999998,-0.545908249162536,0.413455015305021));
#9797=CARTESIAN_POINT('',(-0.137061400746829,-0.551481503024898,0.356727507652511));
#9798=CARTESIAN_POINT('',(-0.174122801493658,-0.557054756887259,0.3));
#9799=CARTESIAN_POINT('',(-0.0993553912120569,-0.505,0.406910192447687));
#9800=CARTESIAN_POINT('',(-0.0993553912120569,-0.543716737063685,0.406910192447687));
#9801=CARTESIAN_POINT('',(-0.136177890912738,-0.548913161832572,0.353455096223844));
#9802=CARTESIAN_POINT('',(-0.173000390613418,-0.554109586601459,0.3));
#9803=CARTESIAN_POINT('',(-0.0968016648685888,-0.505,0.394071743149088));
#9804=CARTESIAN_POINT('',(-0.0968016648685888,-0.539396747911716,0.394071743149088));
#9805=CARTESIAN_POINT('',(-0.132677717815139,-0.543864516164403,0.347035871574544));
#9806=CARTESIAN_POINT('',(-0.16855377076169,-0.548332284417089,0.3));
#9807=CARTESIAN_POINT('',(-0.0948926104589799,-0.505,0.387778434163782));
#9808=CARTESIAN_POINT('',(-0.0948926104589799,-0.537268498828371,0.387778434163782));
#9809=CARTESIAN_POINT('',(-0.13006114110031,-0.541384397101036,0.343889217081891));
#9810=CARTESIAN_POINT('',(-0.16522967174164,-0.545500295373702,0.3));
#9811=CARTESIAN_POINT('',(-0.089883296043277,-0.505,0.375684879363201));
#9812=CARTESIAN_POINT('',(-0.089883296043277,-0.533149725095006,0.375684879363201));
#9813=CARTESIAN_POINT('',(-0.123195304594335,-0.536603960404223,0.3378424396816));
#9814=CARTESIAN_POINT('',(-0.156507313145393,-0.54005819571344,0.3));
#9815=CARTESIAN_POINT('',(-0.0867831599023534,-0.505,0.3698849325849));
#9816=CARTESIAN_POINT('',(-0.0867831599023534,-0.531159257637563,0.3698849325849));
#9817=CARTESIAN_POINT('',(-0.118946214574526,-0.534303738650384,0.33494246629245));
#9818=CARTESIAN_POINT('',(-0.1511092692467,-0.537448219663205,0.3));
#9819=CARTESIAN_POINT('',(-0.0795107625581552,-0.505,0.35900102081118));
#9820=CARTESIAN_POINT('',(-0.0795107625581552,-0.527384072903841,0.35900102081118));
#9821=CARTESIAN_POINT('',(-0.108978564906693,-0.529967266134436,0.32950051040559));
#9822=CARTESIAN_POINT('',(-0.138446367255231,-0.532550459365031,0.3));
#9823=CARTESIAN_POINT('',(-0.0753386811792361,-0.505,0.353917324941927));
#9824=CARTESIAN_POINT('',(-0.0753386811792361,-0.525599319925008,0.353917324941927));
#9825=CARTESIAN_POINT('',(-0.103260251728449,-0.527931058074438,0.326958662470964));
#9826=CARTESIAN_POINT('',(-0.131181822277662,-0.530262796223867,0.3));
#9827=CARTESIAN_POINT('',(-0.0660826750580729,-0.505,0.344661318820764));
#9828=CARTESIAN_POINT('',(-0.0660826750580729,-0.522295585351237,0.344661318820764));
#9829=CARTESIAN_POINT('',(-0.0905738400855704,-0.52419658941029,0.322330659410382));
#9830=CARTESIAN_POINT('',(-0.115065005113068,-0.526097593469344,0.3));
#9831=CARTESIAN_POINT('',(-0.06099897918882,-0.505,0.340489237441845));
#9832=CARTESIAN_POINT('',(-0.06099897918882,-0.520776291770205,0.340489237441845));
#9833=CARTESIAN_POINT('',(-0.0836060553174637,-0.522498224309518,0.320244618720922));
#9834=CARTESIAN_POINT('',(-0.106213131446108,-0.52422015684883,0.3));
#9835=CARTESIAN_POINT('',(-0.0528360453585299,-0.505,0.335034939433696));
#9836=CARTESIAN_POINT('',(-0.0528360453585299,-0.518736615828199,0.335034939433696));
#9837=CARTESIAN_POINT('',(-0.0724178238676313,-0.520251169286681,0.317517469716848));
#9838=CARTESIAN_POINT('',(-0.0919996023767327,-0.521765722745163,0.3));
#9839=CARTESIAN_POINT('',(-0.0500255696922397,-0.505,0.33335085573044));
#9840=CARTESIAN_POINT('',(-0.0500255696922397,-0.518096540261525,0.33335085573044));
#9841=CARTESIAN_POINT('',(-0.0685657465517652,-0.519552212670111,0.31667542786522));
#9842=CARTESIAN_POINT('',(-0.0871059234112907,-0.521007885078698,0.3));
#9843=CARTESIAN_POINT('',(-0.0442534129813018,-0.505,0.330265573689991));
#9844=CARTESIAN_POINT('',(-0.0442534129813018,-0.516902621681673,0.330265573689991));
#9845=CARTESIAN_POINT('',(-0.0606543477104515,-0.518261064921084,0.315132786844995));
#9846=CARTESIAN_POINT('',(-0.0770552824396013,-0.519619508160496,0.3));
#9847=CARTESIAN_POINT('',(-0.0412917319366541,-0.505,0.328864375352797));
#9848=CARTESIAN_POINT('',(-0.0412917319366541,-0.51634866332376,0.328864375352797));
#9849=CARTESIAN_POINT('',(-0.056595026185004,-0.517668816116259,0.314432187676399));
#9850=CARTESIAN_POINT('',(-0.0718983204333539,-0.518988968908759,0.3));
#9851=CARTESIAN_POINT('',(-0.0352449545363636,-0.505,0.326359718144946));
#9852=CARTESIAN_POINT('',(-0.0352449545363636,-0.515335227102001,0.326359718144946));
#9853=CARTESIAN_POINT('',(-0.0483072283801231,-0.516598550133613,0.313179859072473));
#9854=CARTESIAN_POINT('',(-0.0613695022238827,-0.517861873165225,0.3));
#9855=CARTESIAN_POINT('',(-0.0321599329399644,-0.505,0.325256290240581));
#9856=CARTESIAN_POINT('',(-0.0321599329399644,-0.514875608520989,0.325256290240581));
#9857=CARTESIAN_POINT('',(-0.0440788545667562,-0.516120469564625,0.31262814512029));
#9858=CARTESIAN_POINT('',(-0.0559977761935481,-0.517365330608261,0.3));
#9859=CARTESIAN_POINT('',(-0.0258967779349138,-0.505,0.32335638294088));
#9860=CARTESIAN_POINT('',(-0.0258967779349138,-0.51406144235404,0.32335638294088));
#9861=CARTESIAN_POINT('',(-0.0354944865858888,-0.515285907338718,0.31167819147044));
#9862=CARTESIAN_POINT('',(-0.0450921952368638,-0.516510372323396,0.3));
#9863=CARTESIAN_POINT('',(-0.0227186445262624,-0.505,0.322559903545544));
#9864=CARTESIAN_POINT('',(-0.0227186445262624,-0.513706717088717,0.322559903545544));
#9865=CARTESIAN_POINT('',(-0.0311384924183882,-0.514929336842106,0.311279951772772));
#9866=CARTESIAN_POINT('',(-0.0395583403105141,-0.516151956595495,0.3));
#9867=CARTESIAN_POINT('',(-0.0162994198769628,-0.505,0.32128304037381));
#9868=CARTESIAN_POINT('',(-0.0162994198769628,-0.513120224158923,0.32128304037381));
#9869=CARTESIAN_POINT('',(-0.0223402131969724,-0.514348796163569,0.310641520186905));
#9870=CARTESIAN_POINT('',(-0.0283810065169821,-0.515577368168214,0.3));
#9871=CARTESIAN_POINT('',(-0.0130584080003043,-0.505,0.320802672383891));
#9872=CARTESIAN_POINT('',(-0.0130584080003042,-0.512888794407362,0.320802672383891));
#9873=CARTESIAN_POINT('',(-0.0178980369204532,-0.514124998490056,0.310401336191945));
#9874=CARTESIAN_POINT('',(-0.0227376658406021,-0.515361202572751,0.3));
#9875=CARTESIAN_POINT('',(-0.00654494423556745,-0.505,0.320161152196986));
#9876=CARTESIAN_POINT('',(-0.00654494423556745,-0.512573318840962,0.320161152196986));
#9877=CARTESIAN_POINT('',(-0.00897059224736773,-0.513822918664803,0.310080576098493));
#9878=CARTESIAN_POINT('',(-0.011396240259168,-0.515072518488644,0.3));
#9879=CARTESIAN_POINT('',(-0.00327249234748916,-0.505,0.32));
#9880=CARTESIAN_POINT('',(-0.00327249234748916,-0.512490474250606,0.32));
#9881=CARTESIAN_POINT('',(-0.00448532385080153,-0.513745237125303,0.31));
#9882=CARTESIAN_POINT('',(-0.00569815535411391,-0.515,0.3));
#9883=CARTESIAN_POINT('',(0.00327249234748958,-0.505,0.32));
#9884=CARTESIAN_POINT('',(0.00327249234748958,-0.512490949719393,0.32));
#9885=CARTESIAN_POINT('',(0.00448532385080191,-0.513745474859697,0.31));
#9886=CARTESIAN_POINT('',(0.00569815535411426,-0.515,0.3));
#9887=CARTESIAN_POINT('',(0.0065449442355679,-0.505,0.320161152196986));
#9888=CARTESIAN_POINT('',(0.0065449442355679,-0.512573318840962,0.320161152196986));
#9889=CARTESIAN_POINT('',(0.0089705922473681,-0.513822918664803,0.310080576098493));
#9890=CARTESIAN_POINT('',(0.0113962402591683,-0.515072518488644,0.3));
#9891=CARTESIAN_POINT('',(0.0130584080003047,-0.505,0.320802672383891));
#9892=CARTESIAN_POINT('',(0.0130584080003047,-0.512888794407362,0.320802672383891));
#9893=CARTESIAN_POINT('',(0.0178980369204535,-0.514124998490056,0.310401336191945));
#9894=CARTESIAN_POINT('',(0.0227376658406024,-0.515361202572751,0.3));
#9895=CARTESIAN_POINT('',(0.0162994198769633,-0.505,0.32128304037381));
#9896=CARTESIAN_POINT('',(0.0162994198769633,-0.513120224158923,0.32128304037381));
#9897=CARTESIAN_POINT('',(0.0223402131969728,-0.514348796163569,0.310641520186905));
#9898=CARTESIAN_POINT('',(0.0283810065169823,-0.515577368168214,0.3));
#9899=CARTESIAN_POINT('',(0.0227186445262628,-0.505,0.322559903545544));
#9900=CARTESIAN_POINT('',(0.0227186445262628,-0.513706717088717,0.322559903545544));
#9901=CARTESIAN_POINT('',(0.0311384924183885,-0.514929336842106,0.311279951772772));
#9902=CARTESIAN_POINT('',(0.0395583403105142,-0.516151956595495,0.3));
#9903=CARTESIAN_POINT('',(0.0258967779349143,-0.505,0.32335638294088));
#9904=CARTESIAN_POINT('',(0.0258967779349143,-0.51406144235404,0.32335638294088));
#9905=CARTESIAN_POINT('',(0.0354944865858891,-0.515285907338718,0.31167819147044));
#9906=CARTESIAN_POINT('',(0.045092195236864,-0.516510372323396,0.3));
#9907=CARTESIAN_POINT('',(0.0321599329399648,-0.505,0.325256290240581));
#9908=CARTESIAN_POINT('',(0.0321599329399648,-0.514875608520989,0.325256290240581));
#9909=CARTESIAN_POINT('',(0.0440788545667566,-0.516120469564625,0.31262814512029));
#9910=CARTESIAN_POINT('',(0.0559977761935484,-0.517365330608261,0.3));
#9911=CARTESIAN_POINT('',(0.0352449545363639,-0.505,0.326359718144946));
#9912=CARTESIAN_POINT('',(0.0352449545363639,-0.515335227102001,0.326359718144946));
#9913=CARTESIAN_POINT('',(0.0483072283801235,-0.516598550133613,0.313179859072473));
#9914=CARTESIAN_POINT('',(0.0613695022238831,-0.517861873165225,0.3));
#9915=CARTESIAN_POINT('',(0.0412917319366544,-0.505,0.328864375352797));
#9916=CARTESIAN_POINT('',(0.0412917319366544,-0.51634866332376,0.328864375352797));
#9917=CARTESIAN_POINT('',(0.0565950261850043,-0.517668816116259,0.314432187676399));
#9918=CARTESIAN_POINT('',(0.0718983204333543,-0.518988968908759,0.3));
#9919=CARTESIAN_POINT('',(0.0442534129813022,-0.505,0.330265573689991));
#9920=CARTESIAN_POINT('',(0.0442534129813022,-0.516902621681673,0.330265573689991));
#9921=CARTESIAN_POINT('',(0.0606543477104519,-0.518261064921084,0.315132786844995));
#9922=CARTESIAN_POINT('',(0.0770552824396016,-0.519619508160496,0.3));
#9923=CARTESIAN_POINT('',(0.0500255696922402,-0.505,0.33335085573044));
#9924=CARTESIAN_POINT('',(0.0500255696922402,-0.518096540261524,0.33335085573044));
#9925=CARTESIAN_POINT('',(0.0685657465517656,-0.519552212670111,0.31667542786522));
#9926=CARTESIAN_POINT('',(0.087105923411291,-0.521007885078698,0.3));
#9927=CARTESIAN_POINT('',(0.0528360453585304,-0.505,0.335034939433696));
#9928=CARTESIAN_POINT('',(0.0528360453585304,-0.518736615828199,0.335034939433696));
#9929=CARTESIAN_POINT('',(0.0724178238676317,-0.520251169286681,0.317517469716848));
#9930=CARTESIAN_POINT('',(0.091999602376733,-0.521765722745163,0.3));
#9931=CARTESIAN_POINT('',(0.0609989791888205,-0.505,0.340489237441845));
#9932=CARTESIAN_POINT('',(0.0609989791888205,-0.520776291770205,0.340489237441845));
#9933=CARTESIAN_POINT('',(0.0836060553174641,-0.522498224309518,0.320244618720922));
#9934=CARTESIAN_POINT('',(0.106213131446107,-0.52422015684883,0.3));
#9935=CARTESIAN_POINT('',(0.0660826750580733,-0.505,0.344661318820764));
#9936=CARTESIAN_POINT('',(0.0660826750580733,-0.522295585351237,0.344661318820764));
#9937=CARTESIAN_POINT('',(0.0905738400855708,-0.52419658941029,0.322330659410382));
#9938=CARTESIAN_POINT('',(0.115065005113068,-0.526097593469344,0.3));
#9939=CARTESIAN_POINT('',(0.0753386811792366,-0.505,0.353917324941927));
#9940=CARTESIAN_POINT('',(0.0753386811792366,-0.525599319925008,0.353917324941927));
#9941=CARTESIAN_POINT('',(0.103260251728449,-0.527931058074438,0.326958662470964));
#9942=CARTESIAN_POINT('',(0.131181822277662,-0.530262796223867,0.3));
#9943=CARTESIAN_POINT('',(0.0795107625581557,-0.505,0.35900102081118));
#9944=CARTESIAN_POINT('',(0.0795107625581557,-0.527384072903841,0.35900102081118));
#9945=CARTESIAN_POINT('',(0.108978564906693,-0.529967266134436,0.32950051040559));
#9946=CARTESIAN_POINT('',(0.138446367255231,-0.532550459365031,0.3));
#9947=CARTESIAN_POINT('',(0.0867831599023538,-0.505,0.3698849325849));
#9948=CARTESIAN_POINT('',(0.0867831599023538,-0.531159257637563,0.3698849325849));
#9949=CARTESIAN_POINT('',(0.118946214574526,-0.534303738650384,0.33494246629245));
#9950=CARTESIAN_POINT('',(0.1511092692467,-0.537448219663205,0.3));
#9951=CARTESIAN_POINT('',(0.0898832960432774,-0.505,0.375684879363201));
#9952=CARTESIAN_POINT('',(0.0898832960432774,-0.533149725095006,0.375684879363201));
#9953=CARTESIAN_POINT('',(0.123195304594335,-0.536603960404223,0.3378424396816));
#9954=CARTESIAN_POINT('',(0.156507313145393,-0.54005819571344,0.3));
#9955=CARTESIAN_POINT('',(0.0948926104589803,-0.505,0.387778434163782));
#9956=CARTESIAN_POINT('',(0.0948926104589803,-0.537268498828371,0.387778434163782));
#9957=CARTESIAN_POINT('',(0.13006114110031,-0.541384397101036,0.343889217081891));
#9958=CARTESIAN_POINT('',(0.16522967174164,-0.545500295373701,0.3));
#9959=CARTESIAN_POINT('',(0.0968016648685892,-0.505,0.394071743149088));
#9960=CARTESIAN_POINT('',(0.0968016648685892,-0.539396747911716,0.394071743149088));
#9961=CARTESIAN_POINT('',(0.132677717815139,-0.543864516164403,0.347035871574544));
#9962=CARTESIAN_POINT('',(0.16855377076169,-0.548332284417089,0.3));
#9963=CARTESIAN_POINT('',(0.0993553912120573,-0.505,0.406910192447687));
#9964=CARTESIAN_POINT('',(0.0993553912120573,-0.543716737063685,0.406910192447687));
#9965=CARTESIAN_POINT('',(0.136177890912737,-0.548913161832572,0.353455096223844));
#9966=CARTESIAN_POINT('',(0.173000390613418,-0.554109586601459,0.3));
#9967=CARTESIAN_POINT('',(0.1,-0.505,0.413455015305021));
#9968=CARTESIAN_POINT('',(0.1,-0.545908249162536,0.413455015305021));
#9969=CARTESIAN_POINT('',(0.137061400746829,-0.551481503024898,0.356727507652511));
#9970=CARTESIAN_POINT('',(0.174122801493658,-0.557054756887259,0.3));
#9971=CARTESIAN_POINT('',(0.1,-0.505,0.426544984694979));
#9972=CARTESIAN_POINT('',(0.1,-0.550277197608737,0.426544984694979));
#9973=CARTESIAN_POINT('',(0.137061400746829,-0.556611220360738,0.36327249234749));
#9974=CARTESIAN_POINT('',(0.174122801493658,-0.56294524311274,0.3));
#9975=CARTESIAN_POINT('',(0.0993553912120573,-0.505,0.433089807552313));
#9976=CARTESIAN_POINT('',(0.0993553912120573,-0.552453770069166,0.433089807552313));
#9977=CARTESIAN_POINT('',(0.136177890912737,-0.559172091733854,0.366544903776157));
#9978=CARTESIAN_POINT('',(0.173000390613418,-0.565890413398541,0.3));
#9979=CARTESIAN_POINT('',(0.0968016648685892,-0.505,0.445928256850913));
#9980=CARTESIAN_POINT('',(0.0968016648685892,-0.556714048816121,0.445928256850913));
#9981=CARTESIAN_POINT('',(0.132677717815139,-0.564190882199516,0.372964128425456));
#9982=CARTESIAN_POINT('',(0.16855377076169,-0.57166771558291,0.3));
#9983=CARTESIAN_POINT('',(0.0948926104589803,-0.505,0.452221565836219));
#9984=CARTESIAN_POINT('',(0.0948926104589803,-0.558797755102646,0.452221565836219));
#9985=CARTESIAN_POINT('',(0.13006114110031,-0.566648729864472,0.376110782918109));
#9986=CARTESIAN_POINT('',(0.16522967174164,-0.574499704626298,0.3));
#9987=CARTESIAN_POINT('',(0.0898832960432774,-0.505,0.4643151206368));
#9988=CARTESIAN_POINT('',(0.0898832960432774,-0.562795238853229,0.4643151206368));
#9989=CARTESIAN_POINT('',(0.123195304594335,-0.571368521569894,0.3821575603184));
#9990=CARTESIAN_POINT('',(0.156507313145393,-0.57994180428656,0.3));
#9991=CARTESIAN_POINT('',(0.0867831599023538,-0.505,0.4701150674151));
#9992=CARTESIAN_POINT('',(0.0867831599023538,-0.564708835212973,0.4701150674151));
#9993=CARTESIAN_POINT('',(0.118946214574526,-0.573630307774884,0.38505753370755));
#9994=CARTESIAN_POINT('',(0.1511092692467,-0.582551780336795,0.3));
#9995=CARTESIAN_POINT('',(0.0795107625581556,-0.505,0.48099897918882));
#9996=CARTESIAN_POINT('',(0.0795107625581556,-0.568296067887126,0.48099897918882));
#9997=CARTESIAN_POINT('',(0.108978564906693,-0.577872804261048,0.39049948959441));
#9998=CARTESIAN_POINT('',(0.138446367255231,-0.587449540634969,0.3));
#9999=CARTESIAN_POINT('',(0.0753386811792366,-0.505,0.486082675058073));
#10000=CARTESIAN_POINT('',(0.0753386811792366,-0.569969494346125,0.486082675058073));
#10001=CARTESIAN_POINT('',(0.103260251728449,-0.579853349061129,0.393041337529037));
#10002=CARTESIAN_POINT('',(0.131181822277662,-0.589737203776133,0.3));
#10003=CARTESIAN_POINT('',(0.0660826750580733,-0.505,0.495338681179237));
#10004=CARTESIAN_POINT('',(0.0660826750580733,-0.573014066950178,0.495338681179237));
#10005=CARTESIAN_POINT('',(0.0905738400855708,-0.583458236740417,0.397669340589618));
#10006=CARTESIAN_POINT('',(0.115065005113068,-0.593902406530656,0.3));
#10007=CARTESIAN_POINT('',(0.0609989791888205,-0.505,0.499510762558156));
#10008=CARTESIAN_POINT('',(0.0609989791888205,-0.57438513588994,0.499510762558156));
#10009=CARTESIAN_POINT('',(0.0836060553174642,-0.585082489520555,0.399755381279078));
#10010=CARTESIAN_POINT('',(0.106213131446108,-0.59577984315117,0.3));
#10011=CARTESIAN_POINT('',(0.0501150674151004,-0.505,0.506783159902354));
#10012=CARTESIAN_POINT('',(0.0501150674151004,-0.576773915932598,0.506783159902354));
#10013=CARTESIAN_POINT('',(0.0686884133843543,-0.587913168944329,0.403391579951177));
#10014=CARTESIAN_POINT('',(0.0872617593536083,-0.599052421956059,0.3));
#10015=CARTESIAN_POINT('',(0.0443151206367997,-0.505,0.509883296043277));
#10016=CARTESIAN_POINT('',(0.0443151206367997,-0.577791566533588,0.509883296043277));
#10017=CARTESIAN_POINT('',(0.0607389250874447,-0.589119524876531,0.404941648021639));
#10018=CARTESIAN_POINT('',(0.0771627295380897,-0.600447483219475,0.3));
#10019=CARTESIAN_POINT('',(0.0322215658362187,-0.505,0.51489261045898));
#10020=CARTESIAN_POINT('',(0.0322215658362187,-0.579435487494853,0.51489261045898));
#10021=CARTESIAN_POINT('',(0.044163329477683,-0.591068581100697,0.40744630522949));
#10022=CARTESIAN_POINT('',(0.0561050931191473,-0.602701674706541,0.3));
#10023=CARTESIAN_POINT('',(0.0259282568509126,-0.505,0.516801664868589));
#10024=CARTESIAN_POINT('',(0.0259282568509126,-0.580061716272261,0.516801664868589));
#10025=CARTESIAN_POINT('',(0.0355376320290964,-0.591811232731563,0.408400832434295));
#10026=CARTESIAN_POINT('',(0.0451470072072802,-0.603560749190865,0.3));
#10027=CARTESIAN_POINT('',(0.0130898075523134,-0.505,0.519355391212057));
#10028=CARTESIAN_POINT('',(0.0130898075523134,-0.580899347091706,0.519355391212057));
#10029=CARTESIAN_POINT('',(0.0179410735862649,-0.592804636568566,0.409677695606029));
#10030=CARTESIAN_POINT('',(0.0227923396202164,-0.604709926045425,0.3));
#10031=CARTESIAN_POINT('',(0.00654498469497894,-0.505,0.52));
#10032=CARTESIAN_POINT('',(0.00654498469497893,-0.581110717508872,0.52));
#10033=CARTESIAN_POINT('',(0.00897064770160366,-0.593055358754436,0.41));
#10034=CARTESIAN_POINT('',(0.0113963107082284,-0.605,0.3));
#10035=CARTESIAN_POINT('',(2.02145180503834E-16,-0.505,0.52));
#10036=CARTESIAN_POINT('',(1.97149176893021E-16,-0.581110727964793,0.52));
#10037=CARTESIAN_POINT('',(2.0769629562696E-16,-0.593055363982396,0.41));
#10038=CARTESIAN_POINT('',(2.50994993587341E-16,-0.605,0.3));
#10039=CARTESIAN_POINT('',(2.32725103072858E-16,-0.162832891616652,0.42));
#10040=CARTESIAN_POINT('',(2.32725103072858E-16,-0.162832891616652,0.244999999999999));
#10041=CARTESIAN_POINT('',(0.,-0.162832891616652,0.603000000000001));
#10042=CARTESIAN_POINT('',(2.32725103072858E-16,-0.152832891616652,0.42));
#10043=CARTESIAN_POINT('',(2.32725103072858E-16,-0.152832891616652,0.244999999999999));
#10044=CARTESIAN_POINT('',(2.32725103072858E-16,-0.459369136889803,0.42));
#10045=CARTESIAN_POINT('',(0.,-0.152832891616652,0.595000000000001));
#10046=CARTESIAN_POINT('',(2.32725103072858E-16,-0.236233639495869,0.42));
#10047=CARTESIAN_POINT('',(2.32725103072858E-16,-0.236233639495869,0.245));
#10048=CARTESIAN_POINT('',(0.,-0.236233639495869,0.603));
#10049=CARTESIAN_POINT('',(2.32725103072858E-16,-0.226233639495869,0.42));
#10050=CARTESIAN_POINT('',(2.32725103072858E-16,-0.226233639495869,0.245));
#10051=CARTESIAN_POINT('',(2.32725103072858E-16,-0.459369136889803,0.42));
#10052=CARTESIAN_POINT('',(0.,-0.226233639495869,0.595000000000001));
#10053=CARTESIAN_POINT('',(2.32725103072858E-16,-0.344233639495868,0.42));
#10054=CARTESIAN_POINT('',(2.32725103072858E-16,-0.344233639495868,0.595));
#10055=CARTESIAN_POINT('',(2.32725103072858E-16,-0.338233639495868,0.42));
#10056=CARTESIAN_POINT('',(2.32725103072858E-16,-0.338233639495868,0.245));
#10057=CARTESIAN_POINT('',(2.32725103072858E-16,-0.459369136889803,0.42));
#10058=CARTESIAN_POINT('',(2.32725103072858E-16,-0.346233639495868,0.42));
#10059=CARTESIAN_POINT('',(2.32725103072858E-16,-0.346233639495868,0.597));
#10060=CARTESIAN_POINT('',(0.,-0.346233639495868,0.603));
#10061=CARTESIAN_POINT('',(2.32725103072858E-16,-0.336233639495868,0.42));
#10062=CARTESIAN_POINT('',(2.32725103072858E-16,-0.336233639495868,0.243));
#10063=CARTESIAN_POINT('',(0.,-0.336233639495868,0.595));
#10064=CARTESIAN_POINT('',(2.32725103072858E-16,-0.417634387375085,0.42));
#10065=CARTESIAN_POINT('',(2.32725103072858E-16,-0.417634387375085,0.595));
#10066=CARTESIAN_POINT('',(2.32725103072858E-16,-0.411634387375085,0.42));
#10067=CARTESIAN_POINT('',(2.32725103072858E-16,-0.411634387375085,0.245));
#10068=CARTESIAN_POINT('',(2.32725103072858E-16,-0.459369136889803,0.42));
#10069=CARTESIAN_POINT('',(2.32725103072858E-16,-0.419634387375085,0.42));
#10070=CARTESIAN_POINT('',(2.32725103072858E-16,-0.419634387375085,0.597));
#10071=CARTESIAN_POINT('',(0.,-0.419634387375085,0.603));
#10072=CARTESIAN_POINT('',(2.32725103072858E-16,-0.409634387375085,0.42));
#10073=CARTESIAN_POINT('',(2.32725103072858E-16,-0.409634387375085,0.243));
#10074=CARTESIAN_POINT('',(0.,-0.409634387375085,0.595));
#10075=CARTESIAN_POINT('',(2.32725103072858E-16,-0.417634387375085,0.42));
#10076=CARTESIAN_POINT('',(2.32725103072858E-16,-0.411634387375085,0.42));
#10077=CARTESIAN_POINT('',(2.32725103072858E-16,-0.344233639495868,0.42));
#10078=CARTESIAN_POINT('',(2.32725103072858E-16,-0.338233639495868,0.42));
#10079=CARTESIAN_POINT('',(-3.061515884556E-17,-0.91682310160738,0.));
#10080=CARTESIAN_POINT('',(0.000513986013985999,-0.459369136889803,0.000513986013985988));
#10081=CARTESIAN_POINT('',(0.000513986013985999,-4.70195113820905,0.000513986013985988));
#10082=CARTESIAN_POINT('',(2.045977848836E-16,-0.459369136889803,0.598));
#10083=CARTESIAN_POINT('',(0.000513986013985999,-4.70195113820905,0.000513986013985988));
#10084=CARTESIAN_POINT('',(-3.0579922569024E-17,-0.499424528928404,0.));
#10085=CARTESIAN_POINT('',(2.3691708706483E-16,0.00732547,0.524537445010153));
#10086=CARTESIAN_POINT('',(2.3691708706483E-16,0.00732547,0.524537445010153));
#10087=CARTESIAN_POINT('',(1.66499999999997,2.98198965520413E-15,-2.30408739683279E-15));
#10088=CARTESIAN_POINT('',(1.39499999999999,1.97064586870965E-15,-2.02962709176657E-15));
#10089=CARTESIAN_POINT('',(0.365000000000001,7.63278329429795E-17,-4.99557622661121E-16));
#10090=CARTESIAN_POINT('',(1.62817547,2.54830878620993E-15,-2.39555303862289E-15));
#10091=MECHANICAL_DESIGN_GEOMETRIC_PRESENTATION_REPRESENTATION('',(#156,
#120,#121,#122,#123,#124,#125,#126,#127,#128,#129,#130,#131,#132,#133,#134,
#135,#136,#137,#138,#139,#140,#141,#142,#143,#144,#145,#146,#147,#148,#149,
#150,#151),#10096);
#10092=MECHANICAL_DESIGN_GEOMETRIC_PRESENTATION_REPRESENTATION('',(#157,
#158),#10097);
#10093=MECHANICAL_DESIGN_GEOMETRIC_PRESENTATION_REPRESENTATION('',(#159),
#10098);
#10094=MECHANICAL_DESIGN_GEOMETRIC_PRESENTATION_REPRESENTATION('',(#160,
#152,#153),#10099);
#10095=(
GEOMETRIC_REPRESENTATION_CONTEXT(3)
GLOBAL_UNCERTAINTY_ASSIGNED_CONTEXT((#10100))
GLOBAL_UNIT_ASSIGNED_CONTEXT((#10110,#10106,#10105))
REPRESENTATION_CONTEXT('S2-D10000000980257_A001',
'TOP_LEVEL_ASSEMBLY_PART')
);
#10096=(
GEOMETRIC_REPRESENTATION_CONTEXT(3)
GLOBAL_UNCERTAINTY_ASSIGNED_CONTEXT((#10101))
GLOBAL_UNIT_ASSIGNED_CONTEXT((#10110,#10106,#10105))
REPRESENTATION_CONTEXT('Inlet-D10000000980253_A001','COMPONENT_PART')
);
#10097=(
GEOMETRIC_REPRESENTATION_CONTEXT(3)
GLOBAL_UNCERTAINTY_ASSIGNED_CONTEXT((#10102))
GLOBAL_UNIT_ASSIGNED_CONTEXT((#10110,#10106,#10105))
REPRESENTATION_CONTEXT('Sweeps-D10000000980254_A001','COMPONENT_PART')
);
#10098=(
GEOMETRIC_REPRESENTATION_CONTEXT(3)
GLOBAL_UNCERTAINTY_ASSIGNED_CONTEXT((#10103))
GLOBAL_UNIT_ASSIGNED_CONTEXT((#10110,#10106,#10105))
REPRESENTATION_CONTEXT('Sweeps_neg-D10000000980252_A001',
'COMPONENT_PART')
);
#10099=(
GEOMETRIC_REPRESENTATION_CONTEXT(3)
GLOBAL_UNCERTAINTY_ASSIGNED_CONTEXT((#10104))
GLOBAL_UNIT_ASSIGNED_CONTEXT((#10110,#10106,#10105))
REPRESENTATION_CONTEXT('Tip-D10000000980255_A001','COMPONENT_PART')
);
#10100=UNCERTAINTY_MEASURE_WITH_UNIT(LENGTH_MEASURE(2.E-5),#10110,
'DISTANCE_ACCURACY_VALUE','Maximum Tolerance applied to model');
#10101=UNCERTAINTY_MEASURE_WITH_UNIT(LENGTH_MEASURE(5.08E-5),#10110,
'DISTANCE_ACCURACY_VALUE','Maximum Tolerance applied to model');
#10102=UNCERTAINTY_MEASURE_WITH_UNIT(LENGTH_MEASURE(5.08E-5),#10110,
'DISTANCE_ACCURACY_VALUE','Maximum Tolerance applied to model');
#10103=UNCERTAINTY_MEASURE_WITH_UNIT(LENGTH_MEASURE(5.08E-5),#10110,
'DISTANCE_ACCURACY_VALUE','Maximum Tolerance applied to model');
#10104=UNCERTAINTY_MEASURE_WITH_UNIT(LENGTH_MEASURE(5.08E-5),#10110,
'DISTANCE_ACCURACY_VALUE','Maximum Tolerance applied to model');
#10105=(
NAMED_UNIT(*)
SI_UNIT($,.STERADIAN.)
SOLID_ANGLE_UNIT()
);
#10106=(
CONVERSION_BASED_UNIT('DEGREE',#10108)
NAMED_UNIT(#10107)
PLANE_ANGLE_UNIT()
);
#10107=DIMENSIONAL_EXPONENTS(0.,0.,0.,0.,0.,0.,0.);
#10108=PLANE_ANGLE_MEASURE_WITH_UNIT(PLANE_ANGLE_MEASURE(0.0174532925),
#10109);
#10109=(
NAMED_UNIT(*)
PLANE_ANGLE_UNIT()
SI_UNIT($,.RADIAN.)
);
#10110=(
LENGTH_UNIT()
NAMED_UNIT(*)
SI_UNIT(.MILLI.,.METRE.)
);
ENDSEC;
END-ISO-10303-21;
