ISO-10303-21;
HEADER;
/* Generated by software containing ST-Developer
 * from STEP Tools, Inc. (www.steptools.com) 
 */
/* OPTION: using custom schema-name function */

FILE_DESCRIPTION(
/* description */ (''),
/* implementation_level */ '2;1');

FILE_NAME(
/* name */ 'S4-D10000001281159_A001.stp',
/* time_stamp */ '2026-02-10T13:14:03+01:00',
/* author */ (''),
/* organization */ (''),
/* preprocessor_version */ 'ST-DEVELOPER v20',
/* originating_system */ 'SIEMENS PLM Software NX2312.8501',
/* authorisation */ '');

FILE_SCHEMA (('AUTOMOTIVE_DESIGN { 1 0 10303 214 3 1 1 1 }'));
ENDSEC;

DATA;
#10=CONTEXT_DEPENDENT_SHAPE_REPRESENTATION(#18,#44);
#11=CONTEXT_DEPENDENT_SHAPE_REPRESENTATION(#19,#45);
#12=CONTEXT_DEPENDENT_SHAPE_REPRESENTATION(#20,#46);
#13=CONTEXT_DEPENDENT_SHAPE_REPRESENTATION(#21,#47);
#14=NEXT_ASSEMBLY_USAGE_OCCURRENCE('1001',' ','D10000001281160',#52,#51,
$);
#15=NEXT_ASSEMBLY_USAGE_OCCURRENCE('1002',' ','D10000001281161',#52,#50,
$);
#16=NEXT_ASSEMBLY_USAGE_OCCURRENCE('1003',' ','D10000001281197',#52,#49,
$);
#17=NEXT_ASSEMBLY_USAGE_OCCURRENCE('1004',' ','D10000001281163',#52,#48,
$);
#18=(
REPRESENTATION_RELATIONSHIP(' ',' ',#83,#84)
REPRESENTATION_RELATIONSHIP_WITH_TRANSFORMATION(#22)
SHAPE_REPRESENTATION_RELATIONSHIP()
);
#19=(
REPRESENTATION_RELATIONSHIP(' ',' ',#82,#84)
REPRESENTATION_RELATIONSHIP_WITH_TRANSFORMATION(#23)
SHAPE_REPRESENTATION_RELATIONSHIP()
);
#20=(
REPRESENTATION_RELATIONSHIP(' ',' ',#81,#84)
REPRESENTATION_RELATIONSHIP_WITH_TRANSFORMATION(#24)
SHAPE_REPRESENTATION_RELATIONSHIP()
);
#21=(
REPRESENTATION_RELATIONSHIP(' ',' ',#80,#84)
REPRESENTATION_RELATIONSHIP_WITH_TRANSFORMATION(#25)
SHAPE_REPRESENTATION_RELATIONSHIP()
);
#22=ITEM_DEFINED_TRANSFORMATION(' ',' ',#4833,#5230);
#23=ITEM_DEFINED_TRANSFORMATION(' ',' ',#4833,#5231);
#24=ITEM_DEFINED_TRANSFORMATION(' ',' ',#4833,#5232);
#25=ITEM_DEFINED_TRANSFORMATION(' ',' ',#4833,#5233);
#26=SHAPE_REPRESENTATION_RELATIONSHIP('MODEL',
'relationship between Tip_B-D10000001281163_A001-MODEL and Tip_B-D1000
0001281163_A001-MODEL',#80,#30);
#27=SHAPE_REPRESENTATION_RELATIONSHIP('MODEL',
'relationship between Sweeps_neg-D10000001281197_A001-MODEL and Sweeps
_neg-D10000001281197_A001-MODEL',#81,#31);
#28=SHAPE_REPRESENTATION_RELATIONSHIP('MODEL',
'relationship between Sweeps-D10000001281161_A001-MODEL and Sweeps-D10
000001281161_A001-MODEL',#82,#32);
#29=SHAPE_REPRESENTATION_RELATIONSHIP('MODEL',
'relationship between Inlet-D10000001281160_A001-MODEL and Inlet-D1000
0001281160_A001-MODEL',#83,#33);
#30=ADVANCED_BREP_SHAPE_REPRESENTATION(
'Tip_B-D10000001281163_A001-MODEL',(#799),#10490);
#31=ADVANCED_BREP_SHAPE_REPRESENTATION(
'Sweeps_neg-D10000001281197_A001-MODEL',(#798),#10489);
#32=ADVANCED_BREP_SHAPE_REPRESENTATION(
'Sweeps-D10000001281161_A001-MODEL',(#796,#797),#10488);
#33=ADVANCED_BREP_SHAPE_REPRESENTATION(
'Inlet-D10000001281160_A001-MODEL',(#795),#10487);
#34=SHAPE_DEFINITION_REPRESENTATION(#39,#80);
#35=SHAPE_DEFINITION_REPRESENTATION(#40,#81);
#36=SHAPE_DEFINITION_REPRESENTATION(#41,#82);
#37=SHAPE_DEFINITION_REPRESENTATION(#42,#83);
#38=SHAPE_DEFINITION_REPRESENTATION(#43,#84);
#39=PRODUCT_DEFINITION_SHAPE('','',#48);
#40=PRODUCT_DEFINITION_SHAPE('','',#49);
#41=PRODUCT_DEFINITION_SHAPE('','',#50);
#42=PRODUCT_DEFINITION_SHAPE('','',#51);
#43=PRODUCT_DEFINITION_SHAPE('','',#52);
#44=PRODUCT_DEFINITION_SHAPE(' ','NAUO PRDDFN',#14);
#45=PRODUCT_DEFINITION_SHAPE(' ','NAUO PRDDFN',#15);
#46=PRODUCT_DEFINITION_SHAPE(' ','NAUO PRDDFN',#16);
#47=PRODUCT_DEFINITION_SHAPE(' ','NAUO PRDDFN',#17);
#48=PRODUCT_DEFINITION(' ','',#58,#53);
#49=PRODUCT_DEFINITION(' ','',#59,#54);
#50=PRODUCT_DEFINITION(' ','',#60,#55);
#51=PRODUCT_DEFINITION(' ','',#61,#56);
#52=PRODUCT_DEFINITION(' ','',#62,#57);
#53=PRODUCT_DEFINITION_CONTEXT('part definition',#79,'design');
#54=PRODUCT_DEFINITION_CONTEXT('part definition',#79,'design');
#55=PRODUCT_DEFINITION_CONTEXT('part definition',#79,'design');
#56=PRODUCT_DEFINITION_CONTEXT('part definition',#79,'design');
#57=PRODUCT_DEFINITION_CONTEXT('part definition',#79,'design');
#58=PRODUCT_DEFINITION_FORMATION_WITH_SPECIFIED_SOURCE(' ',' ',#68,
 .NOT_KNOWN.);
#59=PRODUCT_DEFINITION_FORMATION_WITH_SPECIFIED_SOURCE(' ',' ',#69,
 .NOT_KNOWN.);
#60=PRODUCT_DEFINITION_FORMATION_WITH_SPECIFIED_SOURCE(' ',' ',#70,
 .NOT_KNOWN.);
#61=PRODUCT_DEFINITION_FORMATION_WITH_SPECIFIED_SOURCE(' ',' ',#71,
 .NOT_KNOWN.);
#62=PRODUCT_DEFINITION_FORMATION_WITH_SPECIFIED_SOURCE(' ',' ',#72,
 .NOT_KNOWN.);
#63=PRODUCT_RELATED_PRODUCT_CATEGORY('part','',(#68));
#64=PRODUCT_RELATED_PRODUCT_CATEGORY('part','',(#69));
#65=PRODUCT_RELATED_PRODUCT_CATEGORY('part','',(#70));
#66=PRODUCT_RELATED_PRODUCT_CATEGORY('part','',(#71));
#67=PRODUCT_RELATED_PRODUCT_CATEGORY('part','',(#72));
#68=PRODUCT('Tip_B-D10000001281163_A001','Tip_B-D10000001281163_A001',
' ',(#73));
#69=PRODUCT('Sweeps_neg-D10000001281197_A001',
'Sweeps_neg-D10000001281197_A001',' ',(#74));
#70=PRODUCT('Sweeps-D10000001281161_A001','Sweeps-D10000001281161_A001',
' ',(#75));
#71=PRODUCT('Inlet-D10000001281160_A001','Inlet-D10000001281160_A001',
' ',(#76));
#72=PRODUCT('S4-D10000001281159_A001','S4-D10000001281159_A001',' ',(#77));
#73=PRODUCT_CONTEXT(' ',#79,'mechanical');
#74=PRODUCT_CONTEXT(' ',#79,'mechanical');
#75=PRODUCT_CONTEXT(' ',#79,'mechanical');
#76=PRODUCT_CONTEXT(' ',#79,'mechanical');
#77=PRODUCT_CONTEXT(' ',#79,'mechanical');
#78=APPLICATION_PROTOCOL_DEFINITION('international standard',
'automotive_design',2010,#79);
#79=APPLICATION_CONTEXT(
'core data for automotive mechanical design processes');
#80=SHAPE_REPRESENTATION('Tip_B-D10000001281163_A001-MODEL',(#4833),#10490);
#81=SHAPE_REPRESENTATION('Sweeps_neg-D10000001281197_A001-MODEL',(#4833),
#10489);
#82=SHAPE_REPRESENTATION('Sweeps-D10000001281161_A001-MODEL',(#4833),#10488);
#83=SHAPE_REPRESENTATION('Inlet-D10000001281160_A001-MODEL',(#4833),#10487);
#84=SHAPE_REPRESENTATION('S4-D10000001281159_A001-none',(#4833,#5230,#5231,
#5232,#5233),#10486);
#85=(
BOUNDED_CURVE()
B_SPLINE_CURVE(2,(#9361,#9362,#9363),.UNSPECIFIED.,.F.,.F.)
B_SPLINE_CURVE_WITH_KNOTS((3,3),(0.,1.),.UNSPECIFIED.)
CURVE()
GEOMETRIC_REPRESENTATION_ITEM()
RATIONAL_B_SPLINE_CURVE((0.999269886078599,0.635941423119773,0.991421787990945))
REPRESENTATION_ITEM('')
);
#86=B_SPLINE_SURFACE_WITH_KNOTS('',3,3,((#7775,#7776,#7777,#7778,#7779,
#7780,#7781),(#7782,#7783,#7784,#7785,#7786,#7787,#7788),(#7789,#7790,#7791,
#7792,#7793,#7794,#7795),(#7796,#7797,#7798,#7799,#7800,#7801,#7802),(#7803,
#7804,#7805,#7806,#7807,#7808,#7809),(#7810,#7811,#7812,#7813,#7814,#7815,
#7816),(#7817,#7818,#7819,#7820,#7821,#7822,#7823),(#7824,#7825,#7826,#7827,
#7828,#7829,#7830),(#7831,#7832,#7833,#7834,#7835,#7836,#7837),(#7838,#7839,
#7840,#7841,#7842,#7843,#7844),(#7845,#7846,#7847,#7848,#7849,#7850,#7851),
(#7852,#7853,#7854,#7855,#7856,#7857,#7858),(#7859,#7860,#7861,#7862,#7863,
#7864,#7865),(#7866,#7867,#7868,#7869,#7870,#7871,#7872),(#7873,#7874,#7875,
#7876,#7877,#7878,#7879),(#7880,#7881,#7882,#7883,#7884,#7885,#7886),(#7887,
#7888,#7889,#7890,#7891,#7892,#7893),(#7894,#7895,#7896,#7897,#7898,#7899,
#7900),(#7901,#7902,#7903,#7904,#7905,#7906,#7907),(#7908,#7909,#7910,#7911,
#7912,#7913,#7914),(#7915,#7916,#7917,#7918,#7919,#7920,#7921),(#7922,#7923,
#7924,#7925,#7926,#7927,#7928),(#7929,#7930,#7931,#7932,#7933,#7934,#7935),
(#7936,#7937,#7938,#7939,#7940,#7941,#7942),(#7943,#7944,#7945,#7946,#7947,
#7948,#7949),(#7950,#7951,#7952,#7953,#7954,#7955,#7956),(#7957,#7958,#7959,
#7960,#7961,#7962,#7963),(#7964,#7965,#7966,#7967,#7968,#7969,#7970),(#7971,
#7972,#7973,#7974,#7975,#7976,#7977),(#7978,#7979,#7980,#7981,#7982,#7983,
#7984),(#7985,#7986,#7987,#7988,#7989,#7990,#7991),(#7992,#7993,#7994,#7995,
#7996,#7997,#7998),(#7999,#8000,#8001,#8002,#8003,#8004,#8005),(#8006,#8007,
#8008,#8009,#8010,#8011,#8012),(#8013,#8014,#8015,#8016,#8017,#8018,#8019),
(#8020,#8021,#8022,#8023,#8024,#8025,#8026),(#8027,#8028,#8029,#8030,#8031,
#8032,#8033),(#8034,#8035,#8036,#8037,#8038,#8039,#8040),(#8041,#8042,#8043,
#8044,#8045,#8046,#8047),(#8048,#8049,#8050,#8051,#8052,#8053,#8054),(#8055,
#8056,#8057,#8058,#8059,#8060,#8061),(#8062,#8063,#8064,#8065,#8066,#8067,
#8068),(#8069,#8070,#8071,#8072,#8073,#8074,#8075),(#8076,#8077,#8078,#8079,
#8080,#8081,#8082),(#8083,#8084,#8085,#8086,#8087,#8088,#8089),(#8090,#8091,
#8092,#8093,#8094,#8095,#8096),(#8097,#8098,#8099,#8100,#8101,#8102,#8103),
(#8104,#8105,#8106,#8107,#8108,#8109,#8110),(#8111,#8112,#8113,#8114,#8115,
#8116,#8117),(#8118,#8119,#8120,#8121,#8122,#8123,#8124),(#8125,#8126,#8127,
#8128,#8129,#8130,#8131),(#8132,#8133,#8134,#8135,#8136,#8137,#8138),(#8139,
#8140,#8141,#8142,#8143,#8144,#8145),(#8146,#8147,#8148,#8149,#8150,#8151,
#8152),(#8153,#8154,#8155,#8156,#8157,#8158,#8159),(#8160,#8161,#8162,#8163,
#8164,#8165,#8166),(#8167,#8168,#8169,#8170,#8171,#8172,#8173),(#8174,#8175,
#8176,#8177,#8178,#8179,#8180),(#8181,#8182,#8183,#8184,#8185,#8186,#8187),
(#8188,#8189,#8190,#8191,#8192,#8193,#8194),(#8195,#8196,#8197,#8198,#8199,
#8200,#8201),(#8202,#8203,#8204,#8205,#8206,#8207,#8208),(#8209,#8210,#8211,
#8212,#8213,#8214,#8215),(#8216,#8217,#8218,#8219,#8220,#8221,#8222),(#8223,
#8224,#8225,#8226,#8227,#8228,#8229),(#8230,#8231,#8232,#8233,#8234,#8235,
#8236)),.UNSPECIFIED.,.T.,.F.,.F.,(1,3,2,2,2,2,2,2,2,2,2,2,2,2,2,2,2,2,
2,2,2,2,2,2,2,2,2,2,2,2,2,2,2,3,1),(4,3,4),(-0.03125,0.,0.03125,0.0625,
0.09375,0.125,0.15625,0.1875,0.21875,0.25,0.28125,0.3125,0.34375,0.375,
0.40625,0.4375,0.46875,0.5,0.53125,0.5625,0.59375,0.625,0.65625,0.6875,
0.71875,0.75,0.78125,0.8125,0.84375,0.875,0.90625,0.9375,0.96875,1.,1.03125),
(0.,0.983096958801052,1.),.UNSPECIFIED.);
#87=B_SPLINE_SURFACE_WITH_KNOTS('',3,3,((#8243,#8244,#8245,#8246),(#8247,
#8248,#8249,#8250),(#8251,#8252,#8253,#8254),(#8255,#8256,#8257,#8258),
(#8259,#8260,#8261,#8262),(#8263,#8264,#8265,#8266),(#8267,#8268,#8269,
#8270),(#8271,#8272,#8273,#8274),(#8275,#8276,#8277,#8278),(#8279,#8280,
#8281,#8282),(#8283,#8284,#8285,#8286),(#8287,#8288,#8289,#8290),(#8291,
#8292,#8293,#8294),(#8295,#8296,#8297,#8298),(#8299,#8300,#8301,#8302),
(#8303,#8304,#8305,#8306),(#8307,#8308,#8309,#8310),(#8311,#8312,#8313,
#8314),(#8315,#8316,#8317,#8318),(#8319,#8320,#8321,#8322),(#8323,#8324,
#8325,#8326),(#8327,#8328,#8329,#8330),(#8331,#8332,#8333,#8334),(#8335,
#8336,#8337,#8338),(#8339,#8340,#8341,#8342),(#8343,#8344,#8345,#8346),
(#8347,#8348,#8349,#8350),(#8351,#8352,#8353,#8354),(#8355,#8356,#8357,
#8358),(#8359,#8360,#8361,#8362),(#8363,#8364,#8365,#8366),(#8367,#8368,
#8369,#8370),(#8371,#8372,#8373,#8374),(#8375,#8376,#8377,#8378),(#8379,
#8380,#8381,#8382),(#8383,#8384,#8385,#8386),(#8387,#8388,#8389,#8390),
(#8391,#8392,#8393,#8394),(#8395,#8396,#8397,#8398),(#8399,#8400,#8401,
#8402),(#8403,#8404,#8405,#8406),(#8407,#8408,#8409,#8410),(#8411,#8412,
#8413,#8414),(#8415,#8416,#8417,#8418),(#8419,#8420,#8421,#8422),(#8423,
#8424,#8425,#8426),(#8427,#8428,#8429,#8430),(#8431,#8432,#8433,#8434),
(#8435,#8436,#8437,#8438),(#8439,#8440,#8441,#8442),(#8443,#8444,#8445,
#8446),(#8447,#8448,#8449,#8450),(#8451,#8452,#8453,#8454),(#8455,#8456,
#8457,#8458),(#8459,#8460,#8461,#8462),(#8463,#8464,#8465,#8466),(#8467,
#8468,#8469,#8470),(#8471,#8472,#8473,#8474),(#8475,#8476,#8477,#8478),
(#8479,#8480,#8481,#8482),(#8483,#8484,#8485,#8486),(#8487,#8488,#8489,
#8490),(#8491,#8492,#8493,#8494),(#8495,#8496,#8497,#8498),(#8499,#8500,
#8501,#8502),(#8503,#8504,#8505,#8506),(#8507,#8508,#8509,#8510),(#8511,
#8512,#8513,#8514),(#8515,#8516,#8517,#8518),(#8519,#8520,#8521,#8522),
(#8523,#8524,#8525,#8526)),.UNSPECIFIED.,.F.,.F.,.F.,(4,2,2,2,2,2,2,2,2,
2,2,2,2,2,2,2,2,2,2,2,2,2,2,2,2,2,2,2,2,2,2,2,2,3,4),(4,4),(0.,0.00592885375397407,
0.0394661653342264,0.0730034769144817,0.106540788494735,0.140078100074988,
0.173615411655242,0.207152723235495,0.240690034815749,0.274227346396003,
0.302448928096443,0.330670509796881,0.358892091497321,0.387113673197759,
0.415335254898199,0.443556836598638,0.471778418299078,0.499999999999517,
0.528221581699956,0.556443163400396,0.584664745100834,0.612886326801274,
0.641107908501712,0.669329490202152,0.697551071902591,0.72577265360303,
0.759309965183284,0.792847276763538,0.826384588343792,0.859921899924044,
0.893459211504298,0.926996523084552,0.960533834664805,0.994071146245059,
1.),(0.,1.),.UNSPECIFIED.);
#88=B_SPLINE_SURFACE_WITH_KNOTS('',3,3,((#8607,#8608,#8609,#8610),(#8611,
#8612,#8613,#8614),(#8615,#8616,#8617,#8618),(#8619,#8620,#8621,#8622)),
 .UNSPECIFIED.,.F.,.F.,.F.,(4,4),(4,4),(0.,1.),(0.,1.),.UNSPECIFIED.);
#89=B_SPLINE_SURFACE_WITH_KNOTS('',3,3,((#8791,#8792,#8793,#8794),(#8795,
#8796,#8797,#8798),(#8799,#8800,#8801,#8802),(#8803,#8804,#8805,#8806)),
 .UNSPECIFIED.,.F.,.F.,.F.,(4,4),(4,4),(0.,1.),(0.,1.),.UNSPECIFIED.);
#90=B_SPLINE_SURFACE_WITH_KNOTS('',3,3,((#8822,#8823,#8824,#8825),(#8826,
#8827,#8828,#8829),(#8830,#8831,#8832,#8833),(#8834,#8835,#8836,#8837)),
 .UNSPECIFIED.,.F.,.F.,.F.,(4,4),(4,4),(0.,1.),(0.,1.),.UNSPECIFIED.);
#91=B_SPLINE_SURFACE_WITH_KNOTS('',3,3,((#9074,#9075,#9076,#9077,#9078,
#9079,#9080,#9081,#9082,#9083,#9084,#9085,#9086),(#9087,#9088,#9089,#9090,
#9091,#9092,#9093,#9094,#9095,#9096,#9097,#9098,#9099),(#9100,#9101,#9102,
#9103,#9104,#9105,#9106,#9107,#9108,#9109,#9110,#9111,#9112),(#9113,#9114,
#9115,#9116,#9117,#9118,#9119,#9120,#9121,#9122,#9123,#9124,#9125)),
 .UNSPECIFIED.,.F.,.F.,.F.,(4,4),(4,3,3,3,4),(0.,1.),(0.,0.249999876256151,
0.499999752512302,0.749999628768454,1.),.UNSPECIFIED.);
#92=B_SPLINE_SURFACE_WITH_KNOTS('',3,3,((#9242,#9243,#9244,#9245,#9246,
#9247,#9248,#9249,#9250,#9251,#9252,#9253,#9254),(#9255,#9256,#9257,#9258,
#9259,#9260,#9261,#9262,#9263,#9264,#9265,#9266,#9267),(#9268,#9269,#9270,
#9271,#9272,#9273,#9274,#9275,#9276,#9277,#9278,#9279,#9280),(#9281,#9282,
#9283,#9284,#9285,#9286,#9287,#9288,#9289,#9290,#9291,#9292,#9293)),
 .UNSPECIFIED.,.F.,.F.,.F.,(4,4),(4,3,3,3,4),(0.,1.),(0.,0.250000371232704,
0.500000247488469,0.750000123744235,1.),.UNSPECIFIED.);
#93=B_SPLINE_SURFACE_WITH_KNOTS('',3,3,((#9448,#9449,#9450,#9451,#9452,
#9453,#9454,#9455,#9456,#9457,#9458,#9459,#9460),(#9461,#9462,#9463,#9464,
#9465,#9466,#9467,#9468,#9469,#9470,#9471,#9472,#9473),(#9474,#9475,#9476,
#9477,#9478,#9479,#9480,#9481,#9482,#9483,#9484,#9485,#9486),(#9487,#9488,
#9489,#9490,#9491,#9492,#9493,#9494,#9495,#9496,#9497,#9498,#9499)),
 .UNSPECIFIED.,.F.,.F.,.F.,(4,4),(4,3,3,3,4),(0.,1.),(0.,0.250000371232704,
0.500000247488469,0.750000123744235,1.),.UNSPECIFIED.);
#94=B_SPLINE_SURFACE_WITH_KNOTS('',3,3,((#9721,#9722,#9723,#9724),(#9725,
#9726,#9727,#9728),(#9729,#9730,#9731,#9732),(#9733,#9734,#9735,#9736)),
 .UNSPECIFIED.,.F.,.F.,.F.,(4,4),(4,4),(0.,1.),(0.,1.),.UNSPECIFIED.);
#95=B_SPLINE_SURFACE_WITH_KNOTS('',3,3,((#9756,#9757,#9758,#9759),(#9760,
#9761,#9762,#9763),(#9764,#9765,#9766,#9767),(#9768,#9769,#9770,#9771)),
 .UNSPECIFIED.,.F.,.F.,.F.,(4,4),(4,4),(0.,1.),(0.,1.),.UNSPECIFIED.);
#96=B_SPLINE_SURFACE_WITH_KNOTS('',3,3,((#9812,#9813,#9814,#9815),(#9816,
#9817,#9818,#9819),(#9820,#9821,#9822,#9823),(#9824,#9825,#9826,#9827)),
 .UNSPECIFIED.,.F.,.F.,.F.,(4,4),(4,4),(0.,1.),(0.,1.),.UNSPECIFIED.);
#97=B_SPLINE_SURFACE_WITH_KNOTS('',3,3,((#9908,#9909,#9910,#9911),(#9912,
#9913,#9914,#9915),(#9916,#9917,#9918,#9919),(#9920,#9921,#9922,#9923)),
 .UNSPECIFIED.,.F.,.F.,.F.,(4,4),(4,4),(0.,1.),(0.,1.),.UNSPECIFIED.);
#98=B_SPLINE_SURFACE_WITH_KNOTS('',3,3,((#10112,#10113,#10114,#10115),(#10116,
#10117,#10118,#10119),(#10120,#10121,#10122,#10123),(#10124,#10125,#10126,
#10127),(#10128,#10129,#10130,#10131),(#10132,#10133,#10134,#10135),(#10136,
#10137,#10138,#10139),(#10140,#10141,#10142,#10143),(#10144,#10145,#10146,
#10147),(#10148,#10149,#10150,#10151),(#10152,#10153,#10154,#10155),(#10156,
#10157,#10158,#10159),(#10160,#10161,#10162,#10163),(#10164,#10165,#10166,
#10167),(#10168,#10169,#10170,#10171),(#10172,#10173,#10174,#10175),(#10176,
#10177,#10178,#10179),(#10180,#10181,#10182,#10183),(#10184,#10185,#10186,
#10187),(#10188,#10189,#10190,#10191),(#10192,#10193,#10194,#10195),(#10196,
#10197,#10198,#10199),(#10200,#10201,#10202,#10203),(#10204,#10205,#10206,
#10207),(#10208,#10209,#10210,#10211),(#10212,#10213,#10214,#10215),(#10216,
#10217,#10218,#10219),(#10220,#10221,#10222,#10223),(#10224,#10225,#10226,
#10227),(#10228,#10229,#10230,#10231),(#10232,#10233,#10234,#10235),(#10236,
#10237,#10238,#10239),(#10240,#10241,#10242,#10243),(#10244,#10245,#10246,
#10247),(#10248,#10249,#10250,#10251),(#10252,#10253,#10254,#10255),(#10256,
#10257,#10258,#10259),(#10260,#10261,#10262,#10263),(#10264,#10265,#10266,
#10267),(#10268,#10269,#10270,#10271),(#10272,#10273,#10274,#10275),(#10276,
#10277,#10278,#10279),(#10280,#10281,#10282,#10283),(#10284,#10285,#10286,
#10287),(#10288,#10289,#10290,#10291),(#10292,#10293,#10294,#10295),(#10296,
#10297,#10298,#10299),(#10300,#10301,#10302,#10303),(#10304,#10305,#10306,
#10307),(#10308,#10309,#10310,#10311),(#10312,#10313,#10314,#10315),(#10316,
#10317,#10318,#10319),(#10320,#10321,#10322,#10323),(#10324,#10325,#10326,
#10327),(#10328,#10329,#10330,#10331),(#10332,#10333,#10334,#10335),(#10336,
#10337,#10338,#10339),(#10340,#10341,#10342,#10343),(#10344,#10345,#10346,
#10347),(#10348,#10349,#10350,#10351),(#10352,#10353,#10354,#10355),(#10356,
#10357,#10358,#10359),(#10360,#10361,#10362,#10363),(#10364,#10365,#10366,
#10367),(#10368,#10369,#10370,#10371),(#10372,#10373,#10374,#10375),(#10376,
#10377,#10378,#10379),(#10380,#10381,#10382,#10383),(#10384,#10385,#10386,
#10387),(#10388,#10389,#10390,#10391),(#10392,#10393,#10394,#10395),(#10396,
#10397,#10398,#10399),(#10400,#10401,#10402,#10403),(#10404,#10405,#10406,
#10407),(#10408,#10409,#10410,#10411),(#10412,#10413,#10414,#10415),(#10416,
#10417,#10418,#10419),(#10420,#10421,#10422,#10423)),.UNSPECIFIED.,.T.,
 .F.,.F.,(1,3,2,2,2,2,2,2,2,2,2,2,2,2,2,2,2,2,2,2,2,2,2,2,2,2,2,2,2,2,2,
2,2,2,2,2,2,2,2,3,1),(4,4),(-0.03125,0.,0.03125,0.0625,0.09375,0.125,0.15625,
0.1875,0.21875,0.25,0.28125,0.3125,0.34375,0.375,0.40625,0.421875,0.4375,
0.453125,0.46875,0.484375,0.5,0.515625,0.53125,0.546875,0.5625,0.578125,
0.59375,0.625,0.65625,0.6875,0.71875,0.75,0.78125,0.8125,0.84375,0.875,
0.90625,0.9375,0.96875,1.,1.03125),(0.,1.),.UNSPECIFIED.);
#99=SURFACE_OF_LINEAR_EXTRUSION('',#1057,#4783);
#100=(
BOUNDED_SURFACE()
B_SPLINE_SURFACE(3,2,((#6765,#6766,#6767),(#6768,#6769,#6770),(#6771,#6772,
#6773),(#6774,#6775,#6776)),.UNSPECIFIED.,.F.,.F.,.F.)
B_SPLINE_SURFACE_WITH_KNOTS((4,4),(3,3),(0.,1.),(0.,1.),.UNSPECIFIED.)
GEOMETRIC_REPRESENTATION_ITEM()
RATIONAL_B_SPLINE_SURFACE(((1.,0.707106781186547,1.),(1.,0.736030799225921,
1.),(1.,0.762065649580894,1.),(1.,0.783515256912534,1.)))
REPRESENTATION_ITEM('')
SURFACE()
);
#101=(
BOUNDED_SURFACE()
B_SPLINE_SURFACE(3,2,((#6778,#6779,#6780),(#6781,#6782,#6783),(#6784,#6785,
#6786),(#6787,#6788,#6789)),.UNSPECIFIED.,.F.,.F.,.F.)
B_SPLINE_SURFACE_WITH_KNOTS((4,4),(3,3),(0.,1.),(0.,1.),.UNSPECIFIED.)
GEOMETRIC_REPRESENTATION_ITEM()
RATIONAL_B_SPLINE_SURFACE(((1.,0.985992770361559,1.),(1.,0.970783282630886,
1.),(1.,0.875110024352239,1.),(1.,0.774730733290009,1.)))
REPRESENTATION_ITEM('')
SURFACE()
);
#102=(
BOUNDED_SURFACE()
B_SPLINE_SURFACE(3,2,((#7216,#7217,#7218),(#7219,#7220,#7221),(#7222,#7223,
#7224),(#7225,#7226,#7227)),.UNSPECIFIED.,.F.,.F.,.F.)
B_SPLINE_SURFACE_WITH_KNOTS((4,4),(3,3),(0.,1.),(0.,1.),.UNSPECIFIED.)
GEOMETRIC_REPRESENTATION_ITEM()
RATIONAL_B_SPLINE_SURFACE(((1.,1.,1.),(1.,1.00057665309177,1.),(1.,0.810829833513549,
1.),(1.,0.707106781186547,1.)))
REPRESENTATION_ITEM('')
SURFACE()
);
#103=(
BOUNDED_SURFACE()
B_SPLINE_SURFACE(3,2,((#7228,#7229,#7230),(#7231,#7232,#7233),(#7234,#7235,
#7236),(#7237,#7238,#7239)),.UNSPECIFIED.,.F.,.F.,.F.)
B_SPLINE_SURFACE_WITH_KNOTS((4,4),(3,3),(0.,1.),(0.,1.),.UNSPECIFIED.)
GEOMETRIC_REPRESENTATION_ITEM()
RATIONAL_B_SPLINE_SURFACE(((1.,1.,1.),(1.,1.00057665309177,1.),(1.,0.810829833513548,
1.),(1.,0.707106781186547,1.)))
REPRESENTATION_ITEM('')
SURFACE()
);
#104=(
BOUNDED_SURFACE()
B_SPLINE_SURFACE(3,2,((#7241,#7242,#7243),(#7244,#7245,#7246),(#7247,#7248,
#7249),(#7250,#7251,#7252)),.UNSPECIFIED.,.F.,.F.,.F.)
B_SPLINE_SURFACE_WITH_KNOTS((4,4),(3,3),(0.,1.),(0.,1.),.UNSPECIFIED.)
GEOMETRIC_REPRESENTATION_ITEM()
RATIONAL_B_SPLINE_SURFACE(((1.,1.,1.),(1.,0.980098019291164,1.),(1.,0.749603566320033,
1.),(1.,0.707106781186548,1.)))
REPRESENTATION_ITEM('')
SURFACE()
);
#105=(
BOUNDED_SURFACE()
B_SPLINE_SURFACE(3,2,((#7274,#7275,#7276),(#7277,#7278,#7279),(#7280,#7281,
#7282),(#7283,#7284,#7285)),.UNSPECIFIED.,.F.,.F.,.F.)
B_SPLINE_SURFACE_WITH_KNOTS((4,4),(3,3),(0.,1.),(0.,1.),.UNSPECIFIED.)
GEOMETRIC_REPRESENTATION_ITEM()
RATIONAL_B_SPLINE_SURFACE(((1.,1.,1.),(1.,0.980098019291164,1.),(1.,0.749603566320033,
1.),(1.,0.707106781186548,1.)))
REPRESENTATION_ITEM('')
SURFACE()
);
#106=(
BOUNDED_SURFACE()
B_SPLINE_SURFACE(3,2,((#7287,#7288,#7289),(#7290,#7291,#7292),(#7293,#7294,
#7295),(#7296,#7297,#7298)),.UNSPECIFIED.,.F.,.F.,.F.)
B_SPLINE_SURFACE_WITH_KNOTS((4,4),(3,3),(0.,1.),(0.,1.),.UNSPECIFIED.)
GEOMETRIC_REPRESENTATION_ITEM()
RATIONAL_B_SPLINE_SURFACE(((1.,0.707106781186548,1.),(1.,0.707106781186548,
1.),(1.,0.707106781186548,1.),(1.,0.707106781186548,1.)))
REPRESENTATION_ITEM('')
SURFACE()
);
#107=(
BOUNDED_SURFACE()
B_SPLINE_SURFACE(3,2,((#7320,#7321,#7322),(#7323,#7324,#7325),(#7326,#7327,
#7328),(#7329,#7330,#7331),(#7332,#7333,#7334),(#7335,#7336,#7337),(#7338,
#7339,#7340),(#7341,#7342,#7343),(#7344,#7345,#7346),(#7347,#7348,#7349)),
 .UNSPECIFIED.,.F.,.F.,.F.)
B_SPLINE_SURFACE_WITH_KNOTS((4,2,2,2,4),(3,3),(0.,0.25,0.5,0.75,1.),(0.,
1.),.UNSPECIFIED.)
GEOMETRIC_REPRESENTATION_ITEM()
RATIONAL_B_SPLINE_SURFACE(((1.,0.707106781186548,1.),(1.,0.782878552668444,
1.),(1.,0.858832265340343,1.),(1.,0.951524274791695,1.),(1.,0.99580916876334,
1.),(1.,0.992227233910539,1.),(1.,0.94996135513911,1.),(1.,0.857173094336074,
1.),(1.,0.780897174849062,1.),(1.,0.707106781186547,1.)))
REPRESENTATION_ITEM('')
SURFACE()
);
#108=(
BOUNDED_SURFACE()
B_SPLINE_SURFACE(3,2,((#7350,#7351,#7352),(#7353,#7354,#7355),(#7356,#7357,
#7358),(#7359,#7360,#7361)),.UNSPECIFIED.,.F.,.F.,.F.)
B_SPLINE_SURFACE_WITH_KNOTS((4,4),(3,3),(0.,1.),(0.,1.),.UNSPECIFIED.)
GEOMETRIC_REPRESENTATION_ITEM()
RATIONAL_B_SPLINE_SURFACE(((1.,0.707106781186548,1.),(1.,0.707106781186548,
1.),(1.,0.707106781186547,1.),(1.,0.707106781186547,1.)))
REPRESENTATION_ITEM('')
SURFACE()
);
#109=(
BOUNDED_SURFACE()
B_SPLINE_SURFACE(3,2,((#7413,#7414,#7415),(#7416,#7417,#7418),(#7419,#7420,
#7421),(#7422,#7423,#7424),(#7425,#7426,#7427),(#7428,#7429,#7430)),
 .UNSPECIFIED.,.F.,.F.,.F.)
B_SPLINE_SURFACE_WITH_KNOTS((4,2,4),(3,3),(0.,0.5,1.),(0.,1.),
 .UNSPECIFIED.)
GEOMETRIC_REPRESENTATION_ITEM()
RATIONAL_B_SPLINE_SURFACE(((1.,0.169007293116778,1.),(1.,0.194924999502194,
1.),(1.,0.337049462045335,1.),(1.,0.571460818584325,1.),(1.,0.683052471941075,
1.),(1.,0.758052480611428,1.)))
REPRESENTATION_ITEM('')
SURFACE()
);
#110=(
BOUNDED_SURFACE()
B_SPLINE_SURFACE(3,2,((#7435,#7436,#7437),(#7438,#7439,#7440),(#7441,#7442,
#7443),(#7444,#7445,#7446),(#7447,#7448,#7449),(#7450,#7451,#7452)),
 .UNSPECIFIED.,.F.,.F.,.F.)
B_SPLINE_SURFACE_WITH_KNOTS((4,2,4),(3,3),(0.,0.5,1.),(0.,1.),
 .UNSPECIFIED.)
GEOMETRIC_REPRESENTATION_ITEM()
RATIONAL_B_SPLINE_SURFACE(((1.,0.758052480612289,1.),(1.,0.683589467108135,
1.),(1.,0.570051900115083,1.),(1.,0.337159496757623,1.),(1.,0.193590806707261,
1.),(1.,0.169007293105918,1.)))
REPRESENTATION_ITEM('')
SURFACE()
);
#111=(
BOUNDED_SURFACE()
B_SPLINE_SURFACE(3,2,((#8925,#8926,#8927),(#8928,#8929,#8930),(#8931,#8932,
#8933),(#8934,#8935,#8936),(#8937,#8938,#8939),(#8940,#8941,#8942),(#8943,
#8944,#8945),(#8946,#8947,#8948),(#8949,#8950,#8951),(#8952,#8953,#8954),
(#8955,#8956,#8957),(#8958,#8959,#8960),(#8961,#8962,#8963),(#8964,#8965,
#8966),(#8967,#8968,#8969),(#8970,#8971,#8972),(#8973,#8974,#8975),(#8976,
#8977,#8978)),.UNSPECIFIED.,.F.,.F.,.F.)
B_SPLINE_SURFACE_WITH_KNOTS((4,2,2,2,2,2,2,2,4),(3,3),(0.,0.125,0.25,0.375,
0.5,0.625,0.75,0.875,1.),(0.,1.),.UNSPECIFIED.)
GEOMETRIC_REPRESENTATION_ITEM()
RATIONAL_B_SPLINE_SURFACE(((1.,1.,1.),(1.,0.999999536083674,1.),(1.,0.999473632370461,
1.),(1.,0.997473162969222,1.),(1.,0.995971152251012,1.),(1.,0.992285580339929,
1.),(1.,0.990105225309555,1.),(1.,0.985324591031344,1.),(1.,0.982729111590997,
1.),(1.,0.977743913766801,1.),(1.,0.975331036936804,1.),(1.,0.97103104384725,
1.),(1.,0.969213741780288,1.),(1.,0.966572126315767,1.),(1.,0.965743482303184,
1.),(1.,0.96533019321709,1.),(1.,0.965721195603867,1.),(1.,0.966714240927692,
1.)))
REPRESENTATION_ITEM('')
SURFACE()
);
#112=(
BOUNDED_SURFACE()
B_SPLINE_SURFACE(3,2,((#9210,#9211,#9212),(#9213,#9214,#9215),(#9216,#9217,
#9218),(#9219,#9220,#9221)),.UNSPECIFIED.,.F.,.F.,.F.)
B_SPLINE_SURFACE_WITH_KNOTS((4,4),(3,3),(0.,1.),(0.,1.),.UNSPECIFIED.)
GEOMETRIC_REPRESENTATION_ITEM()
RATIONAL_B_SPLINE_SURFACE(((1.,0.678069320765386,1.),(1.,0.659578979711494,
1.),(1.,0.64146548594282,1.),(1.,0.62371764567708,1.)))
REPRESENTATION_ITEM('')
SURFACE()
);
#113=(
BOUNDED_SURFACE()
B_SPLINE_SURFACE(3,2,((#9369,#9370,#9371),(#9372,#9373,#9374),(#9375,#9376,
#9377),(#9378,#9379,#9380),(#9381,#9382,#9383),(#9384,#9385,#9386),(#9387,
#9388,#9389),(#9390,#9391,#9392),(#9393,#9394,#9395),(#9396,#9397,#9398),
(#9399,#9400,#9401),(#9402,#9403,#9404),(#9405,#9406,#9407),(#9408,#9409,
#9410),(#9411,#9412,#9413),(#9414,#9415,#9416),(#9417,#9418,#9419),(#9420,
#9421,#9422)),.UNSPECIFIED.,.F.,.F.,.F.)
B_SPLINE_SURFACE_WITH_KNOTS((4,2,2,2,2,2,2,2,4),(3,3),(0.,0.125,0.25,0.375,
0.5,0.625,0.75,0.875,1.),(0.,1.),.UNSPECIFIED.)
GEOMETRIC_REPRESENTATION_ITEM()
RATIONAL_B_SPLINE_SURFACE(((1.00000010210874,0.779208228395022,1.),(1.00000010176867,
0.779943573912962,1.),(1.00000010208966,0.779249482081751,1.),(1.000000104046,
0.775019237314501,1.),(1.000000105646,0.771559541799444,1.),(1.00000010992599,
0.762304834839269,1.),(1.00000011265039,0.756413807647335,1.),(1.00000011885135,
0.743005341793549,1.),(1.00000012231541,0.735514940281767,1.),(1.00000012977129,
0.719392930668254,1.),(1.00000013379508,0.71069221915328,1.),(1.00000014183459,
0.693308218108157,1.),(1.00000014588573,0.684548356364732,1.),(1.00000015381639,
0.667399742193971,1.),(1.00000015766074,0.659087023428256,1.),(1.00000016463185,
0.644013254909644,1.),(1.00000016779771,0.637167649930457,1.),(1.00000017053704,
0.631244331336266,1.)))
REPRESENTATION_ITEM('')
SURFACE()
);
#114=(
BOUNDED_SURFACE()
B_SPLINE_SURFACE(3,2,((#9520,#9521,#9522),(#9523,#9524,#9525),(#9526,#9527,
#9528),(#9529,#9530,#9531)),.UNSPECIFIED.,.F.,.F.,.F.)
B_SPLINE_SURFACE_WITH_KNOTS((4,4),(3,3),(0.,1.),(0.,1.),.UNSPECIFIED.)
GEOMETRIC_REPRESENTATION_ITEM()
RATIONAL_B_SPLINE_SURFACE(((1.,0.678069321443754,1.),(1.,0.659578963229483,
1.),(1.,0.641465488733873,1.),(1.,0.623717645884125,1.)))
REPRESENTATION_ITEM('')
SURFACE()
);
#115=(
BOUNDED_SURFACE()
B_SPLINE_SURFACE(3,2,((#9557,#9558,#9559),(#9560,#9561,#9562),(#9563,#9564,
#9565),(#9566,#9567,#9568),(#9569,#9570,#9571),(#9572,#9573,#9574),(#9575,
#9576,#9577),(#9578,#9579,#9580),(#9581,#9582,#9583),(#9584,#9585,#9586),
(#9587,#9588,#9589),(#9590,#9591,#9592),(#9593,#9594,#9595),(#9596,#9597,
#9598),(#9599,#9600,#9601),(#9602,#9603,#9604),(#9605,#9606,#9607),(#9608,
#9609,#9610)),.UNSPECIFIED.,.F.,.F.,.F.)
B_SPLINE_SURFACE_WITH_KNOTS((4,2,2,2,2,2,2,2,4),(3,3),(0.,0.125,0.25,0.375,
0.5,0.625,0.75,0.875,1.),(0.,1.),.UNSPECIFIED.)
GEOMETRIC_REPRESENTATION_ITEM()
RATIONAL_B_SPLINE_SURFACE(((1.,0.779208200726573,1.00000015744567),(1.,
0.779943546335771,1.0000001569213),(1.,0.77924945441966,1.00000015741625),
(1.,0.775019209119921,1.00000016043282),(1.,0.771559513173152,1.00000016289991),
(1.,0.762304805051924,1.00000016949941),(1.,0.756413777121887,1.00000017370027),
(1.,0.743005309588871,1.00000018326179),(1.,0.735514907138822,1.00000018860317),
(1.,0.719392895503155,1.0000002000997),(1.,0.710692182899683,1.00000020630414),
(1.,0.693308179674262,1.0000002187006),(1.,0.68454831683283,1.00000022494722),
(1.,0.667399700515459,1.00000023717582),(1.,0.659086980706597,1.00000024310359),
(1.,0.644013210299542,1.00000025385263),(1.,0.637167604462044,1.0000002587342),
(1.,0.63124428512577,1.00000026295809)))
REPRESENTATION_ITEM('')
SURFACE()
);
#116=(
BOUNDED_SURFACE()
B_SPLINE_SURFACE(3,2,((#9627,#9628,#9629),(#9630,#9631,#9632),(#9633,#9634,
#9635),(#9636,#9637,#9638),(#9639,#9640,#9641),(#9642,#9643,#9644),(#9645,
#9646,#9647),(#9648,#9649,#9650),(#9651,#9652,#9653),(#9654,#9655,#9656),
(#9657,#9658,#9659),(#9660,#9661,#9662)),.UNSPECIFIED.,.F.,.F.,.F.)
B_SPLINE_SURFACE_WITH_KNOTS((4,2,2,2,2,4),(3,3),(0.,0.25,0.5,0.625,0.75,
1.),(0.,1.),.UNSPECIFIED.)
GEOMETRIC_REPRESENTATION_ITEM()
RATIONAL_B_SPLINE_SURFACE(((1.00012226852347,0.707170982199236,1.00013027353534),
(1.0001234789493,0.704272052869836,1.00013156320866),(1.00012255242852,
0.706491039099715,1.00013057602787),(1.0001178024356,0.717867113023444,
1.00012551504935),(1.0001139478131,0.727098804778987,1.00012140806183),
(1.00010807245433,0.741170092220061,1.00011514803892),(1.00010606568661,
0.745976233687601,1.00011300988661),(1.00010239041371,0.75477838915992,
1.00010909399084),(1.00010071415213,0.758792979496386,1.00010730798316),
(1.00009647130616,0.768954453457241,1.00010278735488),(1.00009478909231,
0.772983299278438,1.00010099500523),(1.00009482237259,0.772903594128729,
1.00010103046439)))
REPRESENTATION_ITEM('')
SURFACE()
);
#117=(
BOUNDED_SURFACE()
B_SPLINE_SURFACE(3,2,((#9792,#9793,#9794),(#9795,#9796,#9797),(#9798,#9799,
#9800),(#9801,#9802,#9803)),.UNSPECIFIED.,.F.,.F.,.F.)
B_SPLINE_SURFACE_WITH_KNOTS((4,4),(3,3),(0.,1.),(0.,1.),.UNSPECIFIED.)
GEOMETRIC_REPRESENTATION_ITEM()
RATIONAL_B_SPLINE_SURFACE(((1.,0.651425854938333,1.),(1.,0.682579928185453,
1.),(1.,0.711669564789515,1.),(1.,0.738990016381854,1.)))
REPRESENTATION_ITEM('')
SURFACE()
);
#118=(
BOUNDED_SURFACE()
B_SPLINE_SURFACE(3,2,((#9853,#9854,#9855),(#9856,#9857,#9858),(#9859,#9860,
#9861),(#9862,#9863,#9864),(#9865,#9866,#9867),(#9868,#9869,#9870),(#9871,
#9872,#9873),(#9874,#9875,#9876),(#9877,#9878,#9879),(#9880,#9881,#9882),
(#9883,#9884,#9885),(#9886,#9887,#9888)),.UNSPECIFIED.,.F.,.F.,.F.)
B_SPLINE_SURFACE_WITH_KNOTS((4,2,2,2,2,4),(3,3),(0.,0.25,0.5,0.625,0.75,
1.),(0.,1.),.UNSPECIFIED.)
GEOMETRIC_REPRESENTATION_ITEM()
RATIONAL_B_SPLINE_SURFACE(((1.00012226852168,0.707170982200703,1.00013027353419),
(1.0001234789475,0.70427205287121,1.0001315632075),(1.00012255242673,0.706491039101331,
1.00013057602672),(1.00011780243388,0.717867113024712,1.00012551504825),
(1.00011394781144,0.727098804781083,1.00012140806076),(1.00010807245275,
0.741170092220991,1.0001151480379),(1.00010606568506,0.745976233687409,
1.00011300988561),(1.00010239041222,0.754778389162614,1.00010909398988),
(1.00010071415066,0.758792979497447,1.00010730798221),(1.00009647130475,
0.768954453458691,1.00010278735398),(1.00009478909093,0.772983299279355,
1.00010099500434),(1.0000948223712,0.772903594129868,1.0001010304635)))
REPRESENTATION_ITEM('')
SURFACE()
);
#119=(
BOUNDED_SURFACE()
B_SPLINE_SURFACE(3,2,((#9976,#9977,#9978),(#9979,#9980,#9981),(#9982,#9983,
#9984),(#9985,#9986,#9987),(#9988,#9989,#9990),(#9991,#9992,#9993),(#9994,
#9995,#9996),(#9997,#9998,#9999),(#10000,#10001,#10002),(#10003,#10004,
#10005),(#10006,#10007,#10008),(#10009,#10010,#10011)),.UNSPECIFIED.,.F.,
 .F.,.F.)
B_SPLINE_SURFACE_WITH_KNOTS((4,2,2,2,2,4),(3,3),(0.,0.25,0.5,0.625,0.75,
1.),(0.,1.),.UNSPECIFIED.)
GEOMETRIC_REPRESENTATION_ITEM()
RATIONAL_B_SPLINE_SURFACE(((1.00000201105139,0.707296247651712,1.),(1.00000203096027,
0.704398558416294,1.),(1.00000201572101,0.706616595416932,1.),(1.00000193759396,
0.717987802918712,1.),(1.0000018741938,0.727215545573126,1.),(1.00000177755692,
0.741280813642287,1.),(1.00000174454995,0.746084899155086,1.),(1.0000016840997,
0.75488328926915,1.),(1.00000165652884,0.758896162258287,1.),(1.00000158674325,
0.769053289373955,1.),(1.00000155907449,0.773080411751565,1.),(1.00000155962188,
0.77300074069655,1.)))
REPRESENTATION_ITEM('')
SURFACE()
);
#120=OVER_RIDING_STYLED_ITEM('',(#219),#1500,#213);
#121=OVER_RIDING_STYLED_ITEM('',(#220),#1501,#213);
#122=OVER_RIDING_STYLED_ITEM('',(#221),#1502,#213);
#123=OVER_RIDING_STYLED_ITEM('',(#222),#1503,#213);
#124=OVER_RIDING_STYLED_ITEM('',(#223),#1504,#213);
#125=OVER_RIDING_STYLED_ITEM('',(#224),#1505,#213);
#126=OVER_RIDING_STYLED_ITEM('',(#225),#1506,#213);
#127=OVER_RIDING_STYLED_ITEM('',(#226),#1507,#213);
#128=OVER_RIDING_STYLED_ITEM('',(#227),#1508,#213);
#129=OVER_RIDING_STYLED_ITEM('',(#228),#1509,#213);
#130=OVER_RIDING_STYLED_ITEM('',(#229),#1510,#213);
#131=OVER_RIDING_STYLED_ITEM('',(#230),#1511,#213);
#132=OVER_RIDING_STYLED_ITEM('',(#231),#1512,#213);
#133=OVER_RIDING_STYLED_ITEM('',(#232),#1513,#213);
#134=OVER_RIDING_STYLED_ITEM('',(#233),#1514,#213);
#135=OVER_RIDING_STYLED_ITEM('',(#234),#1515,#213);
#136=OVER_RIDING_STYLED_ITEM('',(#235),#1516,#213);
#137=OVER_RIDING_STYLED_ITEM('',(#236),#1517,#213);
#138=OVER_RIDING_STYLED_ITEM('',(#237),#1518,#213);
#139=OVER_RIDING_STYLED_ITEM('',(#238),#1519,#213);
#140=OVER_RIDING_STYLED_ITEM('',(#239),#1520,#213);
#141=OVER_RIDING_STYLED_ITEM('',(#240),#1521,#213);
#142=OVER_RIDING_STYLED_ITEM('',(#241),#1522,#213);
#143=OVER_RIDING_STYLED_ITEM('',(#242),#1523,#213);
#144=OVER_RIDING_STYLED_ITEM('',(#243),#1524,#213);
#145=OVER_RIDING_STYLED_ITEM('',(#244),#1525,#213);
#146=OVER_RIDING_STYLED_ITEM('',(#245),#1526,#213);
#147=OVER_RIDING_STYLED_ITEM('',(#246),#1527,#213);
#148=OVER_RIDING_STYLED_ITEM('',(#247),#1528,#213);
#149=OVER_RIDING_STYLED_ITEM('',(#248),#1529,#213);
#150=OVER_RIDING_STYLED_ITEM('',(#249),#1530,#213);
#151=OVER_RIDING_STYLED_ITEM('',(#250),#1531,#213);
#152=OVER_RIDING_STYLED_ITEM('',(#251),#1532,#213);
#153=OVER_RIDING_STYLED_ITEM('',(#253),#1533,#214);
#154=OVER_RIDING_STYLED_ITEM('',(#254),#1534,#214);
#155=OVER_RIDING_STYLED_ITEM('',(#255),#1535,#214);
#156=OVER_RIDING_STYLED_ITEM('',(#256),#1536,#214);
#157=OVER_RIDING_STYLED_ITEM('',(#257),#1537,#214);
#158=OVER_RIDING_STYLED_ITEM('',(#258),#1538,#214);
#159=OVER_RIDING_STYLED_ITEM('',(#259),#1539,#214);
#160=OVER_RIDING_STYLED_ITEM('',(#260),#1540,#214);
#161=OVER_RIDING_STYLED_ITEM('',(#261),#1541,#214);
#162=OVER_RIDING_STYLED_ITEM('',(#262),#1542,#214);
#163=OVER_RIDING_STYLED_ITEM('',(#263),#1543,#214);
#164=OVER_RIDING_STYLED_ITEM('',(#264),#1544,#214);
#165=OVER_RIDING_STYLED_ITEM('',(#265),#1545,#214);
#166=OVER_RIDING_STYLED_ITEM('',(#266),#1546,#214);
#167=OVER_RIDING_STYLED_ITEM('',(#267),#1547,#214);
#168=OVER_RIDING_STYLED_ITEM('',(#268),#1548,#214);
#169=OVER_RIDING_STYLED_ITEM('',(#269),#1549,#214);
#170=OVER_RIDING_STYLED_ITEM('',(#270),#1550,#214);
#171=OVER_RIDING_STYLED_ITEM('',(#271),#1551,#214);
#172=OVER_RIDING_STYLED_ITEM('',(#272),#1552,#214);
#173=OVER_RIDING_STYLED_ITEM('',(#273),#1553,#214);
#174=OVER_RIDING_STYLED_ITEM('',(#274),#1554,#214);
#175=OVER_RIDING_STYLED_ITEM('',(#275),#1555,#214);
#176=OVER_RIDING_STYLED_ITEM('',(#276),#1556,#214);
#177=OVER_RIDING_STYLED_ITEM('',(#277),#1557,#214);
#178=OVER_RIDING_STYLED_ITEM('',(#278),#1558,#214);
#179=OVER_RIDING_STYLED_ITEM('',(#279),#1559,#214);
#180=OVER_RIDING_STYLED_ITEM('',(#280),#1560,#214);
#181=OVER_RIDING_STYLED_ITEM('',(#281),#1561,#214);
#182=OVER_RIDING_STYLED_ITEM('',(#282),#1562,#214);
#183=OVER_RIDING_STYLED_ITEM('',(#283),#1563,#214);
#184=OVER_RIDING_STYLED_ITEM('',(#284),#1564,#214);
#185=OVER_RIDING_STYLED_ITEM('',(#285),#1565,#214);
#186=OVER_RIDING_STYLED_ITEM('',(#286),#1566,#214);
#187=OVER_RIDING_STYLED_ITEM('',(#287),#1567,#214);
#188=OVER_RIDING_STYLED_ITEM('',(#288),#1568,#214);
#189=OVER_RIDING_STYLED_ITEM('',(#289),#1569,#214);
#190=OVER_RIDING_STYLED_ITEM('',(#290),#1570,#214);
#191=OVER_RIDING_STYLED_ITEM('',(#291),#1571,#214);
#192=OVER_RIDING_STYLED_ITEM('',(#292),#1572,#214);
#193=OVER_RIDING_STYLED_ITEM('',(#293),#1573,#214);
#194=OVER_RIDING_STYLED_ITEM('',(#294),#1574,#214);
#195=OVER_RIDING_STYLED_ITEM('',(#295),#1575,#214);
#196=OVER_RIDING_STYLED_ITEM('',(#296),#1576,#214);
#197=OVER_RIDING_STYLED_ITEM('',(#297),#1577,#214);
#198=OVER_RIDING_STYLED_ITEM('',(#298),#1578,#214);
#199=OVER_RIDING_STYLED_ITEM('',(#299),#1579,#214);
#200=OVER_RIDING_STYLED_ITEM('',(#300),#1580,#214);
#201=OVER_RIDING_STYLED_ITEM('',(#301),#1581,#214);
#202=OVER_RIDING_STYLED_ITEM('',(#302),#1582,#214);
#203=OVER_RIDING_STYLED_ITEM('',(#303),#1583,#214);
#204=OVER_RIDING_STYLED_ITEM('',(#304),#1584,#214);
#205=OVER_RIDING_STYLED_ITEM('',(#305),#1585,#214);
#206=OVER_RIDING_STYLED_ITEM('',(#306),#1586,#214);
#207=OVER_RIDING_STYLED_ITEM('',(#308),#1587,#215);
#208=OVER_RIDING_STYLED_ITEM('',(#309),#1588,#215);
#209=OVER_RIDING_STYLED_ITEM('',(#310),#1589,#215);
#210=OVER_RIDING_STYLED_ITEM('',(#311),#1590,#215);
#211=COLOUR_RGB('medium steel',0.596078431372549,0.666666666666667,0.686274509803922);
#212=PRESENTATION_LAYER_ASSIGNMENT('1','Layer 1',(#795,#796,#797,#798,#799));
#213=STYLED_ITEM('',(#218),#795);
#214=STYLED_ITEM('',(#252),#796);
#215=STYLED_ITEM('',(#307),#797);
#216=STYLED_ITEM('',(#312),#798);
#217=STYLED_ITEM('',(#313),#799);
#218=PRESENTATION_STYLE_ASSIGNMENT((#314));
#219=PRESENTATION_STYLE_ASSIGNMENT((#315));
#220=PRESENTATION_STYLE_ASSIGNMENT((#316));
#221=PRESENTATION_STYLE_ASSIGNMENT((#317));
#222=PRESENTATION_STYLE_ASSIGNMENT((#318));
#223=PRESENTATION_STYLE_ASSIGNMENT((#319));
#224=PRESENTATION_STYLE_ASSIGNMENT((#320));
#225=PRESENTATION_STYLE_ASSIGNMENT((#321));
#226=PRESENTATION_STYLE_ASSIGNMENT((#322));
#227=PRESENTATION_STYLE_ASSIGNMENT((#323));
#228=PRESENTATION_STYLE_ASSIGNMENT((#324));
#229=PRESENTATION_STYLE_ASSIGNMENT((#325));
#230=PRESENTATION_STYLE_ASSIGNMENT((#326));
#231=PRESENTATION_STYLE_ASSIGNMENT((#327));
#232=PRESENTATION_STYLE_ASSIGNMENT((#328));
#233=PRESENTATION_STYLE_ASSIGNMENT((#329));
#234=PRESENTATION_STYLE_ASSIGNMENT((#330));
#235=PRESENTATION_STYLE_ASSIGNMENT((#331));
#236=PRESENTATION_STYLE_ASSIGNMENT((#332));
#237=PRESENTATION_STYLE_ASSIGNMENT((#333));
#238=PRESENTATION_STYLE_ASSIGNMENT((#334));
#239=PRESENTATION_STYLE_ASSIGNMENT((#335));
#240=PRESENTATION_STYLE_ASSIGNMENT((#336));
#241=PRESENTATION_STYLE_ASSIGNMENT((#337));
#242=PRESENTATION_STYLE_ASSIGNMENT((#338));
#243=PRESENTATION_STYLE_ASSIGNMENT((#339));
#244=PRESENTATION_STYLE_ASSIGNMENT((#340));
#245=PRESENTATION_STYLE_ASSIGNMENT((#341));
#246=PRESENTATION_STYLE_ASSIGNMENT((#342));
#247=PRESENTATION_STYLE_ASSIGNMENT((#343));
#248=PRESENTATION_STYLE_ASSIGNMENT((#344));
#249=PRESENTATION_STYLE_ASSIGNMENT((#345));
#250=PRESENTATION_STYLE_ASSIGNMENT((#346));
#251=PRESENTATION_STYLE_ASSIGNMENT((#347));
#252=PRESENTATION_STYLE_ASSIGNMENT((#348));
#253=PRESENTATION_STYLE_ASSIGNMENT((#349));
#254=PRESENTATION_STYLE_ASSIGNMENT((#350));
#255=PRESENTATION_STYLE_ASSIGNMENT((#351));
#256=PRESENTATION_STYLE_ASSIGNMENT((#352));
#257=PRESENTATION_STYLE_ASSIGNMENT((#353));
#258=PRESENTATION_STYLE_ASSIGNMENT((#354));
#259=PRESENTATION_STYLE_ASSIGNMENT((#355));
#260=PRESENTATION_STYLE_ASSIGNMENT((#356));
#261=PRESENTATION_STYLE_ASSIGNMENT((#357));
#262=PRESENTATION_STYLE_ASSIGNMENT((#358));
#263=PRESENTATION_STYLE_ASSIGNMENT((#359));
#264=PRESENTATION_STYLE_ASSIGNMENT((#360));
#265=PRESENTATION_STYLE_ASSIGNMENT((#361));
#266=PRESENTATION_STYLE_ASSIGNMENT((#362));
#267=PRESENTATION_STYLE_ASSIGNMENT((#363));
#268=PRESENTATION_STYLE_ASSIGNMENT((#364));
#269=PRESENTATION_STYLE_ASSIGNMENT((#365));
#270=PRESENTATION_STYLE_ASSIGNMENT((#366));
#271=PRESENTATION_STYLE_ASSIGNMENT((#367));
#272=PRESENTATION_STYLE_ASSIGNMENT((#368));
#273=PRESENTATION_STYLE_ASSIGNMENT((#369));
#274=PRESENTATION_STYLE_ASSIGNMENT((#370));
#275=PRESENTATION_STYLE_ASSIGNMENT((#371));
#276=PRESENTATION_STYLE_ASSIGNMENT((#372));
#277=PRESENTATION_STYLE_ASSIGNMENT((#373));
#278=PRESENTATION_STYLE_ASSIGNMENT((#374));
#279=PRESENTATION_STYLE_ASSIGNMENT((#375));
#280=PRESENTATION_STYLE_ASSIGNMENT((#376));
#281=PRESENTATION_STYLE_ASSIGNMENT((#377));
#282=PRESENTATION_STYLE_ASSIGNMENT((#378));
#283=PRESENTATION_STYLE_ASSIGNMENT((#379));
#284=PRESENTATION_STYLE_ASSIGNMENT((#380));
#285=PRESENTATION_STYLE_ASSIGNMENT((#381));
#286=PRESENTATION_STYLE_ASSIGNMENT((#382));
#287=PRESENTATION_STYLE_ASSIGNMENT((#383));
#288=PRESENTATION_STYLE_ASSIGNMENT((#384));
#289=PRESENTATION_STYLE_ASSIGNMENT((#385));
#290=PRESENTATION_STYLE_ASSIGNMENT((#386));
#291=PRESENTATION_STYLE_ASSIGNMENT((#387));
#292=PRESENTATION_STYLE_ASSIGNMENT((#388));
#293=PRESENTATION_STYLE_ASSIGNMENT((#389));
#294=PRESENTATION_STYLE_ASSIGNMENT((#390));
#295=PRESENTATION_STYLE_ASSIGNMENT((#391));
#296=PRESENTATION_STYLE_ASSIGNMENT((#392));
#297=PRESENTATION_STYLE_ASSIGNMENT((#393));
#298=PRESENTATION_STYLE_ASSIGNMENT((#394));
#299=PRESENTATION_STYLE_ASSIGNMENT((#395));
#300=PRESENTATION_STYLE_ASSIGNMENT((#396));
#301=PRESENTATION_STYLE_ASSIGNMENT((#397));
#302=PRESENTATION_STYLE_ASSIGNMENT((#398));
#303=PRESENTATION_STYLE_ASSIGNMENT((#399));
#304=PRESENTATION_STYLE_ASSIGNMENT((#400));
#305=PRESENTATION_STYLE_ASSIGNMENT((#401));
#306=PRESENTATION_STYLE_ASSIGNMENT((#402));
#307=PRESENTATION_STYLE_ASSIGNMENT((#403));
#308=PRESENTATION_STYLE_ASSIGNMENT((#404));
#309=PRESENTATION_STYLE_ASSIGNMENT((#405));
#310=PRESENTATION_STYLE_ASSIGNMENT((#406));
#311=PRESENTATION_STYLE_ASSIGNMENT((#407));
#312=PRESENTATION_STYLE_ASSIGNMENT((#408));
#313=PRESENTATION_STYLE_ASSIGNMENT((#409));
#314=SURFACE_STYLE_USAGE(.BOTH.,#410);
#315=SURFACE_STYLE_USAGE(.BOTH.,#411);
#316=SURFACE_STYLE_USAGE(.BOTH.,#412);
#317=SURFACE_STYLE_USAGE(.BOTH.,#413);
#318=SURFACE_STYLE_USAGE(.BOTH.,#414);
#319=SURFACE_STYLE_USAGE(.BOTH.,#415);
#320=SURFACE_STYLE_USAGE(.BOTH.,#416);
#321=SURFACE_STYLE_USAGE(.BOTH.,#417);
#322=SURFACE_STYLE_USAGE(.BOTH.,#418);
#323=SURFACE_STYLE_USAGE(.BOTH.,#419);
#324=SURFACE_STYLE_USAGE(.BOTH.,#420);
#325=SURFACE_STYLE_USAGE(.BOTH.,#421);
#326=SURFACE_STYLE_USAGE(.BOTH.,#422);
#327=SURFACE_STYLE_USAGE(.BOTH.,#423);
#328=SURFACE_STYLE_USAGE(.BOTH.,#424);
#329=SURFACE_STYLE_USAGE(.BOTH.,#425);
#330=SURFACE_STYLE_USAGE(.BOTH.,#426);
#331=SURFACE_STYLE_USAGE(.BOTH.,#427);
#332=SURFACE_STYLE_USAGE(.BOTH.,#428);
#333=SURFACE_STYLE_USAGE(.BOTH.,#429);
#334=SURFACE_STYLE_USAGE(.BOTH.,#430);
#335=SURFACE_STYLE_USAGE(.BOTH.,#431);
#336=SURFACE_STYLE_USAGE(.BOTH.,#432);
#337=SURFACE_STYLE_USAGE(.BOTH.,#433);
#338=SURFACE_STYLE_USAGE(.BOTH.,#434);
#339=SURFACE_STYLE_USAGE(.BOTH.,#435);
#340=SURFACE_STYLE_USAGE(.BOTH.,#436);
#341=SURFACE_STYLE_USAGE(.BOTH.,#437);
#342=SURFACE_STYLE_USAGE(.BOTH.,#438);
#343=SURFACE_STYLE_USAGE(.BOTH.,#439);
#344=SURFACE_STYLE_USAGE(.BOTH.,#440);
#345=SURFACE_STYLE_USAGE(.BOTH.,#441);
#346=SURFACE_STYLE_USAGE(.BOTH.,#442);
#347=SURFACE_STYLE_USAGE(.BOTH.,#443);
#348=SURFACE_STYLE_USAGE(.BOTH.,#444);
#349=SURFACE_STYLE_USAGE(.BOTH.,#445);
#350=SURFACE_STYLE_USAGE(.BOTH.,#446);
#351=SURFACE_STYLE_USAGE(.BOTH.,#447);
#352=SURFACE_STYLE_USAGE(.BOTH.,#448);
#353=SURFACE_STYLE_USAGE(.BOTH.,#449);
#354=SURFACE_STYLE_USAGE(.BOTH.,#450);
#355=SURFACE_STYLE_USAGE(.BOTH.,#451);
#356=SURFACE_STYLE_USAGE(.BOTH.,#452);
#357=SURFACE_STYLE_USAGE(.BOTH.,#453);
#358=SURFACE_STYLE_USAGE(.BOTH.,#454);
#359=SURFACE_STYLE_USAGE(.BOTH.,#455);
#360=SURFACE_STYLE_USAGE(.BOTH.,#456);
#361=SURFACE_STYLE_USAGE(.BOTH.,#457);
#362=SURFACE_STYLE_USAGE(.BOTH.,#458);
#363=SURFACE_STYLE_USAGE(.BOTH.,#459);
#364=SURFACE_STYLE_USAGE(.BOTH.,#460);
#365=SURFACE_STYLE_USAGE(.BOTH.,#461);
#366=SURFACE_STYLE_USAGE(.BOTH.,#462);
#367=SURFACE_STYLE_USAGE(.BOTH.,#463);
#368=SURFACE_STYLE_USAGE(.BOTH.,#464);
#369=SURFACE_STYLE_USAGE(.BOTH.,#465);
#370=SURFACE_STYLE_USAGE(.BOTH.,#466);
#371=SURFACE_STYLE_USAGE(.BOTH.,#467);
#372=SURFACE_STYLE_USAGE(.BOTH.,#468);
#373=SURFACE_STYLE_USAGE(.BOTH.,#469);
#374=SURFACE_STYLE_USAGE(.BOTH.,#470);
#375=SURFACE_STYLE_USAGE(.BOTH.,#471);
#376=SURFACE_STYLE_USAGE(.BOTH.,#472);
#377=SURFACE_STYLE_USAGE(.BOTH.,#473);
#378=SURFACE_STYLE_USAGE(.BOTH.,#474);
#379=SURFACE_STYLE_USAGE(.BOTH.,#475);
#380=SURFACE_STYLE_USAGE(.BOTH.,#476);
#381=SURFACE_STYLE_USAGE(.BOTH.,#477);
#382=SURFACE_STYLE_USAGE(.BOTH.,#478);
#383=SURFACE_STYLE_USAGE(.BOTH.,#479);
#384=SURFACE_STYLE_USAGE(.BOTH.,#480);
#385=SURFACE_STYLE_USAGE(.BOTH.,#481);
#386=SURFACE_STYLE_USAGE(.BOTH.,#482);
#387=SURFACE_STYLE_USAGE(.BOTH.,#483);
#388=SURFACE_STYLE_USAGE(.BOTH.,#484);
#389=SURFACE_STYLE_USAGE(.BOTH.,#485);
#390=SURFACE_STYLE_USAGE(.BOTH.,#486);
#391=SURFACE_STYLE_USAGE(.BOTH.,#487);
#392=SURFACE_STYLE_USAGE(.BOTH.,#488);
#393=SURFACE_STYLE_USAGE(.BOTH.,#489);
#394=SURFACE_STYLE_USAGE(.BOTH.,#490);
#395=SURFACE_STYLE_USAGE(.BOTH.,#491);
#396=SURFACE_STYLE_USAGE(.BOTH.,#492);
#397=SURFACE_STYLE_USAGE(.BOTH.,#493);
#398=SURFACE_STYLE_USAGE(.BOTH.,#494);
#399=SURFACE_STYLE_USAGE(.BOTH.,#495);
#400=SURFACE_STYLE_USAGE(.BOTH.,#496);
#401=SURFACE_STYLE_USAGE(.BOTH.,#497);
#402=SURFACE_STYLE_USAGE(.BOTH.,#498);
#403=SURFACE_STYLE_USAGE(.BOTH.,#499);
#404=SURFACE_STYLE_USAGE(.BOTH.,#500);
#405=SURFACE_STYLE_USAGE(.BOTH.,#501);
#406=SURFACE_STYLE_USAGE(.BOTH.,#502);
#407=SURFACE_STYLE_USAGE(.BOTH.,#503);
#408=SURFACE_STYLE_USAGE(.BOTH.,#504);
#409=SURFACE_STYLE_USAGE(.BOTH.,#505);
#410=SURFACE_SIDE_STYLE('',(#506));
#411=SURFACE_SIDE_STYLE('',(#507));
#412=SURFACE_SIDE_STYLE('',(#508));
#413=SURFACE_SIDE_STYLE('',(#509));
#414=SURFACE_SIDE_STYLE('',(#510));
#415=SURFACE_SIDE_STYLE('',(#511));
#416=SURFACE_SIDE_STYLE('',(#512));
#417=SURFACE_SIDE_STYLE('',(#513));
#418=SURFACE_SIDE_STYLE('',(#514));
#419=SURFACE_SIDE_STYLE('',(#515));
#420=SURFACE_SIDE_STYLE('',(#516));
#421=SURFACE_SIDE_STYLE('',(#517));
#422=SURFACE_SIDE_STYLE('',(#518));
#423=SURFACE_SIDE_STYLE('',(#519));
#424=SURFACE_SIDE_STYLE('',(#520));
#425=SURFACE_SIDE_STYLE('',(#521));
#426=SURFACE_SIDE_STYLE('',(#522));
#427=SURFACE_SIDE_STYLE('',(#523));
#428=SURFACE_SIDE_STYLE('',(#524));
#429=SURFACE_SIDE_STYLE('',(#525));
#430=SURFACE_SIDE_STYLE('',(#526));
#431=SURFACE_SIDE_STYLE('',(#527));
#432=SURFACE_SIDE_STYLE('',(#528));
#433=SURFACE_SIDE_STYLE('',(#529));
#434=SURFACE_SIDE_STYLE('',(#530));
#435=SURFACE_SIDE_STYLE('',(#531));
#436=SURFACE_SIDE_STYLE('',(#532));
#437=SURFACE_SIDE_STYLE('',(#533));
#438=SURFACE_SIDE_STYLE('',(#534));
#439=SURFACE_SIDE_STYLE('',(#535));
#440=SURFACE_SIDE_STYLE('',(#536));
#441=SURFACE_SIDE_STYLE('',(#537));
#442=SURFACE_SIDE_STYLE('',(#538));
#443=SURFACE_SIDE_STYLE('',(#539));
#444=SURFACE_SIDE_STYLE('',(#540));
#445=SURFACE_SIDE_STYLE('',(#541));
#446=SURFACE_SIDE_STYLE('',(#542));
#447=SURFACE_SIDE_STYLE('',(#543));
#448=SURFACE_SIDE_STYLE('',(#544));
#449=SURFACE_SIDE_STYLE('',(#545));
#450=SURFACE_SIDE_STYLE('',(#546));
#451=SURFACE_SIDE_STYLE('',(#547));
#452=SURFACE_SIDE_STYLE('',(#548));
#453=SURFACE_SIDE_STYLE('',(#549));
#454=SURFACE_SIDE_STYLE('',(#550));
#455=SURFACE_SIDE_STYLE('',(#551));
#456=SURFACE_SIDE_STYLE('',(#552));
#457=SURFACE_SIDE_STYLE('',(#553));
#458=SURFACE_SIDE_STYLE('',(#554));
#459=SURFACE_SIDE_STYLE('',(#555));
#460=SURFACE_SIDE_STYLE('',(#556));
#461=SURFACE_SIDE_STYLE('',(#557));
#462=SURFACE_SIDE_STYLE('',(#558));
#463=SURFACE_SIDE_STYLE('',(#559));
#464=SURFACE_SIDE_STYLE('',(#560));
#465=SURFACE_SIDE_STYLE('',(#561));
#466=SURFACE_SIDE_STYLE('',(#562));
#467=SURFACE_SIDE_STYLE('',(#563));
#468=SURFACE_SIDE_STYLE('',(#564));
#469=SURFACE_SIDE_STYLE('',(#565));
#470=SURFACE_SIDE_STYLE('',(#566));
#471=SURFACE_SIDE_STYLE('',(#567));
#472=SURFACE_SIDE_STYLE('',(#568));
#473=SURFACE_SIDE_STYLE('',(#569));
#474=SURFACE_SIDE_STYLE('',(#570));
#475=SURFACE_SIDE_STYLE('',(#571));
#476=SURFACE_SIDE_STYLE('',(#572));
#477=SURFACE_SIDE_STYLE('',(#573));
#478=SURFACE_SIDE_STYLE('',(#574));
#479=SURFACE_SIDE_STYLE('',(#575));
#480=SURFACE_SIDE_STYLE('',(#576));
#481=SURFACE_SIDE_STYLE('',(#577));
#482=SURFACE_SIDE_STYLE('',(#578));
#483=SURFACE_SIDE_STYLE('',(#579));
#484=SURFACE_SIDE_STYLE('',(#580));
#485=SURFACE_SIDE_STYLE('',(#581));
#486=SURFACE_SIDE_STYLE('',(#582));
#487=SURFACE_SIDE_STYLE('',(#583));
#488=SURFACE_SIDE_STYLE('',(#584));
#489=SURFACE_SIDE_STYLE('',(#585));
#490=SURFACE_SIDE_STYLE('',(#586));
#491=SURFACE_SIDE_STYLE('',(#587));
#492=SURFACE_SIDE_STYLE('',(#588));
#493=SURFACE_SIDE_STYLE('',(#589));
#494=SURFACE_SIDE_STYLE('',(#590));
#495=SURFACE_SIDE_STYLE('',(#591));
#496=SURFACE_SIDE_STYLE('',(#592));
#497=SURFACE_SIDE_STYLE('',(#593));
#498=SURFACE_SIDE_STYLE('',(#594));
#499=SURFACE_SIDE_STYLE('',(#595));
#500=SURFACE_SIDE_STYLE('',(#596));
#501=SURFACE_SIDE_STYLE('',(#597));
#502=SURFACE_SIDE_STYLE('',(#598));
#503=SURFACE_SIDE_STYLE('',(#599));
#504=SURFACE_SIDE_STYLE('',(#600));
#505=SURFACE_SIDE_STYLE('',(#601));
#506=SURFACE_STYLE_FILL_AREA(#602);
#507=SURFACE_STYLE_FILL_AREA(#603);
#508=SURFACE_STYLE_FILL_AREA(#604);
#509=SURFACE_STYLE_FILL_AREA(#605);
#510=SURFACE_STYLE_FILL_AREA(#606);
#511=SURFACE_STYLE_FILL_AREA(#607);
#512=SURFACE_STYLE_FILL_AREA(#608);
#513=SURFACE_STYLE_FILL_AREA(#609);
#514=SURFACE_STYLE_FILL_AREA(#610);
#515=SURFACE_STYLE_FILL_AREA(#611);
#516=SURFACE_STYLE_FILL_AREA(#612);
#517=SURFACE_STYLE_FILL_AREA(#613);
#518=SURFACE_STYLE_FILL_AREA(#614);
#519=SURFACE_STYLE_FILL_AREA(#615);
#520=SURFACE_STYLE_FILL_AREA(#616);
#521=SURFACE_STYLE_FILL_AREA(#617);
#522=SURFACE_STYLE_FILL_AREA(#618);
#523=SURFACE_STYLE_FILL_AREA(#619);
#524=SURFACE_STYLE_FILL_AREA(#620);
#525=SURFACE_STYLE_FILL_AREA(#621);
#526=SURFACE_STYLE_FILL_AREA(#622);
#527=SURFACE_STYLE_FILL_AREA(#623);
#528=SURFACE_STYLE_FILL_AREA(#624);
#529=SURFACE_STYLE_FILL_AREA(#625);
#530=SURFACE_STYLE_FILL_AREA(#626);
#531=SURFACE_STYLE_FILL_AREA(#627);
#532=SURFACE_STYLE_FILL_AREA(#628);
#533=SURFACE_STYLE_FILL_AREA(#629);
#534=SURFACE_STYLE_FILL_AREA(#630);
#535=SURFACE_STYLE_FILL_AREA(#631);
#536=SURFACE_STYLE_FILL_AREA(#632);
#537=SURFACE_STYLE_FILL_AREA(#633);
#538=SURFACE_STYLE_FILL_AREA(#634);
#539=SURFACE_STYLE_FILL_AREA(#635);
#540=SURFACE_STYLE_FILL_AREA(#636);
#541=SURFACE_STYLE_FILL_AREA(#637);
#542=SURFACE_STYLE_FILL_AREA(#638);
#543=SURFACE_STYLE_FILL_AREA(#639);
#544=SURFACE_STYLE_FILL_AREA(#640);
#545=SURFACE_STYLE_FILL_AREA(#641);
#546=SURFACE_STYLE_FILL_AREA(#642);
#547=SURFACE_STYLE_FILL_AREA(#643);
#548=SURFACE_STYLE_FILL_AREA(#644);
#549=SURFACE_STYLE_FILL_AREA(#645);
#550=SURFACE_STYLE_FILL_AREA(#646);
#551=SURFACE_STYLE_FILL_AREA(#647);
#552=SURFACE_STYLE_FILL_AREA(#648);
#553=SURFACE_STYLE_FILL_AREA(#649);
#554=SURFACE_STYLE_FILL_AREA(#650);
#555=SURFACE_STYLE_FILL_AREA(#651);
#556=SURFACE_STYLE_FILL_AREA(#652);
#557=SURFACE_STYLE_FILL_AREA(#653);
#558=SURFACE_STYLE_FILL_AREA(#654);
#559=SURFACE_STYLE_FILL_AREA(#655);
#560=SURFACE_STYLE_FILL_AREA(#656);
#561=SURFACE_STYLE_FILL_AREA(#657);
#562=SURFACE_STYLE_FILL_AREA(#658);
#563=SURFACE_STYLE_FILL_AREA(#659);
#564=SURFACE_STYLE_FILL_AREA(#660);
#565=SURFACE_STYLE_FILL_AREA(#661);
#566=SURFACE_STYLE_FILL_AREA(#662);
#567=SURFACE_STYLE_FILL_AREA(#663);
#568=SURFACE_STYLE_FILL_AREA(#664);
#569=SURFACE_STYLE_FILL_AREA(#665);
#570=SURFACE_STYLE_FILL_AREA(#666);
#571=SURFACE_STYLE_FILL_AREA(#667);
#572=SURFACE_STYLE_FILL_AREA(#668);
#573=SURFACE_STYLE_FILL_AREA(#669);
#574=SURFACE_STYLE_FILL_AREA(#670);
#575=SURFACE_STYLE_FILL_AREA(#671);
#576=SURFACE_STYLE_FILL_AREA(#672);
#577=SURFACE_STYLE_FILL_AREA(#673);
#578=SURFACE_STYLE_FILL_AREA(#674);
#579=SURFACE_STYLE_FILL_AREA(#675);
#580=SURFACE_STYLE_FILL_AREA(#676);
#581=SURFACE_STYLE_FILL_AREA(#677);
#582=SURFACE_STYLE_FILL_AREA(#678);
#583=SURFACE_STYLE_FILL_AREA(#679);
#584=SURFACE_STYLE_FILL_AREA(#680);
#585=SURFACE_STYLE_FILL_AREA(#681);
#586=SURFACE_STYLE_FILL_AREA(#682);
#587=SURFACE_STYLE_FILL_AREA(#683);
#588=SURFACE_STYLE_FILL_AREA(#684);
#589=SURFACE_STYLE_FILL_AREA(#685);
#590=SURFACE_STYLE_FILL_AREA(#686);
#591=SURFACE_STYLE_FILL_AREA(#687);
#592=SURFACE_STYLE_FILL_AREA(#688);
#593=SURFACE_STYLE_FILL_AREA(#689);
#594=SURFACE_STYLE_FILL_AREA(#690);
#595=SURFACE_STYLE_FILL_AREA(#691);
#596=SURFACE_STYLE_FILL_AREA(#692);
#597=SURFACE_STYLE_FILL_AREA(#693);
#598=SURFACE_STYLE_FILL_AREA(#694);
#599=SURFACE_STYLE_FILL_AREA(#695);
#600=SURFACE_STYLE_FILL_AREA(#696);
#601=SURFACE_STYLE_FILL_AREA(#697);
#602=FILL_AREA_STYLE('',(#698));
#603=FILL_AREA_STYLE('',(#699));
#604=FILL_AREA_STYLE('',(#700));
#605=FILL_AREA_STYLE('',(#701));
#606=FILL_AREA_STYLE('',(#702));
#607=FILL_AREA_STYLE('',(#703));
#608=FILL_AREA_STYLE('',(#704));
#609=FILL_AREA_STYLE('',(#705));
#610=FILL_AREA_STYLE('',(#706));
#611=FILL_AREA_STYLE('',(#707));
#612=FILL_AREA_STYLE('',(#708));
#613=FILL_AREA_STYLE('',(#709));
#614=FILL_AREA_STYLE('',(#710));
#615=FILL_AREA_STYLE('',(#711));
#616=FILL_AREA_STYLE('',(#712));
#617=FILL_AREA_STYLE('',(#713));
#618=FILL_AREA_STYLE('',(#714));
#619=FILL_AREA_STYLE('',(#715));
#620=FILL_AREA_STYLE('',(#716));
#621=FILL_AREA_STYLE('',(#717));
#622=FILL_AREA_STYLE('',(#718));
#623=FILL_AREA_STYLE('',(#719));
#624=FILL_AREA_STYLE('',(#720));
#625=FILL_AREA_STYLE('',(#721));
#626=FILL_AREA_STYLE('',(#722));
#627=FILL_AREA_STYLE('',(#723));
#628=FILL_AREA_STYLE('',(#724));
#629=FILL_AREA_STYLE('',(#725));
#630=FILL_AREA_STYLE('',(#726));
#631=FILL_AREA_STYLE('',(#727));
#632=FILL_AREA_STYLE('',(#728));
#633=FILL_AREA_STYLE('',(#729));
#634=FILL_AREA_STYLE('',(#730));
#635=FILL_AREA_STYLE('',(#731));
#636=FILL_AREA_STYLE('',(#732));
#637=FILL_AREA_STYLE('',(#733));
#638=FILL_AREA_STYLE('',(#734));
#639=FILL_AREA_STYLE('',(#735));
#640=FILL_AREA_STYLE('',(#736));
#641=FILL_AREA_STYLE('',(#737));
#642=FILL_AREA_STYLE('',(#738));
#643=FILL_AREA_STYLE('',(#739));
#644=FILL_AREA_STYLE('',(#740));
#645=FILL_AREA_STYLE('',(#741));
#646=FILL_AREA_STYLE('',(#742));
#647=FILL_AREA_STYLE('',(#743));
#648=FILL_AREA_STYLE('',(#744));
#649=FILL_AREA_STYLE('',(#745));
#650=FILL_AREA_STYLE('',(#746));
#651=FILL_AREA_STYLE('',(#747));
#652=FILL_AREA_STYLE('',(#748));
#653=FILL_AREA_STYLE('',(#749));
#654=FILL_AREA_STYLE('',(#750));
#655=FILL_AREA_STYLE('',(#751));
#656=FILL_AREA_STYLE('',(#752));
#657=FILL_AREA_STYLE('',(#753));
#658=FILL_AREA_STYLE('',(#754));
#659=FILL_AREA_STYLE('',(#755));
#660=FILL_AREA_STYLE('',(#756));
#661=FILL_AREA_STYLE('',(#757));
#662=FILL_AREA_STYLE('',(#758));
#663=FILL_AREA_STYLE('',(#759));
#664=FILL_AREA_STYLE('',(#760));
#665=FILL_AREA_STYLE('',(#761));
#666=FILL_AREA_STYLE('',(#762));
#667=FILL_AREA_STYLE('',(#763));
#668=FILL_AREA_STYLE('',(#764));
#669=FILL_AREA_STYLE('',(#765));
#670=FILL_AREA_STYLE('',(#766));
#671=FILL_AREA_STYLE('',(#767));
#672=FILL_AREA_STYLE('',(#768));
#673=FILL_AREA_STYLE('',(#769));
#674=FILL_AREA_STYLE('',(#770));
#675=FILL_AREA_STYLE('',(#771));
#676=FILL_AREA_STYLE('',(#772));
#677=FILL_AREA_STYLE('',(#773));
#678=FILL_AREA_STYLE('',(#774));
#679=FILL_AREA_STYLE('',(#775));
#680=FILL_AREA_STYLE('',(#776));
#681=FILL_AREA_STYLE('',(#777));
#682=FILL_AREA_STYLE('',(#778));
#683=FILL_AREA_STYLE('',(#779));
#684=FILL_AREA_STYLE('',(#780));
#685=FILL_AREA_STYLE('',(#781));
#686=FILL_AREA_STYLE('',(#782));
#687=FILL_AREA_STYLE('',(#783));
#688=FILL_AREA_STYLE('',(#784));
#689=FILL_AREA_STYLE('',(#785));
#690=FILL_AREA_STYLE('',(#786));
#691=FILL_AREA_STYLE('',(#787));
#692=FILL_AREA_STYLE('',(#788));
#693=FILL_AREA_STYLE('',(#789));
#694=FILL_AREA_STYLE('',(#790));
#695=FILL_AREA_STYLE('',(#791));
#696=FILL_AREA_STYLE('',(#792));
#697=FILL_AREA_STYLE('',(#793));
#698=FILL_AREA_STYLE_COLOUR('',#794);
#699=FILL_AREA_STYLE_COLOUR('',#211);
#700=FILL_AREA_STYLE_COLOUR('',#211);
#701=FILL_AREA_STYLE_COLOUR('',#211);
#702=FILL_AREA_STYLE_COLOUR('',#211);
#703=FILL_AREA_STYLE_COLOUR('',#211);
#704=FILL_AREA_STYLE_COLOUR('',#211);
#705=FILL_AREA_STYLE_COLOUR('',#211);
#706=FILL_AREA_STYLE_COLOUR('',#211);
#707=FILL_AREA_STYLE_COLOUR('',#211);
#708=FILL_AREA_STYLE_COLOUR('',#211);
#709=FILL_AREA_STYLE_COLOUR('',#211);
#710=FILL_AREA_STYLE_COLOUR('',#211);
#711=FILL_AREA_STYLE_COLOUR('',#211);
#712=FILL_AREA_STYLE_COLOUR('',#211);
#713=FILL_AREA_STYLE_COLOUR('',#211);
#714=FILL_AREA_STYLE_COLOUR('',#211);
#715=FILL_AREA_STYLE_COLOUR('',#211);
#716=FILL_AREA_STYLE_COLOUR('',#211);
#717=FILL_AREA_STYLE_COLOUR('',#211);
#718=FILL_AREA_STYLE_COLOUR('',#211);
#719=FILL_AREA_STYLE_COLOUR('',#211);
#720=FILL_AREA_STYLE_COLOUR('',#211);
#721=FILL_AREA_STYLE_COLOUR('',#211);
#722=FILL_AREA_STYLE_COLOUR('',#211);
#723=FILL_AREA_STYLE_COLOUR('',#211);
#724=FILL_AREA_STYLE_COLOUR('',#211);
#725=FILL_AREA_STYLE_COLOUR('',#211);
#726=FILL_AREA_STYLE_COLOUR('',#211);
#727=FILL_AREA_STYLE_COLOUR('',#211);
#728=FILL_AREA_STYLE_COLOUR('',#211);
#729=FILL_AREA_STYLE_COLOUR('',#211);
#730=FILL_AREA_STYLE_COLOUR('',#211);
#731=FILL_AREA_STYLE_COLOUR('',#211);
#732=FILL_AREA_STYLE_COLOUR('',#794);
#733=FILL_AREA_STYLE_COLOUR('',#211);
#734=FILL_AREA_STYLE_COLOUR('',#211);
#735=FILL_AREA_STYLE_COLOUR('',#211);
#736=FILL_AREA_STYLE_COLOUR('',#211);
#737=FILL_AREA_STYLE_COLOUR('',#211);
#738=FILL_AREA_STYLE_COLOUR('',#211);
#739=FILL_AREA_STYLE_COLOUR('',#211);
#740=FILL_AREA_STYLE_COLOUR('',#211);
#741=FILL_AREA_STYLE_COLOUR('',#211);
#742=FILL_AREA_STYLE_COLOUR('',#211);
#743=FILL_AREA_STYLE_COLOUR('',#211);
#744=FILL_AREA_STYLE_COLOUR('',#211);
#745=FILL_AREA_STYLE_COLOUR('',#211);
#746=FILL_AREA_STYLE_COLOUR('',#211);
#747=FILL_AREA_STYLE_COLOUR('',#211);
#748=FILL_AREA_STYLE_COLOUR('',#211);
#749=FILL_AREA_STYLE_COLOUR('',#211);
#750=FILL_AREA_STYLE_COLOUR('',#211);
#751=FILL_AREA_STYLE_COLOUR('',#211);
#752=FILL_AREA_STYLE_COLOUR('',#211);
#753=FILL_AREA_STYLE_COLOUR('',#211);
#754=FILL_AREA_STYLE_COLOUR('',#211);
#755=FILL_AREA_STYLE_COLOUR('',#211);
#756=FILL_AREA_STYLE_COLOUR('',#211);
#757=FILL_AREA_STYLE_COLOUR('',#211);
#758=FILL_AREA_STYLE_COLOUR('',#211);
#759=FILL_AREA_STYLE_COLOUR('',#211);
#760=FILL_AREA_STYLE_COLOUR('',#211);
#761=FILL_AREA_STYLE_COLOUR('',#211);
#762=FILL_AREA_STYLE_COLOUR('',#211);
#763=FILL_AREA_STYLE_COLOUR('',#211);
#764=FILL_AREA_STYLE_COLOUR('',#211);
#765=FILL_AREA_STYLE_COLOUR('',#211);
#766=FILL_AREA_STYLE_COLOUR('',#211);
#767=FILL_AREA_STYLE_COLOUR('',#211);
#768=FILL_AREA_STYLE_COLOUR('',#211);
#769=FILL_AREA_STYLE_COLOUR('',#211);
#770=FILL_AREA_STYLE_COLOUR('',#211);
#771=FILL_AREA_STYLE_COLOUR('',#211);
#772=FILL_AREA_STYLE_COLOUR('',#211);
#773=FILL_AREA_STYLE_COLOUR('',#211);
#774=FILL_AREA_STYLE_COLOUR('',#211);
#775=FILL_AREA_STYLE_COLOUR('',#211);
#776=FILL_AREA_STYLE_COLOUR('',#211);
#777=FILL_AREA_STYLE_COLOUR('',#211);
#778=FILL_AREA_STYLE_COLOUR('',#211);
#779=FILL_AREA_STYLE_COLOUR('',#211);
#780=FILL_AREA_STYLE_COLOUR('',#211);
#781=FILL_AREA_STYLE_COLOUR('',#211);
#782=FILL_AREA_STYLE_COLOUR('',#211);
#783=FILL_AREA_STYLE_COLOUR('',#211);
#784=FILL_AREA_STYLE_COLOUR('',#211);
#785=FILL_AREA_STYLE_COLOUR('',#211);
#786=FILL_AREA_STYLE_COLOUR('',#211);
#787=FILL_AREA_STYLE_COLOUR('',#794);
#788=FILL_AREA_STYLE_COLOUR('',#211);
#789=FILL_AREA_STYLE_COLOUR('',#211);
#790=FILL_AREA_STYLE_COLOUR('',#211);
#791=FILL_AREA_STYLE_COLOUR('',#211);
#792=FILL_AREA_STYLE_COLOUR('',#211);
#793=FILL_AREA_STYLE_COLOUR('',#794);
#794=DRAUGHTING_PRE_DEFINED_COLOUR('black');
#795=MANIFOLD_SOLID_BREP('SOLID1',#800);
#796=MANIFOLD_SOLID_BREP('SOLID1',#801);
#797=MANIFOLD_SOLID_BREP('SOLID1',#802);
#798=MANIFOLD_SOLID_BREP('',#803);
#799=MANIFOLD_SOLID_BREP('SOLID1',#804);
#800=CLOSED_SHELL('',(#1500,#1501,#1502,#1503,#1504,#1505,#1506,#1507,#1508,
#1509,#1510,#1511,#1512,#1513,#1514,#1515,#1516,#1517,#1518,#1519,#1520,
#1521,#1522,#1523,#1524,#1525,#1526,#1527,#1528,#1529,#1530,#1531,#1532));
#801=CLOSED_SHELL('',(#1533,#1534,#1535,#1536,#1537,#1538,#1539,#1540,#1541,
#1542,#1543,#1544,#1545,#1546,#1547,#1548,#1549,#1550,#1551,#1552,#1553,
#1554,#1555,#1556,#1557,#1558,#1559,#1560,#1561,#1562,#1563,#1564,#1565,
#1566,#1567,#1568,#1569,#1570,#1571,#1572,#1573,#1574,#1575,#1576,#1577,
#1578,#1579,#1580,#1581,#1582,#1583,#1584,#1585,#1586));
#802=CLOSED_SHELL('',(#1587,#1588,#1589,#1590));
#803=CLOSED_SHELL('',(#1591,#1592,#1593,#1594,#1595,#1596,#1597,#1598,#1599,
#1600,#1601,#1602,#1603,#1604,#1605,#1606,#1607,#1608,#1609,#1610,#1611,
#1612,#1613,#1614,#1615,#1616,#1617,#1618,#1619,#1620,#1621,#1622,#1623,
#1624,#1625));
#804=CLOSED_SHELL('',(#1626,#1627,#1628,#1629,#1630,#1631,#1632,#1633,#1634,
#1635,#1636,#1637,#1638,#1639,#1640,#1641,#1642,#1643,#1644,#1645,#1646,
#1647,#1648,#1649,#1650,#1651,#1652,#1653,#1654,#1655,#1656,#1657,#1658,
#1659,#1660,#1661,#1662,#1663,#1664,#1665,#1666,#1667,#1668,#1669,#1670,
#1671,#1672,#1673,#1674,#1675,#1676,#1677,#1678,#1679,#1680,#1681,#1682,
#1683,#1684,#1685,#1686,#1687,#1688,#1689,#1690,#1691,#1692,#1693,#1694,
#1695,#1696,#1697,#1698,#1699,#1700,#1701,#1702,#1703,#1704,#1705,#1706,
#1707,#1708,#1709,#1710,#1711,#1712,#1713,#1714,#1715,#1716,#1717,#1718,
#1719,#1720,#1721,#1722,#1723,#1724,#1725,#1726,#1727,#1728,#1729,#1730,
#1731,#1732,#1733,#1734,#1735,#1736,#1737,#1738,#1739,#1740,#1741,#1742,
#1743,#1744,#1745,#1746,#1747,#1748,#1749,#1750,#1751,#1752,#1753,#1754,
#1755,#1756,#1757,#1758,#1759,#1760,#1761,#1762,#1763,#1764,#1765,#1766));
#805=CONICAL_SURFACE('',#4872,0.177834620444898,45.6233649548857);
#806=CONICAL_SURFACE('',#4874,0.173694030590332,44.3766350436245);
#807=CONICAL_SURFACE('',#4876,0.178859410145377,56.5558264494561);
#808=CONICAL_SURFACE('',#4880,0.177832063258012,45.710325732243);
#809=CONICAL_SURFACE('',#4882,0.173688569593445,44.3468669981685);
#810=CONICAL_SURFACE('',#4883,0.178856506335404,56.6427872270975);
#811=CONICAL_SURFACE('',#4887,0.177834620444895,45.6233649548849);
#812=CONICAL_SURFACE('',#4889,0.17369403059033,44.3766350436269);
#813=CONICAL_SURFACE('',#4891,0.178859410145375,56.5558264494549);
#814=CONICAL_SURFACE('',#4895,0.17783206325801,45.7103257322415);
#815=CONICAL_SURFACE('',#4897,0.173688569593444,44.3468669981693);
#816=CONICAL_SURFACE('',#4898,0.178856506335402,56.6427872270959);
#817=CONICAL_SURFACE('',#4899,0.125,14.0362434679266);
#818=CONICAL_SURFACE('',#4988,0.05,30.9637565320735);
#819=CONICAL_SURFACE('',#5038,0.112842655041826,8.58561677997489);
#820=CONICAL_SURFACE('',#5041,0.05,4.08561677997488);
#821=CONICAL_SURFACE('',#5048,0.075,3.86546116985175);
#822=CONICAL_SURFACE('',#5094,0.07,5.);
#823=CONICAL_SURFACE('',#5164,0.0700000000000001,25.);
#824=CONICAL_SURFACE('',#5172,0.15141,25.);
#825=CONICAL_SURFACE('',#5173,0.175,12.3936724036546);
#826=CONICAL_SURFACE('',#5183,0.0699999999999998,80.4900000000002);
#827=CONICAL_SURFACE('',#5184,0.0699999999999998,80.4900000000002);
#828=CONICAL_SURFACE('',#5185,0.0699999999999998,80.4900000000002);
#829=CONICAL_SURFACE('',#5186,0.175,12.3936724036546);
#830=CONICAL_SURFACE('',#5187,0.175,12.3936724036546);
#831=CONICAL_SURFACE('',#5224,0.05042,0.786321981808549);
#832=CONICAL_SURFACE('',#5227,0.0700000000000002,11.9398441392182);
#833=TOROIDAL_SURFACE('',#4858,0.20300000000001,0.01585);
#834=TOROIDAL_SURFACE('',#4974,0.55,0.05);
#835=TOROIDAL_SURFACE('',#4975,0.3,0.05);
#836=TOROIDAL_SURFACE('',#4997,0.0500000000000013,0.01);
#837=TOROIDAL_SURFACE('',#5016,0.075,0.05);
#838=TOROIDAL_SURFACE('',#5027,0.225,0.1);
#839=TOROIDAL_SURFACE('',#5028,0.145,0.02);
#840=TOROIDAL_SURFACE('',#5045,0.119181510798547,0.01);
#841=TOROIDAL_SURFACE('',#5047,0.114281698419722,0.01);
#842=TOROIDAL_SURFACE('',#5096,0.049826680980159,0.019778356103938);
#843=TOROIDAL_SURFACE('',#5102,0.039600966880951,0.019822610777013);
#844=TOROIDAL_SURFACE('',#5109,0.039600966880951,0.019822610777013);
#845=TOROIDAL_SURFACE('',#5110,0.039600966880951,0.019822610777013);
#846=TOROIDAL_SURFACE('',#5115,0.039600966880951,0.019822610777013);
#847=TOROIDAL_SURFACE('',#5121,0.036125738516769,0.019778356103938);
#848=TOROIDAL_SURFACE('',#5126,0.12419245837458,0.025);
#849=TOROIDAL_SURFACE('',#5128,0.0361257386069179,0.019778356103938);
#850=TOROIDAL_SURFACE('',#5129,0.0361257385815788,0.019778356103938);
#851=TOROIDAL_SURFACE('',#5132,0.12419245837458,0.025);
#852=TOROIDAL_SURFACE('',#5134,0.0361257385421186,0.019778356103938);
#853=TOROIDAL_SURFACE('',#5137,0.12419245837458,0.025);
#854=TOROIDAL_SURFACE('',#5141,0.543517310442729,0.523738954338791);
#855=TOROIDAL_SURFACE('',#5142,0.538543281501728,0.51876492539779);
#856=TOROIDAL_SURFACE('',#5147,0.538543281501728,0.51876492539779);
#857=TOROIDAL_SURFACE('',#5148,0.54351653785647,0.523738181752532);
#858=TOROIDAL_SURFACE('',#5214,0.177,0.002);
#859=TOROIDAL_SURFACE('',#5215,0.177,0.002);
#860=TOROIDAL_SURFACE('',#5216,0.177,0.002);
#861=TOROIDAL_SURFACE('',#5217,0.177,0.002);
#862=FACE_BOUND('',#2044,.T.);
#863=FACE_BOUND('',#2045,.T.);
#864=FACE_BOUND('',#2046,.T.);
#865=FACE_BOUND('',#2047,.T.);
#866=FACE_BOUND('',#2050,.T.);
#867=FACE_BOUND('',#2051,.T.);
#868=FACE_BOUND('',#2052,.T.);
#869=FACE_BOUND('',#2053,.T.);
#870=FACE_BOUND('',#2054,.T.);
#871=FACE_BOUND('',#2055,.T.);
#872=FACE_BOUND('',#2056,.T.);
#873=FACE_BOUND('',#2057,.T.);
#874=FACE_BOUND('',#2058,.T.);
#875=FACE_BOUND('',#2059,.T.);
#876=FACE_BOUND('',#2060,.T.);
#877=FACE_BOUND('',#2061,.T.);
#878=FACE_BOUND('',#2063,.T.);
#879=FACE_BOUND('',#2064,.T.);
#880=FACE_BOUND('',#2065,.T.);
#881=FACE_BOUND('',#2066,.T.);
#882=FACE_BOUND('',#2067,.T.);
#883=FACE_BOUND('',#2068,.T.);
#884=FACE_BOUND('',#2069,.T.);
#885=FACE_BOUND('',#2070,.T.);
#886=FACE_BOUND('',#2071,.T.);
#887=FACE_BOUND('',#2072,.T.);
#888=FACE_BOUND('',#2073,.T.);
#889=FACE_BOUND('',#2074,.T.);
#890=FACE_BOUND('',#2075,.T.);
#891=FACE_BOUND('',#2076,.T.);
#892=FACE_BOUND('',#2077,.T.);
#893=FACE_BOUND('',#2078,.T.);
#894=FACE_BOUND('',#2079,.T.);
#895=FACE_BOUND('',#2080,.T.);
#896=FACE_BOUND('',#2081,.T.);
#897=FACE_BOUND('',#2082,.T.);
#898=FACE_BOUND('',#2083,.T.);
#899=FACE_BOUND('',#2084,.T.);
#900=FACE_BOUND('',#2085,.T.);
#901=FACE_BOUND('',#2086,.T.);
#902=FACE_BOUND('',#2087,.T.);
#903=FACE_BOUND('',#2088,.T.);
#904=FACE_BOUND('',#2089,.T.);
#905=FACE_BOUND('',#2090,.T.);
#906=FACE_BOUND('',#2091,.T.);
#907=FACE_BOUND('',#2092,.T.);
#908=FACE_BOUND('',#2093,.T.);
#909=FACE_BOUND('',#2094,.T.);
#910=FACE_BOUND('',#2095,.T.);
#911=FACE_BOUND('',#2096,.T.);
#912=FACE_BOUND('',#2099,.T.);
#913=FACE_BOUND('',#2100,.T.);
#914=FACE_BOUND('',#2108,.T.);
#915=FACE_BOUND('',#2109,.T.);
#916=FACE_BOUND('',#2125,.T.);
#917=FACE_BOUND('',#2126,.T.);
#918=FACE_BOUND('',#2151,.T.);
#919=FACE_BOUND('',#2152,.T.);
#920=FACE_BOUND('',#2153,.T.);
#921=FACE_BOUND('',#2154,.T.);
#922=FACE_BOUND('',#2155,.T.);
#923=FACE_BOUND('',#2156,.T.);
#924=FACE_BOUND('',#2157,.T.);
#925=FACE_BOUND('',#2158,.T.);
#926=FACE_BOUND('',#2159,.T.);
#927=FACE_BOUND('',#2160,.T.);
#928=FACE_BOUND('',#2161,.T.);
#929=FACE_BOUND('',#2162,.T.);
#930=FACE_BOUND('',#2163,.T.);
#931=FACE_BOUND('',#2164,.T.);
#932=FACE_BOUND('',#2165,.T.);
#933=FACE_BOUND('',#2166,.T.);
#934=FACE_BOUND('',#2167,.T.);
#935=FACE_BOUND('',#2172,.T.);
#936=FACE_BOUND('',#2173,.T.);
#937=FACE_BOUND('',#2180,.T.);
#938=FACE_BOUND('',#2181,.T.);
#939=FACE_BOUND('',#2196,.T.);
#940=FACE_BOUND('',#2197,.T.);
#941=FACE_BOUND('',#2198,.T.);
#942=FACE_BOUND('',#2199,.T.);
#943=FACE_BOUND('',#2200,.T.);
#944=FACE_BOUND('',#2201,.T.);
#945=FACE_BOUND('',#2206,.T.);
#946=FACE_BOUND('',#2207,.T.);
#947=FACE_BOUND('',#2208,.T.);
#948=FACE_BOUND('',#2209,.T.);
#949=FACE_BOUND('',#2210,.T.);
#950=FACE_BOUND('',#2211,.T.);
#951=FACE_BOUND('',#2217,.T.);
#952=FACE_BOUND('',#2218,.T.);
#953=FACE_BOUND('',#2219,.T.);
#954=FACE_BOUND('',#2220,.T.);
#955=FACE_BOUND('',#2221,.T.);
#956=FACE_BOUND('',#2222,.T.);
#957=FACE_BOUND('',#2223,.T.);
#958=FACE_BOUND('',#2224,.T.);
#959=FACE_BOUND('',#2225,.T.);
#960=FACE_BOUND('',#2226,.T.);
#961=FACE_BOUND('',#2228,.T.);
#962=FACE_BOUND('',#2229,.T.);
#963=FACE_BOUND('',#2231,.T.);
#964=FACE_BOUND('',#2232,.T.);
#965=FACE_BOUND('',#2233,.T.);
#966=FACE_BOUND('',#2234,.T.);
#967=FACE_BOUND('',#2235,.T.);
#968=FACE_BOUND('',#2236,.T.);
#969=FACE_BOUND('',#2237,.T.);
#970=FACE_BOUND('',#2239,.T.);
#971=FACE_BOUND('',#2240,.T.);
#972=FACE_BOUND('',#2316,.T.);
#973=FACE_BOUND('',#2317,.T.);
#974=FACE_BOUND('',#2318,.T.);
#975=FACE_BOUND('',#2319,.T.);
#976=FACE_BOUND('',#2320,.T.);
#977=FACE_BOUND('',#2321,.T.);
#978=FACE_BOUND('',#2322,.T.);
#979=FACE_BOUND('',#2323,.T.);
#980=FACE_BOUND('',#2325,.T.);
#981=FACE_BOUND('',#2326,.T.);
#982=FACE_BOUND('',#2341,.T.);
#983=FACE_BOUND('',#2342,.T.);
#984=FACE_BOUND('',#2343,.T.);
#985=FACE_BOUND('',#2344,.T.);
#986=FACE_BOUND('',#2345,.T.);
#987=FACE_BOUND('',#2346,.T.);
#988=FACE_BOUND('',#2347,.T.);
#989=FACE_BOUND('',#2348,.T.);
#990=FACE_BOUND('',#2349,.T.);
#991=FACE_BOUND('',#2350,.T.);
#992=FACE_BOUND('',#2351,.T.);
#993=FACE_BOUND('',#2352,.T.);
#994=FACE_BOUND('',#2353,.T.);
#995=FACE_BOUND('',#2354,.T.);
#996=FACE_BOUND('',#2355,.T.);
#997=FACE_BOUND('',#2356,.T.);
#998=FACE_BOUND('',#2357,.T.);
#999=FACE_BOUND('',#2358,.T.);
#1000=FACE_BOUND('',#2359,.T.);
#1001=FACE_BOUND('',#2360,.T.);
#1002=FACE_BOUND('',#2361,.T.);
#1003=FACE_BOUND('',#2362,.T.);
#1004=FACE_BOUND('',#2363,.T.);
#1005=FACE_BOUND('',#2364,.T.);
#1006=FACE_BOUND('',#2365,.T.);
#1007=FACE_BOUND('',#2366,.T.);
#1008=FACE_BOUND('',#2367,.T.);
#1009=FACE_BOUND('',#2368,.T.);
#1010=FACE_BOUND('',#2369,.T.);
#1011=FACE_BOUND('',#2370,.T.);
#1012=FACE_BOUND('',#2371,.T.);
#1013=FACE_BOUND('',#2372,.T.);
#1014=FACE_BOUND('',#2373,.T.);
#1015=FACE_BOUND('',#2374,.T.);
#1016=FACE_BOUND('',#2378,.T.);
#1017=FACE_BOUND('',#2379,.T.);
#1018=FACE_BOUND('',#2380,.T.);
#1019=FACE_BOUND('',#2381,.T.);
#1020=FACE_BOUND('',#2382,.T.);
#1021=FACE_BOUND('',#2383,.T.);
#1022=FACE_BOUND('',#2384,.T.);
#1023=FACE_BOUND('',#2385,.T.);
#1024=B_SPLINE_CURVE_WITH_KNOTS('',3,(#6266,#6267,#6268,#6269,#6270,#6271),
 .UNSPECIFIED.,.F.,.F.,(4,2,4),(0.,0.5,1.),.UNSPECIFIED.);
#1025=B_SPLINE_CURVE_WITH_KNOTS('',3,(#6274,#6275,#6276,#6277),
 .UNSPECIFIED.,.F.,.F.,(4,4),(0.,1.),.UNSPECIFIED.);
#1026=B_SPLINE_CURVE_WITH_KNOTS('',3,(#6509,#6510,#6511,#6512,#6513,#6514,
#6515,#6516,#6517,#6518,#6519,#6520,#6521),.UNSPECIFIED.,.F.,.F.,(4,3,3,
3,4),(0.,0.427559390198673,0.861795886683946,0.94166731139283,1.),
 .UNSPECIFIED.);
#1027=B_SPLINE_CURVE_WITH_KNOTS('',3,(#6532,#6533,#6534,#6535),
 .UNSPECIFIED.,.F.,.F.,(4,4),(0.,1.),.UNSPECIFIED.);
#1028=B_SPLINE_CURVE_WITH_KNOTS('',3,(#6540,#6541,#6542,#6543),
 .UNSPECIFIED.,.F.,.F.,(4,4),(0.,1.),.UNSPECIFIED.);
#1029=B_SPLINE_CURVE_WITH_KNOTS('',3,(#6545,#6546,#6547,#6548),
 .UNSPECIFIED.,.F.,.F.,(4,4),(0.,1.),.UNSPECIFIED.);
#1030=B_SPLINE_CURVE_WITH_KNOTS('',3,(#6553,#6554,#6555,#6556,#6557,#6558,
#6559,#6560,#6561,#6562,#6563,#6564,#6565,#6566,#6567,#6568),
 .UNSPECIFIED.,.F.,.F.,(4,3,3,3,3,4),(0.,0.170851925475605,0.340876480423958,
0.561979517116863,0.873464166929636,1.),.UNSPECIFIED.);
#1031=B_SPLINE_CURVE_WITH_KNOTS('',3,(#6570,#6571,#6572,#6573,#6574,#6575,
#6576,#6577,#6578,#6579,#6580,#6581,#6582,#6583,#6584,#6585),
 .UNSPECIFIED.,.F.,.F.,(4,3,3,3,3,4),(0.,0.141706138091966,0.510930543265469,
0.734969660922069,0.876980901314857,1.),.UNSPECIFIED.);
#1032=B_SPLINE_CURVE_WITH_KNOTS('',3,(#6643,#6644,#6645,#6646,#6647,#6648,
#6649,#6650,#6651,#6652,#6653,#6654,#6655),.UNSPECIFIED.,.F.,.F.,(4,3,3,
3,4),(0.,0.134450527934806,0.698918305192076,0.876229865113171,1.),
 .UNSPECIFIED.);
#1033=B_SPLINE_CURVE_WITH_KNOTS('',3,(#6668,#6669,#6670,#6671,#6672,#6673,
#6674,#6675,#6676,#6677,#6678,#6679,#6680,#6681,#6682,#6683),
 .UNSPECIFIED.,.F.,.F.,(4,3,3,3,3,4),(0.,0.0737877372756056,0.168953975068576,
0.335335838682286,0.662351348810795,1.),.UNSPECIFIED.);
#1034=B_SPLINE_CURVE_WITH_KNOTS('',3,(#6695,#6696,#6697,#6698),
 .UNSPECIFIED.,.F.,.F.,(4,4),(0.,1.),.UNSPECIFIED.);
#1035=B_SPLINE_CURVE_WITH_KNOTS('',3,(#6702,#6703,#6704,#6705,#6706,#6707,
#6708,#6709,#6710,#6711,#6712,#6713,#6714,#6715,#6716,#6717),
 .UNSPECIFIED.,.F.,.F.,(4,3,3,3,3,4),(0.,0.208426840472375,0.415565600734882,
0.639435334351347,0.909540394291959,1.),.UNSPECIFIED.);
#1036=B_SPLINE_CURVE_WITH_KNOTS('',3,(#6719,#6720,#6721,#6722,#6723,#6724,
#6725,#6726,#6727,#6728,#6729,#6730,#6731),.UNSPECIFIED.,.F.,.F.,(4,3,3,
3,4),(0.,0.253269809700271,0.506348902141556,0.762256273627569,1.),
 .UNSPECIFIED.);
#1037=B_SPLINE_CURVE_WITH_KNOTS('',3,(#6733,#6734,#6735,#6736,#6737,#6738,
#6739,#6740,#6741,#6742,#6743,#6744,#6745,#6746,#6747,#6748,#6749,#6750,
#6751,#6752,#6753,#6754,#6755,#6756,#6757),.UNSPECIFIED.,.F.,.F.,(4,3,3,
3,3,3,3,3,4),(0.,0.018235950362882,0.0255667597161855,0.0664078255159432,
0.0809558784586094,0.201281015969296,0.370317747987286,0.921127078906813,
1.),.UNSPECIFIED.);
#1038=B_SPLINE_CURVE_WITH_KNOTS('',3,(#6759,#6760,#6761,#6762),
 .UNSPECIFIED.,.F.,.F.,(4,4),(0.,1.),.UNSPECIFIED.);
#1039=B_SPLINE_CURVE_WITH_KNOTS('',3,(#6859,#6860,#6861,#6862,#6863,#6864,
#6865,#6866,#6867,#6868,#6869,#6870,#6871,#6872,#6873,#6874),
 .UNSPECIFIED.,.F.,.F.,(4,3,3,3,3,4),(0.,0.162292110264114,0.408824256399888,
0.823790715904868,0.952662070231098,1.),.UNSPECIFIED.);
#1040=B_SPLINE_CURVE_WITH_KNOTS('',3,(#6885,#6886,#6887,#6888,#6889,#6890,
#6891,#6892,#6893,#6894,#6895,#6896,#6897,#6898,#6899,#6900),
 .UNSPECIFIED.,.F.,.F.,(4,3,3,3,3,4),(0.,0.0979019395563558,0.322778708496217,
0.511814727698981,0.804810794898546,1.),.UNSPECIFIED.);
#1041=B_SPLINE_CURVE_WITH_KNOTS('',3,(#6933,#6934,#6935,#6936,#6937,#6938,
#6939,#6940,#6941,#6942,#6943,#6944,#6945,#6946,#6947,#6948,#6949,#6950,
#6951,#6952,#6953,#6954,#6955,#6956,#6957,#6958,#6959,#6960,#6961,#6962,
#6963,#6964,#6965,#6966,#6967,#6968,#6969,#6970,#6971,#6972),
 .UNSPECIFIED.,.F.,.F.,(4,3,3,3,3,3,3,3,3,3,3,3,3,4),(0.,0.0985645209184938,
0.167787688754998,0.292551030590667,0.421645256849744,0.461874268648508,
0.485581959035165,0.506654518306433,0.527114970731157,0.570178096434234,
0.629079175447722,0.73995850990507,0.890113301560195,1.),.UNSPECIFIED.);
#1042=B_SPLINE_CURVE_WITH_KNOTS('',3,(#6974,#6975,#6976,#6977,#6978,#6979,
#6980,#6981,#6982,#6983,#6984,#6985,#6986,#6987,#6988,#6989,#6990,#6991,
#6992,#6993,#6994,#6995),.UNSPECIFIED.,.F.,.F.,(4,3,3,3,3,3,3,4),(0.,0.000286514206195774,
0.0515184401838935,0.102748140008814,0.205141829616402,0.569142098375986,
0.789109190084465,1.),.UNSPECIFIED.);
#1043=B_SPLINE_CURVE_WITH_KNOTS('',3,(#6999,#7000,#7001,#7002,#7003,#7004,
#7005),.UNSPECIFIED.,.F.,.F.,(4,3,4),(0.,0.496207860911574,1.),
 .UNSPECIFIED.);
#1044=B_SPLINE_CURVE_WITH_KNOTS('',3,(#7006,#7007,#7008,#7009,#7010,#7011,
#7012,#7013,#7014,#7015,#7016,#7017,#7018),.UNSPECIFIED.,.F.,.F.,(4,3,3,
3,4),(0.,0.000375781194275793,0.409366131237277,0.756273922925713,1.),
 .UNSPECIFIED.);
#1045=B_SPLINE_CURVE_WITH_KNOTS('',3,(#7020,#7021,#7022,#7023,#7024,#7025,
#7026),.UNSPECIFIED.,.F.,.F.,(4,3,4),(0.,0.503792139088424,1.),
 .UNSPECIFIED.);
#1046=B_SPLINE_CURVE_WITH_KNOTS('',3,(#7030,#7031,#7032,#7033,#7034,#7035,
#7036,#7037,#7038,#7039,#7040,#7041,#7042,#7043,#7044,#7045,#7046,#7047,
#7048,#7049,#7050,#7051),.UNSPECIFIED.,.F.,.F.,(4,3,3,3,3,3,3,4),(0.,0.210890809915535,
0.430857901624014,0.794858170383597,0.897251859991184,0.948481559816105,
0.999713485793804,1.),.UNSPECIFIED.);
#1047=B_SPLINE_CURVE_WITH_KNOTS('',3,(#7052,#7053,#7054,#7055,#7056,#7057,
#7058,#7059,#7060,#7061,#7062,#7063,#7064),.UNSPECIFIED.,.F.,.F.,(4,3,3,
3,4),(0.,0.243726077074288,0.590633868762726,0.999624218805696,1.),
 .UNSPECIFIED.);
#1048=B_SPLINE_CURVE_WITH_KNOTS('',3,(#7066,#7067,#7068,#7069,#7070,#7071,
#7072,#7073,#7074,#7075,#7076,#7077,#7078,#7079,#7080,#7081,#7082,#7083,
#7084,#7085,#7086,#7087),.UNSPECIFIED.,.F.,.F.,(4,3,3,3,3,3,3,4),(0.,0.172939788787316,
0.369055533933007,0.751487672614086,0.873898122513152,0.936550718792165,
0.999700409455863,1.),.UNSPECIFIED.);
#1049=B_SPLINE_CURVE_WITH_KNOTS('',3,(#7088,#7089,#7090,#7091,#7092,#7093,
#7094,#7095,#7096,#7097,#7098,#7099,#7100,#7101,#7102,#7103,#7104,#7105,
#7106,#7107,#7108,#7109),.UNSPECIFIED.,.F.,.F.,(4,3,3,3,3,3,3,4),(0.,0.000299590544154989,
0.0634492812078381,0.126101877486852,0.248512327385916,0.630944466066994,
0.827060211212684,1.),.UNSPECIFIED.);
#1050=B_SPLINE_CURVE_WITH_KNOTS('',3,(#7111,#7112,#7113,#7114,#7115,#7116,
#7117,#7118,#7119,#7120,#7121,#7122,#7123,#7124,#7125,#7126),
 .UNSPECIFIED.,.F.,.F.,(4,3,3,3,3,4),(0.,0.17033062213631,0.498564294240321,
0.881050201166219,0.999475080827842,1.),.UNSPECIFIED.);
#1051=B_SPLINE_CURVE_WITH_KNOTS('',3,(#7127,#7128,#7129,#7130,#7131,#7132,
#7133,#7134,#7135,#7136,#7137,#7138,#7139,#7140,#7141,#7142),
 .UNSPECIFIED.,.F.,.F.,(4,3,3,3,3,4),(0.,0.000524919172184782,0.118949798833781,
0.501435705759679,0.82966937786369,1.),.UNSPECIFIED.);
#1052=B_SPLINE_CURVE_WITH_KNOTS('',3,(#7144,#7145,#7146,#7147,#7148,#7149,
#7150),.UNSPECIFIED.,.F.,.F.,(4,3,4),(0.,0.516959022213766,1.),
 .UNSPECIFIED.);
#1053=B_SPLINE_CURVE_WITH_KNOTS('',3,(#7153,#7154,#7155,#7156,#7157,#7158,
#7159,#7160,#7161,#7162,#7163,#7164,#7165,#7166,#7167,#7168,#7169,#7170,
#7171,#7172,#7173,#7174,#7175,#7176,#7177,#7178,#7179,#7180,#7181,#7182,
#7183),.UNSPECIFIED.,.F.,.F.,(4,3,3,3,3,3,3,3,3,3,4),(0.,0.0945175383209858,
0.405308979875365,0.469497782025889,0.495650726164372,0.500830226985023,
0.521570479017755,0.553342925471416,0.615604101083267,0.846308148422862,
1.),.UNSPECIFIED.);
#1054=B_SPLINE_CURVE_WITH_KNOTS('',3,(#7185,#7186,#7187,#7188,#7189,#7190,
#7191),.UNSPECIFIED.,.F.,.F.,(4,3,4),(0.,0.53893837054109,1.),
 .UNSPECIFIED.);
#1055=B_SPLINE_CURVE_WITH_KNOTS('',3,(#7193,#7194,#7195,#7196,#7197,#7198,
#7199,#7200,#7201,#7202),.UNSPECIFIED.,.F.,.F.,(4,3,3,4),(0.,0.0601663414458986,
0.510830071606424,1.),.UNSPECIFIED.);
#1056=B_SPLINE_CURVE_WITH_KNOTS('',3,(#7203,#7204,#7205,#7206,#7207,#7208,
#7209),.UNSPECIFIED.,.F.,.F.,(4,3,4),(0.,0.488397920791226,1.),
 .UNSPECIFIED.);
#1057=B_SPLINE_CURVE_WITH_KNOTS('',2,(#7210,#7211,#7212,#7213,#7214,#7215),
 .UNSPECIFIED.,.F.,.F.,(3,1,1,1,3),(0.,0.396638914994276,0.606362092611993,
0.765043798520073,1.),.UNSPECIFIED.);
#1058=B_SPLINE_CURVE_WITH_KNOTS('',3,(#7253,#7254,#7255,#7256,#7257,#7258,
#7259,#7260,#7261,#7262,#7263,#7264,#7265,#7266,#7267,#7268,#7269,#7270,
#7271),.UNSPECIFIED.,.F.,.F.,(4,3,3,3,3,3,4),(0.,0.0226758141221936,0.140312458674284,
0.355234351769837,0.570156236739707,0.785078118261917,1.),.UNSPECIFIED.);
#1059=B_SPLINE_CURVE_WITH_KNOTS('',3,(#7299,#7300,#7301,#7302,#7303,#7304,
#7305,#7306,#7307,#7308,#7309,#7310,#7311,#7312,#7313,#7314,#7315,#7316,
#7317),.UNSPECIFIED.,.F.,.F.,(4,3,3,3,3,3,4),(0.,0.214921881756288,0.429843763296701,
0.644765648284775,0.859687541398532,0.977324185962947,1.),.UNSPECIFIED.);
#1060=B_SPLINE_CURVE_WITH_KNOTS('',3,(#7365,#7366,#7367,#7368,#7369,#7370,
#7371,#7372,#7373,#7374,#7375,#7376,#7377,#7378,#7379,#7380),
 .UNSPECIFIED.,.F.,.F.,(4,3,3,3,3,4),(0.,0.162257382943807,0.186345284088373,
0.607005442723276,0.847629926190278,1.),.UNSPECIFIED.);
#1061=B_SPLINE_CURVE_WITH_KNOTS('',3,(#7384,#7385,#7386,#7387,#7388,#7389,
#7390,#7391,#7392,#7393,#7394,#7395,#7396),.UNSPECIFIED.,.F.,.F.,(4,3,3,
3,4),(0.,0.183512165715661,0.471156600752997,0.896896213097359,1.),
 .UNSPECIFIED.);
#1062=B_SPLINE_CURVE_WITH_KNOTS('',3,(#7403,#7404,#7405,#7406,#7407,#7408),
 .UNSPECIFIED.,.T.,.F.,(2,2,2,2,2),(-0.5,0.,0.5,1.,1.5),.UNSPECIFIED.);
#1063=B_SPLINE_CURVE_WITH_KNOTS('',3,(#7459,#7460,#7461,#7462,#7463,#7464,
#7465),.UNSPECIFIED.,.F.,.F.,(4,3,4),(0.,0.542322040782166,1.),
 .UNSPECIFIED.);
#1064=B_SPLINE_CURVE_WITH_KNOTS('',3,(#7469,#7470,#7471,#7472,#7473,#7474,
#7475),.UNSPECIFIED.,.F.,.F.,(4,3,4),(0.,0.546189985241934,1.),
 .UNSPECIFIED.);
#1065=B_SPLINE_CURVE_WITH_KNOTS('',3,(#7495,#7496,#7497,#7498),
 .UNSPECIFIED.,.F.,.F.,(4,4),(0.,1.),.UNSPECIFIED.);
#1066=B_SPLINE_CURVE_WITH_KNOTS('',3,(#7505,#7506,#7507,#7508,#7509,#7510,
#7511,#7512,#7513,#7514),.UNSPECIFIED.,.F.,.F.,(4,3,3,4),(0.,0.459055054217201,
0.91623026342612,1.),.UNSPECIFIED.);
#1067=B_SPLINE_CURVE_WITH_KNOTS('',3,(#7517,#7518,#7519,#7520,#7521,#7522),
 .UNSPECIFIED.,.F.,.F.,(4,2,4),(0.,0.5,1.),.UNSPECIFIED.);
#1068=B_SPLINE_CURVE_WITH_KNOTS('',3,(#7525,#7526,#7527,#7528,#7529,#7530,
#7531),.UNSPECIFIED.,.F.,.F.,(4,3,4),(0.,0.487193884143202,1.),
 .UNSPECIFIED.);
#1069=B_SPLINE_CURVE_WITH_KNOTS('',3,(#7541,#7542,#7543,#7544),
 .UNSPECIFIED.,.F.,.F.,(4,4),(0.,1.),.UNSPECIFIED.);
#1070=B_SPLINE_CURVE_WITH_KNOTS('',3,(#7556,#7557,#7558,#7559),
 .UNSPECIFIED.,.F.,.F.,(4,4),(0.,1.),.UNSPECIFIED.);
#1071=B_SPLINE_CURVE_WITH_KNOTS('',3,(#7561,#7562,#7563,#7564),
 .UNSPECIFIED.,.F.,.F.,(4,4),(0.,1.),.UNSPECIFIED.);
#1072=B_SPLINE_CURVE_WITH_KNOTS('',3,(#7568,#7569,#7570,#7571),
 .UNSPECIFIED.,.F.,.F.,(4,4),(0.,1.),.UNSPECIFIED.);
#1073=B_SPLINE_CURVE_WITH_KNOTS('',3,(#7573,#7574,#7575,#7576),
 .UNSPECIFIED.,.F.,.F.,(4,4),(0.,1.),.UNSPECIFIED.);
#1074=B_SPLINE_CURVE_WITH_KNOTS('',3,(#7604,#7605,#7606,#7607),
 .UNSPECIFIED.,.F.,.F.,(4,4),(0.,1.),.UNSPECIFIED.);
#1075=B_SPLINE_CURVE_WITH_KNOTS('',3,(#7610,#7611,#7612,#7613),
 .UNSPECIFIED.,.F.,.F.,(4,4),(0.,1.),.UNSPECIFIED.);
#1076=B_SPLINE_CURVE_WITH_KNOTS('',3,(#7615,#7616,#7617,#7618),
 .UNSPECIFIED.,.F.,.F.,(4,4),(0.,1.),.UNSPECIFIED.);
#1077=B_SPLINE_CURVE_WITH_KNOTS('',3,(#7643,#7644,#7645,#7646),
 .UNSPECIFIED.,.F.,.F.,(4,4),(0.,1.),.UNSPECIFIED.);
#1078=B_SPLINE_CURVE_WITH_KNOTS('',3,(#7649,#7650,#7651,#7652),
 .UNSPECIFIED.,.F.,.F.,(4,4),(0.,1.),.UNSPECIFIED.);
#1079=B_SPLINE_CURVE_WITH_KNOTS('',3,(#7654,#7655,#7656,#7657),
 .UNSPECIFIED.,.F.,.F.,(4,4),(0.,1.),.UNSPECIFIED.);
#1080=B_SPLINE_CURVE_WITH_KNOTS('',3,(#7660,#7661,#7662,#7663),
 .UNSPECIFIED.,.F.,.F.,(4,4),(0.,1.),.UNSPECIFIED.);
#1081=B_SPLINE_CURVE_WITH_KNOTS('',3,(#7665,#7666,#7667,#7668),
 .UNSPECIFIED.,.F.,.F.,(4,4),(0.,1.),.UNSPECIFIED.);
#1082=B_SPLINE_CURVE_WITH_KNOTS('',3,(#7670,#7671,#7672,#7673),
 .UNSPECIFIED.,.F.,.F.,(4,4),(0.,1.),.UNSPECIFIED.);
#1083=B_SPLINE_CURVE_WITH_KNOTS('',3,(#7675,#7676,#7677,#7678),
 .UNSPECIFIED.,.F.,.F.,(4,4),(0.,1.),.UNSPECIFIED.);
#1084=B_SPLINE_CURVE_WITH_KNOTS('',3,(#7680,#7681,#7682,#7683),
 .UNSPECIFIED.,.F.,.F.,(4,4),(0.,1.),.UNSPECIFIED.);
#1085=B_SPLINE_CURVE_WITH_KNOTS('',3,(#7685,#7686,#7687,#7688),
 .UNSPECIFIED.,.F.,.F.,(4,4),(0.,1.),.UNSPECIFIED.);
#1086=B_SPLINE_CURVE_WITH_KNOTS('',3,(#7690,#7691,#7692,#7693),
 .UNSPECIFIED.,.F.,.F.,(4,4),(0.,1.),.UNSPECIFIED.);
#1087=B_SPLINE_CURVE_WITH_KNOTS('',3,(#7695,#7696,#7697,#7698),
 .UNSPECIFIED.,.F.,.F.,(4,4),(0.,1.),.UNSPECIFIED.);
#1088=B_SPLINE_CURVE_WITH_KNOTS('',3,(#7699,#7700,#7701,#7702,#7703,#7704,
#7705,#7706,#7707,#7708,#7709,#7710,#7711,#7712,#7713,#7714,#7715,#7716),
 .UNSPECIFIED.,.F.,.F.,(4,2,2,2,2,2,2,2,4),(0.,0.125,0.25,0.375,0.5,0.625,
0.75,0.875,1.),.UNSPECIFIED.);
#1089=B_SPLINE_CURVE_WITH_KNOTS('',3,(#7719,#7720,#7721,#7722,#7723,#7724,
#7725,#7726,#7727,#7728,#7729,#7730,#7731,#7732),.UNSPECIFIED.,.F.,.F.,
(4,2,2,2,2,2,4),(0.,0.166666666666667,0.333333333333333,0.5,0.666666666666667,
0.833333333333333,1.),.UNSPECIFIED.);
#1090=B_SPLINE_CURVE_WITH_KNOTS('',3,(#7734,#7735,#7736,#7737,#7738,#7739,
#7740,#7741,#7742,#7743),.UNSPECIFIED.,.F.,.F.,(4,2,2,2,4),(0.,0.25,0.5,
0.75,1.),.UNSPECIFIED.);
#1091=B_SPLINE_CURVE_WITH_KNOTS('',3,(#7745,#7746,#7747,#7748,#7749,#7750,
#7751,#7752,#7753,#7754,#7755,#7756,#7757,#7758,#7759,#7760,#7761,#7762,
#7763,#7764,#7765,#7766,#7767,#7768,#7769,#7770,#7771,#7772,#7773,#7774),
 .UNSPECIFIED.,.F.,.F.,(4,2,2,2,2,2,2,2,2,2,2,2,2,2,4),(0.,0.0714285714285714,
0.142857142857143,0.214285714285714,0.285714285714286,0.357142857142857,
0.428571428571429,0.5,0.571428571428571,0.642857142857143,0.714285714285714,
0.785714285714286,0.857142857142857,0.928571428571429,1.),.UNSPECIFIED.);
#1092=B_SPLINE_CURVE_WITH_KNOTS('',3,(#8237,#8238,#8239,#8240,#8241,#8242),
 .UNSPECIFIED.,.F.,.F.,(4,2,4),(0.,0.5,1.),.UNSPECIFIED.);
#1093=B_SPLINE_CURVE_WITH_KNOTS('',3,(#8529,#8530,#8531,#8532,#8533,#8534,
#8535,#8536,#8537,#8538,#8539,#8540,#8541,#8542,#8543,#8544,#8545,#8546,
#8547,#8548,#8549,#8550,#8551,#8552,#8553,#8554,#8555,#8556,#8557,#8558,
#8559,#8560,#8561,#8562,#8563,#8564,#8565,#8566,#8567,#8568,#8569,#8570,
#8571,#8572,#8573,#8574,#8575,#8576,#8577,#8578,#8579,#8580,#8581,#8582,
#8583,#8584,#8585,#8586,#8587,#8588,#8589),.UNSPECIFIED.,.T.,.F.,(1,3,3,
3,3,3,3,3,3,3,3,3,3,3,3,3,3,3,3,3,3,3,1),(-0.0166108060086667,0.,0.0536912486859536,
0.107383224622002,0.161082894007316,0.214794532321187,0.268516728940188,
0.322243453035429,0.375967087184764,0.429681747165292,0.483385516110004,
0.499999944711165,0.553692981021233,0.607386590058584,0.661086434282886,
0.714796634548382,0.76851713849843,0.822243501732797,0.87596844663269,0.929684867124768,
0.983389193991333,1.,1.05369124868595),.UNSPECIFIED.);
#1094=B_SPLINE_CURVE_WITH_KNOTS('',3,(#8592,#8593,#8594,#8595),
 .UNSPECIFIED.,.F.,.F.,(4,4),(0.,1.),.UNSPECIFIED.);
#1095=B_SPLINE_CURVE_WITH_KNOTS('',3,(#8598,#8599,#8600,#8601),
 .UNSPECIFIED.,.F.,.F.,(4,4),(0.,1.),.UNSPECIFIED.);
#1096=B_SPLINE_CURVE_WITH_KNOTS('',3,(#8603,#8604,#8605,#8606),
 .UNSPECIFIED.,.F.,.F.,(4,4),(0.,1.),.UNSPECIFIED.);
#1097=B_SPLINE_CURVE_WITH_KNOTS('',3,(#8623,#8624,#8625,#8626),
 .UNSPECIFIED.,.F.,.F.,(4,4),(0.,1.),.UNSPECIFIED.);
#1098=B_SPLINE_CURVE_WITH_KNOTS('',3,(#8630,#8631,#8632,#8633),
 .UNSPECIFIED.,.F.,.F.,(4,4),(0.,1.),.UNSPECIFIED.);
#1099=B_SPLINE_CURVE_WITH_KNOTS('',3,(#8637,#8638,#8639,#8640),
 .UNSPECIFIED.,.F.,.F.,(4,4),(0.,1.),.UNSPECIFIED.);
#1100=B_SPLINE_CURVE_WITH_KNOTS('',3,(#8644,#8645,#8646,#8647),
 .UNSPECIFIED.,.F.,.F.,(4,4),(0.,1.),.UNSPECIFIED.);
#1101=B_SPLINE_CURVE_WITH_KNOTS('',3,(#8650,#8651,#8652,#8653),
 .UNSPECIFIED.,.F.,.F.,(4,4),(0.,1.),.UNSPECIFIED.);
#1102=B_SPLINE_CURVE_WITH_KNOTS('',3,(#8655,#8656,#8657,#8658,#8659,#8660,
#8661),.UNSPECIFIED.,.F.,.F.,(4,3,4),(0.,0.666908150789647,1.),
 .UNSPECIFIED.);
#1103=B_SPLINE_CURVE_WITH_KNOTS('',3,(#8663,#8664,#8665,#8666),
 .UNSPECIFIED.,.F.,.F.,(4,4),(0.,1.),.UNSPECIFIED.);
#1104=B_SPLINE_CURVE_WITH_KNOTS('',3,(#8668,#8669,#8670,#8671),
 .UNSPECIFIED.,.F.,.F.,(4,4),(0.,1.),.UNSPECIFIED.);
#1105=B_SPLINE_CURVE_WITH_KNOTS('',3,(#8673,#8674,#8675,#8676),
 .UNSPECIFIED.,.F.,.F.,(4,4),(0.,1.),.UNSPECIFIED.);
#1106=B_SPLINE_CURVE_WITH_KNOTS('',3,(#8680,#8681,#8682,#8683),
 .UNSPECIFIED.,.F.,.F.,(4,4),(0.,1.),.UNSPECIFIED.);
#1107=B_SPLINE_CURVE_WITH_KNOTS('',3,(#8685,#8686,#8687,#8688),
 .UNSPECIFIED.,.F.,.F.,(4,4),(0.,1.),.UNSPECIFIED.);
#1108=B_SPLINE_CURVE_WITH_KNOTS('',3,(#8690,#8691,#8692,#8693),
 .UNSPECIFIED.,.F.,.F.,(4,4),(0.,1.),.UNSPECIFIED.);
#1109=B_SPLINE_CURVE_WITH_KNOTS('',3,(#8695,#8696,#8697,#8698),
 .UNSPECIFIED.,.F.,.F.,(4,4),(0.,1.),.UNSPECIFIED.);
#1110=B_SPLINE_CURVE_WITH_KNOTS('',3,(#8701,#8702,#8703,#8704),
 .UNSPECIFIED.,.F.,.F.,(4,4),(0.,1.),.UNSPECIFIED.);
#1111=B_SPLINE_CURVE_WITH_KNOTS('',3,(#8706,#8707,#8708,#8709),
 .UNSPECIFIED.,.F.,.F.,(4,4),(0.,1.),.UNSPECIFIED.);
#1112=B_SPLINE_CURVE_WITH_KNOTS('',3,(#8711,#8712,#8713,#8714),
 .UNSPECIFIED.,.F.,.F.,(4,4),(0.,1.),.UNSPECIFIED.);
#1113=B_SPLINE_CURVE_WITH_KNOTS('',3,(#8718,#8719,#8720,#8721),
 .UNSPECIFIED.,.F.,.F.,(4,4),(0.,1.),.UNSPECIFIED.);
#1114=B_SPLINE_CURVE_WITH_KNOTS('',3,(#8723,#8724,#8725,#8726,#8727,#8728,
#8729),.UNSPECIFIED.,.F.,.F.,(4,3,4),(0.,0.659087521000883,1.),
 .UNSPECIFIED.);
#1115=B_SPLINE_CURVE_WITH_KNOTS('',3,(#8731,#8732,#8733,#8734),
 .UNSPECIFIED.,.F.,.F.,(4,4),(0.,1.),.UNSPECIFIED.);
#1116=B_SPLINE_CURVE_WITH_KNOTS('',3,(#8736,#8737,#8738,#8739),
 .UNSPECIFIED.,.F.,.F.,(4,4),(0.,1.),.UNSPECIFIED.);
#1117=B_SPLINE_CURVE_WITH_KNOTS('',3,(#8741,#8742,#8743,#8744),
 .UNSPECIFIED.,.F.,.F.,(4,4),(0.,1.),.UNSPECIFIED.);
#1118=B_SPLINE_CURVE_WITH_KNOTS('',3,(#8746,#8747,#8748,#8749),
 .UNSPECIFIED.,.F.,.F.,(4,4),(0.,1.),.UNSPECIFIED.);
#1119=B_SPLINE_CURVE_WITH_KNOTS('',3,(#8752,#8753,#8754,#8755),
 .UNSPECIFIED.,.F.,.F.,(4,4),(0.,1.),.UNSPECIFIED.);
#1120=B_SPLINE_CURVE_WITH_KNOTS('',3,(#8757,#8758,#8759,#8760,#8761,#8762,
#8763),.UNSPECIFIED.,.F.,.F.,(4,3,4),(0.,0.659174492092941,1.),
 .UNSPECIFIED.);
#1121=B_SPLINE_CURVE_WITH_KNOTS('',3,(#8765,#8766,#8767,#8768),
 .UNSPECIFIED.,.F.,.F.,(4,4),(0.,1.),.UNSPECIFIED.);
#1122=B_SPLINE_CURVE_WITH_KNOTS('',3,(#8770,#8771,#8772,#8773),
 .UNSPECIFIED.,.F.,.F.,(4,4),(0.,1.),.UNSPECIFIED.);
#1123=B_SPLINE_CURVE_WITH_KNOTS('',3,(#8775,#8776,#8777,#8778),
 .UNSPECIFIED.,.F.,.F.,(4,4),(0.,1.),.UNSPECIFIED.);
#1124=B_SPLINE_CURVE_WITH_KNOTS('',3,(#8782,#8783,#8784,#8785),
 .UNSPECIFIED.,.F.,.F.,(4,4),(0.,1.),.UNSPECIFIED.);
#1125=B_SPLINE_CURVE_WITH_KNOTS('',3,(#8787,#8788,#8789,#8790),
 .UNSPECIFIED.,.F.,.F.,(4,4),(0.,1.),.UNSPECIFIED.);
#1126=B_SPLINE_CURVE_WITH_KNOTS('',3,(#8807,#8808,#8809,#8810),
 .UNSPECIFIED.,.F.,.F.,(4,4),(0.,1.),.UNSPECIFIED.);
#1127=B_SPLINE_CURVE_WITH_KNOTS('',3,(#8813,#8814,#8815,#8816),
 .UNSPECIFIED.,.F.,.F.,(4,4),(0.,1.),.UNSPECIFIED.);
#1128=B_SPLINE_CURVE_WITH_KNOTS('',3,(#8818,#8819,#8820,#8821),
 .UNSPECIFIED.,.F.,.F.,(4,4),(0.,1.),.UNSPECIFIED.);
#1129=B_SPLINE_CURVE_WITH_KNOTS('',3,(#8838,#8839,#8840,#8841),
 .UNSPECIFIED.,.F.,.F.,(4,4),(0.,1.),.UNSPECIFIED.);
#1130=B_SPLINE_CURVE_WITH_KNOTS('',3,(#8845,#8846,#8847,#8848),
 .UNSPECIFIED.,.F.,.F.,(4,4),(0.,1.),.UNSPECIFIED.);
#1131=B_SPLINE_CURVE_WITH_KNOTS('',3,(#8850,#8851,#8852,#8853),
 .UNSPECIFIED.,.F.,.F.,(4,4),(0.,1.),.UNSPECIFIED.);
#1132=B_SPLINE_CURVE_WITH_KNOTS('',3,(#8855,#8856,#8857,#8858),
 .UNSPECIFIED.,.F.,.F.,(4,4),(0.,1.),.UNSPECIFIED.);
#1133=B_SPLINE_CURVE_WITH_KNOTS('',3,(#8860,#8861,#8862,#8863),
 .UNSPECIFIED.,.F.,.F.,(4,4),(0.,1.),.UNSPECIFIED.);
#1134=B_SPLINE_CURVE_WITH_KNOTS('',3,(#8865,#8866,#8867,#8868),
 .UNSPECIFIED.,.F.,.F.,(4,4),(0.,1.),.UNSPECIFIED.);
#1135=B_SPLINE_CURVE_WITH_KNOTS('',3,(#8875,#8876,#8877,#8878,#8879,#8880,
#8881,#8882,#8883,#8884,#8885,#8886,#8887,#8888,#8889,#8890,#8891,#8892,
#8893,#8894,#8895,#8896,#8897,#8898,#8899,#8900,#8901,#8902),
 .UNSPECIFIED.,.F.,.F.,(4,3,3,3,3,3,3,3,3,4),(0.,0.557175938547604,0.61160666946142,
0.66708371630633,0.694120820987146,0.721354944528146,0.752969054143203,
0.805356055834705,0.964425254390909,1.),.UNSPECIFIED.);
#1136=B_SPLINE_CURVE_WITH_KNOTS('',3,(#8904,#8905,#8906,#8907),
 .UNSPECIFIED.,.F.,.F.,(4,4),(0.,1.),.UNSPECIFIED.);
#1137=B_SPLINE_CURVE_WITH_KNOTS('',3,(#8909,#8910,#8911,#8912),
 .UNSPECIFIED.,.F.,.F.,(4,4),(0.,1.),.UNSPECIFIED.);
#1138=B_SPLINE_CURVE_WITH_KNOTS('',3,(#8916,#8917,#8918,#8919),
 .UNSPECIFIED.,.F.,.F.,(4,4),(0.,1.),.UNSPECIFIED.);
#1139=B_SPLINE_CURVE_WITH_KNOTS('',3,(#8921,#8922,#8923,#8924),
 .UNSPECIFIED.,.F.,.F.,(4,4),(0.,1.),.UNSPECIFIED.);
#1140=B_SPLINE_CURVE_WITH_KNOTS('',3,(#8979,#8980,#8981,#8982,#8983,#8984,
#8985,#8986,#8987,#8988,#8989,#8990,#8991,#8992,#8993,#8994,#8995,#8996,
#8997,#8998,#8999,#9000),.UNSPECIFIED.,.F.,.F.,(4,3,3,3,3,3,3,4),(0.,0.0343819242316479,
0.146101096869362,0.256813552046577,0.406334220353384,0.635416201539252,
0.900132238833481,1.),.UNSPECIFIED.);
#1141=B_SPLINE_CURVE_WITH_KNOTS('',3,(#9002,#9003,#9004,#9005),
 .UNSPECIFIED.,.F.,.F.,(4,4),(0.,1.),.UNSPECIFIED.);
#1142=B_SPLINE_CURVE_WITH_KNOTS('',3,(#9007,#9008,#9009,#9010),
 .UNSPECIFIED.,.F.,.F.,(4,4),(0.,1.),.UNSPECIFIED.);
#1143=B_SPLINE_CURVE_WITH_KNOTS('',3,(#9012,#9013,#9014,#9015),
 .UNSPECIFIED.,.F.,.F.,(4,4),(0.,1.),.UNSPECIFIED.);
#1144=B_SPLINE_CURVE_WITH_KNOTS('',3,(#9018,#9019,#9020,#9021),
 .UNSPECIFIED.,.F.,.F.,(4,4),(0.,1.),.UNSPECIFIED.);
#1145=B_SPLINE_CURVE_WITH_KNOTS('',3,(#9023,#9024,#9025,#9026),
 .UNSPECIFIED.,.F.,.F.,(4,4),(0.,1.),.UNSPECIFIED.);
#1146=B_SPLINE_CURVE_WITH_KNOTS('',3,(#9028,#9029,#9030,#9031),
 .UNSPECIFIED.,.F.,.F.,(4,4),(0.,1.),.UNSPECIFIED.);
#1147=B_SPLINE_CURVE_WITH_KNOTS('',3,(#9033,#9034,#9035,#9036,#9037,#9038,
#9039,#9040,#9041,#9042,#9043,#9044,#9045),.UNSPECIFIED.,.F.,.F.,(4,3,3,
3,4),(0.,0.165937527152687,0.329636763494528,0.638553198743727,1.),
 .UNSPECIFIED.);
#1148=B_SPLINE_CURVE_WITH_KNOTS('',3,(#9047,#9048,#9049,#9050),
 .UNSPECIFIED.,.F.,.F.,(4,4),(0.,1.),.UNSPECIFIED.);
#1149=B_SPLINE_CURVE_WITH_KNOTS('',3,(#9052,#9053,#9054,#9055),
 .UNSPECIFIED.,.F.,.F.,(4,4),(0.,1.),.UNSPECIFIED.);
#1150=B_SPLINE_CURVE_WITH_KNOTS('',3,(#9061,#9062,#9063,#9064),
 .UNSPECIFIED.,.F.,.F.,(4,4),(0.,1.),.UNSPECIFIED.);
#1151=B_SPLINE_CURVE_WITH_KNOTS('',3,(#9066,#9067,#9068,#9069),
 .UNSPECIFIED.,.F.,.F.,(4,4),(0.,1.),.UNSPECIFIED.);
#1152=B_SPLINE_CURVE_WITH_KNOTS('',3,(#9070,#9071,#9072,#9073),
 .UNSPECIFIED.,.F.,.F.,(4,4),(0.,1.),.UNSPECIFIED.);
#1153=B_SPLINE_CURVE_WITH_KNOTS('',3,(#9126,#9127,#9128,#9129),
 .UNSPECIFIED.,.F.,.F.,(4,4),(0.,1.),.UNSPECIFIED.);
#1154=B_SPLINE_CURVE_WITH_KNOTS('',3,(#9132,#9133,#9134,#9135),
 .UNSPECIFIED.,.F.,.F.,(4,4),(0.,1.),.UNSPECIFIED.);
#1155=B_SPLINE_CURVE_WITH_KNOTS('',3,(#9137,#9138,#9139,#9140),
 .UNSPECIFIED.,.F.,.F.,(4,4),(0.,1.),.UNSPECIFIED.);
#1156=B_SPLINE_CURVE_WITH_KNOTS('',3,(#9142,#9143,#9144,#9145),
 .UNSPECIFIED.,.F.,.F.,(4,4),(0.,1.),.UNSPECIFIED.);
#1157=B_SPLINE_CURVE_WITH_KNOTS('',3,(#9147,#9148,#9149,#9150),
 .UNSPECIFIED.,.F.,.F.,(4,4),(0.,1.),.UNSPECIFIED.);
#1158=B_SPLINE_CURVE_WITH_KNOTS('',3,(#9153,#9154,#9155,#9156),
 .UNSPECIFIED.,.F.,.F.,(4,4),(0.,1.),.UNSPECIFIED.);
#1159=B_SPLINE_CURVE_WITH_KNOTS('',3,(#9158,#9159,#9160,#9161,#9162,#9163,
#9164,#9165,#9166,#9167,#9168,#9169,#9170,#9171,#9172,#9173,#9174,#9175,
#9176,#9177,#9178,#9179),.UNSPECIFIED.,.F.,.F.,(4,3,3,3,3,3,3,4),(0.,0.117611882785101,
0.341115497504105,0.563100879063216,0.732136148128841,0.83342371473843,
0.953045644257415,1.),.UNSPECIFIED.);
#1160=B_SPLINE_CURVE_WITH_KNOTS('',3,(#9180,#9181,#9182,#9183),
 .UNSPECIFIED.,.F.,.F.,(4,4),(0.,1.),.UNSPECIFIED.);
#1161=B_SPLINE_CURVE_WITH_KNOTS('',3,(#9185,#9186,#9187,#9188),
 .UNSPECIFIED.,.F.,.F.,(4,4),(0.,1.),.UNSPECIFIED.);
#1162=B_SPLINE_CURVE_WITH_KNOTS('',3,(#9191,#9192,#9193,#9194),
 .UNSPECIFIED.,.F.,.F.,(4,4),(0.,1.),.UNSPECIFIED.);
#1163=B_SPLINE_CURVE_WITH_KNOTS('',3,(#9196,#9197,#9198,#9199),
 .UNSPECIFIED.,.F.,.F.,(4,4),(0.,1.),.UNSPECIFIED.);
#1164=B_SPLINE_CURVE_WITH_KNOTS('',3,(#9201,#9202,#9203,#9204),
 .UNSPECIFIED.,.F.,.F.,(4,4),(0.,1.),.UNSPECIFIED.);
#1165=B_SPLINE_CURVE_WITH_KNOTS('',3,(#9206,#9207,#9208,#9209),
 .UNSPECIFIED.,.F.,.F.,(4,4),(0.,1.),.UNSPECIFIED.);
#1166=B_SPLINE_CURVE_WITH_KNOTS('',3,(#9222,#9223,#9224,#9225),
 .UNSPECIFIED.,.F.,.F.,(4,4),(0.,1.),.UNSPECIFIED.);
#1167=B_SPLINE_CURVE_WITH_KNOTS('',3,(#9229,#9230,#9231,#9232),
 .UNSPECIFIED.,.F.,.F.,(4,4),(0.,1.),.UNSPECIFIED.);
#1168=B_SPLINE_CURVE_WITH_KNOTS('',3,(#9233,#9234,#9235,#9236),
 .UNSPECIFIED.,.F.,.F.,(4,4),(0.,1.),.UNSPECIFIED.);
#1169=B_SPLINE_CURVE_WITH_KNOTS('',3,(#9238,#9239,#9240,#9241),
 .UNSPECIFIED.,.F.,.F.,(4,4),(0.,1.),.UNSPECIFIED.);
#1170=B_SPLINE_CURVE_WITH_KNOTS('',3,(#9296,#9297,#9298,#9299),
 .UNSPECIFIED.,.F.,.F.,(4,4),(0.,1.),.UNSPECIFIED.);
#1171=B_SPLINE_CURVE_WITH_KNOTS('',3,(#9300,#9301,#9302,#9303,#9304,#9305,
#9306,#9307,#9308,#9309,#9310,#9311,#9312,#9313,#9314,#9315,#9316,#9317,
#9318,#9319,#9320,#9321),.UNSPECIFIED.,.F.,.F.,(4,3,3,3,3,3,3,4),(0.,0.0764855069586564,
0.184765599766174,0.30911121096728,0.489622118368221,0.674786774572546,
0.875384169121444,1.),.UNSPECIFIED.);
#1172=B_SPLINE_CURVE_WITH_KNOTS('',3,(#9323,#9324,#9325,#9326,#9327,#9328,
#9329,#9330,#9331,#9332,#9333,#9334,#9335,#9336,#9337,#9338,#9339,#9340,
#9341,#9342,#9343,#9344),.UNSPECIFIED.,.F.,.F.,(4,3,3,3,3,3,3,4),(0.,0.0665288739510402,
0.132781038871428,0.253303566827163,0.477841538846555,0.7139772798967,0.95135031524516,
1.),.UNSPECIFIED.);
#1173=B_SPLINE_CURVE_WITH_KNOTS('',3,(#9346,#9347,#9348,#9349),
 .UNSPECIFIED.,.F.,.F.,(4,4),(0.,1.),.UNSPECIFIED.);
#1174=B_SPLINE_CURVE_WITH_KNOTS('',3,(#9351,#9352,#9353,#9354),
 .UNSPECIFIED.,.F.,.F.,(4,4),(0.,1.),.UNSPECIFIED.);
#1175=B_SPLINE_CURVE_WITH_KNOTS('',3,(#9356,#9357,#9358,#9359),
 .UNSPECIFIED.,.F.,.F.,(4,4),(0.,1.),.UNSPECIFIED.);
#1176=B_SPLINE_CURVE_WITH_KNOTS('',3,(#9365,#9366,#9367,#9368),
 .UNSPECIFIED.,.F.,.F.,(4,4),(0.,1.),.UNSPECIFIED.);
#1177=B_SPLINE_CURVE_WITH_KNOTS('',3,(#9424,#9425,#9426,#9427),
 .UNSPECIFIED.,.F.,.F.,(4,4),(0.,1.),.UNSPECIFIED.);
#1178=B_SPLINE_CURVE_WITH_KNOTS('',3,(#9429,#9430,#9431,#9432),
 .UNSPECIFIED.,.F.,.F.,(4,4),(0.,1.),.UNSPECIFIED.);
#1179=B_SPLINE_CURVE_WITH_KNOTS('',3,(#9434,#9435,#9436,#9437),
 .UNSPECIFIED.,.F.,.F.,(4,4),(0.,1.),.UNSPECIFIED.);
#1180=B_SPLINE_CURVE_WITH_KNOTS('',3,(#9439,#9440,#9441,#9442),
 .UNSPECIFIED.,.F.,.F.,(4,4),(0.,1.),.UNSPECIFIED.);
#1181=B_SPLINE_CURVE_WITH_KNOTS('',3,(#9444,#9445,#9446,#9447),
 .UNSPECIFIED.,.F.,.F.,(4,4),(0.,1.),.UNSPECIFIED.);
#1182=B_SPLINE_CURVE_WITH_KNOTS('',3,(#9500,#9501,#9502,#9503),
 .UNSPECIFIED.,.F.,.F.,(4,4),(0.,1.),.UNSPECIFIED.);
#1183=B_SPLINE_CURVE_WITH_KNOTS('',3,(#9507,#9508,#9509,#9510),
 .UNSPECIFIED.,.F.,.F.,(4,4),(0.,1.),.UNSPECIFIED.);
#1184=B_SPLINE_CURVE_WITH_KNOTS('',3,(#9512,#9513,#9514,#9515),
 .UNSPECIFIED.,.F.,.F.,(4,4),(0.,1.),.UNSPECIFIED.);
#1185=B_SPLINE_CURVE_WITH_KNOTS('',3,(#9516,#9517,#9518,#9519),
 .UNSPECIFIED.,.F.,.F.,(4,4),(0.,1.),.UNSPECIFIED.);
#1186=B_SPLINE_CURVE_WITH_KNOTS('',3,(#9532,#9533,#9534,#9535),
 .UNSPECIFIED.,.F.,.F.,(4,4),(0.,1.),.UNSPECIFIED.);
#1187=B_SPLINE_CURVE_WITH_KNOTS('',3,(#9539,#9540,#9541,#9542),
 .UNSPECIFIED.,.F.,.F.,(4,4),(0.,1.),.UNSPECIFIED.);
#1188=B_SPLINE_CURVE_WITH_KNOTS('',3,(#9544,#9545,#9546,#9547),
 .UNSPECIFIED.,.F.,.F.,(4,4),(0.,1.),.UNSPECIFIED.);
#1189=B_SPLINE_CURVE_WITH_KNOTS('',3,(#9548,#9549,#9550,#9551),
 .UNSPECIFIED.,.F.,.F.,(4,4),(0.,1.),.UNSPECIFIED.);
#1190=B_SPLINE_CURVE_WITH_KNOTS('',3,(#9553,#9554,#9555,#9556),
 .UNSPECIFIED.,.F.,.F.,(4,4),(0.,1.),.UNSPECIFIED.);
#1191=B_SPLINE_CURVE_WITH_KNOTS('',3,(#9614,#9615,#9616,#9617),
 .UNSPECIFIED.,.F.,.F.,(4,4),(0.,1.),.UNSPECIFIED.);
#1192=B_SPLINE_CURVE_WITH_KNOTS('',3,(#9619,#9620,#9621,#9622),
 .UNSPECIFIED.,.F.,.F.,(4,4),(0.,1.),.UNSPECIFIED.);
#1193=B_SPLINE_CURVE_WITH_KNOTS('',3,(#9623,#9624,#9625,#9626),
 .UNSPECIFIED.,.F.,.F.,(4,4),(0.,1.),.UNSPECIFIED.);
#1194=B_SPLINE_CURVE_WITH_KNOTS('',3,(#9666,#9667,#9668,#9669),
 .UNSPECIFIED.,.F.,.F.,(4,4),(0.,1.),.UNSPECIFIED.);
#1195=B_SPLINE_CURVE_WITH_KNOTS('',3,(#9671,#9672,#9673,#9674),
 .UNSPECIFIED.,.F.,.F.,(4,4),(0.,1.),.UNSPECIFIED.);
#1196=B_SPLINE_CURVE_WITH_KNOTS('',3,(#9676,#9677,#9678,#9679,#9680,#9681,
#9682),.UNSPECIFIED.,.F.,.F.,(4,3,4),(0.,0.677298549313979,1.),
 .UNSPECIFIED.);
#1197=B_SPLINE_CURVE_WITH_KNOTS('',3,(#9684,#9685,#9686,#9687),
 .UNSPECIFIED.,.F.,.F.,(4,4),(0.,1.),.UNSPECIFIED.);
#1198=B_SPLINE_CURVE_WITH_KNOTS('',3,(#9688,#9689,#9690,#9691),
 .UNSPECIFIED.,.F.,.F.,(4,4),(0.,1.),.UNSPECIFIED.);
#1199=B_SPLINE_CURVE_WITH_KNOTS('',3,(#9693,#9694,#9695,#9696),
 .UNSPECIFIED.,.F.,.F.,(4,4),(0.,1.),.UNSPECIFIED.);
#1200=B_SPLINE_CURVE_WITH_KNOTS('',3,(#9698,#9699,#9700,#9701),
 .UNSPECIFIED.,.F.,.F.,(4,4),(0.,1.),.UNSPECIFIED.);
#1201=B_SPLINE_CURVE_WITH_KNOTS('',3,(#9703,#9704,#9705,#9706),
 .UNSPECIFIED.,.F.,.F.,(4,4),(0.,1.),.UNSPECIFIED.);
#1202=B_SPLINE_CURVE_WITH_KNOTS('',3,(#9708,#9709,#9710,#9711),
 .UNSPECIFIED.,.F.,.F.,(4,4),(0.,1.),.UNSPECIFIED.);
#1203=B_SPLINE_CURVE_WITH_KNOTS('',3,(#9713,#9714,#9715,#9716),
 .UNSPECIFIED.,.F.,.F.,(4,4),(0.,1.),.UNSPECIFIED.);
#1204=B_SPLINE_CURVE_WITH_KNOTS('',3,(#9717,#9718,#9719,#9720),
 .UNSPECIFIED.,.F.,.F.,(4,4),(0.,1.),.UNSPECIFIED.);
#1205=B_SPLINE_CURVE_WITH_KNOTS('',3,(#9737,#9738,#9739,#9740),
 .UNSPECIFIED.,.F.,.F.,(4,4),(0.,1.),.UNSPECIFIED.);
#1206=B_SPLINE_CURVE_WITH_KNOTS('',3,(#9742,#9743,#9744,#9745),
 .UNSPECIFIED.,.F.,.F.,(4,4),(0.,1.),.UNSPECIFIED.);
#1207=B_SPLINE_CURVE_WITH_KNOTS('',3,(#9747,#9748,#9749,#9750),
 .UNSPECIFIED.,.F.,.F.,(4,4),(0.,1.),.UNSPECIFIED.);
#1208=B_SPLINE_CURVE_WITH_KNOTS('',3,(#9752,#9753,#9754,#9755),
 .UNSPECIFIED.,.F.,.F.,(4,4),(0.,1.),.UNSPECIFIED.);
#1209=B_SPLINE_CURVE_WITH_KNOTS('',3,(#9772,#9773,#9774,#9775),
 .UNSPECIFIED.,.F.,.F.,(4,4),(0.,1.),.UNSPECIFIED.);
#1210=B_SPLINE_CURVE_WITH_KNOTS('',3,(#9778,#9779,#9780,#9781),
 .UNSPECIFIED.,.F.,.F.,(4,4),(0.,1.),.UNSPECIFIED.);
#1211=B_SPLINE_CURVE_WITH_KNOTS('',3,(#9783,#9784,#9785,#9786),
 .UNSPECIFIED.,.F.,.F.,(4,4),(0.,1.),.UNSPECIFIED.);
#1212=B_SPLINE_CURVE_WITH_KNOTS('',3,(#9788,#9789,#9790,#9791),
 .UNSPECIFIED.,.F.,.F.,(4,4),(0.,1.),.UNSPECIFIED.);
#1213=B_SPLINE_CURVE_WITH_KNOTS('',3,(#9804,#9805,#9806,#9807),
 .UNSPECIFIED.,.F.,.F.,(4,4),(0.,1.),.UNSPECIFIED.);
#1214=B_SPLINE_CURVE_WITH_KNOTS('',3,(#9808,#9809,#9810,#9811),
 .UNSPECIFIED.,.F.,.F.,(4,4),(0.,1.),.UNSPECIFIED.);
#1215=B_SPLINE_CURVE_WITH_KNOTS('',3,(#9828,#9829,#9830,#9831),
 .UNSPECIFIED.,.F.,.F.,(4,4),(0.,1.),.UNSPECIFIED.);
#1216=B_SPLINE_CURVE_WITH_KNOTS('',3,(#9835,#9836,#9837,#9838),
 .UNSPECIFIED.,.F.,.F.,(4,4),(0.,1.),.UNSPECIFIED.);
#1217=B_SPLINE_CURVE_WITH_KNOTS('',3,(#9840,#9841,#9842,#9843),
 .UNSPECIFIED.,.F.,.F.,(4,4),(0.,1.),.UNSPECIFIED.);
#1218=B_SPLINE_CURVE_WITH_KNOTS('',3,(#9845,#9846,#9847,#9848),
 .UNSPECIFIED.,.F.,.F.,(4,4),(0.,1.),.UNSPECIFIED.);
#1219=B_SPLINE_CURVE_WITH_KNOTS('',3,(#9849,#9850,#9851,#9852),
 .UNSPECIFIED.,.F.,.F.,(4,4),(0.,1.),.UNSPECIFIED.);
#1220=B_SPLINE_CURVE_WITH_KNOTS('',3,(#9889,#9890,#9891,#9892),
 .UNSPECIFIED.,.F.,.F.,(4,4),(0.,1.),.UNSPECIFIED.);
#1221=B_SPLINE_CURVE_WITH_KNOTS('',3,(#9895,#9896,#9897,#9898),
 .UNSPECIFIED.,.F.,.F.,(4,4),(0.,1.),.UNSPECIFIED.);
#1222=B_SPLINE_CURVE_WITH_KNOTS('',3,(#9900,#9901,#9902,#9903),
 .UNSPECIFIED.,.F.,.F.,(4,4),(0.,1.),.UNSPECIFIED.);
#1223=B_SPLINE_CURVE_WITH_KNOTS('',3,(#9904,#9905,#9906,#9907),
 .UNSPECIFIED.,.F.,.F.,(4,4),(0.,1.),.UNSPECIFIED.);
#1224=B_SPLINE_CURVE_WITH_KNOTS('',3,(#9925,#9926,#9927,#9928),
 .UNSPECIFIED.,.F.,.F.,(4,4),(0.,1.),.UNSPECIFIED.);
#1225=B_SPLINE_CURVE_WITH_KNOTS('',3,(#9930,#9931,#9932,#9933),
 .UNSPECIFIED.,.F.,.F.,(4,4),(0.,1.),.UNSPECIFIED.);
#1226=B_SPLINE_CURVE_WITH_KNOTS('',3,(#9935,#9936,#9937,#9938),
 .UNSPECIFIED.,.F.,.F.,(4,4),(0.,1.),.UNSPECIFIED.);
#1227=B_SPLINE_CURVE_WITH_KNOTS('',3,(#9940,#9941,#9942,#9943,#9944,#9945,
#9946),.UNSPECIFIED.,.F.,.F.,(4,3,4),(0.,0.679054765828037,1.),
 .UNSPECIFIED.);
#1228=B_SPLINE_CURVE_WITH_KNOTS('',3,(#9948,#9949,#9950,#9951),
 .UNSPECIFIED.,.F.,.F.,(4,4),(0.,1.),.UNSPECIFIED.);
#1229=B_SPLINE_CURVE_WITH_KNOTS('',3,(#9952,#9953,#9954,#9955),
 .UNSPECIFIED.,.F.,.F.,(4,4),(0.,1.),.UNSPECIFIED.);
#1230=B_SPLINE_CURVE_WITH_KNOTS('',3,(#9963,#9964,#9965,#9966),
 .UNSPECIFIED.,.F.,.F.,(4,4),(0.,1.),.UNSPECIFIED.);
#1231=B_SPLINE_CURVE_WITH_KNOTS('',3,(#9968,#9969,#9970,#9971),
 .UNSPECIFIED.,.F.,.F.,(4,4),(0.,1.),.UNSPECIFIED.);
#1232=B_SPLINE_CURVE_WITH_KNOTS('',3,(#9972,#9973,#9974,#9975),
 .UNSPECIFIED.,.F.,.F.,(4,4),(0.,1.),.UNSPECIFIED.);
#1233=B_SPLINE_CURVE_WITH_KNOTS('',3,(#10027,#10028,#10029,#10030),
 .UNSPECIFIED.,.F.,.F.,(4,4),(0.,1.),.UNSPECIFIED.);
#1234=B_SPLINE_CURVE_WITH_KNOTS('',3,(#10031,#10032,#10033,#10034),
 .UNSPECIFIED.,.F.,.F.,(4,4),(0.,1.),.UNSPECIFIED.);
#1235=B_SPLINE_CURVE_WITH_KNOTS('',3,(#10036,#10037,#10038,#10039),
 .UNSPECIFIED.,.F.,.F.,(4,4),(0.,1.),.UNSPECIFIED.);
#1236=B_SPLINE_CURVE_WITH_KNOTS('',3,(#10041,#10042,#10043,#10044),
 .UNSPECIFIED.,.F.,.F.,(4,4),(0.,1.),.UNSPECIFIED.);
#1237=B_SPLINE_CURVE_WITH_KNOTS('',3,(#10046,#10047,#10048,#10049),
 .UNSPECIFIED.,.F.,.F.,(4,4),(0.,1.),.UNSPECIFIED.);
#1238=B_SPLINE_CURVE_WITH_KNOTS('',3,(#10051,#10052,#10053,#10054),
 .UNSPECIFIED.,.F.,.F.,(4,4),(0.,1.),.UNSPECIFIED.);
#1239=B_SPLINE_CURVE_WITH_KNOTS('',3,(#10056,#10057,#10058,#10059),
 .UNSPECIFIED.,.F.,.F.,(4,4),(0.,1.),.UNSPECIFIED.);
#1240=B_SPLINE_CURVE_WITH_KNOTS('',3,(#10061,#10062,#10063,#10064),
 .UNSPECIFIED.,.F.,.F.,(4,4),(0.,1.),.UNSPECIFIED.);
#1241=B_SPLINE_CURVE_WITH_KNOTS('',3,(#10066,#10067,#10068,#10069),
 .UNSPECIFIED.,.F.,.F.,(4,4),(0.,1.),.UNSPECIFIED.);
#1242=B_SPLINE_CURVE_WITH_KNOTS('',3,(#10071,#10072,#10073,#10074),
 .UNSPECIFIED.,.F.,.F.,(4,4),(0.,1.),.UNSPECIFIED.);
#1243=B_SPLINE_CURVE_WITH_KNOTS('',3,(#10076,#10077,#10078,#10079),
 .UNSPECIFIED.,.F.,.F.,(4,4),(0.,1.),.UNSPECIFIED.);
#1244=ELLIPSE('',#4843,0.559303494303588,0.5);
#1245=ELLIPSE('',#4866,0.204705078915113,0.183);
#1246=ELLIPSE('',#4867,0.204705078915113,0.183);
#1247=ELLIPSE('',#4941,0.258801081914289,0.18300000000001);
#1248=ELLIPSE('',#4942,0.258801081914289,0.18300000000001);
#1249=ELLIPSE('',#4961,0.318198051533834,0.224999999999921);
#1250=ELLIPSE('',#4966,0.318198051533835,0.224999999999921);
#1251=ELLIPSE('',#4980,0.141421356237309,0.1);
#1252=ELLIPSE('',#4982,0.14142135623731,0.1);
#1253=ELLIPSE('',#5051,0.258801081914218,0.182999999999959);
#1254=ELLIPSE('',#5059,0.318198051533834,0.224999999999921);
#1255=ELLIPSE('',#5065,0.318198051533834,0.224999999999921);
#1256=ELLIPSE('',#5082,0.318925765875192,0.225514571745461);
#1257=ELLIPSE('',#5098,0.0286834113217773,0.019778356103938);
#1258=ELLIPSE('',#5100,0.0643132899811483,0.01);
#1259=ELLIPSE('',#5116,0.0286834113459906,0.019778356103938);
#1260=ELLIPSE('',#5117,0.12720111513056,0.019778356103938);
#1261=CYLINDRICAL_SURFACE('',#4837,0.25);
#1262=CYLINDRICAL_SURFACE('',#4844,0.5);
#1263=CYLINDRICAL_SURFACE('',#4846,0.18300000000001);
#1264=CYLINDRICAL_SURFACE('',#4852,0.25);
#1265=CYLINDRICAL_SURFACE('',#4863,0.183);
#1266=CYLINDRICAL_SURFACE('',#4865,0.183);
#1267=CYLINDRICAL_SURFACE('',#4870,0.183);
#1268=CYLINDRICAL_SURFACE('',#4878,0.183);
#1269=CYLINDRICAL_SURFACE('',#4885,0.183);
#1270=CYLINDRICAL_SURFACE('',#4893,0.183);
#1271=CYLINDRICAL_SURFACE('',#4906,0.25);
#1272=CYLINDRICAL_SURFACE('',#4936,0.5);
#1273=CYLINDRICAL_SURFACE('',#4937,0.25);
#1274=CYLINDRICAL_SURFACE('',#4938,0.01585);
#1275=CYLINDRICAL_SURFACE('',#4939,0.5);
#1276=CYLINDRICAL_SURFACE('',#4940,0.01585);
#1277=CYLINDRICAL_SURFACE('',#4943,0.18300000000001);
#1278=CYLINDRICAL_SURFACE('',#4947,0.5);
#1279=CYLINDRICAL_SURFACE('',#4957,0.225);
#1280=CYLINDRICAL_SURFACE('',#4962,0.224999999999921);
#1281=CYLINDRICAL_SURFACE('',#4967,0.224999999999921);
#1282=CYLINDRICAL_SURFACE('',#4977,0.05);
#1283=CYLINDRICAL_SURFACE('',#4981,0.1);
#1284=CYLINDRICAL_SURFACE('',#4983,0.1);
#1285=CYLINDRICAL_SURFACE('',#4984,0.1);
#1286=CYLINDRICAL_SURFACE('',#4986,0.124999999999978);
#1287=CYLINDRICAL_SURFACE('',#4989,0.05);
#1288=CYLINDRICAL_SURFACE('',#4994,0.05);
#1289=CYLINDRICAL_SURFACE('',#4996,0.0600000000000013);
#1290=CYLINDRICAL_SURFACE('',#5010,0.05);
#1291=CYLINDRICAL_SURFACE('',#5013,0.05);
#1292=CYLINDRICAL_SURFACE('',#5019,0.125);
#1293=CYLINDRICAL_SURFACE('',#5024,0.125);
#1294=CYLINDRICAL_SURFACE('',#5030,0.05);
#1295=CYLINDRICAL_SURFACE('',#5033,0.05);
#1296=CYLINDRICAL_SURFACE('',#5052,0.182999999999959);
#1297=CYLINDRICAL_SURFACE('',#5060,0.224999999999921);
#1298=CYLINDRICAL_SURFACE('',#5066,0.224999999999921);
#1299=CYLINDRICAL_SURFACE('',#5070,0.182999999999959);
#1300=CYLINDRICAL_SURFACE('',#5073,0.182999999999959);
#1301=CYLINDRICAL_SURFACE('',#5076,0.182999999999959);
#1302=CYLINDRICAL_SURFACE('',#5079,0.182999999999959);
#1303=CYLINDRICAL_SURFACE('',#5081,0.1);
#1304=CYLINDRICAL_SURFACE('',#5085,0.05);
#1305=CYLINDRICAL_SURFACE('',#5097,0.0199999971149121);
#1306=CYLINDRICAL_SURFACE('',#5099,0.019778356103938);
#1307=CYLINDRICAL_SURFACE('',#5103,0.019778356103938);
#1308=CYLINDRICAL_SURFACE('',#5104,0.0199999971097264);
#1309=CYLINDRICAL_SURFACE('',#5105,0.019778356103938);
#1310=CYLINDRICAL_SURFACE('',#5106,0.019778356103938);
#1311=CYLINDRICAL_SURFACE('',#5107,0.0199999971213903);
#1312=CYLINDRICAL_SURFACE('',#5108,0.019778356103938);
#1313=CYLINDRICAL_SURFACE('',#5111,0.019778356103938);
#1314=CYLINDRICAL_SURFACE('',#5112,0.0199999971363143);
#1315=CYLINDRICAL_SURFACE('',#5113,0.0199999971155652);
#1316=CYLINDRICAL_SURFACE('',#5114,0.019778356103938);
#1317=CYLINDRICAL_SURFACE('',#5119,0.019778356103938);
#1318=CYLINDRICAL_SURFACE('',#5120,0.0199999971141105);
#1319=CYLINDRICAL_SURFACE('',#5122,0.019778356103938);
#1320=CYLINDRICAL_SURFACE('',#5123,0.019778356103938);
#1321=CYLINDRICAL_SURFACE('',#5127,0.019778356103938);
#1322=CYLINDRICAL_SURFACE('',#5130,0.019778356103938);
#1323=CYLINDRICAL_SURFACE('',#5133,0.019778356103938);
#1324=CYLINDRICAL_SURFACE('',#5135,0.019778356103938);
#1325=CYLINDRICAL_SURFACE('',#5138,0.019778356103938);
#1326=CYLINDRICAL_SURFACE('',#5140,0.01);
#1327=CYLINDRICAL_SURFACE('',#5143,0.019778356103938);
#1328=CYLINDRICAL_SURFACE('',#5144,0.019778356103938);
#1329=CYLINDRICAL_SURFACE('',#5145,0.019778356103938);
#1330=CYLINDRICAL_SURFACE('',#5146,0.019778356103938);
#1331=CYLINDRICAL_SURFACE('',#5150,0.01);
#1332=CYLINDRICAL_SURFACE('',#5151,0.01);
#1333=CYLINDRICAL_SURFACE('',#5152,0.01);
#1334=CYLINDRICAL_SURFACE('',#5153,0.01);
#1335=CYLINDRICAL_SURFACE('',#5154,0.01);
#1336=CYLINDRICAL_SURFACE('',#5155,0.01);
#1337=CYLINDRICAL_SURFACE('',#5156,0.019778356103938);
#1338=CYLINDRICAL_SURFACE('',#5157,4.64098185145039);
#1339=CYLINDRICAL_SURFACE('',#5158,3.75223317807807);
#1340=CYLINDRICAL_SURFACE('',#5159,4.64098151941499);
#1341=CYLINDRICAL_SURFACE('',#5160,4.64098010742322);
#1342=CYLINDRICAL_SURFACE('',#5161,3.75223229111257);
#1343=CYLINDRICAL_SURFACE('',#5162,3.75222759199747);
#1344=CYLINDRICAL_SURFACE('',#5175,0.0699999999999999);
#1345=CYLINDRICAL_SURFACE('',#5193,0.175000000000001);
#1346=CYLINDRICAL_SURFACE('',#5198,0.175);
#1347=CYLINDRICAL_SURFACE('',#5202,0.175);
#1348=CYLINDRICAL_SURFACE('',#5209,0.175);
#1349=CYLINDRICAL_SURFACE('',#5219,0.225514571745461);
#1350=CYLINDRICAL_SURFACE('',#5221,0.225514571745461);
#1351=CYLINDRICAL_SURFACE('',#5222,0.03);
#1352=CYLINDRICAL_SURFACE('',#5228,0.01);
#1353=CYLINDRICAL_SURFACE('',#5229,0.01);
#1354=CIRCLE('',#4835,0.25);
#1355=CIRCLE('',#4836,0.25);
#1356=CIRCLE('',#4841,0.5);
#1357=CIRCLE('',#4842,0.499999999999999);
#1358=CIRCLE('',#4845,0.183);
#1359=CIRCLE('',#4847,0.05);
#1360=CIRCLE('',#4848,0.183);
#1361=CIRCLE('',#4850,0.25);
#1362=CIRCLE('',#4851,0.25);
#1363=CIRCLE('',#4854,0.125);
#1364=CIRCLE('',#4855,0.183);
#1365=CIRCLE('',#4857,0.20300000000001);
#1366=CIRCLE('',#4859,0.183);
#1367=CIRCLE('',#4860,0.183);
#1368=CIRCLE('',#4862,0.183);
#1369=CIRCLE('',#4864,0.183);
#1370=CIRCLE('',#4869,0.183);
#1371=CIRCLE('',#4871,0.172669240889881);
#1372=CIRCLE('',#4873,0.174718820290783);
#1373=CIRCLE('',#4875,0.183);
#1374=CIRCLE('',#4877,0.183);
#1375=CIRCLE('',#4879,0.172664126516053);
#1376=CIRCLE('',#4881,0.174713012670837);
#1377=CIRCLE('',#4884,0.183);
#1378=CIRCLE('',#4886,0.172669240889878);
#1379=CIRCLE('',#4888,0.174718820290781);
#1380=CIRCLE('',#4890,0.183);
#1381=CIRCLE('',#4892,0.183);
#1382=CIRCLE('',#4894,0.172664126516052);
#1383=CIRCLE('',#4896,0.174713012670836);
#1384=CIRCLE('',#4900,0.1);
#1385=CIRCLE('',#4901,0.1);
#1386=CIRCLE('',#4903,0.25);
#1387=CIRCLE('',#4904,0.250000000000005);
#1388=CIRCLE('',#4905,0.25);
#1389=CIRCLE('',#4907,0.05);
#1390=CIRCLE('',#4908,0.224999999999921);
#1391=CIRCLE('',#4909,0.18300000000001);
#1392=CIRCLE('',#4910,0.224999999999921);
#1393=CIRCLE('',#4911,0.225);
#1394=CIRCLE('',#4920,0.5);
#1395=CIRCLE('',#4921,0.18300000000001);
#1396=CIRCLE('',#4922,0.01585);
#1397=CIRCLE('',#4923,0.5);
#1398=CIRCLE('',#4924,0.01585);
#1399=CIRCLE('',#4925,0.25);
#1400=CIRCLE('',#4926,0.5);
#1401=CIRCLE('',#4928,0.25);
#1402=CIRCLE('',#4929,0.01585);
#1403=CIRCLE('',#4930,0.5);
#1404=CIRCLE('',#4931,0.01585);
#1405=CIRCLE('',#4932,0.18300000000001);
#1406=CIRCLE('',#4934,0.5);
#1407=CIRCLE('',#4935,0.5);
#1408=CIRCLE('',#4946,0.499999999999994);
#1409=CIRCLE('',#4953,0.124999999999978);
#1410=CIRCLE('',#4956,0.225);
#1411=CIRCLE('',#4964,0.05);
#1412=CIRCLE('',#4968,0.3);
#1413=CIRCLE('',#4976,0.05);
#1414=CIRCLE('',#4985,0.125);
#1415=CIRCLE('',#4987,0.05);
#1416=CIRCLE('',#4990,0.05);
#1417=CIRCLE('',#4991,0.0600000000000013);
#1418=CIRCLE('',#4993,0.05);
#1419=CIRCLE('',#4995,0.0600000000000013);
#1420=CIRCLE('',#4998,0.075);
#1421=CIRCLE('',#4999,0.125);
#1422=CIRCLE('',#5005,0.125);
#1423=CIRCLE('',#5006,0.125);
#1424=CIRCLE('',#5008,0.05);
#1425=CIRCLE('',#5009,0.05);
#1426=CIRCLE('',#5011,0.05);
#1427=CIRCLE('',#5012,0.05);
#1428=CIRCLE('',#5014,0.124102123024651);
#1429=CIRCLE('',#5015,0.125);
#1430=CIRCLE('',#5017,0.225);
#1431=CIRCLE('',#5020,0.119181510798547);
#1432=CIRCLE('',#5021,0.145);
#1433=CIRCLE('',#5023,0.125);
#1434=CIRCLE('',#5029,0.05);
#1435=CIRCLE('',#5031,0.05);
#1436=CIRCLE('',#5032,0.05);
#1437=CIRCLE('',#5034,0.05);
#1438=CIRCLE('',#5035,0.104393759535434);
#1439=CIRCLE('',#5036,0.109293571914259);
#1440=CIRCLE('',#5037,0.06);
#1441=CIRCLE('',#5039,0.05);
#1442=CIRCLE('',#5042,0.01);
#1443=CIRCLE('',#5043,0.01);
#1444=CIRCLE('',#5044,0.01);
#1445=CIRCLE('',#5046,0.01);
#1446=CIRCLE('',#5049,0.182999999999959);
#1447=CIRCLE('',#5050,0.182999999999959);
#1448=CIRCLE('',#5053,0.05);
#1449=CIRCLE('',#5054,0.224999999999921);
#1450=CIRCLE('',#5055,0.224999999999921);
#1451=CIRCLE('',#5056,0.225514571745461);
#1452=CIRCLE('',#5057,0.224999999999921);
#1453=CIRCLE('',#5063,0.224999999999921);
#1454=CIRCLE('',#5064,0.22499999999992);
#1455=CIRCLE('',#5068,0.183);
#1456=CIRCLE('',#5069,0.182999999999959);
#1457=CIRCLE('',#5071,0.183);
#1458=CIRCLE('',#5072,0.182999999999959);
#1459=CIRCLE('',#5074,0.183);
#1460=CIRCLE('',#5075,0.182999999999959);
#1461=CIRCLE('',#5077,0.182999999999959);
#1462=CIRCLE('',#5078,0.182999999999959);
#1463=CIRCLE('',#5080,0.1);
#1464=CIRCLE('',#5084,0.05);
#1465=CIRCLE('',#5088,0.07);
#1466=CIRCLE('',#5089,0.07);
#1467=CIRCLE('',#5090,0.07);
#1468=CIRCLE('',#5091,0.07);
#1469=CIRCLE('',#5092,0.07);
#1470=CIRCLE('',#5093,0.07);
#1471=CIRCLE('',#5095,0.049826680980159);
#1472=CIRCLE('',#5124,0.149079089762097);
#1473=CIRCLE('',#5125,0.128322951941008);
#1474=CIRCLE('',#5131,0.149079089762097);
#1475=CIRCLE('',#5136,0.149079089762097);
#1476=CIRCLE('',#5139,0.01);
#1477=CIRCLE('',#5149,0.01);
#1478=CIRCLE('',#5163,0.0700000000000001);
#1479=CIRCLE('',#5165,0.03);
#1480=CIRCLE('',#5167,0.03);
#1481=CIRCLE('',#5169,0.15141);
#1482=CIRCLE('',#5170,0.15141);
#1483=CIRCLE('',#5171,0.15141);
#1484=CIRCLE('',#5174,0.0700000000000002);
#1485=CIRCLE('',#5190,0.175000000000001);
#1486=CIRCLE('',#5192,0.175000000000001);
#1487=CIRCLE('',#5195,0.175);
#1488=CIRCLE('',#5197,0.175);
#1489=CIRCLE('',#5200,0.175);
#1490=CIRCLE('',#5201,0.175);
#1491=CIRCLE('',#5203,0.177);
#1492=CIRCLE('',#5205,0.177);
#1493=CIRCLE('',#5207,0.175);
#1494=CIRCLE('',#5208,0.175);
#1495=CIRCLE('',#5210,0.177);
#1496=CIRCLE('',#5212,0.177);
#1497=CIRCLE('',#5218,0.225514571745461);
#1498=CIRCLE('',#5223,0.0375);
#1499=CIRCLE('',#5225,0.0425);
#1500=ADVANCED_FACE('',(#1850),#1767,.T.);
#1501=ADVANCED_FACE('',(#1851),#1261,.T.);
#1502=ADVANCED_FACE('',(#1852),#1768,.F.);
#1503=ADVANCED_FACE('',(#1853),#1769,.F.);
#1504=ADVANCED_FACE('',(#1854),#1770,.F.);
#1505=ADVANCED_FACE('',(#1855),#1262,.T.);
#1506=ADVANCED_FACE('',(#862,#863),#1263,.F.);
#1507=ADVANCED_FACE('',(#864,#865),#1771,.F.);
#1508=ADVANCED_FACE('',(#1856),#1264,.T.);
#1509=ADVANCED_FACE('',(#1857),#1772,.T.);
#1510=ADVANCED_FACE('',(#866,#867,#868,#869),#1773,.T.);
#1511=ADVANCED_FACE('',(#870,#871),#833,.T.);
#1512=ADVANCED_FACE('',(#872,#873),#1774,.T.);
#1513=ADVANCED_FACE('',(#874,#875),#1265,.F.);
#1514=ADVANCED_FACE('',(#876,#877),#1266,.F.);
#1515=ADVANCED_FACE('',(#1858),#1775,.F.);
#1516=ADVANCED_FACE('',(#878,#879),#1267,.F.);
#1517=ADVANCED_FACE('',(#880,#881),#805,.F.);
#1518=ADVANCED_FACE('',(#882,#883),#806,.F.);
#1519=ADVANCED_FACE('',(#884,#885),#807,.T.);
#1520=ADVANCED_FACE('',(#886,#887),#1268,.F.);
#1521=ADVANCED_FACE('',(#888,#889),#808,.F.);
#1522=ADVANCED_FACE('',(#890,#891),#809,.F.);
#1523=ADVANCED_FACE('',(#892,#893),#810,.T.);
#1524=ADVANCED_FACE('',(#894,#895),#1269,.F.);
#1525=ADVANCED_FACE('',(#896,#897),#811,.F.);
#1526=ADVANCED_FACE('',(#898,#899),#812,.F.);
#1527=ADVANCED_FACE('',(#900,#901),#813,.T.);
#1528=ADVANCED_FACE('',(#902,#903),#1270,.F.);
#1529=ADVANCED_FACE('',(#904,#905),#814,.F.);
#1530=ADVANCED_FACE('',(#906,#907),#815,.F.);
#1531=ADVANCED_FACE('',(#908,#909),#816,.T.);
#1532=ADVANCED_FACE('',(#910,#911),#817,.F.);
#1533=ADVANCED_FACE('',(#1859),#1776,.T.);
#1534=ADVANCED_FACE('',(#1860),#1271,.T.);
#1535=ADVANCED_FACE('',(#912,#913),#1777,.F.);
#1536=ADVANCED_FACE('',(#1861),#1778,.T.);
#1537=ADVANCED_FACE('',(#1862),#1779,.T.);
#1538=ADVANCED_FACE('',(#1863),#1780,.T.);
#1539=ADVANCED_FACE('',(#1864),#1781,.T.);
#1540=ADVANCED_FACE('',(#1865),#1782,.T.);
#1541=ADVANCED_FACE('',(#1866),#1783,.T.);
#1542=ADVANCED_FACE('',(#1867),#1784,.T.);
#1543=ADVANCED_FACE('',(#914,#915),#1785,.F.);
#1544=ADVANCED_FACE('',(#1868),#1786,.T.);
#1545=ADVANCED_FACE('',(#1869),#1272,.T.);
#1546=ADVANCED_FACE('',(#1870),#1273,.T.);
#1547=ADVANCED_FACE('',(#1871),#1274,.T.);
#1548=ADVANCED_FACE('',(#1872),#1275,.T.);
#1549=ADVANCED_FACE('',(#1873),#1276,.T.);
#1550=ADVANCED_FACE('',(#1874),#1277,.F.);
#1551=ADVANCED_FACE('',(#1875),#1787,.T.);
#1552=ADVANCED_FACE('',(#1876),#1788,.F.);
#1553=ADVANCED_FACE('',(#1877),#1278,.T.);
#1554=ADVANCED_FACE('',(#1878),#1789,.F.);
#1555=ADVANCED_FACE('',(#1879),#1790,.F.);
#1556=ADVANCED_FACE('',(#1880),#1791,.F.);
#1557=ADVANCED_FACE('',(#1881),#1792,.F.);
#1558=ADVANCED_FACE('',(#1882),#1793,.F.);
#1559=ADVANCED_FACE('',(#916,#917),#1794,.F.);
#1560=ADVANCED_FACE('',(#1883),#1795,.F.);
#1561=ADVANCED_FACE('',(#1884),#1279,.F.);
#1562=ADVANCED_FACE('',(#1885),#1796,.T.);
#1563=ADVANCED_FACE('',(#1886),#1797,.F.);
#1564=ADVANCED_FACE('',(#1887),#1798,.T.);
#1565=ADVANCED_FACE('',(#1888),#1280,.T.);
#1566=ADVANCED_FACE('',(#1889),#1799,.T.);
#1567=ADVANCED_FACE('',(#1890),#1800,.T.);
#1568=ADVANCED_FACE('',(#1891),#1281,.T.);
#1569=ADVANCED_FACE('',(#1892),#1801,.T.);
#1570=ADVANCED_FACE('',(#1893),#1802,.F.);
#1571=ADVANCED_FACE('',(#1894),#1803,.F.);
#1572=ADVANCED_FACE('',(#1895),#1804,.F.);
#1573=ADVANCED_FACE('',(#1896),#1805,.F.);
#1574=ADVANCED_FACE('',(#1897),#834,.F.);
#1575=ADVANCED_FACE('',(#1898),#835,.F.);
#1576=ADVANCED_FACE('',(#1899),#100,.T.);
#1577=ADVANCED_FACE('',(#1900),#1282,.T.);
#1578=ADVANCED_FACE('',(#1901),#101,.T.);
#1579=ADVANCED_FACE('',(#1902),#1806,.F.);
#1580=ADVANCED_FACE('',(#1903),#1807,.F.);
#1581=ADVANCED_FACE('',(#1904),#1283,.T.);
#1582=ADVANCED_FACE('',(#1905),#1284,.T.);
#1583=ADVANCED_FACE('',(#1906),#1285,.T.);
#1584=ADVANCED_FACE('',(#918,#919),#1286,.F.);
#1585=ADVANCED_FACE('',(#920,#921),#818,.F.);
#1586=ADVANCED_FACE('',(#922,#923),#1287,.F.);
#1587=ADVANCED_FACE('',(#924,#925),#1808,.F.);
#1588=ADVANCED_FACE('',(#926,#927),#1288,.F.);
#1589=ADVANCED_FACE('',(#928,#929),#1289,.T.);
#1590=ADVANCED_FACE('',(#930,#931),#836,.T.);
#1591=ADVANCED_FACE('',(#932,#933,#934),#1809,.F.);
#1592=ADVANCED_FACE('',(#1907),#1810,.T.);
#1593=ADVANCED_FACE('',(#1908),#1811,.T.);
#1594=ADVANCED_FACE('',(#1909),#1812,.T.);
#1595=ADVANCED_FACE('',(#1910),#1813,.T.);
#1596=ADVANCED_FACE('',(#935,#936),#1814,.T.);
#1597=ADVANCED_FACE('',(#1911),#1290,.F.);
#1598=ADVANCED_FACE('',(#1912),#1291,.F.);
#1599=ADVANCED_FACE('',(#1913),#837,.F.);
#1600=ADVANCED_FACE('',(#1914),#1815,.F.);
#1601=ADVANCED_FACE('',(#1915),#1292,.F.);
#1602=ADVANCED_FACE('',(#1916),#1816,.F.);
#1603=ADVANCED_FACE('',(#937,#938),#1293,.F.);
#1604=ADVANCED_FACE('',(#1917),#1817,.T.);
#1605=ADVANCED_FACE('',(#1918),#1818,.T.);
#1606=ADVANCED_FACE('',(#1919),#838,.T.);
#1607=ADVANCED_FACE('',(#1920),#839,.T.);
#1608=ADVANCED_FACE('',(#1921),#99,.T.);
#1609=ADVANCED_FACE('',(#1922),#102,.T.);
#1610=ADVANCED_FACE('',(#1923),#103,.T.);
#1611=ADVANCED_FACE('',(#1924),#104,.T.);
#1612=ADVANCED_FACE('',(#1925),#1294,.F.);
#1613=ADVANCED_FACE('',(#1926),#105,.T.);
#1614=ADVANCED_FACE('',(#1927),#106,.T.);
#1615=ADVANCED_FACE('',(#1928),#1295,.F.);
#1616=ADVANCED_FACE('',(#1929),#107,.T.);
#1617=ADVANCED_FACE('',(#1930),#108,.T.);
#1618=ADVANCED_FACE('',(#939,#940),#819,.T.);
#1619=ADVANCED_FACE('',(#941,#942),#1819,.T.);
#1620=ADVANCED_FACE('',(#943,#944),#820,.F.);
#1621=ADVANCED_FACE('',(#1931),#109,.T.);
#1622=ADVANCED_FACE('',(#1932),#840,.F.);
#1623=ADVANCED_FACE('',(#1933),#841,.F.);
#1624=ADVANCED_FACE('',(#1934),#110,.T.);
#1625=ADVANCED_FACE('',(#945,#946),#821,.F.);
#1626=ADVANCED_FACE('',(#947,#948),#1296,.F.);
#1627=ADVANCED_FACE('',(#949,#950),#1820,.T.);
#1628=ADVANCED_FACE('',(#1935),#1297,.T.);
#1629=ADVANCED_FACE('',(#1936),#1821,.T.);
#1630=ADVANCED_FACE('',(#1937),#1822,.F.);
#1631=ADVANCED_FACE('',(#1938),#1298,.T.);
#1632=ADVANCED_FACE('',(#1939),#1823,.T.);
#1633=ADVANCED_FACE('',(#951,#952),#1299,.F.);
#1634=ADVANCED_FACE('',(#953,#954),#1300,.F.);
#1635=ADVANCED_FACE('',(#955,#956),#1301,.F.);
#1636=ADVANCED_FACE('',(#957,#958),#1302,.F.);
#1637=ADVANCED_FACE('',(#959,#960),#1303,.F.);
#1638=ADVANCED_FACE('',(#1940),#1824,.T.);
#1639=ADVANCED_FACE('',(#961,#962),#1304,.F.);
#1640=ADVANCED_FACE('',(#1941),#1825,.T.);
#1641=ADVANCED_FACE('',(#963,#964),#1826,.T.);
#1642=ADVANCED_FACE('',(#965,#966),#822,.T.);
#1643=ADVANCED_FACE('',(#967,#968,#969),#86,.F.);
#1644=ADVANCED_FACE('',(#1942),#87,.T.);
#1645=ADVANCED_FACE('',(#970,#971),#842,.F.);
#1646=ADVANCED_FACE('',(#1943),#88,.T.);
#1647=ADVANCED_FACE('',(#1944),#1305,.T.);
#1648=ADVANCED_FACE('',(#1945),#1306,.T.);
#1649=ADVANCED_FACE('',(#1946),#1827,.T.);
#1650=ADVANCED_FACE('',(#1947),#843,.T.);
#1651=ADVANCED_FACE('',(#1948),#1307,.T.);
#1652=ADVANCED_FACE('',(#1949),#1308,.T.);
#1653=ADVANCED_FACE('',(#1950),#1309,.F.);
#1654=ADVANCED_FACE('',(#1951),#1310,.F.);
#1655=ADVANCED_FACE('',(#1952),#1311,.T.);
#1656=ADVANCED_FACE('',(#1953),#1312,.T.);
#1657=ADVANCED_FACE('',(#1954),#844,.T.);
#1658=ADVANCED_FACE('',(#1955),#845,.T.);
#1659=ADVANCED_FACE('',(#1956),#1313,.T.);
#1660=ADVANCED_FACE('',(#1957),#1314,.T.);
#1661=ADVANCED_FACE('',(#1958),#89,.T.);
#1662=ADVANCED_FACE('',(#1959),#90,.T.);
#1663=ADVANCED_FACE('',(#1960),#1315,.T.);
#1664=ADVANCED_FACE('',(#1961),#1316,.T.);
#1665=ADVANCED_FACE('',(#1962),#846,.T.);
#1666=ADVANCED_FACE('',(#1963),#1828,.T.);
#1667=ADVANCED_FACE('',(#1964),#1317,.T.);
#1668=ADVANCED_FACE('',(#1965),#1318,.T.);
#1669=ADVANCED_FACE('',(#1966),#111,.T.);
#1670=ADVANCED_FACE('',(#1967),#847,.F.);
#1671=ADVANCED_FACE('',(#1968),#1319,.F.);
#1672=ADVANCED_FACE('',(#1969),#1320,.F.);
#1673=ADVANCED_FACE('',(#1970),#848,.F.);
#1674=ADVANCED_FACE('',(#1971),#91,.T.);
#1675=ADVANCED_FACE('',(#1972),#1321,.F.);
#1676=ADVANCED_FACE('',(#1973),#849,.F.);
#1677=ADVANCED_FACE('',(#1974),#850,.F.);
#1678=ADVANCED_FACE('',(#1975),#1322,.F.);
#1679=ADVANCED_FACE('',(#1976),#112,.T.);
#1680=ADVANCED_FACE('',(#1977),#851,.F.);
#1681=ADVANCED_FACE('',(#1978),#92,.T.);
#1682=ADVANCED_FACE('',(#1979),#1323,.F.);
#1683=ADVANCED_FACE('',(#1980),#852,.F.);
#1684=ADVANCED_FACE('',(#1981),#113,.T.);
#1685=ADVANCED_FACE('',(#1982),#1324,.F.);
#1686=ADVANCED_FACE('',(#1983),#93,.T.);
#1687=ADVANCED_FACE('',(#1984),#853,.F.);
#1688=ADVANCED_FACE('',(#1985),#114,.T.);
#1689=ADVANCED_FACE('',(#1986),#1325,.F.);
#1690=ADVANCED_FACE('',(#1987),#115,.T.);
#1691=ADVANCED_FACE('',(#1988),#116,.T.);
#1692=ADVANCED_FACE('',(#1989),#1326,.F.);
#1693=ADVANCED_FACE('',(#1990),#854,.T.);
#1694=ADVANCED_FACE('',(#1991),#855,.T.);
#1695=ADVANCED_FACE('',(#1992),#1327,.F.);
#1696=ADVANCED_FACE('',(#1993),#94,.T.);
#1697=ADVANCED_FACE('',(#1994),#95,.T.);
#1698=ADVANCED_FACE('',(#1995),#1328,.F.);
#1699=ADVANCED_FACE('',(#1996),#117,.T.);
#1700=ADVANCED_FACE('',(#1997),#96,.T.);
#1701=ADVANCED_FACE('',(#1998),#1329,.F.);
#1702=ADVANCED_FACE('',(#1999),#118,.T.);
#1703=ADVANCED_FACE('',(#2000),#97,.T.);
#1704=ADVANCED_FACE('',(#2001),#1330,.F.);
#1705=ADVANCED_FACE('',(#2002),#856,.T.);
#1706=ADVANCED_FACE('',(#2003),#857,.T.);
#1707=ADVANCED_FACE('',(#2004),#1331,.F.);
#1708=ADVANCED_FACE('',(#2005),#119,.T.);
#1709=ADVANCED_FACE('',(#2006),#1332,.T.);
#1710=ADVANCED_FACE('',(#2007),#1333,.T.);
#1711=ADVANCED_FACE('',(#2008),#1334,.T.);
#1712=ADVANCED_FACE('',(#2009),#1335,.T.);
#1713=ADVANCED_FACE('',(#2010),#1336,.T.);
#1714=ADVANCED_FACE('',(#2011),#1337,.T.);
#1715=ADVANCED_FACE('',(#2012),#1338,.F.);
#1716=ADVANCED_FACE('',(#2013),#1339,.T.);
#1717=ADVANCED_FACE('',(#2014),#1340,.F.);
#1718=ADVANCED_FACE('',(#2015),#1341,.F.);
#1719=ADVANCED_FACE('',(#2016),#1342,.T.);
#1720=ADVANCED_FACE('',(#2017),#1343,.T.);
#1721=ADVANCED_FACE('',(#972,#973),#823,.T.);
#1722=ADVANCED_FACE('',(#974,#975),#1829,.F.);
#1723=ADVANCED_FACE('',(#976,#977),#1830,.F.);
#1724=ADVANCED_FACE('',(#978,#979),#824,.F.);
#1725=ADVANCED_FACE('',(#2018),#825,.F.);
#1726=ADVANCED_FACE('',(#980,#981),#1344,.T.);
#1727=ADVANCED_FACE('',(#2019),#1831,.F.);
#1728=ADVANCED_FACE('',(#2020),#1832,.F.);
#1729=ADVANCED_FACE('',(#2021),#1833,.F.);
#1730=ADVANCED_FACE('',(#2022),#1834,.F.);
#1731=ADVANCED_FACE('',(#2023),#1835,.F.);
#1732=ADVANCED_FACE('',(#2024),#1836,.T.);
#1733=ADVANCED_FACE('',(#2025),#1837,.T.);
#1734=ADVANCED_FACE('',(#2026),#826,.F.);
#1735=ADVANCED_FACE('',(#2027),#827,.F.);
#1736=ADVANCED_FACE('',(#2028),#828,.F.);
#1737=ADVANCED_FACE('',(#2029),#829,.F.);
#1738=ADVANCED_FACE('',(#2030),#830,.F.);
#1739=ADVANCED_FACE('',(#2031),#1838,.F.);
#1740=ADVANCED_FACE('',(#2032),#1839,.F.);
#1741=ADVANCED_FACE('',(#982,#983),#98,.F.);
#1742=ADVANCED_FACE('',(#984,#985),#1840,.F.);
#1743=ADVANCED_FACE('',(#986,#987),#1345,.F.);
#1744=ADVANCED_FACE('',(#988,#989),#1841,.F.);
#1745=ADVANCED_FACE('',(#990,#991),#1842,.F.);
#1746=ADVANCED_FACE('',(#992,#993),#1346,.F.);
#1747=ADVANCED_FACE('',(#994,#995),#1843,.F.);
#1748=ADVANCED_FACE('',(#996,#997),#1347,.F.);
#1749=ADVANCED_FACE('',(#998,#999),#1844,.F.);
#1750=ADVANCED_FACE('',(#1000,#1001),#1845,.F.);
#1751=ADVANCED_FACE('',(#1002,#1003),#1348,.F.);
#1752=ADVANCED_FACE('',(#1004,#1005),#1846,.F.);
#1753=ADVANCED_FACE('',(#1006,#1007),#1847,.F.);
#1754=ADVANCED_FACE('',(#1008,#1009),#858,.T.);
#1755=ADVANCED_FACE('',(#1010,#1011),#859,.T.);
#1756=ADVANCED_FACE('',(#1012,#1013),#860,.T.);
#1757=ADVANCED_FACE('',(#1014,#1015),#861,.T.);
#1758=ADVANCED_FACE('',(#2033),#1349,.T.);
#1759=ADVANCED_FACE('',(#2034),#1848,.F.);
#1760=ADVANCED_FACE('',(#2035),#1350,.T.);
#1761=ADVANCED_FACE('',(#1016,#1017),#1351,.F.);
#1762=ADVANCED_FACE('',(#1018,#1019),#831,.F.);
#1763=ADVANCED_FACE('',(#1020,#1021),#1849,.T.);
#1764=ADVANCED_FACE('',(#1022,#1023),#832,.T.);
#1765=ADVANCED_FACE('',(#2036),#1352,.T.);
#1766=ADVANCED_FACE('',(#2037),#1353,.T.);
#1767=PLANE('',#4834);
#1768=PLANE('',#4838);
#1769=PLANE('',#4839);
#1770=PLANE('',#4840);
#1771=PLANE('',#4849);
#1772=PLANE('',#4853);
#1773=PLANE('',#4856);
#1774=PLANE('',#4861);
#1775=PLANE('',#4868);
#1776=PLANE('',#4902);
#1777=PLANE('',#4912);
#1778=PLANE('',#4913);
#1779=PLANE('',#4914);
#1780=PLANE('',#4915);
#1781=PLANE('',#4916);
#1782=PLANE('',#4917);
#1783=PLANE('',#4918);
#1784=PLANE('',#4919);
#1785=PLANE('',#4927);
#1786=PLANE('',#4933);
#1787=PLANE('',#4944);
#1788=PLANE('',#4945);
#1789=PLANE('',#4948);
#1790=PLANE('',#4949);
#1791=PLANE('',#4950);
#1792=PLANE('',#4951);
#1793=PLANE('',#4952);
#1794=PLANE('',#4954);
#1795=PLANE('',#4955);
#1796=PLANE('',#4958);
#1797=PLANE('',#4959);
#1798=PLANE('',#4960);
#1799=PLANE('',#4963);
#1800=PLANE('',#4965);
#1801=PLANE('',#4969);
#1802=PLANE('',#4970);
#1803=PLANE('',#4971);
#1804=PLANE('',#4972);
#1805=PLANE('',#4973);
#1806=PLANE('',#4978);
#1807=PLANE('',#4979);
#1808=PLANE('',#4992);
#1809=PLANE('',#5000);
#1810=PLANE('',#5001);
#1811=PLANE('',#5002);
#1812=PLANE('',#5003);
#1813=PLANE('',#5004);
#1814=PLANE('',#5007);
#1815=PLANE('',#5018);
#1816=PLANE('',#5022);
#1817=PLANE('',#5025);
#1818=PLANE('',#5026);
#1819=PLANE('',#5040);
#1820=PLANE('',#5058);
#1821=PLANE('',#5061);
#1822=PLANE('',#5062);
#1823=PLANE('',#5067);
#1824=PLANE('',#5083);
#1825=PLANE('',#5086);
#1826=PLANE('',#5087);
#1827=PLANE('',#5101);
#1828=PLANE('',#5118);
#1829=PLANE('',#5166);
#1830=PLANE('',#5168);
#1831=PLANE('',#5176);
#1832=PLANE('',#5177);
#1833=PLANE('',#5178);
#1834=PLANE('',#5179);
#1835=PLANE('',#5180);
#1836=PLANE('',#5181);
#1837=PLANE('',#5182);
#1838=PLANE('',#5188);
#1839=PLANE('',#5189);
#1840=PLANE('',#5191);
#1841=PLANE('',#5194);
#1842=PLANE('',#5196);
#1843=PLANE('',#5199);
#1844=PLANE('',#5204);
#1845=PLANE('',#5206);
#1846=PLANE('',#5211);
#1847=PLANE('',#5213);
#1848=PLANE('',#5220);
#1849=PLANE('',#5226);
#1850=FACE_OUTER_BOUND('',#2038,.T.);
#1851=FACE_OUTER_BOUND('',#2039,.T.);
#1852=FACE_OUTER_BOUND('',#2040,.T.);
#1853=FACE_OUTER_BOUND('',#2041,.T.);
#1854=FACE_OUTER_BOUND('',#2042,.T.);
#1855=FACE_OUTER_BOUND('',#2043,.T.);
#1856=FACE_OUTER_BOUND('',#2048,.T.);
#1857=FACE_OUTER_BOUND('',#2049,.T.);
#1858=FACE_OUTER_BOUND('',#2062,.T.);
#1859=FACE_OUTER_BOUND('',#2097,.T.);
#1860=FACE_OUTER_BOUND('',#2098,.T.);
#1861=FACE_OUTER_BOUND('',#2101,.T.);
#1862=FACE_OUTER_BOUND('',#2102,.T.);
#1863=FACE_OUTER_BOUND('',#2103,.T.);
#1864=FACE_OUTER_BOUND('',#2104,.T.);
#1865=FACE_OUTER_BOUND('',#2105,.T.);
#1866=FACE_OUTER_BOUND('',#2106,.T.);
#1867=FACE_OUTER_BOUND('',#2107,.T.);
#1868=FACE_OUTER_BOUND('',#2110,.T.);
#1869=FACE_OUTER_BOUND('',#2111,.T.);
#1870=FACE_OUTER_BOUND('',#2112,.T.);
#1871=FACE_OUTER_BOUND('',#2113,.T.);
#1872=FACE_OUTER_BOUND('',#2114,.T.);
#1873=FACE_OUTER_BOUND('',#2115,.T.);
#1874=FACE_OUTER_BOUND('',#2116,.T.);
#1875=FACE_OUTER_BOUND('',#2117,.T.);
#1876=FACE_OUTER_BOUND('',#2118,.T.);
#1877=FACE_OUTER_BOUND('',#2119,.T.);
#1878=FACE_OUTER_BOUND('',#2120,.T.);
#1879=FACE_OUTER_BOUND('',#2121,.T.);
#1880=FACE_OUTER_BOUND('',#2122,.T.);
#1881=FACE_OUTER_BOUND('',#2123,.T.);
#1882=FACE_OUTER_BOUND('',#2124,.T.);
#1883=FACE_OUTER_BOUND('',#2127,.T.);
#1884=FACE_OUTER_BOUND('',#2128,.T.);
#1885=FACE_OUTER_BOUND('',#2129,.T.);
#1886=FACE_OUTER_BOUND('',#2130,.T.);
#1887=FACE_OUTER_BOUND('',#2131,.T.);
#1888=FACE_OUTER_BOUND('',#2132,.T.);
#1889=FACE_OUTER_BOUND('',#2133,.T.);
#1890=FACE_OUTER_BOUND('',#2134,.T.);
#1891=FACE_OUTER_BOUND('',#2135,.T.);
#1892=FACE_OUTER_BOUND('',#2136,.T.);
#1893=FACE_OUTER_BOUND('',#2137,.T.);
#1894=FACE_OUTER_BOUND('',#2138,.T.);
#1895=FACE_OUTER_BOUND('',#2139,.T.);
#1896=FACE_OUTER_BOUND('',#2140,.T.);
#1897=FACE_OUTER_BOUND('',#2141,.T.);
#1898=FACE_OUTER_BOUND('',#2142,.T.);
#1899=FACE_OUTER_BOUND('',#2143,.T.);
#1900=FACE_OUTER_BOUND('',#2144,.T.);
#1901=FACE_OUTER_BOUND('',#2145,.T.);
#1902=FACE_OUTER_BOUND('',#2146,.T.);
#1903=FACE_OUTER_BOUND('',#2147,.T.);
#1904=FACE_OUTER_BOUND('',#2148,.T.);
#1905=FACE_OUTER_BOUND('',#2149,.T.);
#1906=FACE_OUTER_BOUND('',#2150,.T.);
#1907=FACE_OUTER_BOUND('',#2168,.T.);
#1908=FACE_OUTER_BOUND('',#2169,.T.);
#1909=FACE_OUTER_BOUND('',#2170,.T.);
#1910=FACE_OUTER_BOUND('',#2171,.T.);
#1911=FACE_OUTER_BOUND('',#2174,.T.);
#1912=FACE_OUTER_BOUND('',#2175,.T.);
#1913=FACE_OUTER_BOUND('',#2176,.T.);
#1914=FACE_OUTER_BOUND('',#2177,.T.);
#1915=FACE_OUTER_BOUND('',#2178,.T.);
#1916=FACE_OUTER_BOUND('',#2179,.T.);
#1917=FACE_OUTER_BOUND('',#2182,.T.);
#1918=FACE_OUTER_BOUND('',#2183,.T.);
#1919=FACE_OUTER_BOUND('',#2184,.T.);
#1920=FACE_OUTER_BOUND('',#2185,.T.);
#1921=FACE_OUTER_BOUND('',#2186,.T.);
#1922=FACE_OUTER_BOUND('',#2187,.T.);
#1923=FACE_OUTER_BOUND('',#2188,.T.);
#1924=FACE_OUTER_BOUND('',#2189,.T.);
#1925=FACE_OUTER_BOUND('',#2190,.T.);
#1926=FACE_OUTER_BOUND('',#2191,.T.);
#1927=FACE_OUTER_BOUND('',#2192,.T.);
#1928=FACE_OUTER_BOUND('',#2193,.T.);
#1929=FACE_OUTER_BOUND('',#2194,.T.);
#1930=FACE_OUTER_BOUND('',#2195,.T.);
#1931=FACE_OUTER_BOUND('',#2202,.T.);
#1932=FACE_OUTER_BOUND('',#2203,.T.);
#1933=FACE_OUTER_BOUND('',#2204,.T.);
#1934=FACE_OUTER_BOUND('',#2205,.T.);
#1935=FACE_OUTER_BOUND('',#2212,.T.);
#1936=FACE_OUTER_BOUND('',#2213,.T.);
#1937=FACE_OUTER_BOUND('',#2214,.T.);
#1938=FACE_OUTER_BOUND('',#2215,.T.);
#1939=FACE_OUTER_BOUND('',#2216,.T.);
#1940=FACE_OUTER_BOUND('',#2227,.T.);
#1941=FACE_OUTER_BOUND('',#2230,.T.);
#1942=FACE_OUTER_BOUND('',#2238,.T.);
#1943=FACE_OUTER_BOUND('',#2241,.T.);
#1944=FACE_OUTER_BOUND('',#2242,.T.);
#1945=FACE_OUTER_BOUND('',#2243,.T.);
#1946=FACE_OUTER_BOUND('',#2244,.T.);
#1947=FACE_OUTER_BOUND('',#2245,.T.);
#1948=FACE_OUTER_BOUND('',#2246,.T.);
#1949=FACE_OUTER_BOUND('',#2247,.T.);
#1950=FACE_OUTER_BOUND('',#2248,.T.);
#1951=FACE_OUTER_BOUND('',#2249,.T.);
#1952=FACE_OUTER_BOUND('',#2250,.T.);
#1953=FACE_OUTER_BOUND('',#2251,.T.);
#1954=FACE_OUTER_BOUND('',#2252,.T.);
#1955=FACE_OUTER_BOUND('',#2253,.T.);
#1956=FACE_OUTER_BOUND('',#2254,.T.);
#1957=FACE_OUTER_BOUND('',#2255,.T.);
#1958=FACE_OUTER_BOUND('',#2256,.T.);
#1959=FACE_OUTER_BOUND('',#2257,.T.);
#1960=FACE_OUTER_BOUND('',#2258,.T.);
#1961=FACE_OUTER_BOUND('',#2259,.T.);
#1962=FACE_OUTER_BOUND('',#2260,.T.);
#1963=FACE_OUTER_BOUND('',#2261,.T.);
#1964=FACE_OUTER_BOUND('',#2262,.T.);
#1965=FACE_OUTER_BOUND('',#2263,.T.);
#1966=FACE_OUTER_BOUND('',#2264,.T.);
#1967=FACE_OUTER_BOUND('',#2265,.T.);
#1968=FACE_OUTER_BOUND('',#2266,.T.);
#1969=FACE_OUTER_BOUND('',#2267,.T.);
#1970=FACE_OUTER_BOUND('',#2268,.T.);
#1971=FACE_OUTER_BOUND('',#2269,.T.);
#1972=FACE_OUTER_BOUND('',#2270,.T.);
#1973=FACE_OUTER_BOUND('',#2271,.T.);
#1974=FACE_OUTER_BOUND('',#2272,.T.);
#1975=FACE_OUTER_BOUND('',#2273,.T.);
#1976=FACE_OUTER_BOUND('',#2274,.T.);
#1977=FACE_OUTER_BOUND('',#2275,.T.);
#1978=FACE_OUTER_BOUND('',#2276,.T.);
#1979=FACE_OUTER_BOUND('',#2277,.T.);
#1980=FACE_OUTER_BOUND('',#2278,.T.);
#1981=FACE_OUTER_BOUND('',#2279,.T.);
#1982=FACE_OUTER_BOUND('',#2280,.T.);
#1983=FACE_OUTER_BOUND('',#2281,.T.);
#1984=FACE_OUTER_BOUND('',#2282,.T.);
#1985=FACE_OUTER_BOUND('',#2283,.T.);
#1986=FACE_OUTER_BOUND('',#2284,.T.);
#1987=FACE_OUTER_BOUND('',#2285,.T.);
#1988=FACE_OUTER_BOUND('',#2286,.T.);
#1989=FACE_OUTER_BOUND('',#2287,.T.);
#1990=FACE_OUTER_BOUND('',#2288,.T.);
#1991=FACE_OUTER_BOUND('',#2289,.T.);
#1992=FACE_OUTER_BOUND('',#2290,.T.);
#1993=FACE_OUTER_BOUND('',#2291,.T.);
#1994=FACE_OUTER_BOUND('',#2292,.T.);
#1995=FACE_OUTER_BOUND('',#2293,.T.);
#1996=FACE_OUTER_BOUND('',#2294,.T.);
#1997=FACE_OUTER_BOUND('',#2295,.T.);
#1998=FACE_OUTER_BOUND('',#2296,.T.);
#1999=FACE_OUTER_BOUND('',#2297,.T.);
#2000=FACE_OUTER_BOUND('',#2298,.T.);
#2001=FACE_OUTER_BOUND('',#2299,.T.);
#2002=FACE_OUTER_BOUND('',#2300,.T.);
#2003=FACE_OUTER_BOUND('',#2301,.T.);
#2004=FACE_OUTER_BOUND('',#2302,.T.);
#2005=FACE_OUTER_BOUND('',#2303,.T.);
#2006=FACE_OUTER_BOUND('',#2304,.T.);
#2007=FACE_OUTER_BOUND('',#2305,.T.);
#2008=FACE_OUTER_BOUND('',#2306,.T.);
#2009=FACE_OUTER_BOUND('',#2307,.T.);
#2010=FACE_OUTER_BOUND('',#2308,.T.);
#2011=FACE_OUTER_BOUND('',#2309,.T.);
#2012=FACE_OUTER_BOUND('',#2310,.T.);
#2013=FACE_OUTER_BOUND('',#2311,.T.);
#2014=FACE_OUTER_BOUND('',#2312,.T.);
#2015=FACE_OUTER_BOUND('',#2313,.T.);
#2016=FACE_OUTER_BOUND('',#2314,.T.);
#2017=FACE_OUTER_BOUND('',#2315,.T.);
#2018=FACE_OUTER_BOUND('',#2324,.T.);
#2019=FACE_OUTER_BOUND('',#2327,.T.);
#2020=FACE_OUTER_BOUND('',#2328,.T.);
#2021=FACE_OUTER_BOUND('',#2329,.T.);
#2022=FACE_OUTER_BOUND('',#2330,.T.);
#2023=FACE_OUTER_BOUND('',#2331,.T.);
#2024=FACE_OUTER_BOUND('',#2332,.T.);
#2025=FACE_OUTER_BOUND('',#2333,.T.);
#2026=FACE_OUTER_BOUND('',#2334,.T.);
#2027=FACE_OUTER_BOUND('',#2335,.T.);
#2028=FACE_OUTER_BOUND('',#2336,.T.);
#2029=FACE_OUTER_BOUND('',#2337,.T.);
#2030=FACE_OUTER_BOUND('',#2338,.T.);
#2031=FACE_OUTER_BOUND('',#2339,.T.);
#2032=FACE_OUTER_BOUND('',#2340,.T.);
#2033=FACE_OUTER_BOUND('',#2375,.T.);
#2034=FACE_OUTER_BOUND('',#2376,.T.);
#2035=FACE_OUTER_BOUND('',#2377,.T.);
#2036=FACE_OUTER_BOUND('',#2386,.T.);
#2037=FACE_OUTER_BOUND('',#2387,.T.);
#2038=EDGE_LOOP('',(#2388,#2389,#2390,#2391));
#2039=EDGE_LOOP('',(#2392,#2393,#2394,#2395));
#2040=EDGE_LOOP('',(#2396,#2397,#2398,#2399));
#2041=EDGE_LOOP('',(#2400,#2401,#2402,#2403,#2404));
#2042=EDGE_LOOP('',(#2405,#2406,#2407,#2408));
#2043=EDGE_LOOP('',(#2409,#2410,#2411,#2412,#2413));
#2044=EDGE_LOOP('',(#2414,#2415));
#2045=EDGE_LOOP('',(#2416));
#2046=EDGE_LOOP('',(#2417));
#2047=EDGE_LOOP('',(#2418));
#2048=EDGE_LOOP('',(#2419,#2420,#2421,#2422));
#2049=EDGE_LOOP('',(#2423,#2424,#2425,#2426));
#2050=EDGE_LOOP('',(#2427));
#2051=EDGE_LOOP('',(#2428));
#2052=EDGE_LOOP('',(#2429,#2430,#2431,#2432,#2433,#2434,#2435,#2436));
#2053=EDGE_LOOP('',(#2437));
#2054=EDGE_LOOP('',(#2438,#2439));
#2055=EDGE_LOOP('',(#2440));
#2056=EDGE_LOOP('',(#2441));
#2057=EDGE_LOOP('',(#2442,#2443,#2444,#2445,#2446,#2447,#2448,#2449,#2450,
#2451,#2452,#2453));
#2058=EDGE_LOOP('',(#2454));
#2059=EDGE_LOOP('',(#2455));
#2060=EDGE_LOOP('',(#2456));
#2061=EDGE_LOOP('',(#2457));
#2062=EDGE_LOOP('',(#2458,#2459,#2460,#2461,#2462,#2463,#2464,#2465));
#2063=EDGE_LOOP('',(#2466));
#2064=EDGE_LOOP('',(#2467,#2468));
#2065=EDGE_LOOP('',(#2469));
#2066=EDGE_LOOP('',(#2470));
#2067=EDGE_LOOP('',(#2471));
#2068=EDGE_LOOP('',(#2472));
#2069=EDGE_LOOP('',(#2473));
#2070=EDGE_LOOP('',(#2474));
#2071=EDGE_LOOP('',(#2475));
#2072=EDGE_LOOP('',(#2476));
#2073=EDGE_LOOP('',(#2477));
#2074=EDGE_LOOP('',(#2478));
#2075=EDGE_LOOP('',(#2479));
#2076=EDGE_LOOP('',(#2480));
#2077=EDGE_LOOP('',(#2481));
#2078=EDGE_LOOP('',(#2482));
#2079=EDGE_LOOP('',(#2483));
#2080=EDGE_LOOP('',(#2484,#2485));
#2081=EDGE_LOOP('',(#2486));
#2082=EDGE_LOOP('',(#2487));
#2083=EDGE_LOOP('',(#2488));
#2084=EDGE_LOOP('',(#2489));
#2085=EDGE_LOOP('',(#2490));
#2086=EDGE_LOOP('',(#2491));
#2087=EDGE_LOOP('',(#2492));
#2088=EDGE_LOOP('',(#2493));
#2089=EDGE_LOOP('',(#2494));
#2090=EDGE_LOOP('',(#2495));
#2091=EDGE_LOOP('',(#2496));
#2092=EDGE_LOOP('',(#2497));
#2093=EDGE_LOOP('',(#2498));
#2094=EDGE_LOOP('',(#2499));
#2095=EDGE_LOOP('',(#2500));
#2096=EDGE_LOOP('',(#2501));
#2097=EDGE_LOOP('',(#2502,#2503,#2504,#2505,#2506,#2507));
#2098=EDGE_LOOP('',(#2508,#2509,#2510,#2511,#2512,#2513,#2514,#2515));
#2099=EDGE_LOOP('',(#2516));
#2100=EDGE_LOOP('',(#2517,#2518,#2519,#2520,#2521,#2522,#2523,#2524,#2525,
#2526,#2527));
#2101=EDGE_LOOP('',(#2528,#2529,#2530,#2531));
#2102=EDGE_LOOP('',(#2532,#2533,#2534,#2535));
#2103=EDGE_LOOP('',(#2536,#2537,#2538,#2539));
#2104=EDGE_LOOP('',(#2540,#2541,#2542,#2543));
#2105=EDGE_LOOP('',(#2544,#2545,#2546,#2547));
#2106=EDGE_LOOP('',(#2548,#2549,#2550,#2551));
#2107=EDGE_LOOP('',(#2552,#2553,#2554,#2555));
#2108=EDGE_LOOP('',(#2556,#2557,#2558,#2559,#2560,#2561,#2562,#2563,#2564,
#2565,#2566,#2567,#2568,#2569));
#2109=EDGE_LOOP('',(#2570,#2571,#2572,#2573,#2574,#2575,#2576));
#2110=EDGE_LOOP('',(#2577,#2578,#2579,#2580,#2581,#2582,#2583,#2584,#2585,
#2586));
#2111=EDGE_LOOP('',(#2587,#2588,#2589,#2590,#2591,#2592,#2593,#2594));
#2112=EDGE_LOOP('',(#2595,#2596,#2597,#2598));
#2113=EDGE_LOOP('',(#2599,#2600,#2601,#2602));
#2114=EDGE_LOOP('',(#2603,#2604,#2605,#2606));
#2115=EDGE_LOOP('',(#2607,#2608,#2609,#2610));
#2116=EDGE_LOOP('',(#2611,#2612,#2613,#2614,#2615,#2616,#2617,#2618,#2619,
#2620,#2621,#2622));
#2117=EDGE_LOOP('',(#2623,#2624,#2625,#2626));
#2118=EDGE_LOOP('',(#2627,#2628,#2629,#2630,#2631,#2632));
#2119=EDGE_LOOP('',(#2633,#2634,#2635,#2636));
#2120=EDGE_LOOP('',(#2637,#2638,#2639,#2640,#2641,#2642));
#2121=EDGE_LOOP('',(#2643,#2644,#2645,#2646));
#2122=EDGE_LOOP('',(#2647,#2648,#2649,#2650));
#2123=EDGE_LOOP('',(#2651,#2652,#2653,#2654,#2655));
#2124=EDGE_LOOP('',(#2656,#2657,#2658,#2659,#2660,#2661));
#2125=EDGE_LOOP('',(#2662));
#2126=EDGE_LOOP('',(#2663,#2664,#2665,#2666,#2667,#2668,#2669));
#2127=EDGE_LOOP('',(#2670,#2671,#2672,#2673));
#2128=EDGE_LOOP('',(#2674,#2675,#2676,#2677));
#2129=EDGE_LOOP('',(#2678,#2679,#2680,#2681,#2682,#2683,#2684,#2685));
#2130=EDGE_LOOP('',(#2686,#2687,#2688,#2689));
#2131=EDGE_LOOP('',(#2690,#2691,#2692));
#2132=EDGE_LOOP('',(#2693,#2694,#2695));
#2133=EDGE_LOOP('',(#2696,#2697,#2698,#2699,#2700,#2701));
#2134=EDGE_LOOP('',(#2702,#2703,#2704,#2705,#2706,#2707,#2708,#2709));
#2135=EDGE_LOOP('',(#2710,#2711,#2712));
#2136=EDGE_LOOP('',(#2713,#2714,#2715));
#2137=EDGE_LOOP('',(#2716,#2717,#2718,#2719,#2720));
#2138=EDGE_LOOP('',(#2721,#2722,#2723,#2724,#2725));
#2139=EDGE_LOOP('',(#2726,#2727,#2728,#2729,#2730));
#2140=EDGE_LOOP('',(#2731,#2732,#2733,#2734,#2735));
#2141=EDGE_LOOP('',(#2736,#2737,#2738));
#2142=EDGE_LOOP('',(#2739,#2740,#2741,#2742,#2743));
#2143=EDGE_LOOP('',(#2744,#2745,#2746,#2747));
#2144=EDGE_LOOP('',(#2748,#2749,#2750,#2751));
#2145=EDGE_LOOP('',(#2752,#2753,#2754,#2755));
#2146=EDGE_LOOP('',(#2756,#2757,#2758,#2759));
#2147=EDGE_LOOP('',(#2760,#2761,#2762,#2763));
#2148=EDGE_LOOP('',(#2764,#2765,#2766,#2767));
#2149=EDGE_LOOP('',(#2768,#2769,#2770,#2771));
#2150=EDGE_LOOP('',(#2772,#2773,#2774,#2775));
#2151=EDGE_LOOP('',(#2776));
#2152=EDGE_LOOP('',(#2777));
#2153=EDGE_LOOP('',(#2778));
#2154=EDGE_LOOP('',(#2779));
#2155=EDGE_LOOP('',(#2780));
#2156=EDGE_LOOP('',(#2781));
#2157=EDGE_LOOP('',(#2782));
#2158=EDGE_LOOP('',(#2783));
#2159=EDGE_LOOP('',(#2784));
#2160=EDGE_LOOP('',(#2785));
#2161=EDGE_LOOP('',(#2786));
#2162=EDGE_LOOP('',(#2787));
#2163=EDGE_LOOP('',(#2788));
#2164=EDGE_LOOP('',(#2789));
#2165=EDGE_LOOP('',(#2790));
#2166=EDGE_LOOP('',(#2791));
#2167=EDGE_LOOP('',(#2792,#2793,#2794,#2795));
#2168=EDGE_LOOP('',(#2796,#2797,#2798,#2799));
#2169=EDGE_LOOP('',(#2800,#2801,#2802,#2803));
#2170=EDGE_LOOP('',(#2804,#2805,#2806,#2807));
#2171=EDGE_LOOP('',(#2808,#2809,#2810,#2811));
#2172=EDGE_LOOP('',(#2812,#2813));
#2173=EDGE_LOOP('',(#2814,#2815,#2816,#2817));
#2174=EDGE_LOOP('',(#2818,#2819,#2820,#2821,#2822));
#2175=EDGE_LOOP('',(#2823,#2824,#2825,#2826,#2827));
#2176=EDGE_LOOP('',(#2828,#2829,#2830,#2831));
#2177=EDGE_LOOP('',(#2832,#2833,#2834,#2835));
#2178=EDGE_LOOP('',(#2836,#2837,#2838,#2839));
#2179=EDGE_LOOP('',(#2840,#2841,#2842,#2843));
#2180=EDGE_LOOP('',(#2844));
#2181=EDGE_LOOP('',(#2845,#2846,#2847,#2848));
#2182=EDGE_LOOP('',(#2849,#2850,#2851,#2852,#2853,#2854,#2855));
#2183=EDGE_LOOP('',(#2856,#2857,#2858,#2859,#2860,#2861,#2862));
#2184=EDGE_LOOP('',(#2863,#2864,#2865,#2866));
#2185=EDGE_LOOP('',(#2867,#2868,#2869,#2870));
#2186=EDGE_LOOP('',(#2871,#2872,#2873,#2874,#2875,#2876));
#2187=EDGE_LOOP('',(#2877,#2878,#2879));
#2188=EDGE_LOOP('',(#2880,#2881,#2882));
#2189=EDGE_LOOP('',(#2883,#2884,#2885));
#2190=EDGE_LOOP('',(#2886,#2887,#2888,#2889));
#2191=EDGE_LOOP('',(#2890,#2891,#2892));
#2192=EDGE_LOOP('',(#2893,#2894,#2895,#2896));
#2193=EDGE_LOOP('',(#2897,#2898,#2899,#2900));
#2194=EDGE_LOOP('',(#2901,#2902,#2903,#2904,#2905,#2906));
#2195=EDGE_LOOP('',(#2907,#2908,#2909,#2910));
#2196=EDGE_LOOP('',(#2911,#2912,#2913,#2914));
#2197=EDGE_LOOP('',(#2915));
#2198=EDGE_LOOP('',(#2916));
#2199=EDGE_LOOP('',(#2917));
#2200=EDGE_LOOP('',(#2918));
#2201=EDGE_LOOP('',(#2919));
#2202=EDGE_LOOP('',(#2920,#2921,#2922,#2923));
#2203=EDGE_LOOP('',(#2924,#2925,#2926,#2927));
#2204=EDGE_LOOP('',(#2928,#2929,#2930,#2931));
#2205=EDGE_LOOP('',(#2932,#2933,#2934,#2935));
#2206=EDGE_LOOP('',(#2936));
#2207=EDGE_LOOP('',(#2937));
#2208=EDGE_LOOP('',(#2938));
#2209=EDGE_LOOP('',(#2939,#2940,#2941,#2942));
#2210=EDGE_LOOP('',(#2943));
#2211=EDGE_LOOP('',(#2944,#2945,#2946,#2947,#2948,#2949,#2950,#2951,#2952,
#2953,#2954));
#2212=EDGE_LOOP('',(#2955,#2956,#2957,#2958,#2959,#2960,#2961,#2962));
#2213=EDGE_LOOP('',(#2963,#2964,#2965,#2966,#2967,#2968));
#2214=EDGE_LOOP('',(#2969,#2970,#2971,#2972,#2973,#2974));
#2215=EDGE_LOOP('',(#2975,#2976,#2977,#2978,#2979,#2980,#2981,#2982,#2983,
#2984,#2985,#2986,#2987));
#2216=EDGE_LOOP('',(#2988,#2989,#2990));
#2217=EDGE_LOOP('',(#2991));
#2218=EDGE_LOOP('',(#2992));
#2219=EDGE_LOOP('',(#2993));
#2220=EDGE_LOOP('',(#2994));
#2221=EDGE_LOOP('',(#2995));
#2222=EDGE_LOOP('',(#2996));
#2223=EDGE_LOOP('',(#2997));
#2224=EDGE_LOOP('',(#2998));
#2225=EDGE_LOOP('',(#2999,#3000,#3001));
#2226=EDGE_LOOP('',(#3002));
#2227=EDGE_LOOP('',(#3003,#3004));
#2228=EDGE_LOOP('',(#3005));
#2229=EDGE_LOOP('',(#3006));
#2230=EDGE_LOOP('',(#3007,#3008,#3009,#3010));
#2231=EDGE_LOOP('',(#3011));
#2232=EDGE_LOOP('',(#3012));
#2233=EDGE_LOOP('',(#3013,#3014,#3015,#3016,#3017,#3018));
#2234=EDGE_LOOP('',(#3019,#3020));
#2235=EDGE_LOOP('',(#3021,#3022,#3023,#3024,#3025,#3026,#3027,#3028,#3029));
#2236=EDGE_LOOP('',(#3030,#3031));
#2237=EDGE_LOOP('',(#3032,#3033,#3034,#3035));
#2238=EDGE_LOOP('',(#3036,#3037,#3038,#3039,#3040,#3041,#3042,#3043));
#2239=EDGE_LOOP('',(#3044));
#2240=EDGE_LOOP('',(#3045));
#2241=EDGE_LOOP('',(#3046,#3047,#3048));
#2242=EDGE_LOOP('',(#3049,#3050,#3051,#3052));
#2243=EDGE_LOOP('',(#3053,#3054));
#2244=EDGE_LOOP('',(#3055,#3056,#3057));
#2245=EDGE_LOOP('',(#3058,#3059,#3060));
#2246=EDGE_LOOP('',(#3061,#3062,#3063));
#2247=EDGE_LOOP('',(#3064,#3065,#3066,#3067));
#2248=EDGE_LOOP('',(#3068,#3069,#3070));
#2249=EDGE_LOOP('',(#3071,#3072,#3073));
#2250=EDGE_LOOP('',(#3074,#3075,#3076,#3077));
#2251=EDGE_LOOP('',(#3078,#3079,#3080));
#2252=EDGE_LOOP('',(#3081,#3082,#3083));
#2253=EDGE_LOOP('',(#3084,#3085,#3086));
#2254=EDGE_LOOP('',(#3087,#3088,#3089));
#2255=EDGE_LOOP('',(#3090,#3091,#3092));
#2256=EDGE_LOOP('',(#3093,#3094));
#2257=EDGE_LOOP('',(#3095,#3096,#3097));
#2258=EDGE_LOOP('',(#3098,#3099,#3100,#3101));
#2259=EDGE_LOOP('',(#3102,#3103,#3104));
#2260=EDGE_LOOP('',(#3105,#3106,#3107));
#2261=EDGE_LOOP('',(#3108,#3109,#3110));
#2262=EDGE_LOOP('',(#3111,#3112));
#2263=EDGE_LOOP('',(#3113,#3114,#3115));
#2264=EDGE_LOOP('',(#3116,#3117));
#2265=EDGE_LOOP('',(#3118,#3119,#3120,#3121));
#2266=EDGE_LOOP('',(#3122,#3123,#3124,#3125));
#2267=EDGE_LOOP('',(#3126,#3127,#3128,#3129,#3130));
#2268=EDGE_LOOP('',(#3131,#3132,#3133,#3134));
#2269=EDGE_LOOP('',(#3135,#3136,#3137,#3138,#3139));
#2270=EDGE_LOOP('',(#3140,#3141,#3142,#3143));
#2271=EDGE_LOOP('',(#3144,#3145,#3146));
#2272=EDGE_LOOP('',(#3147,#3148,#3149,#3150));
#2273=EDGE_LOOP('',(#3151,#3152,#3153,#3154));
#2274=EDGE_LOOP('',(#3155,#3156,#3157,#3158,#3159));
#2275=EDGE_LOOP('',(#3160,#3161,#3162));
#2276=EDGE_LOOP('',(#3163,#3164,#3165,#3166,#3167));
#2277=EDGE_LOOP('',(#3168,#3169,#3170,#3171));
#2278=EDGE_LOOP('',(#3172,#3173,#3174));
#2279=EDGE_LOOP('',(#3175,#3176,#3177,#3178,#3179));
#2280=EDGE_LOOP('',(#3180,#3181,#3182,#3183));
#2281=EDGE_LOOP('',(#3184,#3185,#3186,#3187,#3188));
#2282=EDGE_LOOP('',(#3189,#3190,#3191));
#2283=EDGE_LOOP('',(#3192,#3193,#3194,#3195,#3196));
#2284=EDGE_LOOP('',(#3197,#3198,#3199,#3200));
#2285=EDGE_LOOP('',(#3201,#3202,#3203,#3204,#3205));
#2286=EDGE_LOOP('',(#3206,#3207,#3208,#3209));
#2287=EDGE_LOOP('',(#3210,#3211,#3212,#3213));
#2288=EDGE_LOOP('',(#3214,#3215,#3216,#3217));
#2289=EDGE_LOOP('',(#3218,#3219,#3220,#3221));
#2290=EDGE_LOOP('',(#3222,#3223,#3224,#3225));
#2291=EDGE_LOOP('',(#3226,#3227,#3228,#3229));
#2292=EDGE_LOOP('',(#3230,#3231,#3232,#3233));
#2293=EDGE_LOOP('',(#3234,#3235,#3236,#3237));
#2294=EDGE_LOOP('',(#3238,#3239,#3240,#3241));
#2295=EDGE_LOOP('',(#3242,#3243,#3244,#3245));
#2296=EDGE_LOOP('',(#3246,#3247,#3248,#3249));
#2297=EDGE_LOOP('',(#3250,#3251,#3252,#3253));
#2298=EDGE_LOOP('',(#3254,#3255,#3256,#3257));
#2299=EDGE_LOOP('',(#3258,#3259,#3260,#3261));
#2300=EDGE_LOOP('',(#3262,#3263,#3264,#3265));
#2301=EDGE_LOOP('',(#3266,#3267,#3268,#3269));
#2302=EDGE_LOOP('',(#3270,#3271,#3272,#3273));
#2303=EDGE_LOOP('',(#3274,#3275,#3276,#3277));
#2304=EDGE_LOOP('',(#3278,#3279,#3280,#3281));
#2305=EDGE_LOOP('',(#3282,#3283,#3284,#3285));
#2306=EDGE_LOOP('',(#3286,#3287,#3288,#3289));
#2307=EDGE_LOOP('',(#3290,#3291,#3292,#3293));
#2308=EDGE_LOOP('',(#3294,#3295,#3296,#3297));
#2309=EDGE_LOOP('',(#3298,#3299,#3300,#3301));
#2310=EDGE_LOOP('',(#3302,#3303,#3304,#3305,#3306));
#2311=EDGE_LOOP('',(#3307,#3308,#3309,#3310,#3311));
#2312=EDGE_LOOP('',(#3312,#3313,#3314,#3315,#3316));
#2313=EDGE_LOOP('',(#3317,#3318,#3319,#3320,#3321));
#2314=EDGE_LOOP('',(#3322,#3323,#3324,#3325,#3326));
#2315=EDGE_LOOP('',(#3327,#3328,#3329,#3330,#3331));
#2316=EDGE_LOOP('',(#3332));
#2317=EDGE_LOOP('',(#3333,#3334));
#2318=EDGE_LOOP('',(#3335));
#2319=EDGE_LOOP('',(#3336));
#2320=EDGE_LOOP('',(#3337));
#2321=EDGE_LOOP('',(#3338));
#2322=EDGE_LOOP('',(#3339,#3340,#3341,#3342,#3343,#3344,#3345,#3346,#3347,
#3348,#3349,#3350));
#2323=EDGE_LOOP('',(#3351));
#2324=EDGE_LOOP('',(#3352,#3353,#3354,#3355,#3356,#3357,#3358,#3359));
#2325=EDGE_LOOP('',(#3360));
#2326=EDGE_LOOP('',(#3361,#3362,#3363,#3364,#3365,#3366,#3367,#3368,#3369,
#3370,#3371,#3372,#3373,#3374,#3375,#3376,#3377,#3378,#3379,#3380,#3381));
#2327=EDGE_LOOP('',(#3382,#3383,#3384,#3385,#3386,#3387,#3388,#3389));
#2328=EDGE_LOOP('',(#3390,#3391,#3392,#3393,#3394));
#2329=EDGE_LOOP('',(#3395,#3396,#3397,#3398,#3399));
#2330=EDGE_LOOP('',(#3400,#3401,#3402,#3403));
#2331=EDGE_LOOP('',(#3404,#3405,#3406,#3407));
#2332=EDGE_LOOP('',(#3408,#3409,#3410,#3411,#3412));
#2333=EDGE_LOOP('',(#3413,#3414,#3415,#3416,#3417));
#2334=EDGE_LOOP('',(#3418,#3419));
#2335=EDGE_LOOP('',(#3420,#3421,#3422));
#2336=EDGE_LOOP('',(#3423,#3424));
#2337=EDGE_LOOP('',(#3425,#3426,#3427,#3428,#3429,#3430,#3431,#3432));
#2338=EDGE_LOOP('',(#3433,#3434,#3435,#3436,#3437,#3438,#3439));
#2339=EDGE_LOOP('',(#3440,#3441,#3442,#3443,#3444,#3445,#3446,#3447));
#2340=EDGE_LOOP('',(#3448,#3449,#3450,#3451,#3452,#3453,#3454,#3455));
#2341=EDGE_LOOP('',(#3456,#3457,#3458,#3459));
#2342=EDGE_LOOP('',(#3460,#3461,#3462));
#2343=EDGE_LOOP('',(#3463));
#2344=EDGE_LOOP('',(#3464));
#2345=EDGE_LOOP('',(#3465));
#2346=EDGE_LOOP('',(#3466));
#2347=EDGE_LOOP('',(#3467));
#2348=EDGE_LOOP('',(#3468));
#2349=EDGE_LOOP('',(#3469));
#2350=EDGE_LOOP('',(#3470));
#2351=EDGE_LOOP('',(#3471));
#2352=EDGE_LOOP('',(#3472));
#2353=EDGE_LOOP('',(#3473));
#2354=EDGE_LOOP('',(#3474));
#2355=EDGE_LOOP('',(#3475));
#2356=EDGE_LOOP('',(#3476));
#2357=EDGE_LOOP('',(#3477));
#2358=EDGE_LOOP('',(#3478));
#2359=EDGE_LOOP('',(#3479));
#2360=EDGE_LOOP('',(#3480));
#2361=EDGE_LOOP('',(#3481));
#2362=EDGE_LOOP('',(#3482));
#2363=EDGE_LOOP('',(#3483));
#2364=EDGE_LOOP('',(#3484));
#2365=EDGE_LOOP('',(#3485));
#2366=EDGE_LOOP('',(#3486));
#2367=EDGE_LOOP('',(#3487));
#2368=EDGE_LOOP('',(#3488));
#2369=EDGE_LOOP('',(#3489));
#2370=EDGE_LOOP('',(#3490));
#2371=EDGE_LOOP('',(#3491));
#2372=EDGE_LOOP('',(#3492));
#2373=EDGE_LOOP('',(#3493));
#2374=EDGE_LOOP('',(#3494));
#2375=EDGE_LOOP('',(#3495,#3496,#3497,#3498,#3499,#3500));
#2376=EDGE_LOOP('',(#3501,#3502,#3503));
#2377=EDGE_LOOP('',(#3504,#3505,#3506,#3507));
#2378=EDGE_LOOP('',(#3508));
#2379=EDGE_LOOP('',(#3509));
#2380=EDGE_LOOP('',(#3510));
#2381=EDGE_LOOP('',(#3511));
#2382=EDGE_LOOP('',(#3512));
#2383=EDGE_LOOP('',(#3513));
#2384=EDGE_LOOP('',(#3514));
#2385=EDGE_LOOP('',(#3515));
#2386=EDGE_LOOP('',(#3516,#3517,#3518,#3519));
#2387=EDGE_LOOP('',(#3520,#3521,#3522,#3523));
#2388=ORIENTED_EDGE('',*,*,#3894,.F.);
#2389=ORIENTED_EDGE('',*,*,#3895,.T.);
#2390=ORIENTED_EDGE('',*,*,#3896,.F.);
#2391=ORIENTED_EDGE('',*,*,#3897,.F.);
#2392=ORIENTED_EDGE('',*,*,#3898,.T.);
#2393=ORIENTED_EDGE('',*,*,#3899,.F.);
#2394=ORIENTED_EDGE('',*,*,#3900,.T.);
#2395=ORIENTED_EDGE('',*,*,#3901,.F.);
#2396=ORIENTED_EDGE('',*,*,#3902,.F.);
#2397=ORIENTED_EDGE('',*,*,#3903,.F.);
#2398=ORIENTED_EDGE('',*,*,#3904,.T.);
#2399=ORIENTED_EDGE('',*,*,#3905,.F.);
#2400=ORIENTED_EDGE('',*,*,#3906,.F.);
#2401=ORIENTED_EDGE('',*,*,#3905,.T.);
#2402=ORIENTED_EDGE('',*,*,#3907,.T.);
#2403=ORIENTED_EDGE('',*,*,#3908,.F.);
#2404=ORIENTED_EDGE('',*,*,#3896,.T.);
#2405=ORIENTED_EDGE('',*,*,#3909,.F.);
#2406=ORIENTED_EDGE('',*,*,#3894,.T.);
#2407=ORIENTED_EDGE('',*,*,#3910,.F.);
#2408=ORIENTED_EDGE('',*,*,#3900,.F.);
#2409=ORIENTED_EDGE('',*,*,#3903,.T.);
#2410=ORIENTED_EDGE('',*,*,#3911,.T.);
#2411=ORIENTED_EDGE('',*,*,#3912,.T.);
#2412=ORIENTED_EDGE('',*,*,#3913,.F.);
#2413=ORIENTED_EDGE('',*,*,#3914,.T.);
#2414=ORIENTED_EDGE('',*,*,#3915,.F.);
#2415=ORIENTED_EDGE('',*,*,#3916,.F.);
#2416=ORIENTED_EDGE('',*,*,#3917,.F.);
#2417=ORIENTED_EDGE('',*,*,#3918,.F.);
#2418=ORIENTED_EDGE('',*,*,#3919,.F.);
#2419=ORIENTED_EDGE('',*,*,#3912,.F.);
#2420=ORIENTED_EDGE('',*,*,#3920,.F.);
#2421=ORIENTED_EDGE('',*,*,#3921,.T.);
#2422=ORIENTED_EDGE('',*,*,#3922,.F.);
#2423=ORIENTED_EDGE('',*,*,#3898,.F.);
#2424=ORIENTED_EDGE('',*,*,#3923,.F.);
#2425=ORIENTED_EDGE('',*,*,#3921,.F.);
#2426=ORIENTED_EDGE('',*,*,#3924,.F.);
#2427=ORIENTED_EDGE('',*,*,#3925,.T.);
#2428=ORIENTED_EDGE('',*,*,#3926,.T.);
#2429=ORIENTED_EDGE('',*,*,#3899,.T.);
#2430=ORIENTED_EDGE('',*,*,#3924,.T.);
#2431=ORIENTED_EDGE('',*,*,#3920,.T.);
#2432=ORIENTED_EDGE('',*,*,#3911,.F.);
#2433=ORIENTED_EDGE('',*,*,#3902,.T.);
#2434=ORIENTED_EDGE('',*,*,#3906,.T.);
#2435=ORIENTED_EDGE('',*,*,#3895,.F.);
#2436=ORIENTED_EDGE('',*,*,#3909,.T.);
#2437=ORIENTED_EDGE('',*,*,#3917,.T.);
#2438=ORIENTED_EDGE('',*,*,#3915,.T.);
#2439=ORIENTED_EDGE('',*,*,#3916,.T.);
#2440=ORIENTED_EDGE('',*,*,#3927,.T.);
#2441=ORIENTED_EDGE('',*,*,#3927,.F.);
#2442=ORIENTED_EDGE('',*,*,#3928,.T.);
#2443=ORIENTED_EDGE('',*,*,#3929,.T.);
#2444=ORIENTED_EDGE('',*,*,#3930,.T.);
#2445=ORIENTED_EDGE('',*,*,#3931,.T.);
#2446=ORIENTED_EDGE('',*,*,#3932,.T.);
#2447=ORIENTED_EDGE('',*,*,#3913,.T.);
#2448=ORIENTED_EDGE('',*,*,#3922,.T.);
#2449=ORIENTED_EDGE('',*,*,#3923,.T.);
#2450=ORIENTED_EDGE('',*,*,#3901,.T.);
#2451=ORIENTED_EDGE('',*,*,#3910,.T.);
#2452=ORIENTED_EDGE('',*,*,#3897,.T.);
#2453=ORIENTED_EDGE('',*,*,#3908,.T.);
#2454=ORIENTED_EDGE('',*,*,#3933,.T.);
#2455=ORIENTED_EDGE('',*,*,#3926,.F.);
#2456=ORIENTED_EDGE('',*,*,#3919,.T.);
#2457=ORIENTED_EDGE('',*,*,#3934,.T.);
#2458=ORIENTED_EDGE('',*,*,#3907,.F.);
#2459=ORIENTED_EDGE('',*,*,#3904,.F.);
#2460=ORIENTED_EDGE('',*,*,#3914,.F.);
#2461=ORIENTED_EDGE('',*,*,#3932,.F.);
#2462=ORIENTED_EDGE('',*,*,#3935,.F.);
#2463=ORIENTED_EDGE('',*,*,#3930,.F.);
#2464=ORIENTED_EDGE('',*,*,#3936,.F.);
#2465=ORIENTED_EDGE('',*,*,#3928,.F.);
#2466=ORIENTED_EDGE('',*,*,#3937,.T.);
#2467=ORIENTED_EDGE('',*,*,#3935,.T.);
#2468=ORIENTED_EDGE('',*,*,#3931,.F.);
#2469=ORIENTED_EDGE('',*,*,#3937,.F.);
#2470=ORIENTED_EDGE('',*,*,#3938,.T.);
#2471=ORIENTED_EDGE('',*,*,#3938,.F.);
#2472=ORIENTED_EDGE('',*,*,#3939,.T.);
#2473=ORIENTED_EDGE('',*,*,#3940,.F.);
#2474=ORIENTED_EDGE('',*,*,#3939,.F.);
#2475=ORIENTED_EDGE('',*,*,#3941,.T.);
#2476=ORIENTED_EDGE('',*,*,#3940,.T.);
#2477=ORIENTED_EDGE('',*,*,#3941,.F.);
#2478=ORIENTED_EDGE('',*,*,#3942,.T.);
#2479=ORIENTED_EDGE('',*,*,#3942,.F.);
#2480=ORIENTED_EDGE('',*,*,#3943,.T.);
#2481=ORIENTED_EDGE('',*,*,#3933,.F.);
#2482=ORIENTED_EDGE('',*,*,#3943,.F.);
#2483=ORIENTED_EDGE('',*,*,#3944,.T.);
#2484=ORIENTED_EDGE('',*,*,#3936,.T.);
#2485=ORIENTED_EDGE('',*,*,#3929,.F.);
#2486=ORIENTED_EDGE('',*,*,#3944,.F.);
#2487=ORIENTED_EDGE('',*,*,#3945,.T.);
#2488=ORIENTED_EDGE('',*,*,#3945,.F.);
#2489=ORIENTED_EDGE('',*,*,#3946,.T.);
#2490=ORIENTED_EDGE('',*,*,#3947,.F.);
#2491=ORIENTED_EDGE('',*,*,#3946,.F.);
#2492=ORIENTED_EDGE('',*,*,#3948,.T.);
#2493=ORIENTED_EDGE('',*,*,#3947,.T.);
#2494=ORIENTED_EDGE('',*,*,#3948,.F.);
#2495=ORIENTED_EDGE('',*,*,#3949,.T.);
#2496=ORIENTED_EDGE('',*,*,#3949,.F.);
#2497=ORIENTED_EDGE('',*,*,#3950,.T.);
#2498=ORIENTED_EDGE('',*,*,#3934,.F.);
#2499=ORIENTED_EDGE('',*,*,#3950,.F.);
#2500=ORIENTED_EDGE('',*,*,#3918,.T.);
#2501=ORIENTED_EDGE('',*,*,#3925,.F.);
#2502=ORIENTED_EDGE('',*,*,#3951,.T.);
#2503=ORIENTED_EDGE('',*,*,#3952,.T.);
#2504=ORIENTED_EDGE('',*,*,#3953,.T.);
#2505=ORIENTED_EDGE('',*,*,#3954,.T.);
#2506=ORIENTED_EDGE('',*,*,#3955,.T.);
#2507=ORIENTED_EDGE('',*,*,#3956,.F.);
#2508=ORIENTED_EDGE('',*,*,#3957,.F.);
#2509=ORIENTED_EDGE('',*,*,#3958,.T.);
#2510=ORIENTED_EDGE('',*,*,#3959,.T.);
#2511=ORIENTED_EDGE('',*,*,#3960,.F.);
#2512=ORIENTED_EDGE('',*,*,#3961,.F.);
#2513=ORIENTED_EDGE('',*,*,#3955,.F.);
#2514=ORIENTED_EDGE('',*,*,#3962,.F.);
#2515=ORIENTED_EDGE('',*,*,#3963,.T.);
#2516=ORIENTED_EDGE('',*,*,#3964,.F.);
#2517=ORIENTED_EDGE('',*,*,#3965,.T.);
#2518=ORIENTED_EDGE('',*,*,#3966,.T.);
#2519=ORIENTED_EDGE('',*,*,#3967,.F.);
#2520=ORIENTED_EDGE('',*,*,#3968,.T.);
#2521=ORIENTED_EDGE('',*,*,#3969,.T.);
#2522=ORIENTED_EDGE('',*,*,#3970,.T.);
#2523=ORIENTED_EDGE('',*,*,#3971,.F.);
#2524=ORIENTED_EDGE('',*,*,#3972,.T.);
#2525=ORIENTED_EDGE('',*,*,#3973,.F.);
#2526=ORIENTED_EDGE('',*,*,#3974,.F.);
#2527=ORIENTED_EDGE('',*,*,#3975,.T.);
#2528=ORIENTED_EDGE('',*,*,#3976,.T.);
#2529=ORIENTED_EDGE('',*,*,#3977,.F.);
#2530=ORIENTED_EDGE('',*,*,#3978,.T.);
#2531=ORIENTED_EDGE('',*,*,#3979,.T.);
#2532=ORIENTED_EDGE('',*,*,#3980,.T.);
#2533=ORIENTED_EDGE('',*,*,#3979,.F.);
#2534=ORIENTED_EDGE('',*,*,#3981,.T.);
#2535=ORIENTED_EDGE('',*,*,#3982,.T.);
#2536=ORIENTED_EDGE('',*,*,#3983,.T.);
#2537=ORIENTED_EDGE('',*,*,#3982,.F.);
#2538=ORIENTED_EDGE('',*,*,#3984,.T.);
#2539=ORIENTED_EDGE('',*,*,#3985,.T.);
#2540=ORIENTED_EDGE('',*,*,#3986,.T.);
#2541=ORIENTED_EDGE('',*,*,#3985,.F.);
#2542=ORIENTED_EDGE('',*,*,#3987,.T.);
#2543=ORIENTED_EDGE('',*,*,#3988,.T.);
#2544=ORIENTED_EDGE('',*,*,#3989,.T.);
#2545=ORIENTED_EDGE('',*,*,#3988,.F.);
#2546=ORIENTED_EDGE('',*,*,#3990,.T.);
#2547=ORIENTED_EDGE('',*,*,#3991,.F.);
#2548=ORIENTED_EDGE('',*,*,#3992,.T.);
#2549=ORIENTED_EDGE('',*,*,#3991,.T.);
#2550=ORIENTED_EDGE('',*,*,#3993,.T.);
#2551=ORIENTED_EDGE('',*,*,#3994,.T.);
#2552=ORIENTED_EDGE('',*,*,#3995,.T.);
#2553=ORIENTED_EDGE('',*,*,#3994,.F.);
#2554=ORIENTED_EDGE('',*,*,#3996,.T.);
#2555=ORIENTED_EDGE('',*,*,#3977,.T.);
#2556=ORIENTED_EDGE('',*,*,#3997,.F.);
#2557=ORIENTED_EDGE('',*,*,#3998,.F.);
#2558=ORIENTED_EDGE('',*,*,#3999,.F.);
#2559=ORIENTED_EDGE('',*,*,#4000,.F.);
#2560=ORIENTED_EDGE('',*,*,#4001,.F.);
#2561=ORIENTED_EDGE('',*,*,#4002,.F.);
#2562=ORIENTED_EDGE('',*,*,#4003,.T.);
#2563=ORIENTED_EDGE('',*,*,#4004,.F.);
#2564=ORIENTED_EDGE('',*,*,#4005,.F.);
#2565=ORIENTED_EDGE('',*,*,#4006,.F.);
#2566=ORIENTED_EDGE('',*,*,#4007,.F.);
#2567=ORIENTED_EDGE('',*,*,#4008,.F.);
#2568=ORIENTED_EDGE('',*,*,#4009,.F.);
#2569=ORIENTED_EDGE('',*,*,#4010,.F.);
#2570=ORIENTED_EDGE('',*,*,#3996,.F.);
#2571=ORIENTED_EDGE('',*,*,#3993,.F.);
#2572=ORIENTED_EDGE('',*,*,#3990,.F.);
#2573=ORIENTED_EDGE('',*,*,#3987,.F.);
#2574=ORIENTED_EDGE('',*,*,#3984,.F.);
#2575=ORIENTED_EDGE('',*,*,#3981,.F.);
#2576=ORIENTED_EDGE('',*,*,#3978,.F.);
#2577=ORIENTED_EDGE('',*,*,#4011,.F.);
#2578=ORIENTED_EDGE('',*,*,#4012,.F.);
#2579=ORIENTED_EDGE('',*,*,#4013,.F.);
#2580=ORIENTED_EDGE('',*,*,#4014,.F.);
#2581=ORIENTED_EDGE('',*,*,#4015,.F.);
#2582=ORIENTED_EDGE('',*,*,#4016,.F.);
#2583=ORIENTED_EDGE('',*,*,#4017,.F.);
#2584=ORIENTED_EDGE('',*,*,#4018,.F.);
#2585=ORIENTED_EDGE('',*,*,#4019,.F.);
#2586=ORIENTED_EDGE('',*,*,#3963,.F.);
#2587=ORIENTED_EDGE('',*,*,#4020,.F.);
#2588=ORIENTED_EDGE('',*,*,#4021,.T.);
#2589=ORIENTED_EDGE('',*,*,#4022,.T.);
#2590=ORIENTED_EDGE('',*,*,#4023,.T.);
#2591=ORIENTED_EDGE('',*,*,#3997,.T.);
#2592=ORIENTED_EDGE('',*,*,#4024,.T.);
#2593=ORIENTED_EDGE('',*,*,#4025,.F.);
#2594=ORIENTED_EDGE('',*,*,#4026,.T.);
#2595=ORIENTED_EDGE('',*,*,#4002,.T.);
#2596=ORIENTED_EDGE('',*,*,#4027,.F.);
#2597=ORIENTED_EDGE('',*,*,#4015,.T.);
#2598=ORIENTED_EDGE('',*,*,#4028,.T.);
#2599=ORIENTED_EDGE('',*,*,#4001,.T.);
#2600=ORIENTED_EDGE('',*,*,#4029,.T.);
#2601=ORIENTED_EDGE('',*,*,#4016,.T.);
#2602=ORIENTED_EDGE('',*,*,#4027,.T.);
#2603=ORIENTED_EDGE('',*,*,#4000,.T.);
#2604=ORIENTED_EDGE('',*,*,#4030,.F.);
#2605=ORIENTED_EDGE('',*,*,#4017,.T.);
#2606=ORIENTED_EDGE('',*,*,#4029,.F.);
#2607=ORIENTED_EDGE('',*,*,#3999,.T.);
#2608=ORIENTED_EDGE('',*,*,#4031,.T.);
#2609=ORIENTED_EDGE('',*,*,#4018,.T.);
#2610=ORIENTED_EDGE('',*,*,#4030,.T.);
#2611=ORIENTED_EDGE('',*,*,#4032,.T.);
#2612=ORIENTED_EDGE('',*,*,#4033,.T.);
#2613=ORIENTED_EDGE('',*,*,#4034,.T.);
#2614=ORIENTED_EDGE('',*,*,#3957,.T.);
#2615=ORIENTED_EDGE('',*,*,#4019,.T.);
#2616=ORIENTED_EDGE('',*,*,#4031,.F.);
#2617=ORIENTED_EDGE('',*,*,#3998,.T.);
#2618=ORIENTED_EDGE('',*,*,#4023,.F.);
#2619=ORIENTED_EDGE('',*,*,#4035,.T.);
#2620=ORIENTED_EDGE('',*,*,#4036,.T.);
#2621=ORIENTED_EDGE('',*,*,#3967,.T.);
#2622=ORIENTED_EDGE('',*,*,#4037,.T.);
#2623=ORIENTED_EDGE('',*,*,#4004,.T.);
#2624=ORIENTED_EDGE('',*,*,#4038,.F.);
#2625=ORIENTED_EDGE('',*,*,#4013,.T.);
#2626=ORIENTED_EDGE('',*,*,#4039,.F.);
#2627=ORIENTED_EDGE('',*,*,#4040,.F.);
#2628=ORIENTED_EDGE('',*,*,#4041,.T.);
#2629=ORIENTED_EDGE('',*,*,#3951,.F.);
#2630=ORIENTED_EDGE('',*,*,#4042,.F.);
#2631=ORIENTED_EDGE('',*,*,#4043,.F.);
#2632=ORIENTED_EDGE('',*,*,#4006,.T.);
#2633=ORIENTED_EDGE('',*,*,#4007,.T.);
#2634=ORIENTED_EDGE('',*,*,#4043,.T.);
#2635=ORIENTED_EDGE('',*,*,#4044,.F.);
#2636=ORIENTED_EDGE('',*,*,#4045,.T.);
#2637=ORIENTED_EDGE('',*,*,#4046,.F.);
#2638=ORIENTED_EDGE('',*,*,#4047,.T.);
#2639=ORIENTED_EDGE('',*,*,#4040,.T.);
#2640=ORIENTED_EDGE('',*,*,#4005,.T.);
#2641=ORIENTED_EDGE('',*,*,#4039,.T.);
#2642=ORIENTED_EDGE('',*,*,#4012,.T.);
#2643=ORIENTED_EDGE('',*,*,#4038,.T.);
#2644=ORIENTED_EDGE('',*,*,#4003,.F.);
#2645=ORIENTED_EDGE('',*,*,#4028,.F.);
#2646=ORIENTED_EDGE('',*,*,#4014,.T.);
#2647=ORIENTED_EDGE('',*,*,#4048,.T.);
#2648=ORIENTED_EDGE('',*,*,#4008,.T.);
#2649=ORIENTED_EDGE('',*,*,#4045,.F.);
#2650=ORIENTED_EDGE('',*,*,#4049,.F.);
#2651=ORIENTED_EDGE('',*,*,#4024,.F.);
#2652=ORIENTED_EDGE('',*,*,#4010,.T.);
#2653=ORIENTED_EDGE('',*,*,#4050,.T.);
#2654=ORIENTED_EDGE('',*,*,#4051,.F.);
#2655=ORIENTED_EDGE('',*,*,#4052,.F.);
#2656=ORIENTED_EDGE('',*,*,#4050,.F.);
#2657=ORIENTED_EDGE('',*,*,#4009,.T.);
#2658=ORIENTED_EDGE('',*,*,#4048,.F.);
#2659=ORIENTED_EDGE('',*,*,#4053,.F.);
#2660=ORIENTED_EDGE('',*,*,#4054,.T.);
#2661=ORIENTED_EDGE('',*,*,#3972,.F.);
#2662=ORIENTED_EDGE('',*,*,#4055,.F.);
#2663=ORIENTED_EDGE('',*,*,#3992,.F.);
#2664=ORIENTED_EDGE('',*,*,#3995,.F.);
#2665=ORIENTED_EDGE('',*,*,#3976,.F.);
#2666=ORIENTED_EDGE('',*,*,#3980,.F.);
#2667=ORIENTED_EDGE('',*,*,#3983,.F.);
#2668=ORIENTED_EDGE('',*,*,#3986,.F.);
#2669=ORIENTED_EDGE('',*,*,#3989,.F.);
#2670=ORIENTED_EDGE('',*,*,#3974,.T.);
#2671=ORIENTED_EDGE('',*,*,#4056,.F.);
#2672=ORIENTED_EDGE('',*,*,#4057,.F.);
#2673=ORIENTED_EDGE('',*,*,#3960,.T.);
#2674=ORIENTED_EDGE('',*,*,#3973,.T.);
#2675=ORIENTED_EDGE('',*,*,#4054,.F.);
#2676=ORIENTED_EDGE('',*,*,#4058,.F.);
#2677=ORIENTED_EDGE('',*,*,#4056,.T.);
#2678=ORIENTED_EDGE('',*,*,#4042,.T.);
#2679=ORIENTED_EDGE('',*,*,#3956,.T.);
#2680=ORIENTED_EDGE('',*,*,#3961,.T.);
#2681=ORIENTED_EDGE('',*,*,#4057,.T.);
#2682=ORIENTED_EDGE('',*,*,#4058,.T.);
#2683=ORIENTED_EDGE('',*,*,#4053,.T.);
#2684=ORIENTED_EDGE('',*,*,#4049,.T.);
#2685=ORIENTED_EDGE('',*,*,#4044,.T.);
#2686=ORIENTED_EDGE('',*,*,#3971,.T.);
#2687=ORIENTED_EDGE('',*,*,#4026,.F.);
#2688=ORIENTED_EDGE('',*,*,#4059,.F.);
#2689=ORIENTED_EDGE('',*,*,#4051,.T.);
#2690=ORIENTED_EDGE('',*,*,#4052,.T.);
#2691=ORIENTED_EDGE('',*,*,#4059,.T.);
#2692=ORIENTED_EDGE('',*,*,#4025,.T.);
#2693=ORIENTED_EDGE('',*,*,#4060,.F.);
#2694=ORIENTED_EDGE('',*,*,#4061,.T.);
#2695=ORIENTED_EDGE('',*,*,#3969,.F.);
#2696=ORIENTED_EDGE('',*,*,#4062,.F.);
#2697=ORIENTED_EDGE('',*,*,#4063,.T.);
#2698=ORIENTED_EDGE('',*,*,#4020,.T.);
#2699=ORIENTED_EDGE('',*,*,#3970,.F.);
#2700=ORIENTED_EDGE('',*,*,#4061,.F.);
#2701=ORIENTED_EDGE('',*,*,#4064,.F.);
#2702=ORIENTED_EDGE('',*,*,#4065,.T.);
#2703=ORIENTED_EDGE('',*,*,#4066,.T.);
#2704=ORIENTED_EDGE('',*,*,#4067,.F.);
#2705=ORIENTED_EDGE('',*,*,#4068,.F.);
#2706=ORIENTED_EDGE('',*,*,#4069,.T.);
#2707=ORIENTED_EDGE('',*,*,#3975,.F.);
#2708=ORIENTED_EDGE('',*,*,#3959,.F.);
#2709=ORIENTED_EDGE('',*,*,#4070,.T.);
#2710=ORIENTED_EDGE('',*,*,#4071,.F.);
#2711=ORIENTED_EDGE('',*,*,#3965,.F.);
#2712=ORIENTED_EDGE('',*,*,#4069,.F.);
#2713=ORIENTED_EDGE('',*,*,#4072,.T.);
#2714=ORIENTED_EDGE('',*,*,#4073,.T.);
#2715=ORIENTED_EDGE('',*,*,#4065,.F.);
#2716=ORIENTED_EDGE('',*,*,#3966,.F.);
#2717=ORIENTED_EDGE('',*,*,#4071,.T.);
#2718=ORIENTED_EDGE('',*,*,#4068,.T.);
#2719=ORIENTED_EDGE('',*,*,#4074,.F.);
#2720=ORIENTED_EDGE('',*,*,#4037,.F.);
#2721=ORIENTED_EDGE('',*,*,#4067,.T.);
#2722=ORIENTED_EDGE('',*,*,#4075,.T.);
#2723=ORIENTED_EDGE('',*,*,#4076,.T.);
#2724=ORIENTED_EDGE('',*,*,#4032,.F.);
#2725=ORIENTED_EDGE('',*,*,#4074,.T.);
#2726=ORIENTED_EDGE('',*,*,#4077,.F.);
#2727=ORIENTED_EDGE('',*,*,#4064,.T.);
#2728=ORIENTED_EDGE('',*,*,#4060,.T.);
#2729=ORIENTED_EDGE('',*,*,#3968,.F.);
#2730=ORIENTED_EDGE('',*,*,#4036,.F.);
#2731=ORIENTED_EDGE('',*,*,#4078,.T.);
#2732=ORIENTED_EDGE('',*,*,#4079,.T.);
#2733=ORIENTED_EDGE('',*,*,#4062,.T.);
#2734=ORIENTED_EDGE('',*,*,#4077,.T.);
#2735=ORIENTED_EDGE('',*,*,#4035,.F.);
#2736=ORIENTED_EDGE('',*,*,#4022,.F.);
#2737=ORIENTED_EDGE('',*,*,#4080,.T.);
#2738=ORIENTED_EDGE('',*,*,#4078,.F.);
#2739=ORIENTED_EDGE('',*,*,#4034,.F.);
#2740=ORIENTED_EDGE('',*,*,#4081,.T.);
#2741=ORIENTED_EDGE('',*,*,#4072,.F.);
#2742=ORIENTED_EDGE('',*,*,#4070,.F.);
#2743=ORIENTED_EDGE('',*,*,#3958,.F.);
#2744=ORIENTED_EDGE('',*,*,#4033,.F.);
#2745=ORIENTED_EDGE('',*,*,#4076,.F.);
#2746=ORIENTED_EDGE('',*,*,#4082,.F.);
#2747=ORIENTED_EDGE('',*,*,#4081,.F.);
#2748=ORIENTED_EDGE('',*,*,#4066,.F.);
#2749=ORIENTED_EDGE('',*,*,#4073,.F.);
#2750=ORIENTED_EDGE('',*,*,#4082,.T.);
#2751=ORIENTED_EDGE('',*,*,#4075,.F.);
#2752=ORIENTED_EDGE('',*,*,#4079,.F.);
#2753=ORIENTED_EDGE('',*,*,#4080,.F.);
#2754=ORIENTED_EDGE('',*,*,#4021,.F.);
#2755=ORIENTED_EDGE('',*,*,#4063,.F.);
#2756=ORIENTED_EDGE('',*,*,#3953,.F.);
#2757=ORIENTED_EDGE('',*,*,#4083,.T.);
#2758=ORIENTED_EDGE('',*,*,#4084,.T.);
#2759=ORIENTED_EDGE('',*,*,#4085,.T.);
#2760=ORIENTED_EDGE('',*,*,#3962,.T.);
#2761=ORIENTED_EDGE('',*,*,#4086,.T.);
#2762=ORIENTED_EDGE('',*,*,#4046,.T.);
#2763=ORIENTED_EDGE('',*,*,#4011,.T.);
#2764=ORIENTED_EDGE('',*,*,#3954,.F.);
#2765=ORIENTED_EDGE('',*,*,#4085,.F.);
#2766=ORIENTED_EDGE('',*,*,#4087,.F.);
#2767=ORIENTED_EDGE('',*,*,#4086,.F.);
#2768=ORIENTED_EDGE('',*,*,#4087,.T.);
#2769=ORIENTED_EDGE('',*,*,#4084,.F.);
#2770=ORIENTED_EDGE('',*,*,#4088,.F.);
#2771=ORIENTED_EDGE('',*,*,#4047,.F.);
#2772=ORIENTED_EDGE('',*,*,#4088,.T.);
#2773=ORIENTED_EDGE('',*,*,#4083,.F.);
#2774=ORIENTED_EDGE('',*,*,#3952,.F.);
#2775=ORIENTED_EDGE('',*,*,#4041,.F.);
#2776=ORIENTED_EDGE('',*,*,#4089,.F.);
#2777=ORIENTED_EDGE('',*,*,#4055,.T.);
#2778=ORIENTED_EDGE('',*,*,#4090,.F.);
#2779=ORIENTED_EDGE('',*,*,#4089,.T.);
#2780=ORIENTED_EDGE('',*,*,#4090,.T.);
#2781=ORIENTED_EDGE('',*,*,#3964,.T.);
#2782=ORIENTED_EDGE('',*,*,#4091,.F.);
#2783=ORIENTED_EDGE('',*,*,#4092,.T.);
#2784=ORIENTED_EDGE('',*,*,#4091,.T.);
#2785=ORIENTED_EDGE('',*,*,#4093,.F.);
#2786=ORIENTED_EDGE('',*,*,#4094,.T.);
#2787=ORIENTED_EDGE('',*,*,#4092,.F.);
#2788=ORIENTED_EDGE('',*,*,#4093,.T.);
#2789=ORIENTED_EDGE('',*,*,#4094,.F.);
#2790=ORIENTED_EDGE('',*,*,#4095,.T.);
#2791=ORIENTED_EDGE('',*,*,#4096,.T.);
#2792=ORIENTED_EDGE('',*,*,#4097,.T.);
#2793=ORIENTED_EDGE('',*,*,#4098,.T.);
#2794=ORIENTED_EDGE('',*,*,#4099,.T.);
#2795=ORIENTED_EDGE('',*,*,#4100,.T.);
#2796=ORIENTED_EDGE('',*,*,#4097,.F.);
#2797=ORIENTED_EDGE('',*,*,#4101,.T.);
#2798=ORIENTED_EDGE('',*,*,#4102,.F.);
#2799=ORIENTED_EDGE('',*,*,#4103,.F.);
#2800=ORIENTED_EDGE('',*,*,#4100,.F.);
#2801=ORIENTED_EDGE('',*,*,#4104,.T.);
#2802=ORIENTED_EDGE('',*,*,#4105,.F.);
#2803=ORIENTED_EDGE('',*,*,#4101,.F.);
#2804=ORIENTED_EDGE('',*,*,#4099,.F.);
#2805=ORIENTED_EDGE('',*,*,#4106,.T.);
#2806=ORIENTED_EDGE('',*,*,#4107,.F.);
#2807=ORIENTED_EDGE('',*,*,#4104,.F.);
#2808=ORIENTED_EDGE('',*,*,#4098,.F.);
#2809=ORIENTED_EDGE('',*,*,#4103,.T.);
#2810=ORIENTED_EDGE('',*,*,#4108,.F.);
#2811=ORIENTED_EDGE('',*,*,#4106,.F.);
#2812=ORIENTED_EDGE('',*,*,#4109,.T.);
#2813=ORIENTED_EDGE('',*,*,#4110,.T.);
#2814=ORIENTED_EDGE('',*,*,#4102,.T.);
#2815=ORIENTED_EDGE('',*,*,#4105,.T.);
#2816=ORIENTED_EDGE('',*,*,#4107,.T.);
#2817=ORIENTED_EDGE('',*,*,#4108,.T.);
#2818=ORIENTED_EDGE('',*,*,#4111,.F.);
#2819=ORIENTED_EDGE('',*,*,#4112,.T.);
#2820=ORIENTED_EDGE('',*,*,#4113,.F.);
#2821=ORIENTED_EDGE('',*,*,#4114,.F.);
#2822=ORIENTED_EDGE('',*,*,#4115,.T.);
#2823=ORIENTED_EDGE('',*,*,#4116,.F.);
#2824=ORIENTED_EDGE('',*,*,#4117,.T.);
#2825=ORIENTED_EDGE('',*,*,#4118,.F.);
#2826=ORIENTED_EDGE('',*,*,#4119,.T.);
#2827=ORIENTED_EDGE('',*,*,#4120,.F.);
#2828=ORIENTED_EDGE('',*,*,#4113,.T.);
#2829=ORIENTED_EDGE('',*,*,#4121,.T.);
#2830=ORIENTED_EDGE('',*,*,#4116,.T.);
#2831=ORIENTED_EDGE('',*,*,#4122,.F.);
#2832=ORIENTED_EDGE('',*,*,#4123,.T.);
#2833=ORIENTED_EDGE('',*,*,#4124,.T.);
#2834=ORIENTED_EDGE('',*,*,#4125,.T.);
#2835=ORIENTED_EDGE('',*,*,#4126,.T.);
#2836=ORIENTED_EDGE('',*,*,#4127,.T.);
#2837=ORIENTED_EDGE('',*,*,#4110,.F.);
#2838=ORIENTED_EDGE('',*,*,#4128,.F.);
#2839=ORIENTED_EDGE('',*,*,#4122,.T.);
#2840=ORIENTED_EDGE('',*,*,#4118,.T.);
#2841=ORIENTED_EDGE('',*,*,#4129,.T.);
#2842=ORIENTED_EDGE('',*,*,#4111,.T.);
#2843=ORIENTED_EDGE('',*,*,#4130,.T.);
#2844=ORIENTED_EDGE('',*,*,#4096,.F.);
#2845=ORIENTED_EDGE('',*,*,#4131,.F.);
#2846=ORIENTED_EDGE('',*,*,#4132,.T.);
#2847=ORIENTED_EDGE('',*,*,#4133,.T.);
#2848=ORIENTED_EDGE('',*,*,#4134,.T.);
#2849=ORIENTED_EDGE('',*,*,#4114,.T.);
#2850=ORIENTED_EDGE('',*,*,#4128,.T.);
#2851=ORIENTED_EDGE('',*,*,#4135,.T.);
#2852=ORIENTED_EDGE('',*,*,#4136,.T.);
#2853=ORIENTED_EDGE('',*,*,#4137,.T.);
#2854=ORIENTED_EDGE('',*,*,#4133,.F.);
#2855=ORIENTED_EDGE('',*,*,#4138,.T.);
#2856=ORIENTED_EDGE('',*,*,#4131,.T.);
#2857=ORIENTED_EDGE('',*,*,#4139,.T.);
#2858=ORIENTED_EDGE('',*,*,#4140,.T.);
#2859=ORIENTED_EDGE('',*,*,#4141,.T.);
#2860=ORIENTED_EDGE('',*,*,#4127,.F.);
#2861=ORIENTED_EDGE('',*,*,#4120,.T.);
#2862=ORIENTED_EDGE('',*,*,#4142,.T.);
#2863=ORIENTED_EDGE('',*,*,#4125,.F.);
#2864=ORIENTED_EDGE('',*,*,#4143,.T.);
#2865=ORIENTED_EDGE('',*,*,#4109,.F.);
#2866=ORIENTED_EDGE('',*,*,#4144,.T.);
#2867=ORIENTED_EDGE('',*,*,#4130,.F.);
#2868=ORIENTED_EDGE('',*,*,#4145,.T.);
#2869=ORIENTED_EDGE('',*,*,#4132,.F.);
#2870=ORIENTED_EDGE('',*,*,#4146,.T.);
#2871=ORIENTED_EDGE('',*,*,#4147,.T.);
#2872=ORIENTED_EDGE('',*,*,#4148,.T.);
#2873=ORIENTED_EDGE('',*,*,#4149,.T.);
#2874=ORIENTED_EDGE('',*,*,#4150,.T.);
#2875=ORIENTED_EDGE('',*,*,#4123,.F.);
#2876=ORIENTED_EDGE('',*,*,#4151,.T.);
#2877=ORIENTED_EDGE('',*,*,#4145,.F.);
#2878=ORIENTED_EDGE('',*,*,#4115,.F.);
#2879=ORIENTED_EDGE('',*,*,#4138,.F.);
#2880=ORIENTED_EDGE('',*,*,#4142,.F.);
#2881=ORIENTED_EDGE('',*,*,#4119,.F.);
#2882=ORIENTED_EDGE('',*,*,#4146,.F.);
#2883=ORIENTED_EDGE('',*,*,#4143,.F.);
#2884=ORIENTED_EDGE('',*,*,#4152,.F.);
#2885=ORIENTED_EDGE('',*,*,#4135,.F.);
#2886=ORIENTED_EDGE('',*,*,#4152,.T.);
#2887=ORIENTED_EDGE('',*,*,#4124,.F.);
#2888=ORIENTED_EDGE('',*,*,#4153,.F.);
#2889=ORIENTED_EDGE('',*,*,#4136,.F.);
#2890=ORIENTED_EDGE('',*,*,#4141,.F.);
#2891=ORIENTED_EDGE('',*,*,#4154,.F.);
#2892=ORIENTED_EDGE('',*,*,#4144,.F.);
#2893=ORIENTED_EDGE('',*,*,#4153,.T.);
#2894=ORIENTED_EDGE('',*,*,#4150,.F.);
#2895=ORIENTED_EDGE('',*,*,#4155,.F.);
#2896=ORIENTED_EDGE('',*,*,#4137,.F.);
#2897=ORIENTED_EDGE('',*,*,#4154,.T.);
#2898=ORIENTED_EDGE('',*,*,#4140,.F.);
#2899=ORIENTED_EDGE('',*,*,#4156,.F.);
#2900=ORIENTED_EDGE('',*,*,#4126,.F.);
#2901=ORIENTED_EDGE('',*,*,#4155,.T.);
#2902=ORIENTED_EDGE('',*,*,#4149,.F.);
#2903=ORIENTED_EDGE('',*,*,#4148,.F.);
#2904=ORIENTED_EDGE('',*,*,#4147,.F.);
#2905=ORIENTED_EDGE('',*,*,#4157,.T.);
#2906=ORIENTED_EDGE('',*,*,#4134,.F.);
#2907=ORIENTED_EDGE('',*,*,#4156,.T.);
#2908=ORIENTED_EDGE('',*,*,#4139,.F.);
#2909=ORIENTED_EDGE('',*,*,#4157,.F.);
#2910=ORIENTED_EDGE('',*,*,#4151,.F.);
#2911=ORIENTED_EDGE('',*,*,#4158,.T.);
#2912=ORIENTED_EDGE('',*,*,#4159,.T.);
#2913=ORIENTED_EDGE('',*,*,#4160,.T.);
#2914=ORIENTED_EDGE('',*,*,#4161,.T.);
#2915=ORIENTED_EDGE('',*,*,#4162,.F.);
#2916=ORIENTED_EDGE('',*,*,#4162,.T.);
#2917=ORIENTED_EDGE('',*,*,#4163,.F.);
#2918=ORIENTED_EDGE('',*,*,#4164,.F.);
#2919=ORIENTED_EDGE('',*,*,#4163,.T.);
#2920=ORIENTED_EDGE('',*,*,#4165,.F.);
#2921=ORIENTED_EDGE('',*,*,#4161,.F.);
#2922=ORIENTED_EDGE('',*,*,#4166,.F.);
#2923=ORIENTED_EDGE('',*,*,#4117,.F.);
#2924=ORIENTED_EDGE('',*,*,#4166,.T.);
#2925=ORIENTED_EDGE('',*,*,#4160,.F.);
#2926=ORIENTED_EDGE('',*,*,#4167,.F.);
#2927=ORIENTED_EDGE('',*,*,#4129,.F.);
#2928=ORIENTED_EDGE('',*,*,#4165,.T.);
#2929=ORIENTED_EDGE('',*,*,#4121,.F.);
#2930=ORIENTED_EDGE('',*,*,#4168,.F.);
#2931=ORIENTED_EDGE('',*,*,#4158,.F.);
#2932=ORIENTED_EDGE('',*,*,#4167,.T.);
#2933=ORIENTED_EDGE('',*,*,#4159,.F.);
#2934=ORIENTED_EDGE('',*,*,#4168,.T.);
#2935=ORIENTED_EDGE('',*,*,#4112,.F.);
#2936=ORIENTED_EDGE('',*,*,#4095,.F.);
#2937=ORIENTED_EDGE('',*,*,#4164,.T.);
#2938=ORIENTED_EDGE('',*,*,#4169,.F.);
#2939=ORIENTED_EDGE('',*,*,#4170,.F.);
#2940=ORIENTED_EDGE('',*,*,#4171,.T.);
#2941=ORIENTED_EDGE('',*,*,#4172,.T.);
#2942=ORIENTED_EDGE('',*,*,#4173,.T.);
#2943=ORIENTED_EDGE('',*,*,#4174,.F.);
#2944=ORIENTED_EDGE('',*,*,#4175,.F.);
#2945=ORIENTED_EDGE('',*,*,#4176,.T.);
#2946=ORIENTED_EDGE('',*,*,#4170,.T.);
#2947=ORIENTED_EDGE('',*,*,#4177,.T.);
#2948=ORIENTED_EDGE('',*,*,#4178,.F.);
#2949=ORIENTED_EDGE('',*,*,#4179,.T.);
#2950=ORIENTED_EDGE('',*,*,#4180,.T.);
#2951=ORIENTED_EDGE('',*,*,#4181,.T.);
#2952=ORIENTED_EDGE('',*,*,#4182,.F.);
#2953=ORIENTED_EDGE('',*,*,#4183,.T.);
#2954=ORIENTED_EDGE('',*,*,#4184,.F.);
#2955=ORIENTED_EDGE('',*,*,#4185,.T.);
#2956=ORIENTED_EDGE('',*,*,#4186,.T.);
#2957=ORIENTED_EDGE('',*,*,#4175,.T.);
#2958=ORIENTED_EDGE('',*,*,#4187,.F.);
#2959=ORIENTED_EDGE('',*,*,#4188,.T.);
#2960=ORIENTED_EDGE('',*,*,#4189,.T.);
#2961=ORIENTED_EDGE('',*,*,#4178,.T.);
#2962=ORIENTED_EDGE('',*,*,#4190,.T.);
#2963=ORIENTED_EDGE('',*,*,#4191,.F.);
#2964=ORIENTED_EDGE('',*,*,#4192,.T.);
#2965=ORIENTED_EDGE('',*,*,#4193,.F.);
#2966=ORIENTED_EDGE('',*,*,#4179,.F.);
#2967=ORIENTED_EDGE('',*,*,#4189,.F.);
#2968=ORIENTED_EDGE('',*,*,#4194,.T.);
#2969=ORIENTED_EDGE('',*,*,#4195,.T.);
#2970=ORIENTED_EDGE('',*,*,#4196,.F.);
#2971=ORIENTED_EDGE('',*,*,#4197,.T.);
#2972=ORIENTED_EDGE('',*,*,#4187,.T.);
#2973=ORIENTED_EDGE('',*,*,#4184,.T.);
#2974=ORIENTED_EDGE('',*,*,#4198,.T.);
#2975=ORIENTED_EDGE('',*,*,#4199,.F.);
#2976=ORIENTED_EDGE('',*,*,#4200,.T.);
#2977=ORIENTED_EDGE('',*,*,#4191,.T.);
#2978=ORIENTED_EDGE('',*,*,#4201,.F.);
#2979=ORIENTED_EDGE('',*,*,#4202,.T.);
#2980=ORIENTED_EDGE('',*,*,#4203,.F.);
#2981=ORIENTED_EDGE('',*,*,#4204,.T.);
#2982=ORIENTED_EDGE('',*,*,#4205,.T.);
#2983=ORIENTED_EDGE('',*,*,#4196,.T.);
#2984=ORIENTED_EDGE('',*,*,#4206,.F.);
#2985=ORIENTED_EDGE('',*,*,#4182,.T.);
#2986=ORIENTED_EDGE('',*,*,#4207,.T.);
#2987=ORIENTED_EDGE('',*,*,#4208,.T.);
#2988=ORIENTED_EDGE('',*,*,#4209,.F.);
#2989=ORIENTED_EDGE('',*,*,#4207,.F.);
#2990=ORIENTED_EDGE('',*,*,#4181,.F.);
#2991=ORIENTED_EDGE('',*,*,#4210,.T.);
#2992=ORIENTED_EDGE('',*,*,#4211,.F.);
#2993=ORIENTED_EDGE('',*,*,#4212,.T.);
#2994=ORIENTED_EDGE('',*,*,#4213,.F.);
#2995=ORIENTED_EDGE('',*,*,#4214,.T.);
#2996=ORIENTED_EDGE('',*,*,#4215,.F.);
#2997=ORIENTED_EDGE('',*,*,#4216,.F.);
#2998=ORIENTED_EDGE('',*,*,#4217,.F.);
#2999=ORIENTED_EDGE('',*,*,#4218,.T.);
#3000=ORIENTED_EDGE('',*,*,#4219,.T.);
#3001=ORIENTED_EDGE('',*,*,#4220,.T.);
#3002=ORIENTED_EDGE('',*,*,#4221,.F.);
#3003=ORIENTED_EDGE('',*,*,#4222,.F.);
#3004=ORIENTED_EDGE('',*,*,#4208,.F.);
#3005=ORIENTED_EDGE('',*,*,#4223,.T.);
#3006=ORIENTED_EDGE('',*,*,#4174,.T.);
#3007=ORIENTED_EDGE('',*,*,#4172,.F.);
#3008=ORIENTED_EDGE('',*,*,#4224,.T.);
#3009=ORIENTED_EDGE('',*,*,#4185,.F.);
#3010=ORIENTED_EDGE('',*,*,#4225,.T.);
#3011=ORIENTED_EDGE('',*,*,#4221,.T.);
#3012=ORIENTED_EDGE('',*,*,#4210,.F.);
#3013=ORIENTED_EDGE('',*,*,#4226,.T.);
#3014=ORIENTED_EDGE('',*,*,#4227,.T.);
#3015=ORIENTED_EDGE('',*,*,#4228,.T.);
#3016=ORIENTED_EDGE('',*,*,#4229,.T.);
#3017=ORIENTED_EDGE('',*,*,#4230,.T.);
#3018=ORIENTED_EDGE('',*,*,#4231,.T.);
#3019=ORIENTED_EDGE('',*,*,#4232,.T.);
#3020=ORIENTED_EDGE('',*,*,#4233,.T.);
#3021=ORIENTED_EDGE('',*,*,#4234,.F.);
#3022=ORIENTED_EDGE('',*,*,#4235,.F.);
#3023=ORIENTED_EDGE('',*,*,#4236,.F.);
#3024=ORIENTED_EDGE('',*,*,#4237,.F.);
#3025=ORIENTED_EDGE('',*,*,#4238,.F.);
#3026=ORIENTED_EDGE('',*,*,#4239,.F.);
#3027=ORIENTED_EDGE('',*,*,#4240,.F.);
#3028=ORIENTED_EDGE('',*,*,#4241,.F.);
#3029=ORIENTED_EDGE('',*,*,#4242,.F.);
#3030=ORIENTED_EDGE('',*,*,#4232,.F.);
#3031=ORIENTED_EDGE('',*,*,#4233,.F.);
#3032=ORIENTED_EDGE('',*,*,#4243,.F.);
#3033=ORIENTED_EDGE('',*,*,#4244,.F.);
#3034=ORIENTED_EDGE('',*,*,#4245,.F.);
#3035=ORIENTED_EDGE('',*,*,#4246,.F.);
#3036=ORIENTED_EDGE('',*,*,#4204,.F.);
#3037=ORIENTED_EDGE('',*,*,#4247,.F.);
#3038=ORIENTED_EDGE('',*,*,#4202,.F.);
#3039=ORIENTED_EDGE('',*,*,#4201,.T.);
#3040=ORIENTED_EDGE('',*,*,#4194,.F.);
#3041=ORIENTED_EDGE('',*,*,#4188,.F.);
#3042=ORIENTED_EDGE('',*,*,#4197,.F.);
#3043=ORIENTED_EDGE('',*,*,#4205,.F.);
#3044=ORIENTED_EDGE('',*,*,#4248,.F.);
#3045=ORIENTED_EDGE('',*,*,#4249,.F.);
#3046=ORIENTED_EDGE('',*,*,#4250,.T.);
#3047=ORIENTED_EDGE('',*,*,#4251,.F.);
#3048=ORIENTED_EDGE('',*,*,#4252,.F.);
#3049=ORIENTED_EDGE('',*,*,#4253,.T.);
#3050=ORIENTED_EDGE('',*,*,#4254,.F.);
#3051=ORIENTED_EDGE('',*,*,#4250,.F.);
#3052=ORIENTED_EDGE('',*,*,#4255,.F.);
#3053=ORIENTED_EDGE('',*,*,#4256,.T.);
#3054=ORIENTED_EDGE('',*,*,#4253,.F.);
#3055=ORIENTED_EDGE('',*,*,#4257,.F.);
#3056=ORIENTED_EDGE('',*,*,#4258,.F.);
#3057=ORIENTED_EDGE('',*,*,#4256,.F.);
#3058=ORIENTED_EDGE('',*,*,#4259,.F.);
#3059=ORIENTED_EDGE('',*,*,#4260,.F.);
#3060=ORIENTED_EDGE('',*,*,#4261,.T.);
#3061=ORIENTED_EDGE('',*,*,#4262,.T.);
#3062=ORIENTED_EDGE('',*,*,#4263,.F.);
#3063=ORIENTED_EDGE('',*,*,#4261,.F.);
#3064=ORIENTED_EDGE('',*,*,#4264,.T.);
#3065=ORIENTED_EDGE('',*,*,#4265,.F.);
#3066=ORIENTED_EDGE('',*,*,#4262,.F.);
#3067=ORIENTED_EDGE('',*,*,#4266,.F.);
#3068=ORIENTED_EDGE('',*,*,#4267,.F.);
#3069=ORIENTED_EDGE('',*,*,#4268,.F.);
#3070=ORIENTED_EDGE('',*,*,#4264,.F.);
#3071=ORIENTED_EDGE('',*,*,#4269,.F.);
#3072=ORIENTED_EDGE('',*,*,#4270,.F.);
#3073=ORIENTED_EDGE('',*,*,#4271,.T.);
#3074=ORIENTED_EDGE('',*,*,#4272,.T.);
#3075=ORIENTED_EDGE('',*,*,#4273,.F.);
#3076=ORIENTED_EDGE('',*,*,#4271,.F.);
#3077=ORIENTED_EDGE('',*,*,#4274,.F.);
#3078=ORIENTED_EDGE('',*,*,#4275,.T.);
#3079=ORIENTED_EDGE('',*,*,#4276,.F.);
#3080=ORIENTED_EDGE('',*,*,#4272,.F.);
#3081=ORIENTED_EDGE('',*,*,#4277,.F.);
#3082=ORIENTED_EDGE('',*,*,#4278,.F.);
#3083=ORIENTED_EDGE('',*,*,#4275,.F.);
#3084=ORIENTED_EDGE('',*,*,#4279,.F.);
#3085=ORIENTED_EDGE('',*,*,#4280,.F.);
#3086=ORIENTED_EDGE('',*,*,#4281,.T.);
#3087=ORIENTED_EDGE('',*,*,#4282,.T.);
#3088=ORIENTED_EDGE('',*,*,#4283,.F.);
#3089=ORIENTED_EDGE('',*,*,#4281,.F.);
#3090=ORIENTED_EDGE('',*,*,#4284,.F.);
#3091=ORIENTED_EDGE('',*,*,#4285,.F.);
#3092=ORIENTED_EDGE('',*,*,#4282,.F.);
#3093=ORIENTED_EDGE('',*,*,#4286,.F.);
#3094=ORIENTED_EDGE('',*,*,#4287,.F.);
#3095=ORIENTED_EDGE('',*,*,#4288,.T.);
#3096=ORIENTED_EDGE('',*,*,#4289,.F.);
#3097=ORIENTED_EDGE('',*,*,#4290,.F.);
#3098=ORIENTED_EDGE('',*,*,#4291,.T.);
#3099=ORIENTED_EDGE('',*,*,#4292,.F.);
#3100=ORIENTED_EDGE('',*,*,#4288,.F.);
#3101=ORIENTED_EDGE('',*,*,#4293,.F.);
#3102=ORIENTED_EDGE('',*,*,#4294,.T.);
#3103=ORIENTED_EDGE('',*,*,#4295,.F.);
#3104=ORIENTED_EDGE('',*,*,#4291,.F.);
#3105=ORIENTED_EDGE('',*,*,#4296,.F.);
#3106=ORIENTED_EDGE('',*,*,#4297,.F.);
#3107=ORIENTED_EDGE('',*,*,#4294,.F.);
#3108=ORIENTED_EDGE('',*,*,#4298,.T.);
#3109=ORIENTED_EDGE('',*,*,#4299,.F.);
#3110=ORIENTED_EDGE('',*,*,#4300,.F.);
#3111=ORIENTED_EDGE('',*,*,#4301,.T.);
#3112=ORIENTED_EDGE('',*,*,#4298,.F.);
#3113=ORIENTED_EDGE('',*,*,#4302,.F.);
#3114=ORIENTED_EDGE('',*,*,#4303,.F.);
#3115=ORIENTED_EDGE('',*,*,#4301,.F.);
#3116=ORIENTED_EDGE('',*,*,#4304,.F.);
#3117=ORIENTED_EDGE('',*,*,#4305,.F.);
#3118=ORIENTED_EDGE('',*,*,#4306,.F.);
#3119=ORIENTED_EDGE('',*,*,#4307,.F.);
#3120=ORIENTED_EDGE('',*,*,#4308,.T.);
#3121=ORIENTED_EDGE('',*,*,#4309,.F.);
#3122=ORIENTED_EDGE('',*,*,#4310,.F.);
#3123=ORIENTED_EDGE('',*,*,#4268,.T.);
#3124=ORIENTED_EDGE('',*,*,#4311,.F.);
#3125=ORIENTED_EDGE('',*,*,#4308,.F.);
#3126=ORIENTED_EDGE('',*,*,#4312,.F.);
#3127=ORIENTED_EDGE('',*,*,#4313,.T.);
#3128=ORIENTED_EDGE('',*,*,#4314,.F.);
#3129=ORIENTED_EDGE('',*,*,#4315,.F.);
#3130=ORIENTED_EDGE('',*,*,#4267,.T.);
#3131=ORIENTED_EDGE('',*,*,#4316,.T.);
#3132=ORIENTED_EDGE('',*,*,#4317,.F.);
#3133=ORIENTED_EDGE('',*,*,#4313,.F.);
#3134=ORIENTED_EDGE('',*,*,#4318,.F.);
#3135=ORIENTED_EDGE('',*,*,#4252,.T.);
#3136=ORIENTED_EDGE('',*,*,#4319,.F.);
#3137=ORIENTED_EDGE('',*,*,#4320,.F.);
#3138=ORIENTED_EDGE('',*,*,#4316,.F.);
#3139=ORIENTED_EDGE('',*,*,#4321,.F.);
#3140=ORIENTED_EDGE('',*,*,#4322,.F.);
#3141=ORIENTED_EDGE('',*,*,#4251,.T.);
#3142=ORIENTED_EDGE('',*,*,#4323,.F.);
#3143=ORIENTED_EDGE('',*,*,#4324,.T.);
#3144=ORIENTED_EDGE('',*,*,#4325,.F.);
#3145=ORIENTED_EDGE('',*,*,#4324,.F.);
#3146=ORIENTED_EDGE('',*,*,#4326,.F.);
#3147=ORIENTED_EDGE('',*,*,#4327,.T.);
#3148=ORIENTED_EDGE('',*,*,#4328,.F.);
#3149=ORIENTED_EDGE('',*,*,#4329,.F.);
#3150=ORIENTED_EDGE('',*,*,#4330,.F.);
#3151=ORIENTED_EDGE('',*,*,#4331,.F.);
#3152=ORIENTED_EDGE('',*,*,#4269,.T.);
#3153=ORIENTED_EDGE('',*,*,#4332,.F.);
#3154=ORIENTED_EDGE('',*,*,#4327,.F.);
#3155=ORIENTED_EDGE('',*,*,#4270,.T.);
#3156=ORIENTED_EDGE('',*,*,#4333,.F.);
#3157=ORIENTED_EDGE('',*,*,#4334,.F.);
#3158=ORIENTED_EDGE('',*,*,#4335,.T.);
#3159=ORIENTED_EDGE('',*,*,#4336,.F.);
#3160=ORIENTED_EDGE('',*,*,#4337,.T.);
#3161=ORIENTED_EDGE('',*,*,#4335,.F.);
#3162=ORIENTED_EDGE('',*,*,#4338,.F.);
#3163=ORIENTED_EDGE('',*,*,#4339,.F.);
#3164=ORIENTED_EDGE('',*,*,#4337,.F.);
#3165=ORIENTED_EDGE('',*,*,#4340,.F.);
#3166=ORIENTED_EDGE('',*,*,#4341,.F.);
#3167=ORIENTED_EDGE('',*,*,#4286,.T.);
#3168=ORIENTED_EDGE('',*,*,#4342,.F.);
#3169=ORIENTED_EDGE('',*,*,#4287,.T.);
#3170=ORIENTED_EDGE('',*,*,#4343,.F.);
#3171=ORIENTED_EDGE('',*,*,#4344,.T.);
#3172=ORIENTED_EDGE('',*,*,#4345,.F.);
#3173=ORIENTED_EDGE('',*,*,#4346,.F.);
#3174=ORIENTED_EDGE('',*,*,#4344,.F.);
#3175=ORIENTED_EDGE('',*,*,#4347,.F.);
#3176=ORIENTED_EDGE('',*,*,#4348,.F.);
#3177=ORIENTED_EDGE('',*,*,#4349,.T.);
#3178=ORIENTED_EDGE('',*,*,#4350,.F.);
#3179=ORIENTED_EDGE('',*,*,#4238,.T.);
#3180=ORIENTED_EDGE('',*,*,#4351,.F.);
#3181=ORIENTED_EDGE('',*,*,#4305,.T.);
#3182=ORIENTED_EDGE('',*,*,#4352,.F.);
#3183=ORIENTED_EDGE('',*,*,#4349,.F.);
#3184=ORIENTED_EDGE('',*,*,#4353,.F.);
#3185=ORIENTED_EDGE('',*,*,#4354,.T.);
#3186=ORIENTED_EDGE('',*,*,#4355,.F.);
#3187=ORIENTED_EDGE('',*,*,#4356,.F.);
#3188=ORIENTED_EDGE('',*,*,#4304,.T.);
#3189=ORIENTED_EDGE('',*,*,#4357,.T.);
#3190=ORIENTED_EDGE('',*,*,#4358,.F.);
#3191=ORIENTED_EDGE('',*,*,#4354,.F.);
#3192=ORIENTED_EDGE('',*,*,#4290,.T.);
#3193=ORIENTED_EDGE('',*,*,#4359,.F.);
#3194=ORIENTED_EDGE('',*,*,#4360,.F.);
#3195=ORIENTED_EDGE('',*,*,#4357,.F.);
#3196=ORIENTED_EDGE('',*,*,#4361,.F.);
#3197=ORIENTED_EDGE('',*,*,#4362,.F.);
#3198=ORIENTED_EDGE('',*,*,#4289,.T.);
#3199=ORIENTED_EDGE('',*,*,#4363,.F.);
#3200=ORIENTED_EDGE('',*,*,#4364,.T.);
#3201=ORIENTED_EDGE('',*,*,#4236,.T.);
#3202=ORIENTED_EDGE('',*,*,#4365,.F.);
#3203=ORIENTED_EDGE('',*,*,#4364,.F.);
#3204=ORIENTED_EDGE('',*,*,#4366,.F.);
#3205=ORIENTED_EDGE('',*,*,#4367,.F.);
#3206=ORIENTED_EDGE('',*,*,#4368,.T.);
#3207=ORIENTED_EDGE('',*,*,#4369,.F.);
#3208=ORIENTED_EDGE('',*,*,#4370,.F.);
#3209=ORIENTED_EDGE('',*,*,#4371,.F.);
#3210=ORIENTED_EDGE('',*,*,#4372,.F.);
#3211=ORIENTED_EDGE('',*,*,#4279,.T.);
#3212=ORIENTED_EDGE('',*,*,#4373,.F.);
#3213=ORIENTED_EDGE('',*,*,#4368,.F.);
#3214=ORIENTED_EDGE('',*,*,#4374,.F.);
#3215=ORIENTED_EDGE('',*,*,#4280,.T.);
#3216=ORIENTED_EDGE('',*,*,#4375,.F.);
#3217=ORIENTED_EDGE('',*,*,#4376,.T.);
#3218=ORIENTED_EDGE('',*,*,#4377,.F.);
#3219=ORIENTED_EDGE('',*,*,#4277,.T.);
#3220=ORIENTED_EDGE('',*,*,#4378,.F.);
#3221=ORIENTED_EDGE('',*,*,#4376,.F.);
#3222=ORIENTED_EDGE('',*,*,#4379,.F.);
#3223=ORIENTED_EDGE('',*,*,#4278,.T.);
#3224=ORIENTED_EDGE('',*,*,#4380,.F.);
#3225=ORIENTED_EDGE('',*,*,#4381,.T.);
#3226=ORIENTED_EDGE('',*,*,#4382,.F.);
#3227=ORIENTED_EDGE('',*,*,#4383,.F.);
#3228=ORIENTED_EDGE('',*,*,#4381,.F.);
#3229=ORIENTED_EDGE('',*,*,#4384,.F.);
#3230=ORIENTED_EDGE('',*,*,#4385,.F.);
#3231=ORIENTED_EDGE('',*,*,#4386,.F.);
#3232=ORIENTED_EDGE('',*,*,#4387,.T.);
#3233=ORIENTED_EDGE('',*,*,#4388,.F.);
#3234=ORIENTED_EDGE('',*,*,#4389,.F.);
#3235=ORIENTED_EDGE('',*,*,#4297,.T.);
#3236=ORIENTED_EDGE('',*,*,#4390,.F.);
#3237=ORIENTED_EDGE('',*,*,#4387,.F.);
#3238=ORIENTED_EDGE('',*,*,#4391,.F.);
#3239=ORIENTED_EDGE('',*,*,#4296,.T.);
#3240=ORIENTED_EDGE('',*,*,#4392,.F.);
#3241=ORIENTED_EDGE('',*,*,#4393,.T.);
#3242=ORIENTED_EDGE('',*,*,#4394,.F.);
#3243=ORIENTED_EDGE('',*,*,#4300,.T.);
#3244=ORIENTED_EDGE('',*,*,#4395,.F.);
#3245=ORIENTED_EDGE('',*,*,#4393,.F.);
#3246=ORIENTED_EDGE('',*,*,#4396,.F.);
#3247=ORIENTED_EDGE('',*,*,#4299,.T.);
#3248=ORIENTED_EDGE('',*,*,#4397,.F.);
#3249=ORIENTED_EDGE('',*,*,#4398,.T.);
#3250=ORIENTED_EDGE('',*,*,#4399,.F.);
#3251=ORIENTED_EDGE('',*,*,#4400,.F.);
#3252=ORIENTED_EDGE('',*,*,#4398,.F.);
#3253=ORIENTED_EDGE('',*,*,#4401,.F.);
#3254=ORIENTED_EDGE('',*,*,#4402,.T.);
#3255=ORIENTED_EDGE('',*,*,#4403,.F.);
#3256=ORIENTED_EDGE('',*,*,#4404,.F.);
#3257=ORIENTED_EDGE('',*,*,#4405,.F.);
#3258=ORIENTED_EDGE('',*,*,#4406,.F.);
#3259=ORIENTED_EDGE('',*,*,#4259,.T.);
#3260=ORIENTED_EDGE('',*,*,#4407,.F.);
#3261=ORIENTED_EDGE('',*,*,#4402,.F.);
#3262=ORIENTED_EDGE('',*,*,#4408,.F.);
#3263=ORIENTED_EDGE('',*,*,#4260,.T.);
#3264=ORIENTED_EDGE('',*,*,#4409,.F.);
#3265=ORIENTED_EDGE('',*,*,#4410,.T.);
#3266=ORIENTED_EDGE('',*,*,#4411,.F.);
#3267=ORIENTED_EDGE('',*,*,#4257,.T.);
#3268=ORIENTED_EDGE('',*,*,#4412,.F.);
#3269=ORIENTED_EDGE('',*,*,#4410,.F.);
#3270=ORIENTED_EDGE('',*,*,#4413,.F.);
#3271=ORIENTED_EDGE('',*,*,#4258,.T.);
#3272=ORIENTED_EDGE('',*,*,#4414,.F.);
#3273=ORIENTED_EDGE('',*,*,#4415,.T.);
#3274=ORIENTED_EDGE('',*,*,#4416,.F.);
#3275=ORIENTED_EDGE('',*,*,#4417,.F.);
#3276=ORIENTED_EDGE('',*,*,#4415,.F.);
#3277=ORIENTED_EDGE('',*,*,#4418,.F.);
#3278=ORIENTED_EDGE('',*,*,#4419,.F.);
#3279=ORIENTED_EDGE('',*,*,#4328,.T.);
#3280=ORIENTED_EDGE('',*,*,#4420,.F.);
#3281=ORIENTED_EDGE('',*,*,#4383,.T.);
#3282=ORIENTED_EDGE('',*,*,#4421,.F.);
#3283=ORIENTED_EDGE('',*,*,#4366,.T.);
#3284=ORIENTED_EDGE('',*,*,#4422,.F.);
#3285=ORIENTED_EDGE('',*,*,#4386,.T.);
#3286=ORIENTED_EDGE('',*,*,#4423,.F.);
#3287=ORIENTED_EDGE('',*,*,#4346,.T.);
#3288=ORIENTED_EDGE('',*,*,#4424,.F.);
#3289=ORIENTED_EDGE('',*,*,#4369,.T.);
#3290=ORIENTED_EDGE('',*,*,#4425,.F.);
#3291=ORIENTED_EDGE('',*,*,#4348,.T.);
#3292=ORIENTED_EDGE('',*,*,#4426,.F.);
#3293=ORIENTED_EDGE('',*,*,#4401,.T.);
#3294=ORIENTED_EDGE('',*,*,#4427,.F.);
#3295=ORIENTED_EDGE('',*,*,#4326,.T.);
#3296=ORIENTED_EDGE('',*,*,#4428,.F.);
#3297=ORIENTED_EDGE('',*,*,#4417,.T.);
#3298=ORIENTED_EDGE('',*,*,#4429,.F.);
#3299=ORIENTED_EDGE('',*,*,#4307,.T.);
#3300=ORIENTED_EDGE('',*,*,#4430,.F.);
#3301=ORIENTED_EDGE('',*,*,#4403,.T.);
#3302=ORIENTED_EDGE('',*,*,#4378,.T.);
#3303=ORIENTED_EDGE('',*,*,#4274,.T.);
#3304=ORIENTED_EDGE('',*,*,#4336,.T.);
#3305=ORIENTED_EDGE('',*,*,#4431,.F.);
#3306=ORIENTED_EDGE('',*,*,#4432,.F.);
#3307=ORIENTED_EDGE('',*,*,#4312,.T.);
#3308=ORIENTED_EDGE('',*,*,#4266,.T.);
#3309=ORIENTED_EDGE('',*,*,#4408,.T.);
#3310=ORIENTED_EDGE('',*,*,#4433,.F.);
#3311=ORIENTED_EDGE('',*,*,#4434,.F.);
#3312=ORIENTED_EDGE('',*,*,#4392,.T.);
#3313=ORIENTED_EDGE('',*,*,#4293,.T.);
#3314=ORIENTED_EDGE('',*,*,#4361,.T.);
#3315=ORIENTED_EDGE('',*,*,#4435,.F.);
#3316=ORIENTED_EDGE('',*,*,#4436,.F.);
#3317=ORIENTED_EDGE('',*,*,#4412,.T.);
#3318=ORIENTED_EDGE('',*,*,#4255,.T.);
#3319=ORIENTED_EDGE('',*,*,#4321,.T.);
#3320=ORIENTED_EDGE('',*,*,#4437,.F.);
#3321=ORIENTED_EDGE('',*,*,#4433,.T.);
#3322=ORIENTED_EDGE('',*,*,#4339,.T.);
#3323=ORIENTED_EDGE('',*,*,#4284,.T.);
#3324=ORIENTED_EDGE('',*,*,#4374,.T.);
#3325=ORIENTED_EDGE('',*,*,#4432,.T.);
#3326=ORIENTED_EDGE('',*,*,#4438,.F.);
#3327=ORIENTED_EDGE('',*,*,#4353,.T.);
#3328=ORIENTED_EDGE('',*,*,#4302,.T.);
#3329=ORIENTED_EDGE('',*,*,#4394,.T.);
#3330=ORIENTED_EDGE('',*,*,#4436,.T.);
#3331=ORIENTED_EDGE('',*,*,#4439,.F.);
#3332=ORIENTED_EDGE('',*,*,#4440,.T.);
#3333=ORIENTED_EDGE('',*,*,#4203,.T.);
#3334=ORIENTED_EDGE('',*,*,#4247,.T.);
#3335=ORIENTED_EDGE('',*,*,#4441,.F.);
#3336=ORIENTED_EDGE('',*,*,#4440,.F.);
#3337=ORIENTED_EDGE('',*,*,#4442,.F.);
#3338=ORIENTED_EDGE('',*,*,#4248,.T.);
#3339=ORIENTED_EDGE('',*,*,#4443,.T.);
#3340=ORIENTED_EDGE('',*,*,#4340,.T.);
#3341=ORIENTED_EDGE('',*,*,#4338,.T.);
#3342=ORIENTED_EDGE('',*,*,#4334,.T.);
#3343=ORIENTED_EDGE('',*,*,#4444,.T.);
#3344=ORIENTED_EDGE('',*,*,#4314,.T.);
#3345=ORIENTED_EDGE('',*,*,#4317,.T.);
#3346=ORIENTED_EDGE('',*,*,#4320,.T.);
#3347=ORIENTED_EDGE('',*,*,#4445,.T.);
#3348=ORIENTED_EDGE('',*,*,#4355,.T.);
#3349=ORIENTED_EDGE('',*,*,#4358,.T.);
#3350=ORIENTED_EDGE('',*,*,#4360,.T.);
#3351=ORIENTED_EDGE('',*,*,#4249,.T.);
#3352=ORIENTED_EDGE('',*,*,#4443,.F.);
#3353=ORIENTED_EDGE('',*,*,#4359,.T.);
#3354=ORIENTED_EDGE('',*,*,#4362,.T.);
#3355=ORIENTED_EDGE('',*,*,#4365,.T.);
#3356=ORIENTED_EDGE('',*,*,#4235,.T.);
#3357=ORIENTED_EDGE('',*,*,#4234,.T.);
#3358=ORIENTED_EDGE('',*,*,#4343,.T.);
#3359=ORIENTED_EDGE('',*,*,#4341,.T.);
#3360=ORIENTED_EDGE('',*,*,#4446,.F.);
#3361=ORIENTED_EDGE('',*,*,#4406,.T.);
#3362=ORIENTED_EDGE('',*,*,#4405,.T.);
#3363=ORIENTED_EDGE('',*,*,#4230,.F.);
#3364=ORIENTED_EDGE('',*,*,#4384,.T.);
#3365=ORIENTED_EDGE('',*,*,#4380,.T.);
#3366=ORIENTED_EDGE('',*,*,#4377,.T.);
#3367=ORIENTED_EDGE('',*,*,#4375,.T.);
#3368=ORIENTED_EDGE('',*,*,#4372,.T.);
#3369=ORIENTED_EDGE('',*,*,#4371,.T.);
#3370=ORIENTED_EDGE('',*,*,#4228,.F.);
#3371=ORIENTED_EDGE('',*,*,#4388,.T.);
#3372=ORIENTED_EDGE('',*,*,#4390,.T.);
#3373=ORIENTED_EDGE('',*,*,#4391,.T.);
#3374=ORIENTED_EDGE('',*,*,#4395,.T.);
#3375=ORIENTED_EDGE('',*,*,#4396,.T.);
#3376=ORIENTED_EDGE('',*,*,#4400,.T.);
#3377=ORIENTED_EDGE('',*,*,#4226,.F.);
#3378=ORIENTED_EDGE('',*,*,#4418,.T.);
#3379=ORIENTED_EDGE('',*,*,#4414,.T.);
#3380=ORIENTED_EDGE('',*,*,#4411,.T.);
#3381=ORIENTED_EDGE('',*,*,#4409,.T.);
#3382=ORIENTED_EDGE('',*,*,#4240,.T.);
#3383=ORIENTED_EDGE('',*,*,#4325,.T.);
#3384=ORIENTED_EDGE('',*,*,#4427,.T.);
#3385=ORIENTED_EDGE('',*,*,#4416,.T.);
#3386=ORIENTED_EDGE('',*,*,#4231,.F.);
#3387=ORIENTED_EDGE('',*,*,#4404,.T.);
#3388=ORIENTED_EDGE('',*,*,#4430,.T.);
#3389=ORIENTED_EDGE('',*,*,#4306,.T.);
#3390=ORIENTED_EDGE('',*,*,#4342,.T.);
#3391=ORIENTED_EDGE('',*,*,#4423,.T.);
#3392=ORIENTED_EDGE('',*,*,#4373,.T.);
#3393=ORIENTED_EDGE('',*,*,#4283,.T.);
#3394=ORIENTED_EDGE('',*,*,#4285,.T.);
#3395=ORIENTED_EDGE('',*,*,#4292,.T.);
#3396=ORIENTED_EDGE('',*,*,#4295,.T.);
#3397=ORIENTED_EDGE('',*,*,#4389,.T.);
#3398=ORIENTED_EDGE('',*,*,#4422,.T.);
#3399=ORIENTED_EDGE('',*,*,#4363,.T.);
#3400=ORIENTED_EDGE('',*,*,#4351,.T.);
#3401=ORIENTED_EDGE('',*,*,#4425,.T.);
#3402=ORIENTED_EDGE('',*,*,#4397,.T.);
#3403=ORIENTED_EDGE('',*,*,#4303,.T.);
#3404=ORIENTED_EDGE('',*,*,#4254,.T.);
#3405=ORIENTED_EDGE('',*,*,#4413,.T.);
#3406=ORIENTED_EDGE('',*,*,#4428,.T.);
#3407=ORIENTED_EDGE('',*,*,#4323,.T.);
#3408=ORIENTED_EDGE('',*,*,#4273,.T.);
#3409=ORIENTED_EDGE('',*,*,#4276,.T.);
#3410=ORIENTED_EDGE('',*,*,#4379,.T.);
#3411=ORIENTED_EDGE('',*,*,#4420,.T.);
#3412=ORIENTED_EDGE('',*,*,#4332,.T.);
#3413=ORIENTED_EDGE('',*,*,#4310,.T.);
#3414=ORIENTED_EDGE('',*,*,#4429,.T.);
#3415=ORIENTED_EDGE('',*,*,#4407,.T.);
#3416=ORIENTED_EDGE('',*,*,#4263,.T.);
#3417=ORIENTED_EDGE('',*,*,#4265,.T.);
#3418=ORIENTED_EDGE('',*,*,#4431,.T.);
#3419=ORIENTED_EDGE('',*,*,#4438,.T.);
#3420=ORIENTED_EDGE('',*,*,#4437,.T.);
#3421=ORIENTED_EDGE('',*,*,#4318,.T.);
#3422=ORIENTED_EDGE('',*,*,#4434,.T.);
#3423=ORIENTED_EDGE('',*,*,#4435,.T.);
#3424=ORIENTED_EDGE('',*,*,#4439,.T.);
#3425=ORIENTED_EDGE('',*,*,#4331,.T.);
#3426=ORIENTED_EDGE('',*,*,#4330,.T.);
#3427=ORIENTED_EDGE('',*,*,#4241,.T.);
#3428=ORIENTED_EDGE('',*,*,#4309,.T.);
#3429=ORIENTED_EDGE('',*,*,#4311,.T.);
#3430=ORIENTED_EDGE('',*,*,#4315,.T.);
#3431=ORIENTED_EDGE('',*,*,#4444,.F.);
#3432=ORIENTED_EDGE('',*,*,#4333,.T.);
#3433=ORIENTED_EDGE('',*,*,#4239,.T.);
#3434=ORIENTED_EDGE('',*,*,#4350,.T.);
#3435=ORIENTED_EDGE('',*,*,#4352,.T.);
#3436=ORIENTED_EDGE('',*,*,#4356,.T.);
#3437=ORIENTED_EDGE('',*,*,#4445,.F.);
#3438=ORIENTED_EDGE('',*,*,#4319,.T.);
#3439=ORIENTED_EDGE('',*,*,#4322,.T.);
#3440=ORIENTED_EDGE('',*,*,#4242,.T.);
#3441=ORIENTED_EDGE('',*,*,#4329,.T.);
#3442=ORIENTED_EDGE('',*,*,#4419,.T.);
#3443=ORIENTED_EDGE('',*,*,#4382,.T.);
#3444=ORIENTED_EDGE('',*,*,#4229,.F.);
#3445=ORIENTED_EDGE('',*,*,#4370,.T.);
#3446=ORIENTED_EDGE('',*,*,#4424,.T.);
#3447=ORIENTED_EDGE('',*,*,#4345,.T.);
#3448=ORIENTED_EDGE('',*,*,#4237,.T.);
#3449=ORIENTED_EDGE('',*,*,#4367,.T.);
#3450=ORIENTED_EDGE('',*,*,#4421,.T.);
#3451=ORIENTED_EDGE('',*,*,#4385,.T.);
#3452=ORIENTED_EDGE('',*,*,#4227,.F.);
#3453=ORIENTED_EDGE('',*,*,#4399,.T.);
#3454=ORIENTED_EDGE('',*,*,#4426,.T.);
#3455=ORIENTED_EDGE('',*,*,#4347,.T.);
#3456=ORIENTED_EDGE('',*,*,#4244,.T.);
#3457=ORIENTED_EDGE('',*,*,#4243,.T.);
#3458=ORIENTED_EDGE('',*,*,#4246,.T.);
#3459=ORIENTED_EDGE('',*,*,#4245,.T.);
#3460=ORIENTED_EDGE('',*,*,#4220,.F.);
#3461=ORIENTED_EDGE('',*,*,#4219,.F.);
#3462=ORIENTED_EDGE('',*,*,#4218,.F.);
#3463=ORIENTED_EDGE('',*,*,#4447,.F.);
#3464=ORIENTED_EDGE('',*,*,#4216,.T.);
#3465=ORIENTED_EDGE('',*,*,#4448,.F.);
#3466=ORIENTED_EDGE('',*,*,#4447,.T.);
#3467=ORIENTED_EDGE('',*,*,#4169,.T.);
#3468=ORIENTED_EDGE('',*,*,#4448,.T.);
#3469=ORIENTED_EDGE('',*,*,#4449,.F.);
#3470=ORIENTED_EDGE('',*,*,#4215,.T.);
#3471=ORIENTED_EDGE('',*,*,#4450,.F.);
#3472=ORIENTED_EDGE('',*,*,#4449,.T.);
#3473=ORIENTED_EDGE('',*,*,#4217,.T.);
#3474=ORIENTED_EDGE('',*,*,#4450,.T.);
#3475=ORIENTED_EDGE('',*,*,#4451,.T.);
#3476=ORIENTED_EDGE('',*,*,#4452,.T.);
#3477=ORIENTED_EDGE('',*,*,#4453,.T.);
#3478=ORIENTED_EDGE('',*,*,#4213,.T.);
#3479=ORIENTED_EDGE('',*,*,#4454,.T.);
#3480=ORIENTED_EDGE('',*,*,#4214,.F.);
#3481=ORIENTED_EDGE('',*,*,#4455,.T.);
#3482=ORIENTED_EDGE('',*,*,#4456,.T.);
#3483=ORIENTED_EDGE('',*,*,#4457,.T.);
#3484=ORIENTED_EDGE('',*,*,#4211,.T.);
#3485=ORIENTED_EDGE('',*,*,#4458,.T.);
#3486=ORIENTED_EDGE('',*,*,#4212,.F.);
#3487=ORIENTED_EDGE('',*,*,#4457,.F.);
#3488=ORIENTED_EDGE('',*,*,#4455,.F.);
#3489=ORIENTED_EDGE('',*,*,#4456,.F.);
#3490=ORIENTED_EDGE('',*,*,#4458,.F.);
#3491=ORIENTED_EDGE('',*,*,#4453,.F.);
#3492=ORIENTED_EDGE('',*,*,#4451,.F.);
#3493=ORIENTED_EDGE('',*,*,#4452,.F.);
#3494=ORIENTED_EDGE('',*,*,#4454,.F.);
#3495=ORIENTED_EDGE('',*,*,#4180,.F.);
#3496=ORIENTED_EDGE('',*,*,#4193,.T.);
#3497=ORIENTED_EDGE('',*,*,#4459,.F.);
#3498=ORIENTED_EDGE('',*,*,#4199,.T.);
#3499=ORIENTED_EDGE('',*,*,#4222,.T.);
#3500=ORIENTED_EDGE('',*,*,#4209,.T.);
#3501=ORIENTED_EDGE('',*,*,#4192,.F.);
#3502=ORIENTED_EDGE('',*,*,#4200,.F.);
#3503=ORIENTED_EDGE('',*,*,#4459,.T.);
#3504=ORIENTED_EDGE('',*,*,#4198,.F.);
#3505=ORIENTED_EDGE('',*,*,#4183,.F.);
#3506=ORIENTED_EDGE('',*,*,#4206,.T.);
#3507=ORIENTED_EDGE('',*,*,#4195,.F.);
#3508=ORIENTED_EDGE('',*,*,#4442,.T.);
#3509=ORIENTED_EDGE('',*,*,#4441,.T.);
#3510=ORIENTED_EDGE('',*,*,#4460,.T.);
#3511=ORIENTED_EDGE('',*,*,#4223,.F.);
#3512=ORIENTED_EDGE('',*,*,#4461,.T.);
#3513=ORIENTED_EDGE('',*,*,#4460,.F.);
#3514=ORIENTED_EDGE('',*,*,#4461,.F.);
#3515=ORIENTED_EDGE('',*,*,#4446,.T.);
#3516=ORIENTED_EDGE('',*,*,#4186,.F.);
#3517=ORIENTED_EDGE('',*,*,#4224,.F.);
#3518=ORIENTED_EDGE('',*,*,#4171,.F.);
#3519=ORIENTED_EDGE('',*,*,#4176,.F.);
#3520=ORIENTED_EDGE('',*,*,#4173,.F.);
#3521=ORIENTED_EDGE('',*,*,#4225,.F.);
#3522=ORIENTED_EDGE('',*,*,#4190,.F.);
#3523=ORIENTED_EDGE('',*,*,#4177,.F.);
#3524=VERTEX_POINT('',#6224);
#3525=VERTEX_POINT('',#6225);
#3526=VERTEX_POINT('',#6227);
#3527=VERTEX_POINT('',#6229);
#3528=VERTEX_POINT('',#6233);
#3529=VERTEX_POINT('',#6234);
#3530=VERTEX_POINT('',#6236);
#3531=VERTEX_POINT('',#6238);
#3532=VERTEX_POINT('',#6242);
#3533=VERTEX_POINT('',#6243);
#3534=VERTEX_POINT('',#6245);
#3535=VERTEX_POINT('',#6247);
#3536=VERTEX_POINT('',#6252);
#3537=VERTEX_POINT('',#6259);
#3538=VERTEX_POINT('',#6261);
#3539=VERTEX_POINT('',#6263);
#3540=VERTEX_POINT('',#6272);
#3541=VERTEX_POINT('',#6273);
#3542=VERTEX_POINT('',#6279);
#3543=VERTEX_POINT('',#6282);
#3544=VERTEX_POINT('',#6284);
#3545=VERTEX_POINT('',#6287);
#3546=VERTEX_POINT('',#6289);
#3547=VERTEX_POINT('',#6296);
#3548=VERTEX_POINT('',#6298);
#3549=VERTEX_POINT('',#6301);
#3550=VERTEX_POINT('',#6304);
#3551=VERTEX_POINT('',#6306);
#3552=VERTEX_POINT('',#6308);
#3553=VERTEX_POINT('',#6310);
#3554=VERTEX_POINT('',#6314);
#3555=VERTEX_POINT('',#6317);
#3556=VERTEX_POINT('',#6323);
#3557=VERTEX_POINT('',#6326);
#3558=VERTEX_POINT('',#6329);
#3559=VERTEX_POINT('',#6332);
#3560=VERTEX_POINT('',#6335);
#3561=VERTEX_POINT('',#6338);
#3562=VERTEX_POINT('',#6341);
#3563=VERTEX_POINT('',#6345);
#3564=VERTEX_POINT('',#6348);
#3565=VERTEX_POINT('',#6351);
#3566=VERTEX_POINT('',#6354);
#3567=VERTEX_POINT('',#6357);
#3568=VERTEX_POINT('',#6360);
#3569=VERTEX_POINT('',#6363);
#3570=VERTEX_POINT('',#6368);
#3571=VERTEX_POINT('',#6369);
#3572=VERTEX_POINT('',#6371);
#3573=VERTEX_POINT('',#6373);
#3574=VERTEX_POINT('',#6375);
#3575=VERTEX_POINT('',#6377);
#3576=VERTEX_POINT('',#6381);
#3577=VERTEX_POINT('',#6382);
#3578=VERTEX_POINT('',#6384);
#3579=VERTEX_POINT('',#6386);
#3580=VERTEX_POINT('',#6388);
#3581=VERTEX_POINT('',#6391);
#3582=VERTEX_POINT('',#6395);
#3583=VERTEX_POINT('',#6397);
#3584=VERTEX_POINT('',#6398);
#3585=VERTEX_POINT('',#6400);
#3586=VERTEX_POINT('',#6402);
#3587=VERTEX_POINT('',#6404);
#3588=VERTEX_POINT('',#6406);
#3589=VERTEX_POINT('',#6408);
#3590=VERTEX_POINT('',#6410);
#3591=VERTEX_POINT('',#6412);
#3592=VERTEX_POINT('',#6414);
#3593=VERTEX_POINT('',#6419);
#3594=VERTEX_POINT('',#6420);
#3595=VERTEX_POINT('',#6422);
#3596=VERTEX_POINT('',#6424);
#3597=VERTEX_POINT('',#6428);
#3598=VERTEX_POINT('',#6430);
#3599=VERTEX_POINT('',#6434);
#3600=VERTEX_POINT('',#6436);
#3601=VERTEX_POINT('',#6440);
#3602=VERTEX_POINT('',#6442);
#3603=VERTEX_POINT('',#6446);
#3604=VERTEX_POINT('',#6448);
#3605=VERTEX_POINT('',#6452);
#3606=VERTEX_POINT('',#6454);
#3607=VERTEX_POINT('',#6461);
#3608=VERTEX_POINT('',#6462);
#3609=VERTEX_POINT('',#6464);
#3610=VERTEX_POINT('',#6466);
#3611=VERTEX_POINT('',#6468);
#3612=VERTEX_POINT('',#6470);
#3613=VERTEX_POINT('',#6472);
#3614=VERTEX_POINT('',#6474);
#3615=VERTEX_POINT('',#6476);
#3616=VERTEX_POINT('',#6478);
#3617=VERTEX_POINT('',#6480);
#3618=VERTEX_POINT('',#6482);
#3619=VERTEX_POINT('',#6484);
#3620=VERTEX_POINT('',#6486);
#3621=VERTEX_POINT('',#6490);
#3622=VERTEX_POINT('',#6492);
#3623=VERTEX_POINT('',#6494);
#3624=VERTEX_POINT('',#6496);
#3625=VERTEX_POINT('',#6498);
#3626=VERTEX_POINT('',#6500);
#3627=VERTEX_POINT('',#6502);
#3628=VERTEX_POINT('',#6504);
#3629=VERTEX_POINT('',#6508);
#3630=VERTEX_POINT('',#6522);
#3631=VERTEX_POINT('',#6524);
#3632=VERTEX_POINT('',#6527);
#3633=VERTEX_POINT('',#6529);
#3634=VERTEX_POINT('',#6551);
#3635=VERTEX_POINT('',#6552);
#3636=VERTEX_POINT('',#6569);
#3637=VERTEX_POINT('',#6587);
#3638=VERTEX_POINT('',#6595);
#3639=VERTEX_POINT('',#6598);
#3640=VERTEX_POINT('',#6602);
#3641=VERTEX_POINT('',#6606);
#3642=VERTEX_POINT('',#6611);
#3643=VERTEX_POINT('',#6616);
#3644=VERTEX_POINT('',#6620);
#3645=VERTEX_POINT('',#6624);
#3646=VERTEX_POINT('',#6627);
#3647=VERTEX_POINT('',#6637);
#3648=VERTEX_POINT('',#6641);
#3649=VERTEX_POINT('',#6642);
#3650=VERTEX_POINT('',#6659);
#3651=VERTEX_POINT('',#6660);
#3652=VERTEX_POINT('',#6662);
#3653=VERTEX_POINT('',#6664);
#3654=VERTEX_POINT('',#6666);
#3655=VERTEX_POINT('',#6688);
#3656=VERTEX_POINT('',#6694);
#3657=VERTEX_POINT('',#6718);
#3658=VERTEX_POINT('',#6791);
#3659=VERTEX_POINT('',#6793);
#3660=VERTEX_POINT('',#6804);
#3661=VERTEX_POINT('',#6807);
#3662=VERTEX_POINT('',#6811);
#3663=VERTEX_POINT('',#6813);
#3664=VERTEX_POINT('',#6816);
#3665=VERTEX_POINT('',#6819);
#3666=VERTEX_POINT('',#6823);
#3667=VERTEX_POINT('',#6825);
#3668=VERTEX_POINT('',#6827);
#3669=VERTEX_POINT('',#6828);
#3670=VERTEX_POINT('',#6830);
#3671=VERTEX_POINT('',#6832);
#3672=VERTEX_POINT('',#6836);
#3673=VERTEX_POINT('',#6838);
#3674=VERTEX_POINT('',#6842);
#3675=VERTEX_POINT('',#6846);
#3676=VERTEX_POINT('',#6852);
#3677=VERTEX_POINT('',#6853);
#3678=VERTEX_POINT('',#6857);
#3679=VERTEX_POINT('',#6858);
#3680=VERTEX_POINT('',#6875);
#3681=VERTEX_POINT('',#6877);
#3682=VERTEX_POINT('',#6879);
#3683=VERTEX_POINT('',#6883);
#3684=VERTEX_POINT('',#6884);
#3685=VERTEX_POINT('',#6901);
#3686=VERTEX_POINT('',#6903);
#3687=VERTEX_POINT('',#6905);
#3688=VERTEX_POINT('',#6912);
#3689=VERTEX_POINT('',#6913);
#3690=VERTEX_POINT('',#6915);
#3691=VERTEX_POINT('',#6917);
#3692=VERTEX_POINT('',#6927);
#3693=VERTEX_POINT('',#6928);
#3694=VERTEX_POINT('',#6930);
#3695=VERTEX_POINT('',#6932);
#3696=VERTEX_POINT('',#6996);
#3697=VERTEX_POINT('',#6998);
#3698=VERTEX_POINT('',#7027);
#3699=VERTEX_POINT('',#7029);
#3700=VERTEX_POINT('',#7151);
#3701=VERTEX_POINT('',#7152);
#3702=VERTEX_POINT('',#7184);
#3703=VERTEX_POINT('',#7192);
#3704=VERTEX_POINT('',#7363);
#3705=VERTEX_POINT('',#7364);
#3706=VERTEX_POINT('',#7381);
#3707=VERTEX_POINT('',#7383);
#3708=VERTEX_POINT('',#7398);
#3709=VERTEX_POINT('',#7401);
#3710=VERTEX_POINT('',#7409);
#3711=VERTEX_POINT('',#7455);
#3712=VERTEX_POINT('',#7457);
#3713=VERTEX_POINT('',#7458);
#3714=VERTEX_POINT('',#7466);
#3715=VERTEX_POINT('',#7468);
#3716=VERTEX_POINT('',#7478);
#3717=VERTEX_POINT('',#7480);
#3718=VERTEX_POINT('',#7481);
#3719=VERTEX_POINT('',#7484);
#3720=VERTEX_POINT('',#7486);
#3721=VERTEX_POINT('',#7488);
#3722=VERTEX_POINT('',#7490);
#3723=VERTEX_POINT('',#7492);
#3724=VERTEX_POINT('',#7494);
#3725=VERTEX_POINT('',#7499);
#3726=VERTEX_POINT('',#7503);
#3727=VERTEX_POINT('',#7504);
#3728=VERTEX_POINT('',#7516);
#3729=VERTEX_POINT('',#7523);
#3730=VERTEX_POINT('',#7534);
#3731=VERTEX_POINT('',#7535);
#3732=VERTEX_POINT('',#7537);
#3733=VERTEX_POINT('',#7545);
#3734=VERTEX_POINT('',#7546);
#3735=VERTEX_POINT('',#7548);
#3736=VERTEX_POINT('',#7553);
#3737=VERTEX_POINT('',#7554);
#3738=VERTEX_POINT('',#7560);
#3739=VERTEX_POINT('',#7565);
#3740=VERTEX_POINT('',#7567);
#3741=VERTEX_POINT('',#7572);
#3742=VERTEX_POINT('',#7579);
#3743=VERTEX_POINT('',#7585);
#3744=VERTEX_POINT('',#7587);
#3745=VERTEX_POINT('',#7590);
#3746=VERTEX_POINT('',#7592);
#3747=VERTEX_POINT('',#7595);
#3748=VERTEX_POINT('',#7597);
#3749=VERTEX_POINT('',#7600);
#3750=VERTEX_POINT('',#7602);
#3751=VERTEX_POINT('',#7608);
#3752=VERTEX_POINT('',#7609);
#3753=VERTEX_POINT('',#7614);
#3754=VERTEX_POINT('',#7620);
#3755=VERTEX_POINT('',#7625);
#3756=VERTEX_POINT('',#7632);
#3757=VERTEX_POINT('',#7633);
#3758=VERTEX_POINT('',#7635);
#3759=VERTEX_POINT('',#7637);
#3760=VERTEX_POINT('',#7639);
#3761=VERTEX_POINT('',#7641);
#3762=VERTEX_POINT('',#7647);
#3763=VERTEX_POINT('',#7648);
#3764=VERTEX_POINT('',#7658);
#3765=VERTEX_POINT('',#7659);
#3766=VERTEX_POINT('',#7664);
#3767=VERTEX_POINT('',#7669);
#3768=VERTEX_POINT('',#7674);
#3769=VERTEX_POINT('',#7679);
#3770=VERTEX_POINT('',#7684);
#3771=VERTEX_POINT('',#7689);
#3772=VERTEX_POINT('',#7694);
#3773=VERTEX_POINT('',#7717);
#3774=VERTEX_POINT('',#7718);
#3775=VERTEX_POINT('',#7733);
#3776=VERTEX_POINT('',#7744);
#3777=VERTEX_POINT('',#8528);
#3778=VERTEX_POINT('',#8590);
#3779=VERTEX_POINT('',#8596);
#3780=VERTEX_POINT('',#8597);
#3781=VERTEX_POINT('',#8602);
#3782=VERTEX_POINT('',#8627);
#3783=VERTEX_POINT('',#8628);
#3784=VERTEX_POINT('',#8641);
#3785=VERTEX_POINT('',#8648);
#3786=VERTEX_POINT('',#8649);
#3787=VERTEX_POINT('',#8654);
#3788=VERTEX_POINT('',#8667);
#3789=VERTEX_POINT('',#8677);
#3790=VERTEX_POINT('',#8678);
#3791=VERTEX_POINT('',#8689);
#3792=VERTEX_POINT('',#8699);
#3793=VERTEX_POINT('',#8700);
#3794=VERTEX_POINT('',#8705);
#3795=VERTEX_POINT('',#8715);
#3796=VERTEX_POINT('',#8716);
#3797=VERTEX_POINT('',#8730);
#3798=VERTEX_POINT('',#8740);
#3799=VERTEX_POINT('',#8750);
#3800=VERTEX_POINT('',#8751);
#3801=VERTEX_POINT('',#8756);
#3802=VERTEX_POINT('',#8769);
#3803=VERTEX_POINT('',#8779);
#3804=VERTEX_POINT('',#8786);
#3805=VERTEX_POINT('',#8811);
#3806=VERTEX_POINT('',#8812);
#3807=VERTEX_POINT('',#8817);
#3808=VERTEX_POINT('',#8842);
#3809=VERTEX_POINT('',#8843);
#3810=VERTEX_POINT('',#8854);
#3811=VERTEX_POINT('',#8864);
#3812=VERTEX_POINT('',#8871);
#3813=VERTEX_POINT('',#8872);
#3814=VERTEX_POINT('',#8874);
#3815=VERTEX_POINT('',#8913);
#3816=VERTEX_POINT('',#8920);
#3817=VERTEX_POINT('',#9001);
#3818=VERTEX_POINT('',#9006);
#3819=VERTEX_POINT('',#9011);
#3820=VERTEX_POINT('',#9027);
#3821=VERTEX_POINT('',#9032);
#3822=VERTEX_POINT('',#9046);
#3823=VERTEX_POINT('',#9056);
#3824=VERTEX_POINT('',#9057);
#3825=VERTEX_POINT('',#9065);
#3826=VERTEX_POINT('',#9131);
#3827=VERTEX_POINT('',#9141);
#3828=VERTEX_POINT('',#9151);
#3829=VERTEX_POINT('',#9152);
#3830=VERTEX_POINT('',#9157);
#3831=VERTEX_POINT('',#9195);
#3832=VERTEX_POINT('',#9200);
#3833=VERTEX_POINT('',#9205);
#3834=VERTEX_POINT('',#9226);
#3835=VERTEX_POINT('',#9237);
#3836=VERTEX_POINT('',#9295);
#3837=VERTEX_POINT('',#9345);
#3838=VERTEX_POINT('',#9355);
#3839=VERTEX_POINT('',#9360);
#3840=VERTEX_POINT('',#9364);
#3841=VERTEX_POINT('',#9433);
#3842=VERTEX_POINT('',#9438);
#3843=VERTEX_POINT('',#9443);
#3844=VERTEX_POINT('',#9504);
#3845=VERTEX_POINT('',#9511);
#3846=VERTEX_POINT('',#9536);
#3847=VERTEX_POINT('',#9538);
#3848=VERTEX_POINT('',#9552);
#3849=VERTEX_POINT('',#9612);
#3850=VERTEX_POINT('',#9613);
#3851=VERTEX_POINT('',#9618);
#3852=VERTEX_POINT('',#9670);
#3853=VERTEX_POINT('',#9675);
#3854=VERTEX_POINT('',#9697);
#3855=VERTEX_POINT('',#9702);
#3856=VERTEX_POINT('',#9712);
#3857=VERTEX_POINT('',#9741);
#3858=VERTEX_POINT('',#9746);
#3859=VERTEX_POINT('',#9751);
#3860=VERTEX_POINT('',#9782);
#3861=VERTEX_POINT('',#9787);
#3862=VERTEX_POINT('',#9832);
#3863=VERTEX_POINT('',#9834);
#3864=VERTEX_POINT('',#9844);
#3865=VERTEX_POINT('',#9893);
#3866=VERTEX_POINT('',#9894);
#3867=VERTEX_POINT('',#9899);
#3868=VERTEX_POINT('',#9934);
#3869=VERTEX_POINT('',#9939);
#3870=VERTEX_POINT('',#9958);
#3871=VERTEX_POINT('',#9960);
#3872=VERTEX_POINT('',#9967);
#3873=VERTEX_POINT('',#10040);
#3874=VERTEX_POINT('',#10050);
#3875=VERTEX_POINT('',#10060);
#3876=VERTEX_POINT('',#10082);
#3877=VERTEX_POINT('',#10085);
#3878=VERTEX_POINT('',#10088);
#3879=VERTEX_POINT('',#10096);
#3880=VERTEX_POINT('',#10425);
#3881=VERTEX_POINT('',#10428);
#3882=VERTEX_POINT('',#10432);
#3883=VERTEX_POINT('',#10435);
#3884=VERTEX_POINT('',#10439);
#3885=VERTEX_POINT('',#10441);
#3886=VERTEX_POINT('',#10444);
#3887=VERTEX_POINT('',#10447);
#3888=VERTEX_POINT('',#10450);
#3889=VERTEX_POINT('',#10452);
#3890=VERTEX_POINT('',#10455);
#3891=VERTEX_POINT('',#10458);
#3892=VERTEX_POINT('',#10470);
#3893=VERTEX_POINT('',#10473);
#3894=EDGE_CURVE('',#3524,#3525,#4462,.T.);
#3895=EDGE_CURVE('',#3524,#3526,#4463,.T.);
#3896=EDGE_CURVE('',#3527,#3526,#4464,.T.);
#3897=EDGE_CURVE('',#3525,#3527,#4465,.T.);
#3898=EDGE_CURVE('',#3528,#3529,#4466,.T.);
#3899=EDGE_CURVE('',#3530,#3529,#1354,.T.);
#3900=EDGE_CURVE('',#3530,#3531,#4467,.T.);
#3901=EDGE_CURVE('',#3528,#3531,#1355,.T.);
#3902=EDGE_CURVE('',#3532,#3533,#4468,.T.);
#3903=EDGE_CURVE('',#3534,#3532,#4469,.T.);
#3904=EDGE_CURVE('',#3534,#3535,#4470,.T.);
#3905=EDGE_CURVE('',#3533,#3535,#4471,.T.);
#3906=EDGE_CURVE('',#3533,#3526,#4472,.T.);
#3907=EDGE_CURVE('',#3535,#3536,#4473,.T.);
#3908=EDGE_CURVE('',#3527,#3536,#4474,.T.);
#3909=EDGE_CURVE('',#3524,#3530,#4475,.T.);
#3910=EDGE_CURVE('',#3531,#3525,#4476,.T.);
#3911=EDGE_CURVE('',#3532,#3537,#1356,.T.);
#3912=EDGE_CURVE('',#3537,#3538,#4477,.T.);
#3913=EDGE_CURVE('',#3539,#3538,#1357,.T.);
#3914=EDGE_CURVE('',#3539,#3534,#1244,.T.);
#3915=EDGE_CURVE('',#3540,#3541,#1024,.T.);
#3916=EDGE_CURVE('',#3541,#3540,#1025,.T.);
#3917=EDGE_CURVE('',#3542,#3542,#1358,.T.);
#3918=EDGE_CURVE('',#3543,#3543,#1359,.T.);
#3919=EDGE_CURVE('',#3544,#3544,#1360,.T.);
#3920=EDGE_CURVE('',#3545,#3537,#1361,.T.);
#3921=EDGE_CURVE('',#3545,#3546,#4478,.T.);
#3922=EDGE_CURVE('',#3538,#3546,#1362,.T.);
#3923=EDGE_CURVE('',#3546,#3528,#4479,.T.);
#3924=EDGE_CURVE('',#3529,#3545,#4480,.T.);
#3925=EDGE_CURVE('',#3547,#3547,#1363,.T.);
#3926=EDGE_CURVE('',#3548,#3548,#1364,.T.);
#3927=EDGE_CURVE('',#3549,#3549,#1365,.T.);
#3928=EDGE_CURVE('',#3536,#3550,#4481,.T.);
#3929=EDGE_CURVE('',#3550,#3551,#1366,.T.);
#3930=EDGE_CURVE('',#3551,#3552,#4482,.T.);
#3931=EDGE_CURVE('',#3552,#3553,#1367,.T.);
#3932=EDGE_CURVE('',#3553,#3539,#4483,.T.);
#3933=EDGE_CURVE('',#3554,#3554,#1368,.T.);
#3934=EDGE_CURVE('',#3555,#3555,#1369,.T.);
#3935=EDGE_CURVE('',#3552,#3553,#1245,.T.);
#3936=EDGE_CURVE('',#3550,#3551,#1246,.T.);
#3937=EDGE_CURVE('',#3556,#3556,#1370,.T.);
#3938=EDGE_CURVE('',#3557,#3557,#1371,.T.);
#3939=EDGE_CURVE('',#3558,#3558,#1372,.T.);
#3940=EDGE_CURVE('',#3559,#3559,#1373,.T.);
#3941=EDGE_CURVE('',#3560,#3560,#1374,.T.);
#3942=EDGE_CURVE('',#3561,#3561,#1375,.T.);
#3943=EDGE_CURVE('',#3562,#3562,#1376,.T.);
#3944=EDGE_CURVE('',#3563,#3563,#1377,.T.);
#3945=EDGE_CURVE('',#3564,#3564,#1378,.T.);
#3946=EDGE_CURVE('',#3565,#3565,#1379,.T.);
#3947=EDGE_CURVE('',#3566,#3566,#1380,.T.);
#3948=EDGE_CURVE('',#3567,#3567,#1381,.T.);
#3949=EDGE_CURVE('',#3568,#3568,#1382,.T.);
#3950=EDGE_CURVE('',#3569,#3569,#1383,.T.);
#3951=EDGE_CURVE('',#3570,#3571,#4484,.T.);
#3952=EDGE_CURVE('',#3571,#3572,#1384,.T.);
#3953=EDGE_CURVE('',#3572,#3573,#4485,.T.);
#3954=EDGE_CURVE('',#3573,#3574,#1385,.T.);
#3955=EDGE_CURVE('',#3574,#3575,#4486,.T.);
#3956=EDGE_CURVE('',#3570,#3575,#4487,.T.);
#3957=EDGE_CURVE('',#3576,#3577,#4488,.T.);
#3958=EDGE_CURVE('',#3576,#3578,#1386,.T.);
#3959=EDGE_CURVE('',#3578,#3579,#4489,.T.);
#3960=EDGE_CURVE('',#3580,#3579,#4490,.T.);
#3961=EDGE_CURVE('',#3575,#3580,#1387,.T.);
#3962=EDGE_CURVE('',#3581,#3574,#4491,.T.);
#3963=EDGE_CURVE('',#3581,#3577,#1388,.T.);
#3964=EDGE_CURVE('',#3582,#3582,#1389,.T.);
#3965=EDGE_CURVE('',#3583,#3584,#1390,.T.);
#3966=EDGE_CURVE('',#3584,#3585,#4492,.T.);
#3967=EDGE_CURVE('',#3586,#3585,#1391,.T.);
#3968=EDGE_CURVE('',#3586,#3587,#4493,.T.);
#3969=EDGE_CURVE('',#3587,#3588,#1392,.T.);
#3970=EDGE_CURVE('',#3588,#3589,#4494,.T.);
#3971=EDGE_CURVE('',#3590,#3589,#4495,.T.);
#3972=EDGE_CURVE('',#3590,#3591,#4496,.T.);
#3973=EDGE_CURVE('',#3592,#3591,#1393,.T.);
#3974=EDGE_CURVE('',#3579,#3592,#4497,.T.);
#3975=EDGE_CURVE('',#3579,#3583,#4498,.T.);
#3976=EDGE_CURVE('',#3593,#3594,#4499,.T.);
#3977=EDGE_CURVE('',#3595,#3594,#4500,.T.);
#3978=EDGE_CURVE('',#3595,#3596,#4501,.T.);
#3979=EDGE_CURVE('',#3596,#3593,#4502,.T.);
#3980=EDGE_CURVE('',#3597,#3593,#4503,.T.);
#3981=EDGE_CURVE('',#3596,#3598,#4504,.T.);
#3982=EDGE_CURVE('',#3598,#3597,#4505,.T.);
#3983=EDGE_CURVE('',#3599,#3597,#4506,.T.);
#3984=EDGE_CURVE('',#3598,#3600,#4507,.T.);
#3985=EDGE_CURVE('',#3600,#3599,#4508,.T.);
#3986=EDGE_CURVE('',#3601,#3599,#4509,.T.);
#3987=EDGE_CURVE('',#3600,#3602,#4510,.T.);
#3988=EDGE_CURVE('',#3602,#3601,#4511,.T.);
#3989=EDGE_CURVE('',#3603,#3601,#4512,.T.);
#3990=EDGE_CURVE('',#3602,#3604,#4513,.T.);
#3991=EDGE_CURVE('',#3603,#3604,#4514,.T.);
#3992=EDGE_CURVE('',#3605,#3603,#4515,.T.);
#3993=EDGE_CURVE('',#3604,#3606,#4516,.T.);
#3994=EDGE_CURVE('',#3606,#3605,#4517,.T.);
#3995=EDGE_CURVE('',#3594,#3605,#4518,.T.);
#3996=EDGE_CURVE('',#3606,#3595,#4519,.T.);
#3997=EDGE_CURVE('',#3607,#3608,#1394,.T.);
#3998=EDGE_CURVE('',#3609,#3607,#1395,.T.);
#3999=EDGE_CURVE('',#3610,#3609,#1396,.T.);
#4000=EDGE_CURVE('',#3611,#3610,#1397,.T.);
#4001=EDGE_CURVE('',#3612,#3611,#1398,.T.);
#4002=EDGE_CURVE('',#3613,#3612,#1399,.T.);
#4003=EDGE_CURVE('',#3613,#3614,#4520,.T.);
#4004=EDGE_CURVE('',#3615,#3614,#4521,.T.);
#4005=EDGE_CURVE('',#3616,#3615,#4522,.T.);
#4006=EDGE_CURVE('',#3617,#3616,#4523,.T.);
#4007=EDGE_CURVE('',#3618,#3617,#1400,.T.);
#4008=EDGE_CURVE('',#3619,#3618,#4524,.T.);
#4009=EDGE_CURVE('',#3620,#3619,#4525,.T.);
#4010=EDGE_CURVE('',#3608,#3620,#4526,.T.);
#4011=EDGE_CURVE('',#3621,#3581,#4527,.T.);
#4012=EDGE_CURVE('',#3622,#3621,#4528,.T.);
#4013=EDGE_CURVE('',#3623,#3622,#4529,.T.);
#4014=EDGE_CURVE('',#3624,#3623,#4530,.T.);
#4015=EDGE_CURVE('',#3625,#3624,#1401,.T.);
#4016=EDGE_CURVE('',#3626,#3625,#1402,.T.);
#4017=EDGE_CURVE('',#3627,#3626,#1403,.T.);
#4018=EDGE_CURVE('',#3628,#3627,#1404,.T.);
#4019=EDGE_CURVE('',#3577,#3628,#1405,.T.);
#4020=EDGE_CURVE('',#3629,#3589,#4531,.T.);
#4021=EDGE_CURVE('',#3629,#3630,#1026,.T.);
#4022=EDGE_CURVE('',#3630,#3631,#1406,.T.);
#4023=EDGE_CURVE('',#3631,#3607,#4532,.T.);
#4024=EDGE_CURVE('',#3608,#3632,#4533,.T.);
#4025=EDGE_CURVE('',#3633,#3632,#1407,.T.);
#4026=EDGE_CURVE('',#3633,#3589,#4534,.T.);
#4027=EDGE_CURVE('',#3625,#3612,#1027,.T.);
#4028=EDGE_CURVE('',#3624,#3613,#4535,.T.);
#4029=EDGE_CURVE('',#3611,#3626,#4536,.T.);
#4030=EDGE_CURVE('',#3627,#3610,#1028,.T.);
#4031=EDGE_CURVE('',#3609,#3628,#1029,.T.);
#4032=EDGE_CURVE('',#3634,#3635,#4537,.T.);
#4033=EDGE_CURVE('',#3635,#3636,#1030,.T.);
#4034=EDGE_CURVE('',#3636,#3576,#1031,.T.);
#4035=EDGE_CURVE('',#3631,#3637,#4538,.T.);
#4036=EDGE_CURVE('',#3637,#3586,#1247,.T.);
#4037=EDGE_CURVE('',#3585,#3634,#1248,.T.);
#4038=EDGE_CURVE('',#3623,#3614,#4539,.T.);
#4039=EDGE_CURVE('',#3615,#3622,#4540,.T.);
#4040=EDGE_CURVE('',#3638,#3616,#4541,.T.);
#4041=EDGE_CURVE('',#3638,#3571,#4542,.T.);
#4042=EDGE_CURVE('',#3639,#3570,#4543,.T.);
#4043=EDGE_CURVE('',#3617,#3639,#4544,.T.);
#4044=EDGE_CURVE('',#3640,#3639,#1408,.T.);
#4045=EDGE_CURVE('',#3640,#3618,#4545,.T.);
#4046=EDGE_CURVE('',#3641,#3621,#4546,.T.);
#4047=EDGE_CURVE('',#3641,#3638,#4547,.T.);
#4048=EDGE_CURVE('',#3642,#3619,#4548,.T.);
#4049=EDGE_CURVE('',#3642,#3640,#4549,.T.);
#4050=EDGE_CURVE('',#3620,#3590,#4550,.T.);
#4051=EDGE_CURVE('',#3643,#3590,#4551,.T.);
#4052=EDGE_CURVE('',#3632,#3643,#4552,.T.);
#4053=EDGE_CURVE('',#3644,#3642,#4553,.T.);
#4054=EDGE_CURVE('',#3644,#3591,#4554,.T.);
#4055=EDGE_CURVE('',#3645,#3645,#1409,.T.);
#4056=EDGE_CURVE('',#3646,#3592,#4555,.T.);
#4057=EDGE_CURVE('',#3580,#3646,#4556,.T.);
#4058=EDGE_CURVE('',#3646,#3644,#1410,.T.);
#4059=EDGE_CURVE('',#3643,#3633,#4557,.T.);
#4060=EDGE_CURVE('',#3647,#3587,#1249,.T.);
#4061=EDGE_CURVE('',#3647,#3588,#4558,.T.);
#4062=EDGE_CURVE('',#3648,#3649,#4559,.T.);
#4063=EDGE_CURVE('',#3648,#3629,#1032,.T.);
#4064=EDGE_CURVE('',#3649,#3647,#4560,.T.);
#4065=EDGE_CURVE('',#3650,#3651,#4561,.T.);
#4066=EDGE_CURVE('',#3651,#3652,#1411,.T.);
#4067=EDGE_CURVE('',#3653,#3652,#4562,.T.);
#4068=EDGE_CURVE('',#3654,#3653,#4563,.T.);
#4069=EDGE_CURVE('',#3654,#3583,#4564,.T.);
#4070=EDGE_CURVE('',#3578,#3650,#1033,.T.);
#4071=EDGE_CURVE('',#3584,#3654,#1250,.T.);
#4072=EDGE_CURVE('',#3650,#3655,#1412,.T.);
#4073=EDGE_CURVE('',#3655,#3651,#4565,.T.);
#4074=EDGE_CURVE('',#3634,#3653,#4566,.T.);
#4075=EDGE_CURVE('',#3652,#3656,#4567,.T.);
#4076=EDGE_CURVE('',#3656,#3635,#1034,.T.);
#4077=EDGE_CURVE('',#3649,#3637,#4568,.T.);
#4078=EDGE_CURVE('',#3631,#3657,#1035,.T.);
#4079=EDGE_CURVE('',#3657,#3648,#1036,.T.);
#4080=EDGE_CURVE('',#3630,#3657,#1037,.T.);
#4081=EDGE_CURVE('',#3636,#3655,#1038,.T.);
#4082=EDGE_CURVE('',#3655,#3656,#1413,.T.);
#4083=EDGE_CURVE('',#3572,#3658,#4569,.T.);
#4084=EDGE_CURVE('',#3658,#3659,#4570,.T.);
#4085=EDGE_CURVE('',#3659,#3573,#4571,.T.);
#4086=EDGE_CURVE('',#3574,#3641,#4572,.T.);
#4087=EDGE_CURVE('',#3641,#3659,#1251,.T.);
#4088=EDGE_CURVE('',#3638,#3658,#1252,.T.);
#4089=EDGE_CURVE('',#3660,#3660,#1414,.T.);
#4090=EDGE_CURVE('',#3661,#3661,#1415,.T.);
#4091=EDGE_CURVE('',#3662,#3662,#1416,.T.);
#4092=EDGE_CURVE('',#3663,#3663,#1417,.T.);
#4093=EDGE_CURVE('',#3664,#3664,#1418,.T.);
#4094=EDGE_CURVE('',#3665,#3665,#1419,.T.);
#4095=EDGE_CURVE('',#3666,#3666,#1420,.T.);
#4096=EDGE_CURVE('',#3667,#3667,#1421,.T.);
#4097=EDGE_CURVE('',#3668,#3669,#4573,.T.);
#4098=EDGE_CURVE('',#3669,#3670,#4574,.T.);
#4099=EDGE_CURVE('',#3670,#3671,#4575,.T.);
#4100=EDGE_CURVE('',#3671,#3668,#4576,.T.);
#4101=EDGE_CURVE('',#3668,#3672,#4577,.T.);
#4102=EDGE_CURVE('',#3673,#3672,#4578,.T.);
#4103=EDGE_CURVE('',#3669,#3673,#4579,.T.);
#4104=EDGE_CURVE('',#3671,#3674,#4580,.T.);
#4105=EDGE_CURVE('',#3672,#3674,#4581,.T.);
#4106=EDGE_CURVE('',#3670,#3675,#4582,.T.);
#4107=EDGE_CURVE('',#3674,#3675,#4583,.T.);
#4108=EDGE_CURVE('',#3675,#3673,#4584,.T.);
#4109=EDGE_CURVE('',#3676,#3677,#1422,.T.);
#4110=EDGE_CURVE('',#3677,#3676,#1423,.T.);
#4111=EDGE_CURVE('',#3678,#3679,#4585,.T.);
#4112=EDGE_CURVE('',#3678,#3680,#1039,.T.);
#4113=EDGE_CURVE('',#3681,#3680,#1424,.T.);
#4114=EDGE_CURVE('',#3682,#3681,#4586,.T.);
#4115=EDGE_CURVE('',#3682,#3679,#1425,.T.);
#4116=EDGE_CURVE('',#3683,#3684,#1426,.T.);
#4117=EDGE_CURVE('',#3683,#3685,#1040,.T.);
#4118=EDGE_CURVE('',#3686,#3685,#4587,.T.);
#4119=EDGE_CURVE('',#3686,#3687,#1427,.T.);
#4120=EDGE_CURVE('',#3684,#3687,#4588,.T.);
#4121=EDGE_CURVE('',#3680,#3683,#1428,.T.);
#4122=EDGE_CURVE('',#3681,#3684,#1429,.T.);
#4123=EDGE_CURVE('',#3688,#3689,#4589,.T.);
#4124=EDGE_CURVE('',#3689,#3690,#4590,.T.);
#4125=EDGE_CURVE('',#3690,#3691,#1430,.T.);
#4126=EDGE_CURVE('',#3691,#3688,#4591,.T.);
#4127=EDGE_CURVE('',#3684,#3676,#4592,.T.);
#4128=EDGE_CURVE('',#3681,#3677,#4593,.T.);
#4129=EDGE_CURVE('',#3685,#3678,#1431,.T.);
#4130=EDGE_CURVE('',#3679,#3686,#1432,.T.);
#4131=EDGE_CURVE('',#3692,#3693,#4594,.T.);
#4132=EDGE_CURVE('',#3692,#3694,#1433,.T.);
#4133=EDGE_CURVE('',#3694,#3695,#4595,.T.);
#4134=EDGE_CURVE('',#3695,#3693,#1041,.T.);
#4135=EDGE_CURVE('',#3677,#3696,#1042,.T.);
#4136=EDGE_CURVE('',#3696,#3697,#4596,.T.);
#4137=EDGE_CURVE('',#3697,#3695,#1043,.T.);
#4138=EDGE_CURVE('',#3694,#3682,#1044,.T.);
#4139=EDGE_CURVE('',#3693,#3698,#1045,.T.);
#4140=EDGE_CURVE('',#3698,#3699,#4597,.T.);
#4141=EDGE_CURVE('',#3699,#3676,#1046,.T.);
#4142=EDGE_CURVE('',#3687,#3692,#1047,.T.);
#4143=EDGE_CURVE('',#3690,#3677,#1048,.T.);
#4144=EDGE_CURVE('',#3676,#3691,#1049,.T.);
#4145=EDGE_CURVE('',#3679,#3694,#1050,.T.);
#4146=EDGE_CURVE('',#3692,#3686,#1051,.T.);
#4147=EDGE_CURVE('',#3700,#3701,#1052,.T.);
#4148=EDGE_CURVE('',#3701,#3702,#1053,.T.);
#4149=EDGE_CURVE('',#3702,#3703,#1054,.T.);
#4150=EDGE_CURVE('',#3703,#3689,#1055,.T.);
#4151=EDGE_CURVE('',#3688,#3700,#1056,.T.);
#4152=EDGE_CURVE('',#3696,#3690,#1434,.T.);
#4153=EDGE_CURVE('',#3697,#3689,#1058,.T.);
#4154=EDGE_CURVE('',#3691,#3699,#1435,.T.);
#4155=EDGE_CURVE('',#3695,#3703,#1436,.T.);
#4156=EDGE_CURVE('',#3688,#3698,#1059,.T.);
#4157=EDGE_CURVE('',#3700,#3693,#1437,.T.);
#4158=EDGE_CURVE('',#3704,#3705,#1438,.T.);
#4159=EDGE_CURVE('',#3705,#3706,#1060,.T.);
#4160=EDGE_CURVE('',#3706,#3707,#1439,.T.);
#4161=EDGE_CURVE('',#3707,#3704,#1061,.T.);
#4162=EDGE_CURVE('',#3708,#3708,#1440,.T.);
#4163=EDGE_CURVE('',#3709,#3709,#1441,.T.);
#4164=EDGE_CURVE('',#3710,#3710,#1062,.T.);
#4165=EDGE_CURVE('',#3704,#3683,#1442,.T.);
#4166=EDGE_CURVE('',#3685,#3707,#1443,.T.);
#4167=EDGE_CURVE('',#3678,#3706,#1444,.T.);
#4168=EDGE_CURVE('',#3705,#3680,#1445,.T.);
#4169=EDGE_CURVE('',#3711,#3711,#1446,.T.);
#4170=EDGE_CURVE('',#3712,#3713,#1447,.T.);
#4171=EDGE_CURVE('',#3712,#3714,#1063,.T.);
#4172=EDGE_CURVE('',#3714,#3715,#1253,.T.);
#4173=EDGE_CURVE('',#3715,#3713,#1064,.T.);
#4174=EDGE_CURVE('',#3716,#3716,#1448,.T.);
#4175=EDGE_CURVE('',#3717,#3718,#1449,.T.);
#4176=EDGE_CURVE('',#3717,#3712,#4598,.T.);
#4177=EDGE_CURVE('',#3713,#3719,#4599,.T.);
#4178=EDGE_CURVE('',#3720,#3719,#1450,.T.);
#4179=EDGE_CURVE('',#3720,#3721,#4600,.T.);
#4180=EDGE_CURVE('',#3721,#3722,#1451,.T.);
#4181=EDGE_CURVE('',#3722,#3723,#4601,.T.);
#4182=EDGE_CURVE('',#3724,#3723,#1452,.T.);
#4183=EDGE_CURVE('',#3724,#3725,#1065,.T.);
#4184=EDGE_CURVE('',#3718,#3725,#4602,.T.);
#4185=EDGE_CURVE('',#3726,#3727,#1254,.T.);
#4186=EDGE_CURVE('',#3727,#3717,#1066,.T.);
#4187=EDGE_CURVE('',#3728,#3718,#4603,.T.);
#4188=EDGE_CURVE('',#3728,#3729,#1067,.T.);
#4189=EDGE_CURVE('',#3729,#3720,#4604,.T.);
#4190=EDGE_CURVE('',#3719,#3726,#1068,.T.);
#4191=EDGE_CURVE('',#3730,#3731,#4605,.T.);
#4192=EDGE_CURVE('',#3730,#3732,#4606,.T.);
#4193=EDGE_CURVE('',#3721,#3732,#4607,.T.);
#4194=EDGE_CURVE('',#3729,#3731,#4608,.T.);
#4195=EDGE_CURVE('',#3733,#3734,#1069,.T.);
#4196=EDGE_CURVE('',#3735,#3734,#4609,.T.);
#4197=EDGE_CURVE('',#3735,#3728,#4610,.T.);
#4198=EDGE_CURVE('',#3725,#3733,#4611,.T.);
#4199=EDGE_CURVE('',#3736,#3737,#4612,.T.);
#4200=EDGE_CURVE('',#3736,#3730,#1453,.T.);
#4201=EDGE_CURVE('',#3738,#3731,#1070,.T.);
#4202=EDGE_CURVE('',#3738,#3739,#1071,.T.);
#4203=EDGE_CURVE('',#3740,#3739,#1454,.T.);
#4204=EDGE_CURVE('',#3740,#3741,#1072,.T.);
#4205=EDGE_CURVE('',#3741,#3735,#1073,.T.);
#4206=EDGE_CURVE('',#3724,#3734,#4613,.T.);
#4207=EDGE_CURVE('',#3723,#3742,#4614,.T.);
#4208=EDGE_CURVE('',#3742,#3737,#1255,.T.);
#4209=EDGE_CURVE('',#3742,#3722,#4615,.T.);
#4210=EDGE_CURVE('',#3743,#3743,#1455,.T.);
#4211=EDGE_CURVE('',#3744,#3744,#1456,.T.);
#4212=EDGE_CURVE('',#3745,#3745,#1457,.T.);
#4213=EDGE_CURVE('',#3746,#3746,#1458,.T.);
#4214=EDGE_CURVE('',#3747,#3747,#1459,.T.);
#4215=EDGE_CURVE('',#3748,#3748,#1460,.T.);
#4216=EDGE_CURVE('',#3749,#3749,#1461,.T.);
#4217=EDGE_CURVE('',#3750,#3750,#1462,.T.);
#4218=EDGE_CURVE('',#3751,#3752,#1074,.T.);
#4219=EDGE_CURVE('',#3752,#3753,#1075,.T.);
#4220=EDGE_CURVE('',#3753,#3751,#1076,.T.);
#4221=EDGE_CURVE('',#3754,#3754,#1463,.T.);
#4222=EDGE_CURVE('',#3737,#3742,#1256,.T.);
#4223=EDGE_CURVE('',#3755,#3755,#1464,.T.);
#4224=EDGE_CURVE('',#3714,#3727,#4616,.T.);
#4225=EDGE_CURVE('',#3726,#3715,#4617,.T.);
#4226=EDGE_CURVE('',#3756,#3757,#1465,.T.);
#4227=EDGE_CURVE('',#3757,#3758,#1466,.T.);
#4228=EDGE_CURVE('',#3758,#3759,#1467,.T.);
#4229=EDGE_CURVE('',#3759,#3760,#1468,.T.);
#4230=EDGE_CURVE('',#3760,#3761,#1469,.T.);
#4231=EDGE_CURVE('',#3761,#3756,#1470,.T.);
#4232=EDGE_CURVE('',#3762,#3763,#1077,.T.);
#4233=EDGE_CURVE('',#3763,#3762,#1078,.T.);
#4234=EDGE_CURVE('',#3764,#3765,#1079,.T.);
#4235=EDGE_CURVE('',#3766,#3764,#1080,.T.);
#4236=EDGE_CURVE('',#3767,#3766,#1081,.T.);
#4237=EDGE_CURVE('',#3768,#3767,#1082,.T.);
#4238=EDGE_CURVE('',#3769,#3768,#1083,.T.);
#4239=EDGE_CURVE('',#3770,#3769,#1084,.T.);
#4240=EDGE_CURVE('',#3771,#3770,#1085,.T.);
#4241=EDGE_CURVE('',#3772,#3771,#1086,.T.);
#4242=EDGE_CURVE('',#3765,#3772,#1087,.T.);
#4243=EDGE_CURVE('',#3773,#3774,#1088,.T.);
#4244=EDGE_CURVE('',#3775,#3773,#1089,.T.);
#4245=EDGE_CURVE('',#3776,#3775,#1090,.T.);
#4246=EDGE_CURVE('',#3774,#3776,#1091,.T.);
#4247=EDGE_CURVE('',#3739,#3740,#1092,.T.);
#4248=EDGE_CURVE('',#3777,#3777,#1471,.T.);
#4249=EDGE_CURVE('',#3778,#3778,#1093,.T.);
#4250=EDGE_CURVE('',#3779,#3780,#1094,.T.);
#4251=EDGE_CURVE('',#3781,#3780,#1095,.T.);
#4252=EDGE_CURVE('',#3779,#3781,#1096,.T.);
#4253=EDGE_CURVE('',#3782,#3783,#1097,.T.);
#4254=EDGE_CURVE('',#3780,#3783,#4618,.T.);
#4255=EDGE_CURVE('',#3782,#3779,#1098,.T.);
#4256=EDGE_CURVE('',#3782,#3783,#1257,.T.);
#4257=EDGE_CURVE('',#3784,#3782,#1099,.T.);
#4258=EDGE_CURVE('',#3783,#3784,#1258,.T.);
#4259=EDGE_CURVE('',#3785,#3786,#1100,.T.);
#4260=EDGE_CURVE('',#3787,#3785,#1101,.T.);
#4261=EDGE_CURVE('',#3787,#3786,#1102,.T.);
#4262=EDGE_CURVE('',#3787,#3788,#1103,.T.);
#4263=EDGE_CURVE('',#3786,#3788,#1104,.T.);
#4264=EDGE_CURVE('',#3789,#3790,#1105,.T.);
#4265=EDGE_CURVE('',#3788,#3790,#4619,.T.);
#4266=EDGE_CURVE('',#3789,#3787,#1106,.T.);
#4267=EDGE_CURVE('',#3791,#3789,#1107,.T.);
#4268=EDGE_CURVE('',#3790,#3791,#1108,.T.);
#4269=EDGE_CURVE('',#3792,#3793,#1109,.T.);
#4270=EDGE_CURVE('',#3794,#3792,#1110,.T.);
#4271=EDGE_CURVE('',#3794,#3793,#1111,.T.);
#4272=EDGE_CURVE('',#3795,#3796,#1112,.T.);
#4273=EDGE_CURVE('',#3793,#3796,#4620,.T.);
#4274=EDGE_CURVE('',#3795,#3794,#1113,.T.);
#4275=EDGE_CURVE('',#3795,#3797,#1114,.T.);
#4276=EDGE_CURVE('',#3796,#3797,#1115,.T.);
#4277=EDGE_CURVE('',#3798,#3795,#1116,.T.);
#4278=EDGE_CURVE('',#3797,#3798,#1117,.T.);
#4279=EDGE_CURVE('',#3799,#3800,#1118,.T.);
#4280=EDGE_CURVE('',#3801,#3799,#1119,.T.);
#4281=EDGE_CURVE('',#3801,#3800,#1120,.T.);
#4282=EDGE_CURVE('',#3801,#3802,#1121,.T.);
#4283=EDGE_CURVE('',#3800,#3802,#1122,.T.);
#4284=EDGE_CURVE('',#3803,#3801,#1123,.T.);
#4285=EDGE_CURVE('',#3802,#3803,#4621,.T.);
#4286=EDGE_CURVE('',#3804,#3803,#1124,.T.);
#4287=EDGE_CURVE('',#3803,#3804,#1125,.T.);
#4288=EDGE_CURVE('',#3805,#3806,#1126,.T.);
#4289=EDGE_CURVE('',#3807,#3806,#1127,.T.);
#4290=EDGE_CURVE('',#3805,#3807,#1128,.T.);
#4291=EDGE_CURVE('',#3808,#3809,#1129,.T.);
#4292=EDGE_CURVE('',#3806,#3809,#4622,.T.);
#4293=EDGE_CURVE('',#3808,#3805,#1130,.T.);
#4294=EDGE_CURVE('',#3808,#3810,#1131,.T.);
#4295=EDGE_CURVE('',#3809,#3810,#1132,.T.);
#4296=EDGE_CURVE('',#3811,#3808,#1133,.T.);
#4297=EDGE_CURVE('',#3810,#3811,#1134,.T.);
#4298=EDGE_CURVE('',#3812,#3813,#1259,.T.);
#4299=EDGE_CURVE('',#3814,#3813,#1260,.T.);
#4300=EDGE_CURVE('',#3812,#3814,#1135,.T.);
#4301=EDGE_CURVE('',#3812,#3813,#1136,.T.);
#4302=EDGE_CURVE('',#3815,#3812,#1137,.T.);
#4303=EDGE_CURVE('',#3813,#3815,#4623,.T.);
#4304=EDGE_CURVE('',#3816,#3815,#1138,.T.);
#4305=EDGE_CURVE('',#3815,#3816,#1139,.T.);
#4306=EDGE_CURVE('',#3817,#3771,#1140,.T.);
#4307=EDGE_CURVE('',#3818,#3817,#1141,.T.);
#4308=EDGE_CURVE('',#3818,#3819,#1142,.T.);
#4309=EDGE_CURVE('',#3771,#3819,#1143,.T.);
#4310=EDGE_CURVE('',#3790,#3818,#4624,.T.);
#4311=EDGE_CURVE('',#3819,#3791,#1144,.T.);
#4312=EDGE_CURVE('',#3820,#3789,#1145,.T.);
#4313=EDGE_CURVE('',#3820,#3821,#1146,.T.);
#4314=EDGE_CURVE('',#3822,#3821,#1147,.T.);
#4315=EDGE_CURVE('',#3791,#3822,#1148,.T.);
#4316=EDGE_CURVE('',#3823,#3824,#1149,.T.);
#4317=EDGE_CURVE('',#3821,#3824,#1472,.T.);
#4318=EDGE_CURVE('',#3823,#3820,#1473,.T.);
#4319=EDGE_CURVE('',#3825,#3781,#1150,.T.);
#4320=EDGE_CURVE('',#3824,#3825,#1151,.T.);
#4321=EDGE_CURVE('',#3779,#3823,#1152,.T.);
#4322=EDGE_CURVE('',#3781,#3770,#1153,.T.);
#4323=EDGE_CURVE('',#3826,#3780,#4625,.T.);
#4324=EDGE_CURVE('',#3826,#3770,#1154,.T.);
#4325=EDGE_CURVE('',#3770,#3827,#1155,.T.);
#4326=EDGE_CURVE('',#3827,#3826,#1156,.T.);
#4327=EDGE_CURVE('',#3828,#3829,#1157,.T.);
#4328=EDGE_CURVE('',#3830,#3829,#1158,.T.);
#4329=EDGE_CURVE('',#3772,#3830,#1159,.T.);
#4330=EDGE_CURVE('',#3828,#3772,#1160,.T.);
#4331=EDGE_CURVE('',#3792,#3828,#1161,.T.);
#4332=EDGE_CURVE('',#3829,#3793,#4626,.T.);
#4333=EDGE_CURVE('',#3831,#3792,#1162,.T.);
#4334=EDGE_CURVE('',#3832,#3831,#1163,.T.);
#4335=EDGE_CURVE('',#3832,#3833,#1164,.T.);
#4336=EDGE_CURVE('',#3794,#3833,#1165,.T.);
#4337=EDGE_CURVE('',#3834,#3833,#1166,.T.);
#4338=EDGE_CURVE('',#3834,#3832,#1474,.T.);
#4339=EDGE_CURVE('',#3833,#3803,#1167,.T.);
#4340=EDGE_CURVE('',#3835,#3834,#1168,.T.);
#4341=EDGE_CURVE('',#3804,#3835,#1169,.T.);
#4342=EDGE_CURVE('',#3803,#3836,#4627,.T.);
#4343=EDGE_CURVE('',#3765,#3804,#1170,.T.);
#4344=EDGE_CURVE('',#3765,#3836,#1171,.T.);
#4345=EDGE_CURVE('',#3837,#3765,#1172,.T.);
#4346=EDGE_CURVE('',#3836,#3837,#1173,.T.);
#4347=EDGE_CURVE('',#3838,#3768,#1174,.T.);
#4348=EDGE_CURVE('',#3839,#3838,#1175,.T.);
#4349=EDGE_CURVE('',#3839,#3840,#85,.T.);
#4350=EDGE_CURVE('',#3769,#3840,#1176,.T.);
#4351=EDGE_CURVE('',#3815,#3839,#4628,.T.);
#4352=EDGE_CURVE('',#3840,#3816,#1177,.T.);
#4353=EDGE_CURVE('',#3841,#3815,#1178,.T.);
#4354=EDGE_CURVE('',#3841,#3842,#1179,.T.);
#4355=EDGE_CURVE('',#3843,#3842,#1180,.T.);
#4356=EDGE_CURVE('',#3816,#3843,#1181,.T.);
#4357=EDGE_CURVE('',#3841,#3844,#1182,.T.);
#4358=EDGE_CURVE('',#3842,#3844,#1475,.T.);
#4359=EDGE_CURVE('',#3845,#3807,#1183,.T.);
#4360=EDGE_CURVE('',#3844,#3845,#1184,.T.);
#4361=EDGE_CURVE('',#3805,#3841,#1185,.T.);
#4362=EDGE_CURVE('',#3807,#3846,#1186,.T.);
#4363=EDGE_CURVE('',#3847,#3806,#4629,.T.);
#4364=EDGE_CURVE('',#3847,#3846,#1187,.T.);
#4365=EDGE_CURVE('',#3846,#3766,#1188,.T.);
#4366=EDGE_CURVE('',#3848,#3847,#1189,.T.);
#4367=EDGE_CURVE('',#3767,#3848,#1190,.T.);
#4368=EDGE_CURVE('',#3849,#3850,#1476,.T.);
#4369=EDGE_CURVE('',#3851,#3850,#1191,.T.);
#4370=EDGE_CURVE('',#3759,#3851,#1192,.T.);
#4371=EDGE_CURVE('',#3849,#3759,#1193,.T.);
#4372=EDGE_CURVE('',#3799,#3849,#4630,.T.);
#4373=EDGE_CURVE('',#3850,#3800,#4631,.T.);
#4374=EDGE_CURVE('',#3801,#3852,#1194,.T.);
#4375=EDGE_CURVE('',#3853,#3799,#1195,.T.);
#4376=EDGE_CURVE('',#3853,#3852,#1196,.T.);
#4377=EDGE_CURVE('',#3798,#3853,#1197,.T.);
#4378=EDGE_CURVE('',#3852,#3795,#1198,.T.);
#4379=EDGE_CURVE('',#3797,#3854,#1199,.T.);
#4380=EDGE_CURVE('',#3855,#3798,#1200,.T.);
#4381=EDGE_CURVE('',#3855,#3854,#1201,.T.);
#4382=EDGE_CURVE('',#3856,#3760,#1202,.T.);
#4383=EDGE_CURVE('',#3854,#3856,#1203,.T.);
#4384=EDGE_CURVE('',#3760,#3855,#1204,.T.);
#4385=EDGE_CURVE('',#3857,#3758,#1205,.T.);
#4386=EDGE_CURVE('',#3858,#3857,#1206,.T.);
#4387=EDGE_CURVE('',#3858,#3859,#1207,.T.);
#4388=EDGE_CURVE('',#3758,#3859,#1208,.T.);
#4389=EDGE_CURVE('',#3810,#3858,#1209,.T.);
#4390=EDGE_CURVE('',#3859,#3811,#4632,.T.);
#4391=EDGE_CURVE('',#3811,#3860,#1210,.T.);
#4392=EDGE_CURVE('',#3861,#3808,#1211,.T.);
#4393=EDGE_CURVE('',#3861,#3860,#1212,.T.);
#4394=EDGE_CURVE('',#3812,#3861,#1213,.T.);
#4395=EDGE_CURVE('',#3860,#3814,#1214,.T.);
#4396=EDGE_CURVE('',#3814,#3862,#1215,.T.);
#4397=EDGE_CURVE('',#3863,#3813,#4633,.T.);
#4398=EDGE_CURVE('',#3863,#3862,#1216,.T.);
#4399=EDGE_CURVE('',#3757,#3864,#1217,.T.);
#4400=EDGE_CURVE('',#3862,#3757,#1218,.T.);
#4401=EDGE_CURVE('',#3864,#3863,#1219,.T.);
#4402=EDGE_CURVE('',#3865,#3866,#1220,.T.);
#4403=EDGE_CURVE('',#3867,#3866,#1221,.T.);
#4404=EDGE_CURVE('',#3761,#3867,#1222,.T.);
#4405=EDGE_CURVE('',#3865,#3761,#1223,.T.);
#4406=EDGE_CURVE('',#3785,#3865,#4634,.T.);
#4407=EDGE_CURVE('',#3866,#3786,#1224,.T.);
#4408=EDGE_CURVE('',#3787,#3868,#1225,.T.);
#4409=EDGE_CURVE('',#3869,#3785,#1226,.T.);
#4410=EDGE_CURVE('',#3869,#3868,#1227,.T.);
#4411=EDGE_CURVE('',#3784,#3869,#1228,.T.);
#4412=EDGE_CURVE('',#3868,#3782,#1229,.T.);
#4413=EDGE_CURVE('',#3783,#3870,#4635,.T.);
#4414=EDGE_CURVE('',#3871,#3784,#4636,.T.);
#4415=EDGE_CURVE('',#3871,#3870,#1477,.T.);
#4416=EDGE_CURVE('',#3872,#3756,#1230,.T.);
#4417=EDGE_CURVE('',#3870,#3872,#1231,.T.);
#4418=EDGE_CURVE('',#3756,#3871,#1232,.T.);
#4419=EDGE_CURVE('',#3830,#3856,#4637,.T.);
#4420=EDGE_CURVE('',#3854,#3829,#4638,.T.);
#4421=EDGE_CURVE('',#3848,#3857,#4639,.T.);
#4422=EDGE_CURVE('',#3858,#3847,#4640,.T.);
#4423=EDGE_CURVE('',#3836,#3850,#4641,.T.);
#4424=EDGE_CURVE('',#3851,#3837,#4642,.T.);
#4425=EDGE_CURVE('',#3839,#3863,#4643,.T.);
#4426=EDGE_CURVE('',#3864,#3838,#4644,.T.);
#4427=EDGE_CURVE('',#3827,#3872,#4645,.T.);
#4428=EDGE_CURVE('',#3870,#3826,#4646,.T.);
#4429=EDGE_CURVE('',#3818,#3866,#1233,.T.);
#4430=EDGE_CURVE('',#3867,#3817,#1234,.T.);
#4431=EDGE_CURVE('',#3873,#3833,#1235,.T.);
#4432=EDGE_CURVE('',#3852,#3873,#1236,.T.);
#4433=EDGE_CURVE('',#3874,#3868,#1237,.T.);
#4434=EDGE_CURVE('',#3820,#3874,#1238,.T.);
#4435=EDGE_CURVE('',#3875,#3841,#1239,.T.);
#4436=EDGE_CURVE('',#3861,#3875,#1240,.T.);
#4437=EDGE_CURVE('',#3874,#3823,#1241,.T.);
#4438=EDGE_CURVE('',#3833,#3873,#1242,.T.);
#4439=EDGE_CURVE('',#3841,#3875,#1243,.T.);
#4440=EDGE_CURVE('',#3876,#3876,#1478,.T.);
#4441=EDGE_CURVE('',#3877,#3877,#1479,.T.);
#4442=EDGE_CURVE('',#3878,#3878,#1480,.T.);
#4443=EDGE_CURVE('',#3845,#3835,#1481,.T.);
#4444=EDGE_CURVE('',#3831,#3822,#1482,.T.);
#4445=EDGE_CURVE('',#3825,#3843,#1483,.T.);
#4446=EDGE_CURVE('',#3879,#3879,#1484,.T.);
#4447=EDGE_CURVE('',#3880,#3880,#1485,.T.);
#4448=EDGE_CURVE('',#3881,#3881,#1486,.T.);
#4449=EDGE_CURVE('',#3882,#3882,#1487,.T.);
#4450=EDGE_CURVE('',#3883,#3883,#1488,.T.);
#4451=EDGE_CURVE('',#3884,#3884,#1489,.T.);
#4452=EDGE_CURVE('',#3885,#3885,#1490,.T.);
#4453=EDGE_CURVE('',#3886,#3886,#1491,.T.);
#4454=EDGE_CURVE('',#3887,#3887,#1492,.T.);
#4455=EDGE_CURVE('',#3888,#3888,#1493,.T.);
#4456=EDGE_CURVE('',#3889,#3889,#1494,.T.);
#4457=EDGE_CURVE('',#3890,#3890,#1495,.T.);
#4458=EDGE_CURVE('',#3891,#3891,#1496,.T.);
#4459=EDGE_CURVE('',#3736,#3732,#1497,.T.);
#4460=EDGE_CURVE('',#3892,#3892,#1498,.T.);
#4461=EDGE_CURVE('',#3893,#3893,#1499,.T.);
#4462=LINE('',#6223,#4647);
#4463=LINE('',#6226,#4648);
#4464=LINE('',#6228,#4649);
#4465=LINE('',#6230,#4650);
#4466=LINE('',#6232,#4651);
#4467=LINE('',#6237,#4652);
#4468=LINE('',#6241,#4653);
#4469=LINE('',#6244,#4654);
#4470=LINE('',#6246,#4655);
#4471=LINE('',#6248,#4656);
#4472=LINE('',#6250,#4657);
#4473=LINE('',#6251,#4658);
#4474=LINE('',#6253,#4659);
#4475=LINE('',#6255,#4660);
#4476=LINE('',#6256,#4661);
#4477=LINE('',#6260,#4662);
#4478=LINE('',#6288,#4663);
#4479=LINE('',#6292,#4664);
#4480=LINE('',#6293,#4665);
#4481=LINE('',#6303,#4666);
#4482=LINE('',#6307,#4667);
#4483=LINE('',#6311,#4668);
#4484=LINE('',#6367,#4669);
#4485=LINE('',#6372,#4670);
#4486=LINE('',#6376,#4671);
#4487=LINE('',#6378,#4672);
#4488=LINE('',#6380,#4673);
#4489=LINE('',#6385,#4674);
#4490=LINE('',#6387,#4675);
#4491=LINE('',#6390,#4676);
#4492=LINE('',#6399,#4677);
#4493=LINE('',#6403,#4678);
#4494=LINE('',#6407,#4679);
#4495=LINE('',#6409,#4680);
#4496=LINE('',#6411,#4681);
#4497=LINE('',#6415,#4682);
#4498=LINE('',#6416,#4683);
#4499=LINE('',#6418,#4684);
#4500=LINE('',#6421,#4685);
#4501=LINE('',#6423,#4686);
#4502=LINE('',#6425,#4687);
#4503=LINE('',#6427,#4688);
#4504=LINE('',#6429,#4689);
#4505=LINE('',#6431,#4690);
#4506=LINE('',#6433,#4691);
#4507=LINE('',#6435,#4692);
#4508=LINE('',#6437,#4693);
#4509=LINE('',#6439,#4694);
#4510=LINE('',#6441,#4695);
#4511=LINE('',#6443,#4696);
#4512=LINE('',#6445,#4697);
#4513=LINE('',#6447,#4698);
#4514=LINE('',#6449,#4699);
#4515=LINE('',#6451,#4700);
#4516=LINE('',#6453,#4701);
#4517=LINE('',#6455,#4702);
#4518=LINE('',#6457,#4703);
#4519=LINE('',#6458,#4704);
#4520=LINE('',#6473,#4705);
#4521=LINE('',#6475,#4706);
#4522=LINE('',#6477,#4707);
#4523=LINE('',#6479,#4708);
#4524=LINE('',#6483,#4709);
#4525=LINE('',#6485,#4710);
#4526=LINE('',#6487,#4711);
#4527=LINE('',#6489,#4712);
#4528=LINE('',#6491,#4713);
#4529=LINE('',#6493,#4714);
#4530=LINE('',#6495,#4715);
#4531=LINE('',#6507,#4716);
#4532=LINE('',#6525,#4717);
#4533=LINE('',#6526,#4718);
#4534=LINE('',#6530,#4719);
#4535=LINE('',#6536,#4720);
#4536=LINE('',#6538,#4721);
#4537=LINE('',#6550,#4722);
#4538=LINE('',#6586,#4723);
#4539=LINE('',#6591,#4724);
#4540=LINE('',#6592,#4725);
#4541=LINE('',#6594,#4726);
#4542=LINE('',#6596,#4727);
#4543=LINE('',#6597,#4728);
#4544=LINE('',#6599,#4729);
#4545=LINE('',#6603,#4730);
#4546=LINE('',#6605,#4731);
#4547=LINE('',#6607,#4732);
#4548=LINE('',#6610,#4733);
#4549=LINE('',#6612,#4734);
#4550=LINE('',#6614,#4735);
#4551=LINE('',#6615,#4736);
#4552=LINE('',#6617,#4737);
#4553=LINE('',#6619,#4738);
#4554=LINE('',#6621,#4739);
#4555=LINE('',#6626,#4740);
#4556=LINE('',#6628,#4741);
#4557=LINE('',#6633,#4742);
#4558=LINE('',#6638,#4743);
#4559=LINE('',#6640,#4744);
#4560=LINE('',#6656,#4745);
#4561=LINE('',#6658,#4746);
#4562=LINE('',#6663,#4747);
#4563=LINE('',#6665,#4748);
#4564=LINE('',#6667,#4749);
#4565=LINE('',#6689,#4750);
#4566=LINE('',#6691,#4751);
#4567=LINE('',#6693,#4752);
#4568=LINE('',#6700,#4753);
#4569=LINE('',#6790,#4754);
#4570=LINE('',#6792,#4755);
#4571=LINE('',#6794,#4756);
#4572=LINE('',#6796,#4757);
#4573=LINE('',#6826,#4758);
#4574=LINE('',#6829,#4759);
#4575=LINE('',#6831,#4760);
#4576=LINE('',#6833,#4761);
#4577=LINE('',#6835,#4762);
#4578=LINE('',#6837,#4763);
#4579=LINE('',#6839,#4764);
#4580=LINE('',#6841,#4765);
#4581=LINE('',#6843,#4766);
#4582=LINE('',#6845,#4767);
#4583=LINE('',#6847,#4768);
#4584=LINE('',#6849,#4769);
#4585=LINE('',#6856,#4770);
#4586=LINE('',#6878,#4771);
#4587=LINE('',#6902,#4772);
#4588=LINE('',#6906,#4773);
#4589=LINE('',#6911,#4774);
#4590=LINE('',#6914,#4775);
#4591=LINE('',#6918,#4776);
#4592=LINE('',#6920,#4777);
#4593=LINE('',#6921,#4778);
#4594=LINE('',#6926,#4779);
#4595=LINE('',#6931,#4780);
#4596=LINE('',#6997,#4781);
#4597=LINE('',#7028,#4782);
#4598=LINE('',#7482,#4784);
#4599=LINE('',#7483,#4785);
#4600=LINE('',#7487,#4786);
#4601=LINE('',#7491,#4787);
#4602=LINE('',#7500,#4788);
#4603=LINE('',#7515,#4789);
#4604=LINE('',#7524,#4790);
#4605=LINE('',#7533,#4791);
#4606=LINE('',#7536,#4792);
#4607=LINE('',#7538,#4793);
#4608=LINE('',#7539,#4794);
#4609=LINE('',#7547,#4795);
#4610=LINE('',#7549,#4796);
#4611=LINE('',#7550,#4797);
#4612=LINE('',#7552,#4798);
#4613=LINE('',#7577,#4799);
#4614=LINE('',#7578,#4800);
#4615=LINE('',#7582,#4801);
#4616=LINE('',#7627,#4802);
#4617=LINE('',#7628,#4803);
#4618=LINE('',#8629,#4804);
#4619=LINE('',#8679,#4805);
#4620=LINE('',#8717,#4806);
#4621=LINE('',#8780,#4807);
#4622=LINE('',#8844,#4808);
#4623=LINE('',#8914,#4809);
#4624=LINE('',#9017,#4810);
#4625=LINE('',#9130,#4811);
#4626=LINE('',#9189,#4812);
#4627=LINE('',#9294,#4813);
#4628=LINE('',#9423,#4814);
#4629=LINE('',#9537,#4815);
#4630=LINE('',#9663,#4816);
#4631=LINE('',#9664,#4817);
#4632=LINE('',#9776,#4818);
#4633=LINE('',#9833,#4819);
#4634=LINE('',#9924,#4820);
#4635=LINE('',#9957,#4821);
#4636=LINE('',#9959,#4822);
#4637=LINE('',#10012,#4823);
#4638=LINE('',#10013,#4824);
#4639=LINE('',#10015,#4825);
#4640=LINE('',#10016,#4826);
#4641=LINE('',#10018,#4827);
#4642=LINE('',#10019,#4828);
#4643=LINE('',#10021,#4829);
#4644=LINE('',#10022,#4830);
#4645=LINE('',#10024,#4831);
#4646=LINE('',#10025,#4832);
#4647=VECTOR('',#5236,1.);
#4648=VECTOR('',#5237,1.);
#4649=VECTOR('',#5238,1.);
#4650=VECTOR('',#5239,1.);
#4651=VECTOR('',#5242,1.);
#4652=VECTOR('',#5245,1.);
#4653=VECTOR('',#5250,1.);
#4654=VECTOR('',#5251,1.);
#4655=VECTOR('',#5252,1.);
#4656=VECTOR('',#5253,1.);
#4657=VECTOR('',#5256,1.);
#4658=VECTOR('',#5257,1.);
#4659=VECTOR('',#5258,1.);
#4660=VECTOR('',#5261,1.);
#4661=VECTOR('',#5262,1.);
#4662=VECTOR('',#5267,1.);
#4663=VECTOR('',#5286,1.);
#4664=VECTOR('',#5291,1.);
#4665=VECTOR('',#5292,1.);
#4666=VECTOR('',#5305,1.);
#4667=VECTOR('',#5308,1.);
#4668=VECTOR('',#5311,1.);
#4669=VECTOR('',#5390,1.);
#4670=VECTOR('',#5393,1.);
#4671=VECTOR('',#5396,1.);
#4672=VECTOR('',#5397,1.);
#4673=VECTOR('',#5400,1.);
#4674=VECTOR('',#5403,1.);
#4675=VECTOR('',#5404,1.);
#4676=VECTOR('',#5407,1.);
#4677=VECTOR('',#5416,1.);
#4678=VECTOR('',#5419,1.);
#4679=VECTOR('',#5422,1.);
#4680=VECTOR('',#5423,1.);
#4681=VECTOR('',#5424,1.);
#4682=VECTOR('',#5427,1.);
#4683=VECTOR('',#5428,1.);
#4684=VECTOR('',#5431,1.);
#4685=VECTOR('',#5432,1.);
#4686=VECTOR('',#5433,1.);
#4687=VECTOR('',#5434,1.);
#4688=VECTOR('',#5437,1.);
#4689=VECTOR('',#5438,1.);
#4690=VECTOR('',#5439,1.);
#4691=VECTOR('',#5442,1.);
#4692=VECTOR('',#5443,1.);
#4693=VECTOR('',#5444,1.);
#4694=VECTOR('',#5447,1.);
#4695=VECTOR('',#5448,1.);
#4696=VECTOR('',#5449,1.);
#4697=VECTOR('',#5452,1.);
#4698=VECTOR('',#5453,1.);
#4699=VECTOR('',#5454,1.);
#4700=VECTOR('',#5457,1.);
#4701=VECTOR('',#5458,1.);
#4702=VECTOR('',#5459,1.);
#4703=VECTOR('',#5462,1.);
#4704=VECTOR('',#5463,1.);
#4705=VECTOR('',#5478,1.);
#4706=VECTOR('',#5479,1.);
#4707=VECTOR('',#5480,1.);
#4708=VECTOR('',#5481,1.);
#4709=VECTOR('',#5484,1.);
#4710=VECTOR('',#5485,1.);
#4711=VECTOR('',#5486,1.);
#4712=VECTOR('',#5489,1.);
#4713=VECTOR('',#5490,1.);
#4714=VECTOR('',#5491,1.);
#4715=VECTOR('',#5492,1.);
#4716=VECTOR('',#5505,1.);
#4717=VECTOR('',#5508,1.);
#4718=VECTOR('',#5509,1.);
#4719=VECTOR('',#5512,1.);
#4720=VECTOR('',#5515,1.);
#4721=VECTOR('',#5518,1.);
#4722=VECTOR('',#5525,1.);
#4723=VECTOR('',#5526,1.);
#4724=VECTOR('',#5533,1.);
#4725=VECTOR('',#5534,1.);
#4726=VECTOR('',#5537,1.);
#4727=VECTOR('',#5538,1.);
#4728=VECTOR('',#5539,1.);
#4729=VECTOR('',#5540,1.);
#4730=VECTOR('',#5545,1.);
#4731=VECTOR('',#5548,1.);
#4732=VECTOR('',#5549,1.);
#4733=VECTOR('',#5554,1.);
#4734=VECTOR('',#5555,1.);
#4735=VECTOR('',#5558,1.);
#4736=VECTOR('',#5559,1.);
#4737=VECTOR('',#5560,1.);
#4738=VECTOR('',#5563,1.);
#4739=VECTOR('',#5564,1.);
#4740=VECTOR('',#5571,1.);
#4741=VECTOR('',#5572,1.);
#4742=VECTOR('',#5581,1.);
#4743=VECTOR('',#5588,1.);
#4744=VECTOR('',#5591,1.);
#4745=VECTOR('',#5592,1.);
#4746=VECTOR('',#5595,1.);
#4747=VECTOR('',#5598,1.);
#4748=VECTOR('',#5599,1.);
#4749=VECTOR('',#5600,1.);
#4750=VECTOR('',#5609,1.);
#4751=VECTOR('',#5612,1.);
#4752=VECTOR('',#5615,1.);
#4753=VECTOR('',#5618,1.);
#4754=VECTOR('',#5631,1.);
#4755=VECTOR('',#5632,1.);
#4756=VECTOR('',#5633,1.);
#4757=VECTOR('',#5636,1.);
#4758=VECTOR('',#5679,1.);
#4759=VECTOR('',#5680,1.);
#4760=VECTOR('',#5681,1.);
#4761=VECTOR('',#5682,1.);
#4762=VECTOR('',#5685,1.);
#4763=VECTOR('',#5686,1.);
#4764=VECTOR('',#5687,1.);
#4765=VECTOR('',#5690,1.);
#4766=VECTOR('',#5691,1.);
#4767=VECTOR('',#5694,1.);
#4768=VECTOR('',#5695,1.);
#4769=VECTOR('',#5698,1.);
#4770=VECTOR('',#5707,1.);
#4771=VECTOR('',#5710,1.);
#4772=VECTOR('',#5717,1.);
#4773=VECTOR('',#5720,1.);
#4774=VECTOR('',#5729,1.);
#4775=VECTOR('',#5730,1.);
#4776=VECTOR('',#5733,1.);
#4777=VECTOR('',#5736,1.);
#4778=VECTOR('',#5737,1.);
#4779=VECTOR('',#5746,1.);
#4780=VECTOR('',#5749,1.);
#4781=VECTOR('',#5752,1.);
#4782=VECTOR('',#5755,1.);
#4783=VECTOR('',#5762,1.);
#4784=VECTOR('',#5815,1.);
#4785=VECTOR('',#5816,1.);
#4786=VECTOR('',#5819,1.);
#4787=VECTOR('',#5822,1.);
#4788=VECTOR('',#5825,1.);
#4789=VECTOR('',#5830,1.);
#4790=VECTOR('',#5831,1.);
#4791=VECTOR('',#5834,1.);
#4792=VECTOR('',#5835,1.);
#4793=VECTOR('',#5836,1.);
#4794=VECTOR('',#5837,1.);
#4795=VECTOR('',#5840,1.);
#4796=VECTOR('',#5841,1.);
#4797=VECTOR('',#5842,1.);
#4798=VECTOR('',#5845,1.);
#4799=VECTOR('',#5850,1.);
#4800=VECTOR('',#5851,1.);
#4801=VECTOR('',#5856,1.);
#4802=VECTOR('',#5895,1.);
#4803=VECTOR('',#5896,1.);
#4804=VECTOR('',#5919,1.);
#4805=VECTOR('',#5934,1.);
#4806=VECTOR('',#5941,1.);
#4807=VECTOR('',#5952,1.);
#4808=VECTOR('',#5955,1.);
#4809=VECTOR('',#5970,1.);
#4810=VECTOR('',#5975,1.);
#4811=VECTOR('',#5986,1.);
#4812=VECTOR('',#5993,1.);
#4813=VECTOR('',#6000,1.);
#4814=VECTOR('',#6005,1.);
#4815=VECTOR('',#6012,1.);
#4816=VECTOR('',#6017,1.);
#4817=VECTOR('',#6018,1.);
#4818=VECTOR('',#6027,1.);
#4819=VECTOR('',#6030,1.);
#4820=VECTOR('',#6033,1.);
#4821=VECTOR('',#6040,1.);
#4822=VECTOR('',#6041,1.);
#4823=VECTOR('',#6046,1.);
#4824=VECTOR('',#6047,1.);
#4825=VECTOR('',#6050,1.);
#4826=VECTOR('',#6051,1.);
#4827=VECTOR('',#6054,1.);
#4828=VECTOR('',#6055,1.);
#4829=VECTOR('',#6058,1.);
#4830=VECTOR('',#6059,1.);
#4831=VECTOR('',#6062,1.);
#4832=VECTOR('',#6063,1.);
#4833=AXIS2_PLACEMENT_3D('',#6222,#5234,#5235);
#4834=AXIS2_PLACEMENT_3D('',#6231,#5240,#5241);
#4835=AXIS2_PLACEMENT_3D('',#6235,#5243,#5244);
#4836=AXIS2_PLACEMENT_3D('',#6239,#5246,#5247);
#4837=AXIS2_PLACEMENT_3D('',#6240,#5248,#5249);
#4838=AXIS2_PLACEMENT_3D('',#6249,#5254,#5255);
#4839=AXIS2_PLACEMENT_3D('',#6254,#5259,#5260);
#4840=AXIS2_PLACEMENT_3D('',#6257,#5263,#5264);
#4841=AXIS2_PLACEMENT_3D('',#6258,#5265,#5266);
#4842=AXIS2_PLACEMENT_3D('',#6262,#5268,#5269);
#4843=AXIS2_PLACEMENT_3D('',#6264,#5270,#5271);
#4844=AXIS2_PLACEMENT_3D('',#6265,#5272,#5273);
#4845=AXIS2_PLACEMENT_3D('',#6278,#5274,#5275);
#4846=AXIS2_PLACEMENT_3D('',#6280,#5276,#5277);
#4847=AXIS2_PLACEMENT_3D('',#6281,#5278,#5279);
#4848=AXIS2_PLACEMENT_3D('',#6283,#5280,#5281);
#4849=AXIS2_PLACEMENT_3D('',#6285,#5282,#5283);
#4850=AXIS2_PLACEMENT_3D('',#6286,#5284,#5285);
#4851=AXIS2_PLACEMENT_3D('',#6290,#5287,#5288);
#4852=AXIS2_PLACEMENT_3D('',#6291,#5289,#5290);
#4853=AXIS2_PLACEMENT_3D('',#6294,#5293,#5294);
#4854=AXIS2_PLACEMENT_3D('',#6295,#5295,#5296);
#4855=AXIS2_PLACEMENT_3D('',#6297,#5297,#5298);
#4856=AXIS2_PLACEMENT_3D('',#6299,#5299,#5300);
#4857=AXIS2_PLACEMENT_3D('',#6300,#5301,#5302);
#4858=AXIS2_PLACEMENT_3D('',#6302,#5303,#5304);
#4859=AXIS2_PLACEMENT_3D('',#6305,#5306,#5307);
#4860=AXIS2_PLACEMENT_3D('',#6309,#5309,#5310);
#4861=AXIS2_PLACEMENT_3D('',#6312,#5312,#5313);
#4862=AXIS2_PLACEMENT_3D('',#6313,#5314,#5315);
#4863=AXIS2_PLACEMENT_3D('',#6315,#5316,#5317);
#4864=AXIS2_PLACEMENT_3D('',#6316,#5318,#5319);
#4865=AXIS2_PLACEMENT_3D('',#6318,#5320,#5321);
#4866=AXIS2_PLACEMENT_3D('',#6319,#5322,#5323);
#4867=AXIS2_PLACEMENT_3D('',#6320,#5324,#5325);
#4868=AXIS2_PLACEMENT_3D('',#6321,#5326,#5327);
#4869=AXIS2_PLACEMENT_3D('',#6322,#5328,#5329);
#4870=AXIS2_PLACEMENT_3D('',#6324,#5330,#5331);
#4871=AXIS2_PLACEMENT_3D('',#6325,#5332,#5333);
#4872=AXIS2_PLACEMENT_3D('',#6327,#5334,#5335);
#4873=AXIS2_PLACEMENT_3D('',#6328,#5336,#5337);
#4874=AXIS2_PLACEMENT_3D('',#6330,#5338,#5339);
#4875=AXIS2_PLACEMENT_3D('',#6331,#5340,#5341);
#4876=AXIS2_PLACEMENT_3D('',#6333,#5342,#5343);
#4877=AXIS2_PLACEMENT_3D('',#6334,#5344,#5345);
#4878=AXIS2_PLACEMENT_3D('',#6336,#5346,#5347);
#4879=AXIS2_PLACEMENT_3D('',#6337,#5348,#5349);
#4880=AXIS2_PLACEMENT_3D('',#6339,#5350,#5351);
#4881=AXIS2_PLACEMENT_3D('',#6340,#5352,#5353);
#4882=AXIS2_PLACEMENT_3D('',#6342,#5354,#5355);
#4883=AXIS2_PLACEMENT_3D('',#6343,#5356,#5357);
#4884=AXIS2_PLACEMENT_3D('',#6344,#5358,#5359);
#4885=AXIS2_PLACEMENT_3D('',#6346,#5360,#5361);
#4886=AXIS2_PLACEMENT_3D('',#6347,#5362,#5363);
#4887=AXIS2_PLACEMENT_3D('',#6349,#5364,#5365);
#4888=AXIS2_PLACEMENT_3D('',#6350,#5366,#5367);
#4889=AXIS2_PLACEMENT_3D('',#6352,#5368,#5369);
#4890=AXIS2_PLACEMENT_3D('',#6353,#5370,#5371);
#4891=AXIS2_PLACEMENT_3D('',#6355,#5372,#5373);
#4892=AXIS2_PLACEMENT_3D('',#6356,#5374,#5375);
#4893=AXIS2_PLACEMENT_3D('',#6358,#5376,#5377);
#4894=AXIS2_PLACEMENT_3D('',#6359,#5378,#5379);
#4895=AXIS2_PLACEMENT_3D('',#6361,#5380,#5381);
#4896=AXIS2_PLACEMENT_3D('',#6362,#5382,#5383);
#4897=AXIS2_PLACEMENT_3D('',#6364,#5384,#5385);
#4898=AXIS2_PLACEMENT_3D('',#6365,#5386,#5387);
#4899=AXIS2_PLACEMENT_3D('',#6366,#5388,#5389);
#4900=AXIS2_PLACEMENT_3D('',#6370,#5391,#5392);
#4901=AXIS2_PLACEMENT_3D('',#6374,#5394,#5395);
#4902=AXIS2_PLACEMENT_3D('',#6379,#5398,#5399);
#4903=AXIS2_PLACEMENT_3D('',#6383,#5401,#5402);
#4904=AXIS2_PLACEMENT_3D('',#6389,#5405,#5406);
#4905=AXIS2_PLACEMENT_3D('',#6392,#5408,#5409);
#4906=AXIS2_PLACEMENT_3D('',#6393,#5410,#5411);
#4907=AXIS2_PLACEMENT_3D('',#6394,#5412,#5413);
#4908=AXIS2_PLACEMENT_3D('',#6396,#5414,#5415);
#4909=AXIS2_PLACEMENT_3D('',#6401,#5417,#5418);
#4910=AXIS2_PLACEMENT_3D('',#6405,#5420,#5421);
#4911=AXIS2_PLACEMENT_3D('',#6413,#5425,#5426);
#4912=AXIS2_PLACEMENT_3D('',#6417,#5429,#5430);
#4913=AXIS2_PLACEMENT_3D('',#6426,#5435,#5436);
#4914=AXIS2_PLACEMENT_3D('',#6432,#5440,#5441);
#4915=AXIS2_PLACEMENT_3D('',#6438,#5445,#5446);
#4916=AXIS2_PLACEMENT_3D('',#6444,#5450,#5451);
#4917=AXIS2_PLACEMENT_3D('',#6450,#5455,#5456);
#4918=AXIS2_PLACEMENT_3D('',#6456,#5460,#5461);
#4919=AXIS2_PLACEMENT_3D('',#6459,#5464,#5465);
#4920=AXIS2_PLACEMENT_3D('',#6460,#5466,#5467);
#4921=AXIS2_PLACEMENT_3D('',#6463,#5468,#5469);
#4922=AXIS2_PLACEMENT_3D('',#6465,#5470,#5471);
#4923=AXIS2_PLACEMENT_3D('',#6467,#5472,#5473);
#4924=AXIS2_PLACEMENT_3D('',#6469,#5474,#5475);
#4925=AXIS2_PLACEMENT_3D('',#6471,#5476,#5477);
#4926=AXIS2_PLACEMENT_3D('',#6481,#5482,#5483);
#4927=AXIS2_PLACEMENT_3D('',#6488,#5487,#5488);
#4928=AXIS2_PLACEMENT_3D('',#6497,#5493,#5494);
#4929=AXIS2_PLACEMENT_3D('',#6499,#5495,#5496);
#4930=AXIS2_PLACEMENT_3D('',#6501,#5497,#5498);
#4931=AXIS2_PLACEMENT_3D('',#6503,#5499,#5500);
#4932=AXIS2_PLACEMENT_3D('',#6505,#5501,#5502);
#4933=AXIS2_PLACEMENT_3D('',#6506,#5503,#5504);
#4934=AXIS2_PLACEMENT_3D('',#6523,#5506,#5507);
#4935=AXIS2_PLACEMENT_3D('',#6528,#5510,#5511);
#4936=AXIS2_PLACEMENT_3D('',#6531,#5513,#5514);
#4937=AXIS2_PLACEMENT_3D('',#6537,#5516,#5517);
#4938=AXIS2_PLACEMENT_3D('',#6539,#5519,#5520);
#4939=AXIS2_PLACEMENT_3D('',#6544,#5521,#5522);
#4940=AXIS2_PLACEMENT_3D('',#6549,#5523,#5524);
#4941=AXIS2_PLACEMENT_3D('',#6588,#5527,#5528);
#4942=AXIS2_PLACEMENT_3D('',#6589,#5529,#5530);
#4943=AXIS2_PLACEMENT_3D('',#6590,#5531,#5532);
#4944=AXIS2_PLACEMENT_3D('',#6593,#5535,#5536);
#4945=AXIS2_PLACEMENT_3D('',#6600,#5541,#5542);
#4946=AXIS2_PLACEMENT_3D('',#6601,#5543,#5544);
#4947=AXIS2_PLACEMENT_3D('',#6604,#5546,#5547);
#4948=AXIS2_PLACEMENT_3D('',#6608,#5550,#5551);
#4949=AXIS2_PLACEMENT_3D('',#6609,#5552,#5553);
#4950=AXIS2_PLACEMENT_3D('',#6613,#5556,#5557);
#4951=AXIS2_PLACEMENT_3D('',#6618,#5561,#5562);
#4952=AXIS2_PLACEMENT_3D('',#6622,#5565,#5566);
#4953=AXIS2_PLACEMENT_3D('',#6623,#5567,#5568);
#4954=AXIS2_PLACEMENT_3D('',#6625,#5569,#5570);
#4955=AXIS2_PLACEMENT_3D('',#6629,#5573,#5574);
#4956=AXIS2_PLACEMENT_3D('',#6630,#5575,#5576);
#4957=AXIS2_PLACEMENT_3D('',#6631,#5577,#5578);
#4958=AXIS2_PLACEMENT_3D('',#6632,#5579,#5580);
#4959=AXIS2_PLACEMENT_3D('',#6634,#5582,#5583);
#4960=AXIS2_PLACEMENT_3D('',#6635,#5584,#5585);
#4961=AXIS2_PLACEMENT_3D('',#6636,#5586,#5587);
#4962=AXIS2_PLACEMENT_3D('',#6639,#5589,#5590);
#4963=AXIS2_PLACEMENT_3D('',#6657,#5593,#5594);
#4964=AXIS2_PLACEMENT_3D('',#6661,#5596,#5597);
#4965=AXIS2_PLACEMENT_3D('',#6684,#5601,#5602);
#4966=AXIS2_PLACEMENT_3D('',#6685,#5603,#5604);
#4967=AXIS2_PLACEMENT_3D('',#6686,#5605,#5606);
#4968=AXIS2_PLACEMENT_3D('',#6687,#5607,#5608);
#4969=AXIS2_PLACEMENT_3D('',#6690,#5610,#5611);
#4970=AXIS2_PLACEMENT_3D('',#6692,#5613,#5614);
#4971=AXIS2_PLACEMENT_3D('',#6699,#5616,#5617);
#4972=AXIS2_PLACEMENT_3D('',#6701,#5619,#5620);
#4973=AXIS2_PLACEMENT_3D('',#6732,#5621,#5622);
#4974=AXIS2_PLACEMENT_3D('',#6758,#5623,#5624);
#4975=AXIS2_PLACEMENT_3D('',#6763,#5625,#5626);
#4976=AXIS2_PLACEMENT_3D('',#6764,#5627,#5628);
#4977=AXIS2_PLACEMENT_3D('',#6777,#5629,#5630);
#4978=AXIS2_PLACEMENT_3D('',#6795,#5634,#5635);
#4979=AXIS2_PLACEMENT_3D('',#6797,#5637,#5638);
#4980=AXIS2_PLACEMENT_3D('',#6798,#5639,#5640);
#4981=AXIS2_PLACEMENT_3D('',#6799,#5641,#5642);
#4982=AXIS2_PLACEMENT_3D('',#6800,#5643,#5644);
#4983=AXIS2_PLACEMENT_3D('',#6801,#5645,#5646);
#4984=AXIS2_PLACEMENT_3D('',#6802,#5647,#5648);
#4985=AXIS2_PLACEMENT_3D('',#6803,#5649,#5650);
#4986=AXIS2_PLACEMENT_3D('',#6805,#5651,#5652);
#4987=AXIS2_PLACEMENT_3D('',#6806,#5653,#5654);
#4988=AXIS2_PLACEMENT_3D('',#6808,#5655,#5656);
#4989=AXIS2_PLACEMENT_3D('',#6809,#5657,#5658);
#4990=AXIS2_PLACEMENT_3D('',#6810,#5659,#5660);
#4991=AXIS2_PLACEMENT_3D('',#6812,#5661,#5662);
#4992=AXIS2_PLACEMENT_3D('',#6814,#5663,#5664);
#4993=AXIS2_PLACEMENT_3D('',#6815,#5665,#5666);
#4994=AXIS2_PLACEMENT_3D('',#6817,#5667,#5668);
#4995=AXIS2_PLACEMENT_3D('',#6818,#5669,#5670);
#4996=AXIS2_PLACEMENT_3D('',#6820,#5671,#5672);
#4997=AXIS2_PLACEMENT_3D('',#6821,#5673,#5674);
#4998=AXIS2_PLACEMENT_3D('',#6822,#5675,#5676);
#4999=AXIS2_PLACEMENT_3D('',#6824,#5677,#5678);
#5000=AXIS2_PLACEMENT_3D('',#6834,#5683,#5684);
#5001=AXIS2_PLACEMENT_3D('',#6840,#5688,#5689);
#5002=AXIS2_PLACEMENT_3D('',#6844,#5692,#5693);
#5003=AXIS2_PLACEMENT_3D('',#6848,#5696,#5697);
#5004=AXIS2_PLACEMENT_3D('',#6850,#5699,#5700);
#5005=AXIS2_PLACEMENT_3D('',#6851,#5701,#5702);
#5006=AXIS2_PLACEMENT_3D('',#6854,#5703,#5704);
#5007=AXIS2_PLACEMENT_3D('',#6855,#5705,#5706);
#5008=AXIS2_PLACEMENT_3D('',#6876,#5708,#5709);
#5009=AXIS2_PLACEMENT_3D('',#6880,#5711,#5712);
#5010=AXIS2_PLACEMENT_3D('',#6881,#5713,#5714);
#5011=AXIS2_PLACEMENT_3D('',#6882,#5715,#5716);
#5012=AXIS2_PLACEMENT_3D('',#6904,#5718,#5719);
#5013=AXIS2_PLACEMENT_3D('',#6907,#5721,#5722);
#5014=AXIS2_PLACEMENT_3D('',#6908,#5723,#5724);
#5015=AXIS2_PLACEMENT_3D('',#6909,#5725,#5726);
#5016=AXIS2_PLACEMENT_3D('',#6910,#5727,#5728);
#5017=AXIS2_PLACEMENT_3D('',#6916,#5731,#5732);
#5018=AXIS2_PLACEMENT_3D('',#6919,#5734,#5735);
#5019=AXIS2_PLACEMENT_3D('',#6922,#5738,#5739);
#5020=AXIS2_PLACEMENT_3D('',#6923,#5740,#5741);
#5021=AXIS2_PLACEMENT_3D('',#6924,#5742,#5743);
#5022=AXIS2_PLACEMENT_3D('',#6925,#5744,#5745);
#5023=AXIS2_PLACEMENT_3D('',#6929,#5747,#5748);
#5024=AXIS2_PLACEMENT_3D('',#6973,#5750,#5751);
#5025=AXIS2_PLACEMENT_3D('',#7019,#5753,#5754);
#5026=AXIS2_PLACEMENT_3D('',#7065,#5756,#5757);
#5027=AXIS2_PLACEMENT_3D('',#7110,#5758,#5759);
#5028=AXIS2_PLACEMENT_3D('',#7143,#5760,#5761);
#5029=AXIS2_PLACEMENT_3D('',#7240,#5763,#5764);
#5030=AXIS2_PLACEMENT_3D('',#7272,#5765,#5766);
#5031=AXIS2_PLACEMENT_3D('',#7273,#5767,#5768);
#5032=AXIS2_PLACEMENT_3D('',#7286,#5769,#5770);
#5033=AXIS2_PLACEMENT_3D('',#7318,#5771,#5772);
#5034=AXIS2_PLACEMENT_3D('',#7319,#5773,#5774);
#5035=AXIS2_PLACEMENT_3D('',#7362,#5775,#5776);
#5036=AXIS2_PLACEMENT_3D('',#7382,#5777,#5778);
#5037=AXIS2_PLACEMENT_3D('',#7397,#5779,#5780);
#5038=AXIS2_PLACEMENT_3D('',#7399,#5781,#5782);
#5039=AXIS2_PLACEMENT_3D('',#7400,#5783,#5784);
#5040=AXIS2_PLACEMENT_3D('',#7402,#5785,#5786);
#5041=AXIS2_PLACEMENT_3D('',#7410,#5787,#5788);
#5042=AXIS2_PLACEMENT_3D('',#7411,#5789,#5790);
#5043=AXIS2_PLACEMENT_3D('',#7412,#5791,#5792);
#5044=AXIS2_PLACEMENT_3D('',#7431,#5793,#5794);
#5045=AXIS2_PLACEMENT_3D('',#7432,#5795,#5796);
#5046=AXIS2_PLACEMENT_3D('',#7433,#5797,#5798);
#5047=AXIS2_PLACEMENT_3D('',#7434,#5799,#5800);
#5048=AXIS2_PLACEMENT_3D('',#7453,#5801,#5802);
#5049=AXIS2_PLACEMENT_3D('',#7454,#5803,#5804);
#5050=AXIS2_PLACEMENT_3D('',#7456,#5805,#5806);
#5051=AXIS2_PLACEMENT_3D('',#7467,#5807,#5808);
#5052=AXIS2_PLACEMENT_3D('',#7476,#5809,#5810);
#5053=AXIS2_PLACEMENT_3D('',#7477,#5811,#5812);
#5054=AXIS2_PLACEMENT_3D('',#7479,#5813,#5814);
#5055=AXIS2_PLACEMENT_3D('',#7485,#5817,#5818);
#5056=AXIS2_PLACEMENT_3D('',#7489,#5820,#5821);
#5057=AXIS2_PLACEMENT_3D('',#7493,#5823,#5824);
#5058=AXIS2_PLACEMENT_3D('',#7501,#5826,#5827);
#5059=AXIS2_PLACEMENT_3D('',#7502,#5828,#5829);
#5060=AXIS2_PLACEMENT_3D('',#7532,#5832,#5833);
#5061=AXIS2_PLACEMENT_3D('',#7540,#5838,#5839);
#5062=AXIS2_PLACEMENT_3D('',#7551,#5843,#5844);
#5063=AXIS2_PLACEMENT_3D('',#7555,#5846,#5847);
#5064=AXIS2_PLACEMENT_3D('',#7566,#5848,#5849);
#5065=AXIS2_PLACEMENT_3D('',#7580,#5852,#5853);
#5066=AXIS2_PLACEMENT_3D('',#7581,#5854,#5855);
#5067=AXIS2_PLACEMENT_3D('',#7583,#5857,#5858);
#5068=AXIS2_PLACEMENT_3D('',#7584,#5859,#5860);
#5069=AXIS2_PLACEMENT_3D('',#7586,#5861,#5862);
#5070=AXIS2_PLACEMENT_3D('',#7588,#5863,#5864);
#5071=AXIS2_PLACEMENT_3D('',#7589,#5865,#5866);
#5072=AXIS2_PLACEMENT_3D('',#7591,#5867,#5868);
#5073=AXIS2_PLACEMENT_3D('',#7593,#5869,#5870);
#5074=AXIS2_PLACEMENT_3D('',#7594,#5871,#5872);
#5075=AXIS2_PLACEMENT_3D('',#7596,#5873,#5874);
#5076=AXIS2_PLACEMENT_3D('',#7598,#5875,#5876);
#5077=AXIS2_PLACEMENT_3D('',#7599,#5877,#5878);
#5078=AXIS2_PLACEMENT_3D('',#7601,#5879,#5880);
#5079=AXIS2_PLACEMENT_3D('',#7603,#5881,#5882);
#5080=AXIS2_PLACEMENT_3D('',#7619,#5883,#5884);
#5081=AXIS2_PLACEMENT_3D('',#7621,#5885,#5886);
#5082=AXIS2_PLACEMENT_3D('',#7622,#5887,#5888);
#5083=AXIS2_PLACEMENT_3D('',#7623,#5889,#5890);
#5084=AXIS2_PLACEMENT_3D('',#7624,#5891,#5892);
#5085=AXIS2_PLACEMENT_3D('',#7626,#5893,#5894);
#5086=AXIS2_PLACEMENT_3D('',#7629,#5897,#5898);
#5087=AXIS2_PLACEMENT_3D('',#7630,#5899,#5900);
#5088=AXIS2_PLACEMENT_3D('',#7631,#5901,#5902);
#5089=AXIS2_PLACEMENT_3D('',#7634,#5903,#5904);
#5090=AXIS2_PLACEMENT_3D('',#7636,#5905,#5906);
#5091=AXIS2_PLACEMENT_3D('',#7638,#5907,#5908);
#5092=AXIS2_PLACEMENT_3D('',#7640,#5909,#5910);
#5093=AXIS2_PLACEMENT_3D('',#7642,#5911,#5912);
#5094=AXIS2_PLACEMENT_3D('',#7653,#5913,#5914);
#5095=AXIS2_PLACEMENT_3D('',#8527,#5915,#5916);
#5096=AXIS2_PLACEMENT_3D('',#8591,#5917,#5918);
#5097=AXIS2_PLACEMENT_3D('',#8634,#5920,#5921);
#5098=AXIS2_PLACEMENT_3D('',#8635,#5922,#5923);
#5099=AXIS2_PLACEMENT_3D('',#8636,#5924,#5925);
#5100=AXIS2_PLACEMENT_3D('',#8642,#5926,#5927);
#5101=AXIS2_PLACEMENT_3D('',#8643,#5928,#5929);
#5102=AXIS2_PLACEMENT_3D('',#8662,#5930,#5931);
#5103=AXIS2_PLACEMENT_3D('',#8672,#5932,#5933);
#5104=AXIS2_PLACEMENT_3D('',#8684,#5935,#5936);
#5105=AXIS2_PLACEMENT_3D('',#8694,#5937,#5938);
#5106=AXIS2_PLACEMENT_3D('',#8710,#5939,#5940);
#5107=AXIS2_PLACEMENT_3D('',#8722,#5942,#5943);
#5108=AXIS2_PLACEMENT_3D('',#8735,#5944,#5945);
#5109=AXIS2_PLACEMENT_3D('',#8745,#5946,#5947);
#5110=AXIS2_PLACEMENT_3D('',#8764,#5948,#5949);
#5111=AXIS2_PLACEMENT_3D('',#8774,#5950,#5951);
#5112=AXIS2_PLACEMENT_3D('',#8781,#5953,#5954);
#5113=AXIS2_PLACEMENT_3D('',#8849,#5956,#5957);
#5114=AXIS2_PLACEMENT_3D('',#8859,#5958,#5959);
#5115=AXIS2_PLACEMENT_3D('',#8869,#5960,#5961);
#5116=AXIS2_PLACEMENT_3D('',#8870,#5962,#5963);
#5117=AXIS2_PLACEMENT_3D('',#8873,#5964,#5965);
#5118=AXIS2_PLACEMENT_3D('',#8903,#5966,#5967);
#5119=AXIS2_PLACEMENT_3D('',#8908,#5968,#5969);
#5120=AXIS2_PLACEMENT_3D('',#8915,#5971,#5972);
#5121=AXIS2_PLACEMENT_3D('',#9016,#5973,#5974);
#5122=AXIS2_PLACEMENT_3D('',#9022,#5976,#5977);
#5123=AXIS2_PLACEMENT_3D('',#9051,#5978,#5979);
#5124=AXIS2_PLACEMENT_3D('',#9058,#5980,#5981);
#5125=AXIS2_PLACEMENT_3D('',#9059,#5982,#5983);
#5126=AXIS2_PLACEMENT_3D('',#9060,#5984,#5985);
#5127=AXIS2_PLACEMENT_3D('',#9136,#5987,#5988);
#5128=AXIS2_PLACEMENT_3D('',#9146,#5989,#5990);
#5129=AXIS2_PLACEMENT_3D('',#9184,#5991,#5992);
#5130=AXIS2_PLACEMENT_3D('',#9190,#5994,#5995);
#5131=AXIS2_PLACEMENT_3D('',#9227,#5996,#5997);
#5132=AXIS2_PLACEMENT_3D('',#9228,#5998,#5999);
#5133=AXIS2_PLACEMENT_3D('',#9322,#6001,#6002);
#5134=AXIS2_PLACEMENT_3D('',#9350,#6003,#6004);
#5135=AXIS2_PLACEMENT_3D('',#9428,#6006,#6007);
#5136=AXIS2_PLACEMENT_3D('',#9505,#6008,#6009);
#5137=AXIS2_PLACEMENT_3D('',#9506,#6010,#6011);
#5138=AXIS2_PLACEMENT_3D('',#9543,#6013,#6014);
#5139=AXIS2_PLACEMENT_3D('',#9611,#6015,#6016);
#5140=AXIS2_PLACEMENT_3D('',#9665,#6019,#6020);
#5141=AXIS2_PLACEMENT_3D('',#9683,#6021,#6022);
#5142=AXIS2_PLACEMENT_3D('',#9692,#6023,#6024);
#5143=AXIS2_PLACEMENT_3D('',#9707,#6025,#6026);
#5144=AXIS2_PLACEMENT_3D('',#9777,#6028,#6029);
#5145=AXIS2_PLACEMENT_3D('',#9839,#6031,#6032);
#5146=AXIS2_PLACEMENT_3D('',#9929,#6034,#6035);
#5147=AXIS2_PLACEMENT_3D('',#9947,#6036,#6037);
#5148=AXIS2_PLACEMENT_3D('',#9956,#6038,#6039);
#5149=AXIS2_PLACEMENT_3D('',#9961,#6042,#6043);
#5150=AXIS2_PLACEMENT_3D('',#9962,#6044,#6045);
#5151=AXIS2_PLACEMENT_3D('',#10014,#6048,#6049);
#5152=AXIS2_PLACEMENT_3D('',#10017,#6052,#6053);
#5153=AXIS2_PLACEMENT_3D('',#10020,#6056,#6057);
#5154=AXIS2_PLACEMENT_3D('',#10023,#6060,#6061);
#5155=AXIS2_PLACEMENT_3D('',#10026,#6064,#6065);
#5156=AXIS2_PLACEMENT_3D('',#10035,#6066,#6067);
#5157=AXIS2_PLACEMENT_3D('',#10045,#6068,#6069);
#5158=AXIS2_PLACEMENT_3D('',#10055,#6070,#6071);
#5159=AXIS2_PLACEMENT_3D('',#10065,#6072,#6073);
#5160=AXIS2_PLACEMENT_3D('',#10070,#6074,#6075);
#5161=AXIS2_PLACEMENT_3D('',#10075,#6076,#6077);
#5162=AXIS2_PLACEMENT_3D('',#10080,#6078,#6079);
#5163=AXIS2_PLACEMENT_3D('',#10081,#6080,#6081);
#5164=AXIS2_PLACEMENT_3D('',#10083,#6082,#6083);
#5165=AXIS2_PLACEMENT_3D('',#10084,#6084,#6085);
#5166=AXIS2_PLACEMENT_3D('',#10086,#6086,#6087);
#5167=AXIS2_PLACEMENT_3D('',#10087,#6088,#6089);
#5168=AXIS2_PLACEMENT_3D('',#10089,#6090,#6091);
#5169=AXIS2_PLACEMENT_3D('',#10090,#6092,#6093);
#5170=AXIS2_PLACEMENT_3D('',#10091,#6094,#6095);
#5171=AXIS2_PLACEMENT_3D('',#10092,#6096,#6097);
#5172=AXIS2_PLACEMENT_3D('',#10093,#6098,#6099);
#5173=AXIS2_PLACEMENT_3D('',#10094,#6100,#6101);
#5174=AXIS2_PLACEMENT_3D('',#10095,#6102,#6103);
#5175=AXIS2_PLACEMENT_3D('',#10097,#6104,#6105);
#5176=AXIS2_PLACEMENT_3D('',#10098,#6106,#6107);
#5177=AXIS2_PLACEMENT_3D('',#10099,#6108,#6109);
#5178=AXIS2_PLACEMENT_3D('',#10100,#6110,#6111);
#5179=AXIS2_PLACEMENT_3D('',#10101,#6112,#6113);
#5180=AXIS2_PLACEMENT_3D('',#10102,#6114,#6115);
#5181=AXIS2_PLACEMENT_3D('',#10103,#6116,#6117);
#5182=AXIS2_PLACEMENT_3D('',#10104,#6118,#6119);
#5183=AXIS2_PLACEMENT_3D('',#10105,#6120,#6121);
#5184=AXIS2_PLACEMENT_3D('',#10106,#6122,#6123);
#5185=AXIS2_PLACEMENT_3D('',#10107,#6124,#6125);
#5186=AXIS2_PLACEMENT_3D('',#10108,#6126,#6127);
#5187=AXIS2_PLACEMENT_3D('',#10109,#6128,#6129);
#5188=AXIS2_PLACEMENT_3D('',#10110,#6130,#6131);
#5189=AXIS2_PLACEMENT_3D('',#10111,#6132,#6133);
#5190=AXIS2_PLACEMENT_3D('',#10424,#6134,#6135);
#5191=AXIS2_PLACEMENT_3D('',#10426,#6136,#6137);
#5192=AXIS2_PLACEMENT_3D('',#10427,#6138,#6139);
#5193=AXIS2_PLACEMENT_3D('',#10429,#6140,#6141);
#5194=AXIS2_PLACEMENT_3D('',#10430,#6142,#6143);
#5195=AXIS2_PLACEMENT_3D('',#10431,#6144,#6145);
#5196=AXIS2_PLACEMENT_3D('',#10433,#6146,#6147);
#5197=AXIS2_PLACEMENT_3D('',#10434,#6148,#6149);
#5198=AXIS2_PLACEMENT_3D('',#10436,#6150,#6151);
#5199=AXIS2_PLACEMENT_3D('',#10437,#6152,#6153);
#5200=AXIS2_PLACEMENT_3D('',#10438,#6154,#6155);
#5201=AXIS2_PLACEMENT_3D('',#10440,#6156,#6157);
#5202=AXIS2_PLACEMENT_3D('',#10442,#6158,#6159);
#5203=AXIS2_PLACEMENT_3D('',#10443,#6160,#6161);
#5204=AXIS2_PLACEMENT_3D('',#10445,#6162,#6163);
#5205=AXIS2_PLACEMENT_3D('',#10446,#6164,#6165);
#5206=AXIS2_PLACEMENT_3D('',#10448,#6166,#6167);
#5207=AXIS2_PLACEMENT_3D('',#10449,#6168,#6169);
#5208=AXIS2_PLACEMENT_3D('',#10451,#6170,#6171);
#5209=AXIS2_PLACEMENT_3D('',#10453,#6172,#6173);
#5210=AXIS2_PLACEMENT_3D('',#10454,#6174,#6175);
#5211=AXIS2_PLACEMENT_3D('',#10456,#6176,#6177);
#5212=AXIS2_PLACEMENT_3D('',#10457,#6178,#6179);
#5213=AXIS2_PLACEMENT_3D('',#10459,#6180,#6181);
#5214=AXIS2_PLACEMENT_3D('',#10460,#6182,#6183);
#5215=AXIS2_PLACEMENT_3D('',#10461,#6184,#6185);
#5216=AXIS2_PLACEMENT_3D('',#10462,#6186,#6187);
#5217=AXIS2_PLACEMENT_3D('',#10463,#6188,#6189);
#5218=AXIS2_PLACEMENT_3D('',#10464,#6190,#6191);
#5219=AXIS2_PLACEMENT_3D('',#10465,#6192,#6193);
#5220=AXIS2_PLACEMENT_3D('',#10466,#6194,#6195);
#5221=AXIS2_PLACEMENT_3D('',#10467,#6196,#6197);
#5222=AXIS2_PLACEMENT_3D('',#10468,#6198,#6199);
#5223=AXIS2_PLACEMENT_3D('',#10469,#6200,#6201);
#5224=AXIS2_PLACEMENT_3D('',#10471,#6202,#6203);
#5225=AXIS2_PLACEMENT_3D('',#10472,#6204,#6205);
#5226=AXIS2_PLACEMENT_3D('',#10474,#6206,#6207);
#5227=AXIS2_PLACEMENT_3D('',#10475,#6208,#6209);
#5228=AXIS2_PLACEMENT_3D('',#10476,#6210,#6211);
#5229=AXIS2_PLACEMENT_3D('',#10477,#6212,#6213);
#5230=AXIS2_PLACEMENT_3D('',#10478,#6214,#6215);
#5231=AXIS2_PLACEMENT_3D('',#10479,#6216,#6217);
#5232=AXIS2_PLACEMENT_3D('',#10480,#6218,#6219);
#5233=AXIS2_PLACEMENT_3D('',#10481,#6220,#6221);
#5234=DIRECTION('',(0.,0.,1.));
#5235=DIRECTION('',(1.,0.,0.));
#5236=DIRECTION('',(-1.,2.3994446177332E-16,-4.93038065763132E-32));
#5237=DIRECTION('',(-3.69778549322349E-32,-6.44905224473553E-17,-1.));
#5238=DIRECTION('',(1.,-2.79716948691016E-16,0.));
#5239=DIRECTION('',(-2.71732908125016E-16,6.21103790000037E-16,-1.));
#5240=DIRECTION('',(2.79716948691016E-16,1.,-6.44905224473551E-17));
#5241=DIRECTION('',(0.,6.45100292628875E-17,1.));
#5242=DIRECTION('',(1.,-1.4791141972894E-31,-4.93038065763132E-32));
#5243=DIRECTION('',(1.,-1.4791141972894E-31,0.));
#5244=DIRECTION('',(0.,0.,-1.));
#5245=DIRECTION('',(-1.,1.4791141972894E-31,4.93038065763132E-32));
#5246=DIRECTION('',(-1.,1.4791141972894E-31,0.));
#5247=DIRECTION('',(0.,1.,-4.87890977618477E-16));
#5248=DIRECTION('',(-1.,1.4791141972894E-31,4.93038065763132E-32));
#5249=DIRECTION('',(0.,0.707106781186548,-0.707106781186548));
#5250=DIRECTION('',(0.,6.44905224473551E-17,-1.));
#5251=DIRECTION('',(1.,-1.4791141972894E-31,-1.93082265152201E-16));
#5252=DIRECTION('',(-3.23278062981477E-17,6.44905224473551E-17,-1.));
#5253=DIRECTION('',(-1.,1.4791141972894E-31,1.45564838681678E-16));
#5254=DIRECTION('',(2.86807614694832E-16,1.,6.44905224473554E-17));
#5255=DIRECTION('',(0.,-6.45100292628875E-17,1.));
#5256=DIRECTION('',(-1.4791141972894E-31,1.,1.00929365875014E-16));
#5257=DIRECTION('',(-0.448128754582428,0.893969025926739,9.022772689869E-17));
#5258=DIRECTION('',(1.4791141972894E-31,-1.,-1.30916031310854E-31));
#5259=DIRECTION('',(-2.46519032881566E-32,-1.00929365875014E-16,1.));
#5260=DIRECTION('',(-3.02709246557953E-16,-1.,-1.009392222584E-16));
#5261=DIRECTION('',(-1.4791141972894E-31,1.,8.16122247345403E-32));
#5262=DIRECTION('',(1.4791141972894E-31,-1.,-1.30916031310854E-31));
#5263=DIRECTION('',(-4.93038065763132E-32,1.80219837887167E-31,1.));
#5264=DIRECTION('',(1.,0.,0.));
#5265=DIRECTION('',(-1.,1.4791141972894E-31,0.));
#5266=DIRECTION('',(0.,0.,-1.));
#5267=DIRECTION('',(-1.,1.4791141972894E-31,4.93038065763132E-32));
#5268=DIRECTION('',(-1.,1.4791141972894E-31,0.));
#5269=DIRECTION('',(0.,-4.00790511889682E-14,1.));
#5270=DIRECTION('',(0.893969025926739,0.448128754582427,-6.16297582203915E-33));
#5271=DIRECTION('',(0.448128754582427,-0.893969025926739,-8.65257150146103E-17));
#5272=DIRECTION('',(-1.,1.4791141972894E-31,1.93082265152201E-16));
#5273=DIRECTION('',(0.,-1.,0.));
#5274=DIRECTION('',(-1.,1.4791141972894E-31,4.93038065763132E-32));
#5275=DIRECTION('',(0.,1.,0.));
#5276=DIRECTION('',(-1.,5.9211894646675E-15,-1.48029736616688E-15));
#5277=DIRECTION('',(1.4811505088599E-15,9.77559335847533E-15,-1.));
#5278=DIRECTION('',(-1.,0.,0.));
#5279=DIRECTION('',(0.,0.,1.));
#5280=DIRECTION('',(1.,-2.77555756156289E-16,6.44905224473553E-17));
#5281=DIRECTION('',(0.,1.,0.));
#5282=DIRECTION('',(1.,-2.77555756156289E-16,6.44905224473553E-17));
#5283=DIRECTION('',(6.46184494801361E-17,-1.48681791706695E-31,-1.));
#5284=DIRECTION('',(1.,-1.4791141972894E-31,-4.93038065763132E-32));
#5285=DIRECTION('',(0.,1.,-2.30926389122033E-14));
#5286=DIRECTION('',(-1.,1.4791141972894E-31,0.));
#5287=DIRECTION('',(-1.,1.4791141972894E-31,0.));
#5288=DIRECTION('',(0.,-0.680771395094037,0.73249594375786));
#5289=DIRECTION('',(1.,-1.4791141972894E-31,-1.83697019872103E-16));
#5290=DIRECTION('',(0.,0.,1.));
#5291=DIRECTION('',(-2.46519032881566E-32,-5.92118946466718E-15,-1.));
#5292=DIRECTION('',(-4.93038065763132E-32,1.80219837887167E-31,1.));
#5293=DIRECTION('',(-1.4791141972894E-31,1.,-6.12323399573674E-17));
#5294=DIRECTION('',(0.,-6.1257422745431E-17,-1.));
#5295=DIRECTION('',(-1.,0.,0.));
#5296=DIRECTION('',(0.,0.,1.));
#5297=DIRECTION('',(-1.,1.4791141972894E-31,4.93038065763132E-32));
#5298=DIRECTION('',(0.,1.,0.));
#5299=DIRECTION('',(1.,-1.4791141972894E-31,-4.93038065763132E-32));
#5300=DIRECTION('',(0.,0.,-1.));
#5301=DIRECTION('',(-1.,2.83262281692924E-16,0.));
#5302=DIRECTION('',(0.,1.,0.));
#5303=DIRECTION('',(1.,-2.83262281692924E-16,0.));
#5304=DIRECTION('',(0.,0.,-1.));
#5305=DIRECTION('',(0.,1.30916031310854E-31,1.));
#5306=DIRECTION('',(1.,-2.83262281692924E-16,0.));
#5307=DIRECTION('',(0.,1.,0.));
#5308=DIRECTION('',(0.,1.30916031310854E-31,1.));
#5309=DIRECTION('',(1.,-2.83262281692924E-16,0.));
#5310=DIRECTION('',(0.,-1.,0.));
#5311=DIRECTION('',(0.,1.30916031310854E-31,1.));
#5312=DIRECTION('',(-1.,2.83262281692924E-16,0.));
#5313=DIRECTION('',(0.,1.30963236218332E-31,1.));
#5314=DIRECTION('',(-1.,-1.46796155478214E-14,8.49209114763572E-17));
#5315=DIRECTION('',(1.42190448850558E-14,-1.,0.));
#5316=DIRECTION('',(-1.,-6.12323399576286E-17,-1.29653844823109E-14));
#5317=DIRECTION('',(1.29653844823109E-14,-2.75106609189889E-14,-1.));
#5318=DIRECTION('',(-1.,2.99930577216649E-16,0.));
#5319=DIRECTION('',(0.,1.,0.));
#5320=DIRECTION('',(1.,-2.99930577216649E-16,0.));
#5321=DIRECTION('',(0.,1.,0.));
#5322=DIRECTION('',(-0.893969025926739,-0.448128754582427,0.));
#5323=DIRECTION('',(-0.448128754582427,0.893969025926739,-2.89322752662731E-14));
#5324=DIRECTION('',(-0.893969025926739,-0.448128754582427,6.16297582203914E-33));
#5325=DIRECTION('',(-0.448128754582427,0.893969025926739,2.2186712959341E-31));
#5326=DIRECTION('',(0.893969025926739,0.448128754582427,-6.16297582203915E-33));
#5327=DIRECTION('',(0.448128754582428,-0.893969025926739,-3.00296896724173E-16));
#5328=DIRECTION('',(1.,1.46796155478214E-14,-8.49209114763572E-17));
#5329=DIRECTION('',(1.42190448850558E-14,-1.,0.));
#5330=DIRECTION('',(-1.,-6.12323399576286E-17,-1.29653844823109E-14));
#5331=DIRECTION('',(1.29653844823109E-14,-2.75106609189889E-14,-1.));
#5332=DIRECTION('',(1.,1.46796155478214E-14,-8.49209114763572E-17));
#5333=DIRECTION('',(0.,0.,-1.));
#5334=DIRECTION('',(-1.,-1.46796155478214E-14,8.49209114763572E-17));
#5335=DIRECTION('',(-1.48685963191325E-14,1.,-1.54931599336609E-13));
#5336=DIRECTION('',(1.,1.46796155478214E-14,-8.49209114763572E-17));
#5337=DIRECTION('',(0.,0.,-1.));
#5338=DIRECTION('',(1.,1.46796155478214E-14,-8.49209114763572E-17));
#5339=DIRECTION('',(-1.46906362569101E-14,1.,-1.54931599336609E-13));
#5340=DIRECTION('',(-1.,-1.46796155478214E-14,8.49209114763572E-17));
#5341=DIRECTION('',(1.42190448850558E-14,-1.,0.));
#5342=DIRECTION('',(-1.,-1.46796155478214E-14,8.49209114763572E-17));
#5343=DIRECTION('',(-1.47327237757968E-14,1.,-1.54931599336609E-13));
#5344=DIRECTION('',(1.,1.46796155478214E-14,-8.49209114763572E-17));
#5345=DIRECTION('',(1.42190448850558E-14,-1.,0.));
#5346=DIRECTION('',(-1.,-6.12323399576286E-17,-1.29653844823109E-14));
#5347=DIRECTION('',(1.29653844823109E-14,-2.75106609189889E-14,-1.));
#5348=DIRECTION('',(1.,1.46796155478214E-14,-8.49209114763572E-17));
#5349=DIRECTION('',(0.,0.,-1.));
#5350=DIRECTION('',(-1.,-1.46796155478214E-14,8.49209114763572E-17));
#5351=DIRECTION('',(-1.47778442829985E-14,1.,-1.5476045931716E-13));
#5352=DIRECTION('',(1.,1.46796155478214E-14,-8.49209114763572E-17));
#5353=DIRECTION('',(0.,0.,-1.));
#5354=DIRECTION('',(1.,1.46796155478214E-14,-8.49209114763572E-17));
#5355=DIRECTION('',(-1.47019179700571E-14,1.,-1.5476045931716E-13));
#5356=DIRECTION('',(-1.,-1.46796155478214E-14,8.49209114763572E-17));
#5357=DIRECTION('',(-1.46578920002809E-14,1.,-1.5476045931716E-13));
#5358=DIRECTION('',(1.,-2.99930577216649E-16,0.));
#5359=DIRECTION('',(0.,1.,0.));
#5360=DIRECTION('',(1.,-2.99930577216649E-16,0.));
#5361=DIRECTION('',(0.,1.,0.));
#5362=DIRECTION('',(1.,-2.3994446177332E-16,0.));
#5363=DIRECTION('',(0.,0.,-1.));
#5364=DIRECTION('',(-1.,2.3994446177332E-16,0.));
#5365=DIRECTION('',(1.23038748253632E-16,1.,-1.16179072868776E-13));
#5366=DIRECTION('',(1.,-2.3994446177332E-16,0.));
#5367=DIRECTION('',(0.,0.,-1.));
#5368=DIRECTION('',(1.,-2.3994446177332E-16,0.));
#5369=DIRECTION('',(1.73712087499873E-16,1.,-1.16179098341572E-13));
#5370=DIRECTION('',(-1.,2.99930577216649E-16,0.));
#5371=DIRECTION('',(0.,1.,0.));
#5372=DIRECTION('',(-1.,2.3994446177332E-16,0.));
#5373=DIRECTION('',(2.26547132711038E-16,1.,-1.16179083453585E-13));
#5374=DIRECTION('',(1.,-2.99930577216649E-16,0.));
#5375=DIRECTION('',(0.,1.,0.));
#5376=DIRECTION('',(1.,-2.99930577216649E-16,0.));
#5377=DIRECTION('',(0.,1.,0.));
#5378=DIRECTION('',(1.,-2.3994446177332E-16,0.));
#5379=DIRECTION('',(0.,0.,-1.));
#5380=DIRECTION('',(-1.,2.3994446177332E-16,0.));
#5381=DIRECTION('',(1.68348227513345E-16,1.,-1.16179099838792E-13));
#5382=DIRECTION('',(1.,-2.3994446177332E-16,0.));
#5383=DIRECTION('',(0.,0.,-1.));
#5384=DIRECTION('',(1.,-2.3994446177332E-16,0.));
#5385=DIRECTION('',(1.7788513384807E-16,1.,-1.16179065475873E-13));
#5386=DIRECTION('',(-1.,2.3994446177332E-16,0.));
#5387=DIRECTION('',(2.52062760696596E-16,1.,-1.16179059171461E-13));
#5388=DIRECTION('',(1.,0.,0.));
#5389=DIRECTION('',(8.3225114289741E-17,0.,-1.));
#5390=DIRECTION('',(-1.,2.86807614694832E-16,-3.33066907387538E-16));
#5391=DIRECTION('',(-3.33066907387538E-16,-5.72118872612549E-18,1.));
#5392=DIRECTION('',(-1.,0.,-5.42101086242752E-16));
#5393=DIRECTION('',(0.,1.,0.));
#5394=DIRECTION('',(-3.33066907387538E-16,-5.72118872612549E-18,1.));
#5395=DIRECTION('',(-1.,0.,-5.42101086242752E-16));
#5396=DIRECTION('',(1.,-4.27642353614751E-50,6.31088724176809E-30));
#5397=DIRECTION('',(0.,1.,0.));
#5398=DIRECTION('',(3.33066907387538E-16,5.72118872612549E-18,-1.));
#5399=DIRECTION('',(-4.70734562441066E-14,1.,5.74627151417317E-18));
#5400=DIRECTION('',(-1.,3.70074341541719E-16,-1.85037170770859E-16));
#5401=DIRECTION('',(-1.,0.,0.));
#5402=DIRECTION('',(0.,0.,1.));
#5403=DIRECTION('',(1.,0.,0.));
#5404=DIRECTION('',(-1.,0.,0.));
#5405=DIRECTION('',(1.,0.,0.));
#5406=DIRECTION('',(0.,1.,-6.12323399573677E-17));
#5407=DIRECTION('',(1.,-4.27642353614751E-50,6.31088724176809E-30));
#5408=DIRECTION('',(1.,1.28292706084425E-49,0.));
#5409=DIRECTION('',(0.,0.978147619047643,-0.207911604657911));
#5410=DIRECTION('',(-1.,-1.48029736616684E-16,-3.55271367880042E-15));
#5411=DIRECTION('',(-3.25260651745651E-15,0.400000000000158,0.916515138991099));
#5412=DIRECTION('',(1.,0.,0.));
#5413=DIRECTION('',(0.,0.,-1.));
#5414=DIRECTION('',(1.,0.,0.));
#5415=DIRECTION('',(0.,-1.,1.83697019872103E-16));
#5416=DIRECTION('',(0.,0.,1.));
#5417=DIRECTION('',(1.,0.,0.));
#5418=DIRECTION('',(0.,0.,1.));
#5419=DIRECTION('',(0.,0.,1.));
#5420=DIRECTION('',(1.,0.,0.));
#5421=DIRECTION('',(0.,-1.,1.83697019872103E-16));
#5422=DIRECTION('',(0.,-1.,0.));
#5423=DIRECTION('',(0.,1.,0.));
#5424=DIRECTION('',(0.,-1.,4.93038065763132E-32));
#5425=DIRECTION('',(-1.,0.,0.));
#5426=DIRECTION('',(0.,1.,6.12323399573677E-17));
#5427=DIRECTION('',(0.,-1.,-1.88539642095041E-13));
#5428=DIRECTION('',(0.,1.,2.35296365846293E-15));
#5429=DIRECTION('',(-1.,0.,0.));
#5430=DIRECTION('',(0.,0.,1.));
#5431=DIRECTION('',(0.,0.,-1.));
#5432=DIRECTION('',(1.,0.,0.));
#5433=DIRECTION('',(0.,0.,1.));
#5434=DIRECTION('',(1.,0.,0.));
#5435=DIRECTION('',(0.,1.,0.));
#5436=DIRECTION('',(0.,0.,1.));
#5437=DIRECTION('',(0.,1.93607530800983E-15,-1.));
#5438=DIRECTION('',(0.,-1.93607530800983E-15,1.));
#5439=DIRECTION('',(1.,0.,0.));
#5440=DIRECTION('',(0.,1.,1.93607530800983E-15));
#5441=DIRECTION('',(0.,-1.93608692446168E-15,1.));
#5442=DIRECTION('',(0.,-1.,0.));
#5443=DIRECTION('',(0.,1.,0.));
#5444=DIRECTION('',(1.,0.,0.));
#5445=DIRECTION('',(0.,0.,-1.));
#5446=DIRECTION('',(-1.,0.,0.));
#5447=DIRECTION('',(0.,-1.,0.));
#5448=DIRECTION('',(0.,1.,0.));
#5449=DIRECTION('',(1.,0.,0.));
#5450=DIRECTION('',(0.,0.,-1.));
#5451=DIRECTION('',(-1.,0.,0.));
#5452=DIRECTION('',(0.,-1.20036669096606E-15,1.));
#5453=DIRECTION('',(0.,1.20036669096606E-15,-1.));
#5454=DIRECTION('',(-1.,0.,0.));
#5455=DIRECTION('',(0.,-1.,-1.20036669096606E-15));
#5456=DIRECTION('',(0.,1.20037443526733E-15,-1.));
#5457=DIRECTION('',(0.,1.,2.3232903696118E-15));
#5458=DIRECTION('',(0.,-1.,-2.3232903696118E-15));
#5459=DIRECTION('',(1.,0.,0.));
#5460=DIRECTION('',(0.,-2.3232903696118E-15,1.));
#5461=DIRECTION('',(0.,-1.,-2.32333683541919E-15));
#5462=DIRECTION('',(0.,1.,7.74430123203933E-16));
#5463=DIRECTION('',(0.,-1.,-7.74430123203933E-16));
#5464=DIRECTION('',(0.,-7.74430123203933E-16,1.));
#5465=DIRECTION('',(0.,-1.,-7.74445611806396E-16));
#5466=DIRECTION('',(1.,0.,0.));
#5467=DIRECTION('',(0.,0.,-1.));
#5468=DIRECTION('',(-1.,0.,0.));
#5469=DIRECTION('',(0.,0.,-1.));
#5470=DIRECTION('',(1.,0.,0.));
#5471=DIRECTION('',(0.,0.,-1.));
#5472=DIRECTION('',(1.,0.,0.));
#5473=DIRECTION('',(0.,0.,-1.));
#5474=DIRECTION('',(1.,0.,0.));
#5475=DIRECTION('',(0.,0.,-0.999999999999999));
#5476=DIRECTION('',(1.,0.,0.));
#5477=DIRECTION('',(0.,0.,-1.));
#5478=DIRECTION('',(0.,-1.,4.93038065763132E-32));
#5479=DIRECTION('',(0.,6.44905224473552E-17,1.));
#5480=DIRECTION('',(0.,1.,1.00929365875014E-16));
#5481=DIRECTION('',(0.,6.44905224473552E-17,-1.));
#5482=DIRECTION('',(1.,0.,0.));
#5483=DIRECTION('',(0.,0.,-1.));
#5484=DIRECTION('',(0.,0.,1.));
#5485=DIRECTION('',(0.,-1.,4.93038065763132E-32));
#5486=DIRECTION('',(0.,4.93038065763132E-32,-1.));
#5487=DIRECTION('',(1.,0.,0.));
#5488=DIRECTION('',(0.,0.,-1.));
#5489=DIRECTION('',(0.,3.79443312213626E-15,1.));
#5490=DIRECTION('',(-3.42113882891801E-49,-1.,-1.00929365875014E-16));
#5491=DIRECTION('',(0.,-6.44905224473552E-17,-1.));
#5492=DIRECTION('',(-2.99349647530326E-49,-1.,4.93038065763132E-32));
#5493=DIRECTION('',(-1.,-1.28292706084425E-49,0.));
#5494=DIRECTION('',(0.,0.707106781186548,-0.707106781186548));
#5495=DIRECTION('',(-1.,-1.28292706084425E-49,0.));
#5496=DIRECTION('',(0.,0.999999999999999,0.));
#5497=DIRECTION('',(-1.,-1.28292706084425E-49,0.));
#5498=DIRECTION('',(0.,1.,0.));
#5499=DIRECTION('',(-1.,-1.28292706084425E-49,0.));
#5500=DIRECTION('',(0.,0.999999999999999,0.));
#5501=DIRECTION('',(1.,1.28292706084425E-49,0.));
#5502=DIRECTION('',(1.18492040708792E-15,9.77559335847533E-15,-1.));
#5503=DIRECTION('',(1.,1.28292706084425E-49,0.));
#5504=DIRECTION('',(0.,0.,-1.));
#5505=DIRECTION('',(1.,0.,0.));
#5506=DIRECTION('',(-1.,0.,0.));
#5507=DIRECTION('',(0.,0.,1.));
#5508=DIRECTION('',(-1.,0.,2.01858731750028E-16));
#5509=DIRECTION('',(1.,2.59052039079198E-15,2.88657986402535E-15));
#5510=DIRECTION('',(1.,0.,0.));
#5511=DIRECTION('',(0.,1.,-1.0842021724855E-16));
#5512=DIRECTION('',(-1.,0.,0.));
#5513=DIRECTION('',(-1.,1.3684555315672E-48,1.93082265152201E-16));
#5514=DIRECTION('',(0.,-1.,0.));
#5515=DIRECTION('',(-1.,1.28292706084425E-49,4.93038065763132E-32));
#5516=DIRECTION('',(-1.,1.28292706084425E-49,4.93038065763132E-32));
#5517=DIRECTION('',(0.,0.707106781186548,-0.707106781186548));
#5518=DIRECTION('',(1.,3.86781115729775E-18,1.04340471481954E-18));
#5519=DIRECTION('',(-1.,-3.86781115729775E-18,-1.04340471481954E-18));
#5520=DIRECTION('',(0.,0.787772489979363,-0.615966317286682));
#5521=DIRECTION('',(-1.,1.3684555315672E-48,1.93082265152201E-16));
#5522=DIRECTION('',(0.,-1.,0.));
#5523=DIRECTION('',(1.,-3.80177680798065E-16,3.09596890083568E-15));
#5524=DIRECTION('',(0.,0.55303283866161,0.833159456143829));
#5525=DIRECTION('',(-1.,5.9211894646675E-15,-1.48029736616688E-15));
#5526=DIRECTION('',(1.,-5.9211894646675E-15,1.48029736616688E-15));
#5527=DIRECTION('',(-0.707106781186548,0.707106781186547,0.));
#5528=DIRECTION('',(-0.707106781186547,-0.707106781186548,-2.09345661157839E-15));
#5529=DIRECTION('',(-0.707106781186548,0.707106781186547,0.));
#5530=DIRECTION('',(-0.707106781186547,-0.707106781186548,-2.09345661157839E-15));
#5531=DIRECTION('',(-1.,5.9211894646675E-15,-1.48029736616688E-15));
#5532=DIRECTION('',(1.4811505088599E-15,9.77559335847533E-15,-1.));
#5533=DIRECTION('',(-1.,2.3994446177332E-16,-4.93038065763132E-32));
#5534=DIRECTION('',(1.,-2.79716948691016E-16,2.69630192214213E-33));
#5535=DIRECTION('',(2.79716948691016E-16,1.,-6.44905224473552E-17));
#5536=DIRECTION('',(0.,6.45100292628875E-17,1.));
#5537=DIRECTION('',(-1.,0.,1.45564838681678E-16));
#5538=DIRECTION('',(0.,-6.44905224473552E-17,1.));
#5539=DIRECTION('',(0.,-1.93224528386742E-15,-1.));
#5540=DIRECTION('',(1.,-1.3684555315672E-48,-1.93082265152201E-16));
#5541=DIRECTION('',(2.86807614694832E-16,1.,6.44905224473552E-17));
#5542=DIRECTION('',(0.,-6.45100292628875E-17,1.));
#5543=DIRECTION('',(1.,0.,0.));
#5544=DIRECTION('',(0.,1.,-1.08420217248552E-16));
#5545=DIRECTION('',(-1.,1.3684555315672E-48,1.93082265152201E-16));
#5546=DIRECTION('',(-1.,1.3684555315672E-48,1.93082265152201E-16));
#5547=DIRECTION('',(0.,-1.,0.));
#5548=DIRECTION('',(-1.,0.,0.));
#5549=DIRECTION('',(0.,-1.,-1.00929365875014E-16));
#5550=DIRECTION('',(-3.08148791101958E-32,-1.00929365875014E-16,1.));
#5551=DIRECTION('',(-3.02709246557953E-16,-1.,-1.009392222584E-16));
#5552=DIRECTION('',(-4.93038065763132E-32,4.93038065763132E-32,1.));
#5553=DIRECTION('',(1.,0.,0.));
#5554=DIRECTION('',(-1.,8.75811540203011E-47,-9.71551056909325E-15));
#5555=DIRECTION('',(0.,1.81938165573538E-15,1.));
#5556=DIRECTION('',(-1.28292706084425E-49,-1.,0.));
#5557=DIRECTION('',(-1.,0.,-9.71553566764261E-15));
#5558=DIRECTION('',(1.,-4.51884212515964E-16,-4.93038065763132E-32));
#5559=DIRECTION('',(-1.,0.,0.));
#5560=DIRECTION('',(0.,-1.81938165573691E-15,-1.));
#5561=DIRECTION('',(4.51884212515964E-16,1.,4.93038065763132E-32));
#5562=DIRECTION('',(1.,-4.51881912964802E-16,0.));
#5563=DIRECTION('',(0.,-1.,0.));
#5564=DIRECTION('',(-1.,0.,0.));
#5565=DIRECTION('',(4.93038065763132E-32,-4.93038065763132E-32,-1.));
#5566=DIRECTION('',(-1.,0.,0.));
#5567=DIRECTION('',(-1.,0.,0.));
#5568=DIRECTION('',(0.,0.,1.));
#5569=DIRECTION('',(1.,0.,0.));
#5570=DIRECTION('',(0.,0.,-1.));
#5571=DIRECTION('',(-1.,0.,0.));
#5572=DIRECTION('',(0.,-1.,-1.88539642095041E-13));
#5573=DIRECTION('',(0.,1.88539642095041E-13,-1.));
#5574=DIRECTION('',(0.,1.,1.88539640713983E-13));
#5575=DIRECTION('',(-1.,0.,0.));
#5576=DIRECTION('',(0.,1.,6.12323399573677E-17));
#5577=DIRECTION('',(-1.,0.,0.));
#5578=DIRECTION('',(0.,0.,1.));
#5579=DIRECTION('',(1.,0.,0.));
#5580=DIRECTION('',(0.,0.,-1.));
#5581=DIRECTION('',(0.,1.,0.));
#5582=DIRECTION('',(0.,0.,1.));
#5583=DIRECTION('',(1.,0.,0.));
#5584=DIRECTION('',(1.,0.,0.));
#5585=DIRECTION('',(0.,0.,-1.));
#5586=DIRECTION('',(-0.707106781186548,0.707106781186547,0.));
#5587=DIRECTION('',(0.707106781186547,0.707106781186548,0.));
#5588=DIRECTION('',(1.,0.,0.));
#5589=DIRECTION('',(1.,0.,0.));
#5590=DIRECTION('',(0.,0.,-1.));
#5591=DIRECTION('',(1.,-1.50179892888445E-15,0.));
#5592=DIRECTION('',(0.707106781186547,0.707106781186548,0.));
#5593=DIRECTION('',(0.,0.,1.));
#5594=DIRECTION('',(1.,0.,0.));
#5595=DIRECTION('',(0.,1.,2.35296365846293E-15));
#5596=DIRECTION('',(0.,2.35296365846293E-15,-1.));
#5597=DIRECTION('',(0.,1.,2.16840434497101E-15));
#5598=DIRECTION('',(-1.,1.50179892888445E-15,3.53367830198367E-30));
#5599=DIRECTION('',(-0.707106781186547,-0.707106781186548,-1.66379655878465E-15));
#5600=DIRECTION('',(1.,0.,0.));
#5601=DIRECTION('',(0.,2.35296365846293E-15,-1.));
#5602=DIRECTION('',(0.,1.,2.35296265978235E-15));
#5603=DIRECTION('',(-0.707106781186548,0.707106781186547,0.));
#5604=DIRECTION('',(0.707106781186547,0.707106781186548,0.));
#5605=DIRECTION('',(1.,0.,0.));
#5606=DIRECTION('',(0.,0.,-1.));
#5607=DIRECTION('',(1.,0.,0.));
#5608=DIRECTION('',(0.,0.,1.));
#5609=DIRECTION('',(0.,0.,-1.));
#5610=DIRECTION('',(-1.,0.,0.));
#5611=DIRECTION('',(0.,0.,1.));
#5612=DIRECTION('',(0.,0.,-1.));
#5613=DIRECTION('',(0.707106781186548,-0.707106781186547,0.));
#5614=DIRECTION('',(0.707106781186547,0.707106781186548,0.));
#5615=DIRECTION('',(0.,0.,1.));
#5616=DIRECTION('',(-1.50179892888445E-15,-1.,0.));
#5617=DIRECTION('',(1.,-1.5017826392183E-15,0.));
#5618=DIRECTION('',(0.,0.,-1.));
#5619=DIRECTION('',(0.707106781186548,-0.707106781186547,0.));
#5620=DIRECTION('',(0.707106781186547,0.707106781186548,0.));
#5621=DIRECTION('',(-1.50179892888445E-15,-1.,0.));
#5622=DIRECTION('',(1.,-1.5017826392183E-15,0.));
#5623=DIRECTION('',(-1.,0.,0.));
#5624=DIRECTION('',(0.,0.,1.));
#5625=DIRECTION('',(-1.,0.,0.));
#5626=DIRECTION('',(0.,0.,1.));
#5627=DIRECTION('',(0.,0.,-1.));
#5628=DIRECTION('',(-1.,0.,0.));
#5629=DIRECTION('',(0.,0.,-1.));
#5630=DIRECTION('',(-1.,0.,0.));
#5631=DIRECTION('',(0.,6.44905224473552E-17,-1.));
#5632=DIRECTION('',(0.,1.,1.00929365875014E-16));
#5633=DIRECTION('',(0.,3.79443312213626E-15,1.));
#5634=DIRECTION('',(-1.,0.,0.));
#5635=DIRECTION('',(0.,0.,1.));
#5636=DIRECTION('',(0.,-3.79443312213626E-15,-1.));
#5637=DIRECTION('',(0.,-1.,3.79443312213626E-15));
#5638=DIRECTION('',(0.,-3.79443312213626E-15,-1.));
#5639=DIRECTION('',(0.,-0.707106781186549,-0.707106781186546));
#5640=DIRECTION('',(0.,-0.707106781186546,0.707106781186549));
#5641=DIRECTION('',(0.,-3.79443312213626E-15,-1.));
#5642=DIRECTION('',(0.,1.,-3.25260651745651E-15));
#5643=DIRECTION('',(0.,-0.707106781186548,0.707106781186547));
#5644=DIRECTION('',(0.,-0.707106781186547,-0.707106781186548));
#5645=DIRECTION('',(0.,-1.,-1.00929365875014E-16));
#5646=DIRECTION('',(0.,0.,-1.));
#5647=DIRECTION('',(0.,-6.44905224473552E-17,1.));
#5648=DIRECTION('',(0.,-1.,0.));
#5649=DIRECTION('',(-1.,0.,0.));
#5650=DIRECTION('',(8.67361737988403E-16,0.,-1.));
#5651=DIRECTION('',(-1.,0.,0.));
#5652=DIRECTION('',(0.,0.,1.));
#5653=DIRECTION('',(-1.,0.,0.));
#5654=DIRECTION('',(0.,0.,-1.));
#5655=DIRECTION('',(-1.,0.,0.));
#5656=DIRECTION('',(2.25495260605268E-16,0.,-1.));
#5657=DIRECTION('',(1.,0.,0.));
#5658=DIRECTION('',(0.,0.,-1.));
#5659=DIRECTION('',(-1.,0.,0.));
#5660=DIRECTION('',(0.,-1.,-1.83697019872103E-16));
#5661=DIRECTION('',(-1.,0.,0.));
#5662=DIRECTION('',(0.,0.,1.));
#5663=DIRECTION('',(1.,0.,0.));
#5664=DIRECTION('',(0.,0.,-1.));
#5665=DIRECTION('',(-1.,7.44756244916849E-16,-2.80810082592005E-15));
#5666=DIRECTION('',(2.16840434497101E-15,0.,-1.));
#5667=DIRECTION('',(-1.,0.,0.));
#5668=DIRECTION('',(0.,0.,1.));
#5669=DIRECTION('',(-1.,7.44756244916849E-16,-2.80810082592005E-15));
#5670=DIRECTION('',(3.61400724161827E-15,0.,-1.));
#5671=DIRECTION('',(-1.,0.,0.));
#5672=DIRECTION('',(0.,0.,1.));
#5673=DIRECTION('',(1.,-7.44756244916849E-16,2.80810082592005E-15));
#5674=DIRECTION('',(3.61400724161827E-15,0.,-1.));
#5675=DIRECTION('',(0.,-1.,0.));
#5676=DIRECTION('',(0.,0.,-1.));
#5677=DIRECTION('',(0.,-1.,0.));
#5678=DIRECTION('',(0.,0.,-1.));
#5679=DIRECTION('',(-3.09772049281573E-16,0.,1.));
#5680=DIRECTION('',(1.,0.,0.));
#5681=DIRECTION('',(0.,0.,-1.));
#5682=DIRECTION('',(-1.,0.,0.));
#5683=DIRECTION('',(0.,-1.,0.));
#5684=DIRECTION('',(0.,0.,-1.));
#5685=DIRECTION('',(0.,-1.,0.));
#5686=DIRECTION('',(3.09772049281573E-16,0.,-1.));
#5687=DIRECTION('',(0.,-1.,0.));
#5688=DIRECTION('',(-1.,0.,-3.09772049281573E-16));
#5689=DIRECTION('',(-3.09783665733421E-16,0.,1.));
#5690=DIRECTION('',(0.,-1.,0.));
#5691=DIRECTION('',(1.,0.,0.));
#5692=DIRECTION('',(0.,0.,-1.));
#5693=DIRECTION('',(-1.,0.,0.));
#5694=DIRECTION('',(0.,-1.,0.));
#5695=DIRECTION('',(0.,0.,1.));
#5696=DIRECTION('',(1.,0.,0.));
#5697=DIRECTION('',(0.,0.,-1.));
#5698=DIRECTION('',(-1.,0.,0.));
#5699=DIRECTION('',(0.,0.,1.));
#5700=DIRECTION('',(1.,0.,0.));
#5701=DIRECTION('',(0.,1.,0.));
#5702=DIRECTION('',(0.,0.,1.));
#5703=DIRECTION('',(0.,1.,0.));
#5704=DIRECTION('',(0.,0.,1.));
#5705=DIRECTION('',(0.,-1.,0.));
#5706=DIRECTION('',(0.,0.,-1.));
#5707=DIRECTION('',(-3.30423519233678E-17,0.,1.));
#5708=DIRECTION('',(-3.5527136788005E-18,0.,1.));
#5709=DIRECTION('',(-1.,0.,-3.5527136788005E-18));
#5710=DIRECTION('',(3.30423519233678E-17,0.,-1.));
#5711=DIRECTION('',(0.,-1.11022302462516E-15,1.));
#5712=DIRECTION('',(0.,1.,1.0842021724855E-15));
#5713=DIRECTION('',(3.30423519233678E-17,0.,-1.));
#5714=DIRECTION('',(-1.,0.,-3.30423519233678E-17));
#5715=DIRECTION('',(0.,0.,1.));
#5716=DIRECTION('',(-1.,0.,0.));
#5717=DIRECTION('',(0.,0.,-1.));
#5718=DIRECTION('',(0.,0.,1.));
#5719=DIRECTION('',(-1.,0.,0.));
#5720=DIRECTION('',(0.,0.,1.));
#5721=DIRECTION('',(0.,0.,1.));
#5722=DIRECTION('',(1.,0.,0.));
#5723=DIRECTION('',(0.,1.,0.));
#5724=DIRECTION('',(0.,0.,-1.));
#5725=DIRECTION('',(0.,1.,0.));
#5726=DIRECTION('',(0.,0.,1.));
#5727=DIRECTION('',(0.,1.,0.));
#5728=DIRECTION('',(0.,0.,1.));
#5729=DIRECTION('',(1.,0.,0.));
#5730=DIRECTION('',(3.30423519233678E-17,0.,-1.));
#5731=DIRECTION('',(0.,-1.,0.));
#5732=DIRECTION('',(0.,0.,-1.));
#5733=DIRECTION('',(0.,0.,1.));
#5734=DIRECTION('',(0.,-1.,0.));
#5735=DIRECTION('',(0.,0.,-1.));
#5736=DIRECTION('',(0.,-1.,0.));
#5737=DIRECTION('',(0.,-1.,0.));
#5738=DIRECTION('',(0.,-1.,0.));
#5739=DIRECTION('',(0.,0.,-1.));
#5740=DIRECTION('',(0.,1.,0.));
#5741=DIRECTION('',(0.,0.,1.));
#5742=DIRECTION('',(0.,1.,0.));
#5743=DIRECTION('',(0.,0.,1.));
#5744=DIRECTION('',(0.,1.,0.));
#5745=DIRECTION('',(0.,0.,1.));
#5746=DIRECTION('',(0.,-1.,0.));
#5747=DIRECTION('',(0.,-1.,0.));
#5748=DIRECTION('',(0.,0.,1.));
#5749=DIRECTION('',(0.,-1.,0.));
#5750=DIRECTION('',(0.,1.,0.));
#5751=DIRECTION('',(0.,0.,1.));
#5752=DIRECTION('',(-3.30423519233678E-17,0.,1.));
#5753=DIRECTION('',(-1.,0.,-3.30423519233678E-17));
#5754=DIRECTION('',(-3.30410612064957E-17,0.,1.));
#5755=DIRECTION('',(0.,0.,-1.));
#5756=DIRECTION('',(1.,0.,0.));
#5757=DIRECTION('',(0.,0.,-1.));
#5758=DIRECTION('',(0.,-1.,0.));
#5759=DIRECTION('',(0.,0.,-1.));
#5760=DIRECTION('',(0.,1.,0.));
#5761=DIRECTION('',(0.,0.,1.));
#5762=DIRECTION('',(-1.,0.,0.));
#5763=DIRECTION('',(0.,0.,-1.));
#5764=DIRECTION('',(1.,0.,0.));
#5765=DIRECTION('',(3.30423519233678E-17,0.,-1.));
#5766=DIRECTION('',(-1.,0.,0.));
#5767=DIRECTION('',(0.,0.,-1.));
#5768=DIRECTION('',(1.,0.,0.));
#5769=DIRECTION('',(-3.66042455095696E-15,-0.603916748136667,-0.797047402178838));
#5770=DIRECTION('',(0.,-0.797047402178837,0.603916748136667));
#5771=DIRECTION('',(0.,0.,1.));
#5772=DIRECTION('',(1.,0.,0.));
#5773=DIRECTION('',(2.77552417334034E-15,-0.603916748136668,-0.797047402178837));
#5774=DIRECTION('',(0.,0.797047402178837,-0.603916748136668));
#5775=DIRECTION('',(0.,-1.,0.));
#5776=DIRECTION('',(0.,0.,1.));
#5777=DIRECTION('',(0.,-1.,0.));
#5778=DIRECTION('',(0.,0.,1.));
#5779=DIRECTION('',(0.,-1.,0.));
#5780=DIRECTION('',(0.,0.,-1.));
#5781=DIRECTION('',(0.,1.,0.));
#5782=DIRECTION('',(0.,4.79342212950276E-16,1.));
#5783=DIRECTION('',(0.,-1.,0.));
#5784=DIRECTION('',(0.,0.,-1.));
#5785=DIRECTION('',(0.,-1.,0.));
#5786=DIRECTION('',(0.,0.,-1.));
#5787=DIRECTION('',(0.,1.,0.));
#5788=DIRECTION('',(0.,0.,1.));
#5789=DIRECTION('',(0.,0.,1.));
#5790=DIRECTION('',(1.,0.,0.));
#5791=DIRECTION('',(-0.777168756183688,0.,-0.62929224086421));
#5792=DIRECTION('',(-0.62929224086421,0.,0.777168756183688));
#5793=DIRECTION('',(-0.777168756183688,0.,0.629292240864211));
#5794=DIRECTION('',(0.62929224086421,0.,0.777168756183688));
#5795=DIRECTION('',(0.,1.,0.));
#5796=DIRECTION('',(0.,0.,1.));
#5797=DIRECTION('',(1.51109198333717E-17,9.33394740240249E-17,-1.));
#5798=DIRECTION('',(0.,1.,9.33394740240249E-17));
#5799=DIRECTION('',(0.,-1.,0.));
#5800=DIRECTION('',(0.,0.,-1.));
#5801=DIRECTION('',(0.,1.,0.));
#5802=DIRECTION('',(0.,-2.7408565074031E-16,1.));
#5803=DIRECTION('',(0.,1.,0.));
#5804=DIRECTION('',(0.,0.,-1.));
#5805=DIRECTION('',(-6.12303176911189E-17,-1.,0.));
#5806=DIRECTION('',(1.,-5.55431440822616E-17,0.));
#5807=DIRECTION('',(0.,0.707106781186548,0.707106781186548));
#5808=DIRECTION('',(-8.65927457071936E-17,-0.707106781186548,0.707106781186548));
#5809=DIRECTION('',(-6.12303176911189E-17,-1.,0.));
#5810=DIRECTION('',(1.,0.,0.));
#5811=DIRECTION('',(6.12303176911189E-17,1.,0.));
#5812=DIRECTION('',(-1.,6.7762635780344E-17,0.));
#5813=DIRECTION('',(-6.12303176911189E-17,-1.,0.));
#5814=DIRECTION('',(1.,-6.02334540269936E-17,0.));
#5815=DIRECTION('',(1.,-6.12303176911189E-17,6.12303176911189E-17));
#5816=DIRECTION('',(1.,-6.12303176911189E-17,6.12303176911189E-17));
#5817=DIRECTION('',(-6.12303176911189E-17,-1.,0.));
#5818=DIRECTION('',(1.,-6.02334540269936E-17,0.));
#5819=DIRECTION('',(-4.62592926927149E-16,0.,-1.));
#5820=DIRECTION('',(0.,1.,0.));
#5821=DIRECTION('',(-1.,0.,-1.83574546764901E-16));
#5822=DIRECTION('',(-1.,6.12303176911189E-17,6.12343622236165E-17));
#5823=DIRECTION('',(-6.12303176911189E-17,-1.,0.));
#5824=DIRECTION('',(-1.,6.02334540269936E-17,0.));
#5825=DIRECTION('',(-6.60847038467355E-16,0.,-1.));
#5826=DIRECTION('',(6.12303176911189E-17,1.,0.));
#5827=DIRECTION('',(-1.,6.12303176911189E-17,0.));
#5828=DIRECTION('',(0.,-0.707106781186548,-0.707106781186548));
#5829=DIRECTION('',(-8.65927457071935E-17,-0.707106781186548,0.707106781186548));
#5830=DIRECTION('',(0.,1.,0.));
#5831=DIRECTION('',(0.,1.,0.));
#5832=DIRECTION('',(-6.12303176911189E-17,-1.,0.));
#5833=DIRECTION('',(1.,0.,0.));
#5834=DIRECTION('',(-6.12303176911189E-17,-1.,0.));
#5835=DIRECTION('',(4.62592926927149E-16,-2.83247118774139E-32,1.));
#5836=DIRECTION('',(0.,-1.,0.));
#5837=DIRECTION('',(-2.36847578594881E-15,0.,-1.));
#5838=DIRECTION('',(1.,0.,-4.62592926927149E-16));
#5839=DIRECTION('',(-4.62601961945253E-16,0.,-1.));
#5840=DIRECTION('',(0.,1.,0.));
#5841=DIRECTION('',(0.,0.,1.));
#5842=DIRECTION('',(0.,-1.,0.));
#5843=DIRECTION('',(1.,0.,-6.60847038467355E-16));
#5844=DIRECTION('',(-6.60848329184227E-16,0.,-1.));
#5845=DIRECTION('',(0.,1.,0.));
#5846=DIRECTION('',(-6.12303176911189E-17,-1.,0.));
#5847=DIRECTION('',(-1.,0.,0.));
#5848=DIRECTION('',(1.92396106393177E-15,-1.,1.2109714074213E-15));
#5849=DIRECTION('',(-0.731055268242751,-2.40933816107976E-15,-0.682318250360137));
#5850=DIRECTION('',(0.,-1.,0.));
#5851=DIRECTION('',(0.,-1.,0.));
#5852=DIRECTION('',(2.85991635575595E-21,-0.707106781186548,0.707106781186548));
#5853=DIRECTION('',(-8.65956056235492E-17,-0.707106781186548,-0.707106781186548));
#5854=DIRECTION('',(-6.12303176911189E-17,-1.,0.));
#5855=DIRECTION('',(-0.0516023203331669,0.,-0.99866771277349));
#5856=DIRECTION('',(0.,1.,0.));
#5857=DIRECTION('',(-6.12343622236165E-17,0.,-1.));
#5858=DIRECTION('',(-1.,0.,6.12303176911189E-17));
#5859=DIRECTION('',(0.,-1.,1.83697019872103E-16));
#5860=DIRECTION('',(1.,0.,0.));
#5861=DIRECTION('',(0.,-1.,0.));
#5862=DIRECTION('',(0.,0.,1.));
#5863=DIRECTION('',(-6.12303176911189E-17,-1.,0.));
#5864=DIRECTION('',(1.,0.,0.));
#5865=DIRECTION('',(0.,-1.,0.));
#5866=DIRECTION('',(0.,0.,-1.));
#5867=DIRECTION('',(0.,-1.,0.));
#5868=DIRECTION('',(0.,0.,1.));
#5869=DIRECTION('',(-6.12303176911189E-17,-1.,0.));
#5870=DIRECTION('',(1.,0.,0.));
#5871=DIRECTION('',(0.,-1.,0.));
#5872=DIRECTION('',(0.,0.,-1.));
#5873=DIRECTION('',(0.,-1.,0.));
#5874=DIRECTION('',(0.,0.,1.));
#5875=DIRECTION('',(-6.12303176911189E-17,-1.,0.));
#5876=DIRECTION('',(1.,0.,0.));
#5877=DIRECTION('',(0.,-1.,0.));
#5878=DIRECTION('',(0.,0.,1.));
#5879=DIRECTION('',(0.,1.,0.));
#5880=DIRECTION('',(0.,0.,-1.));
#5881=DIRECTION('',(-6.12303176911189E-17,-1.,0.));
#5882=DIRECTION('',(1.,0.,0.));
#5883=DIRECTION('',(-6.12303176911189E-17,-1.,0.));
#5884=DIRECTION('',(-1.,0.,0.));
#5885=DIRECTION('',(-6.12303176911189E-17,-1.,0.));
#5886=DIRECTION('',(1.,0.,0.));
#5887=DIRECTION('',(-2.85991635576212E-21,0.707106781186548,-0.707106781186548));
#5888=DIRECTION('',(2.85991635576212E-21,0.707106781186548,0.707106781186548));
#5889=DIRECTION('',(-2.85991635576212E-21,0.707106781186548,-0.707106781186548));
#5890=DIRECTION('',(-1.73188351330743E-16,-0.707106781186548,-0.707106781186548));
#5891=DIRECTION('',(0.,-1.,0.));
#5892=DIRECTION('',(0.,0.,1.));
#5893=DIRECTION('',(-6.12303176911189E-17,-1.,0.));
#5894=DIRECTION('',(-1.,0.,0.));
#5895=DIRECTION('',(-1.,6.12303176911189E-17,-6.12303176911189E-17));
#5896=DIRECTION('',(-1.,6.12303176911189E-17,-6.12303176911189E-17));
#5897=DIRECTION('',(0.,0.707106781186548,0.707106781186548));
#5898=DIRECTION('',(0.,-0.707106781186548,0.707106781186548));
#5899=DIRECTION('',(6.12303176911189E-17,1.,0.));
#5900=DIRECTION('',(-1.,6.1257422745431E-17,0.));
#5901=DIRECTION('',(0.,1.,0.));
#5902=DIRECTION('',(1.,0.,0.));
#5903=DIRECTION('',(0.,1.,0.));
#5904=DIRECTION('',(1.,0.,0.));
#5905=DIRECTION('',(0.,1.,0.));
#5906=DIRECTION('',(1.,0.,0.));
#5907=DIRECTION('',(0.,1.,0.));
#5908=DIRECTION('',(1.,0.,0.));
#5909=DIRECTION('',(0.,1.,0.));
#5910=DIRECTION('',(1.,0.,0.));
#5911=DIRECTION('',(0.,1.,0.));
#5912=DIRECTION('',(1.,0.,0.));
#5913=DIRECTION('',(0.,1.,0.));
#5914=DIRECTION('',(0.,2.47651603810626E-16,-1.));
#5915=DIRECTION('',(0.,1.,0.));
#5916=DIRECTION('',(0.,0.,-1.));
#5917=DIRECTION('',(0.,-1.,0.));
#5918=DIRECTION('',(1.,0.,0.));
#5919=DIRECTION('',(0.894105422216224,0.163543160534498,0.416928205577333));
#5920=DIRECTION('',(0.894105422216224,0.163543160534498,0.416928205577333));
#5921=DIRECTION('',(0.422618277779887,-1.06754789691243E-7,-0.906307779557448));
#5922=DIRECTION('',(-0.919715251869832,-0.155488857791776,0.360481720175407));
#5923=DIRECTION('',(0.373322931873424,-0.0622951297784351,0.925607533106402));
#5924=DIRECTION('',(0.904558627114805,0.0620986636658068,0.421802615073805));
#5925=DIRECTION('',(0.422618766134192,-8.94513980078751E-6,-0.906307551789787));
#5926=DIRECTION('',(-0.919715251869832,-0.155488857791776,0.360481720175407));
#5927=DIRECTION('',(-0.144766171412705,0.987837646125419,0.056740994985093));
#5928=DIRECTION('',(-0.919715251869832,-0.155488857791776,0.360481720175407));
#5929=DIRECTION('',(0.364920006429517,0.,0.931038876152592));
#5930=DIRECTION('',(0.181226108397769,0.965055408883439,-0.189275342873332));
#5931=DIRECTION('',(0.,0.192462237272537,0.981304380518119));
#5932=DIRECTION('',(0.817571093867535,0.0620986582993902,0.572469442948406));
#5933=DIRECTION('',(0.573575980427643,8.94507969876206E-6,-0.819152363480967));
#5934=DIRECTION('',(-0.808123128686618,-0.163543160576668,-0.565853906507985));
#5935=DIRECTION('',(0.808123128686618,0.163543160576668,0.565853906507985));
#5936=DIRECTION('',(0.573576421854233,1.06755082453552E-7,-0.819152054439763));
#5937=DIRECTION('',(0.0144319772055258,0.953675438967961,-0.300491056677577));
#5938=DIRECTION('',(0.,0.300522355000852,0.953774771182767));
#5939=DIRECTION('',(-0.0144319726957353,0.953675436451274,-0.300491064881439));
#5940=DIRECTION('',(0.,0.300522363186009,0.95377476860373));
#5941=DIRECTION('',(-0.808123128686208,0.163543160579686,0.565853906507698));
#5942=DIRECTION('',(0.808123128686208,-0.163543160579686,-0.565853906507698));
#5943=DIRECTION('',(-0.573576421854282,1.06754719183513E-7,-0.819152054439729));
#5944=DIRECTION('',(0.81757109387023,-0.0620986582465082,-0.572469442950293));
#5945=DIRECTION('',(-0.57357598042766,8.94507935889289E-6,-0.819152363480955));
#5946=DIRECTION('',(-0.181226108446098,0.965055408868762,-0.189275342901894));
#5947=DIRECTION('',(0.,0.192462237303322,0.981304380512081));
#5948=DIRECTION('',(0.0733042098143214,0.965055406449273,0.251584091918641));
#5949=DIRECTION('',(0.,-0.252262772780804,0.967658769127289));
#5950=DIRECTION('',(0.904558627416054,-0.0620986583235073,-0.42180261521428));
#5951=DIRECTION('',(-0.422618766130754,-8.94507959460861E-6,-0.906307551791391));
#5952=DIRECTION('',(0.894105422208791,-0.163543160583975,-0.416928205573867));
#5953=DIRECTION('',(0.894105422208791,-0.163543160583975,-0.416928205573867));
#5954=DIRECTION('',(-0.422618277779777,-1.06754052319421E-7,-0.906307779557499));
#5955=DIRECTION('',(-0.0859822935249907,0.163543160457643,-0.98278211210202));
#5956=DIRECTION('',(0.0859822935249907,-0.163543160457643,0.98278211210202));
#5957=DIRECTION('',(-8.02956941318117E-10,-0.986435211906333,-0.16415106673826));
#5958=DIRECTION('',(0.0869875335504432,-0.0620986581952752,0.994272058169773));
#5959=DIRECTION('',(0.9961947465584,8.9450791615495E-6,-0.0871551883104556));
#5960=DIRECTION('',(0.254530305228321,0.965055409885285,-0.0623087439411354));
#5961=DIRECTION('',(-0.966934238106278,0.255025840215912,0.));
#5962=DIRECTION('',(0.772043953180504,0.155488857811013,-0.616255912307579));
#5963=DIRECTION('',(0.614938170511367,0.062295137056533,0.786110909698651));
#5964=DIRECTION('',(-0.772043953180504,-0.155488857811013,0.616255912307579));
#5965=DIRECTION('',(-0.121522228810728,0.987837646122391,0.0970006845761752));
#5966=DIRECTION('',(-0.772043953180504,-0.155488857811013,0.616255912307579));
#5967=DIRECTION('',(0.623843315474561,0.,0.781549433969283));
#5968=DIRECTION('',(-0.0869875335499682,-0.0620986582828962,0.994272058164342));
#5969=DIRECTION('',(0.996194746558403,-8.94507977550671E-6,0.0871551883104166));
#5970=DIRECTION('',(-0.0859822935240246,-0.163543160524503,0.982782112090979));
#5971=DIRECTION('',(-0.0859822935240246,-0.163543160524503,0.982782112090979));
#5972=DIRECTION('',(8.0295363794755E-10,-0.986435211895168,-0.164151066805354));
#5973=DIRECTION('',(0.768530000438569,0.283803490867834,0.573425860070092));
#5974=DIRECTION('',(0.598014753602666,0.,-0.801485093107503));
#5975=DIRECTION('',(-0.179945981950945,0.975573452516661,-0.1259995330326));
#5976=DIRECTION('',(-0.179945981950945,0.975573452516661,-0.1259995330326));
#5977=DIRECTION('',(-0.983410943363929,-0.181391610809499,6.23013894253129E-8));
#5978=DIRECTION('',(0.18770124223372,0.861535375480573,-0.471725598690029));
#5979=DIRECTION('',(0.,0.480261689629599,0.877125253013572));
#5980=DIRECTION('',(0.,1.,0.));
#5981=DIRECTION('',(-1.,0.,0.));
#5982=DIRECTION('',(0.,-1.,0.));
#5983=DIRECTION('',(1.,0.,0.));
#5984=DIRECTION('',(0.,1.,0.));
#5985=DIRECTION('',(-1.,0.,0.));
#5986=DIRECTION('',(0.19909178738055,-0.975573452533091,0.0928380251313173));
#5987=DIRECTION('',(-0.19909178738055,0.975573452533091,-0.0928380251313173));
#5988=DIRECTION('',(-0.97980500964615,-0.19995535269731,-3.36986606456071E-8));
#5989=DIRECTION('',(0.880866362899686,0.283803489889679,0.37885357308374));
#5990=DIRECTION('',(0.395099073597877,0.,-0.918638515435805));
#5991=DIRECTION('',(-0.768530000115426,0.283803490033051,0.573425860916337));
#5992=DIRECTION('',(0.59801475433111,0.,0.801485092563987));
#5993=DIRECTION('',(-0.179945981894134,-0.975573452532277,0.12599953299282));
#5994=DIRECTION('',(0.179945981894134,0.975573452532277,-0.12599953299282));
#5995=DIRECTION('',(-0.983410943374658,0.181391610751333,-6.23012051011059E-8));
#5996=DIRECTION('',(0.,1.,0.));
#5997=DIRECTION('',(-1.,0.,0.));
#5998=DIRECTION('',(0.,1.,0.));
#5999=DIRECTION('',(-1.,0.,0.));
#6000=DIRECTION('',(0.199091787451202,0.975573452515537,-0.0928380251642623));
#6001=DIRECTION('',(0.199091787451202,0.975573452515537,-0.0928380251642623));
#6002=DIRECTION('',(-0.979805009631548,0.199955352768869,3.3698462274388E-8));
#6003=DIRECTION('',(0.880866362328172,-0.283803490724921,-0.37885357378687));
#6004=DIRECTION('',(-0.395099074433017,0.,-0.918638515076618));
#6005=DIRECTION('',(-0.0191458054957582,0.975573452516603,0.218837558195009));
#6006=DIRECTION('',(-0.0191458054957582,0.975573452516603,0.218837558195009));
#6007=DIRECTION('',(1.4273114135552E-9,-0.218877677950534,0.975752305708259));
#6008=DIRECTION('',(0.,1.,0.));
#6009=DIRECTION('',(-1.,0.,0.));
#6010=DIRECTION('',(0.,1.,0.));
#6011=DIRECTION('',(-1.,0.,0.));
#6012=DIRECTION('',(-0.0191458054892909,-0.975573452533312,-0.218837558121088));
#6013=DIRECTION('',(0.0191458054892909,0.975573452533312,0.218837558121088));
#6014=DIRECTION('',(-1.42731449704565E-9,-0.218877677876574,0.97575230572485));
#6015=DIRECTION('',(0.,-1.,0.));
#6016=DIRECTION('',(1.,0.,0.));
#6017=DIRECTION('',(0.,1.,0.));
#6018=DIRECTION('',(0.,-1.,0.));
#6019=DIRECTION('',(0.,1.,0.));
#6020=DIRECTION('',(-1.,0.,0.));
#6021=DIRECTION('',(-0.174954531890717,-0.877126952406908,-0.447257443909288));
#6022=DIRECTION('',(0.,0.454263774916506,-0.89086723073565));
#6023=DIRECTION('',(-0.299859100748592,0.877126993280492,-0.375143648962594));
#6024=DIRECTION('',(0.,0.393239137436539,0.919436229864892));
#6025=DIRECTION('',(0.,1.,0.));
#6026=DIRECTION('',(-1.,0.,0.));
#6027=DIRECTION('',(0.,-1.,0.));
#6028=DIRECTION('',(0.,1.,0.));
#6029=DIRECTION('',(-1.,0.,0.));
#6030=DIRECTION('',(0.,-1.,0.));
#6031=DIRECTION('',(0.,1.,0.));
#6032=DIRECTION('',(0.825351982871312,0.,-0.56461854766771));
#6033=DIRECTION('',(0.,1.,0.));
#6034=DIRECTION('',(0.,1.,0.));
#6035=DIRECTION('',(-1.,0.,0.));
#6036=DIRECTION('',(0.29985910496864,0.877126997252472,-0.375143636302509));
#6037=DIRECTION('',(0.,0.393239124712557,0.919436235306888));
#6038=DIRECTION('',(0.17495451671423,-0.877126956927415,-0.447257440980632));
#6039=DIRECTION('',(0.,0.454263770697729,-0.890867232886855));
#6040=DIRECTION('',(0.,1.,0.));
#6041=DIRECTION('',(0.,-1.,0.));
#6042=DIRECTION('',(0.,1.,0.));
#6043=DIRECTION('',(-1.,0.,0.));
#6044=DIRECTION('',(0.,1.,0.));
#6045=DIRECTION('',(0.901649997163784,0.,-0.432466510396524));
#6046=DIRECTION('',(-0.819152044288992,0.,0.573576436351046));
#6047=DIRECTION('',(0.819152044288992,0.,-0.573576436351046));
#6048=DIRECTION('',(0.819152044288992,0.,-0.573576436351046));
#6049=DIRECTION('',(0.573576436351046,0.,0.819152044288992));
#6050=DIRECTION('',(-0.0871557427476583,0.,-0.996194698091746));
#6051=DIRECTION('',(0.0871557427476583,0.,0.996194698091746));
#6052=DIRECTION('',(0.0871557427476583,0.,0.996194698091746));
#6053=DIRECTION('',(-0.996194698091745,0.,0.0871557427476586));
#6054=DIRECTION('',(-0.90630778703665,0.,0.422618261740699));
#6055=DIRECTION('',(0.90630778703665,0.,-0.422618261740699));
#6056=DIRECTION('',(-0.90630778703665,0.,0.422618261740699));
#6057=DIRECTION('',(-0.422618261740698,0.,-0.90630778703665));
#6058=DIRECTION('',(0.0871557427476583,0.,-0.996194698091746));
#6059=DIRECTION('',(-0.0871557427476583,0.,0.996194698091746));
#6060=DIRECTION('',(0.0871557427476583,0.,-0.996194698091746));
#6061=DIRECTION('',(0.996194698091746,0.,0.0871557427476572));
#6062=DIRECTION('',(0.90630778703665,0.,0.422618261740699));
#6063=DIRECTION('',(-0.90630778703665,0.,-0.422618261740699));
#6064=DIRECTION('',(-0.90630778703665,0.,-0.422618261740699));
#6065=DIRECTION('',(0.422618261740699,0.,-0.90630778703665));
#6066=DIRECTION('',(0.819152044288992,0.,0.573576436351046));
#6067=DIRECTION('',(-0.573576436351046,0.,0.819152044288992));
#6068=DIRECTION('',(0.804252018702172,-0.506093971831637,-0.311524609122873));
#6069=DIRECTION('',(0.53259701952308,0.846368959021497,0.));
#6070=DIRECTION('',(-0.758090311955819,0.014311396825503,-0.651992532809719));
#6071=DIRECTION('',(-0.652059312345121,0.,0.758167958426105));
#6072=DIRECTION('',(0.132337776737457,0.506093961492574,-0.85226499106143));
#6073=DIRECTION('',(0.,0.85982745071967,0.510584718718563));
#6074=DIRECTION('',(0.671914294034473,0.506093909710185,0.540740359161784));
#6075=DIRECTION('',(0.626961060375125,0.,-0.779050594488766));
#6076=DIRECTION('',(-0.943687252723978,-0.0143113982342659,0.330529201322443));
#6077=DIRECTION('',(0.330563055377109,0.,0.94378390875229));
#6078=DIRECTION('',(0.185596797088189,-0.0143111334158506,-0.982521765850996));
#6079=DIRECTION('',(-0.982622395732672,0.,-0.185615805912604));
#6080=DIRECTION('',(0.,1.,0.));
#6081=DIRECTION('',(-1.,0.,0.));
#6082=DIRECTION('',(0.,1.,0.));
#6083=DIRECTION('',(-1.,5.62584680362824E-17,0.));
#6084=DIRECTION('',(0.,-1.,0.));
#6085=DIRECTION('',(1.,0.,-6.12323399573677E-17));
#6086=DIRECTION('',(0.,1.,0.));
#6087=DIRECTION('',(-1.,0.,0.));
#6088=DIRECTION('',(0.,1.,0.));
#6089=DIRECTION('',(0.,0.,-1.));
#6090=DIRECTION('',(0.,-1.,0.));
#6091=DIRECTION('',(1.,0.,0.));
#6092=DIRECTION('',(0.,1.,0.));
#6093=DIRECTION('',(0.,0.,-1.));
#6094=DIRECTION('',(0.,1.,0.));
#6095=DIRECTION('',(-1.,0.,0.));
#6096=DIRECTION('',(0.,1.,0.));
#6097=DIRECTION('',(-1.,0.,0.));
#6098=DIRECTION('',(0.,1.,0.));
#6099=DIRECTION('',(-1.,-9.8551352630388E-17,0.));
#6100=DIRECTION('',(0.,1.,0.));
#6101=DIRECTION('',(-1.,7.14836408261615E-17,0.));
#6102=DIRECTION('',(0.,-1.,0.));
#6103=DIRECTION('',(0.,0.,-1.));
#6104=DIRECTION('',(0.,1.,0.));
#6105=DIRECTION('',(-1.,0.,0.));
#6106=DIRECTION('',(0.,-1.,0.));
#6107=DIRECTION('',(1.,0.,0.));
#6108=DIRECTION('',(-0.422618261740699,0.,-0.90630778703665));
#6109=DIRECTION('',(0.90630778703665,0.,-0.422618261740699));
#6110=DIRECTION('',(-0.996194698091746,0.,0.0871557427476583));
#6111=DIRECTION('',(-0.0871557427476583,0.,-0.996194698091746));
#6112=DIRECTION('',(0.996194698091746,0.,0.0871557427476583));
#6113=DIRECTION('',(-0.0871557427476583,0.,0.996194698091746));
#6114=DIRECTION('',(0.422618261740699,0.,-0.90630778703665));
#6115=DIRECTION('',(0.90630778703665,0.,0.422618261740699));
#6116=DIRECTION('',(-0.573576436351046,0.,-0.819152044288992));
#6117=DIRECTION('',(0.819152044288992,0.,-0.573576436351046));
#6118=DIRECTION('',(0.573576436351046,0.,-0.819152044288992));
#6119=DIRECTION('',(0.819152044288992,0.,0.573576436351046));
#6120=DIRECTION('',(0.,-1.,0.));
#6121=DIRECTION('',(1.,1.56561288076013E-17,0.));
#6122=DIRECTION('',(0.,-1.,0.));
#6123=DIRECTION('',(1.,1.56561288076013E-17,0.));
#6124=DIRECTION('',(0.,-1.,0.));
#6125=DIRECTION('',(1.,1.56561288076013E-17,0.));
#6126=DIRECTION('',(0.,1.,0.));
#6127=DIRECTION('',(-1.,7.14836408261615E-17,0.));
#6128=DIRECTION('',(0.,1.,0.));
#6129=DIRECTION('',(-1.,7.14836408261615E-17,0.));
#6130=DIRECTION('',(0.,-1.,0.));
#6131=DIRECTION('',(1.,0.,0.));
#6132=DIRECTION('',(0.,-1.,0.));
#6133=DIRECTION('',(1.,0.,0.));
#6134=DIRECTION('',(0.,-1.,0.));
#6135=DIRECTION('',(0.,0.,-1.));
#6136=DIRECTION('',(0.,1.,0.));
#6137=DIRECTION('',(0.,0.,1.));
#6138=DIRECTION('',(0.,-1.,0.));
#6139=DIRECTION('',(0.,0.,-1.));
#6140=DIRECTION('',(0.,-1.,0.));
#6141=DIRECTION('',(0.,0.,-1.));
#6142=DIRECTION('',(0.,-1.,0.));
#6143=DIRECTION('',(0.,0.,-1.));
#6144=DIRECTION('',(0.,-1.,0.));
#6145=DIRECTION('',(0.,0.,-1.));
#6146=DIRECTION('',(0.,1.,0.));
#6147=DIRECTION('',(0.,0.,1.));
#6148=DIRECTION('',(0.,-1.,0.));
#6149=DIRECTION('',(0.,0.,-1.));
#6150=DIRECTION('',(0.,-1.,0.));
#6151=DIRECTION('',(0.,0.,-1.));
#6152=DIRECTION('',(0.,-1.,0.));
#6153=DIRECTION('',(0.,0.,-1.));
#6154=DIRECTION('',(0.,-1.,0.));
#6155=DIRECTION('',(0.,0.,1.));
#6156=DIRECTION('',(0.,1.,0.));
#6157=DIRECTION('',(0.,0.,-1.));
#6158=DIRECTION('',(0.,-1.,0.));
#6159=DIRECTION('',(0.,0.,-1.));
#6160=DIRECTION('',(0.,1.,0.));
#6161=DIRECTION('',(0.,0.,1.));
#6162=DIRECTION('',(0.,1.,0.));
#6163=DIRECTION('',(0.,0.,1.));
#6164=DIRECTION('',(0.,-1.,0.));
#6165=DIRECTION('',(0.,0.,-1.));
#6166=DIRECTION('',(0.,-1.,0.));
#6167=DIRECTION('',(0.,0.,-1.));
#6168=DIRECTION('',(0.,-1.,0.));
#6169=DIRECTION('',(0.,0.,1.));
#6170=DIRECTION('',(0.,1.,0.));
#6171=DIRECTION('',(0.,0.,-1.));
#6172=DIRECTION('',(0.,-1.,0.));
#6173=DIRECTION('',(0.,0.,-1.));
#6174=DIRECTION('',(0.,1.,0.));
#6175=DIRECTION('',(0.,0.,1.));
#6176=DIRECTION('',(0.,1.,0.));
#6177=DIRECTION('',(0.,0.,1.));
#6178=DIRECTION('',(0.,-1.,0.));
#6179=DIRECTION('',(0.,0.,-1.));
#6180=DIRECTION('',(0.,-1.,0.));
#6181=DIRECTION('',(0.,0.,-1.));
#6182=DIRECTION('',(0.,1.,0.));
#6183=DIRECTION('',(0.,0.,1.));
#6184=DIRECTION('',(0.,-1.,0.));
#6185=DIRECTION('',(0.,0.,-1.));
#6186=DIRECTION('',(0.,1.,0.));
#6187=DIRECTION('',(0.,0.,1.));
#6188=DIRECTION('',(0.,-1.,0.));
#6189=DIRECTION('',(0.,0.,-1.));
#6190=DIRECTION('',(-6.12303176911189E-17,-1.,0.));
#6191=DIRECTION('',(-1.,0.,0.));
#6192=DIRECTION('',(0.,1.,0.));
#6193=DIRECTION('',(0.,0.,1.));
#6194=DIRECTION('',(6.12303176911189E-17,1.,0.));
#6195=DIRECTION('',(-1.,6.1257422745431E-17,0.));
#6196=DIRECTION('',(0.,1.,0.));
#6197=DIRECTION('',(0.,0.,1.));
#6198=DIRECTION('',(0.,-1.,0.));
#6199=DIRECTION('',(0.,0.,-1.));
#6200=DIRECTION('',(0.,-1.,0.));
#6201=DIRECTION('',(0.,0.,-1.));
#6202=DIRECTION('',(0.,1.,0.));
#6203=DIRECTION('',(0.,3.59860693309293E-15,1.));
#6204=DIRECTION('',(0.,-1.,0.));
#6205=DIRECTION('',(0.,0.,-1.));
#6206=DIRECTION('',(0.,-1.,0.));
#6207=DIRECTION('',(0.,0.,-1.));
#6208=DIRECTION('',(0.,1.,0.));
#6209=DIRECTION('',(0.,-2.15785134808349E-16,1.));
#6210=DIRECTION('',(1.,-6.12303176911189E-17,6.12303176911189E-17));
#6211=DIRECTION('',(6.12303176911167E-17,0.,-1.));
#6212=DIRECTION('',(1.,-6.12303176911189E-17,6.12303176911189E-17));
#6213=DIRECTION('',(6.12303176911167E-17,0.,-1.));
#6214=DIRECTION('',(1.45586246206628E-15,2.7913515935114E-30,1.));
#6215=DIRECTION('',(1.,1.83651841774369E-15,-1.45586246206628E-15));
#6216=DIRECTION('',(1.45586246206628E-15,2.7913515935114E-30,1.));
#6217=DIRECTION('',(1.,1.83651841774369E-15,-1.45586246206628E-15));
#6218=DIRECTION('',(-1.45586246206628E-15,-2.73468035014329E-15,-1.));
#6219=DIRECTION('',(1.01794941766893E-16,-1.,2.73468035014329E-15));
#6220=DIRECTION('',(-1.57306092998147E-16,1.,1.38777878078166E-17));
#6221=DIRECTION('',(-1.9298377155516E-16,1.38777878078166E-17,-1.));
#6222=CARTESIAN_POINT('',(0.,0.,0.));
#6223=CARTESIAN_POINT('',(-2.08249999999997,0.270000000000003,-0.287500000000016));
#6224=CARTESIAN_POINT('',(-1.66999999999997,0.270000000000003,-0.287500000000016));
#6225=CARTESIAN_POINT('',(-2.43269999999997,0.270000000000003,-0.287500000000016));
#6226=CARTESIAN_POINT('',(-1.66999999999997,0.270000000000003,-2.00902896657251));
#6227=CARTESIAN_POINT('',(-1.66999999999997,0.270000000000003,-0.645000000000045));
#6228=CARTESIAN_POINT('',(-1.73134999999998,0.270000000000003,-0.645000000000045));
#6229=CARTESIAN_POINT('',(-2.43269999999997,0.270000000000003,-0.645000000000044));
#6230=CARTESIAN_POINT('',(-2.43269999999997,0.270000000000003,-0.287500000000016));
#6231=CARTESIAN_POINT('',(-1.02999999999999,0.270000000000003,-2.00902896657251));
#6232=CARTESIAN_POINT('',(-1.66249999999997,0.670000000000101,-0.0375000000000156));
#6233=CARTESIAN_POINT('',(-2.43269999999997,0.670000000000101,-0.037500000000016));
#6234=CARTESIAN_POINT('',(-1.66999999999997,0.670000000000101,-0.0375000000000156));
#6235=CARTESIAN_POINT('',(-1.66999999999997,0.420000000000101,-0.0375000000000156));
#6236=CARTESIAN_POINT('',(-1.66999999999997,0.420000000000101,-0.287500000000016));
#6237=CARTESIAN_POINT('',(-1.66249999999997,0.420000000000101,-0.287500000000016));
#6238=CARTESIAN_POINT('',(-2.43269999999997,0.420000000000101,-0.287500000000016));
#6239=CARTESIAN_POINT('',(-2.43269999999997,0.420000000000101,-0.0375000000000159));
#6240=CARTESIAN_POINT('',(-1.66249999999997,0.420000000000101,-0.0375000000000156));
#6241=CARTESIAN_POINT('',(-1.66999999999997,-0.270000000000003,-1.11076448328627));
#6242=CARTESIAN_POINT('',(-1.66999999999997,-0.270000000000003,0.170832508249979));
#6243=CARTESIAN_POINT('',(-1.66999999999997,-0.270000000000003,-0.645000000000045));
#6244=CARTESIAN_POINT('',(0.33000000000003,-0.270000000000003,0.170832508249978));
#6245=CARTESIAN_POINT('',(-2.29735441169861,-0.270000000000003,0.170832508249979));
#6246=CARTESIAN_POINT('',(-2.29735441169861,-0.270000000000003,-0.465382241643153));
#6247=CARTESIAN_POINT('',(-2.29735441169861,-0.270000000000003,-0.645000000000045));
#6248=CARTESIAN_POINT('',(-1.66999999999997,-0.270000000000003,-0.645000000000045));
#6249=CARTESIAN_POINT('',(-1.03,-0.270000000000003,-1.11076448328627));
#6250=CARTESIAN_POINT('',(-1.66999999999997,1.1,-0.645000000000045));
#6251=CARTESIAN_POINT('',(-2.65303727442307,0.439549340624099,-0.645000000000045));
#6252=CARTESIAN_POINT('',(-2.43269999999997,3.46944695195361E-15,-0.645000000000045));
#6253=CARTESIAN_POINT('',(-2.43269999999997,-0.108972473588501,-0.645000000000044));
#6254=CARTESIAN_POINT('',(-2.43269999999997,1.1,-0.645000000000044));
#6255=CARTESIAN_POINT('',(-1.66999999999997,0.420000000000101,-0.287500000000016));
#6256=CARTESIAN_POINT('',(-2.43269999999997,0.420000000000101,-0.287500000000016));
#6257=CARTESIAN_POINT('',(-2.19499999999997,0.420000000000101,-0.287500000000016));
#6258=CARTESIAN_POINT('',(-1.66999999999997,1.00613961606655E-13,-0.250000000000028));
#6259=CARTESIAN_POINT('',(-1.66999999999997,0.249807151226598,0.183123985939453));
#6260=CARTESIAN_POINT('',(-1.96999999999997,0.249807151226598,0.183123985939453));
#6261=CARTESIAN_POINT('',(-2.43269999999997,0.249807151226598,0.183123985939451));
#6262=CARTESIAN_POINT('',(-2.43269999999997,1.00613961606655E-13,-0.250000000000029));
#6263=CARTESIAN_POINT('',(-2.43269999999997,3.46944695195361E-15,0.24999999999997));
#6264=CARTESIAN_POINT('',(-2.43269999999998,1.00613961606655E-13,-0.250000000000028));
#6265=CARTESIAN_POINT('',(0.33000000000003,1.00613961606655E-13,-0.250000000000029));
#6266=CARTESIAN_POINT('',(-2.4135835236079,0.232804892161782,6.74921421377543E-6));
#6267=CARTESIAN_POINT('',(-2.4135835236079,0.232567823303619,-0.147348097362299));
#6268=CARTESIAN_POINT('',(-2.4135835236079,0.448674764808656,-0.237066257011256));
#6269=CARTESIAN_POINT('',(-2.4135835236079,0.65706625701135,-0.0286747648085769));
#6270=CARTESIAN_POINT('',(-2.4135835236079,0.567348097362409,0.187432176696467));
#6271=CARTESIAN_POINT('',(-2.4135835236079,0.419993250785896,0.187195107838314));
#6272=CARTESIAN_POINT('',(-2.41269999999997,0.237000000000091,-8.91663756073597E-16));
#6273=CARTESIAN_POINT('',(-2.41269999999997,0.420000000000111,0.183000000000006));
#6274=CARTESIAN_POINT('',(-2.4135835236079,0.419993250785896,0.187195107838314));
#6275=CARTESIAN_POINT('',(-2.4135835236079,0.322024810155283,0.187037493298346));
#6276=CARTESIAN_POINT('',(-2.4135835236079,0.232962506701758,0.0979751898448264));
#6277=CARTESIAN_POINT('',(-2.4135835236079,0.232804892161782,6.74921421377543E-6));
#6278=CARTESIAN_POINT('',(-1.66999999999997,0.420000000000101,-6.9155450338359E-15));
#6279=CARTESIAN_POINT('',(-1.66999999999997,0.603000000000101,-6.9155450338359E-15));
#6280=CARTESIAN_POINT('',(0.20449494936622,0.420000000000101,-4.0583122875101E-17));
#6281=CARTESIAN_POINT('',(-1.96999999999997,0.,-0.42000000000003));
#6282=CARTESIAN_POINT('',(-1.96999999999997,0.,-0.37000000000003));
#6283=CARTESIAN_POINT('',(-1.96999999999997,3.46944695195361E-15,-0.42000000000003));
#6284=CARTESIAN_POINT('',(-1.96999999999997,0.183000000000003,-0.42000000000003));
#6285=CARTESIAN_POINT('',(-1.96999999999997,3.46944695195361E-15,-7.1887419029399E-15));
#6286=CARTESIAN_POINT('',(-1.66999999999997,0.420000000000101,-1.42514378380771E-14));
#6287=CARTESIAN_POINT('',(-1.66999999999997,0.670000000000101,-2.13568651956781E-14));
#6288=CARTESIAN_POINT('',(-2.41999999999997,0.670000000000101,-1.39183709306895E-14));
#6289=CARTESIAN_POINT('',(-2.43269999999997,0.670000000000101,-1.39183709306895E-14));
#6290=CARTESIAN_POINT('',(-2.43269999999997,0.420000000000101,-1.40849043843833E-14));
#6291=CARTESIAN_POINT('',(-2.41999999999997,0.420000000000101,-1.42514378380771E-14));
#6292=CARTESIAN_POINT('',(-2.43269999999997,0.670000000000101,-1.40293932331521E-14));
#6293=CARTESIAN_POINT('',(-1.66999999999997,0.670000000000101,-0.0375000000000156));
#6294=CARTESIAN_POINT('',(-1.12999999999997,0.670000000000101,-1.42514378380771E-14));
#6295=CARTESIAN_POINT('',(-1.66999999999997,0.,-0.42000000000003));
#6296=CARTESIAN_POINT('',(-1.66999999999997,0.,-0.29500000000003));
#6297=CARTESIAN_POINT('',(-1.66999999999997,-8.32667268468858E-17,1.93471567342064E-17));
#6298=CARTESIAN_POINT('',(-1.66999999999997,0.183,1.93471567342064E-17));
#6299=CARTESIAN_POINT('',(-1.66999999999997,0.519590179001401,0.0410990852077688));
#6300=CARTESIAN_POINT('',(-2.43269999999997,0.420294890269082,-0.000294890268985997));
#6301=CARTESIAN_POINT('',(-2.43269999999997,0.623294890269092,-0.000294890268985997));
#6302=CARTESIAN_POINT('',(-2.41684999999997,0.420294890269082,-0.000294890268985997));
#6303=CARTESIAN_POINT('',(-2.43269999999997,3.46944695195361E-15,0.0899999999999601));
#6304=CARTESIAN_POINT('',(-2.43269999999997,3.46944695195361E-15,-0.603000000000031));
#6305=CARTESIAN_POINT('',(-2.43269999999997,3.46944695195361E-15,-0.42000000000003));
#6306=CARTESIAN_POINT('',(-2.43269999999997,3.46944695195361E-15,-0.23700000000003));
#6307=CARTESIAN_POINT('',(-2.43269999999997,3.46944695195361E-15,0.0899999999999601));
#6308=CARTESIAN_POINT('',(-2.43269999999997,3.46944695195361E-15,-0.183000000000043));
#6309=CARTESIAN_POINT('',(-2.43269999999997,3.46944695195361E-15,-3.15408908301174E-14));
#6310=CARTESIAN_POINT('',(-2.43269999999997,3.46944695195361E-15,0.182999999999957));
#6311=CARTESIAN_POINT('',(-2.43269999999997,3.46944695195361E-15,0.0899999999999601));
#6312=CARTESIAN_POINT('',(-2.43269999999997,3.46944695195361E-15,-4.26176361172499E-14));
#6313=CARTESIAN_POINT('',(-2.01783086311005,3.46944695195361E-15,-4.26690854279891E-14));
#6314=CARTESIAN_POINT('',(-2.01783086311005,-0.182999999999997,-4.26690854279891E-14));
#6315=CARTESIAN_POINT('',(-2.16840434497101E-16,3.46944695195361E-15,-6.16297582203916E-30));
#6316=CARTESIAN_POINT('',(-2.01783086311006,3.46944695195361E-15,-0.42000000000003));
#6317=CARTESIAN_POINT('',(-2.01783086311006,0.183000000000003,-0.42000000000003));
#6318=CARTESIAN_POINT('',(-2.43269999999997,3.46944695195361E-15,-0.42000000000003));
#6319=CARTESIAN_POINT('',(-2.43269999999997,3.46944695195361E-15,-3.15408908301174E-14));
#6320=CARTESIAN_POINT('',(-2.43269999999997,3.46944695195361E-15,-0.42000000000003));
#6321=CARTESIAN_POINT('',(-2.43269999999997,3.46944695195361E-15,0.179999999999962));
#6322=CARTESIAN_POINT('',(-2.10128778559793,3.46944695195361E-15,-4.26619981900624E-14));
#6323=CARTESIAN_POINT('',(-2.10128778559793,-0.182999999999997,-4.26619981900624E-14));
#6324=CARTESIAN_POINT('',(-2.16840434497101E-16,3.46944695195361E-15,-6.16297582203916E-30));
#6325=CARTESIAN_POINT('',(-2.09117940838298,3.46944695195361E-15,-4.26628566026691E-14));
#6326=CARTESIAN_POINT('',(-2.09117940838298,3.46944695195361E-15,-0.172669240889924));
#6327=CARTESIAN_POINT('',(-2.09623359699042,3.46944695195361E-15,-4.26624273963657E-14));
#6328=CARTESIAN_POINT('',(-2.0890847387225,3.46944695195361E-15,-4.26630344839259E-14));
#6329=CARTESIAN_POINT('',(-2.0890847387225,3.46944695195361E-15,-0.174718820290826));
#6330=CARTESIAN_POINT('',(-2.09013207355274,3.46944695195361E-15,-4.26629455432975E-14));
#6331=CARTESIAN_POINT('',(-2.0945543357789,3.46944695195361E-15,-4.26625700007584E-14));
#6332=CARTESIAN_POINT('',(-2.0945543357789,-0.182999999999997,-4.26625700007584E-14));
#6333=CARTESIAN_POINT('',(-2.09181953725069,3.46944695195361E-15,-4.26628022423422E-14));
#6334=CARTESIAN_POINT('',(-2.02455433577897,3.46944695195361E-15,-4.26685144645618E-14));
#6335=CARTESIAN_POINT('',(-2.02455433577897,-0.182999999999997,-4.26685144645618E-14));
#6336=CARTESIAN_POINT('',(-2.16840434497101E-16,3.46944695195361E-15,-6.16297582203916E-30));
#6337=CARTESIAN_POINT('',(-2.01447161524951,3.46944695195361E-15,-4.26693706983793E-14));
#6338=CARTESIAN_POINT('',(-2.01447161524951,3.46944695195361E-15,-0.172664126516096));
#6339=CARTESIAN_POINT('',(-2.01951297551423,3.46944695195361E-15,-4.26689425814705E-14));
#6340=CARTESIAN_POINT('',(-2.01237547657804,3.46944695195361E-15,-4.26695487043859E-14));
#6341=CARTESIAN_POINT('',(-2.01237547657804,3.46944695195361E-15,-0.17471301267088));
#6342=CARTESIAN_POINT('',(-2.01342354591378,3.46944695195361E-15,-4.26694597013826E-14));
#6343=CARTESIAN_POINT('',(-2.01510316984404,3.46944695195361E-15,-4.26693170661875E-14));
#6344=CARTESIAN_POINT('',(-2.10128778559794,3.46944695195361E-15,-0.42000000000003));
#6345=CARTESIAN_POINT('',(-2.10128778559794,0.183000000000003,-0.42000000000003));
#6346=CARTESIAN_POINT('',(-2.43269999999997,3.46944695195361E-15,-0.42000000000003));
#6347=CARTESIAN_POINT('',(-2.09117940838299,3.46944695195361E-15,-0.420000000000038));
#6348=CARTESIAN_POINT('',(-2.09117940838299,3.46944695195361E-15,-0.592669240889916));
#6349=CARTESIAN_POINT('',(-2.09623359699042,3.46944695195361E-15,-0.420000000000038));
#6350=CARTESIAN_POINT('',(-2.0890847387225,3.46944695195361E-15,-0.420000000000038));
#6351=CARTESIAN_POINT('',(-2.0890847387225,3.46944695195361E-15,-0.594718820290819));
#6352=CARTESIAN_POINT('',(-2.09013207355275,3.46944695195361E-15,-0.420000000000038));
#6353=CARTESIAN_POINT('',(-2.0945543357789,3.46944695195361E-15,-0.42000000000003));
#6354=CARTESIAN_POINT('',(-2.0945543357789,0.183000000000003,-0.42000000000003));
#6355=CARTESIAN_POINT('',(-2.09181953725069,3.46944695195361E-15,-0.420000000000038));
#6356=CARTESIAN_POINT('',(-2.02455433577898,3.46944695195361E-15,-0.42000000000003));
#6357=CARTESIAN_POINT('',(-2.02455433577898,0.183000000000003,-0.42000000000003));
#6358=CARTESIAN_POINT('',(-2.43269999999997,3.46944695195361E-15,-0.42000000000003));
#6359=CARTESIAN_POINT('',(-2.01447161524952,3.46944695195361E-15,-0.420000000000038));
#6360=CARTESIAN_POINT('',(-2.01447161524952,3.46944695195361E-15,-0.59266412651609));
#6361=CARTESIAN_POINT('',(-2.01951297551423,3.46944695195361E-15,-0.420000000000038));
#6362=CARTESIAN_POINT('',(-2.01237547657804,3.46944695195361E-15,-0.420000000000038));
#6363=CARTESIAN_POINT('',(-2.01237547657804,3.46944695195361E-15,-0.594713012670874));
#6364=CARTESIAN_POINT('',(-2.01342354591378,3.46944695195361E-15,-0.420000000000038));
#6365=CARTESIAN_POINT('',(-2.01510316984404,3.46944695195361E-15,-0.420000000000038));
#6366=CARTESIAN_POINT('',(-1.66999999999997,0.,-0.42000000000003));
#6367=CARTESIAN_POINT('',(-0.65499999999999,-0.270000000000003,-0.250000000000005));
#6368=CARTESIAN_POINT('',(0.72085000000001,-0.270000000000004,-0.250000000000005));
#6369=CARTESIAN_POINT('',(-0.38414999999999,-0.270000000000003,-0.250000000000005));
#6370=CARTESIAN_POINT('',(-0.38414999999999,-0.170000000000003,-0.250000000000005));
#6371=CARTESIAN_POINT('',(-0.28414999999999,-0.170000000000003,-0.250000000000005));
#6372=CARTESIAN_POINT('',(-0.28414999999999,-6.10622663543836E-16,-0.250000000000005));
#6373=CARTESIAN_POINT('',(-0.28414999999999,-0.1,-0.250000000000005));
#6374=CARTESIAN_POINT('',(-0.38414999999999,-0.1,-0.250000000000005));
#6375=CARTESIAN_POINT('',(-0.38414999999999,1.00613961606655E-13,-0.250000000000008));
#6376=CARTESIAN_POINT('',(-0.75000000000002,1.00613961606655E-13,-0.250000000000008));
#6377=CARTESIAN_POINT('',(0.72085000000001,0.,-0.250000000000005));
#6378=CARTESIAN_POINT('',(0.72085000000001,-0.270000000000004,-0.250000000000005));
#6379=CARTESIAN_POINT('',(-0.27999999999998,-0.4999999999999,-0.250000000000005));
#6380=CARTESIAN_POINT('',(-0.27999999999999,0.244536904761998,-0.0519779011645022));
#6381=CARTESIAN_POINT('',(-0.33414999999999,0.244536904761998,-0.0519779011645022));
#6382=CARTESIAN_POINT('',(-0.914099999999996,0.244536904761998,-0.051977901164499));
#6383=CARTESIAN_POINT('',(-0.33414999999999,3.35040883925331E-15,-2.15492446413851E-14));
#6384=CARTESIAN_POINT('',(-0.33414999999999,0.108972473588571,-0.224999999999979));
#6385=CARTESIAN_POINT('',(-0.28414999999999,0.108972473588571,-0.224999999999979));
#6386=CARTESIAN_POINT('',(0.21585000000001,0.10897247358861,-0.224999999999979));
#6387=CARTESIAN_POINT('',(0.72085000000001,0.10897247358857,-0.22499999999998));
#6388=CARTESIAN_POINT('',(0.72085000000001,0.10897247358857,-0.22499999999998));
#6389=CARTESIAN_POINT('',(0.72085000000001,0.,0.));
#6390=CARTESIAN_POINT('',(-0.75000000000002,1.00613961606655E-13,-0.250000000000008));
#6391=CARTESIAN_POINT('',(-0.914099999999996,1.92592994438724E-31,-0.250000000000008));
#6392=CARTESIAN_POINT('',(-0.914099999999996,3.46944695195361E-15,-2.12458428932156E-14));
#6393=CARTESIAN_POINT('',(0.47000000000002,3.46944695195361E-15,-1.86923299365777E-14));
#6394=CARTESIAN_POINT('',(0.21585000000001,0.,0.));
#6395=CARTESIAN_POINT('',(0.21585000000001,0.,-0.05));
#6396=CARTESIAN_POINT('',(0.21585000000001,0.42,0.));
#6397=CARTESIAN_POINT('',(0.21585000000001,0.420000000000001,-0.224999999999979));
#6398=CARTESIAN_POINT('',(0.21585000000001,0.518679580633881,-0.202206182808256));
#6399=CARTESIAN_POINT('',(0.21585000000001,0.518679580633881,-2.16040129255959E-14));
#6400=CARTESIAN_POINT('',(0.21585000000001,0.518679580633881,-0.154114698734243));
#6401=CARTESIAN_POINT('',(0.21585000000001,0.420000000000106,-1.43005676918775E-15));
#6402=CARTESIAN_POINT('',(0.21585000000001,0.518679580633881,0.15411469873424));
#6403=CARTESIAN_POINT('',(0.21585000000001,0.518679580633881,-2.16040129255959E-14));
#6404=CARTESIAN_POINT('',(0.21585000000001,0.518679580633881,0.202206182808256));
#6405=CARTESIAN_POINT('',(0.21585000000001,0.42,0.));
#6406=CARTESIAN_POINT('',(0.21585000000001,0.419999999999999,0.224999999999921));
#6407=CARTESIAN_POINT('',(0.21585000000001,0.419999999999999,0.224999999999921));
#6408=CARTESIAN_POINT('',(0.21585000000001,0.156124949960098,0.224999999999926));
#6409=CARTESIAN_POINT('',(0.21585000000001,0.0999999999999994,0.224999999999926));
#6410=CARTESIAN_POINT('',(0.21585000000001,0.0999999999999991,0.224999999999926));
#6411=CARTESIAN_POINT('',(0.21585000000001,3.46944695195361E-15,0.224999999999902));
#6412=CARTESIAN_POINT('',(0.21585000000001,1.10933564796657E-32,0.224999999999902));
#6413=CARTESIAN_POINT('',(0.21585000000001,0.,0.));
#6414=CARTESIAN_POINT('',(0.21585000000001,0.,-0.225));
#6415=CARTESIAN_POINT('',(0.21585000000001,0.10897247358857,-0.224999999999979));
#6416=CARTESIAN_POINT('',(0.21585000000001,0.108972473588571,-0.224999999999979));
#6417=CARTESIAN_POINT('',(0.21585000000001,3.46944695195361E-15,-2.16040129255959E-14));
#6418=CARTESIAN_POINT('',(-1.02999999999999,-0.14,5.28846657433288E-18));
#6419=CARTESIAN_POINT('',(-1.02999999999999,-0.14,0.));
#6420=CARTESIAN_POINT('',(-1.02999999999999,-0.14,-0.560000000000022));
#6421=CARTESIAN_POINT('',(-1.02999999999999,-0.14,-0.560000000000022));
#6422=CARTESIAN_POINT('',(-1.39999999999999,-0.14,-0.560000000000022));
#6423=CARTESIAN_POINT('',(-1.39999999999999,-0.14,5.28846657433288E-18));
#6424=CARTESIAN_POINT('',(-1.39999999999999,-0.14,0.));
#6425=CARTESIAN_POINT('',(-1.02999999999999,-0.14,0.));
#6426=CARTESIAN_POINT('',(-1.02999999999999,-0.14,5.28846657433288E-18));
#6427=CARTESIAN_POINT('',(-1.02999999999999,-0.14,0.14));
#6428=CARTESIAN_POINT('',(-1.02999999999999,-0.14,0.14));
#6429=CARTESIAN_POINT('',(-1.39999999999999,-0.14,0.14));
#6430=CARTESIAN_POINT('',(-1.39999999999999,-0.14,0.14));
#6431=CARTESIAN_POINT('',(-1.02999999999999,-0.14,0.14));
#6432=CARTESIAN_POINT('',(-1.02999999999999,-0.14,0.14));
#6433=CARTESIAN_POINT('',(-1.02999999999999,0.,0.14));
#6434=CARTESIAN_POINT('',(-1.02999999999999,0.,0.14));
#6435=CARTESIAN_POINT('',(-1.39999999999999,0.,0.14));
#6436=CARTESIAN_POINT('',(-1.39999999999999,0.,0.14));
#6437=CARTESIAN_POINT('',(-1.02999999999999,0.,0.14));
#6438=CARTESIAN_POINT('',(-1.02999999999999,0.,0.14));
#6439=CARTESIAN_POINT('',(-1.02999999999999,0.139999999999999,0.14));
#6440=CARTESIAN_POINT('',(-1.02999999999999,0.139999999999999,0.14));
#6441=CARTESIAN_POINT('',(-1.39999999999999,0.139999999999999,0.14));
#6442=CARTESIAN_POINT('',(-1.39999999999999,0.139999999999999,0.14));
#6443=CARTESIAN_POINT('',(-1.02999999999999,0.139999999999999,0.14));
#6444=CARTESIAN_POINT('',(-1.02999999999999,0.139999999999999,0.14));
#6445=CARTESIAN_POINT('',(-1.02999999999999,0.14,-0.560000000000021));
#6446=CARTESIAN_POINT('',(-1.02999999999999,0.14,-0.560000000000021));
#6447=CARTESIAN_POINT('',(-1.39999999999999,0.14,-0.560000000000021));
#6448=CARTESIAN_POINT('',(-1.39999999999999,0.14,-0.560000000000021));
#6449=CARTESIAN_POINT('',(-1.02999999999999,0.14,-0.560000000000021));
#6450=CARTESIAN_POINT('',(-1.02999999999999,0.14,-0.560000000000021));
#6451=CARTESIAN_POINT('',(-1.02999999999999,0.,-0.560000000000022));
#6452=CARTESIAN_POINT('',(-1.02999999999999,0.,-0.560000000000022));
#6453=CARTESIAN_POINT('',(-1.39999999999999,0.,-0.560000000000022));
#6454=CARTESIAN_POINT('',(-1.39999999999999,0.,-0.560000000000022));
#6455=CARTESIAN_POINT('',(-1.02999999999999,0.,-0.560000000000022));
#6456=CARTESIAN_POINT('',(-1.02999999999999,0.,-0.560000000000022));
#6457=CARTESIAN_POINT('',(-1.02999999999999,-0.14,-0.560000000000022));
#6458=CARTESIAN_POINT('',(-1.39999999999999,-0.14,-0.560000000000022));
#6459=CARTESIAN_POINT('',(-1.02999999999999,-0.14,-0.560000000000022));
#6460=CARTESIAN_POINT('',(-1.39999999999999,1.00613961606655E-13,-0.250000000000028));
#6461=CARTESIAN_POINT('',(-1.39999999999999,0.307453837062686,0.144299553734814));
#6462=CARTESIAN_POINT('',(-1.39999999999999,0.100000000000004,0.239897948556627));
#6463=CARTESIAN_POINT('',(-1.39999999999999,0.420000000000108,-1.86800274496822E-15));
#6464=CARTESIAN_POINT('',(-1.39999999999999,0.471400684338405,-0.176048413839583));
#6465=CARTESIAN_POINT('',(-1.39999999999999,0.478403691724478,-0.190716347791737));
#6466=CARTESIAN_POINT('',(-1.39999999999999,0.495432131158729,-0.192458820697634));
#6467=CARTESIAN_POINT('',(-1.39999999999999,1.00613961606655E-13,-0.250000000000028));
#6468=CARTESIAN_POINT('',(-1.39999999999999,0.499912520121864,-0.259352658738921));
#6469=CARTESIAN_POINT('',(-1.39999999999999,0.484246936756479,-0.26176346728009));
#6470=CARTESIAN_POINT('',(-1.39999999999999,0.485081474711165,-0.278232311418036));
#6471=CARTESIAN_POINT('',(-1.39999999999999,0.420000000000101,-0.0375000000000156));
#6472=CARTESIAN_POINT('',(-1.39999999999999,0.420000000000101,-0.287500000000016));
#6473=CARTESIAN_POINT('',(-1.39999999999999,0.420000000000101,-0.287500000000016));
#6474=CARTESIAN_POINT('',(-1.4,0.270000000000003,-0.287500000000016));
#6475=CARTESIAN_POINT('',(-1.4,0.270000000000003,-2.00902896657251));
#6476=CARTESIAN_POINT('',(-1.4,0.270000000000003,-0.645000000000045));
#6477=CARTESIAN_POINT('',(-1.39999999999999,1.1,-0.645000000000045));
#6478=CARTESIAN_POINT('',(-1.39999999999999,-0.270000000000003,-0.645000000000045));
#6479=CARTESIAN_POINT('',(-1.4,-0.270000000000003,-1.11076448328627));
#6480=CARTESIAN_POINT('',(-1.4,-0.270000000000003,0.170832508249979));
#6481=CARTESIAN_POINT('',(-1.39999999999999,1.00613961606655E-13,-0.250000000000028));
#6482=CARTESIAN_POINT('',(-1.39999999999999,-0.0999999999999969,0.239897948556587));
#6483=CARTESIAN_POINT('',(-1.39999999999999,-0.0999999999999994,0.249999999999978));
#6484=CARTESIAN_POINT('',(-1.39999999999999,-0.0999999999999994,0.224999999999903));
#6485=CARTESIAN_POINT('',(-1.39999999999999,3.46944695195361E-15,0.224999999999902));
#6486=CARTESIAN_POINT('',(-1.39999999999999,0.100000000000003,0.224999999999902));
#6487=CARTESIAN_POINT('',(-1.39999999999999,0.0999999999999994,0.249999999999957));
#6488=CARTESIAN_POINT('',(-1.39999999999999,3.46944695195361E-15,-2.15330382111537E-14));
#6489=CARTESIAN_POINT('',(-0.914099999999996,-1.49880108324396E-15,-0.645000000000044));
#6490=CARTESIAN_POINT('',(-0.914099999999996,-1.51788304147971E-15,-0.645000000000045));
#6491=CARTESIAN_POINT('',(-0.914099999999996,0.5898390066582,-0.645000000000045));
#6492=CARTESIAN_POINT('',(-0.914099999999996,0.270000000000003,-0.645000000000045));
#6493=CARTESIAN_POINT('',(-0.914099999999996,0.270000000000003,-1.20097332891838));
#6494=CARTESIAN_POINT('',(-0.914099999999996,0.270000000000003,-0.287500000000016));
#6495=CARTESIAN_POINT('',(-0.914099999999996,0.2498390066582,-0.287500000000016));
#6496=CARTESIAN_POINT('',(-0.914099999999996,0.420000000000101,-0.287500000000016));
#6497=CARTESIAN_POINT('',(-0.914099999999995,0.420000000000101,-0.0375000000000156));
#6498=CARTESIAN_POINT('',(-0.914099999999996,0.485113863090001,-0.278871466485813));
#6499=CARTESIAN_POINT('',(-0.914099999999996,0.484246936756479,-0.26176346728009));
#6500=CARTESIAN_POINT('',(-0.914099999999996,0.499912520121885,-0.259352658738918));
#6501=CARTESIAN_POINT('',(-0.914099999999996,1.00613961606655E-13,-0.250000000000029));
#6502=CARTESIAN_POINT('',(-0.914099999999996,0.496692906130004,-0.192587832298282));
#6503=CARTESIAN_POINT('',(-0.914099999999996,0.478403691724479,-0.190716347791737));
#6504=CARTESIAN_POINT('',(-0.914099999999995,0.471226649009442,-0.175683893488488));
#6505=CARTESIAN_POINT('',(-0.914099999999994,0.420000000000101,-1.7059176598128E-15));
#6506=CARTESIAN_POINT('',(-0.914099999999996,0.0796780133164032,-0.392917691264245));
#6507=CARTESIAN_POINT('',(-0.28414999999999,0.156124949960114,0.224999999999921));
#6508=CARTESIAN_POINT('',(-0.310779450208592,0.156124949960114,0.224999999999921));
#6509=CARTESIAN_POINT('',(-0.310779450208592,0.156124949960114,0.224999999999921));
#6510=CARTESIAN_POINT('',(-0.314423362138284,0.156124949960129,0.224999999999916));
#6511=CARTESIAN_POINT('',(-0.318111762751898,0.156524974444617,0.224869347760484));
#6512=CARTESIAN_POINT('',(-0.321620755028938,0.15745736941149,0.224559982318377));
#6513=CARTESIAN_POINT('',(-0.325160817086102,0.158398020112296,0.224247877652155));
#6514=CARTESIAN_POINT('',(-0.32861927020237,0.159930992824463,0.22373748597611));
#6515=CARTESIAN_POINT('',(-0.331515161715104,0.162073251448414,0.223003447307675));
#6516=CARTESIAN_POINT('',(-0.332058848738956,0.16247544821941,0.222865635757319));
#6517=CARTESIAN_POINT('',(-0.332585025405635,0.16289964892123,0.222719711257803));
#6518=CARTESIAN_POINT('',(-0.333090316935845,0.163343992084092,0.22256612262205));
#6519=CARTESIAN_POINT('',(-0.333454284280999,0.1636640576139,0.222455490947741));
#6520=CARTESIAN_POINT('',(-0.333796772215597,0.164005150963812,0.222337202474052));
#6521=CARTESIAN_POINT('',(-0.33414999999999,0.164335549530807,0.222222222222137));
#6522=CARTESIAN_POINT('',(-0.33414999999999,0.164335549530807,0.222222222222137));
#6523=CARTESIAN_POINT('',(-0.33414999999999,1.00613961606655E-13,-0.250000000000029));
#6524=CARTESIAN_POINT('',(-0.33414999999999,0.307453837062702,0.14429955373483));
#6525=CARTESIAN_POINT('',(-2.41999999999997,0.3074538370627,0.144299553734797));
#6526=CARTESIAN_POINT('',(-0.75000000000002,0.0999999999999994,0.239897948556607));
#6527=CARTESIAN_POINT('',(0.72085000000001,0.0999999999999994,0.239897948556607));
#6528=CARTESIAN_POINT('',(0.72085000000001,0.,-0.250000000000028));
#6529=CARTESIAN_POINT('',(0.72085000000001,0.156124949960098,0.224999999999926));
#6530=CARTESIAN_POINT('',(0.72085000000001,0.156124949960098,0.224999999999926));
#6531=CARTESIAN_POINT('',(0.33000000000003,1.00613961606655E-13,-0.250000000000029));
#6532=CARTESIAN_POINT('',(-0.914099999999995,0.485049086332321,-0.277593156350251));
#6533=CARTESIAN_POINT('',(-1.07606666666666,0.485049086332321,-0.277593156350251));
#6534=CARTESIAN_POINT('',(-1.23803333333333,0.485049086332321,-0.277593156350251));
#6535=CARTESIAN_POINT('',(-1.39999999999999,0.485049086332321,-0.277593156350251));
#6536=CARTESIAN_POINT('',(-1.66249999999997,0.420000000000101,-0.287500000000016));
#6537=CARTESIAN_POINT('',(-1.66249999999997,0.420000000000101,-0.0375000000000156));
#6538=CARTESIAN_POINT('',(-1.66999999999997,0.499912520121885,-0.259352658738918));
#6539=CARTESIAN_POINT('',(-1.29204999999998,0.484246936756479,-0.26176346728009));
#6540=CARTESIAN_POINT('',(-0.914099999999996,0.494171356187437,-0.19232980909699));
#6541=CARTESIAN_POINT('',(-1.07606666666666,0.494171356187437,-0.192329809096991));
#6542=CARTESIAN_POINT('',(-1.23803333333333,0.494171356187437,-0.192329809096991));
#6543=CARTESIAN_POINT('',(-1.39999999999999,0.494171356187437,-0.192329809096991));
#6544=CARTESIAN_POINT('',(0.33000000000003,1.00613961606655E-13,-0.250000000000029));
#6545=CARTESIAN_POINT('',(-1.39999999999999,0.471574719667396,-0.176412934190657));
#6546=CARTESIAN_POINT('',(-1.23803333333333,0.471574719667396,-0.176412934190657));
#6547=CARTESIAN_POINT('',(-1.07606666666666,0.471574719667395,-0.176412934190657));
#6548=CARTESIAN_POINT('',(-0.914099999999995,0.471574719667395,-0.176412934190656));
#6549=CARTESIAN_POINT('',(-1.29204999999998,0.478403691724479,-0.190716347791738));
#6550=CARTESIAN_POINT('',(0.20449494936622,0.307453837062699,-0.144299553734831));
#6551=CARTESIAN_POINT('',(0.00462425642882772,0.307453837062699,-0.144299553734831));
#6552=CARTESIAN_POINT('',(-0.234268397104388,0.307453837062701,-0.144299553734832));
#6553=CARTESIAN_POINT('',(-0.234268397104388,0.307453837062701,-0.144299553734832));
#6554=CARTESIAN_POINT('',(-0.238981410343164,0.307453837062701,-0.144299553734832));
#6555=CARTESIAN_POINT('',(-0.243760699955665,0.306759845475124,-0.143764780257159));
#6556=CARTESIAN_POINT('',(-0.248184256732978,0.305491318482489,-0.142747195619043));
#6557=CARTESIAN_POINT('',(-0.252595706744156,0.304226263302336,-0.141732395993046));
#6558=CARTESIAN_POINT('',(-0.256771480222477,0.302365720774032,-0.140212856762961));
#6559=CARTESIAN_POINT('',(-0.260462309861829,0.300166311761442,-0.138307220213274));
#6560=CARTESIAN_POINT('',(-0.26524751087584,0.297314753909772,-0.135836541574338));
#6561=CARTESIAN_POINT('',(-0.269354218624948,0.293828663420659,-0.13264915034368));
#6562=CARTESIAN_POINT('',(-0.272690462429442,0.290233123055242,-0.129033164914998));
#6563=CARTESIAN_POINT('',(-0.277379193445748,0.285179978675026,-0.123951287202364));
#6564=CARTESIAN_POINT('',(-0.280728881806879,0.279783933650936,-0.11788156410063));
#6565=CARTESIAN_POINT('',(-0.283123778571939,0.274780530581353,-0.111356659889476));
#6566=CARTESIAN_POINT('',(-0.284106140490313,0.27272818631769,-0.108680211571705));
#6567=CARTESIAN_POINT('',(-0.284937322365805,0.270721224339583,-0.105908863562599));
#6568=CARTESIAN_POINT('',(-0.2856446297509,0.26878327402361,-0.103065521805304));
#6569=CARTESIAN_POINT('',(-0.2856446297509,0.26878327402361,-0.103065521805304));
#6570=CARTESIAN_POINT('',(-0.2856446297509,0.26878327402361,-0.103065521805304));
#6571=CARTESIAN_POINT('',(-0.286397257677492,0.266721150032153,-0.100039993645318));
#6572=CARTESIAN_POINT('',(-0.287417041303583,0.264776363872898,-0.0969899632779273));
#6573=CARTESIAN_POINT('',(-0.288658989610804,0.262966058137143,-0.0939645736593528));
#6574=CARTESIAN_POINT('',(-0.291880196749116,0.258270717981166,-0.08611770388316));
#6575=CARTESIAN_POINT('',(-0.296626493518109,0.254395180548763,-0.0782517047786076));
#6576=CARTESIAN_POINT('',(-0.302518032674127,0.251401216873232,-0.0711579252658606));
#6577=CARTESIAN_POINT('',(-0.306117508327199,0.249572034537196,-0.0668239327440061));
#6578=CARTESIAN_POINT('',(-0.310213991274632,0.248031328856389,-0.0626820567474413));
#6579=CARTESIAN_POINT('',(-0.314885343450823,0.246852435605014,-0.0592361455874024));
#6580=CARTESIAN_POINT('',(-0.317850520155879,0.246104124050912,-0.0570488269879788));
#6581=CARTESIAN_POINT('',(-0.321109196053917,0.245491370398089,-0.0551148611368731));
#6582=CARTESIAN_POINT('',(-0.32460589208847,0.245085144318563,-0.053793989097708));
#6583=CARTESIAN_POINT('',(-0.327622460765871,0.244734696680183,-0.0526544844965567));
#6584=CARTESIAN_POINT('',(-0.330906395389514,0.24453690476195,-0.0519779011643446));
#6585=CARTESIAN_POINT('',(-0.334149999999938,0.244536904761948,-0.0519779011643378));
#6586=CARTESIAN_POINT('',(0.20449494936622,0.307453837062699,0.144299553734831));
#6587=CARTESIAN_POINT('',(0.00462425642882772,0.307453837062699,0.14429955373483));
#6588=CARTESIAN_POINT('',(0.11717041936623,0.420000000000101,-1.69849394635847E-16));
#6589=CARTESIAN_POINT('',(0.11717041936623,0.420000000000101,-1.69849394635847E-16));
#6590=CARTESIAN_POINT('',(0.20449494936622,0.420000000000101,-4.0583122875101E-17));
#6591=CARTESIAN_POINT('',(-2.08249999999997,0.270000000000003,-0.287500000000016));
#6592=CARTESIAN_POINT('',(-1.73134999999998,0.270000000000003,-0.645000000000045));
#6593=CARTESIAN_POINT('',(-1.02999999999999,0.270000000000003,-2.00902896657251));
#6594=CARTESIAN_POINT('',(-1.66999999999997,-0.270000000000003,-0.645000000000045));
#6595=CARTESIAN_POINT('',(-0.38414999999999,-0.270000000000003,-0.645000000000045));
#6596=CARTESIAN_POINT('',(-0.38414999999999,-0.270000000000003,-1.11076448328627));
#6597=CARTESIAN_POINT('',(0.72085000000001,-0.270000000000003,0.170832508249979));
#6598=CARTESIAN_POINT('',(0.72085000000001,-0.270000000000003,0.170832508249979));
#6599=CARTESIAN_POINT('',(0.33000000000003,-0.270000000000003,0.170832508249978));
#6600=CARTESIAN_POINT('',(-1.03,-0.270000000000003,-1.11076448328627));
#6601=CARTESIAN_POINT('',(0.72085000000001,0.,-0.250000000000028));
#6602=CARTESIAN_POINT('',(0.72085000000001,-0.0999999999999962,0.239897948556602));
#6603=CARTESIAN_POINT('',(0.33000000000003,-0.0999999999999994,0.239897948556603));
#6604=CARTESIAN_POINT('',(0.33000000000003,1.00613961606655E-13,-0.250000000000029));
#6605=CARTESIAN_POINT('',(5.32240500000006,-5.42101086242752E-16,-0.645000000000044));
#6606=CARTESIAN_POINT('',(-0.38414999999999,-5.42101086242752E-16,-0.645000000000044));
#6607=CARTESIAN_POINT('',(-0.38414999999999,1.1,-0.645000000000045));
#6608=CARTESIAN_POINT('',(-2.43269999999997,1.1,-0.645000000000045));
#6609=CARTESIAN_POINT('',(-2.19499999999997,0.420000000000101,-0.287500000000016));
#6610=CARTESIAN_POINT('',(0.83550000000002,-0.0999999999999994,0.224999999999923));
#6611=CARTESIAN_POINT('',(0.72085000000001,-0.0999999999999962,0.224999999999908));
#6612=CARTESIAN_POINT('',(0.72085000000001,-0.0999999999999962,0.224999999999908));
#6613=CARTESIAN_POINT('',(0.83550000000002,-0.0999999999999994,0.249999999999978));
#6614=CARTESIAN_POINT('',(-1.74,0.0999999999999994,0.224999999999926));
#6615=CARTESIAN_POINT('',(0.72085000000001,0.0999999999999994,0.224999999999926));
#6616=CARTESIAN_POINT('',(0.72085000000001,0.0999999999999994,0.224999999999926));
#6617=CARTESIAN_POINT('',(0.72085000000001,0.0999999999999994,0.239897948556607));
#6618=CARTESIAN_POINT('',(-1.12999999999997,0.0999999999999994,0.249999999999957));
#6619=CARTESIAN_POINT('',(0.72085000000001,0.,0.224999999999908));
#6620=CARTESIAN_POINT('',(0.72085000000001,-5.51091059616309E-17,0.225));
#6621=CARTESIAN_POINT('',(0.72085000000001,-5.51091059616309E-17,0.225));
#6622=CARTESIAN_POINT('',(-0.14724999999997,3.46944695195361E-15,0.224999999999902));
#6623=CARTESIAN_POINT('',(-1.02999999999999,3.46944695195361E-15,-2.15330382111537E-14));
#6624=CARTESIAN_POINT('',(-1.02999999999999,3.46944695195361E-15,0.124999999999957));
#6625=CARTESIAN_POINT('',(-1.02999999999999,3.46944695195361E-15,-2.15330382111537E-14));
#6626=CARTESIAN_POINT('',(0.72085000000001,0.,-0.225));
#6627=CARTESIAN_POINT('',(0.72085000000001,0.,-0.225));
#6628=CARTESIAN_POINT('',(0.72085000000001,0.10897247358857,-0.224999999999979));
#6629=CARTESIAN_POINT('',(0.72085000000001,0.10897247358857,-0.224999999999979));
#6630=CARTESIAN_POINT('',(0.72085000000001,0.,0.));
#6631=CARTESIAN_POINT('',(0.72085000000001,0.,0.));
#6632=CARTESIAN_POINT('',(0.72085000000001,0.,0.));
#6633=CARTESIAN_POINT('',(0.72085000000001,0.0999999999999994,0.224999999999926));
#6634=CARTESIAN_POINT('',(0.72085000000001,0.0999999999999994,0.224999999999926));
#6635=CARTESIAN_POINT('',(0.72085000000001,0.,-0.250000000000028));
#6636=CARTESIAN_POINT('',(0.117170419366129,0.42,0.));
#6637=CARTESIAN_POINT('',(0.117170419366128,0.419999999999999,0.224999999999921));
#6638=CARTESIAN_POINT('',(-0.28414999999999,0.419999999999999,0.224999999999921));
#6639=CARTESIAN_POINT('',(-0.28414999999999,0.42,0.));
#6640=CARTESIAN_POINT('',(-0.28414999999999,0.3074538370627,0.224999999999921));
#6641=CARTESIAN_POINT('',(-0.237442682619767,0.3074538370627,0.224999999999921));
#6642=CARTESIAN_POINT('',(0.00462425642882772,0.307453837062699,0.224999999999921));
#6643=CARTESIAN_POINT('',(-0.237442682619767,0.3074538370627,0.224999999999921));
#6644=CARTESIAN_POINT('',(-0.238616352118336,0.299844846231117,0.224999999999921));
#6645=CARTESIAN_POINT('',(-0.24008467406942,0.292276287639278,0.224999999999921));
#6646=CARTESIAN_POINT('',(-0.241821688129528,0.284775819405763,0.224999999999921));
#6647=CARTESIAN_POINT('',(-0.249056587630623,0.253535350415399,0.224999999999921));
#6648=CARTESIAN_POINT('',(-0.260700133392717,0.222795428660353,0.224999999999921));
#6649=CARTESIAN_POINT('',(-0.277280473501045,0.195347241189756,0.224999999999921));
#6650=CARTESIAN_POINT('',(-0.282544549079881,0.186632743634021,0.224999999999921));
#6651=CARTESIAN_POINT('',(-0.288382258305207,0.178191458390069,0.224999999999921));
#6652=CARTESIAN_POINT('',(-0.295099186147117,0.170540586562938,0.224999999999921));
#6653=CARTESIAN_POINT('',(-0.29978337067443,0.16520509744104,0.224999999999921));
#6654=CARTESIAN_POINT('',(-0.304954925113809,0.160184991373209,0.224999999999921));
#6655=CARTESIAN_POINT('',(-0.310779450208592,0.156124949960114,0.224999999999921));
#6656=CARTESIAN_POINT('',(0.00462425642882797,0.307453837062699,0.224999999999921));
#6657=CARTESIAN_POINT('',(-0.28414999999999,0.419999999999999,0.224999999999921));
#6658=CARTESIAN_POINT('',(-0.28414999999999,0.108972473588571,-0.224999999999979));
#6659=CARTESIAN_POINT('',(-0.28414999999999,0.198431348329896,-0.224999999999979));
#6660=CARTESIAN_POINT('',(-0.28414999999999,0.2574538370627,-0.224999999999979));
#6661=CARTESIAN_POINT('',(-0.23414999999999,0.2574538370627,-0.224999999999979));
#6662=CARTESIAN_POINT('',(-0.23414999999999,0.3074538370627,-0.224999999999979));
#6663=CARTESIAN_POINT('',(-0.28414999999999,0.3074538370627,-0.224999999999979));
#6664=CARTESIAN_POINT('',(0.00462425642882772,0.307453837062699,-0.224999999999979));
#6665=CARTESIAN_POINT('',(-0.239003553522645,0.0638260271112258,-0.224999999999979));
#6666=CARTESIAN_POINT('',(0.11717041936613,0.420000000000001,-0.224999999999979));
#6667=CARTESIAN_POINT('',(-0.28414999999999,0.420000000000001,-0.224999999999979));
#6668=CARTESIAN_POINT('',(-0.33414999999999,0.108972473588571,-0.224999999999979));
#6669=CARTESIAN_POINT('',(-0.331431724334357,0.108972473588571,-0.224999999999979));
#6670=CARTESIAN_POINT('',(-0.328680449742219,0.109509073448358,-0.224999999999979));
#6671=CARTESIAN_POINT('',(-0.32613006618057,0.110449587288152,-0.224999999999979));
#6672=CARTESIAN_POINT('',(-0.322841800145496,0.111662212620834,-0.224999999999979));
#6673=CARTESIAN_POINT('',(-0.319780337406053,0.113547921647173,-0.224999999999979));
#6674=CARTESIAN_POINT('',(-0.317038635509449,0.115731090084341,-0.224999999999979));
#6675=CARTESIAN_POINT('',(-0.312259932392954,0.119536286348548,-0.224999999999979));
#6676=CARTESIAN_POINT('',(-0.308240205641487,0.12431962559355,-0.224999999999979));
#6677=CARTESIAN_POINT('',(-0.304781993669752,0.129355128750463,-0.224999999999979));
#6678=CARTESIAN_POINT('',(-0.298021174236584,0.139199559305125,-0.224999999999979));
#6679=CARTESIAN_POINT('',(-0.293102099340465,0.150400985168774,-0.224999999999979));
#6680=CARTESIAN_POINT('',(-0.289671917333257,0.161840187227959,-0.224999999999979));
#6681=CARTESIAN_POINT('',(-0.286128932286355,0.173655572463791,-0.224999999999979));
#6682=CARTESIAN_POINT('',(-0.28414999999999,0.186096192420313,-0.224999999999979));
#6683=CARTESIAN_POINT('',(-0.28414999999999,0.198431348329896,-0.224999999999979));
#6684=CARTESIAN_POINT('',(-0.28414999999999,0.108972473588571,-0.224999999999979));
#6685=CARTESIAN_POINT('',(0.117170419366129,0.42,0.));
#6686=CARTESIAN_POINT('',(-0.28414999999999,0.42,0.));
#6687=CARTESIAN_POINT('',(-0.28414999999999,3.35040883925331E-15,-2.15492446413851E-14));
#6688=CARTESIAN_POINT('',(-0.28414999999999,0.2574538370627,-0.154004940770422));
#6689=CARTESIAN_POINT('',(-0.28414999999999,0.2574538370627,-0.224999999999979));
#6690=CARTESIAN_POINT('',(-0.28414999999999,0.,0.));
#6691=CARTESIAN_POINT('',(0.00462425642882772,0.307453837062699,-0.775000000000079));
#6692=CARTESIAN_POINT('',(0.00462425642882797,0.307453837062699,-0.775000000000079));
#6693=CARTESIAN_POINT('',(-0.23414999999999,0.3074538370627,-0.144299553734846));
#6694=CARTESIAN_POINT('',(-0.23414999999999,0.3074538370627,-0.154004940770422));
#6695=CARTESIAN_POINT('',(-0.23414999999999,0.3074538370627,-0.154004940770422));
#6696=CARTESIAN_POINT('',(-0.23414999999999,0.3074538370627,-0.150769571044256));
#6697=CARTESIAN_POINT('',(-0.234191374870369,0.307453837062701,-0.147534006523243));
#6698=CARTESIAN_POINT('',(-0.234268397104388,0.307453837062701,-0.144299553734832));
#6699=CARTESIAN_POINT('',(-0.28414999999999,0.3074538370627,-0.775000000000079));
#6700=CARTESIAN_POINT('',(0.00462425642882772,0.307453837062699,-0.775000000000079));
#6701=CARTESIAN_POINT('',(0.00462425642882797,0.307453837062699,-0.775000000000079));
#6702=CARTESIAN_POINT('',(-0.33414999999999,0.307453837062702,0.14429955373483));
#6703=CARTESIAN_POINT('',(-0.329379204185615,0.307453837062702,0.14429955373483));
#6704=CARTESIAN_POINT('',(-0.324541473842507,0.3074538370627,0.145202110343923));
#6705=CARTESIAN_POINT('',(-0.320068979817717,0.3074538370627,0.146862619272136));
#6706=CARTESIAN_POINT('',(-0.315612171203042,0.3074538370627,0.148517304656842));
#6707=CARTESIAN_POINT('',(-0.311396271042821,0.3074538370627,0.150952028096447));
#6708=CARTESIAN_POINT('',(-0.307657115187103,0.3074538370627,0.153887984539729));
#6709=CARTESIAN_POINT('',(-0.303611718334042,0.3074538370627,0.157064399060727));
#6710=CARTESIAN_POINT('',(-0.300025732534696,0.3074538370627,0.160889532168728));
#6711=CARTESIAN_POINT('',(-0.297008835362945,0.3074538370627,0.165055246556806));
#6712=CARTESIAN_POINT('',(-0.293373911776484,0.3074538370627,0.170074328289346));
#6713=CARTESIAN_POINT('',(-0.290480571518639,0.3074538370627,0.17569396394525));
#6714=CARTESIAN_POINT('',(-0.288388874069339,0.3074538370627,0.181527372271256));
#6715=CARTESIAN_POINT('',(-0.287685760065325,0.3074538370627,0.1834882443307));
#6716=CARTESIAN_POINT('',(-0.287069067705772,0.3074538370627,0.185482170196906));
#6717=CARTESIAN_POINT('',(-0.286540188900551,0.3074538370627,0.187497033900866));
#6718=CARTESIAN_POINT('',(-0.286540188900551,0.3074538370627,0.187497033900866));
#6719=CARTESIAN_POINT('',(-0.286540188900551,0.3074538370627,0.187497033900866));
#6720=CARTESIAN_POINT('',(-0.285123276941202,0.3074538370627,0.192895027641437));
#6721=CARTESIAN_POINT('',(-0.282744684715735,0.3074538370627,0.198119661744729));
#6722=CARTESIAN_POINT('',(-0.279614397287389,0.3074538370627,0.202739973048064));
#6723=CARTESIAN_POINT('',(-0.276485497864793,0.3074538370627,0.207358235651783));
#6724=CARTESIAN_POINT('',(-0.272521539744923,0.3074538370627,0.211500205235556));
#6725=CARTESIAN_POINT('',(-0.268053232440679,0.3074538370627,0.214839754742371));
#6726=CARTESIAN_POINT('',(-0.26353534989879,0.3074538370627,0.218216356078695));
#6727=CARTESIAN_POINT('',(-0.258379503740111,0.3074538370627,0.220865059053093));
#6728=CARTESIAN_POINT('',(-0.253005817145497,0.3074538370627,0.222578590969816));
#6729=CARTESIAN_POINT('',(-0.248003839174387,0.3074538370627,0.224173594464965));
#6730=CARTESIAN_POINT('',(-0.24269280831093,0.3074538370627,0.224999999999911));
#6731=CARTESIAN_POINT('',(-0.237442682619767,0.3074538370627,0.224999999999921));
#6732=CARTESIAN_POINT('',(-0.28414999999999,0.3074538370627,-0.775000000000079));
#6733=CARTESIAN_POINT('',(-0.33414999999999,0.164335549530807,0.222222222222137));
#6734=CARTESIAN_POINT('',(-0.333175714512794,0.164335549530807,0.222222222222137));
#6735=CARTESIAN_POINT('',(-0.332189713680824,0.164526995900108,0.222187509548911));
#6736=CARTESIAN_POINT('',(-0.331276207892706,0.164860251665846,0.222126846708232));
#6737=CARTESIAN_POINT('',(-0.330904177749431,0.164995971868046,0.222102141440238));
#6738=CARTESIAN_POINT('',(-0.330540345878154,0.165155041701387,0.222073158359838));
#6739=CARTESIAN_POINT('',(-0.330186950151355,0.165332521585707,0.222040768515761));
#6740=CARTESIAN_POINT('',(-0.328261940411247,0.166299286263604,0.221864335241106));
#6741=CARTESIAN_POINT('',(-0.326615632563991,0.167798774904353,0.221588926794709));
#6742=CARTESIAN_POINT('',(-0.325189426213003,0.169395242470534,0.221291182110658));
#6743=CARTESIAN_POINT('',(-0.324675238726999,0.169970813911352,0.221183836781241));
#6744=CARTESIAN_POINT('',(-0.32418481303012,0.170567279744511,0.221072103478791));
#6745=CARTESIAN_POINT('',(-0.32371398429282,0.171177460650785,0.220957239055459));
#6746=CARTESIAN_POINT('',(-0.319863338023291,0.176167790773699,0.220017826848504));
#6747=CARTESIAN_POINT('',(-0.317106425149451,0.181931271362101,0.218892449214168));
#6748=CARTESIAN_POINT('',(-0.314624593073557,0.187682521805374,0.217718995078255));
#6749=CARTESIAN_POINT('',(-0.311129102072503,0.195782765316822,0.216066265059947));
#6750=CARTESIAN_POINT('',(-0.308286066231823,0.204136126884685,0.214267959286672));
#6751=CARTESIAN_POINT('',(-0.305715236750787,0.212523531831371,0.212368961436127));
#6752=CARTESIAN_POINT('',(-0.297363389303579,0.239771673767428,0.206199691763703));
#6753=CARTESIAN_POINT('',(-0.291683550979916,0.26765337900834,0.198893328586909));
#6754=CARTESIAN_POINT('',(-0.287985844064759,0.295466857009817,0.190955325810958));
#6755=CARTESIAN_POINT('',(-0.287454960859368,0.29946006379805,0.189815659402886));
#6756=CARTESIAN_POINT('',(-0.28697175676714,0.30345606784029,0.18866235247273));
#6757=CARTESIAN_POINT('',(-0.286540188900551,0.3074538370627,0.187497033900866));
#6758=CARTESIAN_POINT('',(-0.33414999999999,1.00613961606655E-13,-0.250000000000029));
#6759=CARTESIAN_POINT('',(-0.2856446297509,0.26878327402361,-0.103065521805304));
#6760=CARTESIAN_POINT('',(-0.28485915033406,0.26559340480647,-0.120154453481869));
#6761=CARTESIAN_POINT('',(-0.28414999999999,0.261733144951572,-0.13713747642704));
#6762=CARTESIAN_POINT('',(-0.28414999999999,0.2574538370627,-0.154004940770422));
#6763=CARTESIAN_POINT('',(-0.33414999999999,3.35040883925331E-15,-2.15492446413851E-14));
#6764=CARTESIAN_POINT('',(-0.23414999999999,0.2574538370627,-0.154004940770422));
#6765=CARTESIAN_POINT('',(-0.28414999999999,0.2574538370627,-0.154004940770422));
#6766=CARTESIAN_POINT('',(-0.28414999999999,0.3074538370627,-0.154004940770422));
#6767=CARTESIAN_POINT('',(-0.23414999999999,0.3074538370627,-0.154004940770422));
#6768=CARTESIAN_POINT('',(-0.28414999999999,0.261544521955234,-0.137881280466878));
#6769=CARTESIAN_POINT('',(-0.280216017914346,0.3074538370627,-0.138497828499091));
#6770=CARTESIAN_POINT('',(-0.234150238205363,0.3074538370627,-0.135428203605912));
#6771=CARTESIAN_POINT('',(-0.28482833998445,0.265482560721772,-0.120796170429886));
#6772=CARTESIAN_POINT('',(-0.277871834157935,0.307453837062701,-0.120771126733883));
#6773=CARTESIAN_POINT('',(-0.235506950369193,0.3074538370627,-0.116902758393424));
#6774=CARTESIAN_POINT('',(-0.285659480346087,0.268843452844171,-0.102742693637616));
#6775=CARTESIAN_POINT('',(-0.276663033946277,0.3074538370627,-0.10193513379388));
#6776=CARTESIAN_POINT('',(-0.237168960693844,0.3074538370627,-0.0983899753827883));
#6777=CARTESIAN_POINT('',(-0.23414999999999,0.2574538370627,-0.775000000000079));
#6778=CARTESIAN_POINT('',(-0.335334342862702,0.147923332428332,0.224999999999921));
#6779=CARTESIAN_POINT('',(-0.335029784874705,0.156375721628296,0.224999999999921));
#6780=CARTESIAN_POINT('',(-0.334742171431346,0.164357849361674,0.222218174320447));
#6781=CARTESIAN_POINT('',(-0.274298046131322,0.145726955465026,0.224999999999921));
#6782=CARTESIAN_POINT('',(-0.285627451732943,0.153887610029942,0.224999999999926));
#6783=CARTESIAN_POINT('',(-0.305154572625481,0.162132299314643,0.222621724637096));
#6784=CARTESIAN_POINT('',(-0.243861941348196,0.264704780593118,0.224999999999921));
#6785=CARTESIAN_POINT('',(-0.274770491180238,0.282711811113203,0.224999999999923));
#6786=CARTESIAN_POINT('',(-0.288593583037555,0.283510347464025,0.194585149084069));
#6787=CARTESIAN_POINT('',(-0.23726584444048,0.308615479749664,0.224999999999921));
#6788=CARTESIAN_POINT('',(-0.277620272620071,0.314677234264599,0.224999999999921));
#6789=CARTESIAN_POINT('',(-0.285707922220235,0.315892103330785,0.185020770910328));
#6790=CARTESIAN_POINT('',(-0.28414999999999,-0.170000000000003,-1.09633888160506E-17));
#6791=CARTESIAN_POINT('',(-0.28414999999999,-0.170000000000003,-0.545000000000045));
#6792=CARTESIAN_POINT('',(-0.28414999999999,5.50065044018871E-17,-0.545000000000045));
#6793=CARTESIAN_POINT('',(-0.28414999999999,-0.100000000000001,-0.545000000000045));
#6794=CARTESIAN_POINT('',(-0.28414999999999,-0.0999999999999991,3.79443312213623E-16));
#6795=CARTESIAN_POINT('',(-0.28414999999999,0.,0.));
#6796=CARTESIAN_POINT('',(-0.38414999999999,-1.49880108324396E-15,-0.645000000000044));
#6797=CARTESIAN_POINT('',(5.32240500000006,-1.49880108324396E-15,-0.645000000000044));
#6798=CARTESIAN_POINT('',(-0.38414999999999,-0.100000000000001,-0.545000000000045));
#6799=CARTESIAN_POINT('',(-0.38414999999999,-0.100000000000002,-0.645000000000044));
#6800=CARTESIAN_POINT('',(-0.38414999999999,-0.170000000000003,-0.545000000000045));
#6801=CARTESIAN_POINT('',(-0.38414999999999,1.1,-0.545000000000045));
#6802=CARTESIAN_POINT('',(-0.38414999999999,-0.170000000000003,-1.11076448328627));
#6803=CARTESIAN_POINT('',(-0.85,0.,0.));
#6804=CARTESIAN_POINT('',(-0.85,0.,-0.125));
#6805=CARTESIAN_POINT('',(-1.02999999999999,3.46944695195361E-15,-2.15330382111537E-14));
#6806=CARTESIAN_POINT('',(-0.725,0.,0.));
#6807=CARTESIAN_POINT('',(-0.725,0.,-0.05));
#6808=CARTESIAN_POINT('',(-0.725,0.,0.));
#6809=CARTESIAN_POINT('',(-9.09856500000009,0.,0.));
#6810=CARTESIAN_POINT('',(-1.02999999999999,0.,0.));
#6811=CARTESIAN_POINT('',(-1.02999999999999,-0.05,-9.18485099360515E-18));
#6812=CARTESIAN_POINT('',(-1.02999999999999,3.46944695195361E-15,-2.15330382111537E-14));
#6813=CARTESIAN_POINT('',(-1.02999999999999,3.46944695195361E-15,0.0599999999999798));
#6814=CARTESIAN_POINT('',(-1.02999999999999,3.46944695195361E-15,-2.15330382111537E-14));
#6815=CARTESIAN_POINT('',(-0.85,0.,0.));
#6816=CARTESIAN_POINT('',(-0.85,0.,-0.05));
#6817=CARTESIAN_POINT('',(0.751999999999947,0.,0.));
#6818=CARTESIAN_POINT('',(-0.86,3.46944695195361E-15,-2.15330382111537E-14));
#6819=CARTESIAN_POINT('',(-0.86,3.46944695195361E-15,-0.0600000000000228));
#6820=CARTESIAN_POINT('',(-1.02999999999999,3.46944695195361E-15,-2.15330382111537E-14));
#6821=CARTESIAN_POINT('',(-0.86,3.46944695195361E-15,-2.15330382111537E-14));
#6822=CARTESIAN_POINT('',(0.,0.37,0.));
#6823=CARTESIAN_POINT('',(0.,0.37,-0.075));
#6824=CARTESIAN_POINT('',(0.,0.37,0.42));
#6825=CARTESIAN_POINT('',(0.,0.37,0.295));
#6826=CARTESIAN_POINT('',(-0.14,0.37,0.56));
#6827=CARTESIAN_POINT('',(-0.14,0.37,-0.14));
#6828=CARTESIAN_POINT('',(-0.14,0.37,0.56));
#6829=CARTESIAN_POINT('',(0.14,0.37,0.56));
#6830=CARTESIAN_POINT('',(0.14,0.37,0.56));
#6831=CARTESIAN_POINT('',(0.14,0.37,-0.14));
#6832=CARTESIAN_POINT('',(0.14,0.37,-0.14));
#6833=CARTESIAN_POINT('',(-0.14,0.37,-0.14));
#6834=CARTESIAN_POINT('',(0.,0.37,0.42));
#6835=CARTESIAN_POINT('',(-0.14,3.663,-0.14));
#6836=CARTESIAN_POINT('',(-0.14,0.,-0.14));
#6837=CARTESIAN_POINT('',(-0.14,0.,0.56));
#6838=CARTESIAN_POINT('',(-0.14,0.,0.56));
#6839=CARTESIAN_POINT('',(-0.14,3.663,0.56));
#6840=CARTESIAN_POINT('',(-0.14,3.663,0.56));
#6841=CARTESIAN_POINT('',(0.14,3.663,-0.14));
#6842=CARTESIAN_POINT('',(0.14,0.,-0.14));
#6843=CARTESIAN_POINT('',(-0.14,0.,-0.14));
#6844=CARTESIAN_POINT('',(-0.14,3.663,-0.14));
#6845=CARTESIAN_POINT('',(0.14,3.663,0.56));
#6846=CARTESIAN_POINT('',(0.14,0.,0.56));
#6847=CARTESIAN_POINT('',(0.14,0.,-0.14));
#6848=CARTESIAN_POINT('',(0.14,3.663,-0.14));
#6849=CARTESIAN_POINT('',(0.14,0.,0.56));
#6850=CARTESIAN_POINT('',(0.14,3.663,0.56));
#6851=CARTESIAN_POINT('',(0.,0.,0.));
#6852=CARTESIAN_POINT('',(-0.125,0.,0.));
#6853=CARTESIAN_POINT('',(0.125,0.,4.44089209850063E-19));
#6854=CARTESIAN_POINT('',(0.,0.,0.));
#6855=CARTESIAN_POINT('',(0.,0.,0.));
#6856=CARTESIAN_POINT('',(0.075,0.335,-1.20802838631833E-18));
#6857=CARTESIAN_POINT('',(0.075,0.335,0.0926241465073997));
#6858=CARTESIAN_POINT('',(0.075,0.335,0.295903263540091));
#6859=CARTESIAN_POINT('',(0.075,0.335,0.0926241465073997));
#6860=CARTESIAN_POINT('',(0.0803812080574719,0.335,0.0891383115969261));
#6861=CARTESIAN_POINT('',(0.0855058499870731,0.334121610362348,0.0851700636493089));
#6862=CARTESIAN_POINT('',(0.0901077783185388,0.332662931448641,0.0809507086465108));
#6863=CARTESIAN_POINT('',(0.0970629949940456,0.330458327818582,0.0745737018438002));
#6864=CARTESIAN_POINT('',(0.103017335721183,0.326887377198012,0.0674590916885204));
#6865=CARTESIAN_POINT('',(0.107766050149629,0.32276752517166,0.0600849434333817));
#6866=CARTESIAN_POINT('',(0.115692273401299,0.315890955224836,0.0477765289684038));
#6867=CARTESIAN_POINT('',(0.120589033713721,0.306760723776051,0.0344817195699334));
#6868=CARTESIAN_POINT('',(0.122733325756935,0.299883870873612,0.02));
#6869=CARTESIAN_POINT('',(0.123407127484274,0.297722954696645,0.0154494035959565));
#6870=CARTESIAN_POINT('',(0.12382692158773,0.295803882671701,0.0106392373695408));
#6871=CARTESIAN_POINT('',(0.12400370970909,0.294931587725674,0.00563530465502316));
#6872=CARTESIAN_POINT('',(0.124069314166322,0.294607887037866,0.00377839092554282));
#6873=CARTESIAN_POINT('',(0.124102123024651,0.294433001350155,0.00188605797334777));
#6874=CARTESIAN_POINT('',(0.124102123024651,0.294433001350155,4.4089931003786E-19));
#6875=CARTESIAN_POINT('',(0.124102123024651,0.294433001350155,4.4089931003786E-19));
#6876=CARTESIAN_POINT('',(0.075,0.285,2.66453525910038E-19));
#6877=CARTESIAN_POINT('',(0.125,0.285,4.44089209850063E-19));
#6878=CARTESIAN_POINT('',(0.125,0.285,0.346515307716505));
#6879=CARTESIAN_POINT('',(0.125,0.285,0.295903263540091));
#6880=CARTESIAN_POINT('',(0.075,0.285,0.295903263540091));
#6881=CARTESIAN_POINT('',(0.075,0.285,-1.20802838631833E-18));
#6882=CARTESIAN_POINT('',(-0.075,0.285,0.));
#6883=CARTESIAN_POINT('',(-0.124102123024651,0.294433001350155,0.));
#6884=CARTESIAN_POINT('',(-0.125,0.285,0.));
#6885=CARTESIAN_POINT('',(-0.124102123024651,0.294433001350155,0.));
#6886=CARTESIAN_POINT('',(-0.124102123024651,0.294433001350155,0.00386286874040338));
#6887=CARTESIAN_POINT('',(-0.12396336211593,0.295202048856103,0.00774969071066533));
#6888=CARTESIAN_POINT('',(-0.123685011107315,0.296391650164949,0.0114142676777354));
#6889=CARTESIAN_POINT('',(-0.123047697160174,0.299115367637496,0.019804702557456));
#6890=CARTESIAN_POINT('',(-0.121649988738373,0.303639243995652,0.0275211809364383));
#6891=CARTESIAN_POINT('',(-0.119417301225597,0.307958731498814,0.0349090992893059));
#6892=CARTESIAN_POINT('',(-0.117534694206306,0.311600932857788,0.0411386082866366));
#6893=CARTESIAN_POINT('',(-0.115041888417041,0.31530060975181,0.0471888794447328));
#6894=CARTESIAN_POINT('',(-0.111916067563195,0.318722454769332,0.0530315537418293));
#6895=CARTESIAN_POINT('',(-0.10711783932286,0.323975088930026,0.0620002330495114));
#6896=CARTESIAN_POINT('',(-0.100674575305088,0.32872738658648,0.0706815489878453));
#6897=CARTESIAN_POINT('',(-0.0927846118067878,0.331730157103116,0.0784134448495594));
#6898=CARTESIAN_POINT('',(-0.0875009740955285,0.333741009440186,0.0835912300906802));
#6899=CARTESIAN_POINT('',(-0.0814341535132203,0.335,0.0884562353810891));
#6900=CARTESIAN_POINT('',(-0.075,0.335,0.0926241465073998));
#6901=CARTESIAN_POINT('',(-0.075,0.335,0.0926241465073998));
#6902=CARTESIAN_POINT('',(-0.075,0.335,0.346515307716505));
#6903=CARTESIAN_POINT('',(-0.075,0.335,0.295903263540091));
#6904=CARTESIAN_POINT('',(-0.075,0.285,0.295903263540091));
#6905=CARTESIAN_POINT('',(-0.125,0.285,0.295903263540091));
#6906=CARTESIAN_POINT('',(-0.125,0.285,0.));
#6907=CARTESIAN_POINT('',(-0.075,0.285,0.42));
#6908=CARTESIAN_POINT('',(0.,0.294433001350155,0.));
#6909=CARTESIAN_POINT('',(0.,0.285,0.));
#6910=CARTESIAN_POINT('',(0.,0.285,0.));
#6911=CARTESIAN_POINT('',(0.235,0.1,0.333125322267253));
#6912=CARTESIAN_POINT('',(-0.075,0.1,0.333125322267253));
#6913=CARTESIAN_POINT('',(0.075,0.1,0.333125322267253));
#6914=CARTESIAN_POINT('',(0.075,0.1,0.333125322267253));
#6915=CARTESIAN_POINT('',(0.075,0.1,0.212132034355964));
#6916=CARTESIAN_POINT('',(0.,0.1,0.));
#6917=CARTESIAN_POINT('',(-0.075,0.1,0.212132034355964));
#6918=CARTESIAN_POINT('',(-0.075,0.1,0.187082869338697));
#6919=CARTESIAN_POINT('',(0.,0.1,0.42));
#6920=CARTESIAN_POINT('',(-0.125,0.1,0.));
#6921=CARTESIAN_POINT('',(0.125,0.1,4.44089209850063E-19));
#6922=CARTESIAN_POINT('',(0.,0.335,0.));
#6923=CARTESIAN_POINT('',(0.,0.335,0.));
#6924=CARTESIAN_POINT('',(0.,0.335,0.42));
#6925=CARTESIAN_POINT('',(0.,0.335,0.));
#6926=CARTESIAN_POINT('',(-0.125,0.1,0.42));
#6927=CARTESIAN_POINT('',(-0.125,0.355,0.42));
#6928=CARTESIAN_POINT('',(-0.125,0.177749814347947,0.42));
#6929=CARTESIAN_POINT('',(0.,0.355,0.42));
#6930=CARTESIAN_POINT('',(0.125,0.355,0.42));
#6931=CARTESIAN_POINT('',(0.125,0.1,0.42));
#6932=CARTESIAN_POINT('',(0.125,0.177749814347947,0.42));
#6933=CARTESIAN_POINT('',(0.125,0.177749814347947,0.42));
#6934=CARTESIAN_POINT('',(0.125,0.184260749743276,0.43432185302196));
#6935=CARTESIAN_POINT('',(0.122508007730603,0.192399809186099,0.448062462888009));
#6936=CARTESIAN_POINT('',(0.11828243482151,0.201163026189137,0.460426051163764));
#6937=CARTESIAN_POINT('',(0.115292708958105,0.207363278103907,0.469173679101497));
#6938=CARTESIAN_POINT('',(0.11140715670833,0.214034682278361,0.477340256376903));
#6939=CARTESIAN_POINT('',(0.106939236538392,0.221066254782329,0.484722482095372));
#6940=CARTESIAN_POINT('',(0.0989335079139596,0.233665598353542,0.497950134671626));
#6941=CARTESIAN_POINT('',(0.0891080757724191,0.247709504779906,0.508895089134552));
#6942=CARTESIAN_POINT('',(0.0775381300461459,0.261134105399982,0.51804508345117));
#6943=CARTESIAN_POINT('',(0.0656027722438789,0.274982693417927,0.527484060836307));
#6944=CARTESIAN_POINT('',(0.0518212287652414,0.28925448895047,0.535066254297815));
#6945=CARTESIAN_POINT('',(0.035182019582301,0.300329136627357,0.539946761098875));
#6946=CARTESIAN_POINT('',(0.0299275793924011,0.303826362559349,0.541487960010471));
#6947=CARTESIAN_POINT('',(0.0242833667960987,0.306990528641122,0.542769402575247));
#6948=CARTESIAN_POINT('',(0.0182652334280707,0.309272394845957,0.543658324619971));
#6949=CARTESIAN_POINT('',(0.0147069187576744,0.310621583621947,0.544183913562447));
#6950=CARTESIAN_POINT('',(0.0109798520396043,0.311663599689393,0.544574708371263));
#6951=CARTESIAN_POINT('',(0.0071894125862441,0.312249296527793,0.544793078120001));
#6952=CARTESIAN_POINT('',(0.00381995680792681,0.312769943175964,0.544987194718024));
#6953=CARTESIAN_POINT('',(0.000362725205445263,0.312930533922821,0.545045912361811));
#6954=CARTESIAN_POINT('',(-0.00304386877631614,0.31270643917612,0.544962933955924));
#6955=CARTESIAN_POINT('',(-0.0063545867716077,0.312488651404955,0.544882290913911));
#6956=CARTESIAN_POINT('',(-0.0096537199085377,0.311908594986505,0.5446678343596));
#6957=CARTESIAN_POINT('',(-0.0128404005919825,0.311041671418459,0.544338747430708));
#6958=CARTESIAN_POINT('',(-0.0194892075787576,0.309232890417535,0.543652128440787));
#6959=CARTESIAN_POINT('',(-0.0257717863708782,0.306173885268787,0.542459650980101));
#6960=CARTESIAN_POINT('',(-0.031541320801481,0.302652709644142,0.540955136650322));
#6961=CARTESIAN_POINT('',(-0.0394511872261771,0.297825278733756,0.538892490603966));
#6962=CARTESIAN_POINT('',(-0.0466413163771358,0.292051272697881,0.536206255698511));
#6963=CARTESIAN_POINT('',(-0.0533068924598164,0.286066431187551,0.533063589259662));
#6964=CARTESIAN_POINT('',(-0.0658055405106505,0.27484423122317,0.527170763002318));
#6965=CARTESIAN_POINT('',(-0.0767389277234145,0.262630729813496,0.519539311572681));
#6966=CARTESIAN_POINT('',(-0.0862317049820547,0.250591552103377,0.510493607817834));
#6967=CARTESIAN_POINT('',(-0.0989902802145551,0.234410538858579,0.498335912683664));
#6968=CARTESIAN_POINT('',(-0.109641302480073,0.217995817339373,0.483166958486575));
#6969=CARTESIAN_POINT('',(-0.116688410999461,0.204352645838743,0.464819802971687));
#6970=CARTESIAN_POINT('',(-0.121870368193581,0.194320399206838,0.451328571177762));
#6971=CARTESIAN_POINT('',(-0.125,0.185030758825188,0.43601561224811));
#6972=CARTESIAN_POINT('',(-0.125,0.177749814347947,0.42));
#6973=CARTESIAN_POINT('',(0.,0.1,0.42));
#6974=CARTESIAN_POINT('',(0.125,0.,4.44089209850063E-19));
#6975=CARTESIAN_POINT('',(0.125,2.10818505989066E-5,1.4907120513218E-5));
#6976=CARTESIAN_POINT('',(0.125,4.21637021338951E-5,2.98142397026159E-5));
#6977=CARTESIAN_POINT('',(0.125,6.32455517967365E-5,4.47213615396293E-5));
#6978=CARTESIAN_POINT('',(0.125,0.00385054161497372,0.00272274462560512));
#6979=CARTESIAN_POINT('',(0.125,0.0076378022021379,0.00540084323275242));
#6980=CARTESIAN_POINT('',(0.125,0.011416846098757,0.00809049884276239));
#6981=CARTESIAN_POINT('',(0.125,0.0151957024717752,0.0107800209867638));
#6982=CARTESIAN_POINT('',(0.125,0.0189663970332593,0.0134811462087387));
#6983=CARTESIAN_POINT('',(0.125,0.0227205298423519,0.0162050719974982));
#6984=CARTESIAN_POINT('',(0.125,0.0302231046710482,0.0216487944487889));
#6985=CARTESIAN_POINT('',(0.125,0.0376613394122197,0.0271853472006341));
#6986=CARTESIAN_POINT('',(0.125,0.0449624871997249,0.0328963877513463));
#6987=CARTESIAN_POINT('',(0.125,0.0707056390654129,0.0530329729139818));
#6988=CARTESIAN_POINT('',(0.125,0.0951125865094419,0.0759185446135472));
#6989=CARTESIAN_POINT('',(0.125,0.113752590934136,0.102765186210577));
#6990=CARTESIAN_POINT('',(0.125,0.125075095454572,0.119072651268804));
#6991=CARTESIAN_POINT('',(0.125,0.134418367467045,0.137046967111796));
#6992=CARTESIAN_POINT('',(0.125,0.140693139745645,0.155882034355964));
#6993=CARTESIAN_POINT('',(0.125,0.146699933161176,0.173912705889531));
#6994=CARTESIAN_POINT('',(0.125,0.15,0.193127122278077));
#6995=CARTESIAN_POINT('',(0.125,0.15,0.212132034355964));
#6996=CARTESIAN_POINT('',(0.125,0.15,0.212132034355964));
#6997=CARTESIAN_POINT('',(0.125,0.15,0.187082869338697));
#6998=CARTESIAN_POINT('',(0.125,0.15,0.333110432310255));
#6999=CARTESIAN_POINT('',(0.125,0.15,0.333110432310255));
#7000=CARTESIAN_POINT('',(0.125,0.150009751292535,0.348403254480564));
#7001=CARTESIAN_POINT('',(0.125,0.152253191924152,0.363882887510069));
#7002=CARTESIAN_POINT('',(0.125,0.156812273175453,0.378480328490065));
#7003=CARTESIAN_POINT('',(0.125,0.16143313183523,0.393275570742823));
#7004=CARTESIAN_POINT('',(0.125,0.168389074983233,0.407645725977731));
#7005=CARTESIAN_POINT('',(0.125,0.177749814347947,0.42));
#7006=CARTESIAN_POINT('',(0.125,0.355,0.42));
#7007=CARTESIAN_POINT('',(0.125,0.354987314593892,0.419986869356254));
#7008=CARTESIAN_POINT('',(0.125,0.354974629186864,0.419973738713398));
#7009=CARTESIAN_POINT('',(0.125,0.354961943781677,0.419960608068763));
#7010=CARTESIAN_POINT('',(0.125,0.341102007624207,0.40561420811678));
#7011=CARTESIAN_POINT('',(0.125,0.327170266256871,0.391184730147802));
#7012=CARTESIAN_POINT('',(0.125,0.315263567180302,0.375180120219053));
#7013=CARTESIAN_POINT('',(0.125,0.305225853604301,0.361687741741415));
#7014=CARTESIAN_POINT('',(0.125,0.296517596262819,0.346817146695589));
#7015=CARTESIAN_POINT('',(0.125,0.291081762036978,0.330903263540091));
#7016=CARTESIAN_POINT('',(0.125,0.287254106456722,0.319697464920603));
#7017=CARTESIAN_POINT('',(0.125,0.285,0.307744752886521));
#7018=CARTESIAN_POINT('',(0.125,0.285,0.295903263540091));
#7019=CARTESIAN_POINT('',(0.125,0.1,4.44089209850063E-19));
#7020=CARTESIAN_POINT('',(-0.125,0.177749814347947,0.42));
#7021=CARTESIAN_POINT('',(-0.125,0.168389074983217,0.407645725977743));
#7022=CARTESIAN_POINT('',(-0.125,0.16143313183523,0.393275570742823));
#7023=CARTESIAN_POINT('',(-0.125,0.156812273175453,0.378480328490065));
#7024=CARTESIAN_POINT('',(-0.125,0.152253191924152,0.36388288751007));
#7025=CARTESIAN_POINT('',(-0.125,0.150009751292535,0.348403254480564));
#7026=CARTESIAN_POINT('',(-0.125,0.15,0.333110432310255));
#7027=CARTESIAN_POINT('',(-0.125,0.15,0.333110432310255));
#7028=CARTESIAN_POINT('',(-0.125,0.15,0.333125322267253));
#7029=CARTESIAN_POINT('',(-0.125,0.15,0.212132034355964));
#7030=CARTESIAN_POINT('',(-0.125,0.15,0.212132034355964));
#7031=CARTESIAN_POINT('',(-0.125,0.15,0.193127122278077));
#7032=CARTESIAN_POINT('',(-0.125,0.146699933161176,0.173912705889531));
#7033=CARTESIAN_POINT('',(-0.125,0.140693139745645,0.155882034355964));
#7034=CARTESIAN_POINT('',(-0.125,0.134418367467045,0.137046967111796));
#7035=CARTESIAN_POINT('',(-0.125,0.125075095454572,0.119072651268804));
#7036=CARTESIAN_POINT('',(-0.125,0.113752590934136,0.102765186210577));
#7037=CARTESIAN_POINT('',(-0.125,0.095112586509442,0.0759185446135473));
#7038=CARTESIAN_POINT('',(-0.125,0.070705639065413,0.053032972913982));
#7039=CARTESIAN_POINT('',(-0.125,0.0449624871997251,0.0328963877513465));
#7040=CARTESIAN_POINT('',(-0.125,0.0376613394122199,0.0271853472006343));
#7041=CARTESIAN_POINT('',(-0.125,0.0302231046710484,0.0216487944487894));
#7042=CARTESIAN_POINT('',(-0.125,0.0227205298423521,0.0162050719974989));
#7043=CARTESIAN_POINT('',(-0.125,0.0189663970332595,0.0134811462087393));
#7044=CARTESIAN_POINT('',(-0.125,0.0151957024717754,0.0107800209867643));
#7045=CARTESIAN_POINT('',(-0.125,0.0114168460987571,0.00809049884276292));
#7046=CARTESIAN_POINT('',(-0.125,0.00763780220213783,0.00540084323275298));
#7047=CARTESIAN_POINT('',(-0.125,0.00385054161498668,0.00272274462558702));
#7048=CARTESIAN_POINT('',(-0.125,6.32455517965227E-5,4.47213615399369E-5));
#7049=CARTESIAN_POINT('',(-0.125,4.21637021336076E-5,2.98142397030257E-5));
#7050=CARTESIAN_POINT('',(-0.125,2.10818505988347E-5,1.4907120513321E-5));
#7051=CARTESIAN_POINT('',(-0.125,0.,0.));
#7052=CARTESIAN_POINT('',(-0.125,0.285,0.295903263540091));
#7053=CARTESIAN_POINT('',(-0.125,0.285,0.307744752886521));
#7054=CARTESIAN_POINT('',(-0.125,0.287254106456722,0.319697464920603));
#7055=CARTESIAN_POINT('',(-0.125,0.291081762036978,0.330903263540091));
#7056=CARTESIAN_POINT('',(-0.125,0.296517596262819,0.346817146695589));
#7057=CARTESIAN_POINT('',(-0.125,0.305225853604301,0.361687741741415));
#7058=CARTESIAN_POINT('',(-0.125,0.315263567180302,0.375180120219053));
#7059=CARTESIAN_POINT('',(-0.125,0.327170266256871,0.391184730147801));
#7060=CARTESIAN_POINT('',(-0.125,0.341102007627618,0.40561420811348));
#7061=CARTESIAN_POINT('',(-0.125,0.354961943781665,0.419960608068769));
#7062=CARTESIAN_POINT('',(-0.125,0.354974629186849,0.419973738713408));
#7063=CARTESIAN_POINT('',(-0.125,0.354987314593888,0.419986869356256));
#7064=CARTESIAN_POINT('',(-0.125,0.355,0.42));
#7065=CARTESIAN_POINT('',(-0.125,0.1,0.42));
#7066=CARTESIAN_POINT('',(0.075,0.1,0.212132034355964));
#7067=CARTESIAN_POINT('',(0.0770505524773913,0.1,0.198357418517512));
#7068=CARTESIAN_POINT('',(0.0795631823743347,0.0976684180022108,0.18455249812058));
#7069=CARTESIAN_POINT('',(0.0825170538158833,0.0937954264970964,0.171505682905073));
#7070=CARTESIAN_POINT('',(0.0858769344867407,0.0893900928345024,0.156665584706402));
#7071=CARTESIAN_POINT('',(0.0898795723016053,0.0829816033138245,0.14254795793829));
#7072=CARTESIAN_POINT('',(0.0942137147406439,0.0758350606227571,0.129091865852166));
#7073=CARTESIAN_POINT('',(0.102689402368564,0.0618595477454002,0.102777633032486));
#7074=CARTESIAN_POINT('',(0.112553848564138,0.0454832521024135,0.0781625821106859));
#7075=CARTESIAN_POINT('',(0.118683559525969,0.0299749914664833,0.0520568052516834));
#7076=CARTESIAN_POINT('',(0.120648128548518,0.0250046023847337,0.0436899179961293));
#7077=CARTESIAN_POINT('',(0.122229257941678,0.0200606291429427,0.0352022092545497));
#7078=CARTESIAN_POINT('',(0.123308311693107,0.0151470198949013,0.0266429342516901));
#7079=CARTESIAN_POINT('',(0.123861028605902,0.0126301527502746,0.0222586706790202));
#7080=CARTESIAN_POINT('',(0.124283610066582,0.0101185511284527,0.0178527778932315));
#7081=CARTESIAN_POINT('',(0.124567397417613,0.00761123073250466,0.0134374984620416));
#7082=CARTESIAN_POINT('',(0.124853429765466,0.00508407532170864,0.00898729045402645));
#7083=CARTESIAN_POINT('',(0.124998641472808,0.00255934991533447,0.00452433381981854));
#7084=CARTESIAN_POINT('',(0.124999990475892,3.56353919068282E-5,6.29950663312848E-5));
#7085=CARTESIAN_POINT('',(0.124999996825297,2.37569277429478E-5,4.19967117177628E-5));
#7086=CARTESIAN_POINT('',(0.125,1.18784640717763E-5,2.09983556255791E-5));
#7087=CARTESIAN_POINT('',(0.125,0.,4.44089209850063E-19));
#7088=CARTESIAN_POINT('',(-0.125,0.,0.));
#7089=CARTESIAN_POINT('',(-0.125,1.18784640586963E-5,2.09983556346001E-5));
#7090=CARTESIAN_POINT('',(-0.124999996825297,2.3756927689239E-5,4.19967117513892E-5));
#7091=CARTESIAN_POINT('',(-0.124999990475892,3.56353918675898E-5,6.29950663583477E-5));
#7092=CARTESIAN_POINT('',(-0.124998641472808,0.00255934991822137,0.00452433381818903));
#7093=CARTESIAN_POINT('',(-0.124853429765466,0.00508407532170916,0.00898729045402837));
#7094=CARTESIAN_POINT('',(-0.124567397417613,0.00761123073250473,0.0134374984620425));
#7095=CARTESIAN_POINT('',(-0.124283610066582,0.010118551128453,0.0178527778932323));
#7096=CARTESIAN_POINT('',(-0.123861028605902,0.0126301527502747,0.0222586706790212));
#7097=CARTESIAN_POINT('',(-0.123308311693107,0.0151470198949014,0.0266429342516911));
#7098=CARTESIAN_POINT('',(-0.122229257941677,0.0200606291429428,0.0352022092545504));
#7099=CARTESIAN_POINT('',(-0.120648128548517,0.0250046023847339,0.0436899179961298));
#7100=CARTESIAN_POINT('',(-0.118683559525968,0.0299749914664834,0.0520568052516837));
#7101=CARTESIAN_POINT('',(-0.112553848564138,0.0454832521024136,0.078162582110686));
#7102=CARTESIAN_POINT('',(-0.102689402368564,0.0618595477454003,0.102777633032486));
#7103=CARTESIAN_POINT('',(-0.0942137147406439,0.0758350606227571,0.129091865852166));
#7104=CARTESIAN_POINT('',(-0.0898795723016053,0.0829816033138245,0.14254795793829));
#7105=CARTESIAN_POINT('',(-0.0858769344867407,0.0893900928345023,0.156665584706402));
#7106=CARTESIAN_POINT('',(-0.0825170538158833,0.0937954264970964,0.171505682905073));
#7107=CARTESIAN_POINT('',(-0.0795631823743347,0.0976684180022108,0.18455249812058));
#7108=CARTESIAN_POINT('',(-0.0770505524773913,0.1,0.198357418517512));
#7109=CARTESIAN_POINT('',(-0.075,0.1,0.212132034355964));
#7110=CARTESIAN_POINT('',(0.,5.55111512312578E-17,0.));
#7111=CARTESIAN_POINT('',(0.075,0.335,0.295903263540091));
#7112=CARTESIAN_POINT('',(0.0793278786956941,0.335,0.302429546097483));
#7113=CARTESIAN_POINT('',(0.0838045928678444,0.335774721531298,0.308850113785595));
#7114=CARTESIAN_POINT('',(0.0881276280821478,0.33673764629628,0.315308212612374));
#7115=CARTESIAN_POINT('',(0.0964449053591011,0.338590259534475,0.327733232525828));
#7116=CARTESIAN_POINT('',(0.104232990903853,0.341162174180295,0.340514794672666));
#7117=CARTESIAN_POINT('',(0.110334398421072,0.343646733480086,0.354064340360859));
#7118=CARTESIAN_POINT('',(0.117397048258316,0.346522721075534,0.369748540503098));
#7119=CARTESIAN_POINT('',(0.122283933500237,0.349452344972321,0.386678743822882));
#7120=CARTESIAN_POINT('',(0.124127359310737,0.352307405449063,0.4037842070563));
#7121=CARTESIAN_POINT('',(0.124704799196722,0.353201732623381,0.409142370472996));
#7122=CARTESIAN_POINT('',(0.124997431430125,0.354095588383779,0.414539096882476));
#7123=CARTESIAN_POINT('',(0.124999983091586,0.354988170726391,0.419928573978387));
#7124=CARTESIAN_POINT('',(0.124999994363861,0.354992113817664,0.419952382650245));
#7125=CARTESIAN_POINT('',(0.125,0.35499605690869,0.41997619132548));
#7126=CARTESIAN_POINT('',(0.125,0.355,0.42));
#7127=CARTESIAN_POINT('',(-0.125,0.355,0.42));
#7128=CARTESIAN_POINT('',(-0.125,0.354996056908691,0.419976191325478));
#7129=CARTESIAN_POINT('',(-0.124999994363861,0.354992113817668,0.419952382650242));
#7130=CARTESIAN_POINT('',(-0.124999983091586,0.354988170726394,0.419928573978383));
#7131=CARTESIAN_POINT('',(-0.124997431430125,0.354095588383543,0.414539096882513));
#7132=CARTESIAN_POINT('',(-0.124704799196722,0.353201732623381,0.409142370472995));
#7133=CARTESIAN_POINT('',(-0.124127359310737,0.352307405449063,0.4037842070563));
#7134=CARTESIAN_POINT('',(-0.122283933500237,0.349452344972321,0.386678743822882));
#7135=CARTESIAN_POINT('',(-0.117397048258316,0.346522721075534,0.369748540503098));
#7136=CARTESIAN_POINT('',(-0.110334398421072,0.343646733480086,0.354064340360859));
#7137=CARTESIAN_POINT('',(-0.104232990903853,0.341162174180295,0.340514794672666));
#7138=CARTESIAN_POINT('',(-0.0964449053591011,0.338590259534475,0.327733232525828));
#7139=CARTESIAN_POINT('',(-0.0881276280821478,0.33673764629628,0.315308212612374));
#7140=CARTESIAN_POINT('',(-0.0838045928678444,0.335774721531297,0.308850113785595));
#7141=CARTESIAN_POINT('',(-0.079327878695694,0.335,0.302429546097483));
#7142=CARTESIAN_POINT('',(-0.075,0.335,0.295903263540091));
#7143=CARTESIAN_POINT('',(0.,0.355,0.42));
#7144=CARTESIAN_POINT('',(-0.0749999999999999,0.137897444239005,0.450195837406833));
#7145=CARTESIAN_POINT('',(-0.0749999999999999,0.148006691864139,0.46353799024902));
#7146=CARTESIAN_POINT('',(-0.0731012320341183,0.160151179267518,0.475473403675415));
#7147=CARTESIAN_POINT('',(-0.0700130465996767,0.172955111912125,0.485804538635595));
#7148=CARTESIAN_POINT('',(-0.067116313180129,0.184965264922893,0.49549519502146));
#7149=CARTESIAN_POINT('',(-0.0632270901070293,0.19789910009573,0.503859666000532));
#7150=CARTESIAN_POINT('',(-0.0589150970134741,0.211304441582301,0.510805686172145));
#7151=CARTESIAN_POINT('',(-0.0749999999999999,0.137897444239005,0.450195837406833));
#7152=CARTESIAN_POINT('',(-0.0589150970134741,0.211304441582301,0.510805686172145));
#7153=CARTESIAN_POINT('',(-0.0589150970134741,0.211304441582301,0.510805686172145));
#7154=CARTESIAN_POINT('',(-0.0567058605961727,0.217519633478841,0.514026104455549));
#7155=CARTESIAN_POINT('',(-0.0543110619606902,0.223774978473407,0.517052876725843));
#7156=CARTESIAN_POINT('',(-0.0517390229892329,0.230042491243185,0.519878355267329));
#7157=CARTESIAN_POINT('',(-0.0433599843837562,0.250460428934282,0.529083034527941));
#7158=CARTESIAN_POINT('',(-0.0341224029654854,0.272351942219632,0.536421944197149));
#7159=CARTESIAN_POINT('',(-0.0189247924808886,0.290235967766632,0.541006794641066));
#7160=CARTESIAN_POINT('',(-0.015743266422754,0.293979878255705,0.541966604814827));
#7161=CARTESIAN_POINT('',(-0.0121134802632619,0.297626727175069,0.542828325791263));
#7162=CARTESIAN_POINT('',(-0.00770424035518952,0.299937940942181,0.543354732225693));
#7163=CARTESIAN_POINT('',(-0.00588392724045168,0.300892103750045,0.543572054157874));
#7164=CARTESIAN_POINT('',(-0.00387581116813478,0.301602638689028,0.543729954182704));
#7165=CARTESIAN_POINT('',(-0.00182632126578969,0.301862363230003,0.543787657083903));
#7166=CARTESIAN_POINT('',(-0.00141300712830033,0.301914741055586,0.543799293845231));
#7167=CARTESIAN_POINT('',(-0.000996955845839042,0.301949655815305,0.543807040207968));
#7168=CARTESIAN_POINT('',(-0.000580528723796159,0.301966448601384,0.543810765988202));
#7169=CARTESIAN_POINT('',(0.00106369858729626,0.302032753498539,0.543825476916694));
#7170=CARTESIAN_POINT('',(0.00273962311183803,0.301802522649834,0.54377467568013));
#7171=CARTESIAN_POINT('',(0.00431364755174646,0.301333954552762,0.543669855823594));
#7172=CARTESIAN_POINT('',(0.00671286353124726,0.300619736884044,0.543510083542812));
#7173=CARTESIAN_POINT('',(0.00895283257446481,0.299358353983616,0.54322537714294));
#7174=CARTESIAN_POINT('',(0.0109591400568424,0.297892343530642,0.542882718399821));
#7175=CARTESIAN_POINT('',(0.0148836718862077,0.295024685040898,0.542212444697614));
#7176=CARTESIAN_POINT('',(0.0181571690599227,0.291336627921419,0.54130865772237));
#7177=CARTESIAN_POINT('',(0.0211092117493806,0.287547644699896,0.540306793342323));
#7178=CARTESIAN_POINT('',(0.0319696143562695,0.273608183931446,0.536620989419612));
#7179=CARTESIAN_POINT('',(0.0396121487687511,0.257643070659128,0.531418841820018));
#7180=CARTESIAN_POINT('',(0.0465228780276876,0.242208031360098,0.525106675408823));
#7181=CARTESIAN_POINT('',(0.0511472291715314,0.231879592932931,0.520882855769818));
#7182=CARTESIAN_POINT('',(0.0552796554695008,0.221531942200839,0.516105092937656));
#7183=CARTESIAN_POINT('',(0.0589150970134742,0.211304441582301,0.510805686172145));
#7184=CARTESIAN_POINT('',(0.0589150970134742,0.211304441582301,0.510805686172145));
#7185=CARTESIAN_POINT('',(0.0589150970134742,0.211304441582301,0.510805686172145));
#7186=CARTESIAN_POINT('',(0.0637179760901331,0.196373009007061,0.50306891706689));
#7187=CARTESIAN_POINT('',(0.0680051491170316,0.182013537113136,0.493554543933598));
#7188=CARTESIAN_POINT('',(0.070969460892906,0.16885798866586,0.482418237404557));
#7189=CARTESIAN_POINT('',(0.0735043736423652,0.157608103361439,0.47289509424799));
#7190=CARTESIAN_POINT('',(0.0749999999999618,0.146929502420447,0.462116319049684));
#7191=CARTESIAN_POINT('',(0.075,0.137897444239005,0.450195837406833));
#7192=CARTESIAN_POINT('',(0.075,0.137897444239005,0.450195837406833));
#7193=CARTESIAN_POINT('',(0.075,0.137897444239005,0.450195837406833));
#7194=CARTESIAN_POINT('',(0.075,0.13636848136918,0.448177917077282));
#7195=CARTESIAN_POINT('',(0.075,0.134883196477564,0.446126140126987));
#7196=CARTESIAN_POINT('',(0.075,0.13344391094463,0.444043308624343));
#7197=CARTESIAN_POINT('',(0.075,0.122792389947802,0.428629186147859));
#7198=CARTESIAN_POINT('',(0.075,0.114671492431362,0.411270642144321));
#7199=CARTESIAN_POINT('',(0.075,0.109085837040842,0.393386276762114));
#7200=CARTESIAN_POINT('',(0.075,0.103029842093003,0.373995960169403));
#7201=CARTESIAN_POINT('',(0.075,0.100011350650904,0.353439340174515));
#7202=CARTESIAN_POINT('',(0.075,0.1,0.333125322267253));
#7203=CARTESIAN_POINT('',(-0.075,0.1,0.333125322267253));
#7204=CARTESIAN_POINT('',(-0.075,0.100011350650904,0.353439340174515));
#7205=CARTESIAN_POINT('',(-0.075,0.103029842093003,0.373995960169403));
#7206=CARTESIAN_POINT('',(-0.075,0.109085837040843,0.393386276762114));
#7207=CARTESIAN_POINT('',(-0.075,0.115415697416122,0.413653466170538));
#7208=CARTESIAN_POINT('',(-0.0749999999999999,0.125074681727734,0.433272396253598));
#7209=CARTESIAN_POINT('',(-0.0749999999999999,0.137897444239005,0.450195837406833));
#7210=CARTESIAN_POINT('',(0.235,0.35,0.55125));
#7211=CARTESIAN_POINT('',(0.235,0.276547311009544,0.544611465473481));
#7212=CARTESIAN_POINT('',(0.235,0.176807216585161,0.492930850423812));
#7213=CARTESIAN_POINT('',(0.235,0.130081806784769,0.443397821303245));
#7214=CARTESIAN_POINT('',(0.235,0.100024547594821,0.377057629321741));
#7215=CARTESIAN_POINT('',(0.235,0.1,0.333125322267253));
#7216=CARTESIAN_POINT('',(0.125,0.355,0.42));
#7217=CARTESIAN_POINT('',(0.125,0.355,0.42));
#7218=CARTESIAN_POINT('',(0.125,0.355,0.42));
#7219=CARTESIAN_POINT('',(0.125,0.344860625452522,0.358775949637876));
#7220=CARTESIAN_POINT('',(0.125000000000771,0.332686710928737,0.372099970553874));
#7221=CARTESIAN_POINT('',(0.125,0.321982174408416,0.385824950254247));
#7222=CARTESIAN_POINT('',(0.0885702299573675,0.335,0.316366169088696));
#7223=CARTESIAN_POINT('',(0.125,0.319030070067427,0.319983817983097));
#7224=CARTESIAN_POINT('',(0.125,0.285002047027911,0.346614021063436));
#7225=CARTESIAN_POINT('',(0.075,0.335,0.295903263540091));
#7226=CARTESIAN_POINT('',(0.125,0.335,0.295903263540091));
#7227=CARTESIAN_POINT('',(0.125,0.285,0.295903263540091));
#7228=CARTESIAN_POINT('',(-0.125,0.355,0.42));
#7229=CARTESIAN_POINT('',(-0.125,0.355,0.42));
#7230=CARTESIAN_POINT('',(-0.125,0.355,0.42));
#7231=CARTESIAN_POINT('',(-0.125,0.321982174408392,0.385824950254301));
#7232=CARTESIAN_POINT('',(-0.125000000001009,0.332686710928666,0.372099970553933));
#7233=CARTESIAN_POINT('',(-0.125,0.344860625452498,0.358775949637881));
#7234=CARTESIAN_POINT('',(-0.125,0.285002047027911,0.346614021063394));
#7235=CARTESIAN_POINT('',(-0.125,0.319030070067459,0.319983817983049));
#7236=CARTESIAN_POINT('',(-0.0885702299573639,0.335,0.316366169088694));
#7237=CARTESIAN_POINT('',(-0.125,0.285,0.295903263540091));
#7238=CARTESIAN_POINT('',(-0.125,0.335,0.295903263540091));
#7239=CARTESIAN_POINT('',(-0.075,0.335,0.295903263540091));
#7240=CARTESIAN_POINT('',(0.075,0.15,0.212132034355964));
#7241=CARTESIAN_POINT('',(0.125,5.55111512312578E-17,4.13029399042097E-18));
#7242=CARTESIAN_POINT('',(0.125,5.55111512312578E-17,4.13029399042097E-18));
#7243=CARTESIAN_POINT('',(0.125,5.55111512312578E-17,4.13029399042097E-18));
#7244=CARTESIAN_POINT('',(0.125,0.0498012942452246,0.0880382671492665));
#7245=CARTESIAN_POINT('',(0.125000000017385,0.0654688423842641,0.0740680438389486));
#7246=CARTESIAN_POINT('',(0.125,0.072557183376464,0.0513045249604222));
#7247=CARTESIAN_POINT('',(0.0842377286606672,0.1,0.150076338776781));
#7248=CARTESIAN_POINT('',(0.124999999999999,0.10975052079111,0.146631866756454));
#7249=CARTESIAN_POINT('',(0.125,0.149999147332133,0.11450641387446));
#7250=CARTESIAN_POINT('',(0.075,0.1,0.212132034355964));
#7251=CARTESIAN_POINT('',(0.125,0.1,0.212132034355964));
#7252=CARTESIAN_POINT('',(0.125,0.15,0.212132034355964));
#7253=CARTESIAN_POINT('',(0.125,0.15,0.333110432310255));
#7254=CARTESIAN_POINT('',(0.124999999999998,0.149409561546708,0.333110620051379));
#7255=CARTESIAN_POINT('',(0.124989538191311,0.148819030488634,0.333110808316758));
#7256=CARTESIAN_POINT('',(0.124968624418958,0.148228962542138,0.33311099544522));
#7257=CARTESIAN_POINT('',(0.124859041764198,0.145137162030405,0.333111975949039));
#7258=CARTESIAN_POINT('',(0.12445955598564,0.142042389770859,0.333112943570055));
#7259=CARTESIAN_POINT('',(0.123780424506343,0.139024108920868,0.333113875435926));
#7260=CARTESIAN_POINT('',(0.122551961198024,0.133564419020684,0.333115561063917));
#7261=CARTESIAN_POINT('',(0.120363933168831,0.128241532585485,0.333117163868646));
#7262=CARTESIAN_POINT('',(0.117397531922601,0.123496240137067,0.333118568416613));
#7263=CARTESIAN_POINT('',(0.114431130787729,0.118750947866785,0.333119972964526));
#7264=CARTESIAN_POINT('',(0.110604539494084,0.114452368534524,0.333121218798196));
#7265=CARTESIAN_POINT('',(0.106234639677418,0.110956469367873,0.333122221308328));
#7266=CARTESIAN_POINT('',(0.101864739932018,0.107460570258234,0.333123223818444));
#7267=CARTESIAN_POINT('',(0.0968310044571917,0.104670930083518,0.333124011292191));
#7268=CARTESIAN_POINT('',(0.0915502790481099,0.102818560180621,0.333124532225925));
#7269=CARTESIAN_POINT('',(0.086269553636083,0.100966190276691,0.333125053159659));
#7270=CARTESIAN_POINT('',(0.0805961893650576,0.1,0.333125322267253));
#7271=CARTESIAN_POINT('',(0.075,0.1,0.333125322267253));
#7272=CARTESIAN_POINT('',(0.075,0.15,0.42));
#7273=CARTESIAN_POINT('',(-0.075,0.15,0.212132034355964));
#7274=CARTESIAN_POINT('',(-0.125,5.55111512312578E-17,0.));
#7275=CARTESIAN_POINT('',(-0.125,5.55111512312578E-17,0.));
#7276=CARTESIAN_POINT('',(-0.125,5.55111512312578E-17,0.));
#7277=CARTESIAN_POINT('',(-0.125,0.0725571833765648,0.0513045249601172));
#7278=CARTESIAN_POINT('',(-0.125000000017887,0.0654688423844547,0.074068043838628));
#7279=CARTESIAN_POINT('',(-0.125,0.0498012942454352,0.0880382671489932));
#7280=CARTESIAN_POINT('',(-0.125,0.149999147332133,0.114506413874689));
#7281=CARTESIAN_POINT('',(-0.125,0.109750520791074,0.146631866756691));
#7282=CARTESIAN_POINT('',(-0.0842377286606373,0.1,0.150076338776982));
#7283=CARTESIAN_POINT('',(-0.125,0.15,0.212132034355964));
#7284=CARTESIAN_POINT('',(-0.125,0.1,0.212132034355964));
#7285=CARTESIAN_POINT('',(-0.075,0.1,0.212132034355964));
#7286=CARTESIAN_POINT('',(0.075,0.177749814347947,0.42));
#7287=CARTESIAN_POINT('',(0.075,0.0999996866320398,0.332564494310266));
#7288=CARTESIAN_POINT('',(0.125,0.0999996866320398,0.332564494310266));
#7289=CARTESIAN_POINT('',(0.125,0.149999678826737,0.332536556338606));
#7290=CARTESIAN_POINT('',(0.0749999999999916,0.10002230345963,0.373041348419027));
#7291=CARTESIAN_POINT('',(0.124999999999986,0.0999231941958409,0.37299877379443));
#7292=CARTESIAN_POINT('',(0.125,0.149956025317381,0.363520597329304));
#7293=CARTESIAN_POINT('',(0.0750000000000012,0.111229224396101,0.414999205731849));
#7294=CARTESIAN_POINT('',(0.124999999999999,0.111271927800635,0.415055223749346));
#7295=CARTESIAN_POINT('',(0.125,0.158911119738313,0.395136386172854));
#7296=CARTESIAN_POINT('',(0.075,0.137897444239005,0.450195837406833));
#7297=CARTESIAN_POINT('',(0.125,0.137897444239005,0.450195837406833));
#7298=CARTESIAN_POINT('',(0.125,0.177749814347947,0.42));
#7299=CARTESIAN_POINT('',(-0.075,0.1,0.333125322267253));
#7300=CARTESIAN_POINT('',(-0.0805961893650576,0.1,0.333125322267256));
#7301=CARTESIAN_POINT('',(-0.086269553636083,0.100966190276691,0.333125053159592));
#7302=CARTESIAN_POINT('',(-0.0915502790481099,0.102818560180621,0.333124532225868));
#7303=CARTESIAN_POINT('',(-0.0968310044571918,0.104670930083518,0.333124011292145));
#7304=CARTESIAN_POINT('',(-0.101864739932018,0.107460570258234,0.333123223818482));
#7305=CARTESIAN_POINT('',(-0.106234639677418,0.110956469367873,0.33312222130836));
#7306=CARTESIAN_POINT('',(-0.110604539494084,0.114452368534524,0.333121218798221));
#7307=CARTESIAN_POINT('',(-0.114431130787729,0.118750947866785,0.333119972964306));
#7308=CARTESIAN_POINT('',(-0.117397531922601,0.123496240137067,0.333118568416359));
#7309=CARTESIAN_POINT('',(-0.12036393316883,0.128241532585485,0.333117163868359));
#7310=CARTESIAN_POINT('',(-0.122551961198024,0.133564419020684,0.333115561063739));
#7311=CARTESIAN_POINT('',(-0.123780424506343,0.139024108920868,0.333113875435616));
#7312=CARTESIAN_POINT('',(-0.124459555985653,0.142042389770919,0.333112943569673));
#7313=CARTESIAN_POINT('',(-0.124859041764214,0.145137162030527,0.33311197594686));
#7314=CARTESIAN_POINT('',(-0.124968624418964,0.148228962542324,0.333110995448218));
#7315=CARTESIAN_POINT('',(-0.124989538191314,0.148819030488759,0.333110808320744));
#7316=CARTESIAN_POINT('',(-0.12499999999992,0.14940956154677,0.333110620052378));
#7317=CARTESIAN_POINT('',(-0.125,0.15,0.333110432310255));
#7318=CARTESIAN_POINT('',(-0.075,0.15,0.42));
#7319=CARTESIAN_POINT('',(-0.0749999999999999,0.177749814347947,0.42));
#7320=CARTESIAN_POINT('',(0.075,0.137897444239005,0.450195837406833));
#7321=CARTESIAN_POINT('',(0.125,0.137897444239005,0.450195837406833));
#7322=CARTESIAN_POINT('',(0.125,0.177749814347947,0.42));
#7323=CARTESIAN_POINT('',(0.0749979838365118,0.163487878181327,0.483970010680367));
#7324=CARTESIAN_POINT('',(0.116229167137349,0.16802380747521,0.489949360519199));
#7325=CARTESIAN_POINT('',(0.125,0.196698805634536,0.461679564629423));
#7326=CARTESIAN_POINT('',(0.0649454256439245,0.197025821772255,0.504583190253322));
#7327=CARTESIAN_POINT('',(0.0945928664151135,0.203849573190056,0.508644135832414));
#7328=CARTESIAN_POINT('',(0.108242354568836,0.221933513889431,0.488366868091238));
#7329=CARTESIAN_POINT('',(0.041569325876808,0.255558556689613,0.531742756358109));
#7330=CARTESIAN_POINT('',(0.0571710678997802,0.262154578845139,0.533995826836595));
#7331=CARTESIAN_POINT('',(0.0692822312990406,0.272741153614527,0.527658759055808));
#7332=CARTESIAN_POINT('',(0.0298375020108998,0.304236117794253,0.544314517877232));
#7333=CARTESIAN_POINT('',(0.039830928901917,0.309450427029222,0.545436454211861));
#7334=CARTESIAN_POINT('',(0.0497291907661143,0.314760065700924,0.545721490481289));
#7335=CARTESIAN_POINT('',(-0.0319752471673688,0.299640836003832,0.54329459978554));
#7336=CARTESIAN_POINT('',(-0.0428388077183596,0.305121756407012,0.544546586427106));
#7337=CARTESIAN_POINT('',(-0.0532920993602294,0.31078451305369,0.544253119594113));
#7338=CARTESIAN_POINT('',(-0.0421296916457345,0.254367213617343,0.53129257562835));
#7339=CARTESIAN_POINT('',(-0.0579834541430294,0.261008539246266,0.533592638724787));
#7340=CARTESIAN_POINT('',(-0.0702161742079431,0.271711829096295,0.52701120655096));
#7341=CARTESIAN_POINT('',(-0.0651917431498815,0.196189743337004,0.504088996839305));
#7342=CARTESIAN_POINT('',(-0.0950587987490317,0.202986247202611,0.508159598725923));
#7343=CARTESIAN_POINT('',(-0.10865288378475,0.221202825513574,0.487648062005869));
#7344=CARTESIAN_POINT('',(-0.0749979810030748,0.162901288103695,0.483195830962777));
#7345=CARTESIAN_POINT('',(-0.116383435892597,0.167493690312989,0.489249682170732));
#7346=CARTESIAN_POINT('',(-0.125,0.196306606199038,0.460816758619778));
#7347=CARTESIAN_POINT('',(-0.075,0.137897444239005,0.450195837406833));
#7348=CARTESIAN_POINT('',(-0.125,0.137897444239005,0.450195837406833));
#7349=CARTESIAN_POINT('',(-0.125,0.177749814347947,0.42));
#7350=CARTESIAN_POINT('',(-0.125,0.149999678826737,0.332536556338607));
#7351=CARTESIAN_POINT('',(-0.125,0.0999996866320399,0.332564494310266));
#7352=CARTESIAN_POINT('',(-0.075,0.0999996866320399,0.332564494310266));
#7353=CARTESIAN_POINT('',(-0.125,0.14995602531738,0.363520597329305));
#7354=CARTESIAN_POINT('',(-0.125000000000002,0.0999231941958341,0.372998773794434));
#7355=CARTESIAN_POINT('',(-0.075000000000001,0.10002230345963,0.373041348419028));
#7356=CARTESIAN_POINT('',(-0.125,0.158911119738313,0.395136386172854));
#7357=CARTESIAN_POINT('',(-0.124999999999995,0.111271927800642,0.415055223749343));
#7358=CARTESIAN_POINT('',(-0.0749999999999975,0.111229224396101,0.414999205731849));
#7359=CARTESIAN_POINT('',(-0.125,0.177749814347947,0.42));
#7360=CARTESIAN_POINT('',(-0.125,0.137897444239005,0.450195837406833));
#7361=CARTESIAN_POINT('',(-0.075,0.137897444239005,0.450195837406833));
#7362=CARTESIAN_POINT('',(0.,0.294039272347373,0.));
#7363=CARTESIAN_POINT('',(-0.104393759535434,0.294039272347373,0.));
#7364=CARTESIAN_POINT('',(0.104393759535434,0.294039272347373,1.06337366739048E-19));
#7365=CARTESIAN_POINT('',(0.104393759535434,0.294039272347373,1.06337366739048E-19));
#7366=CARTESIAN_POINT('',(0.104393759535434,0.294039272347373,0.00546174616523604));
#7367=CARTESIAN_POINT('',(0.104172094491573,0.295534944139511,0.0109251364167563));
#7368=CARTESIAN_POINT('',(0.10368686484663,0.297488201730964,0.0160025381289089));
#7369=CARTESIAN_POINT('',(0.103613892071236,0.297781948473344,0.0167661190407279));
#7370=CARTESIAN_POINT('',(0.103534842933123,0.298086664846557,0.0175249843259547));
#7371=CARTESIAN_POINT('',(0.103449562275676,0.298399967966139,0.018279461859237));
#7372=CARTESIAN_POINT('',(0.101980581729007,0.303796692166606,0.0312755251222191));
#7373=CARTESIAN_POINT('',(0.0985916461594503,0.31107827723314,0.0434655219893897));
#7374=CARTESIAN_POINT('',(0.0927102735536428,0.316706891404836,0.0550373997564454));
#7375=CARTESIAN_POINT('',(0.0893271489304989,0.31994462253917,0.0616938568853612));
#7376=CARTESIAN_POINT('',(0.0850445381850117,0.322819514875962,0.0682238957821701));
#7377=CARTESIAN_POINT('',(0.0798439282204666,0.324623216426162,0.0742186579407157));
#7378=CARTESIAN_POINT('',(0.0765379598103789,0.325769808919512,0.0780294598384263));
#7379=CARTESIAN_POINT('',(0.0727983702494483,0.326492871267249,0.081683832325494));
#7380=CARTESIAN_POINT('',(0.0687775967819778,0.326492871267249,0.084939549343477));
#7381=CARTESIAN_POINT('',(0.0687775967819778,0.326492871267249,0.084939549343477));
#7382=CARTESIAN_POINT('',(0.,0.326492871267249,0.));
#7383=CARTESIAN_POINT('',(-0.0687775967819778,0.326492871267249,0.084939549343477));
#7384=CARTESIAN_POINT('',(-0.0687775967819778,0.326492871267249,0.084939549343477));
#7385=CARTESIAN_POINT('',(-0.0736020444201344,0.326492871267249,0.0810330780127766));
#7386=CARTESIAN_POINT('',(-0.078018560723782,0.3254531025382,0.0765499460885133));
#7387=CARTESIAN_POINT('',(-0.081800267726914,0.323876996949799,0.0718862140435118));
#7388=CARTESIAN_POINT('',(-0.0877070020470582,0.321415241725645,0.0646018247168527));
#7389=CARTESIAN_POINT('',(-0.092310579966849,0.31759677624817,0.0566450063900859));
#7390=CARTESIAN_POINT('',(-0.0957147808874447,0.313470835082883,0.048557973400938));
#7391=CARTESIAN_POINT('',(-0.100739574576421,0.307380711846328,0.0366210539081534));
#7392=CARTESIAN_POINT('',(-0.103324981195501,0.299511964333341,0.0241749151184935));
#7393=CARTESIAN_POINT('',(-0.104109308521605,0.295606191399208,0.010428716805398));
#7394=CARTESIAN_POINT('',(-0.104302024464147,0.294646509532585,0.00705115813044506));
#7395=CARTESIAN_POINT('',(-0.104393759535437,0.294039272347352,0.00351653683648908));
#7396=CARTESIAN_POINT('',(-0.104393759535434,0.294039272347373,0.));
#7397=CARTESIAN_POINT('',(0.,5.55111512312578E-17,0.));
#7398=CARTESIAN_POINT('',(0.,5.55111512312578E-17,-0.06));
#7399=CARTESIAN_POINT('',(0.,0.35,0.));
#7400=CARTESIAN_POINT('',(0.,0.,0.));
#7401=CARTESIAN_POINT('',(0.,0.,-0.05));
#7402=CARTESIAN_POINT('',(0.,0.,0.));
#7403=CARTESIAN_POINT('',(0.0760694912675028,0.335086997169346,0.0726410133222531));
#7404=CARTESIAN_POINT('',(-0.0760694912675029,0.335086997169346,0.0726410133222531));
#7405=CARTESIAN_POINT('',(-0.0760694912675029,0.335086997169346,-0.0726410133222531));
#7406=CARTESIAN_POINT('',(0.0760694912675029,0.335086997169346,-0.0726410133222531));
#7407=CARTESIAN_POINT('',(0.0760694912675028,0.335086997169346,0.0726410133222531));
#7408=CARTESIAN_POINT('',(-0.0760694912675029,0.335086997169346,0.0726410133222531));
#7409=CARTESIAN_POINT('',(0.,0.335043498584673,0.0732847923754123));
#7410=CARTESIAN_POINT('',(0.,0.,0.));
#7411=CARTESIAN_POINT('',(-0.114281698419722,0.29254640108012,0.));
#7412=CARTESIAN_POINT('',(-0.075,0.325,0.0926241465073998));
#7413=CARTESIAN_POINT('',(-0.104393759535581,0.294039272348295,-2.11496382293977E-13));
#7414=CARTESIAN_POINT('',(-0.113099869130247,0.351703641326752,1.19136864876615E-13));
#7415=CARTESIAN_POINT('',(-0.124102123024758,0.294433001351293,-2.3152883741078E-13));
#7416=CARTESIAN_POINT('',(-0.104394111288287,0.294041602159975,0.0172012363408933));
#7417=CARTESIAN_POINT('',(-0.113099748103322,0.351683521846547,-0.00579812717850915));
#7418=CARTESIAN_POINT('',(-0.124101554811751,0.294435959101847,0.0188381177979569));
#7419=CARTESIAN_POINT('',(-0.102305756820917,0.30482628321153,0.0317826264320775));
#7420=CARTESIAN_POINT('',(-0.111872695477582,0.327283946748552,0.0160168317182108));
#7421=CARTESIAN_POINT('',(-0.121050531733421,0.307916382555211,0.0347602921337538));
#7422=CARTESIAN_POINT('',(-0.0910980508412833,0.319618641822993,0.0604673733840789));
#7423=CARTESIAN_POINT('',(-0.0970578207224535,0.331495841619125,0.0542518946640542));
#7424=CARTESIAN_POINT('',(-0.105515948153776,0.326407595566799,0.0660035263901347));
#7425=CARTESIAN_POINT('',(-0.0821140727818621,0.326489656681191,0.0741400593543541));
#7426=CARTESIAN_POINT('',(-0.0868839880255952,0.337179954959957,0.0723537536325312));
#7427=CARTESIAN_POINT('',(-0.0931570922229324,0.334999999999924,0.080861157786987));
#7428=CARTESIAN_POINT('',(-0.0687775967821317,0.326492871267249,0.0849395493433523));
#7429=CARTESIAN_POINT('',(-0.0695858584220401,0.335000000000023,0.0859377432706526));
#7430=CARTESIAN_POINT('',(-0.0750000000002099,0.335,0.0926241465072638));
#7431=CARTESIAN_POINT('',(0.075,0.325,0.0926241465073997));
#7432=CARTESIAN_POINT('',(0.,0.325,0.));
#7433=CARTESIAN_POINT('',(0.114281698419722,0.292546401080124,1.16409399666217E-19));
#7434=CARTESIAN_POINT('',(0.,0.292546401080124,0.));
#7435=CARTESIAN_POINT('',(0.0687775967819778,0.326492871267249,0.084939549343477));
#7436=CARTESIAN_POINT('',(0.0695858584218601,0.335,0.0859377432707939));
#7437=CARTESIAN_POINT('',(0.075,0.335,0.0926241465073997));
#7438=CARTESIAN_POINT('',(0.0820811904279033,0.326489796655505,0.0741667121800859));
#7439=CARTESIAN_POINT('',(0.0868242274883975,0.337172542857172,0.0724008260100774));
#7440=CARTESIAN_POINT('',(0.093121644260286,0.335,0.0808842372983921));
#7441=CARTESIAN_POINT('',(0.0911789220692739,0.319532192852617,0.060295567261922));
#7442=CARTESIAN_POINT('',(0.0971376613470204,0.331466205318492,0.0540800426723811));
#7443=CARTESIAN_POINT('',(0.105627642254951,0.326299502524408,0.0658165427137011));
#7444=CARTESIAN_POINT('',(0.102286909843326,0.304830750341666,0.0317954901101385));
#7445=CARTESIAN_POINT('',(0.111814669705487,0.327312213908341,0.0161084234516111));
#7446=CARTESIAN_POINT('',(0.121024812577357,0.307921998300323,0.0347741554264118));
#7447=CARTESIAN_POINT('',(0.104394249852286,0.294042519930183,0.0169827671897134));
#7448=CARTESIAN_POINT('',(0.113099569161712,0.3516788984359,-0.00602260949159589));
#7449=CARTESIAN_POINT('',(0.124101323281116,0.294437164299358,0.0185993976266986));
#7450=CARTESIAN_POINT('',(0.104393759535433,0.294039272347369,1.06337361404756E-19));
#7451=CARTESIAN_POINT('',(0.113099869130675,0.35170364132964,5.62025656463138E-18));
#7452=CARTESIAN_POINT('',(0.124102123024652,0.29443300135015,4.40899319659683E-19));
#7453=CARTESIAN_POINT('',(0.,0.37,0.));
#7454=CARTESIAN_POINT('',(2.23367096565518E-16,-0.152832891616652,0.42));
#7455=CARTESIAN_POINT('',(2.23367096565518E-16,-0.152832891616652,0.237000000000041));
#7456=CARTESIAN_POINT('',(2.32725103072858E-16,0.01732547,0.42));
#7457=CARTESIAN_POINT('',(-0.150202938022977,0.01732547,0.524537445010153));
#7458=CARTESIAN_POINT('',(0.150202938022977,0.01732547,0.524537445010153));
#7459=CARTESIAN_POINT('',(-0.150202938022977,0.01732547,0.524537445010153));
#7460=CARTESIAN_POINT('',(-0.14923668741736,0.01732547,0.525925786573466));
#7461=CARTESIAN_POINT('',(-0.148235707813248,0.0170322746131455,0.527320598604814));
#7462=CARTESIAN_POINT('',(-0.147290648929776,0.0164620319246048,0.528602323814136));
#7463=CARTESIAN_POINT('',(-0.146491080086167,0.0159795770267921,0.529686729835141));
#7464=CARTESIAN_POINT('',(-0.145710033615693,0.0152853866386318,0.530719664305275));
#7465=CARTESIAN_POINT('',(-0.145025997155705,0.014396538067773,0.531608512898667));
#7466=CARTESIAN_POINT('',(-0.145025997206164,0.0143965378118655,0.531608512822019));
#7467=CARTESIAN_POINT('',(2.40440432353856E-16,0.126005050633884,0.42));
#7468=CARTESIAN_POINT('',(0.145025997206164,0.0143965378118655,0.531608512822018));
#7469=CARTESIAN_POINT('',(0.145025997206164,0.0143965378118655,0.531608512822018));
#7470=CARTESIAN_POINT('',(0.145838553034999,0.0154523866569295,0.530552663976954));
#7471=CARTESIAN_POINT('',(0.146789241773894,0.0162342313508791,0.529291244952895));
#7472=CARTESIAN_POINT('',(0.147751135163628,0.0167160594954963,0.527975006643142));
#7473=CARTESIAN_POINT('',(0.148555764839318,0.0171191116714235,0.526873965284908));
#7474=CARTESIAN_POINT('',(0.149390612978373,0.0173254700061335,0.525704621119971));
#7475=CARTESIAN_POINT('',(0.150202938022219,0.0173254700063397,0.52453744501192));
#7476=CARTESIAN_POINT('',(2.02145180503834E-16,-0.499424528928404,0.42));
#7477=CARTESIAN_POINT('',(0.,0.0173254700000003,0.));
#7478=CARTESIAN_POINT('',(-0.05,0.0173254700000003,0.));
#7479=CARTESIAN_POINT('',(2.32725103072858E-16,0.01732547,0.42));
#7480=CARTESIAN_POINT('',(-0.199240865764816,0.01732547,0.524537445010153));
#7481=CARTESIAN_POINT('',(-0.224999999999921,0.01732547,0.42));
#7482=CARTESIAN_POINT('',(2.37529390241741E-16,0.01732547,0.524537445010153));
#7483=CARTESIAN_POINT('',(2.37529390241741E-16,0.01732547,0.524537445010153));
#7484=CARTESIAN_POINT('',(0.199240865764817,0.01732547,0.524537445010153));
#7485=CARTESIAN_POINT('',(2.32725103072858E-16,0.01732547,0.42));
#7486=CARTESIAN_POINT('',(0.224999999999921,0.01732547,0.42));
#7487=CARTESIAN_POINT('',(0.224999999999921,0.01732547,0.42));
#7488=CARTESIAN_POINT('',(0.224999999999921,0.01732547,0.0220279720287979));
#7489=CARTESIAN_POINT('',(0.000513986013985999,0.01732547,0.000513986013985988));
#7490=CARTESIAN_POINT('',(-0.186166905978831,0.01732547,-0.126005050633884));
#7491=CARTESIAN_POINT('',(1.88084943739499E-16,0.01732547,-0.126005050633884));
#7492=CARTESIAN_POINT('',(-0.186407422638469,0.01732547,-0.126005050633884));
#7493=CARTESIAN_POINT('',(0.,0.01732547,0.));
#7494=CARTESIAN_POINT('',(-0.224999999999921,0.01732547,0.));
#7495=CARTESIAN_POINT('',(-0.224999999999921,0.01732547,0.));
#7496=CARTESIAN_POINT('',(-0.224999999999921,0.01732547,0.000342657354170048));
#7497=CARTESIAN_POINT('',(-0.224999999999921,0.01732547,0.000685314708340097));
#7498=CARTESIAN_POINT('',(-0.224999999999921,0.01732547,0.00102797206251014));
#7499=CARTESIAN_POINT('',(-0.224999999999921,0.01732547,0.00102797206251011));
#7500=CARTESIAN_POINT('',(-0.224999999999921,0.01732547,0.42));
#7501=CARTESIAN_POINT('',(2.32725103072858E-16,0.01732547,0.602999999999959));
#7502=CARTESIAN_POINT('',(2.40440432353856E-16,0.126005050633884,0.42));
#7503=CARTESIAN_POINT('',(0.195367704254367,0.0143965378118655,0.531608512822018));
#7504=CARTESIAN_POINT('',(-0.195367704254367,0.0143965378118655,0.531608512822019));
#7505=CARTESIAN_POINT('',(-0.195367704254367,0.0143965378118655,0.531608512822019));
#7506=CARTESIAN_POINT('',(-0.19586685069767,0.0152702802554229,0.530734770378461));
#7507=CARTESIAN_POINT('',(-0.196446194555533,0.0159684984907524,0.52970611887762));
#7508=CARTESIAN_POINT('',(-0.197045250515893,0.0164544252686017,0.528619377873453));
#7509=CARTESIAN_POINT('',(-0.197642725571549,0.0169390696889092,0.527535504771585));
#7510=CARTESIAN_POINT('',(-0.198276026945962,0.0172271950607394,0.526364363709397));
#7511=CARTESIAN_POINT('',(-0.198896387035496,0.0173040653050842,0.525191383793939));
#7512=CARTESIAN_POINT('',(-0.199011426568394,0.0173183201179781,0.524973866478031));
#7513=CARTESIAN_POINT('',(-0.199126349716699,0.01732547,0.524755704377107));
#7514=CARTESIAN_POINT('',(-0.199240865764816,0.01732547,0.524537445010153));
#7515=CARTESIAN_POINT('',(-0.224999999999921,-0.5,0.42));
#7516=CARTESIAN_POINT('',(-0.224999999999921,-0.505,0.41999999999964));
#7517=CARTESIAN_POINT('',(-0.224999999999921,-0.505,0.42));
#7518=CARTESIAN_POINT('',(-0.224999999999921,-0.505,0.537809724509576));
#7519=CARTESIAN_POINT('',(-0.117809724509576,-0.505,0.644999999999921));
#7520=CARTESIAN_POINT('',(0.117809724509576,-0.505,0.644999999999921));
#7521=CARTESIAN_POINT('',(0.224999999999921,-0.505,0.537809724509576));
#7522=CARTESIAN_POINT('',(0.224999999999921,-0.505,0.42));
#7523=CARTESIAN_POINT('',(0.224999999999921,-0.505,0.42));
#7524=CARTESIAN_POINT('',(0.224999999999921,-0.5,0.42));
#7525=CARTESIAN_POINT('',(0.199240865764817,0.01732547,0.524537445010153));
#7526=CARTESIAN_POINT('',(0.198582311564013,0.01732547,0.525792602041286));
#7527=CARTESIAN_POINT('',(0.197902068885715,0.0170844620394282,0.527058687520238));
#7528=CARTESIAN_POINT('',(0.197258233145552,0.0166179108950793,0.528232109174032));
#7529=CARTESIAN_POINT('',(0.196582658859948,0.0161283606319,0.529463375855924));
#7530=CARTESIAN_POINT('',(0.195924770477855,0.0153716672750994,0.530633383358785));
#7531=CARTESIAN_POINT('',(0.195367704254367,0.0143965378118655,0.531608512822018));
#7532=CARTESIAN_POINT('',(2.02145180503834E-16,-0.499424528928404,0.42));
#7533=CARTESIAN_POINT('',(0.224999999999921,-0.5,0.));
#7534=CARTESIAN_POINT('',(0.224999999999921,-0.459369136889803,0.));
#7535=CARTESIAN_POINT('',(0.224999999999921,-0.505000000002422,1.51373358292517E-12));
#7536=CARTESIAN_POINT('',(0.224999999999921,-0.459369136889803,0.42));
#7537=CARTESIAN_POINT('',(0.224999999999921,-0.459369136889803,0.0220279720287979));
#7538=CARTESIAN_POINT('',(0.224999999999921,-4.70195113820905,0.0220279720287979));
#7539=CARTESIAN_POINT('',(0.224999999999921,-0.505,0.42));
#7540=CARTESIAN_POINT('',(0.224999999999921,-0.5,0.42));
#7541=CARTESIAN_POINT('',(-0.224999999999921,-0.459369136889803,0.00102797206251014));
#7542=CARTESIAN_POINT('',(-0.224999999999921,-0.459369136889803,0.000685314708340097));
#7543=CARTESIAN_POINT('',(-0.224999999999921,-0.459369136889803,0.000342657354170048));
#7544=CARTESIAN_POINT('',(-0.224999999999921,-0.459369136889803,0.));
#7545=CARTESIAN_POINT('',(-0.224999999999921,-0.459369136889803,0.00102797206251011));
#7546=CARTESIAN_POINT('',(-0.224999999999921,-0.459369136889803,-3.46538300442442E-11));
#7547=CARTESIAN_POINT('',(-0.224999999999921,-0.5,0.));
#7548=CARTESIAN_POINT('',(-0.224999999999921,-0.505,0.));
#7549=CARTESIAN_POINT('',(-0.224999999999921,-0.505,0.));
#7550=CARTESIAN_POINT('',(-0.224999999999921,-4.70195113820905,0.00102797206251011));
#7551=CARTESIAN_POINT('',(-0.224999999999921,-0.5,0.42));
#7552=CARTESIAN_POINT('',(-3.46644519729281E-11,-0.221021833444902,-0.224999999999921));
#7553=CARTESIAN_POINT('',(-3.46644371193583E-11,-0.459369136889803,-0.224999999999921));
#7554=CARTESIAN_POINT('',(-3.46644519729281E-11,-0.098994949366037,-0.224999999999921));
#7555=CARTESIAN_POINT('',(-2.81273181892582E-17,-0.459369136889803,0.));
#7556=CARTESIAN_POINT('',(0.224998535382155,-0.687226830834906,0.000811834865914773));
#7557=CARTESIAN_POINT('',(0.224969263024421,-0.604475163641119,0.00892461480888086));
#7558=CARTESIAN_POINT('',(0.224999999999504,-0.620059919059373,0.046383995736804));
#7559=CARTESIAN_POINT('',(0.22499999999992,-0.505000000005031,2.02783733539153E-12));
#7560=CARTESIAN_POINT('',(0.224998535382155,-0.687226830834903,0.000811834865893924));
#7561=CARTESIAN_POINT('',(0.224998535382155,-0.687226830834904,0.000811834865893888));
#7562=CARTESIAN_POINT('',(0.225000420563826,-0.692611578560711,0.000289360243668833));
#7563=CARTESIAN_POINT('',(0.225000420563813,-0.698344144540748,0.000289360239759854));
#7564=CARTESIAN_POINT('',(0.224998535382198,-0.704424528775015,0.000811834854167245));
#7565=CARTESIAN_POINT('',(0.22499850972929,-0.70442452887727,0.000811834761315248));
#7566=CARTESIAN_POINT('',(-4.72870418468261E-16,-0.704424528928398,-7.21644966006352E-16));
#7567=CARTESIAN_POINT('',(-0.224996223513238,-0.7044245287686,0.00128881142625092));
#7568=CARTESIAN_POINT('',(-0.224996308778196,-0.7044245287686,0.00128881191466119));
#7569=CARTESIAN_POINT('',(-0.22500111734767,-0.698422334757805,0.000449348553182371));
#7570=CARTESIAN_POINT('',(-0.225001117347715,-0.692775286862105,0.000449348561407519));
#7571=CARTESIAN_POINT('',(-0.224996308778054,-0.6874833850815,0.00128881193933505));
#7572=CARTESIAN_POINT('',(-0.224996308778054,-0.6874833850815,0.00128881193933494));
#7573=CARTESIAN_POINT('',(-0.224996308778054,-0.68748338508151,0.0012888119393924));
#7574=CARTESIAN_POINT('',(-0.224941259692548,-0.627818343650006,0.0108990899495892));
#7575=CARTESIAN_POINT('',(-0.224999999999921,-0.651117667345441,0.101679314758566));
#7576=CARTESIAN_POINT('',(-0.224999999999921,-0.505,5.05845365594659E-16));
#7577=CARTESIAN_POINT('',(-0.224999999999921,-0.5,0.));
#7578=CARTESIAN_POINT('',(-0.186407422638469,0.,-0.126005050633884));
#7579=CARTESIAN_POINT('',(-0.18628716430865,5.69952939832824E-18,-0.126005050633884));
#7580=CARTESIAN_POINT('',(7.71532928099799E-18,0.126005050633884,0.));
#7581=CARTESIAN_POINT('',(-3.0579922569024E-17,-0.499424528928404,0.));
#7582=CARTESIAN_POINT('',(-0.186166905978831,-4.70195113820905,-0.126005050633884));
#7583=CARTESIAN_POINT('',(-1.8920987049993E-17,0.,-0.126005050633884));
#7584=CARTESIAN_POINT('',(2.32725103072858E-16,-0.459369136889803,0.42));
#7585=CARTESIAN_POINT('',(0.183,-0.459369136889803,0.42));
#7586=CARTESIAN_POINT('',(2.07030756219763E-16,-0.419634387375085,0.42));
#7587=CARTESIAN_POINT('',(2.07030756219763E-16,-0.419634387375085,0.602999999999959));
#7588=CARTESIAN_POINT('',(2.02145180503834E-16,-0.499424528928404,0.42));
#7589=CARTESIAN_POINT('',(2.32725103072858E-16,-0.409634387375085,0.42));
#7590=CARTESIAN_POINT('',(2.32725103072858E-16,-0.409634387375085,0.237));
#7591=CARTESIAN_POINT('',(2.11525107331173E-16,-0.346233639495868,0.42));
#7592=CARTESIAN_POINT('',(2.11525107331173E-16,-0.346233639495868,0.602999999999959));
#7593=CARTESIAN_POINT('',(2.02145180503834E-16,-0.499424528928404,0.42));
#7594=CARTESIAN_POINT('',(2.32725103072858E-16,-0.336233639495868,0.42));
#7595=CARTESIAN_POINT('',(2.32725103072858E-16,-0.336233639495868,0.237));
#7596=CARTESIAN_POINT('',(2.18260442277196E-16,-0.236233639495869,0.42));
#7597=CARTESIAN_POINT('',(2.18260442277196E-16,-0.236233639495869,0.602999999999959));
#7598=CARTESIAN_POINT('',(2.02145180503834E-16,-0.499424528928404,0.42));
#7599=CARTESIAN_POINT('',(2.22754793388606E-16,-0.162832891616652,0.42));
#7600=CARTESIAN_POINT('',(2.22754793388606E-16,-0.162832891616652,0.602999999999959));
#7601=CARTESIAN_POINT('',(2.18872745454107E-16,-0.226233639495869,0.42));
#7602=CARTESIAN_POINT('',(2.18872745454107E-16,-0.226233639495869,0.237000000000041));
#7603=CARTESIAN_POINT('',(2.02145180503834E-16,-0.499424528928404,0.42));
#7604=CARTESIAN_POINT('',(3.44460226744919E-16,-0.505,0.52));
#7605=CARTESIAN_POINT('',(-0.0523598775598296,-0.505,0.52));
#7606=CARTESIAN_POINT('',(-0.0999999999999998,-0.505,0.47235987755983));
#7607=CARTESIAN_POINT('',(-0.0999999999999998,-0.505,0.42));
#7608=CARTESIAN_POINT('',(3.50662410309927E-16,-0.505,0.52));
#7609=CARTESIAN_POINT('',(-0.0999999999999998,-0.505,0.42));
#7610=CARTESIAN_POINT('',(-0.0999999999999998,-0.505,0.42));
#7611=CARTESIAN_POINT('',(-0.0999999999999998,-0.505,0.31528024488034));
#7612=CARTESIAN_POINT('',(0.1,-0.505,0.31528024488034));
#7613=CARTESIAN_POINT('',(0.1,-0.505,0.42));
#7614=CARTESIAN_POINT('',(0.1,-0.505,0.419999999999998));
#7615=CARTESIAN_POINT('',(0.1,-0.505,0.42));
#7616=CARTESIAN_POINT('',(0.1,-0.505,0.47235987755983));
#7617=CARTESIAN_POINT('',(0.0523598775598301,-0.505,0.52));
#7618=CARTESIAN_POINT('',(2.112334637899E-16,-0.505,0.52));
#7619=CARTESIAN_POINT('',(2.0790422203892E-16,-0.459369136889803,0.42));
#7620=CARTESIAN_POINT('',(-0.0999999999999998,-0.459369136889803,0.42));
#7621=CARTESIAN_POINT('',(2.73134040091003E-16,0.605949818029546,0.42));
#7622=CARTESIAN_POINT('',(0.000513986013985999,0.12651903664787,0.000513986013985988));
#7623=CARTESIAN_POINT('',(-3.0581187354153E-17,-0.18670973914726,-0.312714789781144));
#7624=CARTESIAN_POINT('',(-2.81273181892582E-17,-0.0310609765391818,0.));
#7625=CARTESIAN_POINT('',(-2.81273181892582E-17,-0.0310609765391818,0.05));
#7626=CARTESIAN_POINT('',(-3.0579922569024E-17,-0.499424528928404,0.));
#7627=CARTESIAN_POINT('',(2.26772782959605E-16,0.0143965378118655,0.531608512822019));
#7628=CARTESIAN_POINT('',(2.26772782959605E-16,0.0143965378118655,0.531608512822018));
#7629=CARTESIAN_POINT('',(2.02145180503834E-16,-0.18670973914726,0.732714789781144));
#7630=CARTESIAN_POINT('',(2.045977848836E-16,-0.459369136889803,0.598));
#7631=CARTESIAN_POINT('',(-3.061515884556E-17,-0.704424528928404,0.));
#7632=CARTESIAN_POINT('',(-0.0673877622622558,-0.704424528928209,-0.0189444075029866));
#7633=CARTESIAN_POINT('',(-0.0172875429739051,-0.704424528928209,0.067831717774791));
#7634=CARTESIAN_POINT('',(-3.061515884556E-17,-0.704424528928404,0.));
#7635=CARTESIAN_POINT('',(0.0172875429739073,-0.704424528928212,0.0678317177747904));
#7636=CARTESIAN_POINT('',(-3.061515884556E-17,-0.704424528928404,0.));
#7637=CARTESIAN_POINT('',(0.067387762262258,-0.704424528928209,-0.0189444075029788));
#7638=CARTESIAN_POINT('',(-3.061515884556E-17,-0.704424528928404,0.));
#7639=CARTESIAN_POINT('',(0.0501002192883576,-0.704424528928212,-0.0488873102718076));
#7640=CARTESIAN_POINT('',(-3.061515884556E-17,-0.704424528928404,0.));
#7641=CARTESIAN_POINT('',(-0.0501002192883588,-0.704424528928209,-0.0488873102718065));
#7642=CARTESIAN_POINT('',(-3.061515884556E-17,-0.704424528928404,0.));
#7643=CARTESIAN_POINT('',(-9.86797154657134E-18,-0.536324802305173,-0.0847068204213397));
#7644=CARTESIAN_POINT('',(0.09057070923379,-0.53632480026471,-0.0847068205998571));
#7645=CARTESIAN_POINT('',(0.0891707768040487,-0.516917556092102,0.0863985339991785));
#7646=CARTESIAN_POINT('',(6.00832904175177E-6,-0.516916524178648,0.0864048245270683));
#7647=CARTESIAN_POINT('',(-3.7926005111925E-17,-0.536324802305173,-0.0847068204213401));
#7648=CARTESIAN_POINT('',(-2.00336194292993E-17,-0.51691650440302,0.086404826466112));
#7649=CARTESIAN_POINT('',(-4.06381911636732E-14,-0.516916524143907,0.0864048247390082));
#7650=CARTESIAN_POINT('',(-0.0892105855384042,-0.516916524919872,0.0864048246710781));
#7651=CARTESIAN_POINT('',(-0.0906722093262965,-0.536324804347959,-0.084706820242619));
#7652=CARTESIAN_POINT('',(-3.061515884556E-17,-0.536324802305173,-0.0847068204213397));
#7653=CARTESIAN_POINT('',(-3.061515884556E-17,-0.704424528928404,0.));
#7654=CARTESIAN_POINT('',(0.175,-0.704424528928398,-5.62842927386823E-17));
#7655=CARTESIAN_POINT('',(0.175,-0.704424528928398,-0.0146931159271204));
#7656=CARTESIAN_POINT('',(0.173139812839683,-0.704424528928398,-0.0293852491139204));
#7657=CARTESIAN_POINT('',(0.169477891622777,-0.704424528928398,-0.0436147251636199));
#7658=CARTESIAN_POINT('',(0.175,-0.7044245289284,-2.08166817117217E-17));
#7659=CARTESIAN_POINT('',(0.166199947180053,-0.711660840339117,-0.0432054436830702));
#7660=CARTESIAN_POINT('',(0.0463227287395478,-0.704424528928398,0.168757828861722));
#7661=CARTESIAN_POINT('',(0.119614375257735,-0.704424528928398,0.148639834434816));
#7662=CARTESIAN_POINT('',(0.175,-0.704424528928398,0.0760026259356077));
#7663=CARTESIAN_POINT('',(0.175,-0.704424528928398,2.14313189850787E-17));
#7664=CARTESIAN_POINT('',(0.0463226303699134,-0.704424532352367,0.168757470463466));
#7665=CARTESIAN_POINT('',(0.0460203734908382,-0.70442437859961,0.168839261069809));
#7666=CARTESIAN_POINT('',(0.0461213712395399,-0.704424186553214,0.168812681153674));
#7667=CARTESIAN_POINT('',(0.0462221609208494,-0.704424279251421,0.168785541274697));
#7668=CARTESIAN_POINT('',(0.0463227340132995,-0.704424660975404,0.168757848127901));
#7669=CARTESIAN_POINT('',(0.0460204824452898,-0.704424528928398,0.168839682358594));
#7670=CARTESIAN_POINT('',(-0.0460466985724852,-0.704424528928398,0.168832766018704));
#7671=CARTESIAN_POINT('',(-0.0160730156942003,-0.704424528928398,0.177009708283267));
#7672=CARTESIAN_POINT('',(0.0160427666436698,-0.704424528928398,0.177012973661487));
#7673=CARTESIAN_POINT('',(0.0460205414622177,-0.704424528928398,0.168839898825005));
#7674=CARTESIAN_POINT('',(-0.0460466584741482,-0.704424528928398,0.168832619032851));
#7675=CARTESIAN_POINT('',(-0.0463227340248371,-0.704424660975404,0.168757848124734));
#7676=CARTESIAN_POINT('',(-0.046230862319627,-0.704424342433016,0.168783138442042));
#7677=CARTESIAN_POINT('',(-0.0461388098195111,-0.704424264921365,0.16880796700703));
#7678=CARTESIAN_POINT('',(-0.0460465830143206,-0.704424425180898,0.168832328707939));
#7679=CARTESIAN_POINT('',(-0.0463226303699134,-0.704424532352367,0.168757470463466));
#7680=CARTESIAN_POINT('',(-0.169309931263767,-0.704424528928398,-0.0442622545229974));
#7681=CARTESIAN_POINT('',(-0.192305747727796,-0.704424528928398,0.043700280301254));
#7682=CARTESIAN_POINT('',(-0.13399842671729,-0.704424528928398,0.144691522712445));
#7683=CARTESIAN_POINT('',(-0.0463227287395478,-0.704424528928398,0.168757828861722));
#7684=CARTESIAN_POINT('',(-0.167860978655993,-0.709946921255209,-0.0422842535444523));
#7685=CARTESIAN_POINT('',(-0.122987195629324,-0.704424528928398,-0.124495567357381));
#7686=CARTESIAN_POINT('',(-0.145158556777902,-0.704424528928398,-0.102593708718921));
#7687=CARTESIAN_POINT('',(-0.161307692005506,-0.704424528928398,-0.0746719741999288));
#7688=CARTESIAN_POINT('',(-0.169239506104663,-0.704424528928398,-0.044528830036581));
#7689=CARTESIAN_POINT('',(-0.122987207274187,-0.704424531496375,-0.124495579145159));
#7690=CARTESIAN_POINT('',(0.122987202495722,-0.704424528928398,-0.12449557430799));
#7691=CARTESIAN_POINT('',(0.0583073209973477,-0.704424528928398,-0.188391802968781));
#7692=CARTESIAN_POINT('',(-0.058307320997347,-0.704424528928398,-0.188391802968781));
#7693=CARTESIAN_POINT('',(-0.122987202495721,-0.704424528928398,-0.124495574307991));
#7694=CARTESIAN_POINT('',(0.122987207274187,-0.704424531496375,-0.124495579145158));
#7695=CARTESIAN_POINT('',(0.169475659979028,-0.704424528928398,-0.0436298694914734));
#7696=CARTESIAN_POINT('',(0.159169438827047,-0.704424528928398,-0.0828650696012571));
#7697=CARTESIAN_POINT('',(0.14540027065243,-0.704424528928398,-0.102354932581603));
#7698=CARTESIAN_POINT('',(0.122987195629324,-0.704424528928398,-0.12449556735738));
#7699=CARTESIAN_POINT('',(0.174122801493658,-0.559999999999999,0.3));
#7700=CARTESIAN_POINT('',(0.174122801493659,-0.562945243112739,0.3));
#7701=CARTESIAN_POINT('',(0.173000390613418,-0.56589041339854,0.3));
#7702=CARTESIAN_POINT('',(0.16855377076169,-0.57166771558291,0.3));
#7703=CARTESIAN_POINT('',(0.16522967174164,-0.574499704626298,0.3));
#7704=CARTESIAN_POINT('',(0.156507313145393,-0.57994180428656,0.3));
#7705=CARTESIAN_POINT('',(0.1511092692467,-0.582551780336795,0.3));
#7706=CARTESIAN_POINT('',(0.138446367255231,-0.587449540634969,0.3));
#7707=CARTESIAN_POINT('',(0.131181822277662,-0.589737203776133,0.3));
#7708=CARTESIAN_POINT('',(0.115065005113068,-0.593902406530656,0.3));
#7709=CARTESIAN_POINT('',(0.106213131446108,-0.59577984315117,0.3));
#7710=CARTESIAN_POINT('',(0.0872617593536083,-0.599052421956059,0.3));
#7711=CARTESIAN_POINT('',(0.0771627295380897,-0.600447483219475,0.3));
#7712=CARTESIAN_POINT('',(0.0561050931191473,-0.602701674706541,0.3));
#7713=CARTESIAN_POINT('',(0.0451470072072802,-0.603560749190865,0.3));
#7714=CARTESIAN_POINT('',(0.0227923396202164,-0.604709926045425,0.3));
#7715=CARTESIAN_POINT('',(0.0113963107082284,-0.605,0.3));
#7716=CARTESIAN_POINT('',(2.51534904016637E-16,-0.605,0.3));
#7717=CARTESIAN_POINT('',(0.174122801493658,-0.56,0.3));
#7718=CARTESIAN_POINT('',(2.50994993587341E-16,-0.605,0.3));
#7719=CARTESIAN_POINT('',(0.0666339113286187,-0.518425421036992,0.3));
#7720=CARTESIAN_POINT('',(0.0771627295380899,-0.519552516780525,0.3));
#7721=CARTESIAN_POINT('',(0.0872617593536079,-0.520947578043941,0.3));
#7722=CARTESIAN_POINT('',(0.106213131446107,-0.52422015684883,0.3));
#7723=CARTESIAN_POINT('',(0.115065005113068,-0.526097593469344,0.3));
#7724=CARTESIAN_POINT('',(0.131181822277662,-0.530262796223867,0.3));
#7725=CARTESIAN_POINT('',(0.138446367255231,-0.532550459365031,0.3));
#7726=CARTESIAN_POINT('',(0.1511092692467,-0.537448219663205,0.3));
#7727=CARTESIAN_POINT('',(0.156507313145393,-0.54005819571344,0.3));
#7728=CARTESIAN_POINT('',(0.16522967174164,-0.545500295373701,0.3));
#7729=CARTESIAN_POINT('',(0.16855377076169,-0.548332284417089,0.3));
#7730=CARTESIAN_POINT('',(0.173000390613418,-0.554109586601458,0.3));
#7731=CARTESIAN_POINT('',(0.174122801493658,-0.557054756887258,0.3));
#7732=CARTESIAN_POINT('',(0.174122801493658,-0.559999999999999,0.3));
#7733=CARTESIAN_POINT('',(0.0666339113286187,-0.518425421036992,0.3));
#7734=CARTESIAN_POINT('',(-0.0666339113286184,-0.518425421036992,0.3));
#7735=CARTESIAN_POINT('',(-0.056105093119147,-0.517298325293459,0.3));
#7736=CARTESIAN_POINT('',(-0.04514700720728,-0.516439250809135,0.3));
#7737=CARTESIAN_POINT('',(-0.0227923396202161,-0.515290073954574,0.3));
#7738=CARTESIAN_POINT('',(-0.0113963107082281,-0.515,0.3));
#7739=CARTESIAN_POINT('',(0.0113963107082284,-0.515,0.3));
#7740=CARTESIAN_POINT('',(0.0227923396202163,-0.515290073954574,0.3));
#7741=CARTESIAN_POINT('',(0.0451470072072802,-0.516439250809135,0.3));
#7742=CARTESIAN_POINT('',(0.0561050931191475,-0.517298325293459,0.3));
#7743=CARTESIAN_POINT('',(0.0666339113286187,-0.518425421036992,0.3));
#7744=CARTESIAN_POINT('',(-0.0666339113286184,-0.518425421036992,0.3));
#7745=CARTESIAN_POINT('',(-4.48511411651892E-15,-0.605,0.3));
#7746=CARTESIAN_POINT('',(-0.0113963107082279,-0.605,0.3));
#7747=CARTESIAN_POINT('',(-0.0227923396202161,-0.604709926045425,0.3));
#7748=CARTESIAN_POINT('',(-0.0451470072072799,-0.603560749190865,0.3));
#7749=CARTESIAN_POINT('',(-0.056105093119147,-0.602701674706541,0.3));
#7750=CARTESIAN_POINT('',(-0.0771627295380894,-0.600447483219475,0.3));
#7751=CARTESIAN_POINT('',(-0.0872617593536077,-0.599052421956059,0.3));
#7752=CARTESIAN_POINT('',(-0.106213131446108,-0.59577984315117,0.3));
#7753=CARTESIAN_POINT('',(-0.115065005113068,-0.593902406530656,0.3));
#7754=CARTESIAN_POINT('',(-0.131181822277662,-0.589737203776133,0.3));
#7755=CARTESIAN_POINT('',(-0.138446367255231,-0.587449540634969,0.3));
#7756=CARTESIAN_POINT('',(-0.1511092692467,-0.582551780336795,0.3));
#7757=CARTESIAN_POINT('',(-0.156507313145393,-0.57994180428656,0.3));
#7758=CARTESIAN_POINT('',(-0.16522967174164,-0.574499704626298,0.3));
#7759=CARTESIAN_POINT('',(-0.16855377076169,-0.571667715582911,0.3));
#7760=CARTESIAN_POINT('',(-0.173000390613418,-0.565890413398541,0.3));
#7761=CARTESIAN_POINT('',(-0.174122801493658,-0.56294524311274,0.3));
#7762=CARTESIAN_POINT('',(-0.174122801493658,-0.557054756887259,0.3));
#7763=CARTESIAN_POINT('',(-0.173000390613418,-0.554109586601459,0.3));
#7764=CARTESIAN_POINT('',(-0.16855377076169,-0.548332284417089,0.3));
#7765=CARTESIAN_POINT('',(-0.16522967174164,-0.545500295373702,0.3));
#7766=CARTESIAN_POINT('',(-0.156507313145393,-0.54005819571344,0.3));
#7767=CARTESIAN_POINT('',(-0.1511092692467,-0.537448219663205,0.3));
#7768=CARTESIAN_POINT('',(-0.138446367255231,-0.532550459365031,0.3));
#7769=CARTESIAN_POINT('',(-0.131181822277662,-0.530262796223867,0.3));
#7770=CARTESIAN_POINT('',(-0.115065005113068,-0.526097593469344,0.3));
#7771=CARTESIAN_POINT('',(-0.106213131446108,-0.52422015684883,0.3));
#7772=CARTESIAN_POINT('',(-0.0872617593536077,-0.520947578043941,0.3));
#7773=CARTESIAN_POINT('',(-0.0771627295380898,-0.519552516780525,0.3));
#7774=CARTESIAN_POINT('',(-0.0666339113286184,-0.518425421036992,0.3));
#7775=CARTESIAN_POINT('',(0.174122801493658,-0.56,0.3));
#7776=CARTESIAN_POINT('',(0.174122801493658,-0.56,0.0326371701766504));
#7777=CARTESIAN_POINT('',(0.175,-0.567440755324889,0.));
#7778=CARTESIAN_POINT('',(0.175,-0.704424528928404,0.));
#7779=CARTESIAN_POINT('',(0.175,-0.706779782240988,0.));
#7780=CARTESIAN_POINT('',(0.175,-0.709135035553572,0.));
#7781=CARTESIAN_POINT('',(0.175,-0.711490288866156,0.));
#7782=CARTESIAN_POINT('',(0.174122801493658,-0.56294524311274,0.3));
#7783=CARTESIAN_POINT('',(0.174122801493658,-0.56294524311274,0.042746606658651));
#7784=CARTESIAN_POINT('',(0.175,-0.570637604751331,0.0114537232162129));
#7785=CARTESIAN_POINT('',(0.175,-0.704424528928404,0.0114537232162129));
#7786=CARTESIAN_POINT('',(0.175,-0.706724816678255,0.0114537232162129));
#7787=CARTESIAN_POINT('',(0.175,-0.709025104428106,0.0114537232162129));
#7788=CARTESIAN_POINT('',(0.175,-0.711325392177956,0.0114537232162129));
#7789=CARTESIAN_POINT('',(0.173000390613418,-0.565890413398541,0.3));
#7790=CARTESIAN_POINT('',(0.173000390613418,-0.565890413398541,0.052853654345275));
#7791=CARTESIAN_POINT('',(0.1738719346211,-0.573832339579963,0.022907163216548));
#7792=CARTESIAN_POINT('',(0.1738719346211,-0.704424528928404,0.022907163216548));
#7793=CARTESIAN_POINT('',(0.1738719346211,-0.706669887473211,0.022907163216548));
#7794=CARTESIAN_POINT('',(0.1738719346211,-0.708915246018018,0.022907163216548));
#7795=CARTESIAN_POINT('',(0.1738719346211,-0.711160604562824,0.022907163216548));
#7796=CARTESIAN_POINT('',(0.16855377076169,-0.571667715582911,0.3));
#7797=CARTESIAN_POINT('',(0.16855377076169,-0.571667715582911,0.072674246347962));
#7798=CARTESIAN_POINT('',(0.16940291352003,-0.580093876578159,0.045374449489097));
#7799=CARTESIAN_POINT('',(0.16940291352003,-0.704424528928404,0.045374449489097));
#7800=CARTESIAN_POINT('',(0.16940291352003,-0.706562228694591,0.045374449489097));
#7801=CARTESIAN_POINT('',(0.16940291352003,-0.708699928460778,0.045374449489097));
#7802=CARTESIAN_POINT('',(0.16940291352003,-0.710837628226965,0.045374449489097));
#7803=CARTESIAN_POINT('',(0.16522967174164,-0.574499704626298,0.3));
#7804=CARTESIAN_POINT('',(0.16522967174164,-0.574499704626298,0.082387276033615));
#7805=CARTESIAN_POINT('',(0.166062068303215,-0.583160500575931,0.0563877402133829));
#7806=CARTESIAN_POINT('',(0.166062068303215,-0.704424528928404,0.0563877402133829));
#7807=CARTESIAN_POINT('',(0.166062068303215,-0.706509502184442,0.0563877402133829));
#7808=CARTESIAN_POINT('',(0.166062068303215,-0.708594475440479,0.0563877402133829));
#7809=CARTESIAN_POINT('',(0.166062068303215,-0.710679448696517,0.0563877402133829));
#7810=CARTESIAN_POINT('',(0.156507313145393,-0.57994180428656,0.3));
#7811=CARTESIAN_POINT('',(0.156507313145393,-0.57994180428656,0.10104541938667));
#7812=CARTESIAN_POINT('',(0.157295768075735,-0.589046894338526,0.077551461114399));
#7813=CARTESIAN_POINT('',(0.157295768075735,-0.704424528928404,0.077551461114399));
#7814=CARTESIAN_POINT('',(0.157295768075735,-0.706408293493487,0.077551461114399));
#7815=CARTESIAN_POINT('',(0.157295768075735,-0.708392058058569,0.077551461114399));
#7816=CARTESIAN_POINT('',(0.157295768075735,-0.710375822623651,0.077551461114399));
#7817=CARTESIAN_POINT('',(0.1511092692467,-0.582551780336795,0.3));
#7818=CARTESIAN_POINT('',(0.1511092692467,-0.582551780336795,0.109990034238047));
#7819=CARTESIAN_POINT('',(0.151870529829119,-0.591866482902547,0.087701367976425));
#7820=CARTESIAN_POINT('',(0.151870529829119,-0.704424528928404,0.087701367976425));
#7821=CARTESIAN_POINT('',(0.151870529829119,-0.706359814428187,0.087701367976425));
#7822=CARTESIAN_POINT('',(0.151870529829119,-0.708295099927969,0.087701367976425));
#7823=CARTESIAN_POINT('',(0.151870529829119,-0.710230385427752,0.087701367976425));
#7824=CARTESIAN_POINT('',(0.138446367255231,-0.587449540634969,0.3));
#7825=CARTESIAN_POINT('',(0.138446367255231,-0.587449540634969,0.126767171295221));
#7826=CARTESIAN_POINT('',(0.139143834476772,-0.597150061105033,0.106748213580436));
#7827=CARTESIAN_POINT('',(0.139143834476772,-0.704424528928404,0.106748213580436));
#7828=CARTESIAN_POINT('',(0.139143834476772,-0.706268970346904,0.106748213580436));
#7829=CARTESIAN_POINT('',(0.139143834476772,-0.708113411765403,0.106748213580436));
#7830=CARTESIAN_POINT('',(0.139143834476772,-0.709957853183903,0.106748213580436));
#7831=CARTESIAN_POINT('',(0.131181822277662,-0.589737203776133,0.3));
#7832=CARTESIAN_POINT('',(0.131181822277662,-0.589737203776133,0.134599237682361));
#7833=CARTESIAN_POINT('',(0.131842692063663,-0.59961388110396,0.115644681351628));
#7834=CARTESIAN_POINT('',(0.131842692063663,-0.704424528928404,0.115644681351628));
#7835=CARTESIAN_POINT('',(0.131842692063663,-0.706226608247646,0.115644681351628));
#7836=CARTESIAN_POINT('',(0.131842692063663,-0.708028687566888,0.115644681351628));
#7837=CARTESIAN_POINT('',(0.131842692063663,-0.70983076688613,0.115644681351628));
#7838=CARTESIAN_POINT('',(0.115065005113068,-0.593902406530656,0.3));
#7839=CARTESIAN_POINT('',(0.115065005113068,-0.593902406530656,0.148851294291935));
#7840=CARTESIAN_POINT('',(0.115644681351628,-0.604092228660753,0.131842692063664));
#7841=CARTESIAN_POINT('',(0.115644681351628,-0.704424528928404,0.131842692063664));
#7842=CARTESIAN_POINT('',(0.115644681351628,-0.706149609033501,0.131842692063664));
#7843=CARTESIAN_POINT('',(0.115644681351628,-0.707874689138598,0.131842692063664));
#7844=CARTESIAN_POINT('',(0.115644681351628,-0.709599769243696,0.131842692063664));
#7845=CARTESIAN_POINT('',(0.106213131446108,-0.59577984315117,0.3));
#7846=CARTESIAN_POINT('',(0.106213131446108,-0.59577984315117,0.155270920476293));
#7847=CARTESIAN_POINT('',(0.106748213580435,-0.606106634416197,0.139143834476772));
#7848=CARTESIAN_POINT('',(0.106748213580435,-0.704424528928404,0.139143834476772));
#7849=CARTESIAN_POINT('',(0.106748213580435,-0.706114974012845,0.139143834476772));
#7850=CARTESIAN_POINT('',(0.106748213580435,-0.707805419097285,0.139143834476772));
#7851=CARTESIAN_POINT('',(0.106748213580435,-0.709495864181725,0.139143834476772));
#7852=CARTESIAN_POINT('',(0.0872617593536082,-0.599052421956059,0.3));
#7853=CARTESIAN_POINT('',(0.0872617593536082,-0.599052421956059,0.166454477291858));
#7854=CARTESIAN_POINT('',(0.0877013679764252,-0.609611723522984,0.151870529829119));
#7855=CARTESIAN_POINT('',(0.0877013679764252,-0.704424528928404,0.151870529829119));
#7856=CARTESIAN_POINT('',(0.0877013679764252,-0.70605470867986,0.151870529829119));
#7857=CARTESIAN_POINT('',(0.0877013679764252,-0.707684888431317,0.151870529829119));
#7858=CARTESIAN_POINT('',(0.0877013679764252,-0.709315068182773,0.151870529829119));
#7859=CARTESIAN_POINT('',(0.0771627295380898,-0.600447483219475,0.3));
#7860=CARTESIAN_POINT('',(0.0771627295380898,-0.600447483219475,0.171218198204385));
#7861=CARTESIAN_POINT('',(0.0775514611143991,-0.611102383794726,0.157295768075735));
#7862=CARTESIAN_POINT('',(0.0775514611143991,-0.704424528928404,0.157295768075735));
#7863=CARTESIAN_POINT('',(0.0775514611143991,-0.706029078764356,0.157295768075735));
#7864=CARTESIAN_POINT('',(0.0775514611143991,-0.707633628600307,0.157295768075735));
#7865=CARTESIAN_POINT('',(0.0775514611143991,-0.709238178436259,0.157295768075735));
#7866=CARTESIAN_POINT('',(0.0561050931191474,-0.602701674706541,0.3));
#7867=CARTESIAN_POINT('',(0.0561050931191474,-0.602701674706541,0.178911840140278));
#7868=CARTESIAN_POINT('',(0.0563877402133824,-0.613507474789759,0.166062068303215));
#7869=CARTESIAN_POINT('',(0.0563877402133824,-0.704424528928404,0.166062068303215));
#7870=CARTESIAN_POINT('',(0.0563877402133824,-0.705987726432002,0.166062068303215));
#7871=CARTESIAN_POINT('',(0.0563877402133824,-0.7075509239356,0.166062068303215));
#7872=CARTESIAN_POINT('',(0.0563877402133824,-0.709114121439198,0.166062068303215));
#7873=CARTESIAN_POINT('',(0.0451470072072803,-0.603560749190865,0.3));
#7874=CARTESIAN_POINT('',(0.0451470072072803,-0.603560749190865,0.181841723604131));
#7875=CARTESIAN_POINT('',(0.0453744494890965,-0.614421991351374,0.169402913520031));
#7876=CARTESIAN_POINT('',(0.0453744494890965,-0.704424528928404,0.169402913520031));
#7877=CARTESIAN_POINT('',(0.0453744494890965,-0.705972002539277,0.169402913520031));
#7878=CARTESIAN_POINT('',(0.0453744494890965,-0.707519476150151,0.169402913520031));
#7879=CARTESIAN_POINT('',(0.0453744494890965,-0.709066949761024,0.169402913520031));
#7880=CARTESIAN_POINT('',(0.0227923396202165,-0.604709926045425,0.3));
#7881=CARTESIAN_POINT('',(0.0227923396202165,-0.604709926045425,0.185760123674326));
#7882=CARTESIAN_POINT('',(0.022907163216548,-0.615644494265563,0.1738719346211));
#7883=CARTESIAN_POINT('',(0.022907163216548,-0.704424528928404,0.1738719346211));
#7884=CARTESIAN_POINT('',(0.022907163216548,-0.705950983231935,0.1738719346211));
#7885=CARTESIAN_POINT('',(0.022907163216548,-0.707477437535466,0.1738719346211));
#7886=CARTESIAN_POINT('',(0.022907163216548,-0.709003891838997,0.1738719346211));
#7887=CARTESIAN_POINT('',(0.0113963107082284,-0.605,0.3));
#7888=CARTESIAN_POINT('',(0.0113963107082284,-0.605,0.186748648487041));
#7889=CARTESIAN_POINT('',(0.0114537232162127,-0.615952550411427,0.175));
#7890=CARTESIAN_POINT('',(0.0114537232162127,-0.704424528928404,0.175));
#7891=CARTESIAN_POINT('',(0.0114537232162127,-0.705945686617315,0.175));
#7892=CARTESIAN_POINT('',(0.0114537232162127,-0.707466844306225,0.175));
#7893=CARTESIAN_POINT('',(0.0114537232162127,-0.708988001995136,0.175));
#7894=CARTESIAN_POINT('',(-0.0113963107082279,-0.605,0.3));
#7895=CARTESIAN_POINT('',(-0.0113963107082279,-0.605,0.186748721773342));
#7896=CARTESIAN_POINT('',(-0.0114537232162128,-0.615952620159191,0.175));
#7897=CARTESIAN_POINT('',(-0.0114537232162128,-0.704424528928404,0.175));
#7898=CARTESIAN_POINT('',(-0.0114537232162128,-0.705945685418095,0.175));
#7899=CARTESIAN_POINT('',(-0.0114537232162128,-0.707466841907786,0.175));
#7900=CARTESIAN_POINT('',(-0.0114537232162128,-0.708987998397477,0.175));
#7901=CARTESIAN_POINT('',(-0.0227923396202161,-0.604709926045425,0.3));
#7902=CARTESIAN_POINT('',(-0.0227923396202161,-0.604709926045425,0.185760123674326));
#7903=CARTESIAN_POINT('',(-0.0229071632165482,-0.615644494265563,0.1738719346211));
#7904=CARTESIAN_POINT('',(-0.0229071632165482,-0.704424528928404,0.1738719346211));
#7905=CARTESIAN_POINT('',(-0.0229071632165482,-0.705950983231935,0.1738719346211));
#7906=CARTESIAN_POINT('',(-0.0229071632165482,-0.707477437535466,0.1738719346211));
#7907=CARTESIAN_POINT('',(-0.0229071632165482,-0.709003891838997,0.1738719346211));
#7908=CARTESIAN_POINT('',(-0.0451470072072799,-0.603560749190865,0.3));
#7909=CARTESIAN_POINT('',(-0.0451470072072799,-0.603560749190865,0.181841723604131));
#7910=CARTESIAN_POINT('',(-0.0453744494890967,-0.614421991351374,0.169402913520031));
#7911=CARTESIAN_POINT('',(-0.0453744494890967,-0.704424528928404,0.169402913520031));
#7912=CARTESIAN_POINT('',(-0.0453744494890967,-0.705972002539277,0.169402913520031));
#7913=CARTESIAN_POINT('',(-0.0453744494890967,-0.707519476150151,0.169402913520031));
#7914=CARTESIAN_POINT('',(-0.0453744494890967,-0.709066949761024,0.169402913520031));
#7915=CARTESIAN_POINT('',(-0.0561050931191469,-0.602701674706541,0.3));
#7916=CARTESIAN_POINT('',(-0.0561050931191469,-0.602701674706541,0.178911840140278));
#7917=CARTESIAN_POINT('',(-0.0563877402133825,-0.613507474789759,0.166062068303215));
#7918=CARTESIAN_POINT('',(-0.0563877402133825,-0.704424528928404,0.166062068303215));
#7919=CARTESIAN_POINT('',(-0.0563877402133825,-0.705987726432002,0.166062068303215));
#7920=CARTESIAN_POINT('',(-0.0563877402133825,-0.7075509239356,0.166062068303215));
#7921=CARTESIAN_POINT('',(-0.0563877402133825,-0.709114121439198,0.166062068303215));
#7922=CARTESIAN_POINT('',(-0.0771627295380893,-0.600447483219475,0.3));
#7923=CARTESIAN_POINT('',(-0.0771627295380893,-0.600447483219475,0.171218198204385));
#7924=CARTESIAN_POINT('',(-0.0775514611143992,-0.611102383794726,0.157295768075735));
#7925=CARTESIAN_POINT('',(-0.0775514611143992,-0.704424528928404,0.157295768075735));
#7926=CARTESIAN_POINT('',(-0.0775514611143992,-0.706029078764356,0.157295768075735));
#7927=CARTESIAN_POINT('',(-0.0775514611143992,-0.707633628600307,0.157295768075735));
#7928=CARTESIAN_POINT('',(-0.0775514611143992,-0.709238178436259,0.157295768075735));
#7929=CARTESIAN_POINT('',(-0.0872617593536077,-0.599052421956059,0.3));
#7930=CARTESIAN_POINT('',(-0.0872617593536078,-0.599052421956059,0.166454477291858));
#7931=CARTESIAN_POINT('',(-0.0877013679764253,-0.609611723522984,0.151870529829119));
#7932=CARTESIAN_POINT('',(-0.0877013679764253,-0.704424528928404,0.151870529829119));
#7933=CARTESIAN_POINT('',(-0.0877013679764253,-0.70605470867986,0.151870529829119));
#7934=CARTESIAN_POINT('',(-0.0877013679764253,-0.707684888431317,0.151870529829119));
#7935=CARTESIAN_POINT('',(-0.0877013679764253,-0.709315068182773,0.151870529829119));
#7936=CARTESIAN_POINT('',(-0.106213131446108,-0.59577984315117,0.3));
#7937=CARTESIAN_POINT('',(-0.106213131446108,-0.59577984315117,0.155270920476293));
#7938=CARTESIAN_POINT('',(-0.106748213580436,-0.606106634416197,0.139143834476772));
#7939=CARTESIAN_POINT('',(-0.106748213580436,-0.704424528928404,0.139143834476772));
#7940=CARTESIAN_POINT('',(-0.106748213580436,-0.706114974012845,0.139143834476772));
#7941=CARTESIAN_POINT('',(-0.106748213580436,-0.707805419097285,0.139143834476772));
#7942=CARTESIAN_POINT('',(-0.106748213580436,-0.709495864181725,0.139143834476772));
#7943=CARTESIAN_POINT('',(-0.115065005113068,-0.593902406530656,0.3));
#7944=CARTESIAN_POINT('',(-0.115065005113068,-0.593902406530656,0.148851294291934));
#7945=CARTESIAN_POINT('',(-0.115644681351628,-0.604092228660753,0.131842692063664));
#7946=CARTESIAN_POINT('',(-0.115644681351628,-0.704424528928404,0.131842692063664));
#7947=CARTESIAN_POINT('',(-0.115644681351628,-0.706149609033501,0.131842692063664));
#7948=CARTESIAN_POINT('',(-0.115644681351628,-0.707874689138598,0.131842692063664));
#7949=CARTESIAN_POINT('',(-0.115644681351628,-0.709599769243696,0.131842692063664));
#7950=CARTESIAN_POINT('',(-0.131181822277662,-0.589737203776133,0.3));
#7951=CARTESIAN_POINT('',(-0.131181822277662,-0.589737203776133,0.134599237682361));
#7952=CARTESIAN_POINT('',(-0.131842692063664,-0.59961388110396,0.115644681351628));
#7953=CARTESIAN_POINT('',(-0.131842692063664,-0.704424528928404,0.115644681351628));
#7954=CARTESIAN_POINT('',(-0.131842692063664,-0.706226608247646,0.115644681351628));
#7955=CARTESIAN_POINT('',(-0.131842692063664,-0.708028687566888,0.115644681351628));
#7956=CARTESIAN_POINT('',(-0.131842692063664,-0.70983076688613,0.115644681351628));
#7957=CARTESIAN_POINT('',(-0.138446367255231,-0.587449540634969,0.3));
#7958=CARTESIAN_POINT('',(-0.138446367255231,-0.587449540634969,0.126767171295221));
#7959=CARTESIAN_POINT('',(-0.139143834476772,-0.597150061105033,0.106748213580436));
#7960=CARTESIAN_POINT('',(-0.139143834476772,-0.704424528928404,0.106748213580436));
#7961=CARTESIAN_POINT('',(-0.139143834476772,-0.706268970346904,0.106748213580436));
#7962=CARTESIAN_POINT('',(-0.139143834476772,-0.708113411765403,0.106748213580436));
#7963=CARTESIAN_POINT('',(-0.139143834476772,-0.709957853183903,0.106748213580436));
#7964=CARTESIAN_POINT('',(-0.1511092692467,-0.582551780336795,0.3));
#7965=CARTESIAN_POINT('',(-0.1511092692467,-0.582551780336795,0.109990034238047));
#7966=CARTESIAN_POINT('',(-0.151870529829119,-0.591866482902547,0.087701367976425));
#7967=CARTESIAN_POINT('',(-0.151870529829119,-0.704424528928404,0.087701367976425));
#7968=CARTESIAN_POINT('',(-0.151870529829119,-0.706359814428187,0.087701367976425));
#7969=CARTESIAN_POINT('',(-0.151870529829119,-0.708295099927969,0.087701367976425));
#7970=CARTESIAN_POINT('',(-0.151870529829119,-0.710230385427752,0.087701367976425));
#7971=CARTESIAN_POINT('',(-0.156507313145393,-0.57994180428656,0.3));
#7972=CARTESIAN_POINT('',(-0.156507313145393,-0.57994180428656,0.10104541938667));
#7973=CARTESIAN_POINT('',(-0.157295768075736,-0.589046894338526,0.077551461114399));
#7974=CARTESIAN_POINT('',(-0.157295768075736,-0.704424528928404,0.077551461114399));
#7975=CARTESIAN_POINT('',(-0.157295768075736,-0.706408293493487,0.077551461114399));
#7976=CARTESIAN_POINT('',(-0.157295768075736,-0.708392058058569,0.077551461114399));
#7977=CARTESIAN_POINT('',(-0.157295768075736,-0.710375822623651,0.077551461114399));
#7978=CARTESIAN_POINT('',(-0.16522967174164,-0.574499704626298,0.3));
#7979=CARTESIAN_POINT('',(-0.16522967174164,-0.574499704626298,0.082387276033615));
#7980=CARTESIAN_POINT('',(-0.166062068303216,-0.583160500575931,0.0563877402133829));
#7981=CARTESIAN_POINT('',(-0.166062068303216,-0.704424528928404,0.0563877402133829));
#7982=CARTESIAN_POINT('',(-0.166062068303216,-0.706509502184442,0.0563877402133829));
#7983=CARTESIAN_POINT('',(-0.166062068303216,-0.708594475440479,0.0563877402133829));
#7984=CARTESIAN_POINT('',(-0.166062068303216,-0.710679448696517,0.0563877402133829));
#7985=CARTESIAN_POINT('',(-0.16855377076169,-0.571667715582911,0.3));
#7986=CARTESIAN_POINT('',(-0.16855377076169,-0.571667715582911,0.072674246347962));
#7987=CARTESIAN_POINT('',(-0.169402913520031,-0.580093876578159,0.045374449489097));
#7988=CARTESIAN_POINT('',(-0.169402913520031,-0.704424528928404,0.045374449489097));
#7989=CARTESIAN_POINT('',(-0.169402913520031,-0.706562228694591,0.045374449489097));
#7990=CARTESIAN_POINT('',(-0.169402913520031,-0.708699928460778,0.045374449489097));
#7991=CARTESIAN_POINT('',(-0.169402913520031,-0.710837628226965,0.045374449489097));
#7992=CARTESIAN_POINT('',(-0.173000390613418,-0.565890413398541,0.3));
#7993=CARTESIAN_POINT('',(-0.173000390613418,-0.565890413398541,0.052853654345275));
#7994=CARTESIAN_POINT('',(-0.1738719346211,-0.573832339579963,0.022907163216548));
#7995=CARTESIAN_POINT('',(-0.1738719346211,-0.704424528928404,0.022907163216548));
#7996=CARTESIAN_POINT('',(-0.1738719346211,-0.706669887473211,0.022907163216548));
#7997=CARTESIAN_POINT('',(-0.1738719346211,-0.708915246018018,0.022907163216548));
#7998=CARTESIAN_POINT('',(-0.1738719346211,-0.711160604562824,0.022907163216548));
#7999=CARTESIAN_POINT('',(-0.174122801493658,-0.56294524311274,0.3));
#8000=CARTESIAN_POINT('',(-0.174122801493658,-0.56294524311274,0.042746606658651));
#8001=CARTESIAN_POINT('',(-0.175,-0.570637604751331,0.0114537232162129));
#8002=CARTESIAN_POINT('',(-0.175,-0.704424528928404,0.0114537232162129));
#8003=CARTESIAN_POINT('',(-0.175,-0.706724816678255,0.0114537232162129));
#8004=CARTESIAN_POINT('',(-0.175,-0.709025104428106,0.0114537232162129));
#8005=CARTESIAN_POINT('',(-0.175,-0.711325392177956,0.0114537232162129));
#8006=CARTESIAN_POINT('',(-0.174122801493658,-0.557054756887259,0.3));
#8007=CARTESIAN_POINT('',(-0.174122801493658,-0.557054756887259,0.0225277336946499));
#8008=CARTESIAN_POINT('',(-0.175,-0.564243905898447,-0.011453723216213));
#8009=CARTESIAN_POINT('',(-0.175,-0.704424528928404,-0.011453723216213));
#8010=CARTESIAN_POINT('',(-0.175,-0.706834747803722,-0.011453723216213));
#8011=CARTESIAN_POINT('',(-0.175,-0.709244966679039,-0.011453723216213));
#8012=CARTESIAN_POINT('',(-0.175,-0.711655185554357,-0.011453723216213));
#8013=CARTESIAN_POINT('',(-0.173000390613418,-0.554109586601459,0.3));
#8014=CARTESIAN_POINT('',(-0.173000390613418,-0.554109586601459,0.012416421816554));
#8015=CARTESIAN_POINT('',(-0.1738719346211,-0.561045112769491,-0.022907163216548));
#8016=CARTESIAN_POINT('',(-0.1738719346211,-0.704424528928404,-0.022907163216548));
#8017=CARTESIAN_POINT('',(-0.1738719346211,-0.706889746785828,-0.022907163216548));
#8018=CARTESIAN_POINT('',(-0.1738719346211,-0.709354964643251,-0.022907163216548));
#8019=CARTESIAN_POINT('',(-0.1738719346211,-0.711820182500675,-0.022907163216548));
#8020=CARTESIAN_POINT('',(-0.16855377076169,-0.548332284417089,0.3));
#8021=CARTESIAN_POINT('',(-0.16855377076169,-0.548332284417089,-0.00742110528699103));
#8022=CARTESIAN_POINT('',(-0.169402913520031,-0.554767458360586,-0.045374449489097));
#8023=CARTESIAN_POINT('',(-0.169402913520031,-0.704424528928404,-0.045374449489097));
#8024=CARTESIAN_POINT('',(-0.169402913520031,-0.706997682681831,-0.045374449489097));
#8025=CARTESIAN_POINT('',(-0.169402913520031,-0.709570836435258,-0.045374449489097));
#8026=CARTESIAN_POINT('',(-0.169402913520031,-0.712143990188685,-0.045374449489097));
#8027=CARTESIAN_POINT('',(-0.16522967174164,-0.545500295373702,0.3));
#8028=CARTESIAN_POINT('',(-0.16522967174164,-0.545500295373702,-0.0171468234892981));
#8029=CARTESIAN_POINT('',(-0.166062068303216,-0.551688758495303,-0.0563877402133821));
#8030=CARTESIAN_POINT('',(-0.166062068303216,-0.704424528928404,-0.0563877402133821));
#8031=CARTESIAN_POINT('',(-0.166062068303216,-0.707050616820419,-0.0563877402133821));
#8032=CARTESIAN_POINT('',(-0.166062068303216,-0.709676704712433,-0.0563877402133821));
#8033=CARTESIAN_POINT('',(-0.166062068303216,-0.712302792604448,-0.0563877402133821));
#8034=CARTESIAN_POINT('',(-0.156507313145393,-0.54005819571344,0.3));
#8035=CARTESIAN_POINT('',(-0.156507313145393,-0.54005819571344,-0.0358382669333991));
#8036=CARTESIAN_POINT('',(-0.157295768075736,-0.545770672494878,-0.077551461114399));
#8037=CARTESIAN_POINT('',(-0.157295768075736,-0.704424528928404,-0.077551461114399));
#8038=CARTESIAN_POINT('',(-0.157295768075736,-0.70715237041714,-0.077551461114399));
#8039=CARTESIAN_POINT('',(-0.157295768075736,-0.709880211905876,-0.077551461114399));
#8040=CARTESIAN_POINT('',(-0.157295768075736,-0.712608053394612,-0.077551461114399));
#8041=CARTESIAN_POINT('',(-0.1511092692467,-0.537448219663205,0.3));
#8042=CARTESIAN_POINT('',(-0.1511092692467,-0.537448219663205,-0.0448035272159911));
#8043=CARTESIAN_POINT('',(-0.151870529829119,-0.542931435338447,-0.087701367976425));
#8044=CARTESIAN_POINT('',(-0.151870529829119,-0.704424528928404,-0.087701367976425));
#8045=CARTESIAN_POINT('',(-0.151870529829119,-0.707201187313784,-0.087701367976425));
#8046=CARTESIAN_POINT('',(-0.151870529829119,-0.709977845699164,-0.087701367976425));
#8047=CARTESIAN_POINT('',(-0.151870529829119,-0.712754504084544,-0.087701367976425));
#8048=CARTESIAN_POINT('',(-0.138446367255231,-0.532550459365031,0.3));
#8049=CARTESIAN_POINT('',(-0.138446367255231,-0.532550459365031,-0.0616285737590851));
#8050=CARTESIAN_POINT('',(-0.139143834476772,-0.537602260899602,-0.106748213580436));
#8051=CARTESIAN_POINT('',(-0.139143834476772,-0.704424528928404,-0.106748213580436));
#8052=CARTESIAN_POINT('',(-0.139143834476772,-0.707292815361547,-0.106748213580436));
#8053=CARTESIAN_POINT('',(-0.139143834476772,-0.710161101794689,-0.106748213580436));
#8054=CARTESIAN_POINT('',(-0.139143834476772,-0.713029388227832,-0.106748213580436));
#8055=CARTESIAN_POINT('',(-0.131181822277662,-0.530262796223867,0.3));
#8056=CARTESIAN_POINT('',(-0.131181822277662,-0.530262796223867,-0.0694879430038821));
#8057=CARTESIAN_POINT('',(-0.131842692063664,-0.535112456327324,-0.115644681351628));
#8058=CARTESIAN_POINT('',(-0.131842692063664,-0.704424528928404,-0.115644681351628));
#8059=CARTESIAN_POINT('',(-0.131842692063664,-0.707335624230891,-0.115644681351628));
#8060=CARTESIAN_POINT('',(-0.131842692063664,-0.710246719533379,-0.115644681351628));
#8061=CARTESIAN_POINT('',(-0.131842692063664,-0.713157814835866,-0.115644681351628));
#8062=CARTESIAN_POINT('',(-0.115065005113068,-0.526097593469344,0.3));
#8063=CARTESIAN_POINT('',(-0.115065005113068,-0.526097593469344,-0.083798411717313));
#8064=CARTESIAN_POINT('',(-0.115644681351628,-0.530578517021996,-0.131842692063664));
#8065=CARTESIAN_POINT('',(-0.115644681351628,-0.704424528928404,-0.131842692063664));
#8066=CARTESIAN_POINT('',(-0.115644681351628,-0.707413579271018,-0.131842692063664));
#8067=CARTESIAN_POINT('',(-0.115644681351628,-0.710402629613632,-0.131842692063664));
#8068=CARTESIAN_POINT('',(-0.115644681351628,-0.713391679956245,-0.131842692063664));
#8069=CARTESIAN_POINT('',(-0.106213131446108,-0.52422015684883,0.3));
#8070=CARTESIAN_POINT('',(-0.106213131446108,-0.52422015684883,-0.0902491571223441));
#8071=CARTESIAN_POINT('',(-0.106748213580436,-0.528534494598498,-0.139143834476772));
#8072=CARTESIAN_POINT('',(-0.106748213580436,-0.704424528928404,-0.139143834476772));
#8073=CARTESIAN_POINT('',(-0.106748213580436,-0.707448723510786,-0.139143834476772));
#8074=CARTESIAN_POINT('',(-0.106748213580436,-0.710472918093169,-0.139143834476772));
#8075=CARTESIAN_POINT('',(-0.106748213580436,-0.713497112675551,-0.139143834476772));
#8076=CARTESIAN_POINT('',(-0.0872617593536078,-0.520947578043941,0.3));
#8077=CARTESIAN_POINT('',(-0.0872617593536078,-0.520947578043941,-0.101493885117097));
#8078=CARTESIAN_POINT('',(-0.0877013679764253,-0.524971187886344,-0.151870529829119));
#8079=CARTESIAN_POINT('',(-0.0877013679764253,-0.704424528928404,-0.151870529829119));
#8080=CARTESIAN_POINT('',(-0.0877013679764253,-0.707509989817859,-0.151870529829119));
#8081=CARTESIAN_POINT('',(-0.0877013679764253,-0.710595450707314,-0.151870529829119));
#8082=CARTESIAN_POINT('',(-0.0877013679764253,-0.713680911596769,-0.151870529829119));
#8083=CARTESIAN_POINT('',(-0.0771627295380895,-0.519552516780525,0.3));
#8084=CARTESIAN_POINT('',(-0.0771627295380895,-0.519552516780525,-0.106287589728032));
#8085=CARTESIAN_POINT('',(-0.077551461114399,-0.523451991641542,-0.157295768075735));
#8086=CARTESIAN_POINT('',(-0.077551461114399,-0.704424528928404,-0.157295768075735));
#8087=CARTESIAN_POINT('',(-0.077551461114399,-0.707536110371366,-0.157295768075735));
#8088=CARTESIAN_POINT('',(-0.077551461114399,-0.710647691814329,-0.157295768075735));
#8089=CARTESIAN_POINT('',(-0.077551461114399,-0.713759273257291,-0.157295768075735));
#8090=CARTESIAN_POINT('',(-0.0561050931191471,-0.517298325293459,0.3));
#8091=CARTESIAN_POINT('',(-0.0561050931191471,-0.517298325293459,-0.114033575581503));
#8092=CARTESIAN_POINT('',(-0.0563877402133823,-0.520997084089473,-0.166062068303215));
#8093=CARTESIAN_POINT('',(-0.0563877402133823,-0.704424528928404,-0.166062068303215));
#8094=CARTESIAN_POINT('',(-0.0563877402133823,-0.707578319232985,-0.166062068303215));
#8095=CARTESIAN_POINT('',(-0.0563877402133823,-0.710732109537567,-0.166062068303215));
#8096=CARTESIAN_POINT('',(-0.0563877402133823,-0.713885899842148,-0.166062068303215));
#8097=CARTESIAN_POINT('',(-0.0451470072072798,-0.516439250809135,0.3));
#8098=CARTESIAN_POINT('',(-0.0451470072072798,-0.516439250809135,-0.116985665410714));
#8099=CARTESIAN_POINT('',(-0.0453744494890967,-0.520061433369058,-0.169402913520031));
#8100=CARTESIAN_POINT('',(-0.0453744494890967,-0.704424528928404,-0.169402913520031));
#8101=CARTESIAN_POINT('',(-0.0453744494890967,-0.707594406499387,-0.169402913520031));
#8102=CARTESIAN_POINT('',(-0.0453744494890967,-0.71076428407037,-0.169402913520031));
#8103=CARTESIAN_POINT('',(-0.0453744494890967,-0.713934161641353,-0.169402913520031));
#8104=CARTESIAN_POINT('',(-0.022792339620216,-0.515290073954574,0.3));
#8105=CARTESIAN_POINT('',(-0.022792339620216,-0.515290073954574,-0.120934674408017));
#8106=CARTESIAN_POINT('',(-0.0229071632165483,-0.518809799441493,-0.1738719346211));
#8107=CARTESIAN_POINT('',(-0.0229071632165483,-0.704424528928404,-0.1738719346211));
#8108=CARTESIAN_POINT('',(-0.0229071632165483,-0.707615926675657,-0.1738719346211));
#8109=CARTESIAN_POINT('',(-0.0229071632165483,-0.71080732442291,-0.1738719346211));
#8110=CARTESIAN_POINT('',(-0.0229071632165483,-0.713998722170162,-0.1738719346211));
#8111=CARTESIAN_POINT('',(-0.011396310708228,-0.515,0.3));
#8112=CARTESIAN_POINT('',(-0.011396310708228,-0.515,-0.121931497219851));
#8113=CARTESIAN_POINT('',(-0.0114537232162128,-0.518493848263844,-0.175));
#8114=CARTESIAN_POINT('',(-0.0114537232162128,-0.704424528928404,-0.175));
#8115=CARTESIAN_POINT('',(-0.0114537232162128,-0.70762135903482,-0.175));
#8116=CARTESIAN_POINT('',(-0.0114537232162128,-0.710818189141237,-0.175));
#8117=CARTESIAN_POINT('',(-0.0114537232162128,-0.714015019247653,-0.175));
#8118=CARTESIAN_POINT('',(0.0113963107082283,-0.515,0.3));
#8119=CARTESIAN_POINT('',(0.0113963107082283,-0.515,-0.121931494793884));
#8120=CARTESIAN_POINT('',(0.0114537232162128,-0.51849384595501,-0.175));
#8121=CARTESIAN_POINT('',(0.0114537232162128,-0.704424528928404,-0.175));
#8122=CARTESIAN_POINT('',(0.0114537232162128,-0.707621359074518,-0.175));
#8123=CARTESIAN_POINT('',(0.0114537232162128,-0.710818189220631,-0.175));
#8124=CARTESIAN_POINT('',(0.0114537232162128,-0.714015019366745,-0.175));
#8125=CARTESIAN_POINT('',(0.0227923396202164,-0.515290073954574,0.3));
#8126=CARTESIAN_POINT('',(0.0227923396202164,-0.515290073954574,-0.120934674408017));
#8127=CARTESIAN_POINT('',(0.0229071632165481,-0.518809799441493,-0.1738719346211));
#8128=CARTESIAN_POINT('',(0.0229071632165482,-0.704424528928404,-0.1738719346211));
#8129=CARTESIAN_POINT('',(0.0229071632165482,-0.707615926675657,-0.1738719346211));
#8130=CARTESIAN_POINT('',(0.0229071632165482,-0.71080732442291,-0.1738719346211));
#8131=CARTESIAN_POINT('',(0.0229071632165482,-0.713998722170162,-0.1738719346211));
#8132=CARTESIAN_POINT('',(0.0451470072072802,-0.516439250809135,0.3));
#8133=CARTESIAN_POINT('',(0.0451470072072802,-0.516439250809135,-0.116985665410714));
#8134=CARTESIAN_POINT('',(0.0453744494890967,-0.520061433369058,-0.169402913520031));
#8135=CARTESIAN_POINT('',(0.0453744494890967,-0.704424528928404,-0.169402913520031));
#8136=CARTESIAN_POINT('',(0.0453744494890967,-0.707594406499387,-0.169402913520031));
#8137=CARTESIAN_POINT('',(0.0453744494890967,-0.71076428407037,-0.169402913520031));
#8138=CARTESIAN_POINT('',(0.0453744494890967,-0.713934161641353,-0.169402913520031));
#8139=CARTESIAN_POINT('',(0.0561050931191475,-0.517298325293459,0.3));
#8140=CARTESIAN_POINT('',(0.0561050931191475,-0.517298325293459,-0.114033575581503));
#8141=CARTESIAN_POINT('',(0.0563877402133823,-0.520997084089474,-0.166062068303215));
#8142=CARTESIAN_POINT('',(0.0563877402133824,-0.704424528928404,-0.166062068303215));
#8143=CARTESIAN_POINT('',(0.0563877402133824,-0.707578319232985,-0.166062068303215));
#8144=CARTESIAN_POINT('',(0.0563877402133824,-0.710732109537567,-0.166062068303215));
#8145=CARTESIAN_POINT('',(0.0563877402133824,-0.713885899842148,-0.166062068303215));
#8146=CARTESIAN_POINT('',(0.0771627295380899,-0.519552516780525,0.3));
#8147=CARTESIAN_POINT('',(0.0771627295380899,-0.519552516780525,-0.106287589728032));
#8148=CARTESIAN_POINT('',(0.077551461114399,-0.523451991641542,-0.157295768075735));
#8149=CARTESIAN_POINT('',(0.077551461114399,-0.704424528928404,-0.157295768075735));
#8150=CARTESIAN_POINT('',(0.077551461114399,-0.707536110371366,-0.157295768075735));
#8151=CARTESIAN_POINT('',(0.077551461114399,-0.710647691814329,-0.157295768075735));
#8152=CARTESIAN_POINT('',(0.077551461114399,-0.713759273257291,-0.157295768075735));
#8153=CARTESIAN_POINT('',(0.0872617593536081,-0.520947578043941,0.3));
#8154=CARTESIAN_POINT('',(0.0872617593536081,-0.520947578043941,-0.101493885117097));
#8155=CARTESIAN_POINT('',(0.0877013679764253,-0.524971187886344,-0.151870529829119));
#8156=CARTESIAN_POINT('',(0.0877013679764253,-0.704424528928404,-0.151870529829119));
#8157=CARTESIAN_POINT('',(0.0877013679764253,-0.707509989817859,-0.151870529829119));
#8158=CARTESIAN_POINT('',(0.0877013679764253,-0.710595450707314,-0.151870529829119));
#8159=CARTESIAN_POINT('',(0.0877013679764253,-0.713680911596769,-0.151870529829119));
#8160=CARTESIAN_POINT('',(0.106213131446107,-0.52422015684883,0.3));
#8161=CARTESIAN_POINT('',(0.106213131446107,-0.52422015684883,-0.0902491571223441));
#8162=CARTESIAN_POINT('',(0.106748213580435,-0.528534494598498,-0.139143834476772));
#8163=CARTESIAN_POINT('',(0.106748213580435,-0.704424528928404,-0.139143834476772));
#8164=CARTESIAN_POINT('',(0.106748213580435,-0.707448723510786,-0.139143834476772));
#8165=CARTESIAN_POINT('',(0.106748213580435,-0.710472918093169,-0.139143834476772));
#8166=CARTESIAN_POINT('',(0.106748213580435,-0.713497112675551,-0.139143834476772));
#8167=CARTESIAN_POINT('',(0.115065005113068,-0.526097593469344,0.3));
#8168=CARTESIAN_POINT('',(0.115065005113068,-0.526097593469344,-0.083798411717313));
#8169=CARTESIAN_POINT('',(0.115644681351628,-0.530578517021996,-0.131842692063664));
#8170=CARTESIAN_POINT('',(0.115644681351628,-0.704424528928404,-0.131842692063664));
#8171=CARTESIAN_POINT('',(0.115644681351628,-0.707413579271018,-0.131842692063664));
#8172=CARTESIAN_POINT('',(0.115644681351628,-0.710402629613632,-0.131842692063664));
#8173=CARTESIAN_POINT('',(0.115644681351628,-0.713391679956245,-0.131842692063664));
#8174=CARTESIAN_POINT('',(0.131181822277662,-0.530262796223867,0.3));
#8175=CARTESIAN_POINT('',(0.131181822277662,-0.530262796223867,-0.0694879430038821));
#8176=CARTESIAN_POINT('',(0.131842692063663,-0.535112456327324,-0.115644681351628));
#8177=CARTESIAN_POINT('',(0.131842692063663,-0.704424528928404,-0.115644681351628));
#8178=CARTESIAN_POINT('',(0.131842692063663,-0.707335624230891,-0.115644681351628));
#8179=CARTESIAN_POINT('',(0.131842692063663,-0.710246719533379,-0.115644681351628));
#8180=CARTESIAN_POINT('',(0.131842692063663,-0.713157814835866,-0.115644681351628));
#8181=CARTESIAN_POINT('',(0.138446367255231,-0.532550459365031,0.3));
#8182=CARTESIAN_POINT('',(0.138446367255231,-0.532550459365031,-0.0616285737590851));
#8183=CARTESIAN_POINT('',(0.139143834476772,-0.537602260899602,-0.106748213580436));
#8184=CARTESIAN_POINT('',(0.139143834476772,-0.704424528928404,-0.106748213580436));
#8185=CARTESIAN_POINT('',(0.139143834476772,-0.707292815361547,-0.106748213580436));
#8186=CARTESIAN_POINT('',(0.139143834476772,-0.710161101794689,-0.106748213580436));
#8187=CARTESIAN_POINT('',(0.139143834476772,-0.713029388227832,-0.106748213580436));
#8188=CARTESIAN_POINT('',(0.1511092692467,-0.537448219663205,0.3));
#8189=CARTESIAN_POINT('',(0.1511092692467,-0.537448219663205,-0.0448035272159911));
#8190=CARTESIAN_POINT('',(0.151870529829119,-0.542931435338447,-0.087701367976425));
#8191=CARTESIAN_POINT('',(0.151870529829119,-0.704424528928404,-0.087701367976425));
#8192=CARTESIAN_POINT('',(0.151870529829119,-0.707201187313784,-0.087701367976425));
#8193=CARTESIAN_POINT('',(0.151870529829119,-0.709977845699164,-0.087701367976425));
#8194=CARTESIAN_POINT('',(0.151870529829119,-0.712754504084544,-0.087701367976425));
#8195=CARTESIAN_POINT('',(0.156507313145393,-0.54005819571344,0.3));
#8196=CARTESIAN_POINT('',(0.156507313145393,-0.54005819571344,-0.0358382669333991));
#8197=CARTESIAN_POINT('',(0.157295768075735,-0.545770672494878,-0.077551461114399));
#8198=CARTESIAN_POINT('',(0.157295768075735,-0.704424528928404,-0.077551461114399));
#8199=CARTESIAN_POINT('',(0.157295768075735,-0.70715237041714,-0.077551461114399));
#8200=CARTESIAN_POINT('',(0.157295768075735,-0.709880211905876,-0.077551461114399));
#8201=CARTESIAN_POINT('',(0.157295768075735,-0.712608053394612,-0.077551461114399));
#8202=CARTESIAN_POINT('',(0.16522967174164,-0.545500295373701,0.3));
#8203=CARTESIAN_POINT('',(0.16522967174164,-0.545500295373701,-0.0171468234892981));
#8204=CARTESIAN_POINT('',(0.166062068303215,-0.551688758495303,-0.0563877402133821));
#8205=CARTESIAN_POINT('',(0.166062068303215,-0.704424528928404,-0.0563877402133821));
#8206=CARTESIAN_POINT('',(0.166062068303215,-0.707050616820419,-0.0563877402133821));
#8207=CARTESIAN_POINT('',(0.166062068303215,-0.709676704712433,-0.0563877402133821));
#8208=CARTESIAN_POINT('',(0.166062068303215,-0.712302792604448,-0.0563877402133821));
#8209=CARTESIAN_POINT('',(0.16855377076169,-0.548332284417089,0.3));
#8210=CARTESIAN_POINT('',(0.16855377076169,-0.548332284417089,-0.00742110528699103));
#8211=CARTESIAN_POINT('',(0.16940291352003,-0.554767458360586,-0.045374449489097));
#8212=CARTESIAN_POINT('',(0.16940291352003,-0.704424528928404,-0.045374449489097));
#8213=CARTESIAN_POINT('',(0.16940291352003,-0.706997682681831,-0.045374449489097));
#8214=CARTESIAN_POINT('',(0.16940291352003,-0.709570836435258,-0.045374449489097));
#8215=CARTESIAN_POINT('',(0.16940291352003,-0.712143990188685,-0.045374449489097));
#8216=CARTESIAN_POINT('',(0.173000390613418,-0.554109586601459,0.3));
#8217=CARTESIAN_POINT('',(0.173000390613418,-0.554109586601459,0.012416421816554));
#8218=CARTESIAN_POINT('',(0.1738719346211,-0.561045112769491,-0.022907163216548));
#8219=CARTESIAN_POINT('',(0.1738719346211,-0.704424528928404,-0.022907163216548));
#8220=CARTESIAN_POINT('',(0.1738719346211,-0.706889746785828,-0.022907163216548));
#8221=CARTESIAN_POINT('',(0.1738719346211,-0.709354964643251,-0.022907163216548));
#8222=CARTESIAN_POINT('',(0.1738719346211,-0.711820182500675,-0.022907163216548));
#8223=CARTESIAN_POINT('',(0.174122801493658,-0.557054756887259,0.3));
#8224=CARTESIAN_POINT('',(0.174122801493658,-0.557054756887259,0.0225277336946499));
#8225=CARTESIAN_POINT('',(0.175,-0.564243905898447,-0.011453723216213));
#8226=CARTESIAN_POINT('',(0.175,-0.704424528928404,-0.011453723216213));
#8227=CARTESIAN_POINT('',(0.175,-0.706834747803722,-0.011453723216213));
#8228=CARTESIAN_POINT('',(0.175,-0.709244966679039,-0.011453723216213));
#8229=CARTESIAN_POINT('',(0.175,-0.711655185554357,-0.011453723216213));
#8230=CARTESIAN_POINT('',(0.174122801493658,-0.56,0.3));
#8231=CARTESIAN_POINT('',(0.174122801493658,-0.56,0.0326371701766504));
#8232=CARTESIAN_POINT('',(0.175,-0.567440755324889,0.));
#8233=CARTESIAN_POINT('',(0.175,-0.704424528928404,0.));
#8234=CARTESIAN_POINT('',(0.175,-0.706779782240988,0.));
#8235=CARTESIAN_POINT('',(0.175,-0.709135035553572,0.));
#8236=CARTESIAN_POINT('',(0.175,-0.711490288866156,0.));
#8237=CARTESIAN_POINT('',(0.22499853538228,-0.704424528928398,0.000811834853292344));
#8238=CARTESIAN_POINT('',(0.22457472289556,-0.704424528928398,0.118270685507259));
#8239=CARTESIAN_POINT('',(0.11769804039144,-0.704424528928398,0.224875371043585));
#8240=CARTESIAN_POINT('',(-0.117221058134731,-0.704424528928398,0.225124376165152));
#8241=CARTESIAN_POINT('',(-0.224323493883075,-0.704424528928398,0.118746500184489));
#8242=CARTESIAN_POINT('',(-0.224996308778284,-0.704424528928398,0.00128881191296042));
#8243=CARTESIAN_POINT('',(0.224808223450836,-0.505,-0.00927848504619134));
#8244=CARTESIAN_POINT('',(0.224808223450836,-0.639252414510718,-0.00927848504619134));
#8245=CARTESIAN_POINT('',(0.203002707024953,-0.603735332287548,-0.0970302747730007));
#8246=CARTESIAN_POINT('',(0.203002707024953,-0.704424528928404,-0.0970302747730007));
#8247=CARTESIAN_POINT('',(0.224935988572073,-0.505,-0.00618741731629074));
#8248=CARTESIAN_POINT('',(0.224935988572073,-0.639283515225599,-0.00618741731629074));
#8249=CARTESIAN_POINT('',(0.20383962301164,-0.603711977967555,-0.0952793813420483));
#8250=CARTESIAN_POINT('',(0.20383962301164,-0.704424528928404,-0.0952793813420483));
#8251=CARTESIAN_POINT('',(0.22499999999992,-0.505,-0.00309371669360703));
#8252=CARTESIAN_POINT('',(0.22499999999992,-0.639315077362635,-0.00309371669360703));
#8253=CARTESIAN_POINT('',(0.204653886484837,-0.60368826874068,-0.0935176603985052));
#8254=CARTESIAN_POINT('',(0.204653886484837,-0.704424528928404,-0.0935176603985052));
#8255=CARTESIAN_POINT('',(0.224999999999921,-0.505,0.0175));
#8256=CARTESIAN_POINT('',(0.224999999999921,-0.63952816962933,0.0175));
#8257=CARTESIAN_POINT('',(0.209921342767999,-0.603528131125904,-0.0817222984404632));
#8258=CARTESIAN_POINT('',(0.209921342767999,-0.704424528928404,-0.0817222984404632));
#8259=CARTESIAN_POINT('',(0.224999999999921,-0.505,0.035));
#8260=CARTESIAN_POINT('',(0.224999999999921,-0.639734889170578,0.035));
#8261=CARTESIAN_POINT('',(0.213662606847918,-0.60337336205047,-0.0713708248996991));
#8262=CARTESIAN_POINT('',(0.213662606847918,-0.704424528928404,-0.0713708248996991));
#8263=CARTESIAN_POINT('',(0.224999999999921,-0.505,0.07));
#8264=CARTESIAN_POINT('',(0.224999999999921,-0.640176654864913,0.07));
#8265=CARTESIAN_POINT('',(0.219595478672322,-0.60304203777972,-0.0502327578238081));
#8266=CARTESIAN_POINT('',(0.219595478672322,-0.704424528928404,-0.0502327578238081));
#8267=CARTESIAN_POINT('',(0.224999999999921,-0.505,0.0875));
#8268=CARTESIAN_POINT('',(0.224999999999921,-0.640411719540659,0.0875));
#8269=CARTESIAN_POINT('',(0.22178704108218,-0.602865739272909,-0.0394463258101851));
#8270=CARTESIAN_POINT('',(0.22178704108218,-0.704424528928404,-0.0394463258101851));
#8271=CARTESIAN_POINT('',(0.224999999999921,-0.505,0.1225));
#8272=CARTESIAN_POINT('',(0.224999999999921,-0.64090079934028,0.1225));
#8273=CARTESIAN_POINT('',(0.224573619503975,-0.602498929423194,-0.017669002088274));
#8274=CARTESIAN_POINT('',(0.224573619503975,-0.704424528928404,-0.017669002088274));
#8275=CARTESIAN_POINT('',(0.224999999999921,-0.505,0.14));
#8276=CARTESIAN_POINT('',(0.224999999999921,-0.641154945672714,0.14));
#8277=CARTESIAN_POINT('',(0.225168614222938,-0.602308319673868,-0.00667827678622007));
#8278=CARTESIAN_POINT('',(0.225168614222938,-0.704424528928404,-0.00667827678622007));
#8279=CARTESIAN_POINT('',(0.224999999999921,-0.505,0.175));
#8280=CARTESIAN_POINT('',(0.224999999999921,-0.641684907464023,0.175));
#8281=CARTESIAN_POINT('',(0.224749308950843,-0.601910848330387,0.015272600892782));
#8282=CARTESIAN_POINT('',(0.224749308950843,-0.704424528928404,0.015272600892782));
#8283=CARTESIAN_POINT('',(0.224999999999921,-0.505,0.1925));
#8284=CARTESIAN_POINT('',(0.224999999999921,-0.641960873072311,0.1925));
#8285=CARTESIAN_POINT('',(0.223735012163806,-0.601703771161351,0.026232585537325));
#8286=CARTESIAN_POINT('',(0.223735012163806,-0.704424528928404,0.026232585537325));
#8287=CARTESIAN_POINT('',(0.224999999999921,-0.505,0.2275));
#8288=CARTESIAN_POINT('',(0.224999999999921,-0.642546490282013,0.2275));
#8289=CARTESIAN_POINT('',(0.220118789937498,-0.601264764179713,0.0478876030759839));
#8290=CARTESIAN_POINT('',(0.220118789937498,-0.704424528928404,0.0478876030759839));
#8291=CARTESIAN_POINT('',(0.224999999999921,-0.505,0.245));
#8292=CARTESIAN_POINT('',(0.224999999999921,-0.642856309717124,0.245));
#8293=CARTESIAN_POINT('',(0.217516892130728,-0.601032676165474,0.0585824704984419));
#8294=CARTESIAN_POINT('',(0.217516892130728,-0.704424528928404,0.0585824704984419));
#8295=CARTESIAN_POINT('',(0.224999999999921,-0.505,0.28));
#8296=CARTESIAN_POINT('',(0.224999999999921,-0.643528023951469,0.28));
#8297=CARTESIAN_POINT('',(0.210781084969333,-0.600528723331123,0.079478540695352));
#8298=CARTESIAN_POINT('',(0.210781084969333,-0.704424528928404,0.079478540695352));
#8299=CARTESIAN_POINT('',(0.224999999999921,-0.505,0.2975));
#8300=CARTESIAN_POINT('',(0.224999999999921,-0.643890103618977,0.2975));
#8301=CARTESIAN_POINT('',(0.206647227084773,-0.600256858511012,0.08967958379746));
#8302=CARTESIAN_POINT('',(0.206647227084773,-0.704424528928404,0.08967958379746));
#8303=CARTESIAN_POINT('',(0.224999999999921,-0.505,0.3325));
#8304=CARTESIAN_POINT('',(0.224999999999921,-0.644687836434233,0.3325));
#8305=CARTESIAN_POINT('',(0.196935878560733,-0.599658744305889,0.109369849352661));
#8306=CARTESIAN_POINT('',(0.196935878560733,-0.704424528928404,0.109369849352661));
#8307=CARTESIAN_POINT('',(0.224999999999921,-0.505,0.35));
#8308=CARTESIAN_POINT('',(0.224999999999921,-0.645123671470144,0.35));
#8309=CARTESIAN_POINT('',(0.191358462128209,-0.599331775325796,0.118858921347278));
#8310=CARTESIAN_POINT('',(0.191358462128209,-0.704424528928404,0.118858921347278));
#8311=CARTESIAN_POINT('',(0.224999999999921,-0.505,0.385));
#8312=CARTESIAN_POINT('',(0.224999999999921,-0.646090057452967,0.385));
#8313=CARTESIAN_POINT('',(0.178879247031068,-0.598606985838679,0.136922310795246));
#8314=CARTESIAN_POINT('',(0.178879247031068,-0.704424528928404,0.136922310795246));
#8315=CARTESIAN_POINT('',(0.224999999999921,-0.505,0.4025));
#8316=CARTESIAN_POINT('',(0.224999999999921,-0.646620404789231,0.4025));
#8317=CARTESIAN_POINT('',(0.171977543723401,-0.598209225336481,0.145496490221509));
#8318=CARTESIAN_POINT('',(0.171977543723401,-0.704424528928404,0.145496490221509));
#8319=CARTESIAN_POINT('',(0.224999999999921,-0.505,0.434726215563697));
#8320=CARTESIAN_POINT('',(0.224999999999921,-0.6477017837689,0.434726215563697));
#8321=CARTESIAN_POINT('',(0.158184523901133,-0.597398191101729,0.160274725745362));
#8322=CARTESIAN_POINT('',(0.158184523901133,-0.704424528928404,0.160274725745362));
#8323=CARTESIAN_POINT('',(0.223549630227049,-0.505,0.449452066992695));
#8324=CARTESIAN_POINT('',(0.223549630227049,-0.648217349254747,0.449452066992695));
#8325=CARTESIAN_POINT('',(0.151465232280291,-0.597011516987344,0.166639175240567));
#8326=CARTESIAN_POINT('',(0.151465232280291,-0.704424528928404,0.166639175240567));
#8327=CARTESIAN_POINT('',(0.217803745954249,-0.505,0.478338577914533));
#8328=CARTESIAN_POINT('',(0.217803745954249,-0.649251741880182,0.478338577914533));
#8329=CARTESIAN_POINT('',(0.137295589018403,-0.596235722518268,0.178494404816142));
#8330=CARTESIAN_POINT('',(0.137295589018403,-0.704424528928404,0.178494404816142));
#8331=CARTESIAN_POINT('',(0.21350837353263,-0.505,0.492498523131465));
#8332=CARTESIAN_POINT('',(0.21350837353263,-0.649770374798581,0.492498523131465));
#8333=CARTESIAN_POINT('',(0.129845291685598,-0.595846747829468,0.183985139458764));
#8334=CARTESIAN_POINT('',(0.129845291685598,-0.704424528928404,0.183985139458764));
#8335=CARTESIAN_POINT('',(0.202237416097303,-0.505,0.519709021432763));
#8336=CARTESIAN_POINT('',(0.202237416097303,-0.650778970790716,0.519709021432763));
#8337=CARTESIAN_POINT('',(0.114326510119653,-0.595090300835367,0.194009743050291));
#8338=CARTESIAN_POINT('',(0.114326510119653,-0.704424528928404,0.194009743050291));
#8339=CARTESIAN_POINT('',(0.195262109780226,-0.505,0.532758901683936));
#8340=CARTESIAN_POINT('',(0.195262109780226,-0.651269056627543,0.532758901683936));
#8341=CARTESIAN_POINT('',(0.106258085365621,-0.594722736457747,0.19854357357772));
#8342=CARTESIAN_POINT('',(0.106258085365621,-0.704424528928404,0.19854357357772));
#8343=CARTESIAN_POINT('',(0.178899215755786,-0.505,0.557247703174797));
#8344=CARTESIAN_POINT('',(0.178899215755786,-0.652197376163367,0.557247703174797));
#8345=CARTESIAN_POINT('',(0.0896252881302287,-0.594026496805878,0.206585669982583));
#8346=CARTESIAN_POINT('',(0.0896252881302287,-0.704424528928404,0.206585669982583));
#8347=CARTESIAN_POINT('',(0.169512032653222,-0.505,0.568686018880612));
#8348=CARTESIAN_POINT('',(0.169512032653222,-0.652635715396894,0.568686018880612));
#8349=CARTESIAN_POINT('',(0.0810609793976839,-0.593697742380734,0.210093905036932));
#8350=CARTESIAN_POINT('',(0.0810609793976839,-0.704424528928404,0.210093905036932));
#8351=CARTESIAN_POINT('',(0.148686018880612,-0.505,0.589512032653222));
#8352=CARTESIAN_POINT('',(0.148686018880612,-0.653443725892479,0.589512032653222));
#8353=CARTESIAN_POINT('',(0.0635661674047918,-0.593091734509044,0.216031649709123));
#8354=CARTESIAN_POINT('',(0.0635661674047918,-0.704424528928404,0.216031649709123));
#8355=CARTESIAN_POINT('',(0.137247703174797,-0.505,0.598899215755787));
#8356=CARTESIAN_POINT('',(0.137247703174797,-0.653813475140215,0.598899215755787));
#8357=CARTESIAN_POINT('',(0.0546357311971193,-0.592814422573243,0.218461136569265));
#8358=CARTESIAN_POINT('',(0.0546357311971193,-0.704424528928404,0.218461136569265));
#8359=CARTESIAN_POINT('',(0.112758901683935,-0.505,0.615262109780227));
#8360=CARTESIAN_POINT('',(0.112758901683935,-0.65447249102097,0.615262109780227));
#8361=CARTESIAN_POINT('',(0.0365439656095703,-0.592320160662676,0.222204567667061));
#8362=CARTESIAN_POINT('',(0.0365439656095703,-0.704424528928404,0.222204567667061));
#8363=CARTESIAN_POINT('',(0.0997090214327632,-0.505,0.622237416097303));
#8364=CARTESIAN_POINT('',(0.0997090214327632,-0.654761810235821,0.622237416097303));
#8365=CARTESIAN_POINT('',(0.0273827055703227,-0.592103163639545,0.2235184975572));
#8366=CARTESIAN_POINT('',(0.0273827055703227,-0.704424528928404,0.2235184975572));
#8367=CARTESIAN_POINT('',(0.0724985231314656,-0.505,0.633508373532631));
#8368=CARTESIAN_POINT('',(0.0724985231314656,-0.655252225512906,0.633508373532631));
#8369=CARTESIAN_POINT('',(0.00896809190159502,-0.591735367405717,0.22501089894097));
#8370=CARTESIAN_POINT('',(0.00896809190159502,-0.704424528928404,0.22501089894097));
#8371=CARTESIAN_POINT('',(0.0583385779145323,-0.505,0.637803745954249));
#8372=CARTESIAN_POINT('',(0.0583385779145323,-0.655453353330559,0.637803745954249));
#8373=CARTESIAN_POINT('',(-0.000285191149869898,-0.591584823960736,0.225189364714649));
#8374=CARTESIAN_POINT('',(-0.000285191149869898,-0.704424528928404,0.225189364714649));
#8375=CARTESIAN_POINT('',(0.0294520669926944,-0.505,0.64354963022705));
#8376=CARTESIAN_POINT('',(0.0294520669926944,-0.655763138209595,0.64354963022705));
#8377=CARTESIAN_POINT('',(-0.0187436559654666,-0.591352475070908,0.224408125244224));
#8378=CARTESIAN_POINT('',(-0.0187436559654666,-0.704424528928404,0.224408125244224));
#8379=CARTESIAN_POINT('',(0.0147262155636972,-0.505,0.644999999999921));
#8380=CARTESIAN_POINT('',(0.0147262155636972,-0.655871810011545,0.644999999999921));
#8381=CARTESIAN_POINT('',(-0.027948766983514,-0.59127066962606,0.223448422994391));
#8382=CARTESIAN_POINT('',(-0.027948766983514,-0.704424528928404,0.223448422994391));
#8383=CARTESIAN_POINT('',(-0.0147262155636967,-0.505,0.644999999999921));
#8384=CARTESIAN_POINT('',(-0.0147262155636967,-0.655995607105764,0.644999999999921));
#8385=CARTESIAN_POINT('',(-0.046171421629796,-0.591177825392766,0.220405379106914));
#8386=CARTESIAN_POINT('',(-0.046171421629796,-0.704424528928404,0.220405379106914));
#8387=CARTESIAN_POINT('',(-0.0294520669926945,-0.505,0.64354963022705));
#8388=CARTESIAN_POINT('',(-0.0294520669926945,-0.656010732516614,0.64354963022705));
#8389=CARTESIAN_POINT('',(-0.0551888954157404,-0.59116677399971,0.218322049132399));
#8390=CARTESIAN_POINT('',(-0.0551888954157404,-0.704424528928404,0.218322049132399));
#8391=CARTESIAN_POINT('',(-0.0583385779145324,-0.505,0.637803745954249));
#8392=CARTESIAN_POINT('',(-0.0583385779145324,-0.655949413977824,0.637803745954249));
#8393=CARTESIAN_POINT('',(-0.0728996512995525,-0.591212768523135,0.213063305510317));
#8394=CARTESIAN_POINT('',(-0.0728996512995525,-0.704424528928404,0.213063305510317));
#8395=CARTESIAN_POINT('',(-0.0724985231314666,-0.505,0.63350837353263));
#8396=CARTESIAN_POINT('',(-0.0724985231314666,-0.655872956626595,0.63350837353263));
#8397=CARTESIAN_POINT('',(-0.0815928655170936,-0.591269814439616,0.209887912018031));
#8398=CARTESIAN_POINT('',(-0.0815928655170936,-0.704424528928404,0.209887912018031));
#8399=CARTESIAN_POINT('',(-0.0997090214327641,-0.505,0.622237416097302));
#8400=CARTESIAN_POINT('',(-0.0997090214327641,-0.655633555337032,0.622237416097302));
#8401=CARTESIAN_POINT('',(-0.098523389743444,-0.591449359444472,0.202493143064254));
#8402=CARTESIAN_POINT('',(-0.098523389743444,-0.704424528928404,0.202493143064254));
#8403=CARTESIAN_POINT('',(-0.112758901683936,-0.505,0.615262109780227));
#8404=CARTESIAN_POINT('',(-0.112758901683936,-0.655470584659382,0.615262109780227));
#8405=CARTESIAN_POINT('',(-0.106760634862334,-0.591571590433867,0.198273795944826));
#8406=CARTESIAN_POINT('',(-0.106760634862334,-0.704424528928404,0.198273795944826));
#8407=CARTESIAN_POINT('',(-0.137247703174797,-0.505,0.598899215755787));
#8408=CARTESIAN_POINT('',(-0.137247703174797,-0.655066560706974,0.598899215755787));
#8409=CARTESIAN_POINT('',(-0.122654415704157,-0.591874608398173,0.1888550386483));
#8410=CARTESIAN_POINT('',(-0.122654415704157,-0.704424528928404,0.1888550386483));
#8411=CARTESIAN_POINT('',(-0.148686018880612,-0.505,0.589512032653222));
#8412=CARTESIAN_POINT('',(-0.148686018880612,-0.654825467257653,0.589512032653222));
#8413=CARTESIAN_POINT('',(-0.130310890510716,-0.592055428485165,0.18365566457064));
#8414=CARTESIAN_POINT('',(-0.130310890510716,-0.704424528928404,0.18365566457064));
#8415=CARTESIAN_POINT('',(-0.169512032653222,-0.505,0.568686018880612));
#8416=CARTESIAN_POINT('',(-0.169512032653222,-0.654277305738565,0.568686018880612));
#8417=CARTESIAN_POINT('',(-0.144927123777969,-0.592466549624481,0.172355621051431));
#8418=CARTESIAN_POINT('',(-0.144927123777969,-0.704424528928404,0.172355621051431));
#8419=CARTESIAN_POINT('',(-0.178899215755787,-0.505,0.557247703174797));
#8420=CARTESIAN_POINT('',(-0.178899215755787,-0.653970184989207,0.557247703174797));
#8421=CARTESIAN_POINT('',(-0.151886826218768,-0.592696890186498,0.166254994919758));
#8422=CARTESIAN_POINT('',(-0.151886826218768,-0.704424528928404,0.166254994919758));
#8423=CARTESIAN_POINT('',(-0.195262109780227,-0.505,0.532758901683935));
#8424=CARTESIAN_POINT('',(-0.195262109780227,-0.653306332701116,0.532758901683935));
#8425=CARTESIAN_POINT('',(-0.165004063645086,-0.593194779402567,0.153244870371531));
#8426=CARTESIAN_POINT('',(-0.165004063645086,-0.704424528928404,0.153244870371531));
#8427=CARTESIAN_POINT('',(-0.202237416097303,-0.505,0.519709021432763));
#8428=CARTESIAN_POINT('',(-0.202237416097303,-0.652949540722455,0.519709021432763));
#8429=CARTESIAN_POINT('',(-0.171161548355937,-0.593462373386563,0.146335421819111));
#8430=CARTESIAN_POINT('',(-0.171161548355937,-0.704424528928404,0.146335421819111));
#8431=CARTESIAN_POINT('',(-0.21350837353263,-0.505,0.492498523131465));
#8432=CARTESIAN_POINT('',(-0.21350837353263,-0.652207653114231,0.492498523131465));
#8433=CARTESIAN_POINT('',(-0.182581052726715,-0.594018789092731,0.131812330605992));
#8434=CARTESIAN_POINT('',(-0.182581052726715,-0.704424528928404,0.131812330605992));
#8435=CARTESIAN_POINT('',(-0.217803745954249,-0.505,0.478338577914532));
#8436=CARTESIAN_POINT('',(-0.217803745954249,-0.651822503193895,0.478338577914532));
#8437=CARTESIAN_POINT('',(-0.187843028618905,-0.594307651532982,0.124198743608203));
#8438=CARTESIAN_POINT('',(-0.187843028618905,-0.704424528928404,0.124198743608203));
#8439=CARTESIAN_POINT('',(-0.223549630227049,-0.505,0.449452066992694));
#8440=CARTESIAN_POINT('',(-0.223549630227049,-0.651050835862413,0.449452066992694));
#8441=CARTESIAN_POINT('',(-0.197391784807782,-0.594886402031594,0.108382722815849));
#8442=CARTESIAN_POINT('',(-0.197391784807782,-0.704424528928404,0.108382722815849));
#8443=CARTESIAN_POINT('',(-0.224999999999921,-0.505,0.434726215563697));
#8444=CARTESIAN_POINT('',(-0.224999999999921,-0.650664463045345,0.434726215563697));
#8445=CARTESIAN_POINT('',(-0.201678528506782,-0.595176181644395,0.100180349639628));
#8446=CARTESIAN_POINT('',(-0.201678528506782,-0.704424528928404,0.100180349639628));
#8447=CARTESIAN_POINT('',(-0.224999999999921,-0.505,0.4025));
#8448=CARTESIAN_POINT('',(-0.224999999999921,-0.649852722735599,0.4025));
#8449=CARTESIAN_POINT('',(-0.209921342767999,-0.595784986876705,0.081722298440462));
#8450=CARTESIAN_POINT('',(-0.209921342767999,-0.704424528928404,0.081722298440462));
#8451=CARTESIAN_POINT('',(-0.224999999999921,-0.505,0.384999999999999));
#8452=CARTESIAN_POINT('',(-0.224999999999921,-0.64944177117901,0.384999999999999));
#8453=CARTESIAN_POINT('',(-0.213662606847919,-0.596093200544146,0.071370824899698));
#8454=CARTESIAN_POINT('',(-0.213662606847919,-0.704424528928404,0.071370824899698));
#8455=CARTESIAN_POINT('',(-0.224999999999921,-0.505,0.35));
#8456=CARTESIAN_POINT('',(-0.224999999999921,-0.648658192095958,0.35));
#8457=CARTESIAN_POINT('',(-0.219595478672323,-0.596680884856435,0.050232757823807));
#8458=CARTESIAN_POINT('',(-0.219595478672323,-0.704424528928404,0.050232757823807));
#8459=CARTESIAN_POINT('',(-0.224999999999921,-0.505,0.3325));
#8460=CARTESIAN_POINT('',(-0.224999999999921,-0.648285650095505,0.3325));
#8461=CARTESIAN_POINT('',(-0.22178704108218,-0.596960291356775,0.039446325810184));
#8462=CARTESIAN_POINT('',(-0.22178704108218,-0.704424528928404,0.039446325810184));
#8463=CARTESIAN_POINT('',(-0.224999999999921,-0.505,0.2975));
#8464=CARTESIAN_POINT('',(-0.224999999999921,-0.64756125641514,0.2975));
#8465=CARTESIAN_POINT('',(-0.224573619503975,-0.597503586617049,0.0176690020882739));
#8466=CARTESIAN_POINT('',(-0.224573619503975,-0.704424528928404,0.0176690020882739));
#8467=CARTESIAN_POINT('',(-0.224999999999921,-0.505,0.28));
#8468=CARTESIAN_POINT('',(-0.224999999999921,-0.647209300205463,0.28));
#8469=CARTESIAN_POINT('',(-0.225168614222938,-0.597767553774307,0.00667827678621991));
#8470=CARTESIAN_POINT('',(-0.225168614222938,-0.704424528928404,0.00667827678621991));
#8471=CARTESIAN_POINT('',(-0.224999999999921,-0.505,0.245));
#8472=CARTESIAN_POINT('',(-0.224999999999921,-0.646512519188204,0.245));
#8473=CARTESIAN_POINT('',(-0.224749308950843,-0.598290139537251,-0.015272600892781));
#8474=CARTESIAN_POINT('',(-0.224749308950843,-0.704424528928404,-0.015272600892781));
#8475=CARTESIAN_POINT('',(-0.224999999999921,-0.505,0.2275));
#8476=CARTESIAN_POINT('',(-0.224999999999921,-0.646167595906884,0.2275));
#8477=CARTESIAN_POINT('',(-0.223735012163807,-0.598548831998241,-0.0262325855373251));
#8478=CARTESIAN_POINT('',(-0.223735012163807,-0.704424528928404,-0.0262325855373251));
#8479=CARTESIAN_POINT('',(-0.224999999999921,-0.505,0.1925));
#8480=CARTESIAN_POINT('',(-0.224999999999921,-0.645477697393149,0.1925));
#8481=CARTESIAN_POINT('',(-0.220118789937499,-0.599066255883542,-0.0478876030759841));
#8482=CARTESIAN_POINT('',(-0.220118789937499,-0.704424528928404,-0.0478876030759841));
#8483=CARTESIAN_POINT('',(-0.224999999999921,-0.505,0.175));
#8484=CARTESIAN_POINT('',(-0.224999999999921,-0.645132616706608,0.175));
#8485=CARTESIAN_POINT('',(-0.217516892130729,-0.599325066398448,-0.0585824704984411));
#8486=CARTESIAN_POINT('',(-0.217516892130729,-0.704424528928404,-0.0585824704984411));
#8487=CARTESIAN_POINT('',(-0.224999999999921,-0.505,0.14));
#8488=CARTESIAN_POINT('',(-0.224999999999921,-0.644443475215817,0.14));
#8489=CARTESIAN_POINT('',(-0.210781084969333,-0.599841922516541,-0.0794785406953511));
#8490=CARTESIAN_POINT('',(-0.210781084969333,-0.704424528928404,-0.0794785406953511));
#8491=CARTESIAN_POINT('',(-0.224999999999921,-0.505,0.1225));
#8492=CARTESIAN_POINT('',(-0.224999999999921,-0.64409929394749,0.1225));
#8493=CARTESIAN_POINT('',(-0.206647227084773,-0.600100058467786,-0.0896795837974601));
#8494=CARTESIAN_POINT('',(-0.206647227084773,-0.704424528928404,-0.0896795837974601));
#8495=CARTESIAN_POINT('',(-0.224999999999921,-0.505,0.0875));
#8496=CARTESIAN_POINT('',(-0.224999999999921,-0.643423375111384,0.0875));
#8497=CARTESIAN_POINT('',(-0.196935878560733,-0.600606997594866,-0.109369849352661));
#8498=CARTESIAN_POINT('',(-0.196935878560733,-0.704424528928404,-0.109369849352661));
#8499=CARTESIAN_POINT('',(-0.224999999999921,-0.505,0.07));
#8500=CARTESIAN_POINT('',(-0.224999999999921,-0.643091523157576,0.07));
#8501=CARTESIAN_POINT('',(-0.19135846212821,-0.600855886560222,-0.118858921347277));
#8502=CARTESIAN_POINT('',(-0.19135846212821,-0.704424528928404,-0.118858921347277));
#8503=CARTESIAN_POINT('',(-0.224999999999921,-0.505,0.035));
#8504=CARTESIAN_POINT('',(-0.224999999999921,-0.642464333078558,0.035));
#8505=CARTESIAN_POINT('',(-0.178879247031069,-0.601326279119485,-0.136922310795245));
#8506=CARTESIAN_POINT('',(-0.178879247031069,-0.704424528928404,-0.136922310795245));
#8507=CARTESIAN_POINT('',(-0.224999999999921,-0.505,0.0175));
#8508=CARTESIAN_POINT('',(-0.224999999999921,-0.642169003312623,0.0175));
#8509=CARTESIAN_POINT('',(-0.171977543723401,-0.601547776443937,-0.145496490221509));
#8510=CARTESIAN_POINT('',(-0.171977543723401,-0.704424528928404,-0.145496490221509));
#8511=CARTESIAN_POINT('',(-0.224999999999921,-0.505,4.99600361081321E-16));
#8512=CARTESIAN_POINT('',(-0.224999999999921,-0.641911058778061,4.99600361081321E-16));
#8513=CARTESIAN_POINT('',(-0.164487435354561,-0.601741234844859,-0.153521606330977));
#8514=CARTESIAN_POINT('',(-0.164487435354561,-0.704424528928404,-0.153521606330977));
#8515=CARTESIAN_POINT('',(-0.224999999999921,-0.505,-0.00309371669411191));
#8516=CARTESIAN_POINT('',(-0.224999999999921,-0.641865458360191,-0.00309371669411191));
#8517=CARTESIAN_POINT('',(-0.163163305451625,-0.601775435158262,-0.154940316941266));
#8518=CARTESIAN_POINT('',(-0.163163305451625,-0.704424528928404,-0.154940316941266));
#8519=CARTESIAN_POINT('',(-0.224935988572053,-0.505,-0.00618741731730002));
#8520=CARTESIAN_POINT('',(-0.224935988572053,-0.641820053012309,-0.00618741731730002));
#8521=CARTESIAN_POINT('',(-0.161820798794325,-0.601809489169173,-0.15634187377673));
#8522=CARTESIAN_POINT('',(-0.161820798794325,-0.704424528928404,-0.15634187377673));
#8523=CARTESIAN_POINT('',(-0.224808223450774,-0.505,-0.00927848504770376));
#8524=CARTESIAN_POINT('',(-0.224808223450774,-0.641774853365922,-0.00927848504770376));
#8525=CARTESIAN_POINT('',(-0.160460386859609,-0.601843388903963,-0.157725830258863));
#8526=CARTESIAN_POINT('',(-0.160460386859609,-0.704424528928404,-0.157725830258863));
#8527=CARTESIAN_POINT('',(0.000722357950400821,-1.01682310160738,2.18767108375917E-19));
#8528=CARTESIAN_POINT('',(0.000722357950400821,-1.01682310160738,-0.049826680980159));
#8529=CARTESIAN_POINT('',(-0.0564548671302917,-1.01540646850539,-3.85586687033128E-18));
#8530=CARTESIAN_POINT('',(-0.0564548671302917,-1.01540646850539,-0.0063002992641624));
#8531=CARTESIAN_POINT('',(-0.0553671126114128,-1.01541323905269,-0.0126874729806761));
#8532=CARTESIAN_POINT('',(-0.0532817577046049,-1.01542605936544,-0.018632630789367));
#8533=CARTESIAN_POINT('',(-0.0511963694991591,-1.0154388798829,-0.0245778835294563));
#8534=CARTESIAN_POINT('',(-0.0480558618292742,-1.01545808842525,-0.0302450538532985));
#8535=CARTESIAN_POINT('',(-0.0441204024075005,-1.01548169287099,-0.0351650782888408));
#8536=CARTESIAN_POINT('',(-0.0401843783836665,-1.01550530070315,-0.0400858085774069));
#8537=CARTESIAN_POINT('',(-0.0353446635666275,-1.01553393379324,-0.0443948696486131));
#8538=CARTESIAN_POINT('',(-0.0300020084682753,-1.01556476957213,-0.0477357549614516));
#8539=CARTESIAN_POINT('',(-0.0246581767468824,-1.01559561214205,-0.0510773760437835));
#8540=CARTESIAN_POINT('',(-0.0186638381649891,-1.01562948975295,-0.0535425465637298));
#8541=CARTESIAN_POINT('',(-0.0125152506859637,-1.0156632997148,-0.0549273386375883));
#8542=CARTESIAN_POINT('',(-0.00636547964089391,-1.01569711618487,-0.0563123972755776));
#8543=CARTESIAN_POINT('',(0.000108201247905739,-1.01573179040387,-0.0566548570632947));
#8544=CARTESIAN_POINT('',(0.00636978690052085,-1.01576443037412,-0.055926369150971));
#8545=CARTESIAN_POINT('',(0.0126318778504554,-1.01579707297835,-0.0551978224511436));
#8546=CARTESIAN_POINT('',(0.0188545699463246,-1.01582858815093,-0.0533780455669741));
#8547=CARTESIAN_POINT('',(0.0245224575436882,-1.01585661812116,-0.0506176301266618));
#8548=CARTESIAN_POINT('',(0.0301900101735122,-1.01588464643484,-0.0478573778246531));
#8549=CARTESIAN_POINT('',(0.0354591711142757,-1.01590998004385,-0.0440804322653383));
#8550=CARTESIAN_POINT('',(0.0398933313946997,-1.01593092897695,-0.0395995043571199));
#8551=CARTESIAN_POINT('',(0.0443267549981241,-1.01595187442966,-0.0351193208957231));
#8552=CARTESIAN_POINT('',(0.0480477577340355,-1.01596903414345,-0.0298117744831595));
#8553=CARTESIAN_POINT('',(0.0507479194183508,-1.01598137711077,-0.0241164516708093));
#8554=CARTESIAN_POINT('',(0.0534475413928492,-1.01599371761097,-0.0184222672427456));
#8555=CARTESIAN_POINT('',(0.0552011983573222,-1.01600159826461,-0.0121833735146455));
#8556=CARTESIAN_POINT('',(0.0558635250293537,-1.01600457855972,-0.0059165432240361));
#8557=CARTESIAN_POINT('',(0.0560710934008884,-1.01600551256258,-0.00395256409857414));
#8558=CARTESIAN_POINT('',(0.056175309893188,-1.0160059809358,-0.0019749175890655));
#8559=CARTESIAN_POINT('',(0.0561753098929849,-1.0160059809358,5.79087169621097E-12));
#8560=CARTESIAN_POINT('',(0.0561753098923367,-1.0160059809358,0.0063005063486982));
#8561=CARTESIAN_POINT('',(0.0550875135319372,-1.01600111287987,0.0126878921768487));
#8562=CARTESIAN_POINT('',(0.0530020639556979,-1.01599164567177,0.018633242512527));
#8563=CARTESIAN_POINT('',(0.0509165880173228,-1.015982178344,0.0245786680032868));
#8564=CARTESIAN_POINT('',(0.0477759377388406,-1.01596783898258,0.0302460040184137));
#8565=CARTESIAN_POINT('',(0.0438402806429897,-1.01594946552802,0.0351661309909684));
#8566=CARTESIAN_POINT('',(0.0399041650052708,-1.01593108993278,0.0400868312055909));
#8567=CARTESIAN_POINT('',(0.0350643376584899,-1.01590815384662,0.0443958411811411));
#8568=CARTESIAN_POINT('',(0.0297215731761152,-1.01588213390535,0.0477366233091335));
#8569=CARTESIAN_POINT('',(0.0243777883345293,-1.0158561089948,0.0510780434584775));
#8570=CARTESIAN_POINT('',(0.0183835312182405,-1.0158262628576,0.0535430131743622));
#8571=CARTESIAN_POINT('',(0.0122350648203227,-1.01579474848854,0.0549276323067563));
#8572=CARTESIAN_POINT('',(0.00608544017775969,-1.01576322818282,0.0563125122729246));
#8573=CARTESIAN_POINT('',(-0.000388042513397479,-1.01572915920002,0.0566548283754655));
#8574=CARTESIAN_POINT('',(-0.00664941920033279,-1.01569529113688,0.0559262789719338));
#8575=CARTESIAN_POINT('',(-0.0129114556780041,-1.01566141950489,0.055197652797722));
#8576=CARTESIAN_POINT('',(-0.0191340646215607,-1.01562681727824,0.053377827964921));
#8577=CARTESIAN_POINT('',(-0.0248018871601158,-1.01559456928363,0.0506174127832542));
#8578=CARTESIAN_POINT('',(-0.0304695468568571,-1.01556232221554,0.0478570769108834));
#8579=CARTESIAN_POINT('',(-0.0357388012486919,-1.01553155562097,0.0440800363762716));
#8580=CARTESIAN_POINT('',(-0.0401730384043053,-1.01550524259073,0.039598997555643));
#8581=CARTESIAN_POINT('',(-0.0446065729920151,-1.01547893372958,0.0351186687182519));
#8582=CARTESIAN_POINT('',(-0.0483276613106861,-1.01545637402447,0.0298109391580356));
#8583=CARTESIAN_POINT('',(-0.0510278391171314,-1.01543987411768,0.024115411513084));
#8584=CARTESIAN_POINT('',(-0.053727416844444,-1.01542337787777,0.0184211496245139));
#8585=CARTESIAN_POINT('',(-0.0554810039714497,-1.01541250255395,0.0121821641043572));
#8586=CARTESIAN_POINT('',(-0.0561432098567625,-1.01540840010857,0.00591526080027209));
#8587=CARTESIAN_POINT('',(-0.0563506932928641,-1.01540711472364,0.00395170435946171));
#8588=CARTESIAN_POINT('',(-0.0564548671302917,-1.01540646850539,0.00197448852230619));
#8589=CARTESIAN_POINT('',(-0.0564548671302917,-1.01540646850539,-3.85586687033128E-18));
#8590=CARTESIAN_POINT('',(-0.0564548671302917,-1.01540646850539,-3.85586687033128E-18));
#8591=CARTESIAN_POINT('',(0.000722357950400821,-0.997044745503442,2.18767108375917E-19));
#8592=CARTESIAN_POINT('',(-0.120059245138643,-0.774190918010867,-0.0526892015162469));
#8593=CARTESIAN_POINT('',(-0.121213776027914,-0.771266800839521,-0.0513658969465836));
#8594=CARTESIAN_POINT('',(-0.122131339932364,-0.767798287556226,-0.050766779582496));
#8595=CARTESIAN_POINT('',(-0.122638374771448,-0.764434199974628,-0.0510027624347965));
#8596=CARTESIAN_POINT('',(-0.120057466013212,-0.774188437152458,-0.0526931310870324));
#8597=CARTESIAN_POINT('',(-0.122718705254777,-0.764441464059305,-0.0509335432598553));
#8598=CARTESIAN_POINT('',(-0.151118589591044,-0.780352251930627,-0.0344415505174087));
#8599=CARTESIAN_POINT('',(-0.150922664221376,-0.777773814713475,-0.0486842481509793));
#8600=CARTESIAN_POINT('',(-0.133233195492841,-0.771180768461958,-0.0582550973616939));
#8601=CARTESIAN_POINT('',(-0.122829072496795,-0.764451496111044,-0.0507709621795263));
#8602=CARTESIAN_POINT('',(-0.152690626688641,-0.780181176232629,-0.0344322049565656));
#8603=CARTESIAN_POINT('',(-0.120059068961351,-0.774190542444599,-0.0526888906146177));
#8604=CARTESIAN_POINT('',(-0.133713283822724,-0.777237644485962,-0.0593730790852501));
#8605=CARTESIAN_POINT('',(-0.151035062510369,-0.780885530304768,-0.0506936478379501));
#8606=CARTESIAN_POINT('',(-0.154756687403921,-0.781437779484174,-0.0322262845969061));
#8607=CARTESIAN_POINT('',(-0.15475668693255,-0.781437779377599,-0.0322262844463231));
#8608=CARTESIAN_POINT('',(-0.15475668693255,-0.781437779377599,-0.0322262844463231));
#8609=CARTESIAN_POINT('',(-0.15475668693255,-0.781437779377599,-0.0322262844463231));
#8610=CARTESIAN_POINT('',(-0.15475668693255,-0.781437779377599,-0.0322262844463231));
#8611=CARTESIAN_POINT('',(-0.151513195559576,-0.780956776113553,-0.048320619487612));
#8612=CARTESIAN_POINT('',(-0.152009747250294,-0.779044667995013,-0.0479971668425801));
#8613=CARTESIAN_POINT('',(-0.152506360398981,-0.777132640310608,-0.0476733323639743));
#8614=CARTESIAN_POINT('',(-0.153003035018965,-0.775220693077779,-0.0473491159689992));
#8615=CARTESIAN_POINT('',(-0.133614575451034,-0.777219541819519,-0.059316888032411));
#8616=CARTESIAN_POINT('',(-0.134446104264294,-0.773908960825405,-0.0575326196718357));
#8617=CARTESIAN_POINT('',(-0.135488969823629,-0.769980098316196,-0.0568673589571307));
#8618=CARTESIAN_POINT('',(-0.136509364721233,-0.766313731438644,-0.0574709111654902));
#8619=CARTESIAN_POINT('',(-0.120047384892156,-0.77418826811418,-0.0526834026169275));
#8620=CARTESIAN_POINT('',(-0.12120627505963,-0.771265070875183,-0.0513622993895004));
#8621=CARTESIAN_POINT('',(-0.122127483563656,-0.767797021469868,-0.050764782371773));
#8622=CARTESIAN_POINT('',(-0.12263853316371,-0.764433157472665,-0.0510028361852383));
#8623=CARTESIAN_POINT('',(-0.0735690718319356,-0.765650536062438,-0.030992805868957));
#8624=CARTESIAN_POINT('',(-0.0748120290798092,-0.762589750929361,-0.029626950513799));
#8625=CARTESIAN_POINT('',(-0.0749418010566974,-0.762754859931319,-0.0288924071145202));
#8626=CARTESIAN_POINT('',(-0.0761493112836707,-0.756276640194274,-0.0293279403426287));
#8627=CARTESIAN_POINT('',(-0.0727069577220239,-0.765380461596913,-0.0309700226349381));
#8628=CARTESIAN_POINT('',(-0.0741078143982329,-0.755861457801805,-0.0288118575866948));
#8629=CARTESIAN_POINT('',(-0.0994423128890143,-0.760181996489273,-0.0401862614873374));
#8630=CARTESIAN_POINT('',(-0.0737258957442064,-0.765622299528699,-0.0310162717378757));
#8631=CARTESIAN_POINT('',(-0.0891644141276486,-0.768468675925701,-0.038256890773407));
#8632=CARTESIAN_POINT('',(-0.104607860517696,-0.771323128899824,-0.0454838272634302));
#8633=CARTESIAN_POINT('',(-0.120056182495057,-0.774185713356659,-0.0526970949555564));
#8634=CARTESIAN_POINT('',(-0.0909899486986648,-0.760181996489273,-0.0583124149882093));
#8635=CARTESIAN_POINT('',(-0.0820925167664262,-0.756910455554345,-0.0539201855965984));
#8636=CARTESIAN_POINT('',(-0.0668283779770363,-0.755862560379375,-0.0468024007839652));
#8637=CARTESIAN_POINT('',(-0.0697012896944081,-0.763397823957066,-0.0173660230417098));
#8638=CARTESIAN_POINT('',(-0.0694017570664716,-0.763713303164499,-0.0221602093333911));
#8639=CARTESIAN_POINT('',(-0.0702745496822477,-0.764265931318378,-0.0269512134770761));
#8640=CARTESIAN_POINT('',(-0.0720673092140142,-0.765280653319352,-0.031198616074366));
#8641=CARTESIAN_POINT('',(-0.0673104845860434,-0.763315596264346,-0.016921352899929));
#8642=CARTESIAN_POINT('',(-0.0777068300640654,-0.70193316639465,-0.0190170597463031));
#8643=CARTESIAN_POINT('',(-0.069370191214018,-0.761765060136363,-0.023555039971494));
#8644=CARTESIAN_POINT('',(-0.0484767665209391,-0.763302389107709,-0.0508789718033811));
#8645=CARTESIAN_POINT('',(-0.0533444824213018,-0.758695449087953,-0.0491639122463819));
#8646=CARTESIAN_POINT('',(-0.0577240109401563,-0.756186229703113,-0.0496832050454907));
#8647=CARTESIAN_POINT('',(-0.0607516831044533,-0.755774730953192,-0.0505948343687383));
#8648=CARTESIAN_POINT('',(-0.0482873923413962,-0.763304779607058,-0.0503350649820431));
#8649=CARTESIAN_POINT('',(-0.0610795532434532,-0.755768511147533,-0.0495031157170581));
#8650=CARTESIAN_POINT('',(-0.0632171520401621,-0.765460466298206,-0.04856160386594));
#8651=CARTESIAN_POINT('',(-0.058446818988337,-0.764348061456803,-0.0484479402173155));
#8652=CARTESIAN_POINT('',(-0.0534689449913436,-0.763809388274583,-0.0495065392572747));
#8653=CARTESIAN_POINT('',(-0.0490116786632605,-0.763610572069778,-0.0517720070935005));
#8654=CARTESIAN_POINT('',(-0.063243187473723,-0.765391454250161,-0.048144334551364));
#8655=CARTESIAN_POINT('',(-0.0624987623980231,-0.76539906710877,-0.0475446566201487));
#8656=CARTESIAN_POINT('',(-0.0618146898888733,-0.763475283659243,-0.0483694247368136));
#8657=CARTESIAN_POINT('',(-0.0612675974979885,-0.761343729318023,-0.0489039560000242));
#8658=CARTESIAN_POINT('',(-0.0608646469259427,-0.759186510829207,-0.049086108773023));
#8659=CARTESIAN_POINT('',(-0.0606612267453403,-0.758097489482579,-0.0491780643441306));
#8660=CARTESIAN_POINT('',(-0.0604915826331931,-0.756990827843953,-0.0491831650049727));
#8661=CARTESIAN_POINT('',(-0.0603527458472392,-0.755891057740253,-0.0490993010901031));
#8662=CARTESIAN_POINT('',(-0.0566119346869409,-0.765725026183751,-0.0674928524802701));
#8663=CARTESIAN_POINT('',(-0.0635861868150215,-0.765426966314869,-0.048344027966263));
#8664=CARTESIAN_POINT('',(-0.0628227354223008,-0.761041532633526,-0.0508001515056942));
#8665=CARTESIAN_POINT('',(-0.0628190766900272,-0.760335149098626,-0.050825488372946));
#8666=CARTESIAN_POINT('',(-0.063527643547,-0.755940218137299,-0.0513236073504853));
#8667=CARTESIAN_POINT('',(-0.0635612512895552,-0.75594846105298,-0.0513485285306536));
#8668=CARTESIAN_POINT('',(-0.0610302285938819,-0.755743355663071,-0.0495762873597625));
#8669=CARTESIAN_POINT('',(-0.0618741204841467,-0.755807453518937,-0.05016718682276));
#8670=CARTESIAN_POINT('',(-0.0627180123744115,-0.755871551374803,-0.0507580862857575));
#8671=CARTESIAN_POINT('',(-0.0635619042646763,-0.75593564923067,-0.0513489857487549));
#8672=CARTESIAN_POINT('',(-0.0735450457942427,-0.755832205337637,-0.0341929549810014));
#8673=CARTESIAN_POINT('',(-0.105668377406213,-0.774155656055726,-0.0776577530249662));
#8674=CARTESIAN_POINT('',(-0.105116661111118,-0.771280956134792,-0.0792883863506187));
#8675=CARTESIAN_POINT('',(-0.105051096595811,-0.767991262403818,-0.0803446645392853));
#8676=CARTESIAN_POINT('',(-0.105480322488992,-0.764687050291584,-0.0806985048965242));
#8677=CARTESIAN_POINT('',(-0.105267422733674,-0.774720422658755,-0.0785177386885596));
#8678=CARTESIAN_POINT('',(-0.105438951635047,-0.764823811759392,-0.0818058830728346));
#8679=CARTESIAN_POINT('',(-0.0845234797859818,-0.76018199649111,-0.0660264384530154));
#8680=CARTESIAN_POINT('',(-0.105880630453379,-0.774234908975545,-0.0777828552581284));
#8681=CARTESIAN_POINT('',(-0.0916804349093786,-0.771336971264255,-0.0678711191862712));
#8682=CARTESIAN_POINT('',(-0.0774831592620673,-0.768436525998579,-0.0579559330258249));
#8683=CARTESIAN_POINT('',(-0.0632888083415529,-0.765533586181299,-0.0480372914460989));
#8684=CARTESIAN_POINT('',(-0.0959950070847345,-0.76018199649111,-0.0496433996070141));
#8685=CARTESIAN_POINT('',(-0.104972283246261,-0.780971119396176,-0.116571413134735));
#8686=CARTESIAN_POINT('',(-0.122907447641309,-0.781672422038073,-0.105610345341261));
#8687=CARTESIAN_POINT('',(-0.114947674663529,-0.776027124190783,-0.0831872580286841));
#8688=CARTESIAN_POINT('',(-0.105004929230931,-0.7751615791239,-0.0791374039377714));
#8689=CARTESIAN_POINT('',(-0.105007373751404,-0.781080232402273,-0.116635811533795));
#8690=CARTESIAN_POINT('',(-0.105146218422257,-0.764955386368439,-0.0812210506997674));
#8691=CARTESIAN_POINT('',(-0.120253281302725,-0.76849186900989,-0.0868062922390971));
#8692=CARTESIAN_POINT('',(-0.127499744831097,-0.774403848727223,-0.1059253117034));
#8693=CARTESIAN_POINT('',(-0.104567541943486,-0.780708938927983,-0.115707668091282));
#8694=CARTESIAN_POINT('',(-0.0964676714137006,-0.773464358151049,-0.0987920561826259));
#8695=CARTESIAN_POINT('',(0.104287485778311,-0.780978048243952,-0.11578322497945));
#8696=CARTESIAN_POINT('',(0.122356110685763,-0.773957260489622,-0.108793261265792));
#8697=CARTESIAN_POINT('',(0.116743485945498,-0.765852780163597,-0.0856429308172033));
#8698=CARTESIAN_POINT('',(0.105276123106996,-0.764468886131082,-0.0812993327005242));
#8699=CARTESIAN_POINT('',(0.104787314247888,-0.781205025992037,-0.116847272026371));
#8700=CARTESIAN_POINT('',(0.105730833423873,-0.764746601190198,-0.0816823495719187));
#8701=CARTESIAN_POINT('',(0.105756035109234,-0.774213703633887,-0.0776951852305179));
#8702=CARTESIAN_POINT('',(0.112292505664535,-0.775775142905944,-0.0821584225195054));
#8703=CARTESIAN_POINT('',(0.120666801436199,-0.780719396358732,-0.104067691963156));
#8704=CARTESIAN_POINT('',(0.105546466775384,-0.7814266495464,-0.117679068585133));
#8705=CARTESIAN_POINT('',(0.105448076911649,-0.774327764091934,-0.0781062906885707));
#8706=CARTESIAN_POINT('',(0.10477403143337,-0.77477293898505,-0.0794867034598405));
#8707=CARTESIAN_POINT('',(0.104719340966367,-0.771525162119369,-0.0805073871903733));
#8708=CARTESIAN_POINT('',(0.104664649330183,-0.768277386041885,-0.0815280733662741));
#8709=CARTESIAN_POINT('',(0.104609956527197,-0.765029610752891,-0.0825487619885844));
#8710=CARTESIAN_POINT('',(0.0964781943081454,-0.77344052198339,-0.0987806267207744));
#8711=CARTESIAN_POINT('',(0.0636008224028379,-0.765510224458536,-0.0482971702280321));
#8712=CARTESIAN_POINT('',(0.063036444797193,-0.762331107322102,-0.0500950125140769));
#8713=CARTESIAN_POINT('',(0.0628228822589012,-0.760307476483149,-0.0508295408820961));
#8714=CARTESIAN_POINT('',(0.0635269922120551,-0.755940218396844,-0.0513245376138344));
#8715=CARTESIAN_POINT('',(0.0633510929386782,-0.765520761126633,-0.0482265757020642));
#8716=CARTESIAN_POINT('',(0.0635614148378566,-0.755948460896929,-0.0513482949815847));
#8717=CARTESIAN_POINT('',(0.0845234797612977,-0.760181996518503,-0.066026438503927));
#8718=CARTESIAN_POINT('',(0.0637238271283033,-0.765622299560616,-0.04834036276496));
#8719=CARTESIAN_POINT('',(0.0777137284964466,-0.768468692670363,-0.0580902596149545));
#8720=CARTESIAN_POINT('',(0.0916942443256063,-0.771323162452144,-0.0678512656471605));
#8721=CARTESIAN_POINT('',(0.105665360311661,-0.774185763812499,-0.0776233285904203));
#8722=CARTESIAN_POINT('',(0.0959950070346991,-0.760181996518503,-0.0496433996941309));
#8723=CARTESIAN_POINT('',(0.0625343442986517,-0.765498615463238,-0.0475016488694655));
#8724=CARTESIAN_POINT('',(0.0618456354457463,-0.763581742942915,-0.0483361502357844));
#8725=CARTESIAN_POINT('',(0.0612936888509157,-0.761455372953526,-0.0488820308459257));
#8726=CARTESIAN_POINT('',(0.0608861659640828,-0.759300989614063,-0.0490761189624604));
#8727=CARTESIAN_POINT('',(0.0606731637653818,-0.758174946383174,-0.0491775640515568));
#8728=CARTESIAN_POINT('',(0.0604964316757929,-0.757029238672777,-0.0491860940535001));
#8729=CARTESIAN_POINT('',(0.0603527458474957,-0.755891057771134,-0.0490993010902768));
#8730=CARTESIAN_POINT('',(0.0610795532433886,-0.755768511178455,-0.0495031157170295));
#8731=CARTESIAN_POINT('',(0.0635619042656287,-0.75593564925976,-0.0513489857494222));
#8732=CARTESIAN_POINT('',(0.0627180123750566,-0.755871551403925,-0.0507580862862096));
#8733=CARTESIAN_POINT('',(0.0618741204844845,-0.75580745354809,-0.050167186822997));
#8734=CARTESIAN_POINT('',(0.0610302285939124,-0.755743355692255,-0.0495762873597843));
#8735=CARTESIAN_POINT('',(0.0735450457944468,-0.755832205366759,-0.0341929549811584));
#8736=CARTESIAN_POINT('',(0.0490307805383127,-0.763571512705964,-0.0517679439611374));
#8737=CARTESIAN_POINT('',(0.0533464806188729,-0.763851854300988,-0.0495696438956222));
#8738=CARTESIAN_POINT('',(0.0581351159155209,-0.764447238003112,-0.0484820722167825));
#8739=CARTESIAN_POINT('',(0.0627538752299365,-0.765565161255512,-0.0484771645998237));
#8740=CARTESIAN_POINT('',(0.0485397286178544,-0.763455556772311,-0.0507891331303877));
#8741=CARTESIAN_POINT('',(0.0607540624983532,-0.755774408085754,-0.0505955509649268));
#8742=CARTESIAN_POINT('',(0.0587738928924824,-0.756042918993037,-0.0499990523503059));
#8743=CARTESIAN_POINT('',(0.0543593427378034,-0.758565424320716,-0.048791619064006));
#8744=CARTESIAN_POINT('',(0.0484354255940502,-0.763341924068792,-0.0508935891338188));
#8745=CARTESIAN_POINT('',(0.0566119346872851,-0.765725026214781,-0.0674928524800154));
#8746=CARTESIAN_POINT('',(0.0679934763048567,-0.763399525447287,-0.0166399272829207));
#8747=CARTESIAN_POINT('',(0.0669169297629097,-0.760883546077799,-0.0210388733077059));
#8748=CARTESIAN_POINT('',(0.0692639571923444,-0.758367566708311,-0.0260332963627456));
#8749=CARTESIAN_POINT('',(0.0733375653935661,-0.755851587338823,-0.0280120320219205));
#8750=CARTESIAN_POINT('',(0.0679954950621655,-0.763399622843872,-0.0166399412287251));
#8751=CARTESIAN_POINT('',(0.072940700020074,-0.755837909155506,-0.0282148381388789));
#8752=CARTESIAN_POINT('',(0.0723435272811497,-0.764829977125837,-0.0314071336293247));
#8753=CARTESIAN_POINT('',(0.0702919626350666,-0.763935751526081,-0.0269550223491641));
#8754=CARTESIAN_POINT('',(0.069318972458324,-0.763592022318114,-0.0218478787922766));
#8755=CARTESIAN_POINT('',(0.0697344930605213,-0.763506467749975,-0.0167807403063616));
#8756=CARTESIAN_POINT('',(0.0729933279396252,-0.765222028183333,-0.0311334982522684));
#8757=CARTESIAN_POINT('',(0.07136201524865,-0.765502243868489,-0.0299656324848128));
#8758=CARTESIAN_POINT('',(0.0717517511904711,-0.763628465392153,-0.0289716455542402));
#8759=CARTESIAN_POINT('',(0.0719481596879927,-0.761551469839819,-0.0282212553384562));
#8760=CARTESIAN_POINT('',(0.0718991331508071,-0.759447781706651,-0.0277489815429787));
#8761=CARTESIAN_POINT('',(0.0718735203052816,-0.758348755703962,-0.027502252394568));
#8762=CARTESIAN_POINT('',(0.0717822670272198,-0.757230922827675,-0.0273271361896793));
#8763=CARTESIAN_POINT('',(0.0716231318155574,-0.756120489048221,-0.0272222445743166));
#8764=CARTESIAN_POINT('',(0.0876884594493906,-0.765427601886921,-0.0170907906693715));
#8765=CARTESIAN_POINT('',(0.073617985651365,-0.765529429114029,-0.030939272888313));
#8766=CARTESIAN_POINT('',(0.0754050434809769,-0.761080333146181,-0.0289912497068101));
#8767=CARTESIAN_POINT('',(0.0754145415457291,-0.760385583341329,-0.0289849888424299));
#8768=CARTESIAN_POINT('',(0.0762103342981676,-0.755939982549158,-0.0293542788962113));
#8769=CARTESIAN_POINT('',(0.0762496341394426,-0.755948460894921,-0.0293716549785741));
#8770=CARTESIAN_POINT('',(0.0730954401461515,-0.755718934917058,-0.0279005125024653));
#8771=CARTESIAN_POINT('',(0.0741471217331402,-0.755791133681799,-0.0283909196804187));
#8772=CARTESIAN_POINT('',(0.0751988033201288,-0.75586333244654,-0.0288813268583721));
#8773=CARTESIAN_POINT('',(0.0762504849071175,-0.755935531211282,-0.0293717340363256));
#8774=CARTESIAN_POINT('',(0.0668283779567822,-0.755862560400281,-0.0468024007740148));
#8775=CARTESIAN_POINT('',(0.120059005905316,-0.774190028409327,-0.0526900625008563));
#8776=CARTESIAN_POINT('',(0.104432476663374,-0.771302631277804,-0.0453750905063569));
#8777=CARTESIAN_POINT('',(0.0888044306186371,-0.768412744915635,-0.0380643413251065));
#8778=CARTESIAN_POINT('',(0.0731748655936877,-0.765520382183923,-0.0307578217306754));
#8779=CARTESIAN_POINT('',(0.120817302874028,-0.771374103398304,-0.0522085537793915));
#8780=CARTESIAN_POINT('',(0.0994423128550721,-0.76018199650878,-0.0401862615331446));
#8781=CARTESIAN_POINT('',(0.0909899486320698,-0.76018199650878,-0.0583124151040404));
#8782=CARTESIAN_POINT('',(0.154654342399602,-0.78142228652828,-0.0327137842093016));
#8783=CARTESIAN_POINT('',(0.150741444765226,-0.780819134136394,-0.0506321317943471));
#8784=CARTESIAN_POINT('',(0.133569360174927,-0.777210031902746,-0.05929232301277));
#8785=CARTESIAN_POINT('',(0.120074284748939,-0.774193940600532,-0.0526963334424076));
#8786=CARTESIAN_POINT('',(0.152902765559184,-0.781068107734188,-0.03232009427362));
#8787=CARTESIAN_POINT('',(0.124546393056794,-0.765517051836139,-0.0518536420805104));
#8788=CARTESIAN_POINT('',(0.135704974644108,-0.772250847344798,-0.0579711342746088));
#8789=CARTESIAN_POINT('',(0.152221082665148,-0.778411813048507,-0.0465798841010126));
#8790=CARTESIAN_POINT('',(0.151048744363033,-0.780698924408736,-0.0324138543019002));
#8791=CARTESIAN_POINT('',(0.154739489216161,-0.781378081352521,-0.0323712130399414));
#8792=CARTESIAN_POINT('',(0.154734670831171,-0.781396516912264,-0.0323743334548926));
#8793=CARTESIAN_POINT('',(0.154729880808405,-0.781414959416665,-0.0323774567388341));
#8794=CARTESIAN_POINT('',(0.154725118180722,-0.781433408506202,-0.0323805827713647));
#8795=CARTESIAN_POINT('',(0.152914719259748,-0.775172925191859,-0.0474059008330558));
#8796=CARTESIAN_POINT('',(0.152406924040468,-0.777104183063254,-0.0477321750362694));
#8797=CARTESIAN_POINT('',(0.151904973694343,-0.779036809680884,-0.0480594496677713));
#8798=CARTESIAN_POINT('',(0.151408671995934,-0.780970721283303,-0.0483876835205353));
#8799=CARTESIAN_POINT('',(0.136483256287077,-0.766310191749729,-0.0574587366027076));
#8800=CARTESIAN_POINT('',(0.135457740548739,-0.769997850765808,-0.0568522770832093));
#8801=CARTESIAN_POINT('',(0.134411258296594,-0.773943461965514,-0.0575422766562927));
#8802=CARTESIAN_POINT('',(0.133574150683939,-0.777273052597276,-0.0593363087759878));
#8803=CARTESIAN_POINT('',(0.122665901481439,-0.7644368680292,-0.0510155982413861));
#8804=CARTESIAN_POINT('',(0.122150793186814,-0.767821393350704,-0.0507753992988236));
#8805=CARTESIAN_POINT('',(0.121218583634423,-0.771305162474846,-0.0513902420393787));
#8806=CARTESIAN_POINT('',(0.120053432017285,-0.774246561532247,-0.0527201431760465));
#8807=CARTESIAN_POINT('',(0.0143981283522151,-0.774193136140195,0.130318700580289));
#8808=CARTESIAN_POINT('',(0.016122243845236,-0.771267602730008,0.130657065101682));
#8809=CARTESIAN_POINT('',(0.0171005394315478,-0.767797557948918,0.13115233882425));
#8810=CARTESIAN_POINT('',(0.0171495335380986,-0.764431864406336,0.131709716687666));
#8811=CARTESIAN_POINT('',(0.0143981717743934,-0.774193215845892,0.130319168696013));
#8812=CARTESIAN_POINT('',(0.0171508405115309,-0.76443436179855,0.131724656471617));
#8813=CARTESIAN_POINT('',(0.0475800446853665,-0.780754135632894,0.14725400590062));
#8814=CARTESIAN_POINT('',(0.0352045356037515,-0.778378024443832,0.155930288252892));
#8815=CARTESIAN_POINT('',(0.0159195690307627,-0.771520519311835,0.145233105335736));
#8816=CARTESIAN_POINT('',(0.0175006657603289,-0.764449397095822,0.131758077743697));
#8817=CARTESIAN_POINT('',(0.0485248069402486,-0.781095713329534,0.148695240914965));
#8818=CARTESIAN_POINT('',(0.0143996612262908,-0.774190716222518,0.130319568902912));
#8819=CARTESIAN_POINT('',(0.0154377363627221,-0.777240560410479,0.145505024476267));
#8820=CARTESIAN_POINT('',(0.036770266895579,-0.781003202139882,0.154203594263519));
#8821=CARTESIAN_POINT('',(0.0490220109303894,-0.781423184986081,0.150283295121793));
#8822=CARTESIAN_POINT('',(0.0493436951279709,-0.781434121875874,0.150178377197634));
#8823=CARTESIAN_POINT('',(0.0493480107237783,-0.78141847981633,0.150180552625658));
#8824=CARTESIAN_POINT('',(0.049352335025329,-0.781402842659206,0.15018274612317));
#8825=CARTESIAN_POINT('',(0.0493566680213747,-0.781387210479882,0.150184957697488));
#8826=CARTESIAN_POINT('',(0.0337135026363086,-0.780972602961695,0.155359172400964));
#8827=CARTESIAN_POINT('',(0.0342526349312567,-0.779015408939872,0.155628962759734));
#8828=CARTESIAN_POINT('',(0.0347935613926209,-0.77705934808089,0.155903395976707));
#8829=CARTESIAN_POINT('',(0.0353362765286769,-0.775104447512424,0.156182472826292));
#8830=CARTESIAN_POINT('',(0.0153854654794022,-0.777237332864218,0.145155326632965));
#8831=CARTESIAN_POINT('',(0.0173672323114051,-0.773891470701635,0.144988795424617));
#8832=CARTESIAN_POINT('',(0.0184754733433358,-0.76992625420548,0.145564285522906));
#8833=CARTESIAN_POINT('',(0.0184637382072503,-0.766218945795129,0.146755217152616));
#8834=CARTESIAN_POINT('',(0.0143477263766375,-0.774188901285752,0.130030324138638));
#8835=CARTESIAN_POINT('',(0.0160883381374846,-0.77123649711419,0.130386955371048));
#8836=CARTESIAN_POINT('',(0.0170755469959003,-0.767737895500464,0.130890264574894));
#8837=CARTESIAN_POINT('',(0.0171266400532212,-0.764337833266945,0.131447558894409));
#8838=CARTESIAN_POINT('',(0.0100227674006155,-0.765517090728962,0.0792308304869576));
#8839=CARTESIAN_POINT('',(0.0118666272282203,-0.762332533607235,0.0796414983398093));
#8840=CARTESIAN_POINT('',(0.0126083147697719,-0.760310385054274,0.0798221655174789));
#8841=CARTESIAN_POINT('',(0.0126851549049872,-0.755940876088398,0.0806816619491163));
#8842=CARTESIAN_POINT('',(0.010010085360196,-0.765475289471802,0.0788362837558904));
#8843=CARTESIAN_POINT('',(0.01268821631145,-0.755948460872825,0.080719947800552));
#8844=CARTESIAN_POINT('',(0.0149188330830293,-0.760181996470169,0.106212699824091));
#8845=CARTESIAN_POINT('',(0.00995734526765442,-0.765534060092369,0.0788309267670932));
#8846=CARTESIAN_POINT('',(0.0114206641740738,-0.768409699023044,0.0959967744013677));
#8847=CARTESIAN_POINT('',(0.0128985936310081,-0.771293581378863,0.113159995599101));
#8848=CARTESIAN_POINT('',(0.0143910943333596,-0.774185763782424,0.130320550633325));
#8849=CARTESIAN_POINT('',(-0.00500505843950167,-0.760181996470169,0.107955814465633));
#8850=CARTESIAN_POINT('',(0.00998421534105387,-0.765472072792751,0.0787098960876449));
#8851=CARTESIAN_POINT('',(0.0116864882128999,-0.762385469819254,0.0784400183287517));
#8852=CARTESIAN_POINT('',(0.0124611594236946,-0.75897759703831,0.0781469172790395));
#8853=CARTESIAN_POINT('',(0.0124271877099304,-0.755756896794716,0.0777463029330925));
#8854=CARTESIAN_POINT('',(0.0125333569837801,-0.755763640082091,0.0776830878742043));
#8855=CARTESIAN_POINT('',(0.0126885720615382,-0.755936003819094,0.0807206946992433));
#8856=CARTESIAN_POINT('',(0.0126002967377659,-0.755872985833248,0.0797117031314823));
#8857=CARTESIAN_POINT('',(0.0125120214139936,-0.755809967847403,0.0787027115637213));
#8858=CARTESIAN_POINT('',(0.0124237460902212,-0.755746949861557,0.0776937199959603));
#8859=CARTESIAN_POINT('',(-0.00713199618130603,-0.755852961101437,0.0811149816132554));
#8860=CARTESIAN_POINT('',(0.0193427392828074,-0.763410584421955,0.0672774046217113));
#8861=CARTESIAN_POINT('',(0.0148720897502442,-0.763604698112319,0.0686697648284182));
#8862=CARTESIAN_POINT('',(0.0107596789067596,-0.763459928745309,0.0737309843550264));
#8863=CARTESIAN_POINT('',(0.0100259055652328,-0.765332682634279,0.0783145299153309));
#8864=CARTESIAN_POINT('',(0.01913704707176,-0.763348543936639,0.0667585089643479));
#8865=CARTESIAN_POINT('',(0.012644490944454,-0.755763908573936,0.0776901462390053));
#8866=CARTESIAN_POINT('',(0.0129251001287489,-0.758255599851694,0.0731771733753438));
#8867=CARTESIAN_POINT('',(0.0148101698264713,-0.760747291129452,0.0687803002099509));
#8868=CARTESIAN_POINT('',(0.0178855470636412,-0.76323898240721,0.0654655271511197));
#8869=CARTESIAN_POINT('',(0.0306092586245447,-0.765837787924627,0.0819276721021968));
#8870=CARTESIAN_POINT('',(0.00565000677594252,-0.756910923657911,0.0980541980276472));
#8871=CARTESIAN_POINT('',(-0.00952876399407661,-0.765378257870288,0.0784517733373647));
#8872=CARTESIAN_POINT('',(-0.0121121801774383,-0.755683154681868,0.0788132721911963));
#8873=CARTESIAN_POINT('',(-0.0323847245513476,-0.643903347910284,0.0789175614135984));
#8874=CARTESIAN_POINT('',(-0.0187949400781427,-0.76353376404506,0.0661741257066038));
#8875=CARTESIAN_POINT('',(-0.00957699822770145,-0.76630283113643,0.0766081496560773));
#8876=CARTESIAN_POINT('',(-0.0111476944089346,-0.763637891394679,0.0753127818770722));
#8877=CARTESIAN_POINT('',(-0.0127709750456283,-0.760833164878582,0.073986806764075));
#8878=CARTESIAN_POINT('',(-0.0147463112293637,-0.759024493784233,0.0719684599560454));
#8879=CARTESIAN_POINT('',(-0.0149445662977434,-0.758842966095712,0.0717658881165101));
#8880=CARTESIAN_POINT('',(-0.0151489273950718,-0.758677205919457,0.0715516879352293));
#8881=CARTESIAN_POINT('',(-0.0153582109536729,-0.758547388954375,0.0713222523850474));
#8882=CARTESIAN_POINT('',(-0.0155696723920279,-0.758416221067407,0.0710904292462614));
#8883=CARTESIAN_POINT('',(-0.0157929784881536,-0.758317858724809,0.0708354898532451));
#8884=CARTESIAN_POINT('',(-0.0160060113036519,-0.758310371508227,0.0705704919602944));
#8885=CARTESIAN_POINT('',(-0.0161110514502254,-0.758306679784371,0.0704398293792639));
#8886=CARTESIAN_POINT('',(-0.0162151880792481,-0.758326391991125,0.0703043936287374));
#8887=CARTESIAN_POINT('',(-0.0163092617422768,-0.758374852841238,0.0701743111040485));
#8888=CARTESIAN_POINT('',(-0.0164037867334643,-0.758423546187308,0.0700436044949508));
#8889=CARTESIAN_POINT('',(-0.0164901312733209,-0.758503101823254,0.0699153594030517));
#8890=CARTESIAN_POINT('',(-0.0165610508930548,-0.758604440054106,0.0698009426032499));
#8891=CARTESIAN_POINT('',(-0.0166434274782693,-0.758722149334564,0.0696680419293011));
#8892=CARTESIAN_POINT('',(-0.0167078716470318,-0.75887118426309,0.0695497031026128));
#8893=CARTESIAN_POINT('',(-0.0167562548747692,-0.759031629007186,0.069448606549757));
#8894=CARTESIAN_POINT('',(-0.0168362285132106,-0.759296831445183,0.0692815019653001));
#8895=CARTESIAN_POINT('',(-0.0168773487065813,-0.759599263519569,0.0691536794335216));
#8896=CARTESIAN_POINT('',(-0.016898590003465,-0.759904942112901,0.069049941962003));
#8897=CARTESIAN_POINT('',(-0.0169625567487447,-0.760825472757717,0.0687375435028637));
#8898=CARTESIAN_POINT('',(-0.016868665149686,-0.761810950158439,0.0686065227109272));
#8899=CARTESIAN_POINT('',(-0.0167529067941837,-0.762773290355291,0.0685087343758622));
#8900=CARTESIAN_POINT('',(-0.0167268647281467,-0.762989787271196,0.0684867350111653));
#8901=CARTESIAN_POINT('',(-0.0166987392953343,-0.763206314549071,0.0684673380227475));
#8902=CARTESIAN_POINT('',(-0.0166689405245468,-0.763422755194519,0.0684500592466202));
#8903=CARTESIAN_POINT('',(-0.0142858326041824,-0.761765060131525,0.071853867842603));
#8904=CARTESIAN_POINT('',(-0.00994469438527251,-0.765650728061456,0.0792136260956221));
#8905=CARTESIAN_POINT('',(-0.0125819032733678,-0.761176770760554,0.0797887600714715));
#8906=CARTESIAN_POINT('',(-0.0125786659657285,-0.760412415938444,0.0798045440506186));
#8907=CARTESIAN_POINT('',(-0.0126815797646619,-0.756058634492555,0.0806586294243789));
#8908=CARTESIAN_POINT('',(0.00713199618103092,-0.755852961098339,0.0811149816153486));
#8909=CARTESIAN_POINT('',(-0.0143985702948778,-0.774190028372696,0.130319180325461));
#8910=CARTESIAN_POINT('',(-0.0129103419718036,-0.771283207095923,0.11301324325482));
#8911=CARTESIAN_POINT('',(-0.0114176385904762,-0.768373862992634,0.0957081147687814));
#8912=CARTESIAN_POINT('',(-0.00992045305494996,-0.765462009185254,0.0784037963988963));
#8913=CARTESIAN_POINT('',(-0.0151398783395482,-0.771568468848836,0.130706987141283));
#8914=CARTESIAN_POINT('',(-0.0149188330265526,-0.760181996468298,0.106212699818999));
#8915=CARTESIAN_POINT('',(0.00500505855013478,-0.760181996468298,0.107955814465279));
#8916=CARTESIAN_POINT('',(-0.0494695625714614,-0.781437779480485,0.150136364996517));
#8917=CARTESIAN_POINT('',(-0.0316236098806628,-0.780885779765682,0.156144309626591));
#8918=CARTESIAN_POINT('',(-0.0154464969095057,-0.777240549287303,0.145472242566072));
#8919=CARTESIAN_POINT('',(-0.0144007789292144,-0.774193940567999,0.130335547661882));
#8920=CARTESIAN_POINT('',(-0.049469562457688,-0.781437779374209,0.150136364624396));
#8921=CARTESIAN_POINT('',(-0.0174992136445864,-0.76445107874775,0.13177257506667));
#8922=CARTESIAN_POINT('',(-0.0159294381913999,-0.771522084973128,0.145243803919738));
#8923=CARTESIAN_POINT('',(-0.0352086441078245,-0.778377039260766,0.155927828044601));
#8924=CARTESIAN_POINT('',(-0.047580044522015,-0.78075413556208,0.147254005600573));
#8925=CARTESIAN_POINT('',(-0.0494695624662067,-0.781437779373932,0.150136364513104));
#8926=CARTESIAN_POINT('',(-0.0494695624662067,-0.781437779373932,0.150136364513104));
#8927=CARTESIAN_POINT('',(-0.0494695624662067,-0.781437779373932,0.150136364513104));
#8928=CARTESIAN_POINT('',(-0.0477240134859862,-0.780661154695394,0.150891206313241));
#8929=CARTESIAN_POINT('',(-0.0476248720320044,-0.781019395889343,0.150840986886956));
#8930=CARTESIAN_POINT('',(-0.0475258677391532,-0.781377667617662,0.150790715201676));
#8931=CARTESIAN_POINT('',(-0.0459463431897786,-0.779855031522347,0.15144421936287));
#8932=CARTESIAN_POINT('',(-0.0457418261455848,-0.780559653983911,0.151324539181028));
#8933=CARTESIAN_POINT('',(-0.0455538720161557,-0.781274406763426,0.151244319329491));
#8934=CARTESIAN_POINT('',(-0.0423330877641146,-0.778185391382191,0.152159157286377));
#8935=CARTESIAN_POINT('',(-0.0419373654236927,-0.779569233357208,0.151861306736268));
#8936=CARTESIAN_POINT('',(-0.0415584176823883,-0.780985912811589,0.151762527427234));
#8937=CARTESIAN_POINT('',(-0.0404755768955341,-0.777311186157685,0.152318276432388));
#8938=CARTESIAN_POINT('',(-0.0399900316800198,-0.779030614495752,0.151909737185411));
#8939=CARTESIAN_POINT('',(-0.0395109307294121,-0.780797555114007,0.151823225214126));
#8940=CARTESIAN_POINT('',(-0.0368539188380876,-0.775573141133875,0.152216124345263));
#8941=CARTESIAN_POINT('',(-0.0362367273367531,-0.777931432269059,0.151570056368673));
#8942=CARTESIAN_POINT('',(-0.0355304492117623,-0.780352135108394,0.151534499638428));
#8943=CARTESIAN_POINT('',(-0.0350790492124351,-0.774704742506715,0.151961940506961));
#8944=CARTESIAN_POINT('',(-0.0344168981094872,-0.777367725828631,0.151187221522424));
#8945=CARTESIAN_POINT('',(-0.0335854537952117,-0.780095161465191,0.15119151477176));
#8946=CARTESIAN_POINT('',(-0.031604271112539,-0.772967733658148,0.151031823212647));
#8947=CARTESIAN_POINT('',(-0.0309075192785191,-0.7762185803978,0.150009567320349));
#8948=CARTESIAN_POINT('',(-0.0297887501443328,-0.779510984351903,0.150093289464046));
#8949=CARTESIAN_POINT('',(-0.0299126339885556,-0.772102551013691,0.150349989797928));
#8950=CARTESIAN_POINT('',(-0.0292270591181255,-0.775634721965939,0.149207893021973));
#8951=CARTESIAN_POINT('',(-0.0279462793526368,-0.779183658827258,0.149332659056537));
#8952=CARTESIAN_POINT('',(-0.0268030985581175,-0.770471106707043,0.148623859125078));
#8953=CARTESIAN_POINT('',(-0.0261858529223397,-0.774513023506227,0.147295042107833));
#8954=CARTESIAN_POINT('',(-0.0245712053294555,-0.778493848299909,0.147468340371813));
#8955=CARTESIAN_POINT('',(-0.0253672243721248,-0.769696209041122,0.147578815486376));
#8956=CARTESIAN_POINT('',(-0.0248080480431957,-0.773969934035724,0.146180480861585));
#8957=CARTESIAN_POINT('',(-0.0230188575327306,-0.778129101169408,0.146362977679762));
#8958=CARTESIAN_POINT('',(-0.0227448386777775,-0.76823242202965,0.145106906050457));
#8959=CARTESIAN_POINT('',(-0.0223215735198326,-0.772915855396398,0.143640609350895));
#8960=CARTESIAN_POINT('',(-0.0201979433515477,-0.777357946410028,0.143789394529471));
#8961=CARTESIAN_POINT('',(-0.0215982071037683,-0.767565532445297,0.143714520798046));
#8962=CARTESIAN_POINT('',(-0.0212529967858884,-0.77242125969635,0.142251872056943));
#8963=CARTESIAN_POINT('',(-0.0189723581669291,-0.776962685581879,0.142357253691156));
#8964=CARTESIAN_POINT('',(-0.0196621386018569,-0.766380645136805,0.140663296005921));
#8965=CARTESIAN_POINT('',(-0.0194526602760835,-0.771499489622724,0.139277718545602));
#8966=CARTESIAN_POINT('',(-0.0169215453398004,-0.776164177580508,0.139250091058535));
#8967=CARTESIAN_POINT('',(-0.0188622702455652,-0.765855220268538,0.138975410608319));
#8968=CARTESIAN_POINT('',(-0.0187133878004552,-0.771066703788254,0.137667234754556));
#8969=CARTESIAN_POINT('',(-0.0160856119767798,-0.775754261387036,0.137545928819857));
#8970=CARTESIAN_POINT('',(-0.0176970687182855,-0.765004372977919,0.135471363967247));
#8971=CARTESIAN_POINT('',(-0.017619651999803,-0.770297192691796,0.134357693155036));
#8972=CARTESIAN_POINT('',(-0.0148971025691136,-0.77496025587869,0.134035468323279));
#8973=CARTESIAN_POINT('',(-0.017318774329259,-0.764671785141215,0.133644148791655));
#8974=CARTESIAN_POINT('',(-0.0172544652552828,-0.769956356063133,0.132650870908426));
#8975=CARTESIAN_POINT('',(-0.0145305353726831,-0.774572586855288,0.132217589095015));
#8976=CARTESIAN_POINT('',(-0.0171521466750041,-0.764436867999396,0.131739585988435));
#8977=CARTESIAN_POINT('',(-0.0170757430433803,-0.769657137561499,0.130866288482854));
#8978=CARTESIAN_POINT('',(-0.0144007640130888,-0.774193932093118,0.130335550398124));
#8979=CARTESIAN_POINT('',(-0.125721395162626,-0.704424528928398,-0.0920674215789206));
#8980=CARTESIAN_POINT('',(-0.126103586083253,-0.704424528928398,-0.0922725312541352));
#8981=CARTESIAN_POINT('',(-0.126477264866566,-0.704424528928398,-0.0924946683405796));
#8982=CARTESIAN_POINT('',(-0.126838416516698,-0.704424528928398,-0.0927348960747891));
#8983=CARTESIAN_POINT('',(-0.128001335688625,-0.704424528928398,-0.0935084366017084));
#8984=CARTESIAN_POINT('',(-0.129048331604508,-0.704424528928398,-0.0945024129990227));
#8985=CARTESIAN_POINT('',(-0.129856138240744,-0.704424528928398,-0.0956417963347244));
#8986=CARTESIAN_POINT('',(-0.130659199508929,-0.704424528928398,-0.0967744864928315));
#8987=CARTESIAN_POINT('',(-0.131254153906283,-0.704424528928398,-0.098069229268234));
#8988=CARTESIAN_POINT('',(-0.131656202992018,-0.704424528928398,-0.0993982330031392));
#8989=CARTESIAN_POINT('',(-0.132198584894946,-0.704424528928398,-0.101191117504839));
#8990=CARTESIAN_POINT('',(-0.132420327876408,-0.704424528928398,-0.103094411833393));
#8991=CARTESIAN_POINT('',(-0.13240520553045,-0.704424528928398,-0.104967479979434));
#8992=CARTESIAN_POINT('',(-0.132382182860065,-0.704424528928398,-0.107819089819126));
#8993=CARTESIAN_POINT('',(-0.131806578446257,-0.704424528928398,-0.110702581236593));
#8994=CARTESIAN_POINT('',(-0.130799556694379,-0.704424528928398,-0.113370560980224));
#8995=CARTESIAN_POINT('',(-0.129640505425319,-0.704424528928398,-0.116441324150845));
#8996=CARTESIAN_POINT('',(-0.12785225970726,-0.704424528928398,-0.11934017878326));
#8997=CARTESIAN_POINT('',(-0.125615010723359,-0.704424528928398,-0.121741783096712));
#8998=CARTESIAN_POINT('',(-0.124756233817767,-0.704424528928398,-0.122663648448133));
#8999=CARTESIAN_POINT('',(-0.12382472341436,-0.704424528928398,-0.12352289561128));
#9000=CARTESIAN_POINT('',(-0.122835294885408,-0.704424528928398,-0.124302872973661));
#9001=CARTESIAN_POINT('',(-0.129090727337358,-0.705307471337068,-0.0857891796363125));
#9002=CARTESIAN_POINT('',(-0.116183614768551,-0.71517838170733,-0.0855351880103992));
#9003=CARTESIAN_POINT('',(-0.120176290532411,-0.711439072717008,-0.0859901651943486));
#9004=CARTESIAN_POINT('',(-0.124871754653216,-0.708340791411311,-0.0854414565871647));
#9005=CARTESIAN_POINT('',(-0.129924860300409,-0.706476781045912,-0.0843819829469429));
#9006=CARTESIAN_POINT('',(-0.11504347762321,-0.715006010001409,-0.088485955358896));
#9007=CARTESIAN_POINT('',(-0.113745410644614,-0.714802043983021,-0.0913623733155077));
#9008=CARTESIAN_POINT('',(-0.125932756761926,-0.717226146149338,-0.0970341585760235));
#9009=CARTESIAN_POINT('',(-0.133876795783789,-0.7212678168418,-0.112130081095826));
#9010=CARTESIAN_POINT('',(-0.116651159525974,-0.719606025950305,-0.124947792491304));
#9011=CARTESIAN_POINT('',(-0.116893146854649,-0.719710731515978,-0.125286572506244));
#9012=CARTESIAN_POINT('',(-0.122987202495466,-0.704424528929602,-0.124495574307871));
#9013=CARTESIAN_POINT('',(-0.120052093281023,-0.709330784274626,-0.125879607353531));
#9014=CARTESIAN_POINT('',(-0.118064018471974,-0.714445799960605,-0.126174749682736));
#9015=CARTESIAN_POINT('',(-0.117051534885642,-0.719769575987539,-0.125519285792842));
#9016=CARTESIAN_POINT('',(-0.126746318113658,-0.716171870993353,-0.0801687596396635));
#9017=CARTESIAN_POINT('',(-0.113105806529445,-0.746054945317734,-0.0860399995868708));
#9018=CARTESIAN_POINT('',(-0.117051537447849,-0.7197695359927,-0.1255192954208));
#9019=CARTESIAN_POINT('',(-0.113076257146687,-0.740279083300567,-0.123063859580821));
#9020=CARTESIAN_POINT('',(-0.109162945939083,-0.760788630608434,-0.120532476127083));
#9021=CARTESIAN_POINT('',(-0.105313922523141,-0.781298177916301,-0.117927278068189));
#9022=CARTESIAN_POINT('',(-0.101761407518466,-0.746054945317734,-0.102241480422087));
#9023=CARTESIAN_POINT('',(-0.110408000418786,-0.794605787796364,-0.0667006270064097));
#9024=CARTESIAN_POINT('',(-0.108929624328928,-0.78782451292538,-0.0704502318770806));
#9025=CARTESIAN_POINT('',(-0.107464796803854,-0.7810314304882,-0.0741838242660996));
#9026=CARTESIAN_POINT('',(-0.106013566765188,-0.774226670823925,-0.0779013501518728));
#9027=CARTESIAN_POINT('',(-0.109610130950412,-0.795017638841081,-0.0671233760992474));
#9028=CARTESIAN_POINT('',(-0.109234528857979,-0.794604282097095,-0.0684887917354851));
#9029=CARTESIAN_POINT('',(-0.119983546897318,-0.796730988139877,-0.0720894843172604));
#9030=CARTESIAN_POINT('',(-0.124033291289197,-0.808760031224387,-0.0819059572928134));
#9031=CARTESIAN_POINT('',(-0.123457262167939,-0.817686907562007,-0.0836892287436628));
#9032=CARTESIAN_POINT('',(-0.121271919596662,-0.816942675035133,-0.0867088760162612));
#9033=CARTESIAN_POINT('',(-0.116019717183813,-0.814138543229009,-0.0955605173515527));
#9034=CARTESIAN_POINT('',(-0.116468847259203,-0.813792763175913,-0.0952688450384168));
#9035=CARTESIAN_POINT('',(-0.116938735159269,-0.813537454147668,-0.0948811704012118));
#9036=CARTESIAN_POINT('',(-0.117379474962907,-0.8133855701269,-0.0944463899074982));
#9037=CARTESIAN_POINT('',(-0.117816860490597,-0.813234842028318,-0.0940149183360575));
#9038=CARTESIAN_POINT('',(-0.11823763882597,-0.813176773516625,-0.0935289763074582));
#9039=CARTESIAN_POINT('',(-0.118625575181601,-0.813183364875739,-0.093029321712302));
#9040=CARTESIAN_POINT('',(-0.119353803609024,-0.813195738078232,-0.0920913774469507));
#9041=CARTESIAN_POINT('',(-0.119990994986307,-0.813424417815757,-0.0910826751475469));
#9042=CARTESIAN_POINT('',(-0.120552679975879,-0.813740064564071,-0.0900851350298974));
#9043=CARTESIAN_POINT('',(-0.121212451911935,-0.814110832646023,-0.0889133946648646));
#9044=CARTESIAN_POINT('',(-0.121782796794795,-0.814611706937055,-0.0877304088269386));
#9045=CARTESIAN_POINT('',(-0.122293192775904,-0.815170198089871,-0.0865585184583716));
#9046=CARTESIAN_POINT('',(-0.114764889808981,-0.812396633610859,-0.0983019620494394));
#9047=CARTESIAN_POINT('',(-0.105360655336044,-0.781650299964735,-0.117781727641551));
#9048=CARTESIAN_POINT('',(-0.108831473235486,-0.791691645974233,-0.111716343231438));
#9049=CARTESIAN_POINT('',(-0.111816138330007,-0.801732991983731,-0.105525234369637));
#9050=CARTESIAN_POINT('',(-0.114315895006196,-0.81177433799323,-0.0992818057579997));
#9051=CARTESIAN_POINT('',(-0.0999844055688876,-0.795066772201954,-0.089194637830339));
#9052=CARTESIAN_POINT('',(-0.112456047316417,-0.794513550009349,-0.0620371122219652));
#9053=CARTESIAN_POINT('',(-0.123329342583262,-0.796581359061194,-0.0672006717932883));
#9054=CARTESIAN_POINT('',(-0.132627015448875,-0.806293155904761,-0.066147682821319));
#9055=CARTESIAN_POINT('',(-0.136075971275088,-0.816772770426117,-0.0608924733978783));
#9056=CARTESIAN_POINT('',(-0.112458301121145,-0.794516684223753,-0.0620310741247494));
#9057=CARTESIAN_POINT('',(-0.136076033346993,-0.816773052669885,-0.0608923899686015));
#9058=CARTESIAN_POINT('',(-3.061515884556E-17,-0.816773182064668,0.));
#9059=CARTESIAN_POINT('',(-3.061515884556E-17,-0.794494908512526,0.));
#9060=CARTESIAN_POINT('',(-3.061515884556E-17,-0.819151328019374,0.));
#9061=CARTESIAN_POINT('',(-0.143138871549292,-0.811773493840444,-0.0493590967379341));
#9062=CARTESIAN_POINT('',(-0.147147912150593,-0.802320440147281,-0.0441052332864968));
#9063=CARTESIAN_POINT('',(-0.150983225854669,-0.792374414959912,-0.0384925991093983));
#9064=CARTESIAN_POINT('',(-0.154585278718052,-0.781935418278339,-0.0325114763655324));
#9065=CARTESIAN_POINT('',(-0.143139071237696,-0.811773487448376,-0.0493596328106704));
#9066=CARTESIAN_POINT('',(-0.136076074284237,-0.816773211194054,-0.0608923062605407));
#9067=CARTESIAN_POINT('',(-0.138951407426637,-0.814193102629055,-0.057412336658719));
#9068=CARTESIAN_POINT('',(-0.141892874237407,-0.811773383833075,-0.0529733315892838));
#9069=CARTESIAN_POINT('',(-0.14313948363358,-0.811772325760799,-0.0493597754196937));
#9070=CARTESIAN_POINT('',(-0.12005622478509,-0.774186385999759,-0.0526975101913418));
#9071=CARTESIAN_POINT('',(-0.11755316950094,-0.780961769355079,-0.0558353161226173));
#9072=CARTESIAN_POINT('',(-0.115054865498497,-0.787745076873402,-0.0589598017521864));
#9073=CARTESIAN_POINT('',(-0.112561363205832,-0.794536255736556,-0.0620709538530213));
#9074=CARTESIAN_POINT('',(-0.108694654864377,-0.803544252454601,-0.0660525216148841));
#9075=CARTESIAN_POINT('',(-0.111758823750987,-0.804136314239042,-0.0675485886619151));
#9076=CARTESIAN_POINT('',(-0.115043181218885,-0.805085212595734,-0.0684485228646611));
#9077=CARTESIAN_POINT('',(-0.118271624174157,-0.806311177349033,-0.068676670272501));
#9078=CARTESIAN_POINT('',(-0.121500067129429,-0.807537142102332,-0.068904817680342));
#9079=CARTESIAN_POINT('',(-0.12466942024669,-0.809038967458282,-0.0684609538995781));
#9080=CARTESIAN_POINT('',(-0.127513248398238,-0.81069040082978,-0.0673823928232151));
#9081=CARTESIAN_POINT('',(-0.130357076549786,-0.812341834201277,-0.066303831746852));
#9082=CARTESIAN_POINT('',(-0.132872582696973,-0.814141251325984,-0.0645916341904001));
#9083=CARTESIAN_POINT('',(-0.13484829807101,-0.815937382240069,-0.062389737909524));
#9084=CARTESIAN_POINT('',(-0.136824017356772,-0.817733516710319,-0.0601878372691069));
#9085=CARTESIAN_POINT('',(-0.138258000515292,-0.819524598370767,-0.0574984016422111));
#9086=CARTESIAN_POINT('',(-0.13902969762029,-0.821160057390414,-0.0545475221832265));
#9087=CARTESIAN_POINT('',(-0.114143848328201,-0.790330349571672,-0.0601556342685541));
#9088=CARTESIAN_POINT('',(-0.117336551038928,-0.79085744110439,-0.061658061011408));
#9089=CARTESIAN_POINT('',(-0.120762568687687,-0.79176318981605,-0.0625272302724521));
#9090=CARTESIAN_POINT('',(-0.124117490951896,-0.792966715214974,-0.0626855811237031));
#9091=CARTESIAN_POINT('',(-0.127472413216105,-0.794170240613899,-0.0628439319749541));
#9092=CARTESIAN_POINT('',(-0.130752555026865,-0.795670212645814,-0.062291281439357));
#9093=CARTESIAN_POINT('',(-0.133666343476287,-0.79733303608775,-0.0610763048468671));
#9094=CARTESIAN_POINT('',(-0.136580131925708,-0.798995859529686,-0.0598613282543781));
#9095=CARTESIAN_POINT('',(-0.139124361728143,-0.800819701802457,-0.057985349328034));
#9096=CARTESIAN_POINT('',(-0.141072589802702,-0.802642255337197,-0.0556146230843101));
#9097=CARTESIAN_POINT('',(-0.143020821734564,-0.804464812480416,-0.0532438921467791));
#9098=CARTESIAN_POINT('',(-0.1443708975758,-0.806284073920295,-0.0503810064808482));
#9099=CARTESIAN_POINT('',(-0.145002161435688,-0.807938158157063,-0.0472800666491473));
#9100=CARTESIAN_POINT('',(-0.119012014952009,-0.776999515028465,-0.053979518771759));
#9101=CARTESIAN_POINT('',(-0.122324732512319,-0.777459527981883,-0.055483766125526));
#9102=CARTESIAN_POINT('',(-0.125883722639581,-0.778319812308596,-0.056317819350319));
#9103=CARTESIAN_POINT('',(-0.129355113695926,-0.779499282357058,-0.0564031015086161));
#9104=CARTESIAN_POINT('',(-0.132826504752272,-0.78067875240552,-0.0564883836669131));
#9105=CARTESIAN_POINT('',(-0.136206035159513,-0.782175951554613,-0.0558247792187891));
#9106=CARTESIAN_POINT('',(-0.139176525076762,-0.783850149860723,-0.0544741092649071));
#9107=CARTESIAN_POINT('',(-0.142147014994011,-0.785524348166832,-0.053123439311026));
#9108=CARTESIAN_POINT('',(-0.144704811324671,-0.787373484673901,-0.0510873492675241));
#9109=CARTESIAN_POINT('',(-0.146609533268747,-0.789223899710258,-0.0485564411986791));
#9110=CARTESIAN_POINT('',(-0.148514258983986,-0.791074318410257,-0.0460255281188817));
#9111=CARTESIAN_POINT('',(-0.149763553561283,-0.792923740102779,-0.0430028921669133));
#9112=CARTESIAN_POINT('',(-0.150239457049292,-0.794598507755806,-0.0397719029857103));
#9113=CARTESIAN_POINT('',(-0.123357823942083,-0.763610400417719,-0.047586028854297));
#9114=CARTESIAN_POINT('',(-0.126784013284812,-0.764000902124446,-0.0490878417182241));
#9115=CARTESIAN_POINT('',(-0.130469196248176,-0.764813048149324,-0.0498827063022171));
#9116=CARTESIAN_POINT('',(-0.134049141734373,-0.765966568708964,-0.049892060862419));
#9117=CARTESIAN_POINT('',(-0.13762908722057,-0.767120089268604,-0.0499014154226211));
#9118=CARTESIAN_POINT('',(-0.141098890948228,-0.768613404118442,-0.049125247143922));
#9119=CARTESIAN_POINT('',(-0.144115609179291,-0.770298919037914,-0.047640269890203));
#9120=CARTESIAN_POINT('',(-0.147132327410354,-0.771984433957385,-0.046155292636484));
#9121=CARTESIAN_POINT('',(-0.14969182744641,-0.773859839905903,-0.0439635407253931));
#9122=CARTESIAN_POINT('',(-0.151541136906651,-0.77573977806296,-0.0412816395491091));
#9123=CARTESIAN_POINT('',(-0.153390450028344,-0.777619719942111,-0.038599733062921));
#9124=CARTESIAN_POINT('',(-0.154527036324028,-0.779501618650375,-0.0354313494070519));
#9125=CARTESIAN_POINT('',(-0.154838558840122,-0.78119947290855,-0.032089642117594));
#9126=CARTESIAN_POINT('',(-0.154961072460591,-0.78043500422285,-0.0323256409674902));
#9127=CARTESIAN_POINT('',(-0.159080766219771,-0.760220074664037,-0.0343300549595578));
#9128=CARTESIAN_POINT('',(-0.163169533054106,-0.740005145105224,-0.0364244214445459));
#9129=CARTESIAN_POINT('',(-0.167224492728105,-0.719790215546411,-0.0386078377566688));
#9130=CARTESIAN_POINT('',(-0.129556220102491,-0.746264945390062,-0.0542286065815116));
#9131=CARTESIAN_POINT('',(-0.134862252300216,-0.714295540429587,-0.0545153773365716));
#9132=CARTESIAN_POINT('',(-0.134774175827741,-0.714893203547896,-0.0566150177825271));
#9133=CARTESIAN_POINT('',(-0.146557886991745,-0.717911695024049,-0.0631051952752564));
#9134=CARTESIAN_POINT('',(-0.163765470371674,-0.720403779901959,-0.052432182208695));
#9135=CARTESIAN_POINT('',(-0.163643024748763,-0.719069061512128,-0.0387101897380408));
#9136=CARTESIAN_POINT('',(-0.137914914579226,-0.746264945390062,-0.0363033284297287));
#9137=CARTESIAN_POINT('',(-0.169239035227692,-0.704424528928398,-0.0445287036562083));
#9138=CARTESIAN_POINT('',(-0.164983094413748,-0.704424528928398,-0.0592377126278876));
#9139=CARTESIAN_POINT('',(-0.154769527140945,-0.704424528928398,-0.0675296725560134));
#9140=CARTESIAN_POINT('',(-0.138598333409284,-0.704424528928398,-0.0694045834405857));
#9141=CARTESIAN_POINT('',(-0.138595502008694,-0.703747341872899,-0.0693801624785838));
#9142=CARTESIAN_POINT('',(-0.138467791533539,-0.704424539241128,-0.0694020735438788));
#9143=CARTESIAN_POINT('',(-0.137484574292544,-0.70443168928144,-0.0634503259791402));
#9144=CARTESIAN_POINT('',(-0.136341959390296,-0.708703130716318,-0.0578404078020712));
#9145=CARTESIAN_POINT('',(-0.133413994907638,-0.713667436574181,-0.0560591841557206));
#9146=CARTESIAN_POINT('',(-0.131174855334854,-0.718020382518685,-0.0683438154393744));
#9147=CARTESIAN_POINT('',(0.118237094035649,-0.719742980227817,-0.123636613205409));
#9148=CARTESIAN_POINT('',(0.133185136634831,-0.720868383167994,-0.109935893385865));
#9149=CARTESIAN_POINT('',(0.127443732186871,-0.71739042269447,-0.097100837385559));
#9150=CARTESIAN_POINT('',(0.113059280076847,-0.714669041337314,-0.0910587522197734));
#9151=CARTESIAN_POINT('',(0.118477275467077,-0.719845850617361,-0.123907110883385));
#9152=CARTESIAN_POINT('',(0.113897926022164,-0.714539893581053,-0.0891203482213187));
#9153=CARTESIAN_POINT('',(0.129275515919796,-0.704424767122798,-0.0852386645937903));
#9154=CARTESIAN_POINT('',(0.123377774914,-0.704460501515973,-0.0874292588607862));
#9155=CARTESIAN_POINT('',(0.117755000430666,-0.709140601120136,-0.0892271602368069));
#9156=CARTESIAN_POINT('',(0.114795064678943,-0.714317663843162,-0.087222133786001));
#9157=CARTESIAN_POINT('',(0.129077768056098,-0.702939585182585,-0.086349173391759));
#9158=CARTESIAN_POINT('',(0.122835294758404,-0.704424528928398,-0.124302872831788));
#9159=CARTESIAN_POINT('',(0.123983768564457,-0.704424528928398,-0.123397518304973));
#9160=CARTESIAN_POINT('',(0.125054628020538,-0.704424528928398,-0.122384717264478));
#9161=CARTESIAN_POINT('',(0.126025073058383,-0.704424528928398,-0.121290690148299));
#9162=CARTESIAN_POINT('',(0.127865558599293,-0.704424528928398,-0.119215826544317));
#9163=CARTESIAN_POINT('',(0.129377144085059,-0.704424528928398,-0.116802113420608));
#9164=CARTESIAN_POINT('',(0.130451066112314,-0.704424528928398,-0.114244939691507));
#9165=CARTESIAN_POINT('',(0.131517505197685,-0.704424528928398,-0.111705583999392));
#9166=CARTESIAN_POINT('',(0.132187263254793,-0.704424528928398,-0.10895480573339));
#9167=CARTESIAN_POINT('',(0.132360869396067,-0.704424528928398,-0.106206082291209));
#9168=CARTESIAN_POINT('',(0.132493468282448,-0.704424528928398,-0.104106630827513));
#9169=CARTESIAN_POINT('',(0.132343454655867,-0.704424528928398,-0.101953109553877));
#9170=CARTESIAN_POINT('',(0.131804139296859,-0.704424528928398,-0.0999197827585429));
#9171=CARTESIAN_POINT('',(0.13147906396738,-0.704424528928398,-0.0986941837339828));
#9172=CARTESIAN_POINT('',(0.131002299575143,-0.704424528928398,-0.0974925122040918));
#9173=CARTESIAN_POINT('',(0.130352312982741,-0.704424528928398,-0.0964038045442785));
#9174=CARTESIAN_POINT('',(0.12959146434023,-0.704424528928398,-0.0951294063416951));
#9175=CARTESIAN_POINT('',(0.128555173799742,-0.704424528928398,-0.0939878908427019));
#9176=CARTESIAN_POINT('',(0.127363167191126,-0.704424528928398,-0.0931035257141634));
#9177=CARTESIAN_POINT('',(0.12689012631862,-0.704424528928398,-0.092752570569289));
#9178=CARTESIAN_POINT('',(0.12639051911747,-0.704424528928398,-0.0924356263922403));
#9179=CARTESIAN_POINT('',(0.125874864041915,-0.704424528928398,-0.0921509563660164));
#9180=CARTESIAN_POINT('',(0.117050824391189,-0.71977331272949,-0.125518825571052));
#9181=CARTESIAN_POINT('',(0.118063094172858,-0.714448193426146,-0.126174892938463));
#9182=CARTESIAN_POINT('',(0.120051406572449,-0.709331932159517,-0.125879931166826));
#9183=CARTESIAN_POINT('',(0.122987202495466,-0.704424528929601,-0.124495574307872));
#9184=CARTESIAN_POINT('',(0.126746317708474,-0.716171871118999,-0.0801687596921053));
#9185=CARTESIAN_POINT('',(0.105287828846941,-0.781434025988118,-0.117910556865684));
#9186=CARTESIAN_POINT('',(0.109144956413479,-0.76088080813779,-0.120521464167092));
#9187=CARTESIAN_POINT('',(0.113066665013906,-0.740327590287463,-0.123058227046115));
#9188=CARTESIAN_POINT('',(0.117050620000524,-0.719774372437135,-0.125518697760984));
#9189=CARTESIAN_POINT('',(0.113105807490647,-0.746054940824748,-0.0860400002599125));
#9190=CARTESIAN_POINT('',(0.101761408479668,-0.746054940824748,-0.102241481095129));
#9191=CARTESIAN_POINT('',(0.114315895004265,-0.811774338028147,-0.0992818057485214));
#9192=CARTESIAN_POINT('',(0.111742709692694,-0.802218256563157,-0.105447156372567));
#9193=CARTESIAN_POINT('',(0.108763204908399,-0.792158265492969,-0.111642176608358));
#9194=CARTESIAN_POINT('',(0.105337917217157,-0.781594364817585,-0.117818552459908));
#9195=CARTESIAN_POINT('',(0.114316135884763,-0.811774504202302,-0.0992817557570801));
#9196=CARTESIAN_POINT('',(0.120774224703915,-0.816773182064668,-0.087396576886418));
#9197=CARTESIAN_POINT('',(0.119122709018961,-0.814063199338356,-0.0918343896013867));
#9198=CARTESIAN_POINT('',(0.117221284406289,-0.811774546688018,-0.095936377465272));
#9199=CARTESIAN_POINT('',(0.11431591743312,-0.811774528928491,-0.0992817159471519));
#9200=CARTESIAN_POINT('',(0.120774224799701,-0.816773181859062,-0.0873965772282229));
#9201=CARTESIAN_POINT('',(0.120774226078995,-0.81677318303699,-0.0873965751446708));
#9202=CARTESIAN_POINT('',(0.124986468879735,-0.801056652368574,-0.0790137981465814));
#9203=CARTESIAN_POINT('',(0.119331590154298,-0.796527237299332,-0.0728414328882601));
#9204=CARTESIAN_POINT('',(0.110052141364714,-0.794534381600484,-0.066439093046569));
#9205=CARTESIAN_POINT('',(0.111297595441596,-0.794531847310779,-0.0642616650391151));
#9206=CARTESIAN_POINT('',(0.105665996508882,-0.774187193341552,-0.0776228181249739));
#9207=CARTESIAN_POINT('',(0.107209870704195,-0.781323074655794,-0.0736873816085571));
#9208=CARTESIAN_POINT('',(0.108743584105365,-0.78846774582642,-0.069763897104159));
#9209=CARTESIAN_POINT('',(0.110267152792675,-0.795621145142507,-0.0658524233516826));
#9210=CARTESIAN_POINT('',(0.111752197251063,-0.803587229423608,-0.0612432879832321));
#9211=CARTESIAN_POINT('',(0.133743016395387,-0.808354417289445,-0.0763439326451621));
#9212=CARTESIAN_POINT('',(0.116754401528799,-0.821160047323647,-0.09312947643541));
#9213=CARTESIAN_POINT('',(0.109374600707153,-0.790367096444907,-0.0689195994130401));
#9214=CARTESIAN_POINT('',(0.132303237231089,-0.794346869876066,-0.08542772292191));
#9215=CARTESIAN_POINT('',(0.113446460419524,-0.807936656602392,-0.101936503143357));
#9216=CARTESIAN_POINT('',(0.106464600677391,-0.777032846701885,-0.0762302363738951));
#9217=CARTESIAN_POINT('',(0.130337776230449,-0.780564156296635,-0.0939063185282311));
#9218=CARTESIAN_POINT('',(0.109563111462839,-0.794598157395242,-0.110225421709864));
#9219=CARTESIAN_POINT('',(0.103104515240749,-0.763639058479651,-0.0831975932025711));
#9220=CARTESIAN_POINT('',(0.128018786820519,-0.767056636084897,-0.101884089698823));
#9221=CARTESIAN_POINT('',(0.10520974089657,-0.781199462685079,-0.118049292949609));
#9222=CARTESIAN_POINT('',(0.136075971278376,-0.81677277042606,-0.0608924733905169));
#9223=CARTESIAN_POINT('',(0.132616934227232,-0.806262524189966,-0.0661630436752967));
#9224=CARTESIAN_POINT('',(0.124808781201518,-0.796813401005203,-0.067903763984337));
#9225=CARTESIAN_POINT('',(0.112377937433838,-0.794498851059596,-0.0620000174689463));
#9226=CARTESIAN_POINT('',(0.136076033349391,-0.8167730526705,-0.0608923899625153));
#9227=CARTESIAN_POINT('',(-3.061515884556E-17,-0.816773182064668,0.));
#9228=CARTESIAN_POINT('',(-3.061515884556E-17,-0.819151328019374,0.));
#9229=CARTESIAN_POINT('',(0.112560182433632,-0.794532068525826,-0.0620750286818546));
#9230=CARTESIAN_POINT('',(0.115066775377178,-0.787763350042528,-0.0589271282697051));
#9231=CARTESIAN_POINT('',(0.117566301838156,-0.780982868684887,-0.0557988939152479));
#9232=CARTESIAN_POINT('',(0.120058739619295,-0.774190754062536,-0.0526903946053594));
#9233=CARTESIAN_POINT('',(0.143139191162871,-0.811772326471349,-0.0493606225373433));
#9234=CARTESIAN_POINT('',(0.141892537339839,-0.811773742774931,-0.0529737257327877));
#9235=CARTESIAN_POINT('',(0.138951490710755,-0.814193027904278,-0.0574122358515034));
#9236=CARTESIAN_POINT('',(0.136076074286606,-0.816773211194895,-0.0608923062542856));
#9237=CARTESIAN_POINT('',(0.143138779007695,-0.811773487646567,-0.0493604798734697));
#9238=CARTESIAN_POINT('',(0.154679987220028,-0.78166067634357,-0.0323540405673327));
#9239=CARTESIAN_POINT('',(0.151050383455176,-0.792200244194133,-0.0383943027904341));
#9240=CARTESIAN_POINT('',(0.147182877298289,-0.802238029549956,-0.0440594336129945));
#9241=CARTESIAN_POINT('',(0.143138643145909,-0.811774032411041,-0.0493593960531183));
#9242=CARTESIAN_POINT('',(0.139029697754307,-0.821160057099944,-0.0545475220164098));
#9243=CARTESIAN_POINT('',(0.138258000653065,-0.819524598079923,-0.0574984014774069));
#9244=CARTESIAN_POINT('',(0.136824017497535,-0.817733516419004,-0.0601878371070604));
#9245=CARTESIAN_POINT('',(0.134848298213816,-0.815937381948316,-0.0623897377506121));
#9246=CARTESIAN_POINT('',(0.132872582841834,-0.814141251033804,-0.0645916340346101));
#9247=CARTESIAN_POINT('',(0.130357076695763,-0.812341833908706,-0.0663038315945611));
#9248=CARTESIAN_POINT('',(0.127513248544421,-0.810690400536973,-0.067382392674424));
#9249=CARTESIAN_POINT('',(0.124669420393078,-0.80903896716524,-0.0684609537542881));
#9250=CARTESIAN_POINT('',(0.121500067275116,-0.807537141809213,-0.0689048175385471));
#9251=CARTESIAN_POINT('',(0.11827162431845,-0.806311177056076,-0.068676670133882));
#9252=CARTESIAN_POINT('',(0.115043181361784,-0.805085212302939,-0.0684485227292171));
#9253=CARTESIAN_POINT('',(0.111758823891804,-0.804136313946648,-0.0675485885293231));
#9254=CARTESIAN_POINT('',(0.10869465500276,-0.80354425216286,-0.0660525214846261));
#9255=CARTESIAN_POINT('',(0.145002154389228,-0.807938173739489,-0.047280075200259));
#9256=CARTESIAN_POINT('',(0.144370890364874,-0.806284089524833,-0.0503810148530036));
#9257=CARTESIAN_POINT('',(0.143020814426528,-0.804464828118493,-0.053243900312813));
#9258=CARTESIAN_POINT('',(0.141072582464494,-0.802642271006729,-0.0556146310504261));
#9259=CARTESIAN_POINT('',(0.139124354359773,-0.800819717503455,-0.0579853570942181));
#9260=CARTESIAN_POINT('',(0.136580124593869,-0.798995875259778,-0.05986133582735));
#9261=CARTESIAN_POINT('',(0.133666336229566,-0.797333051831372,-0.0610763122597911));
#9262=CARTESIAN_POINT('',(0.130752547865263,-0.795670228402965,-0.0622912886922331));
#9263=CARTESIAN_POINT('',(0.127472406187721,-0.794170256368767,-0.062843939101257));
#9264=CARTESIAN_POINT('',(0.124117484074708,-0.792966730942967,-0.0626855881701791));
#9265=CARTESIAN_POINT('',(0.120762561961694,-0.791763205517167,-0.0625272372391));
#9266=CARTESIAN_POINT('',(0.117336544481498,-0.790857456753891,-0.0616580679450181));
#9267=CARTESIAN_POINT('',(0.114143841922928,-0.790330365143483,-0.060155641213303));
#9268=CARTESIAN_POINT('',(0.150239454517405,-0.794598515155664,-0.0397719072129378));
#9269=CARTESIAN_POINT('',(0.149763550939472,-0.792923747515796,-0.0430028963308274));
#9270=CARTESIAN_POINT('',(0.148514256301725,-0.791074325841836,-0.0460255322004722));
#9271=CARTESIAN_POINT('',(0.146609530558309,-0.789223907158718,-0.0485564451959041));
#9272=CARTESIAN_POINT('',(0.14470480858607,-0.787373492139253,-0.051087353180368));
#9273=CARTESIAN_POINT('',(0.14214701225942,-0.785524355647223,-0.0531234431377811));
#9274=CARTESIAN_POINT('',(0.139176522370824,-0.783850157347574,-0.054474113018489));
#9275=CARTESIAN_POINT('',(0.136206032482228,-0.782175959047925,-0.0558247828991981));
#9276=CARTESIAN_POINT('',(0.132826502128005,-0.780678759896575,-0.0564883872872821));
#9277=CARTESIAN_POINT('',(0.129355111134129,-0.779499289833184,-0.056403105090188));
#9278=CARTESIAN_POINT('',(0.125883720140254,-0.778319819769793,-0.056317822893094));
#9279=CARTESIAN_POINT('',(0.122324730084545,-0.777459535415408,-0.0554837696507991));
#9280=CARTESIAN_POINT('',(0.119012012587518,-0.776999522422032,-0.053979522300356));
#9281=CARTESIAN_POINT('',(0.15483855888133,-0.781199472800796,-0.0320896420354392));
#9282=CARTESIAN_POINT('',(0.154527036367427,-0.779501618543138,-0.0354313493230429));
#9283=CARTESIAN_POINT('',(0.153390450074755,-0.777619719835593,-0.0385997329777205));
#9284=CARTESIAN_POINT('',(0.151541136956477,-0.775739777957095,-0.041281639463829));
#9285=CARTESIAN_POINT('',(0.149691827499663,-0.773859839800703,-0.0439635406400191));
#9286=CARTESIAN_POINT('',(0.147132327467437,-0.771984433852775,-0.0461552925521411));
#9287=CARTESIAN_POINT('',(0.144115609239956,-0.770298918933564,-0.0476402698081511));
#9288=CARTESIAN_POINT('',(0.141098891012475,-0.768613404014353,-0.0491252470641601));
#9289=CARTESIAN_POINT('',(0.137629087288136,-0.767120089164438,-0.04990141534641));
#9290=CARTESIAN_POINT('',(0.1340491418043,-0.765966568604234,-0.0498920607907491));
#9291=CARTESIAN_POINT('',(0.130469196320464,-0.76481304804403,-0.0498827062350891));
#9292=CARTESIAN_POINT('',(0.126784013358487,-0.764000902018097,-0.0490878416566231));
#9293=CARTESIAN_POINT('',(0.123357824015642,-0.763610400309842,-0.0475860287985761));
#9294=CARTESIAN_POINT('',(0.124295575841268,-0.772042729949057,-0.0517755278758506));
#9295=CARTESIAN_POINT('',(0.134410609334661,-0.713154774463401,-0.0544824358050506));
#9296=CARTESIAN_POINT('',(0.168679153668679,-0.711531912658498,-0.0403502114774226));
#9297=CARTESIAN_POINT('',(0.164010644030782,-0.73484962756472,-0.0378416115002453));
#9298=CARTESIAN_POINT('',(0.159298806680045,-0.758167342470941,-0.0354460185867738));
#9299=CARTESIAN_POINT('',(0.154547672345231,-0.781485057377163,-0.0331647108021669));
#9300=CARTESIAN_POINT('',(0.1619680539803,-0.716329570058569,-0.0485850927273981));
#9301=CARTESIAN_POINT('',(0.161870638016699,-0.715655066059584,-0.0490938290574964));
#9302=CARTESIAN_POINT('',(0.161713420552256,-0.715019525287869,-0.0496554053903125));
#9303=CARTESIAN_POINT('',(0.161475370765153,-0.714460925334233,-0.0502508519108581));
#9304=CARTESIAN_POINT('',(0.161140180585207,-0.713674378867397,-0.0510892808327997));
#9305=CARTESIAN_POINT('',(0.160625655390398,-0.713031517997903,-0.0520170158646028));
#9306=CARTESIAN_POINT('',(0.159966813553624,-0.712555017210476,-0.0528961320640147));
#9307=CARTESIAN_POINT('',(0.159208298136838,-0.712006428500408,-0.0539082462819955));
#9308=CARTESIAN_POINT('',(0.158246665480063,-0.711642630182961,-0.0548806452346691));
#9309=CARTESIAN_POINT('',(0.15718639369179,-0.711360744237952,-0.0557155311248078));
#9310=CARTESIAN_POINT('',(0.155652200917852,-0.710952860726676,-0.0569235948626923));
#9311=CARTESIAN_POINT('',(0.153864824397826,-0.710690884986331,-0.0578914174840492));
#9312=CARTESIAN_POINT('',(0.152004364685988,-0.710410453769129,-0.0585544276002696));
#9313=CARTESIAN_POINT('',(0.15009524761098,-0.710122688319697,-0.0592347776910159));
#9314=CARTESIAN_POINT('',(0.148055851733011,-0.709815297822624,-0.059614751255381));
#9315=CARTESIAN_POINT('',(0.146048574582967,-0.709418455314863,-0.059676132627917));
#9316=CARTESIAN_POINT('',(0.143880303718733,-0.708989784043809,-0.0597424370949776));
#9317=CARTESIAN_POINT('',(0.141689058501677,-0.708443565614879,-0.0594352566582184));
#9318=CARTESIAN_POINT('',(0.13968666415706,-0.70775903405119,-0.0587938618432809));
#9319=CARTESIAN_POINT('',(0.138439391832756,-0.707332645874057,-0.058394343135203));
#9320=CARTESIAN_POINT('',(0.137245551340763,-0.70684783843288,-0.057861740837199));
#9321=CARTESIAN_POINT('',(0.136149771375563,-0.706312908261112,-0.0572212517226333));
#9322=CARTESIAN_POINT('',(0.137914914015762,-0.746264949818516,-0.0363033281669804));
#9323=CARTESIAN_POINT('',(0.141578995542803,-0.704424528928398,-0.0655773976295022));
#9324=CARTESIAN_POINT('',(0.142313976442448,-0.704424528928398,-0.0660080355530614));
#9325=CARTESIAN_POINT('',(0.143129816962407,-0.704424528928398,-0.0663273905145458));
#9326=CARTESIAN_POINT('',(0.143965963367918,-0.704424528928398,-0.066490194484405));
#9327=CARTESIAN_POINT('',(0.144800952382298,-0.704424528928398,-0.0666527731015396));
#9328=CARTESIAN_POINT('',(0.145670035111563,-0.704424528928398,-0.0666686986737127));
#9329=CARTESIAN_POINT('',(0.146516308092362,-0.704424528928398,-0.0665823244712208));
#9330=CARTESIAN_POINT('',(0.148048826358918,-0.704424528928398,-0.0664259091701517));
#9331=CARTESIAN_POINT('',(0.149553381643534,-0.704424528928398,-0.0659555525690656));
#9332=CARTESIAN_POINT('',(0.150971459578379,-0.704424528928398,-0.0653537777320679));
#9333=CARTESIAN_POINT('',(0.153599167147393,-0.704424528928398,-0.0642386850737836));
#9334=CARTESIAN_POINT('',(0.156039859473276,-0.704424528928398,-0.0626216855061255));
#9335=CARTESIAN_POINT('',(0.158184465942563,-0.704424528928398,-0.0607378219769111));
#9336=CARTESIAN_POINT('',(0.160439429300961,-0.704424528928398,-0.0587570188358987));
#9337=CARTESIAN_POINT('',(0.162418470209186,-0.704424528928398,-0.056406823008613));
#9338=CARTESIAN_POINT('',(0.163966832466381,-0.704424528928398,-0.0538356335656402));
#9339=CARTESIAN_POINT('',(0.165520981305581,-0.704424528928398,-0.051254835002779));
#9340=CARTESIAN_POINT('',(0.166676098175481,-0.704424528928398,-0.0483817496981612));
#9341=CARTESIAN_POINT('',(0.167297753751991,-0.704424528928398,-0.0454339633794733));
#9342=CARTESIAN_POINT('',(0.167426931563781,-0.704424528928398,-0.0448214238951334));
#9343=CARTESIAN_POINT('',(0.167534029644107,-0.704424528928398,-0.0442037951330843));
#9344=CARTESIAN_POINT('',(0.167618210352762,-0.704424528928398,-0.0435834684971702));
#9345=CARTESIAN_POINT('',(0.138243891462069,-0.704022670933063,-0.0674107425776712));
#9346=CARTESIAN_POINT('',(0.133092311756256,-0.714060851769886,-0.0558848123113883));
#9347=CARTESIAN_POINT('',(0.135887337295948,-0.709484759329744,-0.0573719020716547));
#9348=CARTESIAN_POINT('',(0.137186187945084,-0.705285978127299,-0.0620675492390123));
#9349=CARTESIAN_POINT('',(0.138141301990925,-0.704553348296469,-0.0675003419309672));
#9350=CARTESIAN_POINT('',(0.13117485605637,-0.718020381505658,-0.0683438162711063));
#9351=CARTESIAN_POINT('',(-0.0091164865128779,-0.704424528928398,0.154628702504816));
#9352=CARTESIAN_POINT('',(-0.0176435547871778,-0.704424528928398,0.166476736878782));
#9353=CARTESIAN_POINT('',(-0.0326179545329429,-0.704424528928398,0.172388358510482));
#9354=CARTESIAN_POINT('',(-0.0460465724075728,-0.704424528928398,0.168832294023073));
#9355=CARTESIAN_POINT('',(-0.00911648651285388,-0.704424529565586,0.154628702504816));
#9356=CARTESIAN_POINT('',(-0.0181340586404428,-0.714411732028297,0.142962985057284));
#9357=CARTESIAN_POINT('',(-0.0184481794992206,-0.709746865506754,0.146621896243109));
#9358=CARTESIAN_POINT('',(-0.0155938699456705,-0.704424528928352,0.154704854485317));
#9359=CARTESIAN_POINT('',(-0.00911648651280602,-0.704424528928398,0.154628702504819));
#9360=CARTESIAN_POINT('',(-0.0183066053697267,-0.714432914449834,0.142975172254237));
#9361=CARTESIAN_POINT('',(-0.0181364877301535,-0.714432955265579,0.14299031661204));
#9362=CARTESIAN_POINT('',(-0.0207422292725507,-0.721030806692892,0.172243013332394));
#9363=CARTESIAN_POINT('',(-0.0497364752142811,-0.719809715761794,0.164250239279279));
#9364=CARTESIAN_POINT('',(-0.0492995317263024,-0.719457946204168,0.162718943103692));
#9365=CARTESIAN_POINT('',(-0.046322760930497,-0.704424588126735,0.168757806535625));
#9366=CARTESIAN_POINT('',(-0.0488909028712965,-0.709150490040052,0.166975947483509));
#9367=CARTESIAN_POINT('',(-0.050242025717274,-0.714384741321542,0.165346777427047));
#9368=CARTESIAN_POINT('',(-0.0501769227298973,-0.719786529156323,0.164125411156697));
#9369=CARTESIAN_POINT('',(-0.00901992463824999,-0.704424990050211,0.154626843554951));
#9370=CARTESIAN_POINT('',(-0.0101175719069499,-0.70443130104977,0.174705904122599));
#9371=CARTESIAN_POINT('',(-0.0101649248818558,-0.684791829480713,0.179025910698807));
#9372=CARTESIAN_POINT('',(-0.00969295283354994,-0.704418566073709,0.154644737719323));
#9373=CARTESIAN_POINT('',(-0.011384469573367,-0.704375249087415,0.174643317738208));
#9374=CARTESIAN_POINT('',(-0.0128723293448477,-0.684769347054385,0.178877135225226));
#9375=CARTESIAN_POINT('',(-0.010362940267096,-0.704479515615967,0.154557433940094));
#9376=CARTESIAN_POINT('',(-0.0126697437576334,-0.70450903005871,0.17453977660273));
#9377=CARTESIAN_POINT('',(-0.0155947155179717,-0.684982668990429,0.178613175500203));
#9378=CARTESIAN_POINT('',(-0.0116666551653435,-0.704739318914091,0.154173068253201));
#9379=CARTESIAN_POINT('',(-0.015130353560691,-0.705150143472589,0.174265978949881));
#9380=CARTESIAN_POINT('',(-0.0209488194708376,-0.685891981011394,0.177863442384652));
#9381=CARTESIAN_POINT('',(-0.0122824282686075,-0.704933497367771,0.153883109319466));
#9382=CARTESIAN_POINT('',(-0.0162787219613075,-0.705649247937638,0.174099249088012));
#9383=CARTESIAN_POINT('',(-0.0235065375868699,-0.686571605978105,0.177389981499211));
#9384=CARTESIAN_POINT('',(-0.0134482432025851,-0.705442380956376,0.153135293257484));
#9385=CARTESIAN_POINT('',(-0.0183549022845398,-0.706932743145584,0.173739667560048));
#9386=CARTESIAN_POINT('',(-0.0284039072430639,-0.688352699483259,0.176275567480512));
#9387=CARTESIAN_POINT('',(-0.0140042713358068,-0.705762231691247,0.152670111168109));
#9388=CARTESIAN_POINT('',(-0.0192949928311392,-0.707736766862953,0.173543178380313));
#9389=CARTESIAN_POINT('',(-0.0307696718654815,-0.689472177634052,0.175625073525811));
#9390=CARTESIAN_POINT('',(-0.0150123312373049,-0.706499993130323,0.151627874495778));
#9391=CARTESIAN_POINT('',(-0.0208484548946883,-0.709508810313549,0.17317456114105));
#9392=CARTESIAN_POINT('',(-0.0351155117676847,-0.692054343871564,0.174229255915936));
#9393=CARTESIAN_POINT('',(-0.0154661909941875,-0.706916364457348,0.151052764268031));
#9394=CARTESIAN_POINT('',(-0.0214653462770846,-0.710480603586959,0.173002116891399));
#9395=CARTESIAN_POINT('',(-0.0371023866683385,-0.693511644141068,0.17348558861527));
#9396=CARTESIAN_POINT('',(-0.016280883924264,-0.707841672321586,0.149824361827374));
#9397=CARTESIAN_POINT('',(-0.0223835727812927,-0.712496126116653,0.172713982488399));
#9398=CARTESIAN_POINT('',(-0.0407263658841732,-0.696750222842349,0.171939545697222));
#9399=CARTESIAN_POINT('',(-0.0166428279069011,-0.708355093967121,0.149165987441996));
#9400=CARTESIAN_POINT('',(-0.0226767570791265,-0.713550797544371,0.172599607388925));
#9401=CARTESIAN_POINT('',(-0.0423694141616336,-0.698547199158832,0.17113140535927));
#9402=CARTESIAN_POINT('',(-0.0172469641584875,-0.709434612058013,0.147851086744225));
#9403=CARTESIAN_POINT('',(-0.0229419932099767,-0.715555511608986,0.172457486328959));
#9404=CARTESIAN_POINT('',(-0.0451761917651988,-0.702325513368972,0.169552894283935));
#9405=CARTESIAN_POINT('',(-0.0174937627820264,-0.710004701109535,0.147188768181141));
#9406=CARTESIAN_POINT('',(-0.0229130148598909,-0.716514283694475,0.172429943279724));
#9407=CARTESIAN_POINT('',(-0.0463600666538937,-0.704320825393227,0.168775001218345));
#9408=CARTESIAN_POINT('',(-0.0178781856787581,-0.711208171980046,0.145878463700822));
#9409=CARTESIAN_POINT('',(-0.0226036893573813,-0.718262351452519,0.172452606441073));
#9410=CARTESIAN_POINT('',(-0.0482873491487405,-0.708532973847605,0.167270555284178));
#9411=CARTESIAN_POINT('',(-0.0180130842638576,-0.711837576138201,0.14523595039745));
#9412=CARTESIAN_POINT('',(-0.0223168080202573,-0.719035440596807,0.172505227585406));
#9413=CARTESIAN_POINT('',(-0.0490182323706949,-0.710735888459605,0.166550688287781));
#9414=CARTESIAN_POINT('',(-0.0181623074055911,-0.713110894543397,0.144036474656906));
#9415=CARTESIAN_POINT('',(-0.0216080150055497,-0.720301047641383,0.172646046340684));
#9416=CARTESIAN_POINT('',(-0.0499720538525606,-0.715192502693997,0.165244126437954));
#9417=CARTESIAN_POINT('',(-0.0181786868160407,-0.713760613849926,0.143472994986828));
#9418=CARTESIAN_POINT('',(-0.0211827622272405,-0.720793910070038,0.172734737217721));
#9419=CARTESIAN_POINT('',(-0.0502051601524237,-0.717466528276977,0.16464988844516));
#9420=CARTESIAN_POINT('',(-0.0181331885316426,-0.714424526962877,0.142952945720992));
#9421=CARTESIAN_POINT('',(-0.0207451910347044,-0.72115739911723,0.17280839735675));
#9422=CARTESIAN_POINT('',(-0.0501768780815891,-0.719790215546411,0.164124577715839));
#9423=CARTESIAN_POINT('',(-0.0178439597035417,-0.746172033671832,0.139647045088352));
#9424=CARTESIAN_POINT('',(-0.0501768780815892,-0.719790215546411,0.164124577715839));
#9425=CARTESIAN_POINT('',(-0.0500380337604932,-0.740339403479569,0.159445053120551));
#9426=CARTESIAN_POINT('',(-0.0498020311194326,-0.760888591412727,0.154781284034094));
#9427=CARTESIAN_POINT('',(-0.0494695624665156,-0.781437779345885,0.150136364519491));
#9428=CARTESIAN_POINT('',(-0.0375470531912552,-0.746172033671832,0.137923247771786));
#9429=CARTESIAN_POINT('',(-0.00252153937779298,-0.794532068555513,0.12851749178563));
#9430=CARTESIAN_POINT('',(-0.00650105497387667,-0.787763252514809,0.129114323343756));
#9431=CARTESIAN_POINT('',(-0.0104600054022266,-0.78098267324448,0.129714868289454));
#9432=CARTESIAN_POINT('',(-0.014398319816564,-0.774190460360115,0.130319141893417));
#9433=CARTESIAN_POINT('',(3.43672219372052E-6,-0.794531847336778,0.128517377620004));
#9434=CARTESIAN_POINT('',(-0.00249607580197885,-0.79449846255923,0.128322170307848));
#9435=CARTESIAN_POINT('',(-0.00349559550269324,-0.796853957220162,0.141960511234006));
#9436=CARTESIAN_POINT('',(-0.00842332310095129,-0.805283520762666,0.147897592113754));
#9437=CARTESIAN_POINT('',(-0.0153035567705013,-0.81677277042606,0.14829148466834));
#9438=CARTESIAN_POINT('',(-0.0153036600590607,-0.816773052669576,0.148291496709611));
#9439=CARTESIAN_POINT('',(-0.0288220425021653,-0.811772326471349,0.148642487095845));
#9440=CARTESIAN_POINT('',(-0.0250696764193502,-0.811773742774936,0.149369404816096));
#9441=CARTESIAN_POINT('',(-0.0197552906483405,-0.814193027879789,0.149041638783859));
#9442=CARTESIAN_POINT('',(-0.015303753020942,-0.816773211193676,0.148291490308322));
#9443=CARTESIAN_POINT('',(-0.0288219599751162,-0.811773487646567,0.148642058827056));
#9444=CARTESIAN_POINT('',(-0.0494695623661704,-0.781437779318219,0.150136364558956));
#9445=CARTESIAN_POINT('',(-0.0423712547495156,-0.792058623161469,0.150017894019556));
#9446=CARTESIAN_POINT('',(-0.0354816487185149,-0.80217052806747,0.149499847179345));
#9447=CARTESIAN_POINT('',(-0.028823203954102,-0.811773494036223,0.148641447382558));
#9448=CARTESIAN_POINT('',(-0.0222753090848648,-0.821160057099182,0.147677011145975));
#9449=CARTESIAN_POINT('',(-0.0193339239573166,-0.819524598079653,0.148484141582431));
#9450=CARTESIAN_POINT('',(-0.0162878128022998,-0.817733516419241,0.148586993555678));
#9451=CARTESIAN_POINT('',(-0.013393051266446,-0.815937381949017,0.147976920786792));
#9452=CARTESIAN_POINT('',(-0.0104982954619446,-0.814141251034969,0.147366849225792));
#9453=CARTESIAN_POINT('',(-0.00775773580568188,-0.812341833910292,0.146044455779756));
#9454=CARTESIAN_POINT('',(-0.00540176043534534,-0.81069040053889,0.144120908896568));
#9455=CARTESIAN_POINT('',(-0.0030457850650088,-0.809038967167488,0.142197362013379));
#9456=CARTESIAN_POINT('',(-0.00107671119310897,-0.807537141811701,0.139674553591808));
#9457=CARTESIAN_POINT('',(0.000339928836885877,-0.806311177058682,0.136764566274412));
#9458=CARTESIAN_POINT('',(0.00175656886688072,-0.805085212305663,0.133854578957015));
#9459=CARTESIAN_POINT('',(0.00261938172291719,-0.804136313949369,0.130560274853094));
#9460=CARTESIAN_POINT('',(0.00285583410085039,-0.803544252165451,0.127158593231509));
#9461=CARTESIAN_POINT('',(-0.0315553309702638,-0.807938173727851,0.149215586909252));
#9462=CARTESIAN_POINT('',(-0.0285542064429478,-0.806284089513699,0.150219366053793));
#9463=CARTESIAN_POINT('',(-0.0253998369372474,-0.804464828107871,0.150481608723834));
#9464=CARTESIAN_POINT('',(-0.0223726079117735,-0.802642270996573,0.149979755720885));
#9465=CARTESIAN_POINT('',(-0.019345384879925,-0.800819717493764,0.149477903711557));
#9466=CARTESIAN_POINT('',(-0.0164486247570268,-0.798995875250507,0.148212525467665));
#9467=CARTESIAN_POINT('',(-0.0139395301193377,-0.797333051822429,0.146296598939084));
#9468=CARTESIAN_POINT('',(-0.0114304354816486,-0.795670228394351,0.144380672410502));
#9469=CARTESIAN_POINT('',(-0.00931175534925768,-0.794170256360388,0.141816311594241));
#9470=CARTESIAN_POINT('',(-0.00777143022182429,-0.792966730934705,0.138831688351148));
#9471=CARTESIAN_POINT('',(-0.0062311050943909,-0.791763205509021,0.135847065108055));
#9472=CARTESIAN_POINT('',(-0.00527081904324417,-0.790857456745741,0.132445462289433));
#9473=CARTESIAN_POINT('',(-0.00497560748106381,-0.790330365135206,0.128929287401226));
#9474=CARTESIAN_POINT('',(-0.0406762452515862,-0.794598515133022,0.149997137875628));
#9475=CARTESIAN_POINT('',(-0.03764017480688,-0.792923747493667,0.15120048784618));
#9476=CARTESIAN_POINT('',(-0.0343978480382391,-0.791074325820224,0.15162988488776));
#9477=CARTESIAN_POINT('',(-0.0312536502175044,-0.789223907137574,0.151245800504321));
#9478=CARTESIAN_POINT('',(-0.0281094586219821,-0.787373492118576,0.150861716881332));
#9479=CARTESIAN_POINT('',(-0.0250672548309825,-0.785524355626965,0.149664645263363));
#9480=CARTESIAN_POINT('',(-0.0224122954577573,-0.783850157327642,0.14776746049845));
#9481=CARTESIAN_POINT('',(-0.0197573360845322,-0.782175959028319,0.145870275733536));
#9482=CARTESIAN_POINT('',(-0.0174928726492278,-0.780678759877202,0.143275318787933));
#9483=CARTESIAN_POINT('',(-0.0158310337014723,-0.779499289813925,0.140226364902223));
#9484=CARTESIAN_POINT('',(-0.0141691947537168,-0.778319819750648,0.137177411016513));
#9485=CARTESIAN_POINT('',(-0.0131120110218638,-0.777459535396259,0.133678208595335));
#9486=CARTESIAN_POINT('',(-0.0127583686925234,-0.776999522402758,0.130057187412173));
#9487=CARTESIAN_POINT('',(-0.0496288342400594,-0.781199472767077,0.150138946501984));
#9488=CARTESIAN_POINT('',(-0.0465790695797137,-0.779501618509943,0.151540013734835));
#9489=CARTESIAN_POINT('',(-0.0432668756991853,-0.777619719802921,0.152139892959064));
#9490=CARTESIAN_POINT('',(-0.0400196199922354,-0.775739777924894,0.151879294062079));
#9491=CARTESIAN_POINT('',(-0.0367723707145428,-0.773859839768972,0.151618695681054));
#9492=CARTESIAN_POINT('',(-0.0335945078635133,-0.771984433821463,0.150497979588165));
#9493=CARTESIAN_POINT('',(-0.030800120721864,-0.770298918902576,0.148627913595065));
#9494=CARTESIAN_POINT('',(-0.0280057335802148,-0.768613403983689,0.146757847601964));
#9495=CARTESIAN_POINT('',(-0.0255986502679067,-0.767120089134003,0.144140993571628));
#9496=CARTESIAN_POINT('',(-0.0238167788088052,-0.765966568573911,0.141035992560608));
#9497=CARTESIAN_POINT('',(-0.0220349073497037,-0.764813048013819,0.137930991549587));
#9498=CARTESIAN_POINT('',(-0.0208806887862822,-0.764000901987881,0.134342097197676));
#9499=CARTESIAN_POINT('',(-0.0204682022017733,-0.763610400279504,0.130624023759576));
#9500=CARTESIAN_POINT('',(0.00249546104365803,-0.794499004197002,0.128323064666107));
#9501=CARTESIAN_POINT('',(0.00359292145826427,-0.796807672765385,0.142002471399403));
#9502=CARTESIAN_POINT('',(0.00864817408860957,-0.805610023787425,0.147905812302876));
#9503=CARTESIAN_POINT('',(0.0153005412266654,-0.816773183037308,0.14829183548051));
#9504=CARTESIAN_POINT('',(0.0153005436711624,-0.816773181859204,0.148291835414302));
#9505=CARTESIAN_POINT('',(-3.061515884556E-17,-0.816773182064668,0.));
#9506=CARTESIAN_POINT('',(-3.061515884556E-17,-0.819151328019374,0.));
#9507=CARTESIAN_POINT('',(0.028822618423017,-0.811774337982796,0.148641372011874));
#9508=CARTESIAN_POINT('',(0.0354370550547507,-0.802234851129341,0.149494120060942));
#9509=CARTESIAN_POINT('',(0.0422795340975118,-0.792193225785386,0.150010986389384));
#9510=CARTESIAN_POINT('',(0.0493280694373372,-0.781649461950932,0.150133949617541));
#9511=CARTESIAN_POINT('',(0.0288224546801183,-0.811774504198185,0.148641555670713));
#9512=CARTESIAN_POINT('',(0.0153005434233191,-0.816773182064669,0.148291835160424));
#9513=CARTESIAN_POINT('',(0.0199695220168656,-0.814063221276082,0.149080480596204));
#9514=CARTESIAN_POINT('',(0.0244726266115443,-0.811774590229694,0.149484788646156));
#9515=CARTESIAN_POINT('',(0.0288224183056061,-0.811774528929501,0.148641368073834));
#9516=CARTESIAN_POINT('',(0.0143911422373685,-0.774185813888489,0.130320968426047));
#9517=CARTESIAN_POINT('',(0.0102107457917196,-0.781322153892221,0.129690244159429));
#9518=CARTESIAN_POINT('',(0.00604578247651586,-0.788467284889912,0.129056696026041));
#9519=CARTESIAN_POINT('',(0.00189629513016286,-0.795621145158704,0.128420367330145));
#9520=CARTESIAN_POINT('',(-0.00283785564113175,-0.803587229781648,0.127401885703996));
#9521=CARTESIAN_POINT('',(-0.000755723327978263,-0.808354417662817,0.153996816010516));
#9522=CARTESIAN_POINT('',(0.0222752914100258,-0.821160047676597,0.147677015906041));
#9523=CARTESIAN_POINT('',(0.00499883059042882,-0.790367084564591,0.129180984070527));
#9524=CARTESIAN_POINT('',(0.00783096756243568,-0.794346856910956,0.157291828976456));
#9525=CARTESIAN_POINT('',(0.0315563793973042,-0.80793664474436,0.149215769661123));
#9526=CARTESIAN_POINT('',(0.0127850198459834,-0.777032848501406,0.130316166906573));
#9527=CARTESIAN_POINT('',(0.0161563682362937,-0.780564158069582,0.159828984292977));
#9528=CARTESIAN_POINT('',(0.0406764583850337,-0.794598159201861,0.149997148680857));
#9529=CARTESIAN_POINT('',(0.0204989715289844,-0.763639058618015,0.130889926043373));
#9530=CARTESIAN_POINT('',(0.0242248164035001,-0.767056636229931,0.161809566379474));
#9531=CARTESIAN_POINT('',(0.0496288160332577,-0.78119946282049,0.150138954822366));
#9532=CARTESIAN_POINT('',(0.0485997222632276,-0.781482666728725,0.150409820634897));
#9533=CARTESIAN_POINT('',(0.0489399880277062,-0.760930716731542,0.155046040407687));
#9534=CARTESIAN_POINT('',(0.0491868484157374,-0.740378766734359,0.159700336334247));
#9535=CARTESIAN_POINT('',(0.0493396621018792,-0.719826816737177,0.164369806105731));
#9536=CARTESIAN_POINT('',(0.049299530141706,-0.719458068100426,0.162718915456322));
#9537=CARTESIAN_POINT('',(0.0178439598271616,-0.74617202914923,0.139647046501334));
#9538=CARTESIAN_POINT('',(0.0185399180667427,-0.714927492288147,0.145164722584789));
#9539=CARTESIAN_POINT('',(0.0183806012013314,-0.714925420821354,0.145167078192144));
#9540=CARTESIAN_POINT('',(0.0185413381879087,-0.717962306106247,0.158708774632755));
#9541=CARTESIAN_POINT('',(0.0365627251850036,-0.720484672125143,0.168394150088146));
#9542=CARTESIAN_POINT('',(0.0484220124545964,-0.719125210003272,0.161313527283719));
#9543=CARTESIAN_POINT('',(0.0375470533148752,-0.74617202914923,0.137923249184768));
#9544=CARTESIAN_POINT('',(0.0501769212399263,-0.719786652763155,0.164125383208763));
#9545=CARTESIAN_POINT('',(0.0502420341602813,-0.714385830133775,0.165346524661203));
#9546=CARTESIAN_POINT('',(0.0488911676992141,-0.709150977377095,0.166975763737431));
#9547=CARTESIAN_POINT('',(0.0463227609305013,-0.704424588126742,0.168757806535622));
#9548=CARTESIAN_POINT('',(0.00911648651280598,-0.704424528928398,0.154628702504819));
#9549=CARTESIAN_POINT('',(0.0152612297746011,-0.704424528928354,0.154700943769155));
#9550=CARTESIAN_POINT('',(0.0181271209588023,-0.709394758786193,0.147200636274528));
#9551=CARTESIAN_POINT('',(0.0181580611794456,-0.713613430832522,0.143615280566448));
#9552=CARTESIAN_POINT('',(0.00911648651285384,-0.704424529565586,0.154628702504817));
#9553=CARTESIAN_POINT('',(0.0460203612369472,-0.704424528928398,0.16883922305508));
#9554=CARTESIAN_POINT('',(0.0326000976302821,-0.704424528928398,0.172380776834054));
#9555=CARTESIAN_POINT('',(0.0176391276047803,-0.704424528928398,0.166470585482049));
#9556=CARTESIAN_POINT('',(0.00911648651287785,-0.704424528928398,0.154628702504816));
#9557=CARTESIAN_POINT('',(0.0101649248818558,-0.684791829480713,0.179025910698807));
#9558=CARTESIAN_POINT('',(0.0101175718993344,-0.704431304208251,0.174705903427843));
#9559=CARTESIAN_POINT('',(0.00901992442388774,-0.704424990048978,0.154626839633663));
#9560=CARTESIAN_POINT('',(0.0128723293448366,-0.684769347054509,0.178877135225199));
#9561=CARTESIAN_POINT('',(0.0113844693343096,-0.704375252237947,0.17464331705789));
#9562=CARTESIAN_POINT('',(0.00969295250288803,-0.704418566082176,0.15464473380987));
#9563=CARTESIAN_POINT('',(0.0155947155179862,-0.684982668990383,0.178613175500211));
#9564=CARTESIAN_POINT('',(0.0126697432872775,-0.704509033198769,0.174539775947667));
#9565=CARTESIAN_POINT('',(0.0103629398165871,-0.704479515610203,0.154557430037619));
#9566=CARTESIAN_POINT('',(0.0209488194708225,-0.68589198101144,0.177863442384643));
#9567=CARTESIAN_POINT('',(0.0151303526198706,-0.705150146586554,0.174265978368197));
#9568=CARTESIAN_POINT('',(0.0116666544925295,-0.70473931883429,0.15417306435017));
#9569=CARTESIAN_POINT('',(0.0235065375868829,-0.686571605978153,0.177389981499198));
#9570=CARTESIAN_POINT('',(0.0162787207873976,-0.705649251036243,0.174099248553637));
#9571=CARTESIAN_POINT('',(0.0122824274958401,-0.704933497229367,0.153883105410226));
#9572=CARTESIAN_POINT('',(0.0284039072430508,-0.688352699483211,0.176275567480524));
#9573=CARTESIAN_POINT('',(0.0183549006325805,-0.706932746199877,0.173739667143075));
#9574=CARTESIAN_POINT('',(0.0134482422651214,-0.705442380671628,0.153135289320832));
#9575=CARTESIAN_POINT('',(0.0307696718654951,-0.689472177634058,0.175625073525807));
#9576=CARTESIAN_POINT('',(0.0192949909301225,-0.707736769888805,0.173543178035505));
#9577=CARTESIAN_POINT('',(0.0140042703327845,-0.705762231316912,0.152670107210937));
#9578=CARTESIAN_POINT('',(0.0351155117676711,-0.692054343871557,0.17422925591594));
#9579=CARTESIAN_POINT('',(0.0208484524884298,-0.709508813257437,0.173174560963067));
#9580=CARTESIAN_POINT('',(0.0150123301505187,-0.706499992570027,0.151627870483443));
#9581=CARTESIAN_POINT('',(0.0371023866683493,-0.693511644141005,0.173485588615282));
#9582=CARTESIAN_POINT('',(0.0214653436129366,-0.710480606478013,0.173002116808994));
#9583=CARTESIAN_POINT('',(0.0154661898882885,-0.706916363800299,0.15105276022192));
#9584=CARTESIAN_POINT('',(0.0407263658841623,-0.696750222842412,0.17193954569721));
#9585=CARTESIAN_POINT('',(0.0223835695860283,-0.712496128859579,0.172713982623335));
#9586=CARTESIAN_POINT('',(0.0162808828239487,-0.707841671482395,0.149824357700286));
#9587=CARTESIAN_POINT('',(0.0423694141616259,-0.698547199158832,0.171131405359272));
#9588=CARTESIAN_POINT('',(0.0226767536067992,-0.713550800189856,0.172599607647809));
#9589=CARTESIAN_POINT('',(0.0166428268321362,-0.708355093041652,0.149165983268056));
#9590=CARTESIAN_POINT('',(0.0451761917652065,-0.702325513368972,0.169552894283933));
#9591=CARTESIAN_POINT('',(0.0229419891911374,-0.715555514000361,0.172457486853961));
#9592=CARTESIAN_POINT('',(0.0172469631689004,-0.709434610994433,0.14785108246847));
#9593=CARTESIAN_POINT('',(0.0463600666539166,-0.704320825393226,0.168775001218339));
#9594=CARTESIAN_POINT('',(0.022913010567586,-0.716514285926631,0.172429943948804));
#9595=CARTESIAN_POINT('',(0.0174937618522536,-0.710004699992704,0.147188763850501));
#9596=CARTESIAN_POINT('',(0.0482873491487175,-0.708532973847606,0.167270555284184));
#9597=CARTESIAN_POINT('',(0.0226036845349206,-0.71826235327936,0.172452607414083));
#9598=CARTESIAN_POINT('',(0.0178781848883273,-0.711208170800089,0.145878459255831));
#9599=CARTESIAN_POINT('',(0.0490182323707063,-0.710735888459588,0.166550688287782));
#9600=CARTESIAN_POINT('',(0.0223168029434115,-0.7190354421748,0.172505228717532));
#9601=CARTESIAN_POINT('',(0.0180130835529408,-0.711837574949211,0.145235945892933));
#9602=CARTESIAN_POINT('',(0.0499720538525491,-0.715192502694015,0.165244126437953));
#9603=CARTESIAN_POINT('',(0.0216080094863654,-0.720301048635456,0.172646047781012));
#9604=CARTESIAN_POINT('',(0.0181623068494247,-0.713110893382845,0.144036470039075));
#9605=CARTESIAN_POINT('',(0.0502051601524465,-0.717466528276963,0.164649888445156));
#9606=CARTESIAN_POINT('',(0.0211827565192535,-0.7207939107244,0.172734738807808));
#9607=CARTESIAN_POINT('',(0.0181786863363012,-0.713760612726664,0.143472990313817));
#9608=CARTESIAN_POINT('',(0.050176878081589,-0.719790215546411,0.164124577715839));
#9609=CARTESIAN_POINT('',(0.0207451851919231,-0.721157399388644,0.172808399080663));
#9610=CARTESIAN_POINT('',(0.0181331881184024,-0.714424525897681,0.142952940997612));
#9611=CARTESIAN_POINT('',(0.0777068300640654,-0.714424528928398,-0.0190170597463031));
#9612=CARTESIAN_POINT('',(0.0679934763060572,-0.714424528928398,-0.0166399272780151));
#9613=CARTESIAN_POINT('',(0.0734806474466584,-0.714424528928398,-0.0280801376166691));
#9614=CARTESIAN_POINT('',(0.0705377139973014,-0.704424528928399,-0.03774160026903));
#9615=CARTESIAN_POINT('',(0.0731678092250195,-0.704424530815245,-0.0334091955977267));
#9616=CARTESIAN_POINT('',(0.0734806474466583,-0.70953399286545,-0.0280801376166694));
#9617=CARTESIAN_POINT('',(0.0734806474466583,-0.714424528928398,-0.0280801376166694));
#9618=CARTESIAN_POINT('',(0.0705377178066721,-0.704424534777635,-0.0377416017037696));
#9619=CARTESIAN_POINT('',(0.0673877548471679,-0.704424528928398,-0.0189444054184341));
#9620=CARTESIAN_POINT('',(0.0658312230320981,-0.704424528928398,-0.0244811948847146));
#9621=CARTESIAN_POINT('',(0.0686731866985564,-0.704424528928398,-0.0315561944348737));
#9622=CARTESIAN_POINT('',(0.0705377232266696,-0.704424528928398,-0.0377415994155615));
#9623=CARTESIAN_POINT('',(0.0679934763060571,-0.714424528928398,-0.0166399272780151));
#9624=CARTESIAN_POINT('',(0.0679934763057097,-0.710950918599715,-0.0166399272794347));
#9625=CARTESIAN_POINT('',(0.0678119892206343,-0.707486714203448,-0.0174353476609823));
#9626=CARTESIAN_POINT('',(0.0673877548471851,-0.70442452892763,-0.0189444054183724));
#9627=CARTESIAN_POINT('',(0.0616425554546711,-0.694422461498295,-0.0331691938102959));
#9628=CARTESIAN_POINT('',(0.0616844514848022,-0.704422729651818,-0.0330851023418402));
#9629=CARTESIAN_POINT('',(0.0704911671750012,-0.704424972423943,-0.0378238725954766));
#9630=CARTESIAN_POINT('',(0.0627268267347772,-0.694397894818981,-0.031154153802348));
#9631=CARTESIAN_POINT('',(0.0621487774213032,-0.704488251134858,-0.0322156371895279));
#9632=CARTESIAN_POINT('',(0.0711787406140407,-0.704412669101493,-0.0367039263598665));
#9633=CARTESIAN_POINT('',(0.0637291289201963,-0.694905469778753,-0.0290366881257489));
#9634=CARTESIAN_POINT('',(0.0626222301244052,-0.704670543305296,-0.0313741760154404));
#9635=CARTESIAN_POINT('',(0.0717582890481424,-0.704666438457553,-0.0354975745737388));
#9636=CARTESIAN_POINT('',(0.065375702444624,-0.69688119079991,-0.0251107288364819));
#9637=CARTESIAN_POINT('',(0.0635999409975509,-0.70538063178644,-0.029626520735511));
#9638=CARTESIAN_POINT('',(0.0726127008847123,-0.705654221104331,-0.0332141204239906));
#9639=CARTESIAN_POINT('',(0.0660470100875006,-0.698369122820516,-0.0232483164060074));
#9640=CARTESIAN_POINT('',(0.0641067570449883,-0.705926422815592,-0.0286996592556694));
#9641=CARTESIAN_POINT('',(0.0729037436664567,-0.706398125659767,-0.0321068816295764));
#9642=CARTESIAN_POINT('',(0.0668095013689151,-0.701134331623626,-0.0209084556648994));
#9643=CARTESIAN_POINT('',(0.0647779150426103,-0.707174743521479,-0.0273760231426418));
#9644=CARTESIAN_POINT('',(0.0731851780520425,-0.707780564691601,-0.0306981148421779));
#9645=CARTESIAN_POINT('',(0.0670288136706534,-0.702163078672957,-0.0201881311021805));
#9646=CARTESIAN_POINT('',(0.0649882300362771,-0.707662876903959,-0.0269453268105824));
#9647=CARTESIAN_POINT('',(0.0732557672220552,-0.708294870055377,-0.0302610578130332));
#9648=CARTESIAN_POINT('',(0.0673921216400428,-0.704343969330035,-0.0189400222441674));
#9649=CARTESIAN_POINT('',(0.0653549124667003,-0.708759013061216,-0.0261697433532263));
#9650=CARTESIAN_POINT('',(0.0733606992885207,-0.709385155058618,-0.0295001205596278));
#9651=CARTESIAN_POINT('',(0.0675377600123379,-0.705496679639013,-0.0184080140554478));
#9652=CARTESIAN_POINT('',(0.0655132523943147,-0.709365950301133,-0.0258217223267457));
#9653=CARTESIAN_POINT('',(0.0733958273905112,-0.709961418216529,-0.0291737554110156));
#9654=CARTESIAN_POINT('',(0.0678855947563434,-0.709144748463728,-0.0170985933089919));
#9655=CARTESIAN_POINT('',(0.0659003717737899,-0.711346607996378,-0.0249517099351898));
#9656=CARTESIAN_POINT('',(0.0734712307931642,-0.711785142165532,-0.0283681593872388));
#9657=CARTESIAN_POINT('',(0.0679941065019944,-0.711786476286194,-0.0166373536702861));
#9658=CARTESIAN_POINT('',(0.0660399866334727,-0.712889064773514,-0.0246130573743083));
#9659=CARTESIAN_POINT('',(0.0734832061855317,-0.713105755042326,-0.028081330336611));
#9660=CARTESIAN_POINT('',(0.0679941064373164,-0.714424528928398,-0.0166373539345711));
#9661=CARTESIAN_POINT('',(0.0660399863686048,-0.714424528928398,-0.0246130575141101));
#9662=CARTESIAN_POINT('',(0.073483205921596,-0.714424528928398,-0.0280813302135354));
#9663=CARTESIAN_POINT('',(0.0679934763060572,-0.704424528928398,-0.0166399272780151));
#9664=CARTESIAN_POINT('',(0.0734806474466584,-0.759302486355859,-0.028080137616669));
#9665=CARTESIAN_POINT('',(0.0777068300640654,-0.704424528928398,-0.0190170597463031));
#9666=CARTESIAN_POINT('',(0.0714786669365236,-0.765619972515795,-0.0302069724519557));
#9667=CARTESIAN_POINT('',(0.0709333349048682,-0.771734210196017,-0.0335911261317678));
#9668=CARTESIAN_POINT('',(0.0702381600241907,-0.777852948560252,-0.0369478247028934));
#9669=CARTESIAN_POINT('',(0.0693663823536193,-0.783967434602494,-0.0402624664174523));
#9670=CARTESIAN_POINT('',(0.0699689579390812,-0.783839371517714,-0.0406571853636674));
#9671=CARTESIAN_POINT('',(0.0610909630604032,-0.802286690893858,-0.0341744675503868));
#9672=CARTESIAN_POINT('',(0.064166924755228,-0.789324302410733,-0.0286758167814552));
#9673=CARTESIAN_POINT('',(0.0664957564369088,-0.776361913927608,-0.0227598566891354));
#9674=CARTESIAN_POINT('',(0.0679934763027212,-0.763399525444483,-0.0166399272916462));
#9675=CARTESIAN_POINT('',(0.0626099308246728,-0.802312896663528,-0.0349624058053634));
#9676=CARTESIAN_POINT('',(0.063817971224746,-0.802751159517176,-0.0366905639214099));
#9677=CARTESIAN_POINT('',(0.0643051581096098,-0.798313678052916,-0.0375312970401858));
#9678=CARTESIAN_POINT('',(0.0652914115345559,-0.793860400000394,-0.0384045171972956));
#9679=CARTESIAN_POINT('',(0.0669691878916724,-0.789827859482073,-0.0396531598391438));
#9680=CARTESIAN_POINT('',(0.0677729333605413,-0.787896054831302,-0.0402513270867422));
#9681=CARTESIAN_POINT('',(0.0687572541601336,-0.786032635400655,-0.0409444954197011));
#9682=CARTESIAN_POINT('',(0.069987575451418,-0.784443753732718,-0.0417796269117855));
#9683=CARTESIAN_POINT('',(0.083294912552633,-0.80520001419438,-0.0391128574239788));
#9684=CARTESIAN_POINT('',(0.0484149580556836,-0.763421238614686,-0.050556817902894));
#9685=CARTESIAN_POINT('',(0.0530554944315932,-0.77664512546102,-0.0461128797098876));
#9686=CARTESIAN_POINT('',(0.0570798968770944,-0.789869012307354,-0.0410264370500248));
#9687=CARTESIAN_POINT('',(0.060337303567439,-0.803092899153688,-0.0354881641989367));
#9688=CARTESIAN_POINT('',(0.0723697733306755,-0.78351176656802,-0.042674872501385));
#9689=CARTESIAN_POINT('',(0.0697302774134578,-0.777444476766042,-0.0448304436860575));
#9690=CARTESIAN_POINT('',(0.0668759814374491,-0.771403552857546,-0.0467996503546828));
#9691=CARTESIAN_POINT('',(0.0639239981234593,-0.765388731211893,-0.0486793169355697));
#9692=CARTESIAN_POINT('',(0.0733323096095365,-0.808900536362305,-0.0530451954312867));
#9693=CARTESIAN_POINT('',(0.0610584362411279,-0.755768511178455,-0.0495960385669998));
#9694=CARTESIAN_POINT('',(0.0610584362411279,-0.741987220668673,-0.0495960385669998));
#9695=CARTESIAN_POINT('',(0.0610584362411279,-0.728205930158892,-0.0495960385669998));
#9696=CARTESIAN_POINT('',(0.0610584362411279,-0.71442463964911,-0.0495960385669998));
#9697=CARTESIAN_POINT('',(0.0609728110454137,-0.71442463964911,-0.0499399152690047));
#9698=CARTESIAN_POINT('',(0.0478133671593749,-0.714424778928398,-0.0511261373553957));
#9699=CARTESIAN_POINT('',(0.0478133671593749,-0.730768371543036,-0.0511261373553957));
#9700=CARTESIAN_POINT('',(0.0478133671593749,-0.747111964157674,-0.0511261373553957));
#9701=CARTESIAN_POINT('',(0.0478133671593749,-0.763455556772311,-0.0511261373553957));
#9702=CARTESIAN_POINT('',(0.0487808161769077,-0.714424778928398,-0.0504334581500034));
#9703=CARTESIAN_POINT('',(0.0488818057732248,-0.714424528928398,-0.0507411691548559));
#9704=CARTESIAN_POINT('',(0.0527020103482158,-0.714424528928398,-0.0494873923586773));
#9705=CARTESIAN_POINT('',(0.0569072908984431,-0.714424528928398,-0.0494361304433093));
#9706=CARTESIAN_POINT('',(0.0607569225931432,-0.714424528928398,-0.0505964127643754));
#9707=CARTESIAN_POINT('',(0.0550493208164009,-0.738912027185834,-0.0695333251877963));
#9708=CARTESIAN_POINT('',(0.0679540454866658,-0.704424528928398,-0.042216660531631));
#9709=CARTESIAN_POINT('',(0.0626018368811786,-0.704424528928398,-0.0434744761531825));
#9710=CARTESIAN_POINT('',(0.0541174533536435,-0.704424528928398,-0.0447703963802204));
#9711=CARTESIAN_POINT('',(0.0501002137755392,-0.704424528928398,-0.0488873048924281));
#9712=CARTESIAN_POINT('',(0.0679540447583116,-0.704424534777635,-0.04221665469367));
#9713=CARTESIAN_POINT('',(0.0610584362414604,-0.71442463661683,-0.049596038566525));
#9714=CARTESIAN_POINT('',(0.0610584059751553,-0.709524603112962,-0.0495960817912883));
#9715=CARTESIAN_POINT('',(0.0655265393892657,-0.70442453080795,-0.0466434006750194));
#9716=CARTESIAN_POINT('',(0.0679540416111069,-0.704424528928399,-0.0422166521120289));
#9717=CARTESIAN_POINT('',(0.0501002137754902,-0.704424528927643,-0.0488873048924786));
#9718=CARTESIAN_POINT('',(0.0490031289475368,-0.7074932025646,-0.0500116087282331));
#9719=CARTESIAN_POINT('',(0.0484073378940158,-0.710974223911468,-0.0505641141325997));
#9720=CARTESIAN_POINT('',(0.0484073378929153,-0.714424528928398,-0.0505641141336533));
#9721=CARTESIAN_POINT('',(0.0680712719884311,-0.704425010916936,-0.0421786783291388));
#9722=CARTESIAN_POINT('',(0.0640382567191983,-0.704422495561613,-0.0396861918030843));
#9723=CARTESIAN_POINT('',(0.0595228411127247,-0.699166271912642,-0.0368379334930378));
#9724=CARTESIAN_POINT('',(0.0595461026023871,-0.694425402843426,-0.0368002943573884));
#9725=CARTESIAN_POINT('',(0.0655621041748988,-0.704373575581502,-0.0468099850858462));
#9726=CARTESIAN_POINT('',(0.0617985427034665,-0.704518006371595,-0.0437484058525896));
#9727=CARTESIAN_POINT('',(0.0560098382341175,-0.69916108193063,-0.0425113207406263));
#9728=CARTESIAN_POINT('',(0.0547351682858823,-0.694327816066149,-0.0445847890388657));
#9729=CARTESIAN_POINT('',(0.0611208584134753,-0.70915738390453,-0.0496397474478659));
#9730=CARTESIAN_POINT('',(0.0576341489253148,-0.70870734740958,-0.0471983045389123));
#9731=CARTESIAN_POINT('',(0.051482001496875,-0.706158891131144,-0.047620598113471));
#9732=CARTESIAN_POINT('',(0.048407337896281,-0.703874124973683,-0.0505641141304328));
#9733=CARTESIAN_POINT('',(0.0611208326889956,-0.714424528928398,-0.0496397294353537));
#9734=CARTESIAN_POINT('',(0.0576355600386102,-0.714424528928398,-0.0471992926131924));
#9735=CARTESIAN_POINT('',(0.0514807344797904,-0.714424528928398,-0.0476218110871374));
#9736=CARTESIAN_POINT('',(0.0484073378929151,-0.714424528928398,-0.0505641141336531));
#9737=CARTESIAN_POINT('',(0.00258367774000074,-0.704424528928398,0.0799582599471942));
#9738=CARTESIAN_POINT('',(0.00634908232433731,-0.704424528928398,0.0759520191389751));
#9739=CARTESIAN_POINT('',(0.0117135739259868,-0.704424528928398,0.0692522875824749));
#9740=CARTESIAN_POINT('',(0.0172875410716286,-0.704424528928398,0.067831710310862));
#9741=CARTESIAN_POINT('',(0.00258367305826283,-0.704424534777636,0.0799582565106678));
#9742=CARTESIAN_POINT('',(0.0124222112024175,-0.714424778928398,0.0776761761839413));
#9743=CARTESIAN_POINT('',(0.012422333243635,-0.709524483125669,0.0776761655067183));
#9744=CARTESIAN_POINT('',(0.00763114335970919,-0.704424530807965,0.0800693490207388));
#9745=CARTESIAN_POINT('',(0.00258367238619274,-0.704424528928399,0.0799582523810634));
#9746=CARTESIAN_POINT('',(0.0125333556404422,-0.714424778928398,0.0776830877906677));
#9747=CARTESIAN_POINT('',(0.0124222150045141,-0.714424528928398,0.0776762196051581));
#9748=CARTESIAN_POINT('',(0.0120535828383811,-0.714424528928398,0.0734629461802778));
#9749=CARTESIAN_POINT('',(0.0155256936046405,-0.714424528928398,0.0683874290825236));
#9750=CARTESIAN_POINT('',(0.0195861384131421,-0.714424528928398,0.067204041411668));
#9751=CARTESIAN_POINT('',(0.0194307750667895,-0.714424528928398,0.0672445970319366));
#9752=CARTESIAN_POINT('',(0.0172875410716969,-0.704424528927643,0.0678317103108449));
#9753=CARTESIAN_POINT('',(0.0188097591683109,-0.707493202563191,0.067443758897786));
#9754=CARTESIAN_POINT('',(0.0195861384117609,-0.710974223910694,0.0672040414120708));
#9755=CARTESIAN_POINT('',(0.0195861384131422,-0.714424528928398,0.0672040414116682));
#9756=CARTESIAN_POINT('',(0.00249018114443095,-0.704424975682373,0.0799744079523569));
#9757=CARTESIAN_POINT('',(0.00234879539303979,-0.704422472071904,0.075257598353028));
#9758=CARTESIAN_POINT('',(0.002140959163155,-0.699144135550318,0.0699672654445456));
#9759=CARTESIAN_POINT('',(0.00209693847904716,-0.694425402843426,0.0699685847287166));
#9760=CARTESIAN_POINT('',(0.00774680340897376,-0.704375598737333,0.0801163411682168));
#9761=CARTESIAN_POINT('',(0.00698077233256636,-0.704519355141974,0.0753485780806914));
#9762=CARTESIAN_POINT('',(0.00882232496077622,-0.699138514143196,0.0697612895441581));
#9763=CARTESIAN_POINT('',(0.0112439757870797,-0.694327816066161,0.0696944407354219));
#9764=CARTESIAN_POINT('',(0.0124236562757256,-0.709151079888892,0.0776926925837914));
#9765=CARTESIAN_POINT('',(0.0120543917207835,-0.708703144732486,0.0734721912133718));
#9766=CARTESIAN_POINT('',(0.0155187278631934,-0.706148222958123,0.0683894591988491));
#9767=CARTESIAN_POINT('',(0.0195861384089194,-0.703874124973682,0.0672040414128999));
#9768=CARTESIAN_POINT('',(0.0124236556800916,-0.714424528928398,0.0776926857757261));
#9769=CARTESIAN_POINT('',(0.0120545432887661,-0.714424528928398,0.0734739236273231));
#9770=CARTESIAN_POINT('',(0.0155204039743019,-0.714424528928398,0.0683889707075477));
#9771=CARTESIAN_POINT('',(0.0195861384131421,-0.714424528928398,0.067204041411668));
#9772=CARTESIAN_POINT('',(0.0124222112055307,-0.75576329053709,0.077676176183669));
#9773=CARTESIAN_POINT('',(0.0124222112055307,-0.741983786667526,0.077676176183669));
#9774=CARTESIAN_POINT('',(0.0124222112055307,-0.728204282797962,0.077676176183669));
#9775=CARTESIAN_POINT('',(0.0124222112055307,-0.714424778928398,0.077676176183669));
#9776=CARTESIAN_POINT('',(0.0157601449376853,-0.714424528928398,0.068202768216823));
#9777=CARTESIAN_POINT('',(0.032384724541111,-0.738912027169896,0.0789175612965942));
#9778=CARTESIAN_POINT('',(0.0195564547031241,-0.763463239213215,0.0672126854056929));
#9779=CARTESIAN_POINT('',(0.0148057788265368,-0.773659710968901,0.0685949598532756));
#9780=CARTESIAN_POINT('',(0.00546026859930377,-0.793161145676335,0.0699999978545948));
#9781=CARTESIAN_POINT('',(2.75039104098017E-8,-0.804240196794109,0.0699999999999945));
#9782=CARTESIAN_POINT('',(1.65063001746579E-10,-0.804240182536807,0.0700000012132075));
#9783=CARTESIAN_POINT('',(4.12273697472654E-6,-0.783947532422266,0.0810563048806808));
#9784=CARTESIAN_POINT('',(0.00335967118545314,-0.777843970143336,0.0807032083847282));
#9785=CARTESIAN_POINT('',(0.00672252945130201,-0.771680249796136,0.0801295516132479));
#9786=CARTESIAN_POINT('',(0.0100920641260488,-0.765456054847965,0.0793354241761859));
#9787=CARTESIAN_POINT('',(8.16149854112075E-7,-0.783946023230504,0.0810568247624687));
#9788=CARTESIAN_POINT('',(7.71286401092947E-11,-0.783945853065044,0.0810568794260283));
#9789=CARTESIAN_POINT('',(4.76364721667786E-9,-0.781528319699508,0.0733491920948734));
#9790=CARTESIAN_POINT('',(5.78950893841425E-9,-0.796110895041522,0.070000081459669));
#9791=CARTESIAN_POINT('',(4.26468479524809E-10,-0.804240153893372,0.0700000012154067));
#9792=CARTESIAN_POINT('',(-0.000120303558712407,-0.804484314601029,0.069999896621736));
#9793=CARTESIAN_POINT('',(-0.0102674488340433,-0.798767100717992,0.069982457486162));
#9794=CARTESIAN_POINT('',(-0.00875208660879525,-0.799632050637072,0.081497965938257));
#9795=CARTESIAN_POINT('',(0.00664775840647267,-0.790756007224796,0.070011528380914));
#9796=CARTESIAN_POINT('',(-0.00304699582104376,-0.786192753978237,0.070931237316112));
#9797=CARTESIAN_POINT('',(-0.00101676411928043,-0.785909470327284,0.0815320779403709));
#9798=CARTESIAN_POINT('',(0.013282163708285,-0.776936270246613,0.069053024459767));
#9799=CARTESIAN_POINT('',(0.00450358916449012,-0.772692808619019,0.070803426613636));
#9800=CARTESIAN_POINT('',(0.00656539152722275,-0.772096345921118,0.0804575654787789));
#9801=CARTESIAN_POINT('',(0.0197003220676703,-0.763154381337084,0.067170658106275));
#9802=CARTESIAN_POINT('',(0.0120500268657269,-0.758732483569159,0.069414394934825));
#9803=CARTESIAN_POINT('',(0.0138993892983201,-0.758324729371538,0.078332250428715));
#9804=CARTESIAN_POINT('',(-0.0100455633394296,-0.765542833178557,0.0793463969649881));
#9805=CARTESIAN_POINT('',(-0.00670936633085676,-0.771683969165848,0.079914379628763));
#9806=CARTESIAN_POINT('',(-0.00335623706959798,-0.777815623590008,0.0804854226623491));
#9807=CARTESIAN_POINT('',(1.3772209863424E-5,-0.783937700172244,0.081059514796366));
#9808=CARTESIAN_POINT('',(-2.74351898903854E-8,-0.80424019692294,0.0699999999999945));
#9809=CARTESIAN_POINT('',(-0.00544449487577748,-0.793193151194078,0.0699999978661374));
#9810=CARTESIAN_POINT('',(-0.0147733123941495,-0.773726636588623,0.0685980419867258));
#9811=CARTESIAN_POINT('',(-0.0194732339773617,-0.763641833341558,0.0672368437574438));
#9812=CARTESIAN_POINT('',(0.0087520766728699,-0.799632033001907,0.081497965988379));
#9813=CARTESIAN_POINT('',(0.00941017401766655,-0.799256399578732,0.0764969678947208));
#9814=CARTESIAN_POINT('',(0.00452704044799931,-0.802001400959554,0.0699923261554699));
#9815=CARTESIAN_POINT('',(0.000120299196250917,-0.804484294519116,0.0699998966292352));
#9816=CARTESIAN_POINT('',(0.000601739061193766,-0.785173209190989,0.0815339071488681));
#9817=CARTESIAN_POINT('',(0.00137058380989985,-0.785028887311735,0.0767202073083658));
#9818=CARTESIAN_POINT('',(-0.00274710163308979,-0.787664290363359,0.0704537865054968));
#9819=CARTESIAN_POINT('',(-0.00701088204886301,-0.79001943765582,0.0700121520098158));
#9820=CARTESIAN_POINT('',(-0.00735278625081606,-0.770617793794999,0.0802293868994622));
#9821=CARTESIAN_POINT('',(-0.00650101357974345,-0.770668067907372,0.0756345293696093));
#9822=CARTESIAN_POINT('',(-0.00995312510048078,-0.773201514444003,0.0696803172498038));
#9823=CARTESIAN_POINT('',(-0.013971228262472,-0.775456612208766,0.0688509300971962));
#9824=CARTESIAN_POINT('',(-0.0150804496267595,-0.756106960766611,0.0779899916109289));
#9825=CARTESIAN_POINT('',(-0.0141586386831122,-0.756335016156278,0.0736328543277899));
#9826=CARTESIAN_POINT('',(-0.0170098407796961,-0.758770284969848,0.0680227209856587));
#9827=CARTESIAN_POINT('',(-0.0207338927206605,-0.760934956505762,0.0668675246827525));
#9828=CARTESIAN_POINT('',(-0.0157600615591724,-0.76353376404506,0.0682027892365927));
#9829=CARTESIAN_POINT('',(-0.0157600615591724,-0.747164019006173,0.0682027892365927));
#9830=CARTESIAN_POINT('',(-0.0157600615591724,-0.730794273967285,0.0682027892365927));
#9831=CARTESIAN_POINT('',(-0.0157600615591724,-0.714424528928398,0.0682027892365927));
#9832=CARTESIAN_POINT('',(-0.0194307342629466,-0.714424528928398,0.0672445986843145));
#9833=CARTESIAN_POINT('',(-0.012681631063634,-0.738912027171567,0.0806413587301648));
#9834=CARTESIAN_POINT('',(-0.0125144004017525,-0.714424778928398,0.077220614198203));
#9835=CARTESIAN_POINT('',(-0.012678101492858,-0.714424528928398,0.0772345944487446));
#9836=CARTESIAN_POINT('',(-0.0130460912714096,-0.714424528928398,0.0729256353267072));
#9837=CARTESIAN_POINT('',(-0.0148747577161765,-0.714424528928398,0.0687545413507479));
#9838=CARTESIAN_POINT('',(-0.0177945170791555,-0.714424528928398,0.0655643140148353));
#9839=CARTESIAN_POINT('',(-0.0323847245513476,-0.738912027171567,0.0789175614135984));
#9840=CARTESIAN_POINT('',(-0.0172875410716287,-0.704424528928398,0.067831710310862));
#9841=CARTESIAN_POINT('',(-0.0117142748305718,-0.704424528928398,0.0692521089504348));
#9842=CARTESIAN_POINT('',(-0.00700812732296017,-0.704424528928398,0.0752508214573464));
#9843=CARTESIAN_POINT('',(-0.00258367773999833,-0.704424528928398,0.0799582599471969));
#9844=CARTESIAN_POINT('',(-0.00258367305826282,-0.704424534777635,0.0799582565106821));
#9845=CARTESIAN_POINT('',(-0.0195861384131422,-0.714424528928398,0.0672040414116682));
#9846=CARTESIAN_POINT('',(-0.0195861384117242,-0.710950918601124,0.0672040414120815));
#9847=CARTESIAN_POINT('',(-0.0188065406126003,-0.70748671420447,0.0674445791765876));
#9848=CARTESIAN_POINT('',(-0.0172875410716908,-0.70442452892763,0.0678317103108464));
#9849=CARTESIAN_POINT('',(-0.00258367314455929,-0.704424528928399,0.0799582523977602));
#9850=CARTESIAN_POINT('',(-0.00765069299277161,-0.704424531195125,0.0800697791305));
#9851=CARTESIAN_POINT('',(-0.0124222112055307,-0.70953399307831,0.0776761761836691));
#9852=CARTESIAN_POINT('',(-0.0124222112055307,-0.714424528928398,0.0776761761836691));
#9853=CARTESIAN_POINT('',(-0.00209591326457056,-0.694422461498338,0.0699686158830844));
#9854=CARTESIAN_POINT('',(-0.00218968662756007,-0.70442272965179,0.0699628531753107));
#9855=CARTESIAN_POINT('',(-0.00248914905031129,-0.704424972423943,0.0799590778136772));
#9856=CARTESIAN_POINT('',(-0.00438312474113896,-0.694397894818878,0.0699001023522769));
#9857=CARTESIAN_POINT('',(-0.00317482850541953,-0.70448825113474,0.0699302386554848));
#9858=CARTESIAN_POINT('',(-0.00380283766076361,-0.704412669101493,0.0799945607611871));
#9859=CARTESIAN_POINT('',(-0.00671805490142541,-0.694905469778758,0.0697093886688186));
#9860=CARTESIAN_POINT('',(-0.00414028161004021,-0.704670543305232,0.0699195301371138));
#9861=CARTESIAN_POINT('',(-0.00513734317044401,-0.704666438457541,0.0798932885346343));
#9862=CARTESIAN_POINT('',(-0.0109413221423526,-0.696881190799983,0.0691723835255413));
#9863=CARTESIAN_POINT('',(-0.00614265091609364,-0.705380631786454,0.0698924249508841));
#9864=CARTESIAN_POINT('',(-0.00754207839085518,-0.705654221104343,0.0794915038155353));
#9865=CARTESIAN_POINT('',(-0.0128898724409552,-0.698369122820622,0.0688225467827804));
#9866=CARTESIAN_POINT('',(-0.00719874452706333,-0.705926422815612,0.0698679097831173));
#9867=CARTESIAN_POINT('',(-0.00864649670572912,-0.706398125659788,0.0791899348608484));
#9868=CARTESIAN_POINT('',(-0.0152974969246986,-0.701134331623616,0.0683129532321136));
#9869=CARTESIAN_POINT('',(-0.00868062602525194,-0.707174743521447,0.0697873316024202));
#9870=CARTESIAN_POINT('',(-0.0100072417243902,-0.707780564691588,0.0787292807946464));
#9871=CARTESIAN_POINT('',(-0.0160309724458457,-0.702163078672982,0.0681427209754251));
#9872=CARTESIAN_POINT('',(-0.00915877748684876,-0.707662876903983,0.0697541215637149));
#9873=CARTESIAN_POINT('',(-0.0104210387995394,-0.708294870055359,0.0785718842945357));
#9874=CARTESIAN_POINT('',(-0.0172935204083272,-0.704343969330056,0.0678333004772924));
#9875=CARTESIAN_POINT('',(-0.0100137936790327,-0.708759013061169,0.0696838861349256));
#9876=CARTESIAN_POINT('',(-0.0111324958249241,-0.709385155058632,0.0782822895030126));
#9877=CARTESIAN_POINT('',(-0.0178270722009136,-0.705496679639049,0.0676934229131092));
#9878=CARTESIAN_POINT('',(-0.0103943586927791,-0.709365950301126,0.0696470020214452));
#9879=CARTESIAN_POINT('',(-0.0114327003855289,-0.709961418216549,0.0781495287574496));
#9880=CARTESIAN_POINT('',(-0.0191349812035341,-0.709144748463701,0.0673399462645256));
#9881=CARTESIAN_POINT('',(-0.0113413712151278,-0.711346607996373,0.0695472510425143));
#9882=CARTESIAN_POINT('',(-0.0121680687086059,-0.711785142165488,0.0778120320077721));
#9883=CARTESIAN_POINT('',(-0.0195886823207352,-0.711786476286226,0.0672033003735085));
#9884=CARTESIAN_POINT('',(-0.0117044603656806,-0.712889064773513,0.0694988347780258));
#9885=CARTESIAN_POINT('',(-0.0124224576492055,-0.713105755042357,0.0776789884765853));
#9886=CARTESIAN_POINT('',(-0.0195886820595299,-0.714424528928398,0.067203300449635));
#9887=CARTESIAN_POINT('',(-0.0117044601122986,-0.714424528928398,0.0694988346178707));
#9888=CARTESIAN_POINT('',(-0.0124224576238146,-0.714424528928398,0.0776789881863683));
#9889=CARTESIAN_POINT('',(-0.048407338165232,-0.714424528928398,-0.0505641138729518));
#9890=CARTESIAN_POINT('',(-0.0514454223073258,-0.714424528928398,-0.0476556172635633));
#9891=CARTESIAN_POINT('',(-0.0575295947875092,-0.714424528928398,-0.0471617477407635));
#9892=CARTESIAN_POINT('',(-0.0610004828485291,-0.714424528928398,-0.0495557631803888));
#9893=CARTESIAN_POINT('',(-0.0484602258976256,-0.714424778928398,-0.0507151596023881));
#9894=CARTESIAN_POINT('',(-0.0608051200206979,-0.714424531629015,-0.0498390044203005));
#9895=CARTESIAN_POINT('',(-0.0685349400226851,-0.70647303095992,-0.0413870432033869));
#9896=CARTESIAN_POINT('',(-0.0670783806636301,-0.708032539022068,-0.0442179132979511));
#9897=CARTESIAN_POINT('',(-0.0628969578309154,-0.713097343217095,-0.0469703576231927));
#9898=CARTESIAN_POINT('',(-0.0622334061989933,-0.715437299604775,-0.0479180075636928));
#9899=CARTESIAN_POINT('',(-0.0679540448514017,-0.704424534777635,-0.042216654758857));
#9900=CARTESIAN_POINT('',(-0.0501002137755393,-0.704424528928398,-0.0488873048924281));
#9901=CARTESIAN_POINT('',(-0.0541169482012478,-0.704424528928398,-0.0447709140656003));
#9902=CARTESIAN_POINT('',(-0.0616650593750901,-0.704424528928398,-0.0436946270231573));
#9903=CARTESIAN_POINT('',(-0.067954045486655,-0.704424528928398,-0.0422166605316335));
#9904=CARTESIAN_POINT('',(-0.0484073378929153,-0.714424778928426,-0.0505641141336533));
#9905=CARTESIAN_POINT('',(-0.0484073378939859,-0.710950918833986,-0.0505641141326284));
#9906=CARTESIAN_POINT('',(-0.0490054225920944,-0.707486786974474,-0.0500092581776576));
#9907=CARTESIAN_POINT('',(-0.0501002137754948,-0.70442452892763,-0.048887304892474));
#9908=CARTESIAN_POINT('',(-0.0595464831805682,-0.694351542998321,-0.0367997191971252));
#9909=CARTESIAN_POINT('',(-0.0595220475794758,-0.699089212222485,-0.0368365976082433));
#9910=CARTESIAN_POINT('',(-0.063971468124431,-0.70442392058634,-0.0396449311673849));
#9911=CARTESIAN_POINT('',(-0.0680017450037576,-0.704424967074089,-0.0421357092149286));
#9912=CARTESIAN_POINT('',(-0.0547153269596575,-0.694252517123534,-0.0446171064057124));
#9913=CARTESIAN_POINT('',(-0.0559880073138972,-0.699082495376269,-0.0425441214662956));
#9914=CARTESIAN_POINT('',(-0.0617366786649131,-0.70452191726305,-0.0436971067822643));
#9915=CARTESIAN_POINT('',(-0.0654972222747984,-0.704376064992965,-0.046757205324015));
#9916=CARTESIAN_POINT('',(-0.0483594471094742,-0.703838528772635,-0.0506099859967909));
#9917=CARTESIAN_POINT('',(-0.0514313420259381,-0.70612181432886,-0.0476675610469766));
#9918=CARTESIAN_POINT('',(-0.0575769900115758,-0.708700504458159,-0.0471568389377735));
#9919=CARTESIAN_POINT('',(-0.0610607492525265,-0.709149625321296,-0.0495976586413781));
#9920=CARTESIAN_POINT('',(-0.0483594668647958,-0.714424528928398,-0.050609967084114));
#9921=CARTESIAN_POINT('',(-0.0514300943612511,-0.714424528928398,-0.0476687554936712));
#9922=CARTESIAN_POINT('',(-0.0575784264159167,-0.714424528928398,-0.0471578447216348));
#9923=CARTESIAN_POINT('',(-0.0610607482975141,-0.714424528928398,-0.049597657972672));
#9924=CARTESIAN_POINT('',(-0.0478133561688964,-0.763304779607058,-0.0511261475996221));
#9925=CARTESIAN_POINT('',(-0.0610584362411281,-0.714424528928398,-0.0495960385669995));
#9926=CARTESIAN_POINT('',(-0.0610584362411281,-0.728205856334776,-0.0495960385669995));
#9927=CARTESIAN_POINT('',(-0.0610584362411281,-0.741987183741154,-0.0495960385669995));
#9928=CARTESIAN_POINT('',(-0.0610584362411281,-0.755768511147533,-0.0495960385669995));
#9929=CARTESIAN_POINT('',(-0.0550493208168277,-0.738912027170042,-0.0695333251880947));
#9930=CARTESIAN_POINT('',(-0.0638700442987489,-0.765276975050197,-0.0487144980185405));
#9931=CARTESIAN_POINT('',(-0.0671318961127713,-0.772040383525538,-0.0465935755395009));
#9932=CARTESIAN_POINT('',(-0.0700077004963129,-0.77818730772846,-0.0445553455387921));
#9933=CARTESIAN_POINT('',(-0.072490790379597,-0.783723342452246,-0.042607682815673));
#9934=CARTESIAN_POINT('',(-0.0700920023281946,-0.784267586719328,-0.0410964092533346));
#9935=CARTESIAN_POINT('',(-0.0601580838259046,-0.802353637172591,-0.0357911294931499));
#9936=CARTESIAN_POINT('',(-0.0569270522749968,-0.789352763963968,-0.0412218792246121));
#9937=CARTESIAN_POINT('',(-0.0529564589937343,-0.776351890755345,-0.0462119687783767));
#9938=CARTESIAN_POINT('',(-0.0483903322825246,-0.763351017546722,-0.0505803889030803));
#9939=CARTESIAN_POINT('',(-0.0612802755230098,-0.802441880293726,-0.0366700273700429));
#9940=CARTESIAN_POINT('',(-0.0638206620702609,-0.802726713459504,-0.0366951959680388));
#9941=CARTESIAN_POINT('',(-0.0643086522519111,-0.798300286583791,-0.0375339191835584));
#9942=CARTESIAN_POINT('',(-0.0652932961108745,-0.793858698872439,-0.0384057025120329));
#9943=CARTESIAN_POINT('',(-0.0669660305292952,-0.789835451938221,-0.0396508087755328));
#9944=CARTESIAN_POINT('',(-0.0677611282781302,-0.78792308943454,-0.0402426428265734));
#9945=CARTESIAN_POINT('',(-0.0687328694741876,-0.786078309879982,-0.0409273560022698));
#9946=CARTESIAN_POINT('',(-0.0699447538399923,-0.784499301227208,-0.0417505487367138));
#9947=CARTESIAN_POINT('',(-0.0733323066028916,-0.808900522123249,-0.0530452003663572));
#9948=CARTESIAN_POINT('',(-0.0679815118388013,-0.763503098565478,-0.0166887401594878));
#9949=CARTESIAN_POINT('',(-0.0664474308627485,-0.776745730593715,-0.0229378124704333));
#9950=CARTESIAN_POINT('',(-0.0640464267456028,-0.789988362621952,-0.0289734280040978));
#9951=CARTESIAN_POINT('',(-0.0608687665040654,-0.803230994650189,-0.0345686746097323));
#9952=CARTESIAN_POINT('',(-0.0692750655565395,-0.784466697932158,-0.0404937285093934));
#9953=CARTESIAN_POINT('',(-0.0701942408821824,-0.778296807711697,-0.0372093985090705));
#9954=CARTESIAN_POINT('',(-0.070916914024438,-0.772057007233595,-0.0338004995719738));
#9955=CARTESIAN_POINT('',(-0.0714715405502205,-0.765691617994815,-0.0302449710437927));
#9956=CARTESIAN_POINT('',(-0.0832949173290876,-0.805199992537316,-0.0391128463007491));
#9957=CARTESIAN_POINT('',(-0.0734806474466585,-0.714424528928398,-0.028080137616669));
#9958=CARTESIAN_POINT('',(-0.0734806474466584,-0.714424528928398,-0.0280801376166693));
#9959=CARTESIAN_POINT('',(-0.0679934763060573,-0.704424528928398,-0.0166399272780151));
#9960=CARTESIAN_POINT('',(-0.0679934763060573,-0.714424528928398,-0.0166399272780151));
#9961=CARTESIAN_POINT('',(-0.0777068300640655,-0.714424528928398,-0.0190170597463031));
#9962=CARTESIAN_POINT('',(-0.0777068300640654,-0.704424528928398,-0.0190170597463031));
#9963=CARTESIAN_POINT('',(-0.0705377232266677,-0.704424528928398,-0.037741599415555));
#9964=CARTESIAN_POINT('',(-0.0689509192052793,-0.704424528928398,-0.0324775429868653));
#9965=CARTESIAN_POINT('',(-0.065831027279564,-0.704424528928398,-0.0244818912023607));
#9966=CARTESIAN_POINT('',(-0.067387754847168,-0.704424528928398,-0.0189444054184341));
#9967=CARTESIAN_POINT('',(-0.0705377179096744,-0.704424534777635,-0.0377416017517974));
#9968=CARTESIAN_POINT('',(-0.0734806474466585,-0.714424528928398,-0.0280801376166691));
#9969=CARTESIAN_POINT('',(-0.0734806474466585,-0.709524693901103,-0.0280801376166691));
#9970=CARTESIAN_POINT('',(-0.0731576226504416,-0.704424530807939,-0.0334259753117276));
#9971=CARTESIAN_POINT('',(-0.0705377139972942,-0.704424528928399,-0.037741600269024));
#9972=CARTESIAN_POINT('',(-0.0673877548471852,-0.70442452892763,-0.0189444054183725));
#9973=CARTESIAN_POINT('',(-0.0678128881161554,-0.707493202561778,-0.0174321501707645));
#9974=CARTESIAN_POINT('',(-0.0679934763057134,-0.710974223911333,-0.0166399272794198));
#9975=CARTESIAN_POINT('',(-0.0679934763060572,-0.714424528928398,-0.0166399272780151));
#9976=CARTESIAN_POINT('',(-0.0704884400975379,-0.70442497124996,-0.0378224051984367));
#9977=CARTESIAN_POINT('',(-0.0616870372035048,-0.704419634817916,-0.0330865266888006));
#9978=CARTESIAN_POINT('',(-0.0616425682058698,-0.69442541351942,-0.0331691691934651));
#9979=CARTESIAN_POINT('',(-0.0711759558965276,-0.704412691926383,-0.0367025421680119));
#9980=CARTESIAN_POINT('',(-0.0621516326155212,-0.704485092506012,-0.0322166371197095));
#9981=CARTESIAN_POINT('',(-0.0627266571908072,-0.694400861221688,-0.031154466057385));
#9982=CARTESIAN_POINT('',(-0.071755462761532,-0.704666439259224,-0.0354962988432425));
#9983=CARTESIAN_POINT('',(-0.0626252715486803,-0.704667516491409,-0.0313746696741145));
#9984=CARTESIAN_POINT('',(-0.0637288028823452,-0.694908349600354,-0.0290373776548321));
#9985=CARTESIAN_POINT('',(-0.072609867884639,-0.705654134696303,-0.0332129924757083));
#9986=CARTESIAN_POINT('',(-0.0636031023533258,-0.705378119575647,-0.0296261865933182));
#9987=CARTESIAN_POINT('',(-0.0653751707154498,-0.696883737740772,-0.0251120821879021));
#9988=CARTESIAN_POINT('',(-0.0729009429451245,-0.706397975115068,-0.032105796565213));
#9989=CARTESIAN_POINT('',(-0.0641098658692485,-0.705924282990806,-0.0286989959301222));
#9990=CARTESIAN_POINT('',(-0.0660464215818664,-0.698371416568027,-0.0232499710992301));
#9991=CARTESIAN_POINT('',(-0.0731824496222817,-0.707780367786326,-0.0306970363669899));
#9992=CARTESIAN_POINT('',(-0.0647808821093572,-0.707173130077986,-0.0273750483002973));
#9993=CARTESIAN_POINT('',(-0.0668088731942511,-0.701136200458777,-0.02091045677372));
#9994=CARTESIAN_POINT('',(-0.0732530667432175,-0.708294663352187,-0.0302599744112865));
#9995=CARTESIAN_POINT('',(-0.0649911415458186,-0.707661439813534,-0.0269442714783476));
#9996=CARTESIAN_POINT('',(-0.067028178613018,-0.702164791284081,-0.0201902353715871));
#9997=CARTESIAN_POINT('',(-0.073358053457583,-0.709384947905769,-0.0294990195166156));
#9998=CARTESIAN_POINT('',(-0.0653577166850469,-0.708757905711089,-0.0261685673311651));
#9999=CARTESIAN_POINT('',(-0.0673914801376009,-0.704345360378672,-0.0189423002141261));
#10000=CARTESIAN_POINT('',(-0.0733932084258142,-0.709961220181051,-0.0291726413101416));
#10001=CARTESIAN_POINT('',(-0.0655160042309413,-0.709364997821669,-0.0258205054025333));
#10002=CARTESIAN_POINT('',(-0.0675371191141423,-0.705497905216069,-0.018410362416205));
#10003=CARTESIAN_POINT('',(-0.0734686817154046,-0.71178499440173,-0.0283670086629895));
#10004=CARTESIAN_POINT('',(-0.0659029914778537,-0.711346100185884,-0.0249504014798152));
#10005=CARTESIAN_POINT('',(-0.0678849578680813,-0.709145455237072,-0.0171011141562291));
#10006=CARTESIAN_POINT('',(-0.0734806869546017,-0.713105681645795,-0.0280801560394211));
#10007=CARTESIAN_POINT('',(-0.0660425494203128,-0.7128888110259,-0.0246117350120112));
#10008=CARTESIAN_POINT('',(-0.0679934763057944,-0.711786832059232,-0.0166399272790891));
#10009=CARTESIAN_POINT('',(-0.0734806869502627,-0.714424528928398,-0.0280801560373973));
#10010=CARTESIAN_POINT('',(-0.0660425494197674,-0.714424528928398,-0.0246117350150032));
#10011=CARTESIAN_POINT('',(-0.0679934763060573,-0.714424528928398,-0.0166399272780151));
#10012=CARTESIAN_POINT('',(0.0596773877887017,-0.704424528928398,-0.0364212721423641));
#10013=CARTESIAN_POINT('',(0.140063156147898,-0.714424528928398,-0.104915738999867));
#10014=CARTESIAN_POINT('',(0.143665856808317,-0.714424528928398,-0.0952306312725911));
#10015=CARTESIAN_POINT('',(-0.00278043738218523,-0.704424528928398,0.0186462401422739));
#10016=CARTESIAN_POINT('',(0.011665,-0.714424528928398,0.069021212500216));
#10017=CARTESIAN_POINT('',(0.00170305301908251,-0.714424528928398,0.069892769927693));
#10018=CARTESIAN_POINT('',(0.160891273304655,-0.714424528928398,-0.068840381858374));
#10019=CARTESIAN_POINT('',(0.170920373712772,-0.704424528928398,-0.0845508073727101));
#10020=CARTESIAN_POINT('',(0.156665090687248,-0.714424528928398,-0.077903459728741));
#10021=CARTESIAN_POINT('',(-0.020828117156754,-0.714424528928398,0.173756120858244));
#10022=CARTESIAN_POINT('',(0.0059760819117868,-0.704424528928398,-0.0178801439721051));
#10023=CARTESIAN_POINT('',(-0.0108661701758365,-0.714424528928398,0.17462767828572));
#10024=CARTESIAN_POINT('',(0.17463517461465,-0.704424528928398,0.076584391130317));
#10025=CARTESIAN_POINT('',(-0.0656066234251913,-0.714424528928398,-0.0244084199149631));
#10026=CARTESIAN_POINT('',(-0.0613804408077843,-0.714424528928398,-0.033471497785329));
#10027=CARTESIAN_POINT('',(-0.114734295441064,-0.714424528928398,-0.0871802797986775));
#10028=CARTESIAN_POINT('',(-0.0968237353325855,-0.714424528928398,-0.0746391705971629));
#10029=CARTESIAN_POINT('',(-0.0789131752241071,-0.714424528928398,-0.0620980613956482));
#10030=CARTESIAN_POINT('',(-0.0610026151156288,-0.714424528928398,-0.0495569521941336));
#10031=CARTESIAN_POINT('',(-0.0679540471771478,-0.704424528928398,-0.0422166514373473));
#10032=CARTESIAN_POINT('',(-0.0884158669594911,-0.704424528928398,-0.0565441718944327));
#10033=CARTESIAN_POINT('',(-0.108877686741834,-0.704424528928398,-0.070871692351518));
#10034=CARTESIAN_POINT('',(-0.129339506524178,-0.704424528928398,-0.0851992128086034));
#10035=CARTESIAN_POINT('',(-0.1024122099783,-0.724202885032336,-0.0544073481320236));
#10036=CARTESIAN_POINT('',(0.0856414105685601,-0.789566627259443,-0.0494732143766035));
#10037=CARTESIAN_POINT('',(0.0937190418626169,-0.791208798497096,-0.055087377406303));
#10038=CARTESIAN_POINT('',(0.101793343921789,-0.792852476772045,-0.060705892896587));
#10039=CARTESIAN_POINT('',(0.109864138994265,-0.794496813096641,-0.0663292464485396));
#10040=CARTESIAN_POINT('',(0.0856495003857221,-0.789572087990234,-0.0494599774942901));
#10041=CARTESIAN_POINT('',(0.0700627038169229,-0.783886556874194,-0.0404646353840134));
#10042=CARTESIAN_POINT('',(0.075257005810344,-0.785790087570243,-0.0434600300120578));
#10043=CARTESIAN_POINT('',(0.0804507683436391,-0.787692485866395,-0.0464570804592486));
#10044=CARTESIAN_POINT('',(0.0856439865661536,-0.789593757232803,-0.0494557873425565));
#10045=CARTESIAN_POINT('',(-2.50794171101187,-3.04829032401439,-3.16571959208618));
#10046=CARTESIAN_POINT('',(-0.0856520221733591,-0.789593779437727,-0.0494420094026475));
#10047=CARTESIAN_POINT('',(-0.0805797442257302,-0.787736909265456,-0.0465139199591064));
#10048=CARTESIAN_POINT('',(-0.0755085749881752,-0.785878964186708,-0.0435845909063127));
#10049=CARTESIAN_POINT('',(-0.0704385162224765,-0.78401993910578,-0.0406540264444914));
#10050=CARTESIAN_POINT('',(-0.0856583970657163,-0.789572086379783,-0.0494447231060618));
#10051=CARTESIAN_POINT('',(-0.110133160815329,-0.794550911085288,-0.0665084603570846));
#10052=CARTESIAN_POINT('',(-0.101464506238913,-0.792785360633362,-0.0604755453953586));
#10053=CARTESIAN_POINT('',(-0.0932375244527327,-0.791110382689041,-0.0547467034244065));
#10054=CARTESIAN_POINT('',(-0.0856491751899034,-0.789566609419407,-0.049459557912248));
#10055=CARTESIAN_POINT('',(-2.18913245342625,1.04540089759783,2.4580695328559));
#10056=CARTESIAN_POINT('',(2.43550190239581E-5,-0.789566626971817,0.0989042426397006));
#10057=CARTESIAN_POINT('',(0.000847547225331949,-0.791208798309246,0.108706758654467));
#10058=CARTESIAN_POINT('',(0.00167617339118498,-0.792852476684224,0.118508567697444));
#10059=CARTESIAN_POINT('',(0.00251074293547345,-0.794496813108916,0.128309758631608));
#10060=CARTESIAN_POINT('',(8.84703564617704E-6,-0.789572087744489,0.0989046301449782));
#10061=CARTESIAN_POINT('',(1.19730159298069E-5,-0.783934808119764,0.0810603907376233));
#10062=CARTESIAN_POINT('',(8.9642955540729E-6,-0.785822235818747,0.0870058271550794));
#10063=CARTESIAN_POINT('',(7.63064175613054E-6,-0.787708550220226,0.0929516181960298));
#10064=CARTESIAN_POINT('',(7.97493905000396E-6,-0.789593756657191,0.0988977600659135));
#10065=CARTESIAN_POINT('',(4.00078690900871,-3.02831701002418,-0.6227162814029));
#10066=CARTESIAN_POINT('',(-0.0856658309931352,-0.789566639298178,-0.0494310606847117));
#10067=CARTESIAN_POINT('',(-0.0945960681197223,-0.791214237263632,-0.0536332538825413));
#10068=CARTESIAN_POINT('',(-0.103528424079686,-0.792863351807223,-0.0578303539666542));
#10069=CARTESIAN_POINT('',(-0.112463233328927,-0.794513126802025,-0.0620219608197504));
#10070=CARTESIAN_POINT('',(-1.46110491850784,-3.02831632486987,3.77614007694599));
#10071=CARTESIAN_POINT('',(0.11237278526011,-0.794497007980226,-0.0619867219348051));
#10072=CARTESIAN_POINT('',(0.102926333081394,-0.792752265695035,-0.0575488335624311));
#10073=CARTESIAN_POINT('',(0.0939465385227874,-0.791094847249706,-0.0533331831309145));
#10074=CARTESIAN_POINT('',(0.0856577508028963,-0.789566596437506,-0.0494445495285977));
#10075=CARTESIAN_POINT('',(-0.971844167327612,1.04634587795926,-3.14671312107748));
#10076=CARTESIAN_POINT('',(-0.00250431669970037,-0.794497007991784,0.128311047766408));
#10077=CARTESIAN_POINT('',(-0.00162441461694349,-0.792752265591914,0.117911235334157));
#10078=CARTESIAN_POINT('',(-0.000785377650302654,-0.791094847041998,0.108026679285483));
#10079=CARTESIAN_POINT('',(-8.63923309498806E-6,-0.789566596143695,0.0989040612367986));
#10080=CARTESIAN_POINT('',(3.21105155664183,1.04634358140119,0.731714060505965));
#10081=CARTESIAN_POINT('',(-3.061515884556E-17,-1.03682310160738,0.));
#10082=CARTESIAN_POINT('',(-0.0700000000000001,-1.03682310160738,0.));
#10083=CARTESIAN_POINT('',(-3.061515884556E-17,-1.03682310160738,0.));
#10084=CARTESIAN_POINT('',(0.,-1.03682310160738,0.));
#10085=CARTESIAN_POINT('',(0.03,-1.03682310160738,-1.83697019872103E-18));
#10086=CARTESIAN_POINT('',(-3.061515884556E-17,-1.03682310160738,-0.045));
#10087=CARTESIAN_POINT('',(0.,-1.01682310160738,0.));
#10088=CARTESIAN_POINT('',(0.,-1.01682310160738,-0.03));
#10089=CARTESIAN_POINT('',(-3.061515884556E-17,-1.01682310160738,-0.055794280266039));
#10090=CARTESIAN_POINT('',(-3.061515884556E-17,-0.811774528928398,0.));
#10091=CARTESIAN_POINT('',(-3.061515884556E-17,-0.811774528928398,0.));
#10092=CARTESIAN_POINT('',(-3.061515884556E-17,-0.811774528928398,0.));
#10093=CARTESIAN_POINT('',(-3.061515884556E-17,-0.811774528928398,0.));
#10094=CARTESIAN_POINT('',(-3.061515884556E-17,-0.704424528928398,0.));
#10095=CARTESIAN_POINT('',(-3.061515884556E-17,-0.811774528928398,0.));
#10096=CARTESIAN_POINT('',(-3.061515884556E-17,-0.811774528928398,-0.0700000000000002));
#10097=CARTESIAN_POINT('',(-3.061515884556E-17,-0.704424528928398,0.));
#10098=CARTESIAN_POINT('',(0.210347062693855,-0.704424528928398,0.));
#10099=CARTESIAN_POINT('',(0.160891273304655,-0.828234528928398,-0.068840381858374));
#10100=CARTESIAN_POINT('',(0.011665,-0.828234528928398,0.069021212500216));
#10101=CARTESIAN_POINT('',(-0.020828117156754,-0.828234528928398,0.173756120858244));
#10102=CARTESIAN_POINT('',(-0.0656066234251913,-0.828234528928398,-0.0244084199149631));
#10103=CARTESIAN_POINT('',(0.140063156147901,-0.828234528928398,-0.104915738999869));
#10104=CARTESIAN_POINT('',(-0.0539416234251913,-0.828234528928398,-0.0446127925852531));
#10105=CARTESIAN_POINT('',(-3.061515884556E-17,-0.784724528928398,0.));
#10106=CARTESIAN_POINT('',(-3.061515884556E-17,-0.784724528928398,0.));
#10107=CARTESIAN_POINT('',(-3.061515884556E-17,-0.784724528928398,0.));
#10108=CARTESIAN_POINT('',(-3.061515884556E-17,-0.704424528928398,0.));
#10109=CARTESIAN_POINT('',(-3.061515884556E-17,-0.704424528928398,0.));
#10110=CARTESIAN_POINT('',(0.210347062693855,-0.704424528928398,0.));
#10111=CARTESIAN_POINT('',(0.210347062693855,-0.704424528928398,0.));
#10112=CARTESIAN_POINT('',(2.02145180503834E-16,-0.505,0.52));
#10113=CARTESIAN_POINT('',(1.97149176893021E-16,-0.581110727964793,0.52));
#10114=CARTESIAN_POINT('',(2.0769629562696E-16,-0.593055363982396,0.41));
#10115=CARTESIAN_POINT('',(2.50994993587341E-16,-0.605,0.3));
#10116=CARTESIAN_POINT('',(-0.00654498469497854,-0.505,0.52));
#10117=CARTESIAN_POINT('',(-0.00654498469497854,-0.581110738420714,0.52));
#10118=CARTESIAN_POINT('',(-0.00897064770160324,-0.593055369210357,0.41));
#10119=CARTESIAN_POINT('',(-0.0113963107082279,-0.605,0.3));
#10120=CARTESIAN_POINT('',(-0.0130898075523131,-0.505,0.519355391212057));
#10121=CARTESIAN_POINT('',(-0.0130898075523131,-0.580899347091706,0.519355391212057));
#10122=CARTESIAN_POINT('',(-0.0179410735862646,-0.592804636568566,0.409677695606029));
#10123=CARTESIAN_POINT('',(-0.0227923396202161,-0.604709926045425,0.3));
#10124=CARTESIAN_POINT('',(-0.0259282568509123,-0.505,0.516801664868589));
#10125=CARTESIAN_POINT('',(-0.0259282568509123,-0.580061716272261,0.516801664868589));
#10126=CARTESIAN_POINT('',(-0.0355376320290961,-0.591811232731563,0.408400832434295));
#10127=CARTESIAN_POINT('',(-0.0451470072072799,-0.603560749190865,0.3));
#10128=CARTESIAN_POINT('',(-0.0322215658362183,-0.505,0.51489261045898));
#10129=CARTESIAN_POINT('',(-0.0322215658362183,-0.579435487494853,0.51489261045898));
#10130=CARTESIAN_POINT('',(-0.0441633294776827,-0.591068581100697,0.40744630522949));
#10131=CARTESIAN_POINT('',(-0.056105093119147,-0.602701674706541,0.3));
#10132=CARTESIAN_POINT('',(-0.0443151206367993,-0.505,0.509883296043277));
#10133=CARTESIAN_POINT('',(-0.0443151206367993,-0.577791566533588,0.509883296043277));
#10134=CARTESIAN_POINT('',(-0.0607389250874444,-0.589119524876531,0.404941648021639));
#10135=CARTESIAN_POINT('',(-0.0771627295380894,-0.600447483219475,0.3));
#10136=CARTESIAN_POINT('',(-0.0501150674150999,-0.505,0.506783159902354));
#10137=CARTESIAN_POINT('',(-0.0501150674150999,-0.576773915932598,0.506783159902354));
#10138=CARTESIAN_POINT('',(-0.0686884133843538,-0.587913168944329,0.403391579951177));
#10139=CARTESIAN_POINT('',(-0.0872617593536077,-0.599052421956059,0.3));
#10140=CARTESIAN_POINT('',(-0.06099897918882,-0.505,0.499510762558156));
#10141=CARTESIAN_POINT('',(-0.06099897918882,-0.57438513588994,0.499510762558156));
#10142=CARTESIAN_POINT('',(-0.0836060553174637,-0.585082489520555,0.399755381279078));
#10143=CARTESIAN_POINT('',(-0.106213131446108,-0.59577984315117,0.3));
#10144=CARTESIAN_POINT('',(-0.0660826750580729,-0.505,0.495338681179237));
#10145=CARTESIAN_POINT('',(-0.0660826750580729,-0.573014066950178,0.495338681179237));
#10146=CARTESIAN_POINT('',(-0.0905738400855704,-0.583458236740417,0.397669340589618));
#10147=CARTESIAN_POINT('',(-0.115065005113068,-0.593902406530656,0.3));
#10148=CARTESIAN_POINT('',(-0.0753386811792362,-0.505,0.486082675058073));
#10149=CARTESIAN_POINT('',(-0.0753386811792362,-0.569969494346125,0.486082675058073));
#10150=CARTESIAN_POINT('',(-0.103260251728449,-0.579853349061129,0.393041337529037));
#10151=CARTESIAN_POINT('',(-0.131181822277662,-0.589737203776133,0.3));
#10152=CARTESIAN_POINT('',(-0.0795107625581553,-0.505,0.48099897918882));
#10153=CARTESIAN_POINT('',(-0.0795107625581553,-0.568296067887126,0.48099897918882));
#10154=CARTESIAN_POINT('',(-0.108978564906693,-0.577872804261048,0.39049948959441));
#10155=CARTESIAN_POINT('',(-0.138446367255231,-0.587449540634969,0.3));
#10156=CARTESIAN_POINT('',(-0.0867831599023534,-0.505,0.4701150674151));
#10157=CARTESIAN_POINT('',(-0.0867831599023534,-0.564708835212973,0.4701150674151));
#10158=CARTESIAN_POINT('',(-0.118946214574526,-0.573630307774884,0.38505753370755));
#10159=CARTESIAN_POINT('',(-0.1511092692467,-0.582551780336795,0.3));
#10160=CARTESIAN_POINT('',(-0.089883296043277,-0.505,0.4643151206368));
#10161=CARTESIAN_POINT('',(-0.089883296043277,-0.562795238853229,0.4643151206368));
#10162=CARTESIAN_POINT('',(-0.123195304594335,-0.571368521569894,0.3821575603184));
#10163=CARTESIAN_POINT('',(-0.156507313145393,-0.57994180428656,0.3));
#10164=CARTESIAN_POINT('',(-0.0948926104589799,-0.505,0.452221565836219));
#10165=CARTESIAN_POINT('',(-0.0948926104589799,-0.558797755102646,0.452221565836219));
#10166=CARTESIAN_POINT('',(-0.13006114110031,-0.566648729864472,0.376110782918109));
#10167=CARTESIAN_POINT('',(-0.16522967174164,-0.574499704626298,0.3));
#10168=CARTESIAN_POINT('',(-0.0968016648685888,-0.505,0.445928256850912));
#10169=CARTESIAN_POINT('',(-0.0968016648685888,-0.556714048816121,0.445928256850912));
#10170=CARTESIAN_POINT('',(-0.132677717815139,-0.564190882199516,0.372964128425456));
#10171=CARTESIAN_POINT('',(-0.16855377076169,-0.571667715582911,0.3));
#10172=CARTESIAN_POINT('',(-0.0993553912120569,-0.505,0.433089807552313));
#10173=CARTESIAN_POINT('',(-0.0993553912120569,-0.552453770069166,0.433089807552313));
#10174=CARTESIAN_POINT('',(-0.136177890912737,-0.559172091733854,0.366544903776157));
#10175=CARTESIAN_POINT('',(-0.173000390613418,-0.565890413398541,0.3));
#10176=CARTESIAN_POINT('',(-0.0999999999999998,-0.505,0.426544984694979));
#10177=CARTESIAN_POINT('',(-0.0999999999999998,-0.550277197608737,0.426544984694979));
#10178=CARTESIAN_POINT('',(-0.137061400746829,-0.556611220360738,0.36327249234749));
#10179=CARTESIAN_POINT('',(-0.174122801493658,-0.56294524311274,0.3));
#10180=CARTESIAN_POINT('',(-0.0999999999999998,-0.505,0.413455015305021));
#10181=CARTESIAN_POINT('',(-0.0999999999999998,-0.545908249162536,0.413455015305021));
#10182=CARTESIAN_POINT('',(-0.137061400746829,-0.551481503024898,0.356727507652511));
#10183=CARTESIAN_POINT('',(-0.174122801493658,-0.557054756887259,0.3));
#10184=CARTESIAN_POINT('',(-0.0993553912120569,-0.505,0.406910192447687));
#10185=CARTESIAN_POINT('',(-0.0993553912120569,-0.543716737063685,0.406910192447687));
#10186=CARTESIAN_POINT('',(-0.136177890912738,-0.548913161832572,0.353455096223844));
#10187=CARTESIAN_POINT('',(-0.173000390613418,-0.554109586601459,0.3));
#10188=CARTESIAN_POINT('',(-0.0968016648685888,-0.505,0.394071743149088));
#10189=CARTESIAN_POINT('',(-0.0968016648685888,-0.539396747911716,0.394071743149088));
#10190=CARTESIAN_POINT('',(-0.132677717815139,-0.543864516164403,0.347035871574544));
#10191=CARTESIAN_POINT('',(-0.16855377076169,-0.548332284417089,0.3));
#10192=CARTESIAN_POINT('',(-0.0948926104589799,-0.505,0.387778434163782));
#10193=CARTESIAN_POINT('',(-0.0948926104589799,-0.537268498828371,0.387778434163782));
#10194=CARTESIAN_POINT('',(-0.13006114110031,-0.541384397101036,0.343889217081891));
#10195=CARTESIAN_POINT('',(-0.16522967174164,-0.545500295373702,0.3));
#10196=CARTESIAN_POINT('',(-0.089883296043277,-0.505,0.375684879363201));
#10197=CARTESIAN_POINT('',(-0.089883296043277,-0.533149725095006,0.375684879363201));
#10198=CARTESIAN_POINT('',(-0.123195304594335,-0.536603960404223,0.3378424396816));
#10199=CARTESIAN_POINT('',(-0.156507313145393,-0.54005819571344,0.3));
#10200=CARTESIAN_POINT('',(-0.0867831599023534,-0.505,0.3698849325849));
#10201=CARTESIAN_POINT('',(-0.0867831599023534,-0.531159257637563,0.3698849325849));
#10202=CARTESIAN_POINT('',(-0.118946214574526,-0.534303738650384,0.33494246629245));
#10203=CARTESIAN_POINT('',(-0.1511092692467,-0.537448219663205,0.3));
#10204=CARTESIAN_POINT('',(-0.0795107625581552,-0.505,0.35900102081118));
#10205=CARTESIAN_POINT('',(-0.0795107625581552,-0.527384072903841,0.35900102081118));
#10206=CARTESIAN_POINT('',(-0.108978564906693,-0.529967266134436,0.32950051040559));
#10207=CARTESIAN_POINT('',(-0.138446367255231,-0.532550459365031,0.3));
#10208=CARTESIAN_POINT('',(-0.0753386811792361,-0.505,0.353917324941927));
#10209=CARTESIAN_POINT('',(-0.0753386811792361,-0.525599319925008,0.353917324941927));
#10210=CARTESIAN_POINT('',(-0.103260251728449,-0.527931058074438,0.326958662470964));
#10211=CARTESIAN_POINT('',(-0.131181822277662,-0.530262796223867,0.3));
#10212=CARTESIAN_POINT('',(-0.0660826750580729,-0.505,0.344661318820764));
#10213=CARTESIAN_POINT('',(-0.0660826750580729,-0.522295585351237,0.344661318820764));
#10214=CARTESIAN_POINT('',(-0.0905738400855704,-0.52419658941029,0.322330659410382));
#10215=CARTESIAN_POINT('',(-0.115065005113068,-0.526097593469344,0.3));
#10216=CARTESIAN_POINT('',(-0.06099897918882,-0.505,0.340489237441845));
#10217=CARTESIAN_POINT('',(-0.06099897918882,-0.520776291770205,0.340489237441845));
#10218=CARTESIAN_POINT('',(-0.0836060553174637,-0.522498224309518,0.320244618720922));
#10219=CARTESIAN_POINT('',(-0.106213131446108,-0.52422015684883,0.3));
#10220=CARTESIAN_POINT('',(-0.0528360453585299,-0.505,0.335034939433696));
#10221=CARTESIAN_POINT('',(-0.0528360453585299,-0.518736615828199,0.335034939433696));
#10222=CARTESIAN_POINT('',(-0.0724178238676313,-0.520251169286681,0.317517469716848));
#10223=CARTESIAN_POINT('',(-0.0919996023767327,-0.521765722745163,0.3));
#10224=CARTESIAN_POINT('',(-0.0500255696922397,-0.505,0.33335085573044));
#10225=CARTESIAN_POINT('',(-0.0500255696922397,-0.518096540261525,0.33335085573044));
#10226=CARTESIAN_POINT('',(-0.0685657465517652,-0.519552212670111,0.31667542786522));
#10227=CARTESIAN_POINT('',(-0.0871059234112907,-0.521007885078698,0.3));
#10228=CARTESIAN_POINT('',(-0.0442534129813018,-0.505,0.330265573689991));
#10229=CARTESIAN_POINT('',(-0.0442534129813018,-0.516902621681673,0.330265573689991));
#10230=CARTESIAN_POINT('',(-0.0606543477104515,-0.518261064921084,0.315132786844995));
#10231=CARTESIAN_POINT('',(-0.0770552824396013,-0.519619508160496,0.3));
#10232=CARTESIAN_POINT('',(-0.0412917319366541,-0.505,0.328864375352797));
#10233=CARTESIAN_POINT('',(-0.0412917319366541,-0.51634866332376,0.328864375352797));
#10234=CARTESIAN_POINT('',(-0.056595026185004,-0.517668816116259,0.314432187676399));
#10235=CARTESIAN_POINT('',(-0.0718983204333539,-0.518988968908759,0.3));
#10236=CARTESIAN_POINT('',(-0.0352449545363636,-0.505,0.326359718144946));
#10237=CARTESIAN_POINT('',(-0.0352449545363636,-0.515335227102001,0.326359718144946));
#10238=CARTESIAN_POINT('',(-0.0483072283801231,-0.516598550133613,0.313179859072473));
#10239=CARTESIAN_POINT('',(-0.0613695022238827,-0.517861873165225,0.3));
#10240=CARTESIAN_POINT('',(-0.0321599329399644,-0.505,0.325256290240581));
#10241=CARTESIAN_POINT('',(-0.0321599329399644,-0.514875608520989,0.325256290240581));
#10242=CARTESIAN_POINT('',(-0.0440788545667562,-0.516120469564625,0.31262814512029));
#10243=CARTESIAN_POINT('',(-0.0559977761935481,-0.517365330608261,0.3));
#10244=CARTESIAN_POINT('',(-0.0258967779349138,-0.505,0.32335638294088));
#10245=CARTESIAN_POINT('',(-0.0258967779349138,-0.51406144235404,0.32335638294088));
#10246=CARTESIAN_POINT('',(-0.0354944865858888,-0.515285907338718,0.31167819147044));
#10247=CARTESIAN_POINT('',(-0.0450921952368638,-0.516510372323396,0.3));
#10248=CARTESIAN_POINT('',(-0.0227186445262624,-0.505,0.322559903545544));
#10249=CARTESIAN_POINT('',(-0.0227186445262624,-0.513706717088717,0.322559903545544));
#10250=CARTESIAN_POINT('',(-0.0311384924183882,-0.514929336842106,0.311279951772772));
#10251=CARTESIAN_POINT('',(-0.0395583403105141,-0.516151956595495,0.3));
#10252=CARTESIAN_POINT('',(-0.0162994198769628,-0.505,0.32128304037381));
#10253=CARTESIAN_POINT('',(-0.0162994198769628,-0.513120224158923,0.32128304037381));
#10254=CARTESIAN_POINT('',(-0.0223402131969724,-0.514348796163569,0.310641520186905));
#10255=CARTESIAN_POINT('',(-0.0283810065169821,-0.515577368168214,0.3));
#10256=CARTESIAN_POINT('',(-0.0130584080003043,-0.505,0.320802672383891));
#10257=CARTESIAN_POINT('',(-0.0130584080003042,-0.512888794407362,0.320802672383891));
#10258=CARTESIAN_POINT('',(-0.0178980369204532,-0.514124998490056,0.310401336191945));
#10259=CARTESIAN_POINT('',(-0.0227376658406021,-0.515361202572751,0.3));
#10260=CARTESIAN_POINT('',(-0.00654494423556745,-0.505,0.320161152196986));
#10261=CARTESIAN_POINT('',(-0.00654494423556745,-0.512573318840962,0.320161152196986));
#10262=CARTESIAN_POINT('',(-0.00897059224736773,-0.513822918664803,0.310080576098493));
#10263=CARTESIAN_POINT('',(-0.011396240259168,-0.515072518488644,0.3));
#10264=CARTESIAN_POINT('',(-0.00327249234748916,-0.505,0.32));
#10265=CARTESIAN_POINT('',(-0.00327249234748916,-0.512490474250606,0.32));
#10266=CARTESIAN_POINT('',(-0.00448532385080153,-0.513745237125303,0.31));
#10267=CARTESIAN_POINT('',(-0.00569815535411391,-0.515,0.3));
#10268=CARTESIAN_POINT('',(0.00327249234748958,-0.505,0.32));
#10269=CARTESIAN_POINT('',(0.00327249234748958,-0.512490949719393,0.32));
#10270=CARTESIAN_POINT('',(0.00448532385080191,-0.513745474859697,0.31));
#10271=CARTESIAN_POINT('',(0.00569815535411426,-0.515,0.3));
#10272=CARTESIAN_POINT('',(0.0065449442355679,-0.505,0.320161152196986));
#10273=CARTESIAN_POINT('',(0.0065449442355679,-0.512573318840962,0.320161152196986));
#10274=CARTESIAN_POINT('',(0.0089705922473681,-0.513822918664803,0.310080576098493));
#10275=CARTESIAN_POINT('',(0.0113962402591683,-0.515072518488644,0.3));
#10276=CARTESIAN_POINT('',(0.0130584080003047,-0.505,0.320802672383891));
#10277=CARTESIAN_POINT('',(0.0130584080003047,-0.512888794407362,0.320802672383891));
#10278=CARTESIAN_POINT('',(0.0178980369204535,-0.514124998490056,0.310401336191945));
#10279=CARTESIAN_POINT('',(0.0227376658406024,-0.515361202572751,0.3));
#10280=CARTESIAN_POINT('',(0.0162994198769633,-0.505,0.32128304037381));
#10281=CARTESIAN_POINT('',(0.0162994198769633,-0.513120224158923,0.32128304037381));
#10282=CARTESIAN_POINT('',(0.0223402131969728,-0.514348796163569,0.310641520186905));
#10283=CARTESIAN_POINT('',(0.0283810065169823,-0.515577368168214,0.3));
#10284=CARTESIAN_POINT('',(0.0227186445262628,-0.505,0.322559903545544));
#10285=CARTESIAN_POINT('',(0.0227186445262628,-0.513706717088717,0.322559903545544));
#10286=CARTESIAN_POINT('',(0.0311384924183885,-0.514929336842106,0.311279951772772));
#10287=CARTESIAN_POINT('',(0.0395583403105142,-0.516151956595495,0.3));
#10288=CARTESIAN_POINT('',(0.0258967779349143,-0.505,0.32335638294088));
#10289=CARTESIAN_POINT('',(0.0258967779349143,-0.51406144235404,0.32335638294088));
#10290=CARTESIAN_POINT('',(0.0354944865858891,-0.515285907338718,0.31167819147044));
#10291=CARTESIAN_POINT('',(0.045092195236864,-0.516510372323396,0.3));
#10292=CARTESIAN_POINT('',(0.0321599329399648,-0.505,0.325256290240581));
#10293=CARTESIAN_POINT('',(0.0321599329399648,-0.514875608520989,0.325256290240581));
#10294=CARTESIAN_POINT('',(0.0440788545667566,-0.516120469564625,0.31262814512029));
#10295=CARTESIAN_POINT('',(0.0559977761935484,-0.517365330608261,0.3));
#10296=CARTESIAN_POINT('',(0.0352449545363639,-0.505,0.326359718144946));
#10297=CARTESIAN_POINT('',(0.0352449545363639,-0.515335227102001,0.326359718144946));
#10298=CARTESIAN_POINT('',(0.0483072283801235,-0.516598550133613,0.313179859072473));
#10299=CARTESIAN_POINT('',(0.0613695022238831,-0.517861873165225,0.3));
#10300=CARTESIAN_POINT('',(0.0412917319366544,-0.505,0.328864375352797));
#10301=CARTESIAN_POINT('',(0.0412917319366544,-0.51634866332376,0.328864375352797));
#10302=CARTESIAN_POINT('',(0.0565950261850043,-0.517668816116259,0.314432187676399));
#10303=CARTESIAN_POINT('',(0.0718983204333543,-0.518988968908759,0.3));
#10304=CARTESIAN_POINT('',(0.0442534129813022,-0.505,0.330265573689991));
#10305=CARTESIAN_POINT('',(0.0442534129813022,-0.516902621681673,0.330265573689991));
#10306=CARTESIAN_POINT('',(0.0606543477104519,-0.518261064921084,0.315132786844995));
#10307=CARTESIAN_POINT('',(0.0770552824396016,-0.519619508160496,0.3));
#10308=CARTESIAN_POINT('',(0.0500255696922402,-0.505,0.33335085573044));
#10309=CARTESIAN_POINT('',(0.0500255696922402,-0.518096540261524,0.33335085573044));
#10310=CARTESIAN_POINT('',(0.0685657465517656,-0.519552212670111,0.31667542786522));
#10311=CARTESIAN_POINT('',(0.087105923411291,-0.521007885078698,0.3));
#10312=CARTESIAN_POINT('',(0.0528360453585304,-0.505,0.335034939433696));
#10313=CARTESIAN_POINT('',(0.0528360453585304,-0.518736615828199,0.335034939433696));
#10314=CARTESIAN_POINT('',(0.0724178238676317,-0.520251169286681,0.317517469716848));
#10315=CARTESIAN_POINT('',(0.091999602376733,-0.521765722745163,0.3));
#10316=CARTESIAN_POINT('',(0.0609989791888205,-0.505,0.340489237441845));
#10317=CARTESIAN_POINT('',(0.0609989791888205,-0.520776291770205,0.340489237441845));
#10318=CARTESIAN_POINT('',(0.0836060553174641,-0.522498224309518,0.320244618720922));
#10319=CARTESIAN_POINT('',(0.106213131446107,-0.52422015684883,0.3));
#10320=CARTESIAN_POINT('',(0.0660826750580733,-0.505,0.344661318820764));
#10321=CARTESIAN_POINT('',(0.0660826750580733,-0.522295585351237,0.344661318820764));
#10322=CARTESIAN_POINT('',(0.0905738400855708,-0.52419658941029,0.322330659410382));
#10323=CARTESIAN_POINT('',(0.115065005113068,-0.526097593469344,0.3));
#10324=CARTESIAN_POINT('',(0.0753386811792366,-0.505,0.353917324941927));
#10325=CARTESIAN_POINT('',(0.0753386811792366,-0.525599319925008,0.353917324941927));
#10326=CARTESIAN_POINT('',(0.103260251728449,-0.527931058074438,0.326958662470964));
#10327=CARTESIAN_POINT('',(0.131181822277662,-0.530262796223867,0.3));
#10328=CARTESIAN_POINT('',(0.0795107625581557,-0.505,0.35900102081118));
#10329=CARTESIAN_POINT('',(0.0795107625581557,-0.527384072903841,0.35900102081118));
#10330=CARTESIAN_POINT('',(0.108978564906693,-0.529967266134436,0.32950051040559));
#10331=CARTESIAN_POINT('',(0.138446367255231,-0.532550459365031,0.3));
#10332=CARTESIAN_POINT('',(0.0867831599023538,-0.505,0.3698849325849));
#10333=CARTESIAN_POINT('',(0.0867831599023538,-0.531159257637563,0.3698849325849));
#10334=CARTESIAN_POINT('',(0.118946214574526,-0.534303738650384,0.33494246629245));
#10335=CARTESIAN_POINT('',(0.1511092692467,-0.537448219663205,0.3));
#10336=CARTESIAN_POINT('',(0.0898832960432774,-0.505,0.375684879363201));
#10337=CARTESIAN_POINT('',(0.0898832960432774,-0.533149725095006,0.375684879363201));
#10338=CARTESIAN_POINT('',(0.123195304594335,-0.536603960404223,0.3378424396816));
#10339=CARTESIAN_POINT('',(0.156507313145393,-0.54005819571344,0.3));
#10340=CARTESIAN_POINT('',(0.0948926104589803,-0.505,0.387778434163782));
#10341=CARTESIAN_POINT('',(0.0948926104589803,-0.537268498828371,0.387778434163782));
#10342=CARTESIAN_POINT('',(0.13006114110031,-0.541384397101036,0.343889217081891));
#10343=CARTESIAN_POINT('',(0.16522967174164,-0.545500295373701,0.3));
#10344=CARTESIAN_POINT('',(0.0968016648685892,-0.505,0.394071743149088));
#10345=CARTESIAN_POINT('',(0.0968016648685892,-0.539396747911716,0.394071743149088));
#10346=CARTESIAN_POINT('',(0.132677717815139,-0.543864516164403,0.347035871574544));
#10347=CARTESIAN_POINT('',(0.16855377076169,-0.548332284417089,0.3));
#10348=CARTESIAN_POINT('',(0.0993553912120573,-0.505,0.406910192447687));
#10349=CARTESIAN_POINT('',(0.0993553912120573,-0.543716737063685,0.406910192447687));
#10350=CARTESIAN_POINT('',(0.136177890912737,-0.548913161832572,0.353455096223844));
#10351=CARTESIAN_POINT('',(0.173000390613418,-0.554109586601459,0.3));
#10352=CARTESIAN_POINT('',(0.1,-0.505,0.413455015305021));
#10353=CARTESIAN_POINT('',(0.1,-0.545908249162536,0.413455015305021));
#10354=CARTESIAN_POINT('',(0.137061400746829,-0.551481503024898,0.356727507652511));
#10355=CARTESIAN_POINT('',(0.174122801493658,-0.557054756887259,0.3));
#10356=CARTESIAN_POINT('',(0.1,-0.505,0.426544984694979));
#10357=CARTESIAN_POINT('',(0.1,-0.550277197608737,0.426544984694979));
#10358=CARTESIAN_POINT('',(0.137061400746829,-0.556611220360738,0.36327249234749));
#10359=CARTESIAN_POINT('',(0.174122801493658,-0.56294524311274,0.3));
#10360=CARTESIAN_POINT('',(0.0993553912120573,-0.505,0.433089807552313));
#10361=CARTESIAN_POINT('',(0.0993553912120573,-0.552453770069166,0.433089807552313));
#10362=CARTESIAN_POINT('',(0.136177890912737,-0.559172091733854,0.366544903776157));
#10363=CARTESIAN_POINT('',(0.173000390613418,-0.565890413398541,0.3));
#10364=CARTESIAN_POINT('',(0.0968016648685892,-0.505,0.445928256850913));
#10365=CARTESIAN_POINT('',(0.0968016648685892,-0.556714048816121,0.445928256850913));
#10366=CARTESIAN_POINT('',(0.132677717815139,-0.564190882199516,0.372964128425456));
#10367=CARTESIAN_POINT('',(0.16855377076169,-0.57166771558291,0.3));
#10368=CARTESIAN_POINT('',(0.0948926104589803,-0.505,0.452221565836219));
#10369=CARTESIAN_POINT('',(0.0948926104589803,-0.558797755102646,0.452221565836219));
#10370=CARTESIAN_POINT('',(0.13006114110031,-0.566648729864472,0.376110782918109));
#10371=CARTESIAN_POINT('',(0.16522967174164,-0.574499704626298,0.3));
#10372=CARTESIAN_POINT('',(0.0898832960432774,-0.505,0.4643151206368));
#10373=CARTESIAN_POINT('',(0.0898832960432774,-0.562795238853229,0.4643151206368));
#10374=CARTESIAN_POINT('',(0.123195304594335,-0.571368521569894,0.3821575603184));
#10375=CARTESIAN_POINT('',(0.156507313145393,-0.57994180428656,0.3));
#10376=CARTESIAN_POINT('',(0.0867831599023538,-0.505,0.4701150674151));
#10377=CARTESIAN_POINT('',(0.0867831599023538,-0.564708835212973,0.4701150674151));
#10378=CARTESIAN_POINT('',(0.118946214574526,-0.573630307774884,0.38505753370755));
#10379=CARTESIAN_POINT('',(0.1511092692467,-0.582551780336795,0.3));
#10380=CARTESIAN_POINT('',(0.0795107625581556,-0.505,0.48099897918882));
#10381=CARTESIAN_POINT('',(0.0795107625581556,-0.568296067887126,0.48099897918882));
#10382=CARTESIAN_POINT('',(0.108978564906693,-0.577872804261048,0.39049948959441));
#10383=CARTESIAN_POINT('',(0.138446367255231,-0.587449540634969,0.3));
#10384=CARTESIAN_POINT('',(0.0753386811792366,-0.505,0.486082675058073));
#10385=CARTESIAN_POINT('',(0.0753386811792366,-0.569969494346125,0.486082675058073));
#10386=CARTESIAN_POINT('',(0.103260251728449,-0.579853349061129,0.393041337529037));
#10387=CARTESIAN_POINT('',(0.131181822277662,-0.589737203776133,0.3));
#10388=CARTESIAN_POINT('',(0.0660826750580733,-0.505,0.495338681179237));
#10389=CARTESIAN_POINT('',(0.0660826750580733,-0.573014066950178,0.495338681179237));
#10390=CARTESIAN_POINT('',(0.0905738400855708,-0.583458236740417,0.397669340589618));
#10391=CARTESIAN_POINT('',(0.115065005113068,-0.593902406530656,0.3));
#10392=CARTESIAN_POINT('',(0.0609989791888205,-0.505,0.499510762558156));
#10393=CARTESIAN_POINT('',(0.0609989791888205,-0.57438513588994,0.499510762558156));
#10394=CARTESIAN_POINT('',(0.0836060553174642,-0.585082489520555,0.399755381279078));
#10395=CARTESIAN_POINT('',(0.106213131446108,-0.59577984315117,0.3));
#10396=CARTESIAN_POINT('',(0.0501150674151004,-0.505,0.506783159902354));
#10397=CARTESIAN_POINT('',(0.0501150674151004,-0.576773915932598,0.506783159902354));
#10398=CARTESIAN_POINT('',(0.0686884133843543,-0.587913168944329,0.403391579951177));
#10399=CARTESIAN_POINT('',(0.0872617593536083,-0.599052421956059,0.3));
#10400=CARTESIAN_POINT('',(0.0443151206367997,-0.505,0.509883296043277));
#10401=CARTESIAN_POINT('',(0.0443151206367997,-0.577791566533588,0.509883296043277));
#10402=CARTESIAN_POINT('',(0.0607389250874447,-0.589119524876531,0.404941648021639));
#10403=CARTESIAN_POINT('',(0.0771627295380897,-0.600447483219475,0.3));
#10404=CARTESIAN_POINT('',(0.0322215658362187,-0.505,0.51489261045898));
#10405=CARTESIAN_POINT('',(0.0322215658362187,-0.579435487494853,0.51489261045898));
#10406=CARTESIAN_POINT('',(0.044163329477683,-0.591068581100697,0.40744630522949));
#10407=CARTESIAN_POINT('',(0.0561050931191473,-0.602701674706541,0.3));
#10408=CARTESIAN_POINT('',(0.0259282568509126,-0.505,0.516801664868589));
#10409=CARTESIAN_POINT('',(0.0259282568509126,-0.580061716272261,0.516801664868589));
#10410=CARTESIAN_POINT('',(0.0355376320290964,-0.591811232731563,0.408400832434295));
#10411=CARTESIAN_POINT('',(0.0451470072072802,-0.603560749190865,0.3));
#10412=CARTESIAN_POINT('',(0.0130898075523134,-0.505,0.519355391212057));
#10413=CARTESIAN_POINT('',(0.0130898075523134,-0.580899347091706,0.519355391212057));
#10414=CARTESIAN_POINT('',(0.0179410735862649,-0.592804636568566,0.409677695606029));
#10415=CARTESIAN_POINT('',(0.0227923396202164,-0.604709926045425,0.3));
#10416=CARTESIAN_POINT('',(0.00654498469497894,-0.505,0.52));
#10417=CARTESIAN_POINT('',(0.00654498469497893,-0.581110717508872,0.52));
#10418=CARTESIAN_POINT('',(0.00897064770160366,-0.593055358754436,0.41));
#10419=CARTESIAN_POINT('',(0.0113963107082284,-0.605,0.3));
#10420=CARTESIAN_POINT('',(2.02145180503834E-16,-0.505,0.52));
#10421=CARTESIAN_POINT('',(1.97149176893021E-16,-0.581110727964793,0.52));
#10422=CARTESIAN_POINT('',(2.0769629562696E-16,-0.593055363982396,0.41));
#10423=CARTESIAN_POINT('',(2.50994993587341E-16,-0.605,0.3));
#10424=CARTESIAN_POINT('',(2.32725103072858E-16,-0.162832891616652,0.42));
#10425=CARTESIAN_POINT('',(2.32725103072858E-16,-0.162832891616652,0.244999999999999));
#10426=CARTESIAN_POINT('',(0.,-0.162832891616652,0.603000000000001));
#10427=CARTESIAN_POINT('',(2.32725103072858E-16,-0.152832891616652,0.42));
#10428=CARTESIAN_POINT('',(2.32725103072858E-16,-0.152832891616652,0.244999999999999));
#10429=CARTESIAN_POINT('',(2.32725103072858E-16,-0.459369136889803,0.42));
#10430=CARTESIAN_POINT('',(0.,-0.152832891616652,0.595000000000001));
#10431=CARTESIAN_POINT('',(2.32725103072858E-16,-0.236233639495869,0.42));
#10432=CARTESIAN_POINT('',(2.32725103072858E-16,-0.236233639495869,0.245));
#10433=CARTESIAN_POINT('',(0.,-0.236233639495869,0.603));
#10434=CARTESIAN_POINT('',(2.32725103072858E-16,-0.226233639495869,0.42));
#10435=CARTESIAN_POINT('',(2.32725103072858E-16,-0.226233639495869,0.245));
#10436=CARTESIAN_POINT('',(2.32725103072858E-16,-0.459369136889803,0.42));
#10437=CARTESIAN_POINT('',(0.,-0.226233639495869,0.595000000000001));
#10438=CARTESIAN_POINT('',(2.32725103072858E-16,-0.344233639495868,0.42));
#10439=CARTESIAN_POINT('',(2.32725103072858E-16,-0.344233639495868,0.595));
#10440=CARTESIAN_POINT('',(2.32725103072858E-16,-0.338233639495868,0.42));
#10441=CARTESIAN_POINT('',(2.32725103072858E-16,-0.338233639495868,0.245));
#10442=CARTESIAN_POINT('',(2.32725103072858E-16,-0.459369136889803,0.42));
#10443=CARTESIAN_POINT('',(2.32725103072858E-16,-0.346233639495868,0.42));
#10444=CARTESIAN_POINT('',(2.32725103072858E-16,-0.346233639495868,0.597));
#10445=CARTESIAN_POINT('',(0.,-0.346233639495868,0.603));
#10446=CARTESIAN_POINT('',(2.32725103072858E-16,-0.336233639495868,0.42));
#10447=CARTESIAN_POINT('',(2.32725103072858E-16,-0.336233639495868,0.243));
#10448=CARTESIAN_POINT('',(0.,-0.336233639495868,0.595));
#10449=CARTESIAN_POINT('',(2.32725103072858E-16,-0.417634387375085,0.42));
#10450=CARTESIAN_POINT('',(2.32725103072858E-16,-0.417634387375085,0.595));
#10451=CARTESIAN_POINT('',(2.32725103072858E-16,-0.411634387375085,0.42));
#10452=CARTESIAN_POINT('',(2.32725103072858E-16,-0.411634387375085,0.245));
#10453=CARTESIAN_POINT('',(2.32725103072858E-16,-0.459369136889803,0.42));
#10454=CARTESIAN_POINT('',(2.32725103072858E-16,-0.419634387375085,0.42));
#10455=CARTESIAN_POINT('',(2.32725103072858E-16,-0.419634387375085,0.597));
#10456=CARTESIAN_POINT('',(0.,-0.419634387375085,0.603));
#10457=CARTESIAN_POINT('',(2.32725103072858E-16,-0.409634387375085,0.42));
#10458=CARTESIAN_POINT('',(2.32725103072858E-16,-0.409634387375085,0.243));
#10459=CARTESIAN_POINT('',(0.,-0.409634387375085,0.595));
#10460=CARTESIAN_POINT('',(2.32725103072858E-16,-0.417634387375085,0.42));
#10461=CARTESIAN_POINT('',(2.32725103072858E-16,-0.411634387375085,0.42));
#10462=CARTESIAN_POINT('',(2.32725103072858E-16,-0.344233639495868,0.42));
#10463=CARTESIAN_POINT('',(2.32725103072858E-16,-0.338233639495868,0.42));
#10464=CARTESIAN_POINT('',(0.000513986013985999,-0.459369136889803,0.000513986013985988));
#10465=CARTESIAN_POINT('',(0.000513986013985999,-4.70195113820905,0.000513986013985988));
#10466=CARTESIAN_POINT('',(2.045977848836E-16,-0.459369136889803,0.598));
#10467=CARTESIAN_POINT('',(0.000513986013985999,-4.70195113820905,0.000513986013985988));
#10468=CARTESIAN_POINT('',(0.,-0.838823101607382,0.));
#10469=CARTESIAN_POINT('',(-2.81273181892582E-17,-0.94182310160738,0.));
#10470=CARTESIAN_POINT('',(-2.81273181892582E-17,-0.94182310160738,-0.0375));
#10471=CARTESIAN_POINT('',(-2.81273181892582E-17,-0.000459369136889987,
0.));
#10472=CARTESIAN_POINT('',(-3.061515884556E-17,-0.94182310160738,0.));
#10473=CARTESIAN_POINT('',(-3.061515884556E-17,-0.94182310160738,-0.0425));
#10474=CARTESIAN_POINT('',(-3.061515884556E-17,-0.94182310160738,0.0375));
#10475=CARTESIAN_POINT('',(-3.061515884556E-17,-0.811774528928398,0.));
#10476=CARTESIAN_POINT('',(2.3691708706483E-16,0.00732547,0.524537445010153));
#10477=CARTESIAN_POINT('',(2.3691708706483E-16,0.00732547,0.524537445010153));
#10478=CARTESIAN_POINT('',(1.66499999999997,2.98198965520413E-15,-2.30408739683279E-15));
#10479=CARTESIAN_POINT('',(1.39499999999999,1.97064586870965E-15,-2.02962709176657E-15));
#10480=CARTESIAN_POINT('',(0.365000000000001,7.63278329429795E-17,-4.99557622661121E-16));
#10481=CARTESIAN_POINT('',(1.62817547,3.5527136788005E-15,0.));
#10482=MECHANICAL_DESIGN_GEOMETRIC_PRESENTATION_REPRESENTATION('',(#213,
#120,#121,#122,#123,#124,#125,#126,#127,#128,#129,#130,#131,#132,#133,#134,
#135,#136,#137,#138,#139,#140,#141,#142,#143,#144,#145,#146,#147,#148,#149,
#150,#151,#152),#10487);
#10483=MECHANICAL_DESIGN_GEOMETRIC_PRESENTATION_REPRESENTATION('',(#214,
#153,#154,#155,#156,#157,#158,#159,#160,#161,#162,#163,#164,#165,#166,#167,
#168,#169,#170,#171,#172,#173,#174,#175,#176,#177,#178,#179,#180,#181,#182,
#183,#184,#185,#186,#187,#188,#189,#190,#191,#192,#193,#194,#195,#196,#197,
#198,#199,#200,#201,#202,#203,#204,#205,#206,#215,#207,#208,#209,#210),
#10488);
#10484=MECHANICAL_DESIGN_GEOMETRIC_PRESENTATION_REPRESENTATION('',(#216),
#10489);
#10485=MECHANICAL_DESIGN_GEOMETRIC_PRESENTATION_REPRESENTATION('',(#217),
#10490);
#10486=(
GEOMETRIC_REPRESENTATION_CONTEXT(3)
GLOBAL_UNCERTAINTY_ASSIGNED_CONTEXT((#10491))
GLOBAL_UNIT_ASSIGNED_CONTEXT((#10501,#10497,#10496))
REPRESENTATION_CONTEXT('S4-D10000001281159_A001',
'TOP_LEVEL_ASSEMBLY_PART')
);
#10487=(
GEOMETRIC_REPRESENTATION_CONTEXT(3)
GLOBAL_UNCERTAINTY_ASSIGNED_CONTEXT((#10492))
GLOBAL_UNIT_ASSIGNED_CONTEXT((#10501,#10497,#10496))
REPRESENTATION_CONTEXT('Inlet-D10000001281160_A001','COMPONENT_PART')
);
#10488=(
GEOMETRIC_REPRESENTATION_CONTEXT(3)
GLOBAL_UNCERTAINTY_ASSIGNED_CONTEXT((#10493))
GLOBAL_UNIT_ASSIGNED_CONTEXT((#10501,#10497,#10496))
REPRESENTATION_CONTEXT('Sweeps-D10000001281161_A001','COMPONENT_PART')
);
#10489=(
GEOMETRIC_REPRESENTATION_CONTEXT(3)
GLOBAL_UNCERTAINTY_ASSIGNED_CONTEXT((#10494))
GLOBAL_UNIT_ASSIGNED_CONTEXT((#10501,#10497,#10496))
REPRESENTATION_CONTEXT('Sweeps_neg-D10000001281197_A001',
'COMPONENT_PART')
);
#10490=(
GEOMETRIC_REPRESENTATION_CONTEXT(3)
GLOBAL_UNCERTAINTY_ASSIGNED_CONTEXT((#10495))
GLOBAL_UNIT_ASSIGNED_CONTEXT((#10501,#10497,#10496))
REPRESENTATION_CONTEXT('Tip_B-D10000001281163_A001','COMPONENT_PART')
);
#10491=UNCERTAINTY_MEASURE_WITH_UNIT(LENGTH_MEASURE(2.E-5),#10501,
'DISTANCE_ACCURACY_VALUE','Maximum Tolerance applied to model');
#10492=UNCERTAINTY_MEASURE_WITH_UNIT(LENGTH_MEASURE(5.08E-5),#10501,
'DISTANCE_ACCURACY_VALUE','Maximum Tolerance applied to model');
#10493=UNCERTAINTY_MEASURE_WITH_UNIT(LENGTH_MEASURE(5.08E-5),#10501,
'DISTANCE_ACCURACY_VALUE','Maximum Tolerance applied to model');
#10494=UNCERTAINTY_MEASURE_WITH_UNIT(LENGTH_MEASURE(5.08E-5),#10501,
'DISTANCE_ACCURACY_VALUE','Maximum Tolerance applied to model');
#10495=UNCERTAINTY_MEASURE_WITH_UNIT(LENGTH_MEASURE(5.08E-5),#10501,
'DISTANCE_ACCURACY_VALUE','Maximum Tolerance applied to model');
#10496=(
NAMED_UNIT(*)
SI_UNIT($,.STERADIAN.)
SOLID_ANGLE_UNIT()
);
#10497=(
CONVERSION_BASED_UNIT('DEGREE',#10499)
NAMED_UNIT(#10498)
PLANE_ANGLE_UNIT()
);
#10498=DIMENSIONAL_EXPONENTS(0.,0.,0.,0.,0.,0.,0.);
#10499=PLANE_ANGLE_MEASURE_WITH_UNIT(PLANE_ANGLE_MEASURE(0.0174532925),
#10500);
#10500=(
NAMED_UNIT(*)
PLANE_ANGLE_UNIT()
SI_UNIT($,.RADIAN.)
);
#10501=(
LENGTH_UNIT()
NAMED_UNIT(*)
SI_UNIT(.MILLI.,.METRE.)
);
ENDSEC;
END-ISO-10303-21;
